"cell_id","cohort","donor_id","UMAP_1","UMAP_2","final_ISClike_cluster","cluster_color"
"G21_G21_SC_011_GCTCAAAAGGGAGTTC-1","GSE214695","GSE214695_HC2",-7.30926510784145,0.852735718839788,"4","#1DC199"
"G21_G21_SC_015_CTCCTTTTCCTGTAGA-1","GSE214695","GSE214695_HC3",-0.552101165981253,-3.68440590227304,"0","#ED90A4"
"G21_G21_SC_015_GTGTGGCGTCACGACC-1","GSE214695","GSE214695_HC3",3.60429122951512,0.0189011303121083,"8","#E48FD1"
"G21_G21_SC_015_TCAGGTATCTCGTGAA-1","GSE214695","GSE214695_HC3",-3.67865058872219,-4.19282589281259,"4","#1DC199"
"G21_G21_SC_016_GAACGTTGTGTATACC-1","GSE214695","GSE214695_HC4",3.97628477123265,1.10036014591994,"0","#ED90A4"
"G21_G21_SC_017_AGCCAGCAGTGTCATC-1","GSE214695","GSE214695_HC5",-3.3242358872604,-4.78783045137582,"4","#1DC199"
"G21_G21_SC_017_TCAAGTGTCCATTGCC-1","GSE214695","GSE214695_HC5",-3.66732832881923,-2.56666241014657,"4","#1DC199"
"G21_G21_SC_018_TTACAGGCATTCGGGC-1","GSE214695","GSE214695_HC6",3.55370286014561,-0.477976539975978,"8","#E48FD1"
"G21_G21_SC_008_GAGATGGAGGTAAGAG-1","GSE214695","GSE214695_UC1",-0.93765696975704,-4.11719284380136,"1","#DC9E70"
"G21_G21_SC_010_AACCATGAGGTCATCT-1","GSE214695","GSE214695_UC2",-6.22234723064419,0.672597965353154,"6","#6FB1E7"
"G21_G21_SC_010_AGTAGTCTCACGGAGA-1","GSE214695","GSE214695_UC2",-5.69737097713466,1.06199490105452,"6","#6FB1E7"
"G21_G21_SC_010_ATCACGACATTCCTCG-1","GSE214695","GSE214695_UC2",-6.34885165187832,-5.13437996233163,"7","#BB9DEA"
"G21_G21_SC_010_CAGAGCCTCACTGAAC-1","GSE214695","GSE214695_UC2",1.45968535449986,-2.12830911005197,"1","#DC9E70"
"G21_G21_SC_010_CATTGTTTCCCGTGTT-1","GSE214695","GSE214695_UC2",0.41038583126549,-0.200853088743068,"1","#DC9E70"
"G21_G21_SC_010_CTCCATGCAGTCGTTA-1","GSE214695","GSE214695_UC2",-7.42682692501064,-1.09017405832467,"5","#00BFC8"
"G21_G21_SC_010_GCCAACGCAGACCAGA-1","GSE214695","GSE214695_UC2",0.200195913209359,-2.11782059992013,"1","#DC9E70"
"G21_G21_SC_010_GGCGTCAGTGACTATC-1","GSE214695","GSE214695_UC2",-5.03296229335781,1.50096603309455,"7","#BB9DEA"
"G21_G21_SC_010_GTCGTTCTCTCTGGTC-1","GSE214695","GSE214695_UC2",-5.30099198314663,1.3886658569211,"6","#6FB1E7"
"G21_G21_SC_010_TACAACGCAGGCACTC-1","GSE214695","GSE214695_UC2",-4.02531287166591,-2.69026098573861,"7","#BB9DEA"
"G21_G21_SC_010_TACACCCAGGACGGAG-1","GSE214695","GSE214695_UC2",-1.82560750934597,-1.60211668337045,"7","#BB9DEA"
"G21_G21_SC_010_TACCGAAAGGAGTACC-1","GSE214695","GSE214695_UC2",-4.08183762523647,0.526580115907811,"6","#6FB1E7"
"G21_G21_SC_010_TATCAGGAGAGCTGAC-1","GSE214695","GSE214695_UC2",1.37457469013218,-2.4413996728724,"1","#DC9E70"
"G21_G21_SC_010_TCCTCTTGTGTGAGCA-1","GSE214695","GSE214695_UC2",-1.13379797431942,-2.39609036768136,"1","#DC9E70"
"G21_G21_SC_010_TGTTGGACACAGCATT-1","GSE214695","GSE214695_UC2",-1.47948274108883,-2.95050916994271,"7","#BB9DEA"
"G21_G21_SC_010_TTCAGGAAGAATTGCA-1","GSE214695","GSE214695_UC2",-1.20744034740444,-1.8841818364924,"7","#BB9DEA"
"G21_G21_SC_010_TTGGGCGTCTCGCTCA-1","GSE214695","GSE214695_UC2",-6.42799040767666,-5.10252533281503,"7","#BB9DEA"
"G21_G21_TOF001W0_AACCACATCCCGTGTT-1","GSE214695","GSE214695_UC3",1.20876327064518,-3.1061192544764,"1","#DC9E70"
"G21_G21_TOF001W0_ACATGCACAGTCTTCC-1","GSE214695","GSE214695_UC3",2.48873785045628,0.16702224885764,"0","#ED90A4"
"G21_G21_TOF001W0_ACCTGTCCACTGCACG-1","GSE214695","GSE214695_UC3",1.1268116524506,7.07262506162467,"2","#B7AE50"
"G21_G21_TOF001W0_ACGCACGTCGCATTGA-1","GSE214695","GSE214695_UC3",-1.0852449843597,-2.00422535265145,"1","#DC9E70"
"G21_G21_TOF001W0_AGGATAATCTTCCACG-1","GSE214695","GSE214695_UC3",2.29701116588597,6.6741517988378,"2","#B7AE50"
"G21_G21_TOF001W0_CATACTTGTGCTCTCT-1","GSE214695","GSE214695_UC3",-0.508257896633108,-3.11610040987191,"1","#DC9E70"
"G21_G21_TOF001W0_CGTAAGTTCACCTCGT-1","GSE214695","GSE214695_UC3",1.60033169296269,-3.51942262972055,"1","#DC9E70"
"G21_G21_TOF001W0_CTCATGCGTGTCCAAT-1","GSE214695","GSE214695_UC3",-0.556006939144094,1.11259808217826,"1","#DC9E70"
"G21_G21_TOF001W0_CTTAGGAGTCCGTACG-1","GSE214695","GSE214695_UC3",-6.4687089631271,-5.11096916521249,"7","#BB9DEA"
"G21_G21_TOF001W0_GTTACGAGTTGGTGTT-1","GSE214695","GSE214695_UC3",2.46027830150608,6.82512368833365,"2","#B7AE50"
"G21_G21_TOF001W0_GTTTACTGTACTAGCT-1","GSE214695","GSE214695_UC3",-0.550366253585775,0.840647718065404,"0","#ED90A4"
"G21_G21_TOF001W0_TAACACGCACGACTAT-1","GSE214695","GSE214695_UC3",-1.02257678005215,-2.20693598116098,"1","#DC9E70"
"G21_G21_TOF001W0_TGGAGAGCAGGTGAGT-1","GSE214695","GSE214695_UC3",3.80554965045933,1.98252113735022,"0","#ED90A4"
"G21_G21_TOF001W0_TTTATGCCATGGGTTT-1","GSE214695","GSE214695_UC3",-7.49272725078579,-1.86434278810678,"5","#00BFC8"
"G21_G21_TOF002W0_ATACTTCAGAAGTCAT-1","GSE214695","GSE214695_UC4",-0.798807115287741,0.699618419759893,"0","#ED90A4"
"G21_G21_TOF002W0_CAGTGCGCAACTCCAA-1","GSE214695","GSE214695_UC4",-3.77733275386806,-4.05559740389047,"4","#1DC199"
"G21_G21_TOF002W0_GTCTTTAGTAGCACGA-1","GSE214695","GSE214695_UC4",-6.41691634151455,-2.81182632768807,"7","#BB9DEA"
"G21_G21_TOF005W0_CTCCCTCTCTTACCAT-1","GSE214695","GSE214695_UC5",-7.10317656490322,0.786080023401403,"4","#1DC199"
"G21_G21_TOF005W0_CTCGAGGAGCGGACAT-1","GSE214695","GSE214695_UC5",-4.58024022075649,-3.31631002748666,"7","#BB9DEA"
"G21_G21_TOF005W0_TTTCAGTCATGAGAAT-1","GSE214695","GSE214695_UC5",2.09954360034947,4.02678837453666,"2","#B7AE50"
"G21_G21_TOF010W0_AAAGAACTCGGTCACG-1","GSE214695","GSE214695_UC6",-0.64703151676174,0.695406934373998,"0","#ED90A4"
"G21_G21_TOF010W0_AACAAGATCCGATAAC-1","GSE214695","GSE214695_UC6",-3.0777177521896,-0.808662989980555,"4","#1DC199"
"G21_G21_TOF010W0_AAGACAACATCGGTTA-1","GSE214695","GSE214695_UC6",1.23729208019261,-0.284665563947535,"1","#DC9E70"
"G21_G21_TOF010W0_AATCGACTCTCACCCA-1","GSE214695","GSE214695_UC6",-1.0471248337936,-1.78182373369393,"0","#ED90A4"
"G21_G21_TOF010W0_AATGAAGAGACATACA-1","GSE214695","GSE214695_UC6",-8.47798583003994,-1.68034110391793,"5","#00BFC8"
"G21_G21_TOF010W0_AATGCCACAACCCGCA-1","GSE214695","GSE214695_UC6",-5.83496520015713,-1.77335534418283,"5","#00BFC8"
"G21_G21_TOF010W0_ACAAAGAAGGAATTAC-1","GSE214695","GSE214695_UC6",0.805684714584391,-0.445475557691432,"1","#DC9E70"
"G21_G21_TOF010W0_ACATCGAAGGTTGCCC-1","GSE214695","GSE214695_UC6",-8.11554953548427,-0.937446692830897,"5","#00BFC8"
"G21_G21_TOF010W0_ACCACAATCCCGGTAG-1","GSE214695","GSE214695_UC6",-1.44608888122555,-1.93448410356698,"0","#ED90A4"
"G21_G21_TOF010W0_ACCGTTCTCCAGCTCT-1","GSE214695","GSE214695_UC6",-7.83861491176601,-0.871512511617518,"5","#00BFC8"
"G21_G21_TOF010W0_ACGTACAGTTCGCGTG-1","GSE214695","GSE214695_UC6",-5.51626965496059,-2.16376362169442,"5","#00BFC8"
"G21_G21_TOF010W0_AGAAATGGTCTTCCGT-1","GSE214695","GSE214695_UC6",-1.05814179870601,-0.216189363843776,"0","#ED90A4"
"G21_G21_TOF010W0_AGGTTGTTCAGCAGAG-1","GSE214695","GSE214695_UC6",-6.5909595200729,-0.926321128255702,"5","#00BFC8"
"G21_G21_TOF010W0_ATAGAGAAGTGCCTCG-1","GSE214695","GSE214695_UC6",-0.446653575630148,0.965769758575582,"1","#DC9E70"
"G21_G21_TOF010W0_ATATCCTCACATATCG-1","GSE214695","GSE214695_UC6",-2.73648879024502,-2.09582195604501,"4","#1DC199"
"G21_G21_TOF010W0_ATCACTTTCTGCTTAT-1","GSE214695","GSE214695_UC6",-0.587634892196615,-0.160079935438014,"1","#DC9E70"
"G21_G21_TOF010W0_ATCATTCAGAGTGGCT-1","GSE214695","GSE214695_UC6",-1.99639484378811,-3.55113897646127,"4","#1DC199"
"G21_G21_TOF010W0_ATGCGATAGGTGCCAA-1","GSE214695","GSE214695_UC6",0.437530933885614,0.105150601022863,"1","#DC9E70"
"G21_G21_TOF010W0_ATGGATCGTGAAGCGT-1","GSE214695","GSE214695_UC6",-6.61362406703945,-1.5115159543818,"5","#00BFC8"
"G21_G21_TOF010W0_ATGGGTTTCAACCTCC-1","GSE214695","GSE214695_UC6",1.80302801635746,6.02068557416739,"1","#DC9E70"
"G21_G21_TOF010W0_CAACCAAAGAATTCAG-1","GSE214695","GSE214695_UC6",-6.75460288021084,-2.12996373499093,"5","#00BFC8"
"G21_G21_TOF010W0_CACAACATCGGCGATC-1","GSE214695","GSE214695_UC6",-5.28737923595424,-1.79985580766854,"5","#00BFC8"
"G21_G21_TOF010W0_CACAGATTCCAATGCA-1","GSE214695","GSE214695_UC6",-4.96993443462368,-2.13171277368722,"7","#BB9DEA"
"G21_G21_TOF010W0_CACATGAAGGACAGCT-1","GSE214695","GSE214695_UC6",-4.80782505962368,-1.98632870042977,"4","#1DC199"
"G21_G21_TOF010W0_CAGCACGGTCATAGTC-1","GSE214695","GSE214695_UC6",-8.41978690120693,-1.548937896139,"5","#00BFC8"
"G21_G21_TOF010W0_CATGAGTCACCTGTCT-1","GSE214695","GSE214695_UC6",-7.65080687496181,-1.29209409082589,"5","#00BFC8"
"G21_G21_TOF010W0_CATGCGGCACGCGCAT-1","GSE214695","GSE214695_UC6",0.207398847683112,0.744123956316137,"2","#B7AE50"
"G21_G21_TOF010W0_CATTTCACAATCTAGC-1","GSE214695","GSE214695_UC6",-1.47103807422634,-3.51101265276132,"1","#DC9E70"
"G21_G21_TOF010W0_CCAATTTAGTCCGCGT-1","GSE214695","GSE214695_UC6",2.78896692302708,0.34667005216422,"0","#ED90A4"
"G21_G21_TOF010W0_CCACCATCACAGACGA-1","GSE214695","GSE214695_UC6",1.77832510974888,-0.702733615285731,"1","#DC9E70"
"G21_G21_TOF010W0_CCGTAGGAGGCGATAC-1","GSE214695","GSE214695_UC6",-8.3683352181625,-1.61517367685494,"5","#00BFC8"
"G21_G21_TOF010W0_CCTAAGATCGTTGCCT-1","GSE214695","GSE214695_UC6",-7.54350134822841,-0.051707723981715,"7","#BB9DEA"
"G21_G21_TOF010W0_CCTCCAATCATAGGCT-1","GSE214695","GSE214695_UC6",0.994385152130167,-0.0997581275766857,"1","#DC9E70"
"G21_G21_TOF010W0_CCTCCTCAGAGCGACT-1","GSE214695","GSE214695_UC6",-0.256766081781347,-0.526423552877284,"1","#DC9E70"
"G21_G21_TOF010W0_CCTCCTCTCATCTCTA-1","GSE214695","GSE214695_UC6",-4.17628428432461,-0.865605929738856,"5","#00BFC8"
"G21_G21_TOF010W0_CGGACACCATCTTTCA-1","GSE214695","GSE214695_UC6",-2.96577617618557,-0.299931624776698,"7","#BB9DEA"
"G21_G21_TOF010W0_CGGGTCACAATGAACA-1","GSE214695","GSE214695_UC6",-4.79741618129726,-1.86139355028329,"5","#00BFC8"
"G21_G21_TOF010W0_CGTTCTGGTTGGTGTT-1","GSE214695","GSE214695_UC6",-4.15493485424038,-1.01693234766183,"1","#DC9E70"
"G21_G21_TOF010W0_CTCCCAAAGTCTGCGC-1","GSE214695","GSE214695_UC6",-7.44464919063564,-1.31276688898263,"5","#00BFC8"
"G21_G21_TOF010W0_CTGAGGCCAACGATCT-1","GSE214695","GSE214695_UC6",-0.637825996608694,-0.47790680254159,"1","#DC9E70"
"G21_G21_TOF010W0_CTTTCGGCAGGCTCTG-1","GSE214695","GSE214695_UC6",-7.49716183635708,-1.41098962152658,"5","#00BFC8"
"G21_G21_TOF010W0_GACCCAGTCATTCCTA-1","GSE214695","GSE214695_UC6",-5.0788516709518,-1.74639211023507,"5","#00BFC8"
"G21_G21_TOF010W0_GACCTTCGTGGGTTGA-1","GSE214695","GSE214695_UC6",-6.42048785182949,-0.706797936803675,"5","#00BFC8"
"G21_G21_TOF010W0_GACTCTCTCATGCCAA-1","GSE214695","GSE214695_UC6",-3.28698751422878,-3.80707178438363,"4","#1DC199"
"G21_G21_TOF010W0_GATCCCTGTCCCTCAT-1","GSE214695","GSE214695_UC6",-7.7475003907394,-0.837261060125209,"5","#00BFC8"
"G21_G21_TOF010W0_GCAGCTGAGACCGCCT-1","GSE214695","GSE214695_UC6",-7.57962557765957,-0.370054224378443,"5","#00BFC8"
"G21_G21_TOF010W0_GCAGTTAAGCGCCATC-1","GSE214695","GSE214695_UC6",-4.23339650127407,-1.27316127145944,"5","#00BFC8"
"G21_G21_TOF010W0_GCCAGGTTCCAATCCC-1","GSE214695","GSE214695_UC6",-8.14430376979824,-1.04882369363961,"5","#00BFC8"
"G21_G21_TOF010W0_GCCCGAACAAGGTTGG-1","GSE214695","GSE214695_UC6",-7.68699786159511,-1.00215230310617,"5","#00BFC8"
"G21_G21_TOF010W0_GCCGTGAAGCTCGGCT-1","GSE214695","GSE214695_UC6",-3.89841982814785,-1.14043221796212,"4","#1DC199"
"G21_G21_TOF010W0_GCGAGAACATCGAGCC-1","GSE214695","GSE214695_UC6",-5.60375592205044,0.267231723421239,"4","#1DC199"
"G21_G21_TOF010W0_GCGGAAAGTCATCAGT-1","GSE214695","GSE214695_UC6",-5.77255961391445,-1.99766025865731,"5","#00BFC8"
"G21_G21_TOF010W0_GCTCAAAGTCCAAATC-1","GSE214695","GSE214695_UC6",-3.80350634548183,-0.868163207418299,"4","#1DC199"
"G21_G21_TOF010W0_GGAATCTCATACCACA-1","GSE214695","GSE214695_UC6",1.49637308624272,6.57951249753776,"5","#00BFC8"
"G21_G21_TOF010W0_GGCAGTCAGGATTTCC-1","GSE214695","GSE214695_UC6",-7.87974497768398,-1.30892620409188,"5","#00BFC8"
"G21_G21_TOF010W0_GGGATGATCCAAGCCG-1","GSE214695","GSE214695_UC6",1.22381237056736,-1.51269231165109,"1","#DC9E70"
"G21_G21_TOF010W0_GGTTCTCTCATCTCTA-1","GSE214695","GSE214695_UC6",1.80684676673893,7.95049609815421,"5","#00BFC8"
"G21_G21_TOF010W0_GTAGCTAGTTGTCAGT-1","GSE214695","GSE214695_UC6",-4.92887351009365,-1.97498259866891,"5","#00BFC8"
"G21_G21_TOF010W0_GTATTTCTCAAGGACG-1","GSE214695","GSE214695_UC6",1.04147562292103,-0.346963742620326,"1","#DC9E70"
"G21_G21_TOF010W0_GTCAGCGGTTGGATCT-1","GSE214695","GSE214695_UC6",-6.354625673027,-1.22504387224374,"5","#00BFC8"
"G21_G21_TOF010W0_GTCGTAAAGCCTGTCG-1","GSE214695","GSE214695_UC6",0.620862214832346,0.565894207113408,"1","#DC9E70"
"G21_G21_TOF010W0_GTGCAGCCAACTGCTA-1","GSE214695","GSE214695_UC6",1.16134312656407,-0.557501295453883,"1","#DC9E70"
"G21_G21_TOF010W0_GTGCTTCTCGCCATAA-1","GSE214695","GSE214695_UC6",-8.16282889339443,-1.2610698732203,"5","#00BFC8"
"G21_G21_TOF010W0_GTGTAACGTGGAAATT-1","GSE214695","GSE214695_UC6",-2.09432551357265,-1.33761892641244,"4","#1DC199"
"G21_G21_TOF010W0_GTGTCCTAGGAGAGGC-1","GSE214695","GSE214695_UC6",-2.53488084766384,-1.07873115862069,"4","#1DC199"
"G21_G21_TOF010W0_GTGTGGCGTAACTGCT-1","GSE214695","GSE214695_UC6",1.86407735851292,-2.585718730337,"1","#DC9E70"
"G21_G21_TOF010W0_TAACACGTCGACGCTG-1","GSE214695","GSE214695_UC6",-0.645016522140463,-0.582970837003566,"1","#DC9E70"
"G21_G21_TOF010W0_TCACTATAGCAGTAAT-1","GSE214695","GSE214695_UC6",-7.15285965892788,-1.84732160890756,"5","#00BFC8"
"G21_G21_TOF010W0_TCAGTGAAGCACACCC-1","GSE214695","GSE214695_UC6",-0.386613042087515,-5.85230360353646,"3","#7EBA68"
"G21_G21_TOF010W0_TCAGTGACATGTGGTT-1","GSE214695","GSE214695_UC6",1.6884696772385,-1.06992540682015,"1","#DC9E70"
"G21_G21_TOF010W0_TCAGTGAGTGAGTAGC-1","GSE214695","GSE214695_UC6",-7.79927393886562,-0.821594575292445,"5","#00BFC8"
"G21_G21_TOF010W0_TCCTCCCTCTGGCCGA-1","GSE214695","GSE214695_UC6",1.08102908638004,-0.74481354082284,"1","#DC9E70"
"G21_G21_TOF010W0_TCCTCGATCTAGTGAC-1","GSE214695","GSE214695_UC6",-6.16705939266201,-2.01009068811593,"5","#00BFC8"
"G21_G21_TOF010W0_TCTATACTCGCTCCTA-1","GSE214695","GSE214695_UC6",1.26185074356083,-2.49821958864389,"1","#DC9E70"
"G21_G21_TOF010W0_TCTGGCTAGTGATGGC-1","GSE214695","GSE214695_UC6",-8.15923544857021,-1.49645243013558,"5","#00BFC8"
"G21_G21_TOF010W0_TGAATCGGTCTTACTT-1","GSE214695","GSE214695_UC6",-5.46367070171352,-0.49282334173379,"4","#1DC199"
"G21_G21_TOF010W0_TGAGACTAGTTCGCAT-1","GSE214695","GSE214695_UC6",-6.29660698863979,-1.64010224664865,"5","#00BFC8"
"G21_G21_TOF010W0_TGGATCAAGGCCTGAA-1","GSE214695","GSE214695_UC6",-1.24205824825283,-1.37796626413522,"0","#ED90A4"
"G21_G21_TOF010W0_TGTCAGAAGTTGGACG-1","GSE214695","GSE214695_UC6",1.54139450099949,-1.53112612093148,"1","#DC9E70"
"G21_G21_TOF010W0_TGTCAGATCAGCGTCG-1","GSE214695","GSE214695_UC6",-3.40325328800197,-1.04155979479013,"1","#DC9E70"
"G21_G21_TOF010W0_TGTTGAGGTCGCAACC-1","GSE214695","GSE214695_UC6",-3.61422059032436,-0.981793979055262,"4","#1DC199"
"G21_G21_TOF010W0_TTAATCCTCCACACCT-1","GSE214695","GSE214695_UC6",-7.75419232341762,-0.680083611852504,"5","#00BFC8"
"G21_G21_TOF010W0_TTAGGGTCATCCTTCG-1","GSE214695","GSE214695_UC6",-6.92492768260952,-1.6823082956141,"5","#00BFC8"
"G21_G21_TOF010W0_TTCAGGAGTCATAACC-1","GSE214695","GSE214695_UC6",-6.9283299157333,-1.86671982134042,"5","#00BFC8"
"G21_G21_TOF010W0_TTCATTGCACTTCAAG-1","GSE214695","GSE214695_UC6",3.98917725589756,7.93368663465323,"2","#B7AE50"
"G21_G21_TOF010W0_TTCCACGTCCATTGCC-1","GSE214695","GSE214695_UC6",-8.09843394252773,-0.974610427266932,"5","#00BFC8"
"G21_G21_TOF010W0_TTCTTCCAGCATGAAT-1","GSE214695","GSE214695_UC6",-2.28782388660427,-2.35387192094979,"4","#1DC199"
"G21_G21_TOF010W0_TTGCCTGAGCATGTTC-1","GSE214695","GSE214695_UC6",4.17496588733677,6.97184552823844,"7","#BB9DEA"
"G21_G21_TOF010W0_TTTACCAGTGGGTATG-1","GSE214695","GSE214695_UC6",-6.74802157375332,0.161069652193212,"6","#6FB1E7"
"G21_G21_TOF010W0_TTTGGAGAGGTCGTCC-1","GSE214695","GSE214695_UC6",3.61349585559849,8.10812606489005,"2","#B7AE50"
"SCP_N7.EpiA.ACGTTTACTGGTAC","SCP259","SCP259_N7",-6.85534188243862,-3.45114622438607,"7","#BB9DEA"
"SCP_N7.EpiA.AGATTAACGCCATA","SCP259","SCP259_N7",-7.1452202508163,-6.05807028139291,"7","#BB9DEA"
"SCP_N7.EpiA.AGGTACACAGACTC","SCP259","SCP259_N7",-6.87603423091884,-6.48599634493051,"7","#BB9DEA"
"SCP_N7.EpiA.GAGCTCCTGCCTTC","SCP259","SCP259_N7",3.44163158443455,3.60235681211295,"7","#BB9DEA"
"SCP_N7.EpiA.GGCAAGGACTTACT","SCP259","SCP259_N7",-7.34324452373501,-5.78335914934335,"7","#BB9DEA"
"SCP_N7.EpiA.TGAGGACTGCAGAG","SCP259","SCP259_N7",3.53010943439488,5.78135671293082,"7","#BB9DEA"
"SCP_N7.EpiA.TTAGGTCTATTCTC","SCP259","SCP259_N7",2.17886558082585,7.23303165113273,"7","#BB9DEA"
"SCP_N7.EpiA.TTGGAGACCCTTTA","SCP259","SCP259_N7",4.64264300373081,4.18036236440482,"7","#BB9DEA"
"SCP_N7.EpiB.AATCCTACTCCTTA","SCP259","SCP259_N7",-5.31247994396206,-5.43426905000863,"7","#BB9DEA"
"SCP_N7.EpiB.ACACGAACTCACCC","SCP259","SCP259_N7",-7.26584670040127,-0.177668550855494,"5","#00BFC8"
"SCP_N7.EpiB.ACCCAGCTTCTTAC","SCP259","SCP259_N7",-6.08991476985927,-6.10973272646127,"7","#BB9DEA"
"SCP_N7.EpiB.AGACTCGAGTATGC","SCP259","SCP259_N7",-5.52070424053188,-5.75105629289804,"7","#BB9DEA"
"SCP_N7.EpiB.CTATAAGACTTAGG","SCP259","SCP259_N7",-6.96450612041469,-6.26880131090341,"7","#BB9DEA"
"SCP_N7.EpiB.GAGGGAACAGCAAA","SCP259","SCP259_N7",-5.99946400615688,-5.84991512621102,"7","#BB9DEA"
"SCP_N7.EpiB.GCACCTTGCTTGGA","SCP259","SCP259_N7",-6.83407256099697,-6.35559759462533,"7","#BB9DEA"
"SCP_N7.EpiB.TAGAATACCTGTAG","SCP259","SCP259_N7",-5.68980404827114,-5.63493213976083,"7","#BB9DEA"
"SCP_N7.LPB.AGCAAAGAGGTCAT","SCP259","SCP259_N7",-5.23755881282802,-5.49292192781625,"7","#BB9DEA"
"SCP_N7.LPB.CCGGAGACATTGGC","SCP259","SCP259_N7",-6.57462212535854,-6.39350328767953,"7","#BB9DEA"
"SCP_N7.LPB.CTATCATGTTGGTG","SCP259","SCP259_N7",-6.18838831874843,-6.29378567064462,"7","#BB9DEA"
"SCP_N7.LPB.GCCATCACGAGGAC","SCP259","SCP259_N7",-6.98063466045376,-2.12166271532235,"7","#BB9DEA"
"SCP_N7.LPB.GTCAATCTTATCGG","SCP259","SCP259_N7",-6.05999085399624,-4.80128584230599,"7","#BB9DEA"
"SCP_N7.LPB.GTCATACTTGGTCA","SCP259","SCP259_N7",-2.0092351147842,-6.5808096917933,"7","#BB9DEA"
"SCP_N7.LPB.TGGACTGATACTTC","SCP259","SCP259_N7",-6.41957089397426,-6.15847931230722,"7","#BB9DEA"
"SCP_N7.LPB.TGGTCAGACCATGA","SCP259","SCP259_N7",-6.40097233745571,-6.33848963106332,"7","#BB9DEA"
"SCP_N7.LPB.TTATCCGATCGTTT","SCP259","SCP259_N7",-4.78033778163906,-5.45827398622689,"7","#BB9DEA"
"SCP_N7.LPB.TTCCCACTCTGTGA","SCP259","SCP259_N7",-4.83129450771328,-5.49259291017709,"7","#BB9DEA"
"SCP_N7.LPB.TTTCAGTGCTTCCG","SCP259","SCP259_N7",-3.58977767917629,-2.72411499345956,"7","#BB9DEA"
"SCP_N9.EpiA.AACCAGTGTTCACT","SCP259","SCP259_N9",-6.58832499477382,-3.96213207567391,"7","#BB9DEA"
"SCP_N9.EpiA.AACGTTCTAGAAGT","SCP259","SCP259_N9",-6.73117062541958,-4.57583914125619,"7","#BB9DEA"
"SCP_N9.EpiA.AAGAATCTACAGCT","SCP259","SCP259_N9",-6.98104521724697,-4.3180824312037,"7","#BB9DEA"
"SCP_N9.EpiA.AAGACAGAACCTGA","SCP259","SCP259_N9",-6.9555082032394,-3.41666326845346,"7","#BB9DEA"
"SCP_N9.EpiA.AAGGTCTGCGAGAG","SCP259","SCP259_N9",-6.32238289806362,-5.75570307100473,"7","#BB9DEA"
"SCP_N9.EpiA.AAGTGGCTGGTCTA","SCP259","SCP259_N9",-8.02644106838222,-2.04948697412667,"7","#BB9DEA"
"SCP_N9.EpiA.AATCAAACGATAGA","SCP259","SCP259_N9",-7.14176461193081,-4.15717373216806,"7","#BB9DEA"
"SCP_N9.EpiA.ACACCCTGCCTTCG","SCP259","SCP259_N9",-6.88551136943813,-3.78685722673593,"7","#BB9DEA"
"SCP_N9.EpiA.ACGATTCTGGAAAT","SCP259","SCP259_N9",-8.15467116329189,-2.01637993181405,"7","#BB9DEA"
"SCP_N9.EpiA.ACGCACCTTCTTTG","SCP259","SCP259_N9",-7.06724068614956,-4.41854296053109,"7","#BB9DEA"
"SCP_N9.EpiA.ACGGAACTTTCGCC","SCP259","SCP259_N9",-6.53824612590786,-5.20587978685556,"7","#BB9DEA"
"SCP_N9.EpiA.ACGTTGGACGGAGA","SCP259","SCP259_N9",-6.95362565013881,-5.23492775285897,"7","#BB9DEA"
"SCP_N9.EpiA.ACTGGCCTTAGCGT","SCP259","SCP259_N9",-6.27229973766323,-5.13892898882089,"7","#BB9DEA"
"SCP_N9.EpiA.AGAAACGACTTATC","SCP259","SCP259_N9",-7.88300177547451,-2.20399294222055,"7","#BB9DEA"
"SCP_N9.EpiA.AGACACTGCACTAG","SCP259","SCP259_N9",-7.31919142696377,-5.724475005514,"7","#BB9DEA"
"SCP_N9.EpiA.AGAGCGGAGCCTTC","SCP259","SCP259_N9",-7.02843424770351,-6.14814529741464,"7","#BB9DEA"
"SCP_N9.EpiA.AGAGTGCTCAGTTG","SCP259","SCP259_N9",-6.83502146694179,-4.82819280946908,"7","#BB9DEA"
"SCP_N9.EpiA.AGCAACACTGCCTC","SCP259","SCP259_N9",-7.0369610497665,-6.29380474413095,"7","#BB9DEA"
"SCP_N9.EpiA.AGCGCTCTCCCACT","SCP259","SCP259_N9",-6.87648913356777,-4.55728111589608,"7","#BB9DEA"
"SCP_N9.EpiA.AGCGCTCTTATCTC","SCP259","SCP259_N9",-6.75237938854213,-6.42765722597299,"7","#BB9DEA"
"SCP_N9.EpiA.AGCTCGCTTGCGTA","SCP259","SCP259_N9",-6.98780343029018,-4.47601375902352,"7","#BB9DEA"
"SCP_N9.EpiA.AGGCTAACAACTGC","SCP259","SCP259_N9",-6.77253148052212,-4.63609800661264,"7","#BB9DEA"
"SCP_N9.EpiA.AGGCTAACATTCTC","SCP259","SCP259_N9",-8.01273962947841,-2.07793865526376,"7","#BB9DEA"
"SCP_N9.EpiA.AGGTTGTGCTATGG","SCP259","SCP259_N9",-7.9347939202499,-1.93454513872323,"7","#BB9DEA"
"SCP_N9.EpiA.AGGTTGTGCTGGAT","SCP259","SCP259_N9",-5.89664456340786,-5.84666929567514,"7","#BB9DEA"
"SCP_N9.EpiA.ATATACGACAAAGA","SCP259","SCP259_N9",-7.08942076656338,-4.1713653596705,"7","#BB9DEA"
"SCP_N9.EpiA.ATATAGTGGTAGCT","SCP259","SCP259_N9",-6.88275143596645,-4.77238808000741,"7","#BB9DEA"
"SCP_N9.EpiA.ATCGACGACTGAGT","SCP259","SCP259_N9",-6.43948790523525,-3.47430095995126,"7","#BB9DEA"
"SCP_N9.EpiA.CACTGAGACGAACT","SCP259","SCP259_N9",-6.90670010540004,-4.81313953722177,"7","#BB9DEA"
"SCP_N9.EpiA.CAGGGCACACTAGC","SCP259","SCP259_N9",-6.83225581142421,-4.24981222475228,"7","#BB9DEA"
"SCP_N9.EpiA.CAGGTAACTTCACT","SCP259","SCP259_N9",-6.61214777919765,-6.24211750353036,"7","#BB9DEA"
"SCP_N9.EpiA.CATCGGCTCGTAGT","SCP259","SCP259_N9",-8.35001227352138,-1.99728498781381,"7","#BB9DEA"
"SCP_N9.EpiA.CATGTTTGCCTAAG","SCP259","SCP259_N9",-7.09970757457729,-4.24273977602182,"7","#BB9DEA"
"SCP_N9.EpiA.CATTGGGAAAGGTA","SCP259","SCP259_N9",-6.41286560985561,-3.5029812845057,"7","#BB9DEA"
"SCP_N9.EpiA.CCAGCGGAGTAGGG","SCP259","SCP259_N9",-6.9798845956039,-2.50243769014535,"7","#BB9DEA"
"SCP_N9.EpiA.CCGATAGACAAAGA","SCP259","SCP259_N9",-6.90852210018154,-4.54274807298837,"7","#BB9DEA"
"SCP_N9.EpiA.CCTTTAGATTCTTG","SCP259","SCP259_N9",-6.98651024791713,-4.59807644212899,"7","#BB9DEA"
"SCP_N9.EpiA.CGGACCGAACTGTG","SCP259","SCP259_N9",-6.43583819362636,-6.31057606065927,"7","#BB9DEA"
"SCP_N9.EpiA.CGTTTAACTACTTC","SCP259","SCP259_N9",-6.60181614849087,-4.6016140970057,"7","#BB9DEA"
"SCP_N9.EpiA.CTCAATTGTGCTGA","SCP259","SCP259_N9",-6.9586500832748,-3.72565422380624,"7","#BB9DEA"
"SCP_N9.EpiA.CTGACAGAGGTAGG","SCP259","SCP259_N9",-6.83577868434902,-4.04871330583749,"7","#BB9DEA"
"SCP_N9.EpiA.CTTAAAGACTGATG","SCP259","SCP259_N9",-7.13738009426113,-5.62271128023324,"7","#BB9DEA"
"SCP_N9.EpiA.CTTACTGAAGGTCT","SCP259","SCP259_N9",-6.79045340511318,-5.91747150743661,"7","#BB9DEA"
"SCP_N9.EpiA.CTTGTATGTGTCTT","SCP259","SCP259_N9",-6.43707367870327,-6.04382524812875,"7","#BB9DEA"
"SCP_N9.EpiA.CTTTACGAATTCGG","SCP259","SCP259_N9",-6.85757061931606,-5.99566135729013,"7","#BB9DEA"
"SCP_N9.EpiA.GAACGTTGCTTCTA","SCP259","SCP259_N9",-6.63115021678921,-6.09007034624276,"7","#BB9DEA"
"SCP_N9.EpiA.GAAGATGACGTAGT","SCP259","SCP259_N9",-6.48000332805629,-3.11239252412973,"7","#BB9DEA"
"SCP_N9.EpiA.GACCATGAAGTTCG","SCP259","SCP259_N9",-7.11882636043545,-4.29590616548715,"7","#BB9DEA"
"SCP_N9.EpiA.GACGATTGATGCTG","SCP259","SCP259_N9",-5.38188216182705,-5.50154409731088,"7","#BB9DEA"
"SCP_N9.EpiA.GAGCAACTAAGTAG","SCP259","SCP259_N9",-6.78554627391811,-4.35734711015878,"7","#BB9DEA"
"SCP_N9.EpiA.GAGGGATGGCTACA","SCP259","SCP259_N9",-7.07752701732631,-4.29586944902597,"7","#BB9DEA"
"SCP_N9.EpiA.GAGTTGTGCTTTAC","SCP259","SCP259_N9",-7.80597254726406,-2.115499356634,"7","#BB9DEA"
"SCP_N9.EpiA.GATGCCCTGGTATC","SCP259","SCP259_N9",-7.07098338100429,-4.01505384767709,"7","#BB9DEA"
"SCP_N9.EpiA.GCAACCCTAAAAGC","SCP259","SCP259_N9",-8.00265643093105,-2.11451492632089,"7","#BB9DEA"
"SCP_N9.EpiA.GCATGATGGTAGGG","SCP259","SCP259_N9",-7.04198357555385,-4.36219940508065,"7","#BB9DEA"
"SCP_N9.EpiA.GCCACTACTCTAGG","SCP259","SCP259_N9",-6.60388371440883,-4.65308199251351,"7","#BB9DEA"
"SCP_N9.EpiA.GCGCGATGACCTTT","SCP259","SCP259_N9",-6.91662260982509,-4.55982981050668,"7","#BB9DEA"
"SCP_N9.EpiA.GCGGAGCTCTATGG","SCP259","SCP259_N9",-7.03848216030117,-3.9913641008204,"7","#BB9DEA"
"SCP_N9.EpiA.GCTCAGCTGAGCAG","SCP259","SCP259_N9",-6.98676011058803,-3.14147339189706,"7","#BB9DEA"
"SCP_N9.EpiA.GGCTACCTGGGCAA","SCP259","SCP259_N9",-6.49854371044155,-2.48351893747506,"7","#BB9DEA"
"SCP_N9.EpiA.GGGCAAGAACGACT","SCP259","SCP259_N9",-7.0116138169479,-4.51170502031503,"7","#BB9DEA"
"SCP_N9.EpiA.GGTACATGACTTTC","SCP259","SCP259_N9",-6.80358502361294,-3.67590771043954,"7","#BB9DEA"
"SCP_N9.EpiA.GTAGCTGATCCCAC","SCP259","SCP259_N9",-7.01748415920254,-4.60905084932504,"7","#BB9DEA"
"SCP_N9.EpiA.GTCAATCTCACCAA","SCP259","SCP259_N9",-7.05551859828945,-4.19249162996469,"7","#BB9DEA"
"SCP_N9.EpiA.GTCGCACTGCGTTA","SCP259","SCP259_N9",-6.9936146447372,-3.5759154352015,"7","#BB9DEA"
"SCP_N9.EpiA.GTGTACGACCTAAG","SCP259","SCP259_N9",-6.38894698116298,-6.21857080782113,"7","#BB9DEA"
"SCP_N9.EpiA.GTGTAGTGTACAGC","SCP259","SCP259_N9",-6.71523758861538,-4.67889223421273,"7","#BB9DEA"
"SCP_N9.EpiA.TAACCGGATAACCG","SCP259","SCP259_N9",-7.67634341213222,-2.01712189043222,"5","#00BFC8"
"SCP_N9.EpiA.TAAGAACTCCCACT","SCP259","SCP259_N9",-6.93068072292324,-3.49302730882821,"7","#BB9DEA"
"SCP_N9.EpiA.TAAGATACAGAGAT","SCP259","SCP259_N9",-6.98366209957119,-3.50202236498056,"7","#BB9DEA"
"SCP_N9.EpiA.TAAGTCCTAGGCGA","SCP259","SCP259_N9",-7.03763291332241,-2.75478325212655,"7","#BB9DEA"
"SCP_N9.EpiA.TACCGCTGCAACCA","SCP259","SCP259_N9",-8.00226256343838,-2.12331519449411,"7","#BB9DEA"
"SCP_N9.EpiA.TACTGTTGGAACTC","SCP259","SCP259_N9",-6.54476878139492,-6.06682882631478,"7","#BB9DEA"
"SCP_N9.EpiA.TAGTAAACAGATCC","SCP259","SCP259_N9",-7.18728491756435,-2.78998146379647,"7","#BB9DEA"
"SCP_N9.EpiA.TCAGTTACTTCTAC","SCP259","SCP259_N9",-6.64947649929043,-4.04210052812753,"7","#BB9DEA"
"SCP_N9.EpiA.TCCATAACCTTAGG","SCP259","SCP259_N9",-7.15282914134975,-5.57286320055184,"7","#BB9DEA"
"SCP_N9.EpiA.TCTGATACCAGATC","SCP259","SCP259_N9",-6.58014151546474,-6.29399309480844,"7","#BB9DEA"
"SCP_N9.EpiA.TGACCGCTGCGATT","SCP259","SCP259_N9",-6.49860522243496,-6.30816946352182,"7","#BB9DEA"
"SCP_N9.EpiA.TGACTTTGCACAAC","SCP259","SCP259_N9",-7.06198498699184,-4.04642973268685,"7","#BB9DEA"
"SCP_N9.EpiA.TGAGACACATCGTG","SCP259","SCP259_N9",-6.96193406078335,-5.88569841707406,"7","#BB9DEA"
"SCP_N9.EpiA.TGATCACTCCTGAA","SCP259","SCP259_N9",-7.08103939983364,-4.31919632280526,"7","#BB9DEA"
"SCP_N9.EpiA.TGGTACGACACTCC","SCP259","SCP259_N9",-8.11793372127529,-2.14638099992929,"7","#BB9DEA"
"SCP_N9.EpiA.TGTCTAACCCTAAG","SCP259","SCP259_N9",-6.63018557521816,-5.98282776201425,"7","#BB9DEA"
"SCP_N9.EpiA.TTTCTACTAGGCGA","SCP259","SCP259_N9",-6.69796177837368,-4.65130720461068,"7","#BB9DEA"
"SCP_N9.EpiB.AAACATACTTTGCT","SCP259","SCP259_N9",-6.1359281251144,-5.10934982622323,"7","#BB9DEA"
"SCP_N9.EpiB.AAAGGCCTCACTGA","SCP259","SCP259_N9",-6.48409077617641,-5.53969106996713,"7","#BB9DEA"
"SCP_N9.EpiB.AAAGTTTGGTAAAG","SCP259","SCP259_N9",-6.42560812923427,-6.1897111924952,"7","#BB9DEA"
"SCP_N9.EpiB.AAATCAACGATACC","SCP259","SCP259_N9",-7.19081208202358,-6.04862556780038,"7","#BB9DEA"
"SCP_N9.EpiB.AACCAGTGTAGTCG","SCP259","SCP259_N9",-6.09609934780117,-6.13750467622933,"7","#BB9DEA"
"SCP_N9.EpiB.AACCCAGACTCCCA","SCP259","SCP259_N9",-6.22415396663662,-5.5635601075953,"7","#BB9DEA"
"SCP_N9.EpiB.AACCTTTGTGTCTT","SCP259","SCP259_N9",-6.93775603267666,-1.94045744264779,"5","#00BFC8"
"SCP_N9.EpiB.AACGGTTGCAACTG","SCP259","SCP259_N9",-6.87909361812588,-5.39170990312753,"7","#BB9DEA"
"SCP_N9.EpiB.AAGCCAACGACAAA","SCP259","SCP259_N9",-5.7208308884811,-5.77445898378549,"7","#BB9DEA"
"SCP_N9.EpiB.AAGCGACTGCCTTC","SCP259","SCP259_N9",-6.62248084041591,-5.8157950433558,"7","#BB9DEA"
"SCP_N9.EpiB.AAGGCTACAGGAGC","SCP259","SCP259_N9",-6.66145894023891,-5.92014656389413,"7","#BB9DEA"
"SCP_N9.EpiB.AAGGTCTGGCCATA","SCP259","SCP259_N9",-6.45171973201748,-4.86795387590585,"7","#BB9DEA"
"SCP_N9.EpiB.AAGTCTCTATGCTG","SCP259","SCP259_N9",-5.66461750957485,-5.24392996156869,"7","#BB9DEA"
"SCP_N9.EpiB.AAGTCTCTTCCGTC","SCP259","SCP259_N9",-6.00899264308925,-5.40391598070321,"7","#BB9DEA"
"SCP_N9.EpiB.AATAACACTGTGAC","SCP259","SCP259_N9",-6.64801737758632,-4.70954523409066,"7","#BB9DEA"
"SCP_N9.EpiB.AATCTAGATCTCTA","SCP259","SCP259_N9",-6.42490002605434,-3.03810320223031,"7","#BB9DEA"
"SCP_N9.EpiB.AATGCGTGGTCTTT","SCP259","SCP259_N9",-5.37313935253139,-5.53667507494149,"7","#BB9DEA"
"SCP_N9.EpiB.AATTACGAACAGTC","SCP259","SCP259_N9",-5.39057967159267,-5.44075546587167,"7","#BB9DEA"
"SCP_N9.EpiB.AATTACGATTAGGC","SCP259","SCP259_N9",-6.06490418407436,-5.36381635988412,"7","#BB9DEA"
"SCP_N9.EpiB.ACAAGCACAACGAA","SCP259","SCP259_N9",-6.3275899598312,-6.25592432344613,"7","#BB9DEA"
"SCP_N9.EpiB.ACAGACACTACGAC","SCP259","SCP259_N9",-6.57536313030239,-5.24500952089486,"7","#BB9DEA"
"SCP_N9.EpiB.ACCACAGAGGTATC","SCP259","SCP259_N9",-6.71512982341762,-5.23490248048959,"7","#BB9DEA"
"SCP_N9.EpiB.ACCCACTGTGACAC","SCP259","SCP259_N9",-7.2139310548019,-5.8564067872828,"7","#BB9DEA"
"SCP_N9.EpiB.ACCCGTACTAACGC","SCP259","SCP259_N9",-6.77419754955288,-6.53510818803964,"7","#BB9DEA"
"SCP_N9.EpiB.ACCCGTACTGGATC","SCP259","SCP259_N9",-7.18048569652553,-5.52971754396615,"7","#BB9DEA"
"SCP_N9.EpiB.ACCTATTGTCTACT","SCP259","SCP259_N9",-5.81144711467739,-5.15761146867929,"7","#BB9DEA"
"SCP_N9.EpiB.ACCTCGTGATTGGC","SCP259","SCP259_N9",-6.31936070415493,-6.18059406603036,"7","#BB9DEA"
"SCP_N9.EpiB.ACGAGGGATTCACT","SCP259","SCP259_N9",-5.61017605754848,-6.06502256715951,"7","#BB9DEA"
"SCP_N9.EpiB.ACGAGTACTCCCAC","SCP259","SCP259_N9",-7.07376334163662,-6.16202173555551,"7","#BB9DEA"
"SCP_N9.EpiB.ACGATGACCGTACA","SCP259","SCP259_N9",-6.78828713390346,-6.1387783082789,"7","#BB9DEA"
"SCP_N9.EpiB.ACGCCTTGACGACT","SCP259","SCP259_N9",-6.49269053432461,-6.30336723650155,"7","#BB9DEA"
"SCP_N9.EpiB.ACGCGGTGTAGAAG","SCP259","SCP259_N9",-6.88019463512417,-5.96117410982308,"7","#BB9DEA"
"SCP_N9.EpiB.ACGGGAGAGCGTAT","SCP259","SCP259_N9",-7.04315278026577,-5.76189766252694,"7","#BB9DEA"
"SCP_N9.EpiB.ACGTTACTAACGTC","SCP259","SCP259_N9",-6.69215533229824,-6.47684297884164,"7","#BB9DEA"
"SCP_N9.EpiB.ACTAGGTGCAGCTA","SCP259","SCP259_N9",-6.53685709926601,-5.82675896013436,"7","#BB9DEA"
"SCP_N9.EpiB.ACTTGGGAAGCATC","SCP259","SCP259_N9",-7.07131573650356,-5.59497175539193,"7","#BB9DEA"
"SCP_N9.EpiB.ACTTGTACCAACCA","SCP259","SCP259_N9",-5.65610024425503,-5.18219242418466,"7","#BB9DEA"
"SCP_N9.EpiB.AGAAAGTGCATGAC","SCP259","SCP259_N9",-6.41461703273769,-4.68984566057382,"7","#BB9DEA"
"SCP_N9.EpiB.AGACCTGACTTCGC","SCP259","SCP259_N9",-6.84228131267544,-6.50717268312631,"7","#BB9DEA"
"SCP_N9.EpiB.AGAGATGACGAACT","SCP259","SCP259_N9",-7.07271429988857,-5.56993923509774,"7","#BB9DEA"
"SCP_N9.EpiB.AGAGCGGATGCGTA","SCP259","SCP259_N9",-6.87953803035732,-5.07830581987557,"7","#BB9DEA"
"SCP_N9.EpiB.AGATTAACCTGCTC","SCP259","SCP259_N9",-6.39177081081386,-4.57962332094369,"7","#BB9DEA"
"SCP_N9.EpiB.AGCAACACACGTAC","SCP259","SCP259_N9",-6.51846787425991,-4.37354193056283,"7","#BB9DEA"
"SCP_N9.EpiB.AGCCGGACGACGTT","SCP259","SCP259_N9",-6.99293658229824,-6.0206666978663,"7","#BB9DEA"
"SCP_N9.EpiB.AGCCTCTGGCCAAT","SCP259","SCP259_N9",-5.51877781841274,-5.43935499513803,"7","#BB9DEA"
"SCP_N9.EpiB.AGGACTTGATCTTC","SCP259","SCP259_N9",-6.71961066219326,-5.45650968874154,"7","#BB9DEA"
"SCP_N9.EpiB.AGGTCATGGCCCTT","SCP259","SCP259_N9",-6.58106514904018,-6.43233642900643,"7","#BB9DEA"
"SCP_N9.EpiB.AGTCCAGATGTCGA","SCP259","SCP259_N9",-6.65486475917812,-4.57039270723519,"7","#BB9DEA"
"SCP_N9.EpiB.AGTTTGCTGAACCT","SCP259","SCP259_N9",-6.92704579326626,-6.07312784517465,"7","#BB9DEA"
"SCP_N9.EpiB.ATAACATGACACGT","SCP259","SCP259_N9",-6.95842930767055,-5.79842815721688,"7","#BB9DEA"
"SCP_N9.EpiB.ATAAGTACGAACCT","SCP259","SCP259_N9",-6.94659277889248,-4.85597429598031,"7","#BB9DEA"
"SCP_N9.EpiB.ATACACCTTGAGAA","SCP259","SCP259_N9",-6.54758450481411,-3.03435573900399,"7","#BB9DEA"
"SCP_N9.EpiB.ATACGTCTCCACAA","SCP259","SCP259_N9",-7.09346577617641,-6.146829226858,"7","#BB9DEA"
"SCP_N9.EpiB.ATACGTCTGGACAG","SCP259","SCP259_N9",-5.70268055889126,-5.25757799471078,"7","#BB9DEA"
"SCP_N9.EpiB.ATAGAACTTTCCAT","SCP259","SCP259_N9",-6.67313620540615,-4.87862882936654,"7","#BB9DEA"
"SCP_N9.EpiB.ATAGTTGAAGAATG","SCP259","SCP259_N9",-5.95738169643398,-4.8668957742518,"7","#BB9DEA"
"SCP_N9.EpiB.ATGAAACTCACTGA","SCP259","SCP259_N9",-5.45408579799648,-5.51124344194589,"7","#BB9DEA"
"SCP_N9.EpiB.ATGATATGTCCTTA","SCP259","SCP259_N9",-6.13096711132046,-4.88865671480355,"7","#BB9DEA"
"SCP_N9.EpiB.ATGATATGTGAGAA","SCP259","SCP259_N9",-6.79228636714931,0.224547883623265,"6","#6FB1E7"
"SCP_N9.EpiB.ATGTACCTTGTCAG","SCP259","SCP259_N9",-7.10516306850429,-5.62059364641366,"7","#BB9DEA"
"SCP_N9.EpiB.ATGTCACTCGGTAT","SCP259","SCP259_N9",-7.0140757271957,-2.62266455019174,"7","#BB9DEA"
"SCP_N9.EpiB.ATTACCACTCTCAT","SCP259","SCP259_N9",-7.24008461925503,-6.08725271547494,"7","#BB9DEA"
"SCP_N9.EpiB.ATTCGACTACACAC","SCP259","SCP259_N9",-7.10281655284878,-5.59064588869271,"7","#BB9DEA"
"SCP_N9.EpiB.ATTCGGGACTTTAC","SCP259","SCP259_N9",-6.65934702846523,-3.7235156091517,"7","#BB9DEA"
"SCP_N9.EpiB.ATTGGTCTCTAGTG","SCP259","SCP259_N9",-6.44775197002407,-6.033153155691,"7","#BB9DEA"
"SCP_N9.EpiB.ATTGTAGATCTACT","SCP259","SCP259_N9",-6.54634425136562,-4.43400392854867,"7","#BB9DEA"
"SCP_N9.EpiB.ATTTCTCTGCGTTA","SCP259","SCP259_N9",-6.6567177483749,-5.36259327257333,"7","#BB9DEA"
"SCP_N9.EpiB.CAAATATGGCATAC","SCP259","SCP259_N9",-7.10229060146328,-5.27768335664926,"7","#BB9DEA"
"SCP_N9.EpiB.CAAATATGGGTAAA","SCP259","SCP259_N9",-5.44643446895595,-5.36982593858895,"7","#BB9DEA"
"SCP_N9.EpiB.CAACGATGTGCAAC","SCP259","SCP259_N9",-6.72556349727627,-5.33982525194345,"7","#BB9DEA"
"SCP_N9.EpiB.CAACGTGAGAGGCA","SCP259","SCP259_N9",-6.5945200631332,-4.1102491411036,"7","#BB9DEA"
"SCP_N9.EpiB.CAACTTTGATAAGG","SCP259","SCP259_N9",-5.65032479259487,-5.40736399019418,"7","#BB9DEA"
"SCP_N9.EpiB.CAAGACACAACCAC","SCP259","SCP259_N9",-6.50327250453945,-5.57116995180307,"7","#BB9DEA"
"SCP_N9.EpiB.CAAGGACTGTAAGA","SCP259","SCP259_N9",-5.48643919918056,-5.5971876176661,"7","#BB9DEA"
"SCP_N9.EpiB.CAATCGGAATTCTC","SCP259","SCP259_N9",-6.29247710201259,-6.07753143633065,"7","#BB9DEA"
"SCP_N9.EpiB.CAATCTACTATGCG","SCP259","SCP259_N9",-5.35113188716884,-5.37298260057626,"7","#BB9DEA"
"SCP_N9.EpiB.CAATTCACACTGTG","SCP259","SCP259_N9",-5.82220360729213,-5.56109199846444,"7","#BB9DEA"
"SCP_N9.EpiB.CACAATCTCCTTAT","SCP259","SCP259_N9",-5.52691218349453,-5.52450476015267,"7","#BB9DEA"
"SCP_N9.EpiB.CACAATCTTCCGAA","SCP259","SCP259_N9",-6.19702574703213,-5.20514879549203,"7","#BB9DEA"
"SCP_N9.EpiB.CACGATGAAACCAC","SCP259","SCP259_N9",-7.07544085475918,-5.8629723581141,"7","#BB9DEA"
"SCP_N9.EpiB.CAGAAGCTAGGTCT","SCP259","SCP259_N9",-7.19620320293422,-6.04674778307138,"7","#BB9DEA"
"SCP_N9.EpiB.CAGACAACAGCGGA","SCP259","SCP259_N9",-5.45243689510341,-5.48037586534677,"7","#BB9DEA"
"SCP_N9.EpiB.CAGACATGAAGAAC","SCP259","SCP259_N9",-6.77463147136684,-5.15489921892343,"7","#BB9DEA"
"SCP_N9.EpiB.CAGACATGCACCAA","SCP259","SCP259_N9",-7.12426087352749,-6.0124913247889,"7","#BB9DEA"
"SCP_N9.EpiB.CAGATCGATGTCTT","SCP259","SCP259_N9",-6.2864842126083,-4.32550344789682,"7","#BB9DEA"
"SCP_N9.EpiB.CAGATGACTCGACA","SCP259","SCP259_N9",-5.76185700389858,-5.61372385347543,"7","#BB9DEA"
"SCP_N9.EpiB.CAGCCTACAGAATG","SCP259","SCP259_N9",-6.9966630646896,-5.67770920122323,"7","#BB9DEA"
"SCP_N9.EpiB.CAGGTAACCGCAAT","SCP259","SCP259_N9",-7.33096835109707,-5.95645580614266,"7","#BB9DEA"
"SCP_N9.EpiB.CAGTGATGGAGCAG","SCP259","SCP259_N9",-7.28195664379116,-6.0200015100306,"7","#BB9DEA"
"SCP_N9.EpiB.CAGTGATGGGCATT","SCP259","SCP259_N9",-6.70201823207851,-6.26853761995492,"7","#BB9DEA"
"SCP_N9.EpiB.CATATAGATTATCC","SCP259","SCP259_N9",-6.27670332881923,-5.56110582674203,"7","#BB9DEA"
"SCP_N9.EpiB.CATCTTGAGGACTT","SCP259","SCP259_N9",-6.77594086620327,-6.44466791475473,"7","#BB9DEA"
"SCP_N9.EpiB.CATGCGCTCCGATA","SCP259","SCP259_N9",-6.78231951686855,-5.40732536638436,"7","#BB9DEA"
"SCP_N9.EpiB.CATGGATGGCTACA","SCP259","SCP259_N9",-5.6026520440292,-6.08056745851693,"7","#BB9DEA"
"SCP_N9.EpiB.CATTGGGACCAATG","SCP259","SCP259_N9",-5.58307787868496,-5.42438278520761,"7","#BB9DEA"
"SCP_N9.EpiB.CCAACCTGTTCTGT","SCP259","SCP259_N9",-6.53689381572719,-5.09513435686288,"7","#BB9DEA"
"SCP_N9.EpiB.CCAAGATGATGCCA","SCP259","SCP259_N9",-6.59597537014004,-4.06039820039926,"7","#BB9DEA"
"SCP_N9.EpiB.CCAAGATGCCAAGT","SCP259","SCP259_N9",-7.27582261058803,-5.50781641328988,"7","#BB9DEA"
"SCP_N9.EpiB.CCAAGATGTCTCCG","SCP259","SCP259_N9",-6.80585715267177,-5.67839441621957,"7","#BB9DEA"
"SCP_N9.EpiB.CCACCATGATGTGC","SCP259","SCP259_N9",-6.72782752010341,-5.29727039659677,"7","#BB9DEA"
"SCP_N9.EpiB.CCACCATGGAGCAG","SCP259","SCP259_N9",-6.15521809551235,-6.19714889848886,"7","#BB9DEA"
"SCP_N9.EpiB.CCGGTACTCTGTGA","SCP259","SCP259_N9",-6.91115424129482,-5.36608467424569,"7","#BB9DEA"
"SCP_N9.EpiB.CCTAAACTACTCAG","SCP259","SCP259_N9",-6.12752720806118,-5.05894003236947,"7","#BB9DEA"
"SCP_N9.EpiB.CCTAAACTTGGAGG","SCP259","SCP259_N9",-6.5393910119247,-6.0682421716517,"7","#BB9DEA"
"SCP_N9.EpiB.CCTACCGATGGCAT","SCP259","SCP259_N9",-6.5350660988998,-5.67313728655038,"7","#BB9DEA"
"SCP_N9.EpiB.CCTATAACGTTGCA","SCP259","SCP259_N9",-6.85184142086025,-5.53618965471444,"7","#BB9DEA"
"SCP_N9.EpiB.CCTCGAACAGTGTC","SCP259","SCP259_N9",-7.0926685044479,-5.28290329302011,"7","#BB9DEA"
"SCP_N9.EpiB.CCTGACTGAGACTC","SCP259","SCP259_N9",-6.88667056056972,-5.98466310823617,"7","#BB9DEA"
"SCP_N9.EpiB.CGAAGTACACTCTT","SCP259","SCP259_N9",-6.62186095211025,-4.86578522051034,"7","#BB9DEA"
"SCP_N9.EpiB.CGACGTCTACCATG","SCP259","SCP259_N9",-6.77774140331264,-4.28510961855111,"7","#BB9DEA"
"SCP_N9.EpiB.CGAGGCTGGGTACT","SCP259","SCP259_N9",-5.89006850215908,-5.14585790956674,"7","#BB9DEA"
"SCP_N9.EpiB.CGCAAATGAGTCGT","SCP259","SCP259_N9",-7.24635073635097,-5.4990078004664,"7","#BB9DEA"
"SCP_N9.EpiB.CGCACGGAAGGAGC","SCP259","SCP259_N9",-3.80913922283169,-3.76655636156259,"4","#1DC199"
"SCP_N9.EpiB.CGCAGGACGGGCAA","SCP259","SCP259_N9",-6.6218261429977,-5.75655756319223,"7","#BB9DEA"
"SCP_N9.EpiB.CGTAACGAAAGGCG","SCP259","SCP259_N9",-6.93206831905361,-5.56262836778817,"7","#BB9DEA"
"SCP_N9.EpiB.CGTAACGAATCTCT","SCP259","SCP259_N9",-5.77215620967861,-5.43541393602548,"7","#BB9DEA"
"SCP_N9.EpiB.CGTACCTGGGTTAC","SCP259","SCP259_N9",-6.64154145214077,-5.92988787019906,"7","#BB9DEA"
"SCP_N9.EpiB.CGTGATGATAACCG","SCP259","SCP259_N9",-5.58708331081386,-5.32568512285409,"7","#BB9DEA"
"SCP_N9.EpiB.CGTTAGGAAGGTCT","SCP259","SCP259_N9",-6.55103442165371,-6.17631683672128,"7","#BB9DEA"
"SCP_N9.EpiB.CGTTAGGAGTACAC","SCP259","SCP259_N9",-6.86289402935024,-6.19654665315805,"7","#BB9DEA"
"SCP_N9.EpiB.CTAACACTCTGCAA","SCP259","SCP259_N9",-6.74188229534145,-5.63312158907113,"7","#BB9DEA"
"SCP_N9.EpiB.CTAAGGACCCAACA","SCP259","SCP259_N9",-6.94977185222622,-5.02951298082528,"7","#BB9DEA"
"SCP_N9.EpiB.CTAGGATGGAATGA","SCP259","SCP259_N9",-6.68906876537319,-4.9801541360682,"7","#BB9DEA"
"SCP_N9.EpiB.CTCCGAACAAGGCG","SCP259","SCP259_N9",-6.99067351314541,-5.61762533510385,"7","#BB9DEA"
"SCP_N9.EpiB.CTCGAAGATTATCC","SCP259","SCP259_N9",-6.76108357402797,-2.9790144952601,"7","#BB9DEA"
"SCP_N9.EpiB.CTCGAGCTGGTGAG","SCP259","SCP259_N9",-6.3393029877853,-6.39092264497933,"7","#BB9DEA"
"SCP_N9.EpiB.CTGAGCCTGAGGCA","SCP259","SCP259_N9",-5.72132155391689,-5.27850113237557,"7","#BB9DEA"
"SCP_N9.EpiB.CTGATTTGGGTTTG","SCP259","SCP259_N9",-6.63225552532192,-5.81628713930307,"7","#BB9DEA"
"SCP_N9.EpiB.CTTACATGATGGTC","SCP259","SCP259_N9",-4.10896250698086,-3.6908155473536,"7","#BB9DEA"
"SCP_N9.EpiB.CTTCTAGATGACAC","SCP259","SCP259_N9",-6.93996378871914,-5.2075186761683,"7","#BB9DEA"
"SCP_N9.EpiB.GAAAGATGGAACCT","SCP259","SCP259_N9",-6.66355130168911,-6.33952246034799,"7","#BB9DEA"
"SCP_N9.EpiB.GAAAGATGTCAGGT","SCP259","SCP259_N9",-6.42343899700161,-5.64194689119515,"7","#BB9DEA"
"SCP_N9.EpiB.GAAAGCCTAACCAC","SCP259","SCP259_N9",-6.60197398159023,-6.46276722276864,"7","#BB9DEA"
"SCP_N9.EpiB.GAACGGGAGATGAA","SCP259","SCP259_N9",-6.79008433315273,-5.97892580354867,"7","#BB9DEA"
"SCP_N9.EpiB.GAAGAATGTGAACC","SCP259","SCP259_N9",-6.09272953960415,-5.37998018587289,"7","#BB9DEA"
"SCP_N9.EpiB.GAAGCTTGTAAAGG","SCP259","SCP259_N9",-5.6134524056625,-5.36906824434457,"7","#BB9DEA"
"SCP_N9.EpiB.GAATGCTGTTCACT","SCP259","SCP259_N9",-4.1587176034164,-4.194201568014,"4","#1DC199"
"SCP_N9.EpiB.GACCTCTGCTTGAG","SCP259","SCP259_N9",-6.50765654537197,-5.07780180299935,"7","#BB9DEA"
"SCP_N9.EpiB.GACGAGGAGCGATT","SCP259","SCP259_N9",-6.14333245250698,-5.23751840913949,"7","#BB9DEA"
"SCP_N9.EpiB.GAGATCACACACGT","SCP259","SCP259_N9",-6.10270020458217,-5.9568067582911,"7","#BB9DEA"
"SCP_N9.EpiB.GAGATCACACCGAT","SCP259","SCP259_N9",-6.03762099239345,-5.87378654802499,"7","#BB9DEA"
"SCP_N9.EpiB.GAGCATACTCCAAG","SCP259","SCP259_N9",-7.16756340953823,-5.86799011552987,"7","#BB9DEA"
"SCP_N9.EpiB.GAGGCCACGCTACA","SCP259","SCP259_N9",-5.97602459880825,-6.04191170061288,"7","#BB9DEA"
"SCP_N9.EpiB.GAGGGAACAAAACG","SCP259","SCP259_N9",-6.35541197750088,-4.77325306261239,"7","#BB9DEA"
"SCP_N9.EpiB.GAGTCTGACGTAAC","SCP259","SCP259_N9",-6.68175742122646,-6.36198625887094,"7","#BB9DEA"
"SCP_N9.EpiB.GAGTGTTGAAGAAC","SCP259","SCP259_N9",-6.56831786128994,-3.67138634050546,"7","#BB9DEA"
"SCP_N9.EpiB.GAGTGTTGTGCTGA","SCP259","SCP259_N9",-6.8243579575729,-3.54702482546029,"7","#BB9DEA"
"SCP_N9.EpiB.GAGTTGTGACACGT","SCP259","SCP259_N9",-4.02861115428921,-3.78952513063607,"7","#BB9DEA"
"SCP_N9.EpiB.GATAATACGTGTTG","SCP259","SCP259_N9",-6.92678591701504,-5.86522589052377,"7","#BB9DEA"
"SCP_N9.EpiB.GATAGCACGGCAAG","SCP259","SCP259_N9",-7.06401535961147,-5.49415598238168,"7","#BB9DEA"
"SCP_N9.EpiB.GATATAACGCTCCT","SCP259","SCP259_N9",-6.88740107509609,-6.21169910753427,"7","#BB9DEA"
"SCP_N9.EpiB.GATATCCTTAGCCA","SCP259","SCP259_N9",-7.06713911983486,-5.97606525743661,"7","#BB9DEA"
"SCP_N9.EpiB.GATCGTGACCTTCG","SCP259","SCP259_N9",-6.89821621868129,-4.93337259615121,"7","#BB9DEA"
"SCP_N9.EpiB.GATGCATGGACAGG","SCP259","SCP259_N9",-7.17178294155117,-5.59058151567636,"7","#BB9DEA"
"SCP_N9.EpiB.GATGCCCTGTTCTT","SCP259","SCP259_N9",-6.68342158290859,-4.09615907991586,"7","#BB9DEA"
"SCP_N9.EpiB.GATTGGACGCATAC","SCP259","SCP259_N9",-6.21162697765346,-5.38389978731332,"7","#BB9DEA"
"SCP_N9.EpiB.GCACAAACCAGCTA","SCP259","SCP259_N9",-6.24933907482143,-6.2367311509913,"7","#BB9DEA"
"SCP_N9.EpiB.GCACGTCTTATTCC","SCP259","SCP259_N9",-6.06691834423061,-4.96340475404916,"7","#BB9DEA"
"SCP_N9.EpiB.GCACTAGACCCGTT","SCP259","SCP259_N9",-6.04866406414028,-5.94352636659799,"7","#BB9DEA"
"SCP_N9.EpiB.GCACTGCTGTTGGT","SCP259","SCP259_N9",-6.04351660701748,-4.8736244233912,"7","#BB9DEA"
"SCP_N9.EpiB.GCAGCGTGCTCAGA","SCP259","SCP259_N9",-7.03648039791103,-5.51226816499887,"7","#BB9DEA"
"SCP_N9.EpiB.GCCACTACTCTTAC","SCP259","SCP259_N9",-7.00086543056484,-6.30515203798471,"7","#BB9DEA"
"SCP_N9.EpiB.GCCATGCTTCGATG","SCP259","SCP259_N9",-6.17586085292812,-6.16682062471566,"7","#BB9DEA"
"SCP_N9.EpiB.GCCATGCTTGTCTT","SCP259","SCP259_N9",-6.99192616436001,-6.26519546831307,"7","#BB9DEA"
"SCP_N9.EpiB.GCCGGAACGGAGTG","SCP259","SCP259_N9",-6.60490414592739,-6.41890201891122,"7","#BB9DEA"
"SCP_N9.EpiB.GCCTGACTCTTGAG","SCP259","SCP259_N9",-6.69090220424648,-6.498400786764,"7","#BB9DEA"
"SCP_N9.EpiB.GCGAAGGATTCGTT","SCP259","SCP259_N9",1.27865078952793,2.6193559375936,"7","#BB9DEA"
"SCP_N9.EpiB.GCGAGAGACGCAAT","SCP259","SCP259_N9",-6.59746024105068,-4.08750734651742,"7","#BB9DEA"
"SCP_N9.EpiB.GCGAGCACGAATCC","SCP259","SCP259_N9",-6.36816260311123,-4.90642986620126,"7","#BB9DEA"
"SCP_N9.EpiB.GCTAGATGCCTTAT","SCP259","SCP259_N9",-7.20302197429653,-5.85518465364633,"7","#BB9DEA"
"SCP_N9.EpiB.GCTCCATGGCTATG","SCP259","SCP259_N9",-6.31182810756679,-6.27136621797738,"7","#BB9DEA"
"SCP_N9.EpiB.GGAAGGACCATACG","SCP259","SCP259_N9",-6.61833998653408,-6.45298395479379,"7","#BB9DEA"
"SCP_N9.EpiB.GGAATCTGAGAAGT","SCP259","SCP259_N9",-4.01303908321377,-4.07951889360604,"4","#1DC199"
"SCP_N9.EpiB.GGAATCTGTACAGC","SCP259","SCP259_N9",-6.75323054286953,-6.39636669481454,"7","#BB9DEA"
"SCP_N9.EpiB.GGAATGCTAGCTCA","SCP259","SCP259_N9",-6.26701542827602,-4.84688625658212,"7","#BB9DEA"
"SCP_N9.EpiB.GGACCTCTATTGGC","SCP259","SCP259_N9",-6.9355034539413,-5.89049825990853,"7","#BB9DEA"
"SCP_N9.EpiB.GGAGGCCTTATGCG","SCP259","SCP259_N9",-3.68173810932155,-3.84267435396371,"4","#1DC199"
"SCP_N9.EpiB.GGAGGTGAAGGGTG","SCP259","SCP259_N9",-6.7497124383163,-6.37603102052865,"7","#BB9DEA"
"SCP_N9.EpiB.GGAGGTGAATGTGC","SCP259","SCP259_N9",-6.4157304475021,-5.91440830553231,"7","#BB9DEA"
"SCP_N9.EpiB.GGATGTACAGAGGC","SCP259","SCP259_N9",-5.51432272884365,-5.56207332933602,"7","#BB9DEA"
"SCP_N9.EpiB.GGCAATACACACAC","SCP259","SCP259_N9",-5.57313582393642,-5.37380848253427,"7","#BB9DEA"
"SCP_N9.EpiB.GGCCAGACGACAAA","SCP259","SCP259_N9",-6.79840037319179,-6.45661077821908,"7","#BB9DEA"
"SCP_N9.EpiB.GGCCCAGAGCGATT","SCP259","SCP259_N9",-5.89236161205288,-5.37450418794808,"7","#BB9DEA"
"SCP_N9.EpiB.GGGATTACCGGGAA","SCP259","SCP259_N9",-7.01264664623256,-5.83487615907846,"7","#BB9DEA"
"SCP_N9.EpiB.GGTATGACCCAACA","SCP259","SCP259_N9",-5.48819157573696,-5.42598781908212,"7","#BB9DEA"
"SCP_N9.EpiB.GTAATAACCAGAGG","SCP259","SCP259_N9",-6.65550515148159,-4.0768829377955,"7","#BB9DEA"
"SCP_N9.EpiB.GTACGTGATGCTCC","SCP259","SCP259_N9",-6.74541327449795,-5.89191732729135,"7","#BB9DEA"
"SCP_N9.EpiB.GTACTTTGAAGCCT","SCP259","SCP259_N9",-6.67361161205288,-6.47008238161264,"7","#BB9DEA"
"SCP_N9.EpiB.GTACTTTGTATCGG","SCP259","SCP259_N9",-6.41847941371914,-4.65326605165658,"7","#BB9DEA"
"SCP_N9.EpiB.GTAGGTACCCAACA","SCP259","SCP259_N9",-7.07766768428798,-5.67655430162606,"7","#BB9DEA"
"SCP_N9.EpiB.GTAGTGTGGATGAA","SCP259","SCP259_N9",-7.06339976284023,-6.17817221010385,"7","#BB9DEA"
"SCP_N9.EpiB.GTCCAGCTTGTCCC","SCP259","SCP259_N9",-5.90698143932338,-5.91410169923959,"7","#BB9DEA"
"SCP_N9.EpiB.GTCTAGGAAGGTCT","SCP259","SCP259_N9",-6.64188048336025,-4.01884994829354,"7","#BB9DEA"
"SCP_N9.EpiB.GTGGTAACATTCGG","SCP259","SCP259_N9",-6.98718735668178,-5.55071506822763,"7","#BB9DEA"
"SCP_N9.EpiB.GTTATCTGCTATTC","SCP259","SCP259_N9",-6.75128933879848,-6.50466928804574,"7","#BB9DEA"
"SCP_N9.EpiB.GTTTAAGACATTCT","SCP259","SCP259_N9",-6.66165015193935,-6.38581285799203,"7","#BB9DEA"
"SCP_N9.EpiB.TAAGATACTCCGAA","SCP259","SCP259_N9",-6.44168183300014,-3.81601057375131,"7","#BB9DEA"
"SCP_N9.EpiB.TAATGTGACGAATC","SCP259","SCP259_N9",-5.76988503429409,-5.86156425798593,"7","#BB9DEA"
"SCP_N9.EpiB.TACGCCACTTGCTT","SCP259","SCP259_N9",-6.91124293300625,-6.14304409349618,"7","#BB9DEA"
"SCP_N9.EpiB.TACTCAACTGCAAC","SCP259","SCP259_N9",-5.49369618389126,-5.35759363496957,"7","#BB9DEA"
"SCP_N9.EpiB.TACTGTTGGGACGA","SCP259","SCP259_N9",-6.84403368923183,-5.1645351442164,"7","#BB9DEA"
"SCP_N9.EpiB.TAGAAACTCCAACA","SCP259","SCP259_N9",-6.82869383785244,-5.15695677126107,"7","#BB9DEA"
"SCP_N9.EpiB.TAGAGAGATTCTGT","SCP259","SCP259_N9",-6.81780430767055,-5.69508323991952,"7","#BB9DEA"
"SCP_N9.EpiB.TAGAGCACTACGAC","SCP259","SCP259_N9",-6.617809266777,-3.8203869851893,"7","#BB9DEA"
"SCP_N9.EpiB.TAGGACTGGGGTGA","SCP259","SCP259_N9",-6.94269225093838,-6.37468872392831,"7","#BB9DEA"
"SCP_N9.EpiB.TAGGTTCTTAGACC","SCP259","SCP259_N9",-6.33899828884121,-4.41384516084848,"7","#BB9DEA"
"SCP_N9.EpiB.TATCCTGATGTGAC","SCP259","SCP259_N9",-6.33663460704799,-6.27546463335214,"7","#BB9DEA"
"SCP_N9.EpiB.TATCTGACACCATG","SCP259","SCP259_N9",-6.55942627880092,-4.55205831850228,"7","#BB9DEA"
"SCP_N9.EpiB.TATGTGCTACTGTG","SCP259","SCP259_N9",-6.97175738307949,-5.41930780733285,"7","#BB9DEA"
"SCP_N9.EpiB.TCAAGGACGTCATG","SCP259","SCP259_N9",-6.48872181865688,-5.06400356615243,"7","#BB9DEA"
"SCP_N9.EpiB.TCAAGGTGTCTCCG","SCP259","SCP259_N9",-6.96032330486294,-3.14561090791879,"7","#BB9DEA"
"SCP_N9.EpiB.TCACATACTGACAC","SCP259","SCP259_N9",-5.45969578716274,-5.53891048753915,"7","#BB9DEA"
"SCP_N9.EpiB.TCACCCGATTCCGC","SCP259","SCP259_N9",-6.63772437068935,-6.38578710878549,"7","#BB9DEA"
"SCP_N9.EpiB.TCACCTCTCACCAA","SCP259","SCP259_N9",-6.65739533397671,-3.63690576875863,"7","#BB9DEA"
"SCP_N9.EpiB.TCACGAGAGGTGAG","SCP259","SCP259_N9",-8.12022349330898,-2.06667313898263,"7","#BB9DEA"
"SCP_N9.EpiB.TCAGACGACATTGG","SCP259","SCP259_N9",-7.29598614665981,-5.78778276766,"7","#BB9DEA"
"SCP_N9.EpiB.TCAGAGACCCGCTT","SCP259","SCP259_N9",-6.78999611827846,-5.08914623583016,"7","#BB9DEA"
"SCP_N9.EpiB.TCAGCGCTTTACCT","SCP259","SCP259_N9",-5.91300579998012,-6.14027510011849,"7","#BB9DEA"
"SCP_N9.EpiB.TCAGTACTATCGTG","SCP259","SCP259_N9",-6.53198430034633,-5.86794290865121,"7","#BB9DEA"
"SCP_N9.EpiB.TCATCAACTCCTCG","SCP259","SCP259_N9",-6.86358639690395,-6.5062771829432,"7","#BB9DEA"
"SCP_N9.EpiB.TCATTCGAACTGTG","SCP259","SCP259_N9",-5.95216938945766,-5.62708244646249,"7","#BB9DEA"
"SCP_N9.EpiB.TCCACGTGCCCGTT","SCP259","SCP259_N9",-5.93846890422817,-5.04543838823495,"7","#BB9DEA"
"SCP_N9.EpiB.TCCATAACACCAAC","SCP259","SCP259_N9",-6.85878989192959,-5.26873360002694,"7","#BB9DEA"
"SCP_N9.EpiB.TCCCTACTTTCTGT","SCP259","SCP259_N9",-5.79013010951992,-5.40395555818734,"7","#BB9DEA"
"SCP_N9.EpiB.TCCTAAACCCTCAC","SCP259","SCP259_N9",-6.48814007732387,-5.73125992143807,"7","#BB9DEA"
"SCP_N9.EpiB.TCCTATGATGCTTT","SCP259","SCP259_N9",-6.59270474407192,-3.19803438509164,"7","#BB9DEA"
"SCP_N9.EpiB.TCGAGAACAGGAGC","SCP259","SCP259_N9",-7.51161238643642,-2.44046840990243,"7","#BB9DEA"
"SCP_N9.EpiB.TCGCACACGCCAAT","SCP259","SCP259_N9",-6.02848622295376,-5.02237043703256,"7","#BB9DEA"
"SCP_N9.EpiB.TCGCCATGTATGGC","SCP259","SCP259_N9",-7.23182007762905,-5.5950656923121,"7","#BB9DEA"
"SCP_N9.EpiB.TCGGACCTCCTTCG","SCP259","SCP259_N9",-6.90742060634609,-6.15822325075326,"7","#BB9DEA"
"SCP_N9.EpiB.TGAATAACAGAATG","SCP259","SCP259_N9",-6.4325794884872,-5.93396578157601,"7","#BB9DEA"
"SCP_N9.EpiB.TGACCGCTGCCCTT","SCP259","SCP259_N9",-6.70898291561123,-5.06290827120004,"7","#BB9DEA"
"SCP_N9.EpiB.TGACTTACCTGTTT","SCP259","SCP259_N9",-6.58792635890957,-5.03011904085336,"7","#BB9DEA"
"SCP_N9.EpiB.TGACTTTGCCCAAA","SCP259","SCP259_N9",-6.52514597866054,-6.31622371996102,"7","#BB9DEA"
"SCP_N9.EpiB.TGAGGACTGTCCTC","SCP259","SCP259_N9",-6.37743851634975,-5.66907177293954,"7","#BB9DEA"
"SCP_N9.EpiB.TGATCACTCGTAGT","SCP259","SCP259_N9",-5.39393374416347,-5.57311401689706,"7","#BB9DEA"
"SCP_N9.EpiB.TGCCAAGACTGTGA","SCP259","SCP259_N9",-6.48841187450405,-3.18720541322885,"7","#BB9DEA"
"SCP_N9.EpiB.TGCTGAGATTCGTT","SCP259","SCP259_N9",-6.74441191646572,-5.68688545549569,"7","#BB9DEA"
"SCP_N9.EpiB.TGGACCCTGTCTGA","SCP259","SCP259_N9",-6.44997498485561,-3.74714002931771,"7","#BB9DEA"
"SCP_N9.EpiB.TGGCACCTGACTAC","SCP259","SCP259_N9",-6.69542262050625,-5.61433515871224,"7","#BB9DEA"
"SCP_N9.EpiB.TGGTAGTGACCACA","SCP259","SCP259_N9",-6.5764913270187,-5.79867611253915,"7","#BB9DEA"
"SCP_N9.EpiB.TGGTAGTGGTTCAG","SCP259","SCP259_N9",-6.68587061855312,-4.43935737932382,"7","#BB9DEA"
"SCP_N9.EpiB.TGGTTACTGAGAGC","SCP259","SCP259_N9",-6.99613234493252,-5.77429018343148,"7","#BB9DEA"
"SCP_N9.EpiB.TGTAATGAACTACG","SCP259","SCP259_N9",-6.37785336467739,-5.23612747514901,"7","#BB9DEA"
"SCP_N9.EpiB.TGTAATGATGGCAT","SCP259","SCP259_N9",-5.52982470485683,-5.63189134920297,"7","#BB9DEA"
"SCP_N9.EpiB.TGTCAGGAAAAGTG","SCP259","SCP259_N9",-6.44601246807094,-5.33499727571664,"7","#BB9DEA"
"SCP_N9.EpiB.TTAGGGTGGTCGAT","SCP259","SCP259_N9",-6.11852166149135,-6.15548811281381,"7","#BB9DEA"
"SCP_N9.EpiB.TTATGAGATCCTTA","SCP259","SCP259_N9",-6.51953217479702,-5.45438204134164,"7","#BB9DEA"
"SCP_N9.EpiB.TTCCCACTGTCACA","SCP259","SCP259_N9",-7.21771761867519,-6.03914461458383,"7","#BB9DEA"
"SCP_N9.EpiB.TTCTACGAAAGATG","SCP259","SCP259_N9",-6.73791930171963,-5.80849085176644,"7","#BB9DEA"
"SCP_N9.EpiB.TTCTCAGATGTTTC","SCP259","SCP259_N9",-6.56125113460537,-4.24404440248666,"7","#BB9DEA"
"SCP_N9.EpiB.TTCTGATGCTTACT","SCP259","SCP259_N9",-4.00805327388759,-4.0034318956202,"7","#BB9DEA"
"SCP_N9.EpiB.TTGAATGAGAAACA","SCP259","SCP259_N9",-7.1111626336288,-6.18495903337655,"7","#BB9DEA"
"SCP_N9.EpiB.TTGAGGACTACGAC","SCP259","SCP259_N9",-5.64174935314174,-5.31121263826547,"7","#BB9DEA"
"SCP_N9.EpiB.TTGGAGTGTGGTTG","SCP259","SCP259_N9",-6.42002245876308,-5.53030500734506,"7","#BB9DEA"
"SCP_N9.EpiB.TTGGTACTGAGATA","SCP259","SCP259_N9",-6.98076817485805,-6.08811436021981,"7","#BB9DEA"
"SCP_N9.EpiB.TTGTCATGCGACTA","SCP259","SCP259_N9",-7.04604336711879,-6.19965515459237,"7","#BB9DEA"
"SCP_N9.EpiB.TTGTCATGCTAGAC","SCP259","SCP259_N9",-6.43736025783535,-5.9485903772181,"7","#BB9DEA"
"SCP_N9.EpiB.TTTCACGATATGCG","SCP259","SCP259_N9",-5.61212775203701,-5.43684587801156,"7","#BB9DEA"
"SCP_N9.EpiB.TTTCCAGAACAGCT","SCP259","SCP259_N9",-7.16456267330166,-6.18306169832406,"7","#BB9DEA"
"SCP_N9.EpiB.TTTGCATGCTCGCT","SCP259","SCP259_N9",-7.30594632122036,-5.60529098833261,"7","#BB9DEA"
"SCP_N9.LPA.AGAGTCTGACCAGT","SCP259","SCP259_N9",-6.27143141719814,-5.88842306459603,"7","#BB9DEA"
"SCP_N9.LPA.AGCCGTCTTCCGTC","SCP259","SCP259_N9",-6.38917824718471,-5.72167072618661,"7","#BB9DEA"
"SCP_N9.LPA.ATAATGACGCCTTC","SCP259","SCP259_N9",-6.27004858943935,-6.096789458639,"7","#BB9DEA"
"SCP_N9.LPA.ATTGCACTTACTGG","SCP259","SCP259_N9",-6.98218295070644,-2.41786609018502,"7","#BB9DEA"
"SCP_N9.LPA.CAGACCCTGTAAAG","SCP259","SCP259_N9",-6.9736966798019,-2.57704124773202,"7","#BB9DEA"
"SCP_N9.LPA.CAGGGCACGTCTTT","SCP259","SCP259_N9",-8.56344267818447,-1.83041105592904,"7","#BB9DEA"
"SCP_N9.LPA.CATCAGGAGAAACA","SCP259","SCP259_N9",-6.33260294887539,-5.71503362978158,"7","#BB9DEA"
"SCP_N9.LPA.CATCGCTGTATTCC","SCP259","SCP259_N9",-6.26177832576748,-4.99594602907357,"7","#BB9DEA"
"SCP_N9.LPA.CCCATCGAGCATCA","SCP259","SCP259_N9",-7.89482066127773,-1.86411962831674,"7","#BB9DEA"
"SCP_N9.LPA.CGAGAACTGACAGG","SCP259","SCP259_N9",-6.32592293712612,-6.05933485353646,"7","#BB9DEA"
"SCP_N9.LPA.CTAACACTAAGAAC","SCP259","SCP259_N9",-6.24791428539272,-5.74541054094491,"7","#BB9DEA"
"SCP_N9.LPA.CTAGATCTTCGTGA","SCP259","SCP259_N9",-6.32283637020107,-6.19087324464974,"7","#BB9DEA"
"SCP_N9.LPA.CTGCAGCTTAGTCG","SCP259","SCP259_N9",-7.66729065868374,-2.05235610330758,"7","#BB9DEA"
"SCP_N9.LPA.GCGATATGGTCATG","SCP259","SCP259_N9",-6.8273491570663,-6.55110845888314,"7","#BB9DEA"
"SCP_N9.LPA.GGAGGCCTTAACGC","SCP259","SCP259_N9",-6.85148570034023,-2.51423321092782,"7","#BB9DEA"
"SCP_N9.LPA.GGGAACGACTGACA","SCP259","SCP259_N9",-7.56900784465786,-2.05005512560067,"7","#BB9DEA"
"SCP_N9.LPA.GTAATATGTCCCAC","SCP259","SCP259_N9",-6.48745390865322,-5.80285177553353,"7","#BB9DEA"
"SCP_N9.LPA.GTAGCATGGGATCT","SCP259","SCP259_N9",-6.41271016094204,-5.85509262407479,"7","#BB9DEA"
"SCP_N9.LPA.TAGACGTGGTTCAG","SCP259","SCP259_N9",-6.39483544322963,-5.72643575990853,"7","#BB9DEA"
"SCP_N9.LPA.TCGACGCTGGTACT","SCP259","SCP259_N9",-6.94953677150722,-2.54790745104013,"7","#BB9DEA"
"SCP_N9.LPA.TTAGGGACAACCGT","SCP259","SCP259_N9",-6.2977990815353,-5.30721960390267,"7","#BB9DEA"
"SCP_N9.LPB.AAAGAGACACCATG","SCP259","SCP259_N9",-6.37883564922329,-4.39144239748178,"7","#BB9DEA"
"SCP_N9.LPB.AAATTCGAATCAGC","SCP259","SCP259_N9",-6.46289822551723,-4.56632719362435,"7","#BB9DEA"
"SCP_N9.LPB.AACACTCTTGTTTC","SCP259","SCP259_N9",-6.41123625728603,-4.10526428545175,"7","#BB9DEA"
"SCP_N9.LPB.AACCCAGAGTGCTA","SCP259","SCP259_N9",-5.10322424861904,-5.43605909670053,"7","#BB9DEA"
"SCP_N9.LPB.AAGAAGACATTGGC","SCP259","SCP259_N9",-6.59281584712978,-4.9849263223475,"7","#BB9DEA"
"SCP_N9.LPB.AAGGTCACGGTCTA","SCP259","SCP259_N9",-6.19479844066616,-5.28182897890267,"7","#BB9DEA"
"SCP_N9.LPB.AATCGGTGCATTCT","SCP259","SCP259_N9",-6.5320782372665,-3.98716078127084,"7","#BB9DEA"
"SCP_N9.LPB.AATTGTGAAGCCTA","SCP259","SCP259_N9",-6.3820275971603,-4.87214432085214,"7","#BB9DEA"
"SCP_N9.LPB.ACAATCCTTCGTAG","SCP259","SCP259_N9",-6.49007174465175,-5.12909183824716,"7","#BB9DEA"
"SCP_N9.LPB.ACATTCTGCGTAGT","SCP259","SCP259_N9",-6.47061821910854,-3.37988100374398,"7","#BB9DEA"
"SCP_N9.LPB.ACATTCTGTATCGG","SCP259","SCP259_N9",-5.13569018337246,-5.4129630121058,"7","#BB9DEA"
"SCP_N9.LPB.ACCAGCCTGCTTCC","SCP259","SCP259_N9",-5.41466280910488,-5.29304514253793,"7","#BB9DEA"
"SCP_N9.LPB.ACCCGTTGTTGGCA","SCP259","SCP259_N9",-6.47690960857387,-3.4115563424891,"7","#BB9DEA"
"SCP_N9.LPB.ACCGAAACTGTTCT","SCP259","SCP259_N9",-5.39613196346279,-5.39122257555184,"7","#BB9DEA"
"SCP_N9.LPB.ACCGTGCTATCGTG","SCP259","SCP259_N9",-7.31998917552944,-2.69031105364022,"7","#BB9DEA"
"SCP_N9.LPB.ACCTATTGCCAAGT","SCP259","SCP259_N9",-6.45032593700405,-4.65629396761117,"7","#BB9DEA"
"SCP_N9.LPB.ACGACCCTAAGCCT","SCP259","SCP259_N9",-5.26586625072475,-5.4769540818995,"7","#BB9DEA"
"SCP_N9.LPB.ACGCCTTGCCAAGT","SCP259","SCP259_N9",-6.73334118816372,-3.8992591890162,"7","#BB9DEA"
"SCP_N9.LPB.ACGCGGTGCCGTAA","SCP259","SCP259_N9",-6.85438439342495,-3.12762461031137,"7","#BB9DEA"
"SCP_N9.LPB.ACGGATTGGCAAGG","SCP259","SCP259_N9",-6.27920243236538,-6.33061180437265,"7","#BB9DEA"
"SCP_N9.LPB.ACTTAGCTCATGGT","SCP259","SCP259_N9",-7.05737826320644,-5.87138805711923,"7","#BB9DEA"
"SCP_N9.LPB.AGAGTCACGGGAGT","SCP259","SCP259_N9",-6.36024043056484,-5.03831253374276,"7","#BB9DEA"
"SCP_N9.LPB.AGATTCCTGTGCAT","SCP259","SCP259_N9",-5.61172673198696,-5.38402185762582,"7","#BB9DEA"
"SCP_N9.LPB.AGCCTCTGGGACTT","SCP259","SCP259_N9",-6.6218261429977,-3.80946550691781,"7","#BB9DEA"
"SCP_N9.LPB.AGCTGCCTAGTGCT","SCP259","SCP259_N9",-6.42477175685879,-4.55842361772714,"7","#BB9DEA"
"SCP_N9.LPB.AGGACTTGGAATAG","SCP259","SCP259_N9",-6.4572434136581,-4.89178905809579,"7","#BB9DEA"
"SCP_N9.LPB.AGTTTGCTCTTAGG","SCP259","SCP259_N9",-5.46792790386196,-5.44083366716561,"7","#BB9DEA"
"SCP_N9.LPB.ATCGACGACCAATG","SCP259","SCP259_N9",-6.33568665477749,-5.86655388200936,"7","#BB9DEA"
"SCP_N9.LPB.ATCGCAGAGCAAGG","SCP259","SCP259_N9",-7.08935305568691,-2.94805202806649,"7","#BB9DEA"
"SCP_N9.LPB.ATCGTTTGGGCATT","SCP259","SCP259_N9",-6.82805392238613,-4.16951284731088,"7","#BB9DEA"
"SCP_N9.LPB.ATCTACTGTACAGC","SCP259","SCP259_N9",-6.29101845714565,-6.00140295351205,"7","#BB9DEA"
"SCP_N9.LPB.ATCTTTCTTCAGAC","SCP259","SCP259_N9",-5.26226136180874,-5.38781128252206,"7","#BB9DEA"
"SCP_N9.LPB.ATGGACACATGTGC","SCP259","SCP259_N9",-6.67022940608974,-5.11835632646737,"7","#BB9DEA"
"SCP_N9.LPB.ATGTCGGAAAAAGC","SCP259","SCP259_N9",-6.64600035640713,-5.3901244195765,"7","#BB9DEA"
"SCP_N9.LPB.ATTCCAACACGTAC","SCP259","SCP259_N9",-6.36343857738491,-6.07755337083993,"7","#BB9DEA"
"SCP_N9.LPB.ATTGATGATCCTTA","SCP259","SCP259_N9",-7.07898423168178,-5.65838346803842,"7","#BB9DEA"
"SCP_N9.LPB.CAACAGACACGGGA","SCP259","SCP259_N9",-6.13273140880581,-5.59193621004281,"7","#BB9DEA"
"SCP_N9.LPB.CAAGTTCTTACGAC","SCP259","SCP259_N9",-6.40915581676479,-4.87843904817758,"7","#BB9DEA"
"SCP_N9.LPB.CAATTCACTTAGGC","SCP259","SCP259_N9",-6.34478947612758,-5.20679102266488,"7","#BB9DEA"
"SCP_N9.LPB.CACAGCCTCTTCTA","SCP259","SCP259_N9",-6.50983330699917,-4.16579876268563,"7","#BB9DEA"
"SCP_N9.LPB.CATGTACTTGACTG","SCP259","SCP259_N9",-5.80397126171108,-5.10823545778451,"7","#BB9DEA"
"SCP_N9.LPB.CATGTTTGATACCG","SCP259","SCP259_N9",-6.53849312755581,-5.62766800249276,"7","#BB9DEA"
"SCP_N9.LPB.CCAATTTGGTTTGG","SCP259","SCP259_N9",-6.49371478054043,-4.28275308931527,"7","#BB9DEA"
"SCP_N9.LPB.CCAGATGACTTATC","SCP259","SCP259_N9",-6.58044669124599,-5.07440862978158,"7","#BB9DEA"
"SCP_N9.LPB.CCCAACACAAGCCT","SCP259","SCP259_N9",-6.63977381679531,-4.07940254533944,"7","#BB9DEA"
"SCP_N9.LPB.CCGATAGAAGGGTG","SCP259","SCP259_N9",-6.71484181377407,-6.45607910478768,"7","#BB9DEA"
"SCP_N9.LPB.CGAATCGATCACGA","SCP259","SCP259_N9",-6.97149321529384,-3.24165735567269,"7","#BB9DEA"
"SCP_N9.LPB.CGACCTACGTGAGG","SCP259","SCP259_N9",-6.58973261806484,-3.2411838563746,"7","#BB9DEA"
"SCP_N9.LPB.CGACCTTGCGCATA","SCP259","SCP259_N9",-6.64058539363857,-5.37313471162973,"7","#BB9DEA"
"SCP_N9.LPB.CGCCATACGCGATT","SCP259","SCP259_N9",-6.36110875102993,-4.83808431947885,"7","#BB9DEA"
"SCP_N9.LPB.CGTAACGAGTTCAG","SCP259","SCP259_N9",-6.44073292705532,-4.16241035783944,"7","#BB9DEA"
"SCP_N9.LPB.CGTCAAGATCTCTA","SCP259","SCP259_N9",-6.79917046520229,-4.17405615175424,"7","#BB9DEA"
"SCP_N9.LPB.CGTGATGACCAAGT","SCP259","SCP259_N9",-6.8560676285934,-3.96587477052865,"7","#BB9DEA"
"SCP_N9.LPB.CGTTAACTTTACTC","SCP259","SCP259_N9",-6.43485686275478,-4.65180406892953,"7","#BB9DEA"
"SCP_N9.LPB.CTAACGGAGGTTTG","SCP259","SCP259_N9",-7.29526040050503,-2.56610617960153,"7","#BB9DEA"
"SCP_N9.LPB.CTACGCACTGAAGA","SCP259","SCP259_N9",-6.82511183712002,-4.11825094545541,"7","#BB9DEA"
"SCP_N9.LPB.CTAGGCCTACCAAC","SCP259","SCP259_N9",-6.0440616318893,-5.52432689989266,"7","#BB9DEA"
"SCP_N9.LPB.CTATACTGACCGAT","SCP259","SCP259_N9",-6.40724846813198,-4.5589157136744,"7","#BB9DEA"
"SCP_N9.LPB.CTATCATGAGGGTG","SCP259","SCP259_N9",-5.49907872173305,-5.51185570085702,"7","#BB9DEA"
"SCP_N9.LPB.CTATCATGTTTGGG","SCP259","SCP259_N9",-7.19339034053798,-5.94046125734506,"7","#BB9DEA"
"SCP_N9.LPB.CTCAGCTGTTAGGC","SCP259","SCP259_N9",-7.18328234645839,-5.58327684724984,"7","#BB9DEA"
"SCP_N9.LPB.CTTACAACAAGGCG","SCP259","SCP259_N9",-6.75001618358608,-6.07952604616342,"7","#BB9DEA"
"SCP_N9.LPB.CTTTAGACCTTAGG","SCP259","SCP259_N9",-6.8244309136581,-3.12626848543344,"7","#BB9DEA"
"SCP_N9.LPB.CTTTAGACTTTCTG","SCP259","SCP259_N9",-6.79375311824795,-4.0920253785914,"7","#BB9DEA"
"SCP_N9.LPB.GAAAGTGAGTTGCA","SCP259","SCP259_N9",-6.26168868038173,-4.55194101656137,"7","#BB9DEA"
"SCP_N9.LPB.GAAGGGTGTGCAAC","SCP259","SCP259_N9",-6.91585347148891,-6.23221645677743,"7","#BB9DEA"
"SCP_N9.LPB.GAAGGTCTGCGTTA","SCP259","SCP259_N9",-6.71241137477871,-3.69133434618173,"7","#BB9DEA"
"SCP_N9.LPB.GAAGTCACTGCGTA","SCP259","SCP259_N9",-5.43746945354458,-5.02489099825082,"7","#BB9DEA"
"SCP_N9.LPB.GACAGGGAATCTCT","SCP259","SCP259_N9",-7.21652266475673,-2.59832201326547,"7","#BB9DEA"
"SCP_N9.LPB.GACCATGACATTGG","SCP259","SCP259_N9",-6.46320149394985,-4.25845156038461,"7","#BB9DEA"
"SCP_N9.LPB.GATAAGGAGACTAC","SCP259","SCP259_N9",-6.30906245204921,-3.99994764650521,"7","#BB9DEA"
"SCP_N9.LPB.GATACTCTTCTGGA","SCP259","SCP259_N9",-6.55252072307583,-3.2408906015223,"7","#BB9DEA"
"SCP_N9.LPB.GATAGCACTTCGCC","SCP259","SCP259_N9",-6.51949545833584,-2.86104402864633,"7","#BB9DEA"
"SCP_N9.LPB.GATTCGGACTTCTA","SCP259","SCP259_N9",-6.85569426509853,-3.32382688844857,"7","#BB9DEA"
"SCP_N9.LPB.GCACGTCTAACAGA","SCP259","SCP259_N9",-7.26909634563442,-5.62864456499276,"7","#BB9DEA"
"SCP_N9.LPB.GCAGCGTGTTCTCA","SCP259","SCP259_N9",-6.36634966823574,-5.09448681200204,"7","#BB9DEA"
"SCP_N9.LPB.GCCTAGCTTGGCAT","SCP259","SCP259_N9",-6.31839177104946,-4.93481693590341,"7","#BB9DEA"
"SCP_N9.LPB.GCCTCATGATGCTG","SCP259","SCP259_N9",-6.56571862194057,-5.67181167925057,"7","#BB9DEA"
"SCP_N9.LPB.GCGCGATGGGATCT","SCP259","SCP259_N9",-5.56144520732876,-5.52905044878182,"7","#BB9DEA"
"SCP_N9.LPB.GCGGGACTACCACA","SCP259","SCP259_N9",-6.65719887706753,-5.22567377412973,"7","#BB9DEA"
"SCP_N9.LPB.GCGTAAACAGTTCG","SCP259","SCP259_N9",-6.94491335842129,-5.79137239778695,"7","#BB9DEA"
"SCP_N9.LPB.GCTATACTTCGTAG","SCP259","SCP259_N9",-7.64231631252285,-2.47948966348825,"7","#BB9DEA"
"SCP_N9.LPB.GGACGCTGAGTCTG","SCP259","SCP259_N9",-6.67495152446743,-3.45243606889901,"7","#BB9DEA"
"SCP_N9.LPB.GGACGCTGTCTAGG","SCP259","SCP259_N9",-5.56704470607754,-5.35818682039437,"7","#BB9DEA"
"SCP_N9.LPB.GGAGTTACAAAAGC","SCP259","SCP259_N9",-6.35985514614101,-4.86448345506845,"7","#BB9DEA"
"SCP_N9.LPB.GGCACTCTGGACTT","SCP259","SCP259_N9",-6.63290879222866,-5.51148472154794,"7","#BB9DEA"
"SCP_N9.LPB.GGCCCAGACTCTCG","SCP259","SCP259_N9",-6.60687252971645,-4.11505661333261,"7","#BB9DEA"
"SCP_N9.LPB.GGCCGATGCATGGT","SCP259","SCP259_N9",-6.37794730159755,-5.00126228655038,"7","#BB9DEA"
"SCP_N9.LPB.GGCTAATGCTTACT","SCP259","SCP259_N9",-6.36485287639614,-5.11485824907479,"7","#BB9DEA"
"SCP_N9.LPB.GGCTAATGGTTTGG","SCP259","SCP259_N9",-6.32686755153652,-5.01599321687875,"7","#BB9DEA"
"SCP_N9.LPB.GGTACATGACGTGT","SCP259","SCP259_N9",-6.30084988567348,-4.71950111711679,"7","#BB9DEA"
"SCP_N9.LPB.GGTAGTACTCTAGG","SCP259","SCP259_N9",-6.79381510707851,-4.45156011903939,"7","#BB9DEA"
"SCP_N9.LPB.GGTCTAGAATAAGG","SCP259","SCP259_N9",-7.10730025264736,-2.79149399126229,"7","#BB9DEA"
"SCP_N9.LPB.GGTTTACTCAATCG","SCP259","SCP259_N9",-5.9664101311874,-4.79103575075326,"7","#BB9DEA"
"SCP_N9.LPB.GTATTAGATAGTCG","SCP259","SCP259_N9",-6.47572943660732,-4.0813733133143,"7","#BB9DEA"
"SCP_N9.LPB.GTCACAGACGCATA","SCP259","SCP259_N9",-6.25729557964321,-6.150331595785,"7","#BB9DEA"
"SCP_N9.LPB.GTCCCATGGTCCTC","SCP259","SCP259_N9",-6.73157164546963,-3.34409199083505,"7","#BB9DEA"
"SCP_N9.LPB.GTCTGAGACCACCT","SCP259","SCP259_N9",-6.5730824181747,-5.01583967531381,"7","#BB9DEA"
"SCP_N9.LPB.GTGTATCTGGAGGT","SCP259","SCP259_N9",-6.43141791316982,-5.28123150194345,"7","#BB9DEA"
"SCP_N9.LPB.GTTATGCTACGGGA","SCP259","SCP259_N9",-6.65556809398647,-5.89035044038949,"7","#BB9DEA"
"SCP_N9.LPB.TAAAGACTCCTACC","SCP259","SCP259_N9",-6.41835066768642,-6.23327408159432,"7","#BB9DEA"
"SCP_N9.LPB.TAAAGTTGTAGACC","SCP259","SCP259_N9",-6.97315880748745,-5.86804972017465,"7","#BB9DEA"
"SCP_N9.LPB.TAAATGTGGCATCA","SCP259","SCP259_N9",-6.65896269771572,-4.70870027864633,"7","#BB9DEA"
"SCP_N9.LPB.TAACTAGACGAGAG","SCP259","SCP259_N9",-6.37544629070278,-5.04681644762216,"7","#BB9DEA"
"SCP_N9.LPB.TACGAGACTCTGGA","SCP259","SCP259_N9",-5.87778613063808,-4.1858950647181,"7","#BB9DEA"
"SCP_N9.LPB.TACTCAACCTATTC","SCP259","SCP259_N9",-5.40107724163051,-5.54913959825692,"7","#BB9DEA"
"SCP_N9.LPB.TACTCCCTGTCAAC","SCP259","SCP259_N9",-6.63906571361538,-3.80500994051156,"7","#BB9DEA"
"SCP_N9.LPB.TAGATCCTGGGATG","SCP259","SCP259_N9",-6.94434115383144,-3.06911812151132,"7","#BB9DEA"
"SCP_N9.LPB.TAGTATGAACTAGC","SCP259","SCP259_N9",-7.02612921688076,-2.77864036882577,"7","#BB9DEA"
"SCP_N9.LPB.TAGTGGTGAAGTGA","SCP259","SCP259_N9",-6.63531109783169,-4.16888008440194,"7","#BB9DEA"
"SCP_N9.LPB.TATCTTCTAGATCC","SCP259","SCP259_N9",-6.39348885509487,-5.28229294145761,"7","#BB9DEA"
"SCP_N9.LPB.TATGCGGAACCAAC","SCP259","SCP259_N9",-6.2440070817184,-4.84250603044686,"7","#BB9DEA"
"SCP_N9.LPB.TCAGGATGTCCAGA","SCP259","SCP259_N9",-7.00388094875332,-2.58957872713265,"7","#BB9DEA"
"SCP_N9.LPB.TCATCAACCTAGAC","SCP259","SCP259_N9",-6.7548451134872,-3.28328142488656,"7","#BB9DEA"
"SCP_N9.LPB.TCCATCCTAGGGTG","SCP259","SCP259_N9",-6.49883458110805,-4.79501448000131,"7","#BB9DEA"
"SCP_N9.LPB.TCCCTACTCAGTTG","SCP259","SCP259_N9",-6.83255764934536,-2.89990816438851,"7","#BB9DEA"
"SCP_N9.LPB.TCGATTTGGGGCAA","SCP259","SCP259_N9",-6.34294173213955,-4.86445532167611,"7","#BB9DEA"
"SCP_N9.LPB.TCTATGTGCCCGTT","SCP259","SCP259_N9",-6.06342217418667,-6.07734785402474,"7","#BB9DEA"
"SCP_N9.LPB.TCTGATACCAGTCA","SCP259","SCP259_N9",-6.2204646775436,-6.13440761888681,"7","#BB9DEA"
"SCP_N9.LPB.TGACCAGAACTAGC","SCP259","SCP259_N9",-6.81907793972011,-3.18163023317514,"7","#BB9DEA"
"SCP_N9.LPB.TGAGCTGACGTAGT","SCP259","SCP259_N9",-6.72457501384731,-4.00555095995126,"7","#BB9DEA"
"SCP_N9.LPB.TGAGTCGACTCAAG","SCP259","SCP259_N9",-6.57397934886928,-4.92427692735848,"7","#BB9DEA"
"SCP_N9.LPB.TGATACCTGGAAGC","SCP259","SCP259_N9",-7.18793198558803,-2.58463273370919,"7","#BB9DEA"
"SCP_N9.LPB.TGCGCACTACAGCT","SCP259","SCP259_N9",-6.27114340755459,-4.78256187761483,"7","#BB9DEA"
"SCP_N9.LPB.TGGAAAGACCTCGT","SCP259","SCP259_N9",-6.91585728618618,-2.46241126383004,"7","#BB9DEA"
"SCP_N9.LPB.TGGCACCTCCATGA","SCP259","SCP259_N9",-6.740048379631,-4.17237959230599,"7","#BB9DEA"
"SCP_N9.LPB.TGGTCAGAAGAATG","SCP259","SCP259_N9",-5.63133999797817,-4.60145054186044,"7","#BB9DEA"
"SCP_N9.LPB.TGTAGTCTCTGCTC","SCP259","SCP259_N9",-6.37826106044765,-5.1419783624476,"7","#BB9DEA"
"SCP_N9.LPB.TGTGAGTGTGAACC","SCP259","SCP259_N9",-6.38348290416713,-4.62709198320565,"7","#BB9DEA"
"SCP_N9.LPB.TGTGATCTTCCGAA","SCP259","SCP259_N9",-6.43688103649135,-4.30806455934701,"7","#BB9DEA"
"SCP_N9.LPB.TTACGACTACCGAT","SCP259","SCP259_N9",-6.5751952836227,-5.11615572298226,"7","#BB9DEA"
"SCP_N9.LPB.TTACTCGAAACAGA","SCP259","SCP259_N9",-7.29172989818569,-2.60039625490365,"7","#BB9DEA"
"SCP_N9.LPB.TTAGACCTTACTCT","SCP259","SCP259_N9",-7.44193884822841,-2.66924581850228,"7","#BB9DEA"
"SCP_N9.LPB.TTAGGGACGAGGAC","SCP259","SCP259_N9",-6.42344853374477,-5.2426863702601,"7","#BB9DEA"
"SCP_N9.LPB.TTCCTAGACACCAA","SCP259","SCP259_N9",-6.69044730159755,-3.63097629869638,"7","#BB9DEA"
"SCP_N9.LPB.TTCCTAGATGTTCT","SCP259","SCP259_N9",-6.41379973384853,-4.62536869371591,"7","#BB9DEA"
"SCP_N9.LPB.TTCGATTGACTCAG","SCP259","SCP259_N9",-6.60017725917812,-5.01321325624642,"7","#BB9DEA"
"SCP_N9.LPB.TTTATCCTAACGAA","SCP259","SCP259_N9",-7.08320042583462,-2.93796978319345,"7","#BB9DEA"
"SCP_N10.LPB.GATACTCTGTGTTG","SCP259","SCP259_N10",-3.10088726970669,-4.02680502260385,"7","#BB9DEA"
"SCP_N12.EpiB.TGCTGAGACTATTC","SCP259","SCP259_N12",0.97449496295933,4.02899708425345,"0","#ED90A4"
"SCP_N12.LPB.AACGCATGTTCAGG","SCP259","SCP259_N12",1.9553782036591,4.43243708288016,"0","#ED90A4"
"SCP_N12.LPB.CCAACCTGTGGTCA","SCP259","SCP259_N12",4.40721371677403,-1.41116986597238,"0","#ED90A4"
"SCP_N12.LPB.TCCTACCTGGGTGA","SCP259","SCP259_N12",2.81723835971836,4.96098913823905,"0","#ED90A4"
"SCP_N14.EpiA.ACGCTCACTACTCT","SCP259","SCP259_N14",-7.42615696880337,-5.70283947313485,"7","#BB9DEA"
"SCP_N14.EpiA.AGAGAAACGTTCGA","SCP259","SCP259_N14",-7.39935824367519,-5.86431417787728,"7","#BB9DEA"
"SCP_N15.LPA.GCTATACTACCACA","SCP259","SCP259_N15",-3.36327597591396,-4.10493908250985,"7","#BB9DEA"
"SCP_N19.EpiB.AAACCGTGGCAGAG","SCP259","SCP259_N19",-6.96488520595546,-0.539797285444117,"7","#BB9DEA"
"SCP_N19.EpiB.ACGTCGCTCGTAGT","SCP259","SCP259_N19",5.61997225788121,1.99292542611899,"0","#ED90A4"
"SCP_N19.EpiB.AGTTTGCTCGCTAA","SCP259","SCP259_N19",-7.38890072795864,-5.88482389772592,"7","#BB9DEA"
"SCP_N19.EpiB.ATGATAACGAATCC","SCP259","SCP259_N19",5.68932250049595,2.94847085153403,"0","#ED90A4"
"SCP_N19.EpiB.TCTCTAGATTCATC","SCP259","SCP259_N19",6.12659075763706,0.712477823846959,"0","#ED90A4"
"SCP_N19.EpiB.TGCTTAACATTCGG","SCP259","SCP259_N19",-7.40634724590297,-5.96345768297372,"7","#BB9DEA"
"SCP_N19.LPB.AACAGCACAGACTC","SCP259","SCP259_N19",-7.22204300853725,-5.88387976015267,"7","#BB9DEA"
"SCP_N21.EpiA.CAGCTCTGGATGAA","SCP259","SCP259_N21",-3.79558655712124,-3.67458734834848,"7","#BB9DEA"
"SCP_N21.EpiA.GAATGCACTGACTG","SCP259","SCP259_N21",-3.73935410472866,-3.48474226320443,"7","#BB9DEA"
"SCP_N21.LPA.TAGTTCACCGTACA","SCP259","SCP259_N21",-3.40804931613918,-4.10800037706552,"7","#BB9DEA"
"SCP_N23.EpiA.AACCGCGCATTTCAGG","SCP259","SCP259_N23",-0.714889497489889,-1.37848959291635,"4","#1DC199"
"SCP_N23.EpiA.ACATGGTTCTTTACAC","SCP259","SCP259_N23",-4.2901463219833,-4.36283502901254,"4","#1DC199"
"SCP_N23.EpiA.ACGGGCTGTTATGCGT","SCP259","SCP259_N23",-3.6163923451614,-2.91752586687265,"4","#1DC199"
"SCP_N23.EpiA.ACTGAACGTACCGCTG","SCP259","SCP259_N23",-4.32494780513759,-4.22066746080575,"4","#1DC199"
"SCP_N23.EpiA.ACTGATGCAGTATAAG","SCP259","SCP259_N23",-7.19287917110439,0.889656623953008,"4","#1DC199"
"SCP_N23.EpiA.AGATCTGGTCTAACGT","SCP259","SCP259_N23",1.6835835268784,-2.01645026529489,"1","#DC9E70"
"SCP_N23.EpiA.CACAAACCAATCCGAT","SCP259","SCP259_N23",-0.660297424526174,-0.453751304990626,"1","#DC9E70"
"SCP_N23.EpiA.CACCAGGAGACTAGGC","SCP259","SCP259_N23",-0.986195177764852,-1.16567430818734,"0","#ED90A4"
"SCP_N23.EpiA.CAGCCGAGTATCTGCA","SCP259","SCP259_N23",-2.74192711803432,-1.67895541513619,"4","#1DC199"
"SCP_N23.EpiA.CATCCACTCGGCGGTT","SCP259","SCP259_N23",-2.78535148593899,-2.20238480890451,"4","#1DC199"
"SCP_N23.EpiA.CCCATACTCTGCGACG","SCP259","SCP259_N23",1.61422827747349,-0.512775042898036,"1","#DC9E70"
"SCP_N23.EpiA.CCTACCACATTACGAC","SCP259","SCP259_N23",-3.58113977405544,-4.19090948427377,"4","#1DC199"
"SCP_N23.EpiA.CCTATTAGTACTTGAC","SCP259","SCP259_N23",-3.81032750102993,-3.34099207246957,"4","#1DC199"
"SCP_N23.EpiA.CGCGGTAGTTGGACCC","SCP259","SCP259_N23",0.101275122730772,-0.688665727025843,"1","#DC9E70"
"SCP_N23.EpiA.CGCTGGAGTGGTTTCA","SCP259","SCP259_N23",1.6932201674271,-2.14333687151132,"1","#DC9E70"
"SCP_N23.EpiA.CGGAGCTCATCCGTGG","SCP259","SCP259_N23",-4.28034827205654,-4.33679733598886,"4","#1DC199"
"SCP_N23.EpiA.CGTCCATGTATTACCG","SCP259","SCP259_N23",-3.88379380199428,-3.59563551271615,"4","#1DC199"
"SCP_N23.EpiA.CTAACTTAGTTAAGTG","SCP259","SCP259_N23",-6.21229598018642,0.192506333940648,"4","#1DC199"
"SCP_N23.EpiA.CTACACCGTGAGGGTT","SCP259","SCP259_N23",-5.10441395732876,-0.439352491742945,"4","#1DC199"
"SCP_N23.EpiA.CTAGAGTAGAGAACAG","SCP259","SCP259_N23",-5.11107584926601,-0.445681193715907,"4","#1DC199"
"SCP_N23.EpiA.CTCGTCATCCTTGGTC","SCP259","SCP259_N23",-6.08414837810512,-1.65388331735787,"5","#00BFC8"
"SCP_N23.EpiA.GACGGCTAGCAATATG","SCP259","SCP259_N23",-6.15327259990688,0.0998586622411244,"4","#1DC199"
"SCP_N23.EpiA.GACGTGCCACCGAATT","SCP259","SCP259_N23",-4.0755500504684,-4.21454153383432,"4","#1DC199"
"SCP_N23.EpiA.GACTAACGTAAGAGAG","SCP259","SCP259_N23",0.988396554260294,-0.610862115270472,"1","#DC9E70"
"SCP_N23.EpiA.GATGCTATCATGGTCA","SCP259","SCP259_N23",-1.07149371597286,-0.764195302373744,"1","#DC9E70"
"SCP_N23.EpiA.GCGCAGTAGTCGAGTG","SCP259","SCP259_N23",-1.04775211307522,-0.68103728616891,"1","#DC9E70"
"SCP_N23.EpiA.GGACGTCTCGAGGTAG","SCP259","SCP259_N23",-4.0720967957687,-4.01153288210092,"4","#1DC199"
"SCP_N23.EpiA.GGCGTGTTCTTACCTA","SCP259","SCP259_N23",2.59956696537022,0.202927252405309,"0","#ED90A4"
"SCP_N23.EpiA.GGGAATGGTCGCCATG","SCP259","SCP259_N23",-4.33311030361171,-4.34354029024301,"4","#1DC199"
"SCP_N23.EpiA.GTAACGTAGTACGCCC","SCP259","SCP259_N23",-7.75730654689785,-0.642031768209315,"5","#00BFC8"
"SCP_N23.EpiA.GTACTTTCACTTCGAA","SCP259","SCP259_N23",-5.40870902034755,-0.238660314924098,"4","#1DC199"
"SCP_N23.EpiA.GTACTTTGTCTGATCA","SCP259","SCP259_N23",5.35750582721714,1.10701819335761,"1","#DC9E70"
"SCP_N23.EpiA.GTGCTTCCATACGCTA","SCP259","SCP259_N23",-3.6985342213821,-2.84298954332528,"4","#1DC199"
"SCP_N23.EpiA.TACACGAGTAGCGCTC","SCP259","SCP259_N23",-4.31349465343471,-4.30701313341317,"4","#1DC199"
"SCP_N23.EpiA.TACCTTAAGATCTGAA","SCP259","SCP259_N23",1.47578695323948,-0.540161946660853,"1","#DC9E70"
"SCP_N23.EpiA.TAGAGCTGTGTCTGAT","SCP259","SCP259_N23",-4.74665114376064,-0.987223008519984,"4","#1DC199"
"SCP_N23.EpiA.TCGTACCAGGGTATCG","SCP259","SCP259_N23",-6.00048062297817,0.10540880834403,"4","#1DC199"
"SCP_N23.EpiA.TCGTAGAGTAAGTTCC","SCP259","SCP259_N23",2.4179323008347,0.0687374082738392,"0","#ED90A4"
"SCP_N23.EpiA.TCGTAGATCCGCAAGC","SCP259","SCP259_N23",-4.28752562496181,-4.31301460588632,"4","#1DC199"
"SCP_N23.EpiA.TGCCCATGTCTTGTCC","SCP259","SCP259_N23",-7.22379919979091,-0.298599341756678,"4","#1DC199"
"SCP_N23.EpiA.TGCCCATGTGAGGGTT","SCP259","SCP259_N23",-3.08567401859279,-0.958270171529628,"4","#1DC199"
"SCP_N23.EpiA.TTCGAAGGTGGTCTCG","SCP259","SCP259_N23",-4.04687306377407,-4.21236620271859,"4","#1DC199"
"SCP_N23.EpiB.AAACCTGAGCCATCGC","SCP259","SCP259_N23",-5.89616105052944,-0.0093611272638805,"4","#1DC199"
"SCP_N23.EpiB.AAACCTGAGGCAAAGA","SCP259","SCP259_N23",-2.33760926219936,-1.19872818315682,"4","#1DC199"
"SCP_N23.EpiB.AAACCTGAGTCCTCCT","SCP259","SCP259_N23",-7.90033575984951,-1.08722243631539,"5","#00BFC8"
"SCP_N23.EpiB.AAACCTGCAGGGTATG","SCP259","SCP259_N23",-6.47186419460293,-1.31202349985299,"5","#00BFC8"
"SCP_N23.EpiB.AAAGATGGTAGCCTAT","SCP259","SCP259_N23",-6.38722989055629,-0.472166517621852,"4","#1DC199"
"SCP_N23.EpiB.AAAGATGGTCGTGGCT","SCP259","SCP259_N23",-7.31427523586269,-0.452578166372157,"5","#00BFC8"
"SCP_N23.EpiB.AAAGATGTCCCGACTT","SCP259","SCP259_N23",-5.63544985744472,-0.636874535924769,"4","#1DC199"
"SCP_N23.EpiB.AAAGCAAAGTAGGCCA","SCP259","SCP259_N23",-6.73500630352016,-0.39200399244485,"5","#00BFC8"
"SCP_N23.EpiB.AAAGCAACACCTCGTT","SCP259","SCP259_N23",0.223874704918604,-0.588509419805384,"1","#DC9E70"
"SCP_N23.EpiB.AAAGTAGAGCACACAG","SCP259","SCP259_N23",-7.75767228099819,-0.730422118551112,"5","#00BFC8"
"SCP_N23.EpiB.AAAGTAGAGTGGTAAT","SCP259","SCP259_N23",-6.15022274944301,-0.118654588109828,"4","#1DC199"
"SCP_N23.EpiB.AAAGTAGGTTCCGTCT","SCP259","SCP259_N23",-2.79618665668484,-1.96925506914315,"4","#1DC199"
"SCP_N23.EpiB.AAAGTAGTCTTACCGC","SCP259","SCP259_N23",1.61197879817967,-0.436261156446315,"1","#DC9E70"
"SCP_N23.EpiB.AACACGTAGGTGCTAG","SCP259","SCP259_N23",-3.56182405445095,-1.3071394952601,"4","#1DC199"
"SCP_N23.EpiB.AACACGTCATCACCCT","SCP259","SCP259_N23",-6.15926215145107,0.132403751962804,"4","#1DC199"
"SCP_N23.EpiB.AACACGTCATTGTGCA","SCP259","SCP259_N23",-7.26737019512172,-1.77632961595712,"5","#00BFC8"
"SCP_N23.EpiB.AACACGTGTCTTCGTC","SCP259","SCP259_N23",-8.15351244899746,-1.49704561556039,"5","#00BFC8"
"SCP_N23.EpiB.AACCATGGTCTTCTCG","SCP259","SCP259_N23",-7.99134394618984,-1.38113675440011,"5","#00BFC8"
"SCP_N23.EpiB.AACCATGGTGAAAGAG","SCP259","SCP259_N23",-6.16270062419887,-0.0950875076120861,"4","#1DC199"
"SCP_N23.EpiB.AACCGCGAGATGAGAG","SCP259","SCP259_N23",-4.06545063945766,-0.920764068014003,"4","#1DC199"
"SCP_N23.EpiB.AACGTTGAGCTGTTCA","SCP259","SCP259_N23",0.730695932178537,-2.08499155367074,"4","#1DC199"
"SCP_N23.EpiB.AACTCAGGTGGCTCCA","SCP259","SCP259_N23",-3.73847934696194,-1.13618789041696,"4","#1DC199"
"SCP_N23.EpiB.AACTCCCAGCGTCAAG","SCP259","SCP259_N23",-7.63013550731655,-0.248232701665736,"4","#1DC199"
"SCP_N23.EpiB.AACTCCCAGTAATCCC","SCP259","SCP259_N23",-2.83355328533169,-1.92820630396066,"4","#1DC199"
"SCP_N23.EpiB.AACTCCCCATTCACTT","SCP259","SCP259_N23",-7.38755413982387,0.330561181657933,"4","#1DC199"
"SCP_N23.EpiB.AACTCTTAGAGTAAGG","SCP259","SCP259_N23",-5.82339426967617,-1.27473244989572,"4","#1DC199"
"SCP_N23.EpiB.AACTCTTTCTTTAGGG","SCP259","SCP259_N23",-8.34650561305996,-1.28552518213449,"5","#00BFC8"
"SCP_N23.EpiB.AACTTTCGTAAAGTCA","SCP259","SCP259_N23",-3.01321289035793,-1.73947606409249,"4","#1DC199"
"SCP_N23.EpiB.AACTTTCGTCAGATAA","SCP259","SCP259_N23",-2.60025379154201,-2.65797815645394,"4","#1DC199"
"SCP_N23.EpiB.AACTTTCGTGATGATA","SCP259","SCP259_N23",-4.78373381587978,-0.773195842153407,"4","#1DC199"
"SCP_N23.EpiB.AAGACCTTCATCATTC","SCP259","SCP259_N23",-7.95675799343105,-0.781777957326747,"5","#00BFC8"
"SCP_N23.EpiB.AAGCCGCAGTCTCCTC","SCP259","SCP259_N23",-7.48333260509487,-1.45780120218453,"5","#00BFC8"
"SCP_N23.EpiB.AAGCCGCGTGGTCCGT","SCP259","SCP259_N23",-8.11357066127773,-0.761994937307215,"5","#00BFC8"
"SCP_N23.EpiB.AAGGCAGCATTCGACA","SCP259","SCP259_N23",-5.32475230190273,-0.391020992643214,"4","#1DC199"
"SCP_N23.EpiB.AAGGTTCCACGGACAA","SCP259","SCP259_N23",-8.18731257411953,-1.53842816675363,"5","#00BFC8"
"SCP_N23.EpiB.AAGGTTCCATACTCTT","SCP259","SCP259_N23",-7.91105505916591,-1.71651373232064,"5","#00BFC8"
"SCP_N23.EpiB.AAGTCTGGTCGCTTCT","SCP259","SCP259_N23",-8.70219561550136,-1.62202892625985,"5","#00BFC8"
"SCP_N23.EpiB.ACACCAACAATAGCGG","SCP259","SCP259_N23",-6.04158446285244,0.0454875436955922,"4","#1DC199"
"SCP_N23.EpiB.ACACCAAGTACAGCAG","SCP259","SCP259_N23",-1.73014161083217,-2.02887449587045,"0","#ED90A4"
"SCP_N23.EpiB.ACACCAATCGCCCTTA","SCP259","SCP259_N23",-7.93771407100673,-1.48558769548593,"5","#00BFC8"
"SCP_N23.EpiB.ACACCCTGTCCGAACC","SCP259","SCP259_N23",-8.7084812829208,-1.59664068544564,"5","#00BFC8"
"SCP_N23.EpiB.ACACCCTTCGCGTAGC","SCP259","SCP259_N23",1.02328893449787,-1.94327316606698,"4","#1DC199"
"SCP_N23.EpiB.ACACCGGCACTTCGAA","SCP259","SCP259_N23",-7.40720364543911,-1.20173535669503,"5","#00BFC8"
"SCP_N23.EpiB.ACACCGGTCAGCTGGC","SCP259","SCP259_N23",-7.3691291520309,-1.62820444429574,"5","#00BFC8"
"SCP_N23.EpiB.ACACTGACATTGCGGC","SCP259","SCP259_N23",-4.27552601787563,-4.10829363191781,"4","#1DC199"
"SCP_N23.EpiB.ACACTGATCTAACTCT","SCP259","SCP259_N23",-6.68112847301479,-0.817618468648768,"5","#00BFC8"
"SCP_N23.EpiB.ACAGCCGTCAACGCTA","SCP259","SCP259_N23",-7.77840373012539,0.404627582185888,"4","#1DC199"
"SCP_N23.EpiB.ACAGCTAAGCACAGGT","SCP259","SCP259_N23",-7.69563815090175,0.51196648752036,"4","#1DC199"
"SCP_N23.EpiB.ACATACGGTACAGTGG","SCP259","SCP259_N23",-7.93492934200283,-0.544539073354579,"5","#00BFC8"
"SCP_N23.EpiB.ACATACGTCGCAGGCT","SCP259","SCP259_N23",1.39595606830601,-1.93379650438485,"1","#DC9E70"
"SCP_N23.EpiB.ACATCAGAGTGGAGAA","SCP259","SCP259_N23",-5.92527625057216,-0.52378139818368,"4","#1DC199"
"SCP_N23.EpiB.ACATCAGGTGTTTGTG","SCP259","SCP259_N23",-3.55991050693508,-1.45316372240243,"4","#1DC199"
"SCP_N23.EpiB.ACATCAGTCACAACGT","SCP259","SCP259_N23",-0.242046178312261,-0.615796903020716,"1","#DC9E70"
"SCP_N23.EpiB.ACATGGTAGGTGATTA","SCP259","SCP259_N23",-7.545055360527,0.281964441888952,"4","#1DC199"
"SCP_N23.EpiB.ACCCACTGTCACACGC","SCP259","SCP259_N23",-7.69674059841152,-1.02710423792062,"5","#00BFC8"
"SCP_N23.EpiB.ACCCACTGTCTCAACA","SCP259","SCP259_N23",0.00777608063701829,-0.76294908846078,"1","#DC9E70"
"SCP_N23.EpiB.ACCTTTACAACACCCG","SCP259","SCP259_N23",-8.35984560939785,-1.47673831308541,"5","#00BFC8"
"SCP_N23.EpiB.ACGAGCCCACAAGACG","SCP259","SCP259_N23",-2.85173341724392,-1.93076954210458,"4","#1DC199"
"SCP_N23.EpiB.ACGAGGAAGCGTAATA","SCP259","SCP259_N23",-7.7118558594894,-1.55988464677987,"5","#00BFC8"
"SCP_N23.EpiB.ACGAGGAAGTCTTGCA","SCP259","SCP259_N23",-8.24289462062832,-1.38266120279489,"5","#00BFC8"
"SCP_N23.EpiB.ACGAGGAGTTCAGGCC","SCP259","SCP259_N23",-6.86445376369472,-0.724627831823207,"5","#00BFC8"
"SCP_N23.EpiB.ACGATACGTATGCTTG","SCP259","SCP259_N23",-5.0867829034042,-0.740395406133509,"4","#1DC199"
"SCP_N23.EpiB.ACGGGCTCATCGATTG","SCP259","SCP259_N23",-6.72516772243496,-1.39849958742318,"5","#00BFC8"
"SCP_N23.EpiB.ACGGGCTGTCCCGACA","SCP259","SCP259_N23",-7.8987135598373,-0.821276763326503,"5","#00BFC8"
"SCP_N23.EpiB.ACGTCAAAGCTCAACT","SCP259","SCP259_N23",-8.23995635005947,-1.77629456842599,"5","#00BFC8"
"SCP_N23.EpiB.ACGTCAACAGGCTCAC","SCP259","SCP259_N23",-4.1551422784042,-1.08438453996835,"4","#1DC199"
"SCP_N23.EpiB.ACTGAGTAGGGTCGAT","SCP259","SCP259_N23",-6.90625235530849,0.219920536630773,"4","#1DC199"
"SCP_N23.EpiB.ACTGAGTGTCTAGGTT","SCP259","SCP259_N23",-4.7822150895309,-1.1338418515986,"4","#1DC199"
"SCP_N23.EpiB.ACTGATGCACCGATAT","SCP259","SCP259_N23",-4.23160263988491,-4.18924198473153,"4","#1DC199"
"SCP_N23.EpiB.ACTGATGCATCTGGTA","SCP259","SCP259_N23",-7.93862578365322,-1.53535304392037,"5","#00BFC8"
"SCP_N23.EpiB.ACTGATGTCCTGTACC","SCP259","SCP259_N23",-6.2089113900375,-0.261218050367213,"4","#1DC199"
"SCP_N23.EpiB.ACTGCTCTCAAACCAC","SCP259","SCP259_N23",-5.36232039424892,-0.369512179738856,"4","#1DC199"
"SCP_N23.EpiB.ACTGTCCCACCCTATC","SCP259","SCP259_N23",-5.58075282070156,-0.423809269315577,"4","#1DC199"
"SCP_N23.EpiB.ACTGTCCTCACCACCT","SCP259","SCP259_N23",-3.79607150051113,-1.20049820268807,"4","#1DC199"
"SCP_N23.EpiB.ACTTGTTTCACTGGGC","SCP259","SCP259_N23",-8.32238528224941,-1.32963381136117,"5","#00BFC8"
"SCP_N23.EpiB.AGAATAGCACCGATAT","SCP259","SCP259_N23",-7.76711890193935,-1.32350097025094,"5","#00BFC8"
"SCP_N23.EpiB.AGAATAGTCCTCAATT","SCP259","SCP259_N23",-2.66257974597927,-1.52735171640573,"4","#1DC199"
"SCP_N23.EpiB.AGACGTTTCATCACCC","SCP259","SCP259_N23",-8.39839884731289,-1.55686197603402,"5","#00BFC8"
"SCP_N23.EpiB.AGAGCTTTCACATACG","SCP259","SCP259_N23",-8.28532263729091,-1.74456820810494,"5","#00BFC8"
"SCP_N23.EpiB.AGATCTGCAAACAACA","SCP259","SCP259_N23",-3.28976771327968,-1.49643073404489,"4","#1DC199"
"SCP_N23.EpiB.AGATCTGCAAGGTGTG","SCP259","SCP259_N23",-3.87888714763637,-1.27460084284005,"4","#1DC199"
"SCP_N23.EpiB.AGATCTGTCCTTTCTC","SCP259","SCP259_N23",-7.53190514537807,-0.566639164335109,"5","#00BFC8"
"SCP_N23.EpiB.AGATTGCAGCGGCTTC","SCP259","SCP259_N23",-5.38763663265224,-0.433425763494349,"4","#1DC199"
"SCP_N23.EpiB.AGCAGCCCATAGACTC","SCP259","SCP259_N23",-5.56204983684536,-0.725504973775721,"4","#1DC199"
"SCP_N23.EpiB.AGCAGCCGTGAAAGAG","SCP259","SCP259_N23",-7.0833534905624,-0.759627679235316,"5","#00BFC8"
"SCP_N23.EpiB.AGCAGCCTCACGATGT","SCP259","SCP259_N23",-5.19200274440761,-0.556351283437587,"4","#1DC199"
"SCP_N23.EpiB.AGCATACAGGCGCTCT","SCP259","SCP259_N23",0.179727825342457,-0.681577781087733,"1","#DC9E70"
"SCP_N23.EpiB.AGCCTAACATATGAGA","SCP259","SCP259_N23",-7.83629080745693,-1.50151453340707,"5","#00BFC8"
"SCP_N23.EpiB.AGCCTAAGTCATACTG","SCP259","SCP259_N23",-7.74274775478359,0.154323121660375,"4","#1DC199"
"SCP_N23.EpiB.AGCCTAAGTGGTTTCA","SCP259","SCP259_N23",-7.85066172573086,-0.716384271032191,"5","#00BFC8"
"SCP_N23.EpiB.AGCCTAATCGTTGCCT","SCP259","SCP259_N23",-5.13158938381191,-0.691592553502894,"4","#1DC199"
"SCP_N23.EpiB.AGCGGTCGTTCAACCA","SCP259","SCP259_N23",-6.94680830928798,-0.562855461484767,"5","#00BFC8"
"SCP_N23.EpiB.AGCGTATCAGTTTACG","SCP259","SCP259_N23",-6.90066334697719,0.348063012712621,"4","#1DC199"
"SCP_N23.EpiB.AGCGTATGTATCGCAT","SCP259","SCP259_N23",-2.88406726810451,-1.8265486749476,"4","#1DC199"
"SCP_N23.EpiB.AGCGTATGTCCCTACT","SCP259","SCP259_N23",-7.04715582820888,0.59899338161292,"4","#1DC199"
"SCP_N23.EpiB.AGCGTCGAGGTAGCCA","SCP259","SCP259_N23",-2.69805547687527,-2.85796223009286,"4","#1DC199"
"SCP_N23.EpiB.AGCTCCTCAAGCGCTC","SCP259","SCP259_N23",-8.39536902400966,-1.1550136598414,"5","#00BFC8"
"SCP_N23.EpiB.AGCTCCTTCCGCATAA","SCP259","SCP259_N23",0.85652598646168,-1.86061940515695,"4","#1DC199"
"SCP_N23.EpiB.AGCTCTCAGAATCTCC","SCP259","SCP259_N23",-7.51591870281215,0.285574099176549,"4","#1DC199"
"SCP_N23.EpiB.AGCTCTCTCTTTACAC","SCP259","SCP259_N23",-7.93384501430507,-0.756358483678675,"5","#00BFC8"
"SCP_N23.EpiB.AGGCCACAGTGACTCT","SCP259","SCP259_N23",-3.61051365825649,-3.78316173875985,"4","#1DC199"
"SCP_N23.EpiB.AGGCCACTCTACCAGA","SCP259","SCP259_N23",-7.80028769466396,-0.751674750692225,"5","#00BFC8"
"SCP_N23.EpiB.AGGCCGTAGCAGCCTC","SCP259","SCP259_N23",-7.46359393093105,0.0937490669423573,"4","#1DC199"
"SCP_N23.EpiB.AGGCCGTTCTCTTGAT","SCP259","SCP259_N23",-3.64051577541347,-1.5024233850306,"4","#1DC199"
"SCP_N23.EpiB.AGGGAGTAGGAGTTTA","SCP259","SCP259_N23",-6.95072266551967,0.662367304914617,"4","#1DC199"
"SCP_N23.EpiB.AGGGATGAGGGAGTAA","SCP259","SCP259_N23",-8.45428893062588,-1.72604809129891,"5","#00BFC8"
"SCP_N23.EpiB.AGGGATGCAGATCGGA","SCP259","SCP259_N23",-4.26143738719936,-0.931426385290004,"4","#1DC199"
"SCP_N23.EpiB.AGGGATGCAGCGATCC","SCP259","SCP259_N23",-6.81164643260952,0.597692212217473,"4","#1DC199"
"SCP_N23.EpiB.AGGGATGGTCTCGTTC","SCP259","SCP259_N23",-7.52466008159633,0.196108957880162,"4","#1DC199"
"SCP_N23.EpiB.AGGGTGAAGCTGAACG","SCP259","SCP259_N23",-3.0525586316299,-1.96839533174691,"4","#1DC199"
"SCP_N23.EpiB.AGGGTGATCATGCATG","SCP259","SCP259_N23",-0.581004829139669,0.466003557794713,"0","#ED90A4"
"SCP_N23.EpiB.AGGTCATAGAAGAAGC","SCP259","SCP259_N23",-7.96239230129238,-0.653533080465174,"5","#00BFC8"
"SCP_N23.EpiB.AGGTCCGTCATCGATG","SCP259","SCP259_N23",-5.43998906108852,-1.1579957994288,"4","#1DC199"
"SCP_N23.EpiB.AGTCTTTAGATGTTAG","SCP259","SCP259_N23",-7.75735995265957,0.401129862421178,"4","#1DC199"
"SCP_N23.EpiB.AGTCTTTGTAAATGTG","SCP259","SCP259_N23",-5.21314188930507,-0.599493125326014,"4","#1DC199"
"SCP_N23.EpiB.AGTGAGGGTTCTGGTA","SCP259","SCP259_N23",-5.96180436107631,-0.359553554899073,"4","#1DC199"
"SCP_N23.EpiB.AGTGGGAAGACGACGT","SCP259","SCP259_N23",-7.20052811595913,0.440529665105962,"4","#1DC199"
"SCP_N23.EpiB.AGTGTCATCACTCCTG","SCP259","SCP259_N23",-4.83530995342251,-0.717360595113612,"4","#1DC199"
"SCP_N23.EpiB.AGTGTCATCCGAAGAG","SCP259","SCP259_N23",-6.25770804378505,0.134884616487645,"4","#1DC199"
"SCP_N23.EpiB.AGTTGGTAGAGACTAT","SCP259","SCP259_N23",-6.43324181529995,0.272383472078466,"4","#1DC199"
"SCP_N23.EpiB.AGTTGGTCAATGCCAT","SCP259","SCP259_N23",-6.92159411403652,-0.671887019521571,"5","#00BFC8"
"SCP_N23.EpiB.ATAACGCGTAGCGCAA","SCP259","SCP259_N23",-4.23941466304775,-0.863343099004603,"4","#1DC199"
"SCP_N23.EpiB.ATAACGCTCTCCAGGG","SCP259","SCP259_N23",-4.41691443416591,-0.853238919622279,"4","#1DC199"
"SCP_N23.EpiB.ATAAGAGGTCAGGACA","SCP259","SCP259_N23",-7.21544453594204,-1.4975474866694,"5","#00BFC8"
"SCP_N23.EpiB.ATAAGAGGTCCGAAGA","SCP259","SCP259_N23",-5.08222910854336,-1.04669866884408,"4","#1DC199"
"SCP_N23.EpiB.ATAAGAGGTTGTACAC","SCP259","SCP259_N23",1.32661250141148,-1.07366547907052,"1","#DC9E70"
"SCP_N23.EpiB.ATAGACCAGGCATGTG","SCP259","SCP259_N23",-5.81070134136196,-1.14104304636178,"4","#1DC199"
"SCP_N23.EpiB.ATAGACCGTGGTGTAG","SCP259","SCP259_N23",-7.72801205608364,0.348547836893224,"4","#1DC199"
"SCP_N23.EpiB.ATAGACCTCCGCAGTG","SCP259","SCP259_N23",-2.42900368663784,-2.5531054529017,"4","#1DC199"
"SCP_N23.EpiB.ATCACGACACCACGTG","SCP259","SCP259_N23",-5.42569586727138,-0.377057889348841,"4","#1DC199"
"SCP_N23.EpiB.ATCATCTCACCATGTA","SCP259","SCP259_N23",-7.16229483577724,-0.130631783849574,"4","#1DC199"
"SCP_N23.EpiB.ATCATCTGTACATCCA","SCP259","SCP259_N23",-5.06849524471279,-0.563164571172572,"4","#1DC199"
"SCP_N23.EpiB.ATCATCTTCAACACCA","SCP259","SCP259_N23",-7.87226054164882,-1.38820491159616,"5","#00BFC8"
"SCP_N23.EpiB.ATCCACCCATACGCTA","SCP259","SCP259_N23",-4.95578810665127,-0.604521611577845,"4","#1DC199"
"SCP_N23.EpiB.ATCCACCGTTCGCGAC","SCP259","SCP259_N23",-6.90700909587856,-0.256307819730616,"4","#1DC199"
"SCP_N23.EpiB.ATCCGAAAGATAGTCA","SCP259","SCP259_N23",-7.84734198543545,-1.71836982095895,"5","#00BFC8"
"SCP_N23.EpiB.ATCGAGTCACAAGTAA","SCP259","SCP259_N23",1.47282639053349,-2.02519498193917,"1","#DC9E70"
"SCP_N23.EpiB.ATCGAGTCATACGCCG","SCP259","SCP259_N23",-4.37320801708217,-0.86105642641244,"4","#1DC199"
"SCP_N23.EpiB.ATCGAGTGTATGAATG","SCP259","SCP259_N23",-5.85077712032314,-1.44674120271859,"4","#1DC199"
"SCP_N23.EpiB.ATCGAGTTCGCGCCAA","SCP259","SCP259_N23",-5.16919085475918,-0.388954618818141,"4","#1DC199"
"SCP_N23.EpiB.ATGAGGGCACGGTAAG","SCP259","SCP259_N23",1.68117132690434,-2.24840293253121,"1","#DC9E70"
"SCP_N23.EpiB.ATGAGGGGTCTCCATC","SCP259","SCP259_N23",-8.23647925350185,-0.52543733442483,"5","#00BFC8"
"SCP_N23.EpiB.ATGCGATAGTGGTCCC","SCP259","SCP259_N23",-2.96262928936001,-2.30923710191903,"4","#1DC199"
"SCP_N23.EpiB.ATGCGATTCTCACATT","SCP259","SCP259_N23",-7.30656859371181,-1.12023029649911,"5","#00BFC8"
"SCP_N23.EpiB.ATGGGAGTCACGGTTA","SCP259","SCP259_N23",0.850875644950907,-0.756759980565882,"1","#DC9E70"
"SCP_N23.EpiB.ATGTGTGAGCTAGTCT","SCP259","SCP259_N23",-8.35305163356777,-1.24618015611825,"5","#00BFC8"
"SCP_N23.EpiB.ATGTGTGCACCTGGTG","SCP259","SCP259_N23",-7.56710335704799,-0.188143232709742,"4","#1DC199"
"SCP_N23.EpiB.ATTACTCCATGGATGG","SCP259","SCP259_N23",-7.04225728008266,-0.479062655813075,"5","#00BFC8"
"SCP_N23.EpiB.ATTACTCGTGATGTCT","SCP259","SCP259_N23",1.6039490988541,-0.732189753896571,"1","#DC9E70"
"SCP_N23.EpiB.ATTATCCGTCATACTG","SCP259","SCP259_N23",-7.96834990474697,-0.733466962224818,"5","#00BFC8"
"SCP_N23.EpiB.ATTATCCGTTATCCGA","SCP259","SCP259_N23",0.971943705349009,-1.08194718683419,"1","#DC9E70"
"SCP_N23.EpiB.ATTGGACCAAGCCTAT","SCP259","SCP259_N23",-5.22941300365444,-0.486958483106471,"4","#1DC199"
"SCP_N23.EpiB.ATTGGTGAGACGCACA","SCP259","SCP259_N23",-7.24865099880214,1.02743240272345,"4","#1DC199"
"SCP_N23.EpiB.ATTGGTGGTCTAACGT","SCP259","SCP259_N23",-7.72637173625942,-1.42846403444467,"5","#00BFC8"
"SCP_N23.EpiB.ATTTCTGCATTAACCG","SCP259","SCP259_N23",-4.82264515850063,-0.461402514821864,"4","#1DC199"
"SCP_N23.EpiB.CAACCAAAGCCAGAAC","SCP259","SCP259_N23",-7.62964102718349,0.633438190572881,"4","#1DC199"
"SCP_N23.EpiB.CAACCAAAGCGTGAAC","SCP259","SCP259_N23",-3.93518158885952,-0.87055931413827,"4","#1DC199"
"SCP_N23.EpiB.CAACCAATCAGTTGAC","SCP259","SCP259_N23",-5.4102725693893,-1.180121281988,"4","#1DC199"
"SCP_N23.EpiB.CAACCTCAGTATGACA","SCP259","SCP259_N23",-5.83599802944179,-0.446256855375148,"4","#1DC199"
"SCP_N23.EpiB.CAACCTCCAAGTACCT","SCP259","SCP259_N23",-5.44863650295254,-0.589396336919642,"4","#1DC199"
"SCP_N23.EpiB.CAACCTCTCAATCTCT","SCP259","SCP259_N23",-8.02488944026943,-1.28907046640573,"5","#00BFC8"
"SCP_N23.EpiB.CAAGAAAAGGACGAAA","SCP259","SCP259_N23",-4.75084111186977,-0.714034179097987,"4","#1DC199"
"SCP_N23.EpiB.CAAGAAACATTCACTT","SCP259","SCP259_N23",-5.49758669826504,-0.375156143552638,"4","#1DC199"
"SCP_N23.EpiB.CAAGATCAGTGGACGT","SCP259","SCP259_N23",-6.14365193340297,-1.74707064951119,"5","#00BFC8"
"SCP_N23.EpiB.CAAGGCCAGTCGAGTG","SCP259","SCP259_N23",-3.20075222942348,-2.76793823564706,"4","#1DC199"
"SCP_N23.EpiB.CAAGTTGTCAGGCCCA","SCP259","SCP259_N23",0.563917010097544,-1.90982852304635,"4","#1DC199"
"SCP_N23.EpiB.CAAGTTGTCCGAAGAG","SCP259","SCP259_N23",-8.05522772762295,-0.785594085103846,"5","#00BFC8"
"SCP_N23.EpiB.CACAAACCATCATCCC","SCP259","SCP259_N23",-5.37051436397548,-1.2636288198298,"4","#1DC199"
"SCP_N23.EpiB.CACACCTCATTGGCGC","SCP259","SCP259_N23",-3.27891036960598,-0.975591042882777,"4","#1DC199"
"SCP_N23.EpiB.CACACCTGTTTGCATG","SCP259","SCP259_N23",-8.75619551631923,-1.68750152910409,"5","#00BFC8"
"SCP_N23.EpiB.CACACTCCACAAGACG","SCP259","SCP259_N23",1.82492962387089,-0.570780614263392,"1","#DC9E70"
"SCP_N23.EpiB.CACACTCCAGGTGGAT","SCP259","SCP259_N23",1.68607070949558,-0.401052096731044,"1","#DC9E70"
"SCP_N23.EpiB.CACAGGCAGTAGCCGA","SCP259","SCP259_N23",-6.28802344295498,-2.06069264734445,"5","#00BFC8"
"SCP_N23.EpiB.CACAGGCTCTGTGCAA","SCP259","SCP259_N23",-4.08678099605556,-4.10676775301156,"4","#1DC199"
"SCP_N23.EpiB.CACAGTACAGCATACT","SCP259","SCP259_N23",-5.0854696938705,-0.534174540883876,"4","#1DC199"
"SCP_N23.EpiB.CACAGTATCGTTTATC","SCP259","SCP259_N23",1.60368421581272,-1.05944214189706,"1","#DC9E70"
"SCP_N23.EpiB.CACATTTTCATTGCGA","SCP259","SCP259_N23",-7.46626469585415,0.482627233617925,"4","#1DC199"
"SCP_N23.EpiB.CACCACTTCATGCATG","SCP259","SCP259_N23",-7.69719645473476,-1.18999538744149,"5","#00BFC8"
"SCP_N23.EpiB.CACCAGGGTAGCTTGT","SCP259","SCP259_N23",-8.33483836147304,-1.58994064653573,"5","#00BFC8"
"SCP_N23.EpiB.CACCTTGAGCGAGAAA","SCP259","SCP259_N23",-4.61030766460415,-3.99911938036141,"4","#1DC199"
"SCP_N23.EpiB.CACCTTGGTGATAAGT","SCP259","SCP259_N23",-6.70496508571621,-0.353008368856288,"4","#1DC199"
"SCP_N23.EpiB.CACTCCAAGATGCCTT","SCP259","SCP259_N23",1.60821667221073,-0.651160577184535,"1","#DC9E70"
"SCP_N23.EpiB.CACTCCACACCTATCC","SCP259","SCP259_N23",-6.08693024608608,-0.0510884317224987,"4","#1DC199"
"SCP_N23.EpiB.CACTCCAGTTCGTCTC","SCP259","SCP259_N23",-7.01680848094936,-0.467624882108546,"5","#00BFC8"
"SCP_N23.EpiB.CAGCAGCTCTAACTTC","SCP259","SCP259_N23",-3.6733147809219,-0.900020936376429,"4","#1DC199"
"SCP_N23.EpiB.CAGCATAAGTGGACGT","SCP259","SCP259_N23",-7.61996409389492,0.232583543413305,"4","#1DC199"
"SCP_N23.EpiB.CAGCATATCATCGCTC","SCP259","SCP259_N23",-5.96227833721157,-0.380758026487208,"4","#1DC199"
"SCP_N23.EpiB.CAGCGACCAGTACACT","SCP259","SCP259_N23",-5.25066992732998,-0.737688878423548,"4","#1DC199"
"SCP_N23.EpiB.CAGCGACGTAAATGAC","SCP259","SCP259_N23",-8.43920657131191,-1.25514540994821,"5","#00BFC8"
"SCP_N23.EpiB.CAGCTAAGTGGTCCGT","SCP259","SCP259_N23",1.68889596965794,-0.453939774877406,"1","#DC9E70"
"SCP_N23.EpiB.CAGCTAAGTGTCAATC","SCP259","SCP259_N23",-3.13508650753017,-2.01173434580026,"4","#1DC199"
"SCP_N23.EpiB.CAGCTAATCGCCAGCA","SCP259","SCP259_N23",1.43734529521946,-2.02132640207467,"1","#DC9E70"
"SCP_N23.EpiB.CAGCTGGAGTACGCGA","SCP259","SCP259_N23",-7.42947480175014,-1.49830136621652,"5","#00BFC8"
"SCP_N23.EpiB.CAGCTGGGTGCCTGTG","SCP259","SCP259_N23",-7.03625771495815,0.59031178628745,"4","#1DC199"
"SCP_N23.EpiB.CAGTCCTCACTGTTAG","SCP259","SCP259_N23",-7.08999487850185,0.541108152025365,"4","#1DC199"
"SCP_N23.EpiB.CAGTCCTTCCAGAGGA","SCP259","SCP259_N23",-6.29101464244838,0.0939320532018177,"4","#1DC199"
"SCP_N23.EpiB.CAGTCCTTCTGCGGCA","SCP259","SCP259_N23",-5.30859753581997,-0.644868472463465,"4","#1DC199"
"SCP_N23.EpiB.CATATGGAGACTACAA","SCP259","SCP259_N23",-3.5284640500259,-0.960394242650843,"4","#1DC199"
"SCP_N23.EpiB.CATATGGAGTGTTAGA","SCP259","SCP259_N23",-8.28717085811611,-1.75094805086312,"5","#00BFC8"
"SCP_N23.EpiB.CATCCACGTGTTCGAT","SCP259","SCP259_N23",-3.12002298328396,-2.02308783853707,"4","#1DC199"
"SCP_N23.EpiB.CATCCACTCCCAAGAT","SCP259","SCP259_N23",1.35077169445042,-1.01586566293893,"1","#DC9E70"
"SCP_N23.EpiB.CATCGAAAGCGTTCCG","SCP259","SCP259_N23",-5.09767481777187,-0.695753434545375,"4","#1DC199"
"SCP_N23.EpiB.CATCGAAAGTCTCGGC","SCP259","SCP259_N23",-7.30279108974453,0.966940721624517,"4","#1DC199"
"SCP_N23.EpiB.CATCGAACAAGCGAGT","SCP259","SCP259_N23",-6.2302417466354,-0.289473155385829,"4","#1DC199"
"SCP_N23.EpiB.CATCGAAGTAGCTCCG","SCP259","SCP259_N23",-3.1862051198196,-2.03878460252938,"4","#1DC199"
"SCP_N23.EpiB.CATCGAATCATCTGCC","SCP259","SCP259_N23",-3.94117590877529,-1.01680455530343,"4","#1DC199"
"SCP_N23.EpiB.CATCGGGAGAGTCTGG","SCP259","SCP259_N23",-5.31364247295376,-0.487830618268824,"4","#1DC199"
"SCP_N23.EpiB.CATCGGGCATCGATGT","SCP259","SCP259_N23",-5.29633662197109,-0.892250398046351,"4","#1DC199"
"SCP_N23.EpiB.CATCGGGGTTATCACG","SCP259","SCP259_N23",-0.191428841085394,-0.891848424321986,"1","#DC9E70"
"SCP_N23.EpiB.CATCGGGTCAGCTCGG","SCP259","SCP259_N23",-4.22433611843105,-4.17478714311776,"4","#1DC199"
"SCP_N23.EpiB.CATGACACAGTCCTTC","SCP259","SCP259_N23",-7.24284884426113,-0.545894125348902,"5","#00BFC8"
"SCP_N23.EpiB.CATGACATCCGTCAAA","SCP259","SCP259_N23",-2.55284306499477,-2.65174446428475,"4","#1DC199"
"SCP_N23.EpiB.CATGCCTCACTTCGAA","SCP259","SCP259_N23",-6.68068310710903,-0.924812415487147,"5","#00BFC8"
"SCP_N23.EpiB.CATGCCTCAGCAGTTT","SCP259","SCP259_N23",-6.14875027629848,0.0999289957219593,"4","#1DC199"
"SCP_N23.EpiB.CATGGCGAGCTGATAA","SCP259","SCP259_N23",-5.03128907176967,-0.621368029958583,"4","#1DC199"
"SCP_N23.EpiB.CATTCGCGTGAACCTT","SCP259","SCP259_N23",-2.81959840747829,-2.14038763368783,"4","#1DC199"
"SCP_N23.EpiB.CATTCGCGTTAAAGTG","SCP259","SCP259_N23",-5.09199377986904,-0.774983981496669,"4","#1DC199"
"SCP_N23.EpiB.CATTCGCTCTTTACGT","SCP259","SCP259_N23",-5.00753781291958,-0.955156424886561,"4","#1DC199"
"SCP_N23.EpiB.CCAATCCAGATCTGCT","SCP259","SCP259_N23",-8.68207404109951,-1.67081628168283,"5","#00BFC8"
"SCP_N23.EpiB.CCACCTAAGAAACGAG","SCP259","SCP259_N23",-6.23088499996181,-1.56925330484567,"5","#00BFC8"
"SCP_N23.EpiB.CCACCTAAGCTAACTC","SCP259","SCP259_N23",-5.52961585018154,-0.264455178624964,"4","#1DC199"
"SCP_N23.EpiB.CCACCTACACACGCTG","SCP259","SCP259_N23",-6.84091898891445,0.52758487140479,"4","#1DC199"
"SCP_N23.EpiB.CCACCTACAGTTCATG","SCP259","SCP259_N23",-5.95562502834316,-0.690731385595179,"4","#1DC199"
"SCP_N23.EpiB.CCACGGAAGGGAACGG","SCP259","SCP259_N23",-6.85657164546963,0.59718229448142,"4","#1DC199"
"SCP_N23.EpiB.CCACGGAGTCGGCATC","SCP259","SCP259_N23",-8.37619730922695,-1.71931825006661,"5","#00BFC8"
"SCP_N23.EpiB.CCAGCGAAGTCTCAAC","SCP259","SCP259_N23",-5.96383473369594,0.0306165424520009,"4","#1DC199"
"SCP_N23.EpiB.CCAGCGATCACAACGT","SCP259","SCP259_N23",-7.55582758876796,0.440562209242009,"4","#1DC199"
"SCP_N23.EpiB.CCATGTCTCTTAGCCC","SCP259","SCP259_N23",-3.60562083217617,-3.48742065752206,"4","#1DC199"
"SCP_N23.EpiB.CCATTCGGTCGAGATG","SCP259","SCP259_N23",-2.96781155559536,-2.33114347780404,"4","#1DC199"
"SCP_N23.EpiB.CCATTCGGTTGCTCCT","SCP259","SCP259_N23",1.06484094169621,-2.29356155718026,"4","#1DC199"
"SCP_N23.EpiB.CCATTCGTCAGCGATT","SCP259","SCP259_N23",-5.05457636806484,-0.649061778432704,"4","#1DC199"
"SCP_N23.EpiB.CCATTCGTCGGCGCAT","SCP259","SCP259_N23",-2.97846338245388,-2.32948718393502,"4","#1DC199"
"SCP_N23.EpiB.CCCAATCAGCGTTGCC","SCP259","SCP259_N23",1.17681232002262,-1.10909400308786,"1","#DC9E70"
"SCP_N23.EpiB.CCCAATCCAGCCTATA","SCP259","SCP259_N23",-0.308573813171347,-0.92201457346139,"1","#DC9E70"
"SCP_N23.EpiB.CCCAGTTGTTAAAGTG","SCP259","SCP259_N23",-7.44370839092251,-0.454048612958766,"5","#00BFC8"
"SCP_N23.EpiB.CCCATACAGCCAGTTT","SCP259","SCP259_N23",-4.03609559032436,-1.04958162630258,"4","#1DC199"
"SCP_N23.EpiB.CCCTCCTGTCCGCTGA","SCP259","SCP259_N23",-3.54955455753322,-1.31181512201486,"4","#1DC199"
"SCP_N23.EpiB.CCGGGATAGCGATTCT","SCP259","SCP259_N23",0.916590421466868,-0.595617750532008,"1","#DC9E70"
"SCP_N23.EpiB.CCGGTAGCACGAAAGC","SCP259","SCP259_N23",-0.211997122497518,-0.926603892690516,"1","#DC9E70"
"SCP_N23.EpiB.CCGGTAGTCGAATGGG","SCP259","SCP259_N23",-8.70063158962246,-1.63258276308236,"5","#00BFC8"
"SCP_N23.EpiB.CCGGTAGTCGGGAGTA","SCP259","SCP259_N23",-7.73667141887661,0.209032794588231,"4","#1DC199"
"SCP_N23.EpiB.CCGTACTTCAATCTCT","SCP259","SCP259_N23",1.3849367192078,-1.22456226671395,"1","#DC9E70"
"SCP_N23.EpiB.CCGTGGATCGGTCTAA","SCP259","SCP259_N23",-3.56940004322048,-1.49999485338388,"4","#1DC199"
"SCP_N23.EpiB.CCGTTCAGTACCGGCT","SCP259","SCP259_N23",-6.2195782372665,-0.29639373148141,"4","#1DC199"
"SCP_N23.EpiB.CCTACCACAAGTTAAG","SCP259","SCP259_N23",-7.63190028163906,0.104231616609716,"4","#1DC199"
"SCP_N23.EpiB.CCTACCAGTTCGTTGA","SCP259","SCP259_N23",-3.06296727153774,-1.01918301904855,"4","#1DC199"
"SCP_N23.EpiB.CCTAGCTGTTGTTTGG","SCP259","SCP259_N23",-8.14586398097988,-1.60695872629342,"5","#00BFC8"
"SCP_N23.EpiB.CCTAGCTTCGAACGGA","SCP259","SCP259_N23",-3.96359488460537,-0.946227887517787,"4","#1DC199"
"SCP_N23.EpiB.CCTATTACAATACGCT","SCP259","SCP259_N23",-5.4460768410873,-0.350275257474757,"4","#1DC199"
"SCP_N23.EpiB.CCTCAGTCAAGGACAC","SCP259","SCP259_N23",-6.65250584575649,-1.58208046281991,"5","#00BFC8"
"SCP_N23.EpiB.CCTCAGTGTCTGATCA","SCP259","SCP259_N23",-6.96142622920986,0.474106272810125,"4","#1DC199"
"SCP_N23.EpiB.CCTCAGTTCCCAAGTA","SCP259","SCP259_N23",-2.35614082309719,-1.47936330164132,"4","#1DC199"
"SCP_N23.EpiB.CCTCTGACACCGGAAA","SCP259","SCP259_N23",-5.73092362377163,-0.977185586339808,"4","#1DC199"
"SCP_N23.EpiB.CCTCTGATCACAAACC","SCP259","SCP259_N23",0.942075758247416,-0.729369500524379,"1","#DC9E70"
"SCP_N23.EpiB.CCTCTGATCCAGTATG","SCP259","SCP259_N23",-5.71163937541958,-1.16718421304879,"4","#1DC199"
"SCP_N23.EpiB.CCTTACGCACTTCGAA","SCP259","SCP259_N23",-7.37232205364223,-0.330854395276881,"4","#1DC199"
"SCP_N23.EpiB.CCTTACGTCAACCAAC","SCP259","SCP259_N23",-7.67386052104946,0.426735660188817,"4","#1DC199"
"SCP_N23.EpiB.CCTTCCCAGAATTGTG","SCP259","SCP259_N23",-7.91127345058437,-1.7111340555018,"5","#00BFC8"
"SCP_N23.EpiB.CCTTCGATCACTCTTA","SCP259","SCP259_N23",-6.70733639690395,0.608948370569371,"4","#1DC199"
"SCP_N23.EpiB.CCTTTCTCAGTCTTCC","SCP259","SCP259_N23",-7.10927483531948,-0.503554681188441,"5","#00BFC8"
"SCP_N23.EpiB.CGAACATAGGATGCGT","SCP259","SCP259_N23",-7.99340006801601,-1.02878318155465,"5","#00BFC8"
"SCP_N23.EpiB.CGAATGTAGCGTTGCC","SCP259","SCP259_N23",-6.7565540978622,0.594184180849218,"4","#1DC199"
"SCP_N23.EpiB.CGAATGTGTTGGACCC","SCP259","SCP259_N23",-6.7888970086288,-0.899901011831141,"5","#00BFC8"
"SCP_N23.EpiB.CGACCTTAGGTCGGAT","SCP259","SCP259_N23",-4.84750649425503,-0.889965155965663,"4","#1DC199"
"SCP_N23.EpiB.CGACCTTGTTACTGAC","SCP259","SCP259_N23",-4.34143349620815,-1.02285418832955,"4","#1DC199"
"SCP_N23.EpiB.CGACCTTTCCACGTTC","SCP259","SCP259_N23",-6.98678061458584,-0.520904281980372,"5","#00BFC8"
"SCP_N23.EpiB.CGACCTTTCCTATTCA","SCP259","SCP259_N23",-4.58615204784389,-0.817510703451014,"4","#1DC199"
"SCP_N23.EpiB.CGACTTCGTATATCCG","SCP259","SCP259_N23",-7.70482012722011,-1.23410663927255,"5","#00BFC8"
"SCP_N23.EpiB.CGAGAAGAGGCATTGG","SCP259","SCP259_N23",-5.6317982384872,-0.671409228689051,"4","#1DC199"
"SCP_N23.EpiB.CGAGAAGCATTCACTT","SCP259","SCP259_N23",-7.03873774501796,0.859371503942632,"4","#1DC199"
"SCP_N23.EpiB.CGAGCACCATAGTAAG","SCP259","SCP259_N23",-6.39314267131801,-2.07147631967721,"5","#00BFC8"
"SCP_N23.EpiB.CGAGCACTCCTCTAGC","SCP259","SCP259_N23",-8.30717036220546,-1.76001367891488,"5","#00BFC8"
"SCP_N23.EpiB.CGAGCCATCTTGCAAG","SCP259","SCP259_N23",-6.04040190670009,-0.00916741216836048,"4","#1DC199"
"SCP_N23.EpiB.CGATCGGGTCTCTCGT","SCP259","SCP259_N23",-6.91087004634853,-1.39283523882089,"5","#00BFC8"
"SCP_N23.EpiB.CGATTGAGTAGCCTCG","SCP259","SCP259_N23",-5.32261559459682,-0.929528573400355,"4","#1DC199"
"SCP_N23.EpiB.CGATTGAGTTTGTTTC","SCP259","SCP259_N23",-7.27795311901088,0.69884415542426,"4","#1DC199"
"SCP_N23.EpiB.CGCCAAGAGTGAAGAG","SCP259","SCP259_N23",-7.39866778347011,-1.76650009477792,"5","#00BFC8"
"SCP_N23.EpiB.CGCGGTATCATCGATG","SCP259","SCP259_N23",1.77959063556675,-2.22942362154183,"1","#DC9E70"
"SCP_N23.EpiB.CGCGTTTCACAACGCC","SCP259","SCP259_N23",-7.81426283809658,-0.89812336290536,"5","#00BFC8"
"SCP_N23.EpiB.CGCGTTTCACGTCAGC","SCP259","SCP259_N23",-3.15634819957729,-1.01613245332894,"4","#1DC199"
"SCP_N23.EpiB.CGCTATCAGTATCTCG","SCP259","SCP259_N23",-5.16454455348964,-0.515086511022425,"4","#1DC199"
"SCP_N23.EpiB.CGCTATCCATTAGGCT","SCP259","SCP259_N23",-6.69757124874111,-0.607822039968348,"5","#00BFC8"
"SCP_N23.EpiB.CGCTATCTCGGCCGAT","SCP259","SCP259_N23",-8.25026556941982,-1.12437973344979,"5","#00BFC8"
"SCP_N23.EpiB.CGCTGGACATGGATGG","SCP259","SCP259_N23",-2.45242855045315,-2.2943323644465,"4","#1DC199"
"SCP_N23.EpiB.CGCTGGACATGGGACA","SCP259","SCP259_N23",1.5105585148621,-1.32817254388986,"1","#DC9E70"
"SCP_N23.EpiB.CGCTTCAAGGGTTCCC","SCP259","SCP259_N23",-7.02763506862636,-0.408225158101893,"4","#1DC199"
"SCP_N23.EpiB.CGGACTGAGTAACCCT","SCP259","SCP259_N23",-7.15769192668911,-1.84039078081307,"5","#00BFC8"
"SCP_N23.EpiB.CGGACTGCACGCATCG","SCP259","SCP259_N23",-8.73545691463466,-1.64445529306588,"5","#00BFC8"
"SCP_N23.EpiB.CGGACTGGTCAGTGGA","SCP259","SCP259_N23",-5.48357245418545,-0.772470334417201,"4","#1DC199"
"SCP_N23.EpiB.CGGAGCTCAGATGAGC","SCP259","SCP259_N23",-7.40309903118129,0.840992888563298,"4","#1DC199"
"SCP_N23.EpiB.CGGAGCTGTAAACACA","SCP259","SCP259_N23",1.96851935890202,-2.25630650842843,"1","#DC9E70"
"SCP_N23.EpiB.CGGAGCTGTGCTTCTC","SCP259","SCP259_N23",1.03837445285801,-0.999445298559047,"1","#DC9E70"
"SCP_N23.EpiB.CGGAGTCAGACTAGGC","SCP259","SCP259_N23",-6.38544938060756,0.119776388757848,"4","#1DC199"
"SCP_N23.EpiB.CGGAGTCAGGCATGGT","SCP259","SCP259_N23",-6.91689774486538,-0.657195189840174,"5","#00BFC8"
"SCP_N23.EpiB.CGGAGTCCAAGTCATC","SCP259","SCP259_N23",-6.95293518993374,-1.31738386476693,"5","#00BFC8"
"SCP_N23.EpiB.CGGCTAGTCCGCATCT","SCP259","SCP259_N23",-5.39745137187954,-0.390715220815516,"4","#1DC199"
"SCP_N23.EpiB.CGGGTCAAGGGATGGG","SCP259","SCP259_N23",0.143007173209231,-1.12498650873361,"1","#DC9E70"
"SCP_N23.EpiB.CGGGTCACAGGATCGA","SCP259","SCP259_N23",-7.20244643184658,0.3584552017385,"4","#1DC199"
"SCP_N23.EpiB.CGGGTCAGTGATAAGT","SCP259","SCP259_N23",-4.99355694744106,-0.695167640096522,"4","#1DC199"
"SCP_N23.EpiB.CGGGTCATCTCACATT","SCP259","SCP259_N23",-7.83120390865322,-1.49391279543099,"5","#00BFC8"
"SCP_N23.EpiB.CGGTTAACAGACAAAT","SCP259","SCP259_N23",-5.83960101100918,0.0495012012654774,"4","#1DC199"
"SCP_N23.EpiB.CGTAGCGTCAAACAAG","SCP259","SCP259_N23",-3.31234547588344,-1.80389819467721,"4","#1DC199"
"SCP_N23.EpiB.CGTAGGCCACGTCTCT","SCP259","SCP259_N23",1.28500750568394,-1.33943496072946,"1","#DC9E70"
"SCP_N23.EpiB.CGTAGGCCACTTACGA","SCP259","SCP259_N23",-3.26073548290249,-1.10334334695993,"4","#1DC199"
"SCP_N23.EpiB.CGTCACTCAATGGAAT","SCP259","SCP259_N23",1.80526330974583,-0.688807824498988,"1","#DC9E70"
"SCP_N23.EpiB.CGTCACTCATGCCACG","SCP259","SCP259_N23",-5.74630305263515,-0.626279452688075,"4","#1DC199"
"SCP_N23.EpiB.CGTCACTTCTGTTGAG","SCP259","SCP259_N23",-6.1812424370956,-1.50404653871713,"5","#00BFC8"
"SCP_N23.EpiB.CGTCAGGAGACACTAA","SCP259","SCP259_N23",-7.74203440639492,-0.734866240865565,"5","#00BFC8"
"SCP_N23.EpiB.CGTCAGGTCGCCTGTT","SCP259","SCP259_N23",-3.40182563755031,-1.39636979425607,"4","#1DC199"
"SCP_N23.EpiB.CGTCCATGTAGAGGAA","SCP259","SCP259_N23",-6.46082636806484,-0.143538812047816,"4","#1DC199"
"SCP_N23.EpiB.CGTCCATGTTACGCGC","SCP259","SCP259_N23",1.08632346895222,-0.713600495702601,"1","#DC9E70"
"SCP_N23.EpiB.CGTCTACGTTGAGTTC","SCP259","SCP259_N23",2.60064747837071,0.131684085481786,"0","#ED90A4"
"SCP_N23.EpiB.CGTGAGCCAGCATACT","SCP259","SCP259_N23",-3.18342062923427,-1.23511467302499,"4","#1DC199"
"SCP_N23.EpiB.CGTGTAAAGGGTGTGT","SCP259","SCP259_N23",-7.28082367870327,0.488076290243291,"4","#1DC199"
"SCP_N23.EpiB.CGTGTAACAGACGTAG","SCP259","SCP259_N23",-5.13256213161464,-0.71840129221139,"4","#1DC199"
"SCP_N23.EpiB.CGTGTAACATCGGTTA","SCP259","SCP259_N23",1.25382032897953,-1.09635196054635,"1","#DC9E70"
"SCP_N23.EpiB.CGTGTAAGTCCCTTGT","SCP259","SCP259_N23",-8.21941706630703,-1.4616223367518,"5","#00BFC8"
"SCP_N23.EpiB.CGTGTAAGTTCCCTTG","SCP259","SCP259_N23",-7.34001872035976,-1.39356623018441,"5","#00BFC8"
"SCP_N23.EpiB.CGTGTAATCTGGGCCA","SCP259","SCP259_N23",-3.91699501964565,-0.878308394796229,"4","#1DC199"
"SCP_N23.EpiB.CGTTCTGCAAGAGGCT","SCP259","SCP259_N23",-8.00067660305019,-0.575269559270716,"5","#00BFC8"
"SCP_N23.EpiB.CGTTCTGTCGTGGGAA","SCP259","SCP259_N23",-6.67389533016201,-0.963272193319178,"5","#00BFC8"
"SCP_N23.EpiB.CGTTCTGTCTTGAGAC","SCP259","SCP259_N23",-7.84045645687099,0.266494413965368,"4","#1DC199"
"SCP_N23.EpiB.CGTTGGGAGTACTTGC","SCP259","SCP259_N23",-2.49452349636074,-1.28399072015939,"4","#1DC199"
"SCP_N23.EpiB.CGTTGGGGTCAAAGCG","SCP259","SCP259_N23",-3.05795928928371,-1.69958720529733,"4","#1DC199"
"SCP_N23.EpiB.CGTTGGGGTGCACCAC","SCP259","SCP259_N23",-7.31816002819057,0.563881894701146,"4","#1DC199"
"SCP_N23.EpiB.CTAACTTTCGATGAGG","SCP259","SCP259_N23",-6.5949558922958,-1.30607233370004,"5","#00BFC8"
"SCP_N23.EpiB.CTAAGACTCGCTAGCG","SCP259","SCP259_N23",-2.83246824237819,-2.12018165910897,"4","#1DC199"
"SCP_N23.EpiB.CTAATGGGTGTGAAAT","SCP259","SCP259_N23",-8.46010634395595,-1.39118895853219,"5","#00BFC8"
"SCP_N23.EpiB.CTACACCCAAACCTAC","SCP259","SCP259_N23",-5.79351708385463,-0.695420125371791,"4","#1DC199"
"SCP_N23.EpiB.CTACACCGTAGAGGAA","SCP259","SCP259_N23",-7.33686825725551,0.467895468824529,"4","#1DC199"
"SCP_N23.EpiB.CTACACCGTCACCTAA","SCP259","SCP259_N23",-5.68233820888515,-0.462068298704005,"4","#1DC199"
"SCP_N23.EpiB.CTACATTAGCCACGCT","SCP259","SCP259_N23",-5.79313513729091,-1.500668862707,"4","#1DC199"
"SCP_N23.EpiB.CTACATTCAAGCGAGT","SCP259","SCP259_N23",-4.28349492046352,-0.932061770803309,"4","#1DC199"
"SCP_N23.EpiB.CTACGTCAGCTAACAA","SCP259","SCP259_N23",-4.85213944408413,-0.992510655767298,"4","#1DC199"
"SCP_N23.EpiB.CTAGAGTAGATCTGAA","SCP259","SCP259_N23",-8.11324164363857,-1.70301733339486,"5","#00BFC8"
"SCP_N23.EpiB.CTAGAGTCAGCTCGAC","SCP259","SCP259_N23",-7.62577769252773,0.251713773363256,"4","#1DC199"
"SCP_N23.EpiB.CTAGCCTTCTGATACG","SCP259","SCP259_N23",-7.0069374749374,0.67827417527976,"4","#1DC199"
"SCP_N23.EpiB.CTCACACGTTATCGGT","SCP259","SCP259_N23",-5.71082875225063,-0.447628954297877,"4","#1DC199"
"SCP_N23.EpiB.CTCACACTCTAACTCT","SCP259","SCP259_N23",-8.01490256282802,-1.29442272508798,"5","#00BFC8"
"SCP_N23.EpiB.CTCAGAACAGGCTGAA","SCP259","SCP259_N23",-3.41717764827724,-1.21948585832772,"4","#1DC199"
"SCP_N23.EpiB.CTCATTAGTTGTACAC","SCP259","SCP259_N23",-3.06057140323635,-2.1570352109736,"4","#1DC199"
"SCP_N23.EpiB.CTCATTATCGCGCCAA","SCP259","SCP259_N23",1.51115837600712,-2.1129346879786,"1","#DC9E70"
"SCP_N23.EpiB.CTCCTAGGTAGCGTCC","SCP259","SCP259_N23",-7.02438733074184,0.872472187631749,"4","#1DC199"
"SCP_N23.EpiB.CTCGAGGAGCCACGCT","SCP259","SCP259_N23",-3.1939925858688,-2.25060448969064,"4","#1DC199"
"SCP_N23.EpiB.CTCGAGGGTTTGTTGG","SCP259","SCP259_N23",-7.35623261425014,0.381508609407567,"4","#1DC199"
"SCP_N23.EpiB.CTCGAGGTCTACCAGA","SCP259","SCP259_N23",-6.99228856060024,-1.56137380922494,"5","#00BFC8"
"SCP_N23.EpiB.CTCGGGAGTCTGCGGT","SCP259","SCP259_N23",-7.08919522258754,0.926637938373708,"4","#1DC199"
"SCP_N23.EpiB.CTCGTACGTGGTGTAG","SCP259","SCP259_N23",-2.84526655170437,-2.27968678796945,"4","#1DC199"
"SCP_N23.EpiB.CTCGTACTCAACGGCC","SCP259","SCP259_N23",-8.06860491725918,-1.81616387689767,"5","#00BFC8"
"SCP_N23.EpiB.CTCGTACTCGGTCCGA","SCP259","SCP259_N23",-5.27719637844082,-0.867963651067591,"4","#1DC199"
"SCP_N23.EpiB.CTCGTCATCTTAGCCC","SCP259","SCP259_N23",-2.96687552425381,-1.70609317148385,"4","#1DC199"
"SCP_N23.EpiB.CTCTAATAGCCACCTG","SCP259","SCP259_N23",1.27907803562168,-1.60698161447702,"1","#DC9E70"
"SCP_N23.EpiB.CTCTAATGTTACGTCA","SCP259","SCP259_N23",-6.78310582134243,-1.3813844713038,"5","#00BFC8"
"SCP_N23.EpiB.CTCTACGCACAAGCCC","SCP259","SCP259_N23",-6.36475703212734,-1.02862415636239,"5","#00BFC8"
"SCP_N23.EpiB.CTCTACGTCCCAGGTG","SCP259","SCP259_N23",-6.85612484905239,-0.672746041662074,"5","#00BFC8"
"SCP_N23.EpiB.CTCTGGTAGATCCCAT","SCP259","SCP259_N23",-4.5053882310104,-0.908777573949672,"4","#1DC199"
"SCP_N23.EpiB.CTCTGGTAGGCAGGTT","SCP259","SCP259_N23",-6.75238034221645,0.551379284017705,"4","#1DC199"
"SCP_N23.EpiB.CTCTGGTTCTTTACAC","SCP259","SCP259_N23",-5.19251534435268,-0.551686981565333,"4","#1DC199"
"SCP_N23.EpiB.CTGAAACGTAATTGGA","SCP259","SCP259_N23",1.29202964809422,-1.65379987085519,"1","#DC9E70"
"SCP_N23.EpiB.CTGAAACGTACCGGCT","SCP259","SCP259_N23",-7.59428402873989,-0.638852933294154,"5","#00BFC8"
"SCP_N23.EpiB.CTGAAACGTCTAGCGC","SCP259","SCP259_N23",-7.55497261974331,0.361986776941442,"4","#1DC199"
"SCP_N23.EpiB.CTGAAGTCAGTGACAG","SCP259","SCP259_N23",-7.95132204982754,-1.00769911134896,"5","#00BFC8"
"SCP_N23.EpiB.CTGAAGTGTCCATGAT","SCP259","SCP259_N23",-4.26784083339687,-0.909692624456263,"4","#1DC199"
"SCP_N23.EpiB.CTGAAGTTCCTTGGTC","SCP259","SCP259_N23",-5.95904395076748,0.0199430195027821,"4","#1DC199"
"SCP_N23.EpiB.CTGATAGCAGCCAGAA","SCP259","SCP259_N23",-4.07004448863979,-4.04858503664193,"4","#1DC199"
"SCP_N23.EpiB.CTGATAGTCCTGCAGG","SCP259","SCP259_N23",-5.33909365627285,-1.92764411295114,"4","#1DC199"
"SCP_N23.EpiB.CTGCCTAAGACAAAGG","SCP259","SCP259_N23",-4.45405718776699,-0.902903178579188,"4","#1DC199"
"SCP_N23.EpiB.CTGCCTAAGATACACA","SCP259","SCP259_N23",-7.89261862728115,-1.40842280710397,"5","#00BFC8"
"SCP_N23.EpiB.CTGCCTAAGATCCGAG","SCP259","SCP259_N23",-6.95623204204555,-0.536765197164393,"5","#00BFC8"
"SCP_N23.EpiB.CTGCCTACAAGGACTG","SCP259","SCP259_N23",-5.48263070079799,-0.309109667188502,"4","#1DC199"
"SCP_N23.EpiB.CTGCTGTTCATGCTCC","SCP259","SCP259_N23",-8.74053332302089,-1.71418509805856,"5","#00BFC8"
"SCP_N23.EpiB.CTGGTCTGTGTAATGA","SCP259","SCP259_N23",-7.55208346340175,0.711245199793004,"4","#1DC199"
"SCP_N23.EpiB.CTGGTCTTCACTATTC","SCP259","SCP259_N23",-2.82009479495998,-1.74208960855661,"4","#1DC199"
"SCP_N23.EpiB.CTGTGCTAGGACAGAA","SCP259","SCP259_N23",-7.07074496242519,0.495362481229924,"4","#1DC199"
"SCP_N23.EpiB.CTGTGCTCACGTGAGA","SCP259","SCP259_N23",1.59947791603092,-2.11511216486154,"1","#DC9E70"
"SCP_N23.EpiB.CTGTGCTTCTCGATGA","SCP259","SCP259_N23",-6.70144841167446,-1.04251060808358,"5","#00BFC8"
"SCP_N23.EpiB.CTGTTTAGTCTTCGTC","SCP259","SCP259_N23",-7.20084807369228,0.919908901804113,"4","#1DC199"
"SCP_N23.EpiB.CTTAACTAGACTAGGC","SCP259","SCP259_N23",-5.70551154109951,-0.55452726209817,"4","#1DC199"
"SCP_N23.EpiB.CTTAACTGTACGACCC","SCP259","SCP259_N23",-3.19069859477993,-1.33307252252755,"4","#1DC199"
"SCP_N23.EpiB.CTTAACTTCATTATCC","SCP259","SCP259_N23",-2.8999092290115,-2.23518762911019,"4","#1DC199"
"SCP_N23.EpiB.CTTCTCTGTGACGCCT","SCP259","SCP259_N23",-3.5246696183395,-1.74733290994821,"4","#1DC199"
"SCP_N23.EpiB.CTTCTCTGTGATAAGT","SCP259","SCP259_N23",-4.46285531017299,-0.816334107763148,"4","#1DC199"
"SCP_N23.EpiB.CTTGGCTTCACAATGC","SCP259","SCP259_N23",-2.90694972965236,-2.01186189974008,"4","#1DC199"
"SCP_N23.EpiB.CTTGGCTTCGATCCCT","SCP259","SCP259_N23",-5.1887411782455,-0.430900314695216,"4","#1DC199"
"SCP_N23.EpiB.CTTTGCGTCCAAGCCG","SCP259","SCP259_N23",-7.68884417507168,-1.56219659174142,"5","#00BFC8"
"SCP_N23.EpiB.GAAACTCCACGGTAAG","SCP259","SCP259_N23",-6.89460274669643,-0.77916846597848,"5","#00BFC8"
"SCP_N23.EpiB.GAAATGAGTGGTACAG","SCP259","SCP259_N23",-7.1388258645248,-0.707082131749964,"5","#00BFC8"
"SCP_N23.EpiB.GAAATGATCCACGCAG","SCP259","SCP259_N23",-6.68398806545254,-0.912183621770716,"5","#00BFC8"
"SCP_N23.EpiB.GAAATGATCGACCAGC","SCP259","SCP259_N23",-8.21863409969326,-1.60973177278695,"5","#00BFC8"
"SCP_N23.EpiB.GAACATCCACATCTTT","SCP259","SCP259_N23",-5.93021580669399,-1.38406763399301,"4","#1DC199"
"SCP_N23.EpiB.GAACATCGTGCCTGGT","SCP259","SCP259_N23",-6.11697861644741,0.0117522684270375,"4","#1DC199"
"SCP_N23.EpiB.GAACCTATCATGGTCA","SCP259","SCP259_N23",-4.19236657115932,-1.04582891786752,"4","#1DC199"
"SCP_N23.EpiB.GAATAAGAGACTAGGC","SCP259","SCP259_N23",-4.14060923549648,-4.14956245744882,"4","#1DC199"
"SCP_N23.EpiB.GAATGAACACCACGTG","SCP259","SCP259_N23",-2.30138108226772,-1.54507074678598,"4","#1DC199"
"SCP_N23.EpiB.GAATGAAGTACCAGTT","SCP259","SCP259_N23",-5.42569157573696,-0.477957824117518,"4","#1DC199"
"SCP_N23.EpiB.GAATGAAGTTGCGTTA","SCP259","SCP259_N23",-2.45182392093654,-2.49501142824349,"4","#1DC199"
"SCP_N23.EpiB.GACACGCAGCAATCTC","SCP259","SCP259_N23",-7.59578368160244,0.257182976358556,"4","#1DC199"
"SCP_N23.EpiB.GACAGAGTCCAGTAGT","SCP259","SCP259_N23",-7.47532364818569,-0.458416679746485,"5","#00BFC8"
"SCP_N23.EpiB.GACCAATCATACTACG","SCP259","SCP259_N23",-1.02687069866176,-1.27473531091867,"4","#1DC199"
"SCP_N23.EpiB.GACCTGGCACATGGGA","SCP259","SCP259_N23",-5.3568606087875,-0.417740324384547,"4","#1DC199"
"SCP_N23.EpiB.GACCTGGGTACAAGTA","SCP259","SCP259_N23",-7.65530440303798,-1.72298465097604,"5","#00BFC8"
"SCP_N23.EpiB.GACGCGTAGGCAGGTT","SCP259","SCP259_N23",-6.56327292415615,-0.209557751066066,"4","#1DC199"
"SCP_N23.EpiB.GACGTGCCACCGATAT","SCP259","SCP259_N23",-6.1274676034164,0.0721240249806874,"4","#1DC199"
"SCP_N23.EpiB.GACGTTACAGCGAACA","SCP259","SCP259_N23",-7.24514958354946,-0.481768825895167,"5","#00BFC8"
"SCP_N23.EpiB.GACTAACAGCGGATCA","SCP259","SCP259_N23",0.471655949025194,-1.01593313539682,"1","#DC9E70"
"SCP_N23.EpiB.GACTAACGTGAGGGAG","SCP259","SCP259_N23",-5.3717736909103,-0.548013547307826,"4","#1DC199"
"SCP_N23.EpiB.GACTAACTCGAATCCA","SCP259","SCP259_N23",-7.90154406520839,0.0899720398122303,"4","#1DC199"
"SCP_N23.EpiB.GACTACACAGTAACGG","SCP259","SCP259_N23",1.06709882524494,-1.7606717141932,"1","#DC9E70"
"SCP_N23.EpiB.GACTACATCATCATTC","SCP259","SCP259_N23",-7.32731196376796,0.939700624101781,"4","#1DC199"
"SCP_N23.EpiB.GACTGCGTCGGATGTT","SCP259","SCP259_N23",-8.38526198360439,-1.78607926691232,"5","#00BFC8"
"SCP_N23.EpiB.GAGGTGAAGTTGAGTA","SCP259","SCP259_N23",-2.63824531528469,-1.53084478700814,"4","#1DC199"
"SCP_N23.EpiB.GAGGTGAGTGCCTGCA","SCP259","SCP259_N23",-5.62014147731777,-0.429653385526515,"4","#1DC199"
"SCP_N23.EpiB.GAGTCCGCAAATACAG","SCP259","SCP259_N23",-1.02570876571651,0.242840310686254,"0","#ED90A4"
"SCP_N23.EpiB.GAGTCCGCACCGCTAG","SCP259","SCP259_N23",-7.3765139291,-0.498381236440516,"5","#00BFC8"
"SCP_N23.EpiB.GATCAGTAGACTGGGT","SCP259","SCP259_N23",-3.37358161899563,-1.21392283762155,"4","#1DC199"
"SCP_N23.EpiB.GATCAGTGTCGCATCG","SCP259","SCP259_N23",-7.00187251064296,-0.460400799161769,"5","#00BFC8"
"SCP_N23.EpiB.GATCGATAGAAACGCC","SCP259","SCP259_N23",-7.21787020656582,0.927495679014348,"4","#1DC199"
"SCP_N23.EpiB.GATCGATCAATACGCT","SCP259","SCP259_N23",-8.50458285305019,-1.34246526086984,"5","#00BFC8"
"SCP_N23.EpiB.GATCGATCAGCTGTTA","SCP259","SCP259_N23",-6.18494555446621,-0.127135852224208,"4","#1DC199"
"SCP_N23.EpiB.GATCGATCATTGAGCT","SCP259","SCP259_N23",-3.46869155857082,-3.40897474611459,"4","#1DC199"
"SCP_N23.EpiB.GATCGATGTCGGGTCT","SCP259","SCP259_N23",0.371931626467745,-0.562357881910182,"1","#DC9E70"
"SCP_N23.EpiB.GATCGCGGTCAGATAA","SCP259","SCP259_N23",-7.712704629631,-1.35000238741098,"5","#00BFC8"
"SCP_N23.EpiB.GATCGCGGTTATGCGT","SCP259","SCP259_N23",-4.2899341294479,-4.31476173723397,"4","#1DC199"
"SCP_N23.EpiB.GATCGCGTCAGCACAT","SCP259","SCP259_N23",1.66447940376286,-1.27454219186959,"1","#DC9E70"
"SCP_N23.EpiB.GATCGTAAGTTTCCTT","SCP259","SCP259_N23",1.43984177616123,-2.01570663774667,"1","#DC9E70"
"SCP_N23.EpiB.GATCGTAGTCAGAAGC","SCP259","SCP259_N23",-3.11420461627956,-1.32760296190438,"4","#1DC199"
"SCP_N23.EpiB.GATCTAGAGATCCTGT","SCP259","SCP259_N23",-4.16234633419033,-3.36835251177011,"4","#1DC199"
"SCP_N23.EpiB.GATGAAAAGATGGGTC","SCP259","SCP259_N23",-2.84309503528591,-2.42238626802621,"4","#1DC199"
"SCP_N23.EpiB.GATGAGGAGGGCACTA","SCP259","SCP259_N23",-3.04265806171413,-1.80061707819161,"4","#1DC199"
"SCP_N23.EpiB.GATGAGGTCGGTGTCG","SCP259","SCP259_N23",-8.39458510372158,-1.52943048799691,"5","#00BFC8"
"SCP_N23.EpiB.GATTCAGCAATGTAAG","SCP259","SCP259_N23",1.63685920742039,-1.34160456979928,"1","#DC9E70"
"SCP_N23.EpiB.GCAAACTAGTGGTCCC","SCP259","SCP259_N23",1.62390699890141,-0.699272731191493,"1","#DC9E70"
"SCP_N23.EpiB.GCAAACTCAAGGCTCC","SCP259","SCP259_N23",-5.7783202836227,-0.324699858075953,"4","#1DC199"
"SCP_N23.EpiB.GCAATCAGTACCAGTT","SCP259","SCP259_N23",-7.95303961727138,-1.667825320608,"5","#00BFC8"
"SCP_N23.EpiB.GCACATACAGTATGCT","SCP259","SCP259_N23",-3.05358979198452,-1.45152268732247,"4","#1DC199"
"SCP_N23.EpiB.GCACATATCGTCTGCT","SCP259","SCP259_N23",-6.61884066555019,-0.361597636587001,"4","#1DC199"
"SCP_N23.EpiB.GCACTCTAGGCCCTTG","SCP259","SCP259_N23",-7.26123949977871,0.931233963125371,"4","#1DC199"
"SCP_N23.EpiB.GCACTCTCATGGTCAT","SCP259","SCP259_N23",-6.48628422710415,-1.67525849664865,"5","#00BFC8"
"SCP_N23.EpiB.GCACTCTTCAGGTAAA","SCP259","SCP259_N23",-4.99190375301357,-0.472211578733302,"4","#1DC199"
"SCP_N23.EpiB.GCAGCCAGTCATCGGC","SCP259","SCP259_N23",-2.7438804814529,-2.23490391100106,"4","#1DC199"
"SCP_N23.EpiB.GCAGTTACACGACGAA","SCP259","SCP259_N23",-6.68672558757778,-0.528225878126002,"4","#1DC199"
"SCP_N23.EpiB.GCAGTTACAGGAATGC","SCP259","SCP259_N23",1.80240097549442,-0.443323114759303,"4","#1DC199"
"SCP_N23.EpiB.GCATACAAGAGTGACC","SCP259","SCP259_N23",-4.51655384990688,-0.852680066472865,"4","#1DC199"
"SCP_N23.EpiB.GCATACACAATTCCTT","SCP259","SCP259_N23",-6.84126231166836,0.224964758508825,"4","#1DC199"
"SCP_N23.EpiB.GCATACAGTCACACGC","SCP259","SCP259_N23",-3.72795674297329,-1.1684402021235,"4","#1DC199"
"SCP_N23.EpiB.GCATACAGTGAGTGAC","SCP259","SCP259_N23",-7.7280068108749,-1.65769038522897,"5","#00BFC8"
"SCP_N23.EpiB.GCATGATCAGACACTT","SCP259","SCP259_N23",-5.23373553249355,-0.876756766683436,"4","#1DC199"
"SCP_N23.EpiB.GCATGCGCAAGACGTG","SCP259","SCP259_N23",-7.90362307521816,0.175009032838964,"4","#1DC199"
"SCP_N23.EpiB.GCCAAATAGTGGCACA","SCP259","SCP259_N23",-3.22659608814235,-0.942812064534999,"4","#1DC199"
"SCP_N23.EpiB.GCCAAATCACCACGTG","SCP259","SCP259_N23",1.27943804767613,-1.21407137239633,"1","#DC9E70"
"SCP_N23.EpiB.GCCAAATTCTTAGAGC","SCP259","SCP259_N23",-8.32381102535244,-1.64982233370004,"5","#00BFC8"
"SCP_N23.EpiB.GCGACCACAAGACACG","SCP259","SCP259_N23",-8.47154757472988,-1.7177623304194,"5","#00BFC8"
"SCP_N23.EpiB.GCGCAACAGAAGGGTA","SCP259","SCP259_N23",-6.11788174602504,-0.0991202386682994,"4","#1DC199"
"SCP_N23.EpiB.GCGCAGTAGGCCCGTT","SCP259","SCP259_N23",-5.52647206279751,-0.554640987760401,"4","#1DC199"
"SCP_N23.EpiB.GCGCCAAGTGAACCTT","SCP259","SCP259_N23",-5.18484780284878,-0.688351014501429,"4","#1DC199"
"SCP_N23.EpiB.GCGCCAATCTAAGCCA","SCP259","SCP259_N23",-6.54494759532924,-0.729362109548426,"5","#00BFC8"
"SCP_N23.EpiB.GCGCGATAGGCAAAGA","SCP259","SCP259_N23",-7.33860680553432,0.678568562620305,"4","#1DC199"
"SCP_N23.EpiB.GCGCGATGTTCCACGG","SCP259","SCP259_N23",-8.23413798305507,-1.18822656000314,"5","#00BFC8"
"SCP_N23.EpiB.GCGCGATTCAGTCAGT","SCP259","SCP259_N23",-4.93114850017544,-0.726332286245204,"4","#1DC199"
"SCP_N23.EpiB.GCGCGATTCCGCAGTG","SCP259","SCP259_N23",-5.01482197734829,-0.545554617292262,"4","#1DC199"
"SCP_N23.EpiB.GCTCCTACAGCGATCC","SCP259","SCP259_N23",-6.37528893444057,0.259306928270482,"4","#1DC199"
"SCP_N23.EpiB.GCTCTGTAGGACGAAA","SCP259","SCP259_N23",-5.46972987148281,-0.548507431394435,"4","#1DC199"
"SCP_N23.EpiB.GCTCTGTAGGTGCAAC","SCP259","SCP259_N23",-7.08987137767788,0.47988994991126,"4","#1DC199"
"SCP_N23.EpiB.GCTCTGTAGTGCCATT","SCP259","SCP259_N23",-5.73977896663662,-0.203956464177943,"4","#1DC199"
"SCP_N23.EpiB.GCTCTGTCAAAGGTGC","SCP259","SCP259_N23",-2.86543271038051,-2.21445713365731,"4","#1DC199"
"SCP_N23.EpiB.GCTCTGTGTAGCGTCC","SCP259","SCP259_N23",-8.31870791408535,-1.70008144701181,"5","#00BFC8"
"SCP_N23.EpiB.GCTGCAGAGGTGGGTT","SCP259","SCP259_N23",-7.08644434902187,0.437260052316808,"4","#1DC199"
"SCP_N23.EpiB.GCTGCAGTCTCCAGGG","SCP259","SCP259_N23",-7.53557393047329,-0.910917857534266,"5","#00BFC8"
"SCP_N23.EpiB.GCTGCGAGTATATGAG","SCP259","SCP259_N23",-7.84686896297451,-0.677286246663905,"5","#00BFC8"
"SCP_N23.EpiB.GCTGCTTAGGCTAGCA","SCP259","SCP259_N23",-8.08292624446865,-1.00603566492257,"5","#00BFC8"
"SCP_N23.EpiB.GCTGGGTAGTACGCCC","SCP259","SCP259_N23",-8.44681784603115,-1.25843415582833,"5","#00BFC8"
"SCP_N23.EpiB.GCTGGGTGTACAGTGG","SCP259","SCP259_N23",-4.68244406673427,-1.45606932962594,"4","#1DC199"
"SCP_N23.EpiB.GCTTCCAAGATGTTAG","SCP259","SCP259_N23",-6.38278481456753,0.112499019258641,"4","#1DC199"
"SCP_N23.EpiB.GCTTCCAAGGGTTTCT","SCP259","SCP259_N23",-2.71698042842861,-1.22504148805795,"4","#1DC199"
"SCP_N23.EpiB.GCTTCCAGTCCGAAGA","SCP259","SCP259_N23",-5.80941864940639,-0.538917044050074,"4","#1DC199"
"SCP_N23.EpiB.GCTTCCAGTGGACGAT","SCP259","SCP259_N23",1.98457851913456,-2.28959737146554,"1","#DC9E70"
"SCP_N23.EpiB.GCTTGAACAAGAGGCT","SCP259","SCP259_N23",-8.2823280999374,-1.62028656328378,"5","#00BFC8"
"SCP_N23.EpiB.GCTTGAACATTTGCTT","SCP259","SCP259_N23",-6.1032132813644,-0.605903962499476,"4","#1DC199"
"SCP_N23.EpiB.GGAAAGCAGGAGTTGC","SCP259","SCP259_N23",-7.42707917186733,-0.570565441495753,"5","#00BFC8"
"SCP_N23.EpiB.GGAACTTCACGCGAAA","SCP259","SCP259_N23",-3.29560420009609,-1.52424846018014,"4","#1DC199"
"SCP_N23.EpiB.GGAACTTTCTCGTATT","SCP259","SCP259_N23",-6.61001107189174,-0.377072909719325,"4","#1DC199"
"SCP_N23.EpiB.GGAATAACACAGCCCA","SCP259","SCP259_N23",-5.68800637218471,-0.263878444082118,"4","#1DC199"
"SCP_N23.EpiB.GGACAGAAGAGGGCTT","SCP259","SCP259_N23",-8.17660662624355,-0.658393004781581,"5","#00BFC8"
"SCP_N23.EpiB.GGACAGACAGCCAGAA","SCP259","SCP259_N23",-6.79606863948818,-0.549934247381068,"5","#00BFC8"
"SCP_N23.EpiB.GGACAGAGTAAATACG","SCP259","SCP259_N23",-8.39820048305507,-1.52704987848458,"5","#00BFC8"
"SCP_N23.EpiB.GGACATTAGAATCTCC","SCP259","SCP259_N23",-7.21954104396816,0.256362816446447,"4","#1DC199"
"SCP_N23.EpiB.GGACATTCACACATGT","SCP259","SCP259_N23",-8.73571822139736,-1.63651929224191,"5","#00BFC8"
"SCP_N23.EpiB.GGACATTCAGCATACT","SCP259","SCP259_N23",-8.66681143733974,-1.62395248735604,"5","#00BFC8"
"SCP_N23.EpiB.GGAGCAAGTCCATGAT","SCP259","SCP259_N23",-4.11317488643642,-0.9408851655787,"4","#1DC199"
"SCP_N23.EpiB.GGCAATTTCTGGCGTG","SCP259","SCP259_N23",-3.79948136302944,-1.47669492090402,"4","#1DC199"
"SCP_N23.EpiB.GGCAATTTCTTCATGT","SCP259","SCP259_N23",-7.50146862956997,0.454209288709783,"4","#1DC199"
"SCP_N23.EpiB.GGCCGATCACATCTTT","SCP259","SCP259_N23",-5.72075650188442,-0.0950578244989879,"4","#1DC199"
"SCP_N23.EpiB.GGCCGATCATGACATC","SCP259","SCP259_N23",-2.2134120175552,-1.40806255663095,"4","#1DC199"
"SCP_N23.EpiB.GGCGACTGTAGCCTAT","SCP259","SCP259_N23",0.0305414339590474,-1.13368687952218,"1","#DC9E70"
"SCP_N23.EpiB.GGCGACTGTGTGAAAT","SCP259","SCP259_N23",-7.63109299633022,-1.63950858438668,"5","#00BFC8"
"SCP_N23.EpiB.GGCGACTGTTGTACAC","SCP259","SCP259_N23",-7.8161301324081,-0.693981507665492,"5","#00BFC8"
"SCP_N23.EpiB.GGCGTGTAGAGGTAGA","SCP259","SCP259_N23",-7.95607134792324,-1.00987921083627,"5","#00BFC8"
"SCP_N23.EpiB.GGCTGGTGTCCGAACC","SCP259","SCP259_N23",-7.24979636165615,0.421591183298253,"4","#1DC199"
"SCP_N23.EpiB.GGGAGATAGGTACTCT","SCP259","SCP259_N23",-3.2308201501083,-1.56801448190866,"4","#1DC199"
"SCP_N23.EpiB.GGGAGATGTTCCGTCT","SCP259","SCP259_N23",-6.37552544567104,-1.45917115534005,"5","#00BFC8"
"SCP_N23.EpiB.GGGATGAGTAGCGTGA","SCP259","SCP259_N23",1.21104702260975,0.0566210952931874,"1","#DC9E70"
"SCP_N23.EpiB.GGGATGATCCTTGGTC","SCP259","SCP259_N23",-8.3744272896957,-1.63758812273202,"5","#00BFC8"
"SCP_N23.EpiB.GGGCACTCATCGGGTC","SCP259","SCP259_N23",-3.03929421398159,-2.11504540765939,"4","#1DC199"
"SCP_N23.EpiB.GGGTCTGGTCTAGAGG","SCP259","SCP259_N23",-5.5649790475082,-0.553922513372279,"4","#1DC199"
"SCP_N23.EpiB.GGGTTGCCAAATCCGT","SCP259","SCP259_N23",-7.89892718288418,-1.23000345552621,"5","#00BFC8"
"SCP_N23.EpiB.GGTATTGAGGAGTTTA","SCP259","SCP259_N23",-8.09578368160244,-0.929551938421107,"5","#00BFC8"
"SCP_N23.EpiB.GGTATTGCAAACGCGA","SCP259","SCP259_N23",0.366459547548334,-0.599704602605677,"1","#DC9E70"
"SCP_N23.EpiB.GGTATTGGTCCATCCT","SCP259","SCP259_N23",-8.37479826900478,-1.56651816690621,"5","#00BFC8"
"SCP_N23.EpiB.GGTGAAGGTTAGTGGG","SCP259","SCP259_N23",-7.03321883174892,0.850353082769536,"4","#1DC199"
"SCP_N23.EpiB.GGTGCGTGTCGATTGT","SCP259","SCP259_N23",-6.31362244579311,-0.0941618474787242,"4","#1DC199"
"SCP_N23.EpiB.GGTGCGTGTTTGGCGC","SCP259","SCP259_N23",-4.16220805141445,-1.30443582857308,"4","#1DC199"
"SCP_N23.EpiB.GGTGTTAGTACTCAAC","SCP259","SCP259_N23",-3.23602673503872,-2.80060634935556,"4","#1DC199"
"SCP_N23.EpiB.GGTGTTATCAAACGGG","SCP259","SCP259_N23",-3.62307354900356,-1.16909895265756,"4","#1DC199"
"SCP_N23.EpiB.GTAACGTAGTGCCAGA","SCP259","SCP259_N23",-6.41038414928432,-0.222845414525843,"4","#1DC199"
"SCP_N23.EpiB.GTAACGTTCCCTTGTG","SCP259","SCP259_N23",-0.411894232959707,-0.670302728063441,"1","#DC9E70"
"SCP_N23.EpiB.GTACGTAAGCAACGGT","SCP259","SCP259_N23",-3.87088391277309,-1.17969928110299,"4","#1DC199"
"SCP_N23.EpiB.GTACGTATCGCAAACT","SCP259","SCP259_N23",-6.58369967433925,-0.404384830839015,"5","#00BFC8"
"SCP_N23.EpiB.GTAGGCCTCACCATAG","SCP259","SCP259_N23",-8.79136034938808,-1.68855271661935,"5","#00BFC8"
"SCP_N23.EpiB.GTAGTCAGTGTTCTTT","SCP259","SCP259_N23",-6.44608351680752,-0.280598977453089,"4","#1DC199"
"SCP_N23.EpiB.GTAGTCAGTTACCAGT","SCP259","SCP259_N23",-7.82689997646328,-1.67882166231332,"5","#00BFC8"
"SCP_N23.EpiB.GTAGTCATCGCTTGTC","SCP259","SCP259_N23",0.414587556390802,-0.807230332738734,"1","#DC9E70"
"SCP_N23.EpiB.GTATCTTGTCAGGACA","SCP259","SCP259_N23",-3.48410984966274,-2.19718919122872,"4","#1DC199"
"SCP_N23.EpiB.GTATTCTAGCTAAGAT","SCP259","SCP259_N23",-5.91745516750332,-0.075632432348109,"4","#1DC199"
"SCP_N23.EpiB.GTCAAGTTCCTCAACC","SCP259","SCP259_N23",-4.57611605617519,-0.804266074544764,"4","#1DC199"
"SCP_N23.EpiB.GTCACAAAGGCATGGT","SCP259","SCP259_N23",-2.59557888004299,-1.77453337038217,"4","#1DC199"
"SCP_N23.EpiB.GTCACGGAGAGGGATA","SCP259","SCP259_N23",-8.73596045467373,-1.64509687746224,"5","#00BFC8"
"SCP_N23.EpiB.GTCACGGCAGCTTAAC","SCP259","SCP259_N23",-6.67787072154995,-0.644959071523524,"5","#00BFC8"
"SCP_N23.EpiB.GTCACGGGTAATCGTC","SCP259","SCP259_N23",-7.07994839641567,0.893578490369939,"4","#1DC199"
"SCP_N23.EpiB.GTCACGGGTACCGGCT","SCP259","SCP259_N23",-5.77000948879238,-0.538622358686305,"4","#1DC199"
"SCP_N23.EpiB.GTCATTTAGCCTTGAT","SCP259","SCP259_N23",-2.56543728801723,-1.62396059358773,"4","#1DC199"
"SCP_N23.EpiB.GTCCTCAAGATCGGGT","SCP259","SCP259_N23",-6.200328798027,-1.53472552622018,"5","#00BFC8"
"SCP_N23.EpiB.GTCGGGTAGGCTCATT","SCP259","SCP259_N23",-8.51374480220791,-1.58269725168405,"5","#00BFC8"
"SCP_N23.EpiB.GTCGTAATCGCTGATA","SCP259","SCP259_N23",-7.96915480587002,-1.42318663919625,"5","#00BFC8"
"SCP_N23.EpiB.GTCTTCGTCGGCGCTA","SCP259","SCP259_N23",-7.47352120372768,0.74800940429511,"4","#1DC199"
"SCP_N23.EpiB.GTGAAGGGTTAAGATG","SCP259","SCP259_N23",-4.88398692104336,-0.630802014715052,"4","#1DC199"
"SCP_N23.EpiB.GTGAAGGTCACAATGC","SCP259","SCP259_N23",-5.91554591152187,-0.126829722768641,"4","#1DC199"
"SCP_N23.EpiB.GTGAAGGTCTACTTAC","SCP259","SCP259_N23",0.0538523932981892,-1.09547362650094,"1","#DC9E70"
"SCP_N23.EpiB.GTGCAGCCAGTCTTCC","SCP259","SCP259_N23",-2.85045597049709,-1.14031896913705,"4","#1DC199"
"SCP_N23.EpiB.GTGCAGCGTCTAGTCA","SCP259","SCP259_N23",-2.92374298068996,-2.28765068376718,"4","#1DC199"
"SCP_N23.EpiB.GTGCAGCGTCTCTCGT","SCP259","SCP259_N23",-8.26860186550136,-1.48276028955636,"5","#00BFC8"
"SCP_N23.EpiB.GTGCAGCTCTGGCGAC","SCP259","SCP259_N23",-8.44372698757168,-1.50111565912423,"5","#00BFC8"
"SCP_N23.EpiB.GTGCGGTAGGCGCTCT","SCP259","SCP259_N23",3.92337539699558,2.94965567266288,"4","#1DC199"
"SCP_N23.EpiB.GTGCGGTCAAGCTGTT","SCP259","SCP259_N23",-7.43011280986782,0.323965570085668,"4","#1DC199"
"SCP_N23.EpiB.GTGCGGTCACCTCGGA","SCP259","SCP259_N23",-7.34464642498012,0.784461518877172,"4","#1DC199"
"SCP_N23.EpiB.GTGGGTCAGTGATCGG","SCP259","SCP259_N23",1.28446736839298,-1.35506115282235,"1","#DC9E70"
"SCP_N23.EpiB.GTGGGTCCACTTAACG","SCP259","SCP259_N23",-6.04505917522426,-0.545985916501857,"4","#1DC199"
"SCP_N23.EpiB.GTGGGTCGTCCCGACA","SCP259","SCP259_N23",-4.5491852471542,-0.784427979833461,"4","#1DC199"
"SCP_N23.EpiB.GTGGGTCGTGAAAGAG","SCP259","SCP259_N23",-3.03387472126003,-2.11413917864022,"4","#1DC199"
"SCP_N23.EpiB.GTGTGCGTCACGCGGT","SCP259","SCP259_N23",-4.03525111171718,-1.3579662832087,"4","#1DC199"
"SCP_N23.EpiB.GTGTTAGAGTAGCGGT","SCP259","SCP259_N23",-6.9163121888351,-0.503277281171656,"5","#00BFC8"
"SCP_N23.EpiB.GTTACAGTCCGCGTTT","SCP259","SCP259_N23",-6.46860548946377,0.00463213598074841,"4","#1DC199"
"SCP_N23.EpiB.GTTACAGTCGCATGAT","SCP259","SCP259_N23",-2.38860771152492,-1.60949311578927,"4","#1DC199"
"SCP_N23.EpiB.GTTACAGTCGGATGGA","SCP259","SCP259_N23",-4.53054711315151,-0.962378362066127,"4","#1DC199"
"SCP_N23.EpiB.GTTCATTTCCTAAGTG","SCP259","SCP259_N23",-8.68405768367763,-1.60837064111886,"5","#00BFC8"
"SCP_N23.EpiB.GTTCTCGTCAGTCCCT","SCP259","SCP259_N23",1.28031030204777,-1.06013999307809,"1","#DC9E70"
"SCP_N23.EpiB.GTTTCTAGTCCATGAT","SCP259","SCP259_N23",-1.07602378818508,-0.703254559881068,"1","#DC9E70"
"SCP_N23.EpiB.TAAACCGAGGAGTAGA","SCP259","SCP259_N23",-7.10735842678066,0.547444721811437,"4","#1DC199"
"SCP_N23.EpiB.TAAACCGAGGCAATTA","SCP259","SCP259_N23",-6.22721907588955,0.0861755815679066,"4","#1DC199"
"SCP_N23.EpiB.TAAGAGAAGCCACGTC","SCP259","SCP259_N23",-7.23046538326259,-1.71038399065194,"7","#BB9DEA"
"SCP_N23.EpiB.TAAGAGAAGTGACATA","SCP259","SCP259_N23",-7.2208628365707,-1.08437404955087,"5","#00BFC8"
"SCP_N23.EpiB.TAAGCGTGTATGAAAC","SCP259","SCP259_N23",-4.84537550899502,-0.740820744878627,"4","#1DC199"
"SCP_N23.EpiB.TAAGCGTTCTTGTCAT","SCP259","SCP259_N23",-6.45843073818203,-1.52919731462655,"5","#00BFC8"
"SCP_N23.EpiB.TAAGTGCTCTGGTGTA","SCP259","SCP259_N23",-6.08686253520962,-1.43098244989572,"5","#00BFC8"
"SCP_N23.EpiB.TACACGATCCGCAAGC","SCP259","SCP259_N23",-3.94439789745327,-3.87219963396249,"4","#1DC199"
"SCP_N23.EpiB.TACAGTGAGTGTGGCA","SCP259","SCP259_N23",-7.29414317104336,0.0635894743138783,"4","#1DC199"
"SCP_N23.EpiB.TACAGTGTCTCATTCA","SCP259","SCP259_N23",-8.41280695888515,-1.11351547563729,"5","#00BFC8"
"SCP_N23.EpiB.TACCTATCATCGGTTA","SCP259","SCP259_N23",-4.63207241985317,-0.877597430593348,"4","#1DC199"
"SCP_N23.EpiB.TACGGATAGCAACGGT","SCP259","SCP259_N23",-5.96244284603115,-0.439259985334254,"4","#1DC199"
"SCP_N23.EpiB.TACGGATCACTTAACG","SCP259","SCP259_N23",-7.80538508388515,0.259244343393468,"4","#1DC199"
"SCP_N23.EpiB.TACGGTAGTCTGATTG","SCP259","SCP259_N23",-5.75551173183437,-0.300336459524012,"4","#1DC199"
"SCP_N23.EpiB.TACGGTATCAACACGT","SCP259","SCP259_N23",-5.53119799587246,-0.632260421163417,"4","#1DC199"
"SCP_N23.EpiB.TACTCATAGCACCGTC","SCP259","SCP259_N23",-3.4913923451614,-1.28348431909738,"4","#1DC199"
"SCP_N23.EpiB.TACTCATAGCAGGCTA","SCP259","SCP259_N23",-2.92560049983974,-1.96293340051828,"4","#1DC199"
"SCP_N23.EpiB.TACTCATCAGCCTTGG","SCP259","SCP259_N23",-6.88599345180507,0.638102969282293,"4","#1DC199"
"SCP_N23.EpiB.TACTCGCAGAGCTTCT","SCP259","SCP259_N23",0.340850471525232,-0.61520681703744,"1","#DC9E70"
"SCP_N23.EpiB.TACTCGCAGATGTGGC","SCP259","SCP259_N23",-0.414087564678152,-0.926115849859095,"1","#DC9E70"
"SCP_N23.EpiB.TACTTACGTCTGCAAT","SCP259","SCP259_N23",-7.37960764858242,0.996826848142766,"4","#1DC199"
"SCP_N23.EpiB.TACTTACGTGACCAAG","SCP259","SCP259_N23",-7.43975636455532,0.331448933237218,"4","#1DC199"
"SCP_N23.EpiB.TACTTACGTGCCTTGG","SCP259","SCP259_N23",-2.93469998332973,-2.12666330660043,"4","#1DC199"
"SCP_N23.EpiB.TACTTGTGTGCAACTT","SCP259","SCP259_N23",-6.74454352352138,-0.135825613386012,"4","#1DC199"
"SCP_N23.EpiB.TAGCCGGAGTGCGTGA","SCP259","SCP259_N23",-3.80744978878017,-1.3611744436091,"4","#1DC199"
"SCP_N23.EpiB.TAGCCGGGTTTGGGCC","SCP259","SCP259_N23",-5.92441746685024,-0.522131660825587,"4","#1DC199"
"SCP_N23.EpiB.TAGCCGGTCAACTCTT","SCP259","SCP259_N23",-7.42011973354336,0.875210782640599,"4","#1DC199"
"SCP_N23.EpiB.TAGGCATTCGTTGACA","SCP259","SCP259_N23",-2.55299779865261,-1.68375788057504,"4","#1DC199"
"SCP_N23.EpiB.TAGTGGTCATCCCATC","SCP259","SCP259_N23",-2.48149964305874,-2.84900198305307,"4","#1DC199"
"SCP_N23.EpiB.TAGTTGGCACAGGTTT","SCP259","SCP259_N23",-7.88809534999843,-1.64024911249337,"5","#00BFC8"
"SCP_N23.EpiB.TATCAGGCACCACCAG","SCP259","SCP259_N23",-8.40398737880703,-1.45478496874032,"5","#00BFC8"
"SCP_N23.EpiB.TATCAGGGTGTAACGG","SCP259","SCP259_N23",1.30130043533329,-2.06755123460946,"1","#DC9E70"
"SCP_N23.EpiB.TATCTCAAGCCGCCTA","SCP259","SCP259_N23",1.04990771320347,-1.21064505899606,"1","#DC9E70"
"SCP_N23.EpiB.TATCTCACACGAAGCA","SCP259","SCP259_N23",1.41261652019505,-2.0719898732966,"1","#DC9E70"
"SCP_N23.EpiB.TATCTCATCGGCTACG","SCP259","SCP259_N23",-3.17355749103542,-1.43444762552438,"4","#1DC199"
"SCP_N23.EpiB.TATGCCCAGCACCGCT","SCP259","SCP259_N23",-7.89714953395839,-0.661871531850672,"5","#00BFC8"
"SCP_N23.EpiB.TATGCCCAGCTCTCGG","SCP259","SCP259_N23",-7.42574307415004,-1.5637186559504,"5","#00BFC8"
"SCP_N23.EpiB.TATTACCAGTACGTTC","SCP259","SCP259_N23",-6.22912547084804,-1.56357417429147,"5","#00BFC8"
"SCP_N23.EpiB.TATTACCCAATAGCAA","SCP259","SCP259_N23",-2.96383020374294,-2.20087609613595,"4","#1DC199"
"SCP_N23.EpiB.TCAATCTCAATAGCAA","SCP259","SCP259_N23",-7.69694992992397,0.00206341420950817,"4","#1DC199"
"SCP_N23.EpiB.TCAATCTGTGGACGAT","SCP259","SCP259_N23",-6.94719788524624,-0.794523337728358,"5","#00BFC8"
"SCP_N23.EpiB.TCACAAGGTTAAGTAG","SCP259","SCP259_N23",-8.37350508663173,-1.74673686350045,"5","#00BFC8"
"SCP_N23.EpiB.TCAGCAAAGCAAATCA","SCP259","SCP259_N23",-3.15080115291591,-1.00693807924447,"4","#1DC199"
"SCP_N23.EpiB.TCAGCTCGTAGCCTAT","SCP259","SCP259_N23",-6.7686333367538,0.385867735498571,"4","#1DC199"
"SCP_N23.EpiB.TCAGGATAGATATGGT","SCP259","SCP259_N23",-3.46401473972317,-1.6750377210444,"4","#1DC199"
"SCP_N23.EpiB.TCCACACAGAGAGCTC","SCP259","SCP259_N23",-6.71419665309902,-0.797403434163905,"4","#1DC199"
"SCP_N23.EpiB.TCCACACGTGTATGGG","SCP259","SCP259_N23",-7.42224833461757,-0.186360219365931,"4","#1DC199"
"SCP_N23.EpiB.TCCCGATAGTACGCGA","SCP259","SCP259_N23",-5.95520636531826,-0.307469585782862,"4","#1DC199"
"SCP_N23.EpiB.TCGAGGCAGTGTCTCA","SCP259","SCP259_N23",-0.508890421123464,0.8629877773458,"0","#ED90A4"
"SCP_N23.EpiB.TCGAGGCTCGTGTAGT","SCP259","SCP259_N23",1.00365844276432,-1.02072058046517,"4","#1DC199"
"SCP_N23.EpiB.TCGCGAGCAGTCGATT","SCP259","SCP259_N23",-4.00125739070888,-3.8767138513392,"4","#1DC199"
"SCP_N23.EpiB.TCGCGAGTCTTCATGT","SCP259","SCP259_N23",-6.95544239971157,0.202539703004979,"4","#1DC199"
"SCP_N23.EpiB.TCGCGTTCACTCGACG","SCP259","SCP259_N23",-7.24591729137417,0.243749519937658,"4","#1DC199"
"SCP_N23.EpiB.TCGCGTTCAGTTAACC","SCP259","SCP259_N23",1.78942885902409,-0.511482694990016,"1","#DC9E70"
"SCP_N23.EpiB.TCGGGACAGCACCGTC","SCP259","SCP259_N23",-6.76359698268886,-1.05406532610116,"5","#00BFC8"
"SCP_N23.EpiB.TCGGTAACAGCGTTCG","SCP259","SCP259_N23",-8.44925925228115,-1.38374386156259,"5","#00BFC8"
"SCP_N23.EpiB.TCGTACCAGGGATCTG","SCP259","SCP259_N23",-3.10902544948574,-2.77862940157113,"4","#1DC199"
"SCP_N23.EpiB.TCGTACCCAGACGCTC","SCP259","SCP259_N23",-7.22719475719448,-0.507918575651026,"5","#00BFC8"
"SCP_N23.EpiB.TCGTACCGTCATATCG","SCP259","SCP259_N23",-4.44613453838344,-1.01751528108773,"4","#1DC199"
"SCP_N23.EpiB.TCTATTGAGCGTTCCG","SCP259","SCP259_N23",1.38855174091343,-0.673424104101039,"1","#DC9E70"
"SCP_N23.EpiB.TCTATTGTCCCTTGTG","SCP259","SCP259_N23",-7.80846735927578,-1.0446551832026,"5","#00BFC8"
"SCP_N23.EpiB.TCTATTGTCTCCCTGA","SCP259","SCP259_N23",-1.11866220924373,0.318827292078161,"0","#ED90A4"
"SCP_N23.EpiB.TCTCATAAGGGTCTCC","SCP259","SCP259_N23",-7.18221709224697,-0.65270099962411,"5","#00BFC8"
"SCP_N23.EpiB.TCTCATACACCGCTAG","SCP259","SCP259_N23",-4.08270213100429,-0.92467890108285,"4","#1DC199"
"SCP_N23.EpiB.TCTCTAAAGAAAGTGG","SCP259","SCP259_N23",1.83700945880894,-0.302209237462855,"1","#DC9E70"
"SCP_N23.EpiB.TCTCTAACACATCCAA","SCP259","SCP259_N23",-8.36614081356045,-1.6303280385798,"5","#00BFC8"
"SCP_N23.EpiB.TCTCTAACAGTGGGAT","SCP259","SCP259_N23",-7.32458540889736,-0.237337807065821,"5","#00BFC8"
"SCP_N23.EpiB.TCTTCGGAGAGCCCAA","SCP259","SCP259_N23",-7.90369936916347,-1.42869053209481,"5","#00BFC8"
"SCP_N23.EpiB.TCTTTCCCAGGATTGG","SCP259","SCP259_N23",-7.9893707940292,-1.64691887224374,"5","#00BFC8"
"SCP_N23.EpiB.TCTTTCCGTTTGTTGG","SCP259","SCP259_N23",-4.17245289775844,-1.28835521066842,"4","#1DC199"
"SCP_N23.EpiB.TCTTTCCTCGTTTAGG","SCP259","SCP259_N23",-8.31970641109463,-1.52491722429452,"5","#00BFC8"
"SCP_N23.EpiB.TGACAACTCACTTCAT","SCP259","SCP259_N23",-8.28159949275966,-0.918691018468714,"5","#00BFC8"
"SCP_N23.EpiB.TGACAACTCGTACGGC","SCP259","SCP259_N23",-5.12824389430996,-0.886287310964442,"4","#1DC199"
"SCP_N23.EpiB.TGACTAGAGCGGCTTC","SCP259","SCP259_N23",-3.32082888576504,-1.38403735483346,"4","#1DC199"
"SCP_N23.EpiB.TGACTTTTCACATACG","SCP259","SCP259_N23",-8.30152747127529,-1.3824306520289,"5","#00BFC8"
"SCP_N23.EpiB.TGACTTTTCTATCGCC","SCP259","SCP259_N23",-3.31766721698757,-1.32023487413583,"4","#1DC199"
"SCP_N23.EpiB.TGAGAGGCATACTACG","SCP259","SCP259_N23",-7.05857274028774,0.498573025816106,"4","#1DC199"
"SCP_N23.EpiB.TGAGAGGGTGCGCTTG","SCP259","SCP259_N23",-2.47031137439724,-1.53685031259713,"4","#1DC199"
"SCP_N23.EpiB.TGAGAGGTCTCTGAGA","SCP259","SCP259_N23",-3.69455477687832,-1.62592277849374,"4","#1DC199"
"SCP_N23.EpiB.TGAGAGGTCTGAAAGA","SCP259","SCP259_N23",-5.05538985225673,-0.969881394750453,"4","#1DC199"
"SCP_N23.EpiB.TGAGCATCATAACCTG","SCP259","SCP259_N23",0.946596353321116,-1.20768223131356,"1","#DC9E70"
"SCP_N23.EpiB.TGAGCATTCCAATGGT","SCP259","SCP259_N23",-7.43366524669643,-1.56477556551156,"5","#00BFC8"
"SCP_N23.EpiB.TGAGCATTCTGTCAAG","SCP259","SCP259_N23",-6.81343934032436,-1.59415207231698,"5","#00BFC8"
"SCP_N23.EpiB.TGAGCCGGTCTAGTCA","SCP259","SCP259_N23",-7.80862471553798,-1.20741424883065,"5","#00BFC8"
"SCP_N23.EpiB.TGAGGGACATAAGACA","SCP259","SCP259_N23",-7.78156134578701,-1.47299752557931,"5","#00BFC8"
"SCP_N23.EpiB.TGAGGGAGTAGCCTCG","SCP259","SCP259_N23",-3.55275246593471,-1.52371511781869,"4","#1DC199"
"SCP_N23.EpiB.TGAGGGAGTGTGGTTT","SCP259","SCP259_N23",-7.61004158946987,-0.481609562284327,"5","#00BFC8"
"SCP_N23.EpiB.TGCACCTAGTACGTTC","SCP259","SCP259_N23",-6.07370755168911,-1.55205521906076,"5","#00BFC8"
"SCP_N23.EpiB.TGCACCTCACACATGT","SCP259","SCP259_N23",-7.47764489147182,0.345572730653905,"4","#1DC199"
"SCP_N23.EpiB.TGCCAAATCACTATTC","SCP259","SCP259_N23",-2.86518618556972,-1.91861234033761,"4","#1DC199"
"SCP_N23.EpiB.TGCCCATTCACAGGCC","SCP259","SCP259_N23",-7.22384736034389,-0.45665345514474,"5","#00BFC8"
"SCP_N23.EpiB.TGCGCAGCAGCCAATT","SCP259","SCP259_N23",-7.45019337627407,0.299913188570165,"4","#1DC199"
"SCP_N23.EpiB.TGCGCAGGTGGCCCTA","SCP259","SCP259_N23",-4.32018610927578,-0.964878180868006,"4","#1DC199"
"SCP_N23.EpiB.TGCGGGTGTCTCAACA","SCP259","SCP259_N23",-2.95325753185268,-1.78560099924264,"4","#1DC199"
"SCP_N23.EpiB.TGCGTGGCACCGATAT","SCP259","SCP259_N23",-3.46570155117031,-0.703570226079798,"4","#1DC199"
"SCP_N23.EpiB.TGCGTGGCAGTCACTA","SCP259","SCP259_N23",-2.19455143901821,-2.00252447450814,"4","#1DC199"
"SCP_N23.EpiB.TGCGTGGTCATACGGT","SCP259","SCP259_N23",-2.99046871158596,-1.64102158868966,"4","#1DC199"
"SCP_N23.EpiB.TGCTGCTGTAGCGTAG","SCP259","SCP259_N23",-4.1075029084396,-1.20160875642953,"4","#1DC199"
"SCP_N23.EpiB.TGCTGCTGTCTCTCTG","SCP259","SCP259_N23",-6.4622277924728,-0.775412181264735,"5","#00BFC8"
"SCP_N23.EpiB.TGGACGCCAAGCGTAG","SCP259","SCP259_N23",-7.19141575786587,-0.246325710660792,"4","#1DC199"
"SCP_N23.EpiB.TGGACGCCATCGGTTA","SCP259","SCP259_N23",-5.16173121425625,-0.618572333700038,"4","#1DC199"
"SCP_N23.EpiB.TGGACGCTCCCATTTA","SCP259","SCP259_N23",-2.32133957836147,-1.28466806734262,"4","#1DC199"
"SCP_N23.EpiB.TGGCCAGCACGGATAG","SCP259","SCP259_N23",-5.08622118923183,-0.919076302892543,"4","#1DC199"
"SCP_N23.EpiB.TGGCGCAAGTTAGCGG","SCP259","SCP259_N23",-3.20037290546413,-2.10057888353524,"4","#1DC199"
"SCP_N23.EpiB.TGGCTGGTCGTAGGAG","SCP259","SCP259_N23",-6.94243046733852,-1.10074243868051,"5","#00BFC8"
"SCP_N23.EpiB.TGGCTGGTCTCACATT","SCP259","SCP259_N23",-2.96835419628139,-2.44536695802865,"4","#1DC199"
"SCP_N23.EpiB.TGGGAAGGTTACGTCA","SCP259","SCP259_N23",-2.99285790416714,-1.83841047609506,"4","#1DC199"
"SCP_N23.EpiB.TGGGCGTCACTCTGTC","SCP259","SCP259_N23",-7.60785386058803,-1.25585208261666,"5","#00BFC8"
"SCP_N23.EpiB.TGGGCGTGTGCCTTGG","SCP259","SCP259_N23",-5.76193949672695,-0.435373166448451,"4","#1DC199"
"SCP_N23.EpiB.TGGTTAGAGCTTATCG","SCP259","SCP259_N23",-2.6123788068008,-1.89891491258798,"4","#1DC199"
"SCP_N23.EpiB.TGGTTAGGTATGGTTC","SCP259","SCP259_N23",-8.21152064296718,-1.75845895136056,"5","#00BFC8"
"SCP_N23.EpiB.TGGTTCCAGACAGAGA","SCP259","SCP259_N23",-6.68620917293545,-1.26808820093331,"5","#00BFC8"
"SCP_N23.EpiB.TGGTTCCGTCCGAATT","SCP259","SCP259_N23",-2.99484965297695,-2.01624570215402,"4","#1DC199"
"SCP_N23.EpiB.TGTCCCAGTGTGGCTC","SCP259","SCP259_N23",-6.03112265560146,-0.482131937391139,"4","#1DC199"
"SCP_N23.EpiB.TGTGGTACAAAGAATC","SCP259","SCP259_N23",-6.63358780834194,0.378266593568944,"4","#1DC199"
"SCP_N23.EpiB.TGTGGTACATGTCCTC","SCP259","SCP259_N23",-3.83249041530605,-1.12796745622811,"4","#1DC199"
"SCP_N23.EpiB.TGTGGTATCGGCATCG","SCP259","SCP259_N23",-2.73651596996303,-2.47594461763558,"4","#1DC199"
"SCP_N23.EpiB.TGTGTTTAGTGACTCT","SCP259","SCP259_N23",-0.571920127601583,-3.56909618700204,"0","#ED90A4"
"SCP_N23.EpiB.TGTTCCGCAGTAGAGC","SCP259","SCP259_N23",-6.49375531169887,-0.704041818029261,"4","#1DC199"
"SCP_N23.EpiB.TTAACTCGTATCGCAT","SCP259","SCP259_N23",-6.21187493297573,0.1063879934484,"4","#1DC199"
"SCP_N23.EpiB.TTAGGACAGGTGCACA","SCP259","SCP259_N23",-4.19859740230556,-4.12127552354989,"4","#1DC199"
"SCP_N23.EpiB.TTAGGACCACCAACCG","SCP259","SCP259_N23",-6.84289023372646,-0.768680671102381,"5","#00BFC8"
"SCP_N23.EpiB.TTAGGACCACCCATGG","SCP259","SCP259_N23",-7.97081133815761,-0.876725057012416,"5","#00BFC8"
"SCP_N23.EpiB.TTAGGACTCAAACGGG","SCP259","SCP259_N23",-5.83821198436733,-0.17759273374734,"4","#1DC199"
"SCP_N23.EpiB.TTAGGCATCACCCTCA","SCP259","SCP259_N23",1.74852362182621,-1.26384697282968,"1","#DC9E70"
"SCP_N23.EpiB.TTATGCTAGATCCTGT","SCP259","SCP259_N23",1.09447368886952,-1.24339161241708,"1","#DC9E70"
"SCP_N23.EpiB.TTCCCAGGTCACAAGG","SCP259","SCP259_N23",1.92830791976933,-1.54157648409066,"1","#DC9E70"
"SCP_N23.EpiB.TTCGAAGGTTCCGTCT","SCP259","SCP259_N23",-4.25113341304775,-4.22157535875497,"4","#1DC199"
"SCP_N23.EpiB.TTCGGTCCAAGCTGTT","SCP259","SCP259_N23",-6.05011937114712,-0.476620057470179,"4","#1DC199"
"SCP_N23.EpiB.TTCGGTCGTATTAGCC","SCP259","SCP259_N23",-3.29111978504177,-2.96962557161508,"4","#1DC199"
"SCP_N23.EpiB.TTCTCAACAAGTTAAG","SCP259","SCP259_N23",1.28788426425938,-1.36589322412667,"1","#DC9E70"
"SCP_N23.EpiB.TTCTCAAGTCTGATTG","SCP259","SCP259_N23",-5.78669783565517,-0.0721779855555065,"4","#1DC199"
"SCP_N23.EpiB.TTCTCCTAGTAGATGT","SCP259","SCP259_N23",-6.64814564678188,-0.68759713495431,"5","#00BFC8"
"SCP_N23.EpiB.TTCTCCTCACCAGATT","SCP259","SCP259_N23",-3.4265045830917,-1.43302736604867,"4","#1DC199"
"SCP_N23.EpiB.TTGACTTGTCATCCCT","SCP259","SCP259_N23",-7.85022208187099,-0.52447150076089,"5","#00BFC8"
"SCP_N23.EpiB.TTGCGTCAGATCGATA","SCP259","SCP259_N23",-8.07272955867763,-0.861601689702845,"5","#00BFC8"
"SCP_N23.EpiB.TTGGAACGTCCGTGAC","SCP259","SCP259_N23",-6.93926808330532,0.751517793291234,"4","#1DC199"
"SCP_N23.EpiB.TTGGAACGTGAGGGAG","SCP259","SCP259_N23",-8.20398089382168,-1.20813713396249,"5","#00BFC8"
"SCP_N23.EpiB.TTGGAACTCCGATATG","SCP259","SCP259_N23",-6.39814850780483,-0.488032558805323,"4","#1DC199"
"SCP_N23.EpiB.TTGTAGGAGGAATTAC","SCP259","SCP259_N23",-7.70998427364345,0.203984281175756,"4","#1DC199"
"SCP_N23.EpiB.TTGTAGGGTCTGATCA","SCP259","SCP259_N23",-6.86687895748134,0.329785606020116,"4","#1DC199"
"SCP_N23.EpiB.TTTACTGGTGCAACGA","SCP259","SCP259_N23",-7.94185492488857,-1.47769246423898,"5","#00BFC8"
"SCP_N23.EpiB.TTTCCTCAGATACACA","SCP259","SCP259_N23",-6.63180777523037,0.238021513574743,"4","#1DC199"
"SCP_N23.EpiB.TTTCCTCGTACTCGCG","SCP259","SCP259_N23",-5.62394091579433,-0.438816765195704,"4","#1DC199"
"SCP_N23.EpiB.TTTCCTCGTGTTTGGT","SCP259","SCP259_N23",-3.95793721172329,-0.931353190786219,"4","#1DC199"
"SCP_N23.EpiB.TTTGCGCGTACGCTGC","SCP259","SCP259_N23",-3.24342295619961,-2.22282061899362,"4","#1DC199"
"SCP_N23.EpiB.TTTGCGCTCTGTCCGT","SCP259","SCP259_N23",-3.17604157421108,-1.62625012720285,"4","#1DC199"
"SCP_N23.EpiB.TTTGGTTCACGAAATA","SCP259","SCP259_N23",-7.46216008159633,-0.362121680623866,"4","#1DC199"
"SCP_N23.LPA.AAAGATGCAAGTCATC","SCP259","SCP259_N23",-3.67843458148952,-4.32011804903207,"4","#1DC199"
"SCP_N23.LPA.AACCATGGTAAACGCG","SCP259","SCP259_N23",-3.41982242557522,-4.50003013933358,"4","#1DC199"
"SCP_N23.LPA.AAGGAGCGTACTTAGC","SCP259","SCP259_N23",-3.68050190898891,-3.432398417837,"4","#1DC199"
"SCP_N23.LPA.AAGGTTCCACACTGCG","SCP259","SCP259_N23",1.91866770294193,-0.853331902868129,"1","#DC9E70"
"SCP_N23.LPA.AAGTCTGCACTCGACG","SCP259","SCP259_N23",-3.81117341014858,-3.97840128267465,"4","#1DC199"
"SCP_N23.LPA.ACACCAATCTACCTGC","SCP259","SCP259_N23",-3.12397143337246,-1.12907872522531,"4","#1DC199"
"SCP_N23.LPA.ACACCCTCAGGTGGAT","SCP259","SCP259_N23",0.394015370874445,-0.841733077413417,"1","#DC9E70"
"SCP_N23.LPA.ACACTGACAGATCTGT","SCP259","SCP259_N23",-3.59191009494777,-4.2301918062037,"4","#1DC199"
"SCP_N23.LPA.ACGAGGATCACTGGGC","SCP259","SCP259_N23",4.21511176136021,-0.725665191060878,"1","#DC9E70"
"SCP_N23.LPA.ACGATGTCATCCAACA","SCP259","SCP259_N23",2.20226839092259,-1.84221945131478,"1","#DC9E70"
"SCP_N23.LPA.ACGGGTCGTCGCGTGT","SCP259","SCP259_N23",2.20067277458195,-1.07788310373483,"1","#DC9E70"
"SCP_N23.LPA.ATAGACCCATACTACG","SCP259","SCP259_N23",-3.3963405797195,-4.32347307527719,"4","#1DC199"
"SCP_N23.LPA.ATCGAGTAGTCGATAA","SCP259","SCP259_N23",1.85854664352421,-1.02018580759225,"1","#DC9E70"
"SCP_N23.LPA.ATCTACTTCAGGTTCA","SCP259","SCP259_N23",-3.08101531955715,-1.50869713152108,"4","#1DC199"
"SCP_N23.LPA.ATGGGAGTCAGGCCCA","SCP259","SCP259_N23",-3.62013623210903,-4.15463409746347,"4","#1DC199"
"SCP_N23.LPA.CACAAACTCATGCATG","SCP259","SCP259_N23",1.40839126613621,-0.706966737157679,"1","#DC9E70"
"SCP_N23.LPA.CACACCTGTCTACCTC","SCP259","SCP259_N23",4.25863793399815,-0.46482405985055,"0","#ED90A4"
"SCP_N23.LPA.CACCACTGTCTGGAGA","SCP259","SCP259_N23",1.27121034172062,-0.45465240801034,"1","#DC9E70"
"SCP_N23.LPA.CACTCCAGTGTCAATC","SCP259","SCP259_N23",-3.07177755329128,-1.21272073114572,"4","#1DC199"
"SCP_N23.LPA.CATCAGAAGAGGGATA","SCP259","SCP259_N23",-4.23109671566005,-4.33920440996347,"4","#1DC199"
"SCP_N23.LPA.CCTTTCTTCTCGCATC","SCP259","SCP259_N23",-3.57067963573452,-3.9825693162745,"4","#1DC199"
"SCP_N23.LPA.CGAGCCAGTGCCTGTG","SCP259","SCP259_N23",-6.85431572887417,-0.630154946691371,"5","#00BFC8"
"SCP_N23.LPA.CGGCTAGAGGACACCA","SCP259","SCP259_N23",2.09020236042027,-2.28531680429635,"1","#DC9E70"
"SCP_N23.LPA.CGTCCATCATCTCGCT","SCP259","SCP259_N23",-3.69990584346767,-3.91108141267953,"4","#1DC199"
"SCP_N23.LPA.CGTGTAAAGCACGCCT","SCP259","SCP259_N23",-2.79487821552273,-2.63575229967294,"4","#1DC199"
"SCP_N23.LPA.CTAAGACCAATCTGCA","SCP259","SCP259_N23",-3.34414264652248,-4.09532223070321,"4","#1DC199"
"SCP_N23.LPA.CTACGTCGTCCAGTAT","SCP259","SCP259_N23",-3.87314412090298,-4.00576124513803,"4","#1DC199"
"SCP_N23.LPA.CTCCTAGCAGCCACCA","SCP259","SCP259_N23",2.04399993923191,-2.16962037409005,"1","#DC9E70"
"SCP_N23.LPA.CTGGTCTCATTAGGCT","SCP259","SCP259_N23",-3.09764358493801,-2.79986629808602,"4","#1DC199"
"SCP_N23.LPA.CTGTGCTGTATCGCAT","SCP259","SCP259_N23",-3.02505681011196,-4.01737127626596,"4","#1DC199"
"SCP_N23.LPA.CTGTTTATCACTTATC","SCP259","SCP259_N23",-3.06924054119106,-1.03362474764047,"4","#1DC199"
"SCP_N23.LPA.GACAGAGGTATAGGGC","SCP259","SCP259_N23",-4.67147204372402,-1.0010498555964,"4","#1DC199"
"SCP_N23.LPA.GAGTCCGCATGTCGAT","SCP259","SCP259_N23",-3.07288786861416,-1.09655342424569,"4","#1DC199"
"SCP_N23.LPA.GATCGCGCAGTAACGG","SCP259","SCP259_N23",-0.0194974848937587,-0.763336757070399,"1","#DC9E70"
"SCP_N23.LPA.GATCGTAAGCTGCAAG","SCP259","SCP259_N23",-1.71804627868648,-0.904814103490687,"1","#DC9E70"
"SCP_N23.LPA.GATCGTAGTATAGGGC","SCP259","SCP259_N23",1.44180574920658,-0.221558788663722,"1","#DC9E70"
"SCP_N23.LPA.GCAAACTAGAACAACT","SCP259","SCP259_N23",-3.2280182549667,-4.27211103761849,"4","#1DC199"
"SCP_N23.LPA.GCAGCCATCCAGAGGA","SCP259","SCP259_N23",-3.56506201717373,-3.21087084139047,"4","#1DC199"
"SCP_N23.LPA.GCGACCACAAGAGTCG","SCP259","SCP259_N23",-3.11245772335048,-1.17684469545541,"4","#1DC199"
"SCP_N23.LPA.GCGAGAACAGCTGTAT","SCP259","SCP259_N23",-4.08174511882778,-3.92992601717172,"4","#1DC199"
"SCP_N23.LPA.GCGAGAAGTTGCGTTA","SCP259","SCP259_N23",-2.54314848873134,-1.22959122980294,"4","#1DC199"
"SCP_N23.LPA.GCGCAGTTCCCTAATT","SCP259","SCP259_N23",-0.637143106193502,-0.659823039419032,"1","#DC9E70"
"SCP_N23.LPA.GGGAATGTCTGTCTCG","SCP259","SCP259_N23",-3.76386901828762,-4.24512920702157,"4","#1DC199"
"SCP_N23.LPA.GTAACTGCAGGTGCCT","SCP259","SCP259_N23",2.21652844455723,-1.12755642259774,"1","#DC9E70"
"SCP_N23.LPA.GTCAAGTCACGGTTTA","SCP259","SCP259_N23",1.7325554182816,-2.04816589677987,"1","#DC9E70"
"SCP_N23.LPA.GTGAAGGAGCACCGCT","SCP259","SCP259_N23",-3.85620591136928,-4.16575250948129,"4","#1DC199"
"SCP_N23.LPA.GTTCGGGGTGATAAAC","SCP259","SCP259_N23",-3.97991225215908,-4.11887655580697,"4","#1DC199"
"SCP_N23.LPA.GTTTCTAAGGGAAACA","SCP259","SCP259_N23",-2.9207808682632,-1.06475768411813,"4","#1DC199"
"SCP_N23.LPA.TACCTTAGTGATGTCT","SCP259","SCP259_N23",-3.00565359088894,-1.11245737398324,"4","#1DC199"
"SCP_N23.LPA.TCGCGTTTCGTTACGA","SCP259","SCP259_N23",-2.98086616489406,-3.51981745088754,"4","#1DC199"
"SCP_N23.LPA.TCGGGACCAGTATGCT","SCP259","SCP259_N23",2.23876097705845,-2.03398905122933,"1","#DC9E70"
"SCP_N23.LPA.TCTATTGAGTACACCT","SCP259","SCP259_N23",-2.34908053371425,-1.22003064478097,"4","#1DC199"
"SCP_N23.LPA.TCTCATAGTGACAAAT","SCP259","SCP259_N23",-7.87325045558925,-0.674624541646815,"5","#00BFC8"
"SCP_N23.LPA.TGAGAGGAGTCTTGCA","SCP259","SCP259_N23",-4.10301396343227,-4.15056810701547,"4","#1DC199"
"SCP_N23.LPA.TGGACGCCAGTGACAG","SCP259","SCP259_N23",-3.2107355305862,-4.12427196825204,"4","#1DC199"
"SCP_N23.LPA.TGGCCAGGTCTTCAAG","SCP259","SCP259_N23",1.71739914920811,-1.98493013704476,"1","#DC9E70"
"SCP_N23.LPA.TGTGTTTAGCTCTCGG","SCP259","SCP259_N23",1.47582545784001,-0.66100440347848,"1","#DC9E70"
"SCP_N23.LPA.TTGAACGTCTACTCAT","SCP259","SCP259_N23",-3.50953552219387,-3.43179807985482,"4","#1DC199"
"SCP_N23.LPB.AACCGCGAGAAGGACA","SCP259","SCP259_N23",-3.8231692025375,-3.851512530691,"4","#1DC199"
"SCP_N23.LPB.AACTCTTTCCTATGTT","SCP259","SCP259_N23",-2.73886701557155,-2.92569694841561,"4","#1DC199"
"SCP_N23.LPB.AAGGAGCTCGAGAACG","SCP259","SCP259_N23",-3.08391663524624,-1.38229308450875,"4","#1DC199"
"SCP_N23.LPB.AAGGTTCGTGTAACGG","SCP259","SCP259_N23",0.780605941085856,-0.808937171346522,"1","#DC9E70"
"SCP_N23.LPB.AAGTCTGTCGATGAGG","SCP259","SCP259_N23",2.07552280929569,-1.18870220506845,"1","#DC9E70"
"SCP_N23.LPB.AATCCAGGTCGTCTTC","SCP259","SCP259_N23",-2.64480659458156,-3.43267689073739,"4","#1DC199"
"SCP_N23.LPB.ACACCAACACGGTAGA","SCP259","SCP259_N23",-3.57282659503933,-1.54891906107125,"4","#1DC199"
"SCP_N23.LPB.ACACCGGAGTTACCCA","SCP259","SCP259_N23",-3.78270623180385,-1.4290717634028,"4","#1DC199"
"SCP_N23.LPB.ACACCGGCATCCAACA","SCP259","SCP259_N23",1.61031594779972,-0.812563756353236,"1","#DC9E70"
"SCP_N23.LPB.ACAGCTATCATACGGT","SCP259","SCP259_N23",-2.43856117221828,-2.80818519914804,"4","#1DC199"
"SCP_N23.LPB.ACATGGTGTCCGACGT","SCP259","SCP259_N23",-3.74600908252712,-1.29386887872872,"4","#1DC199"
"SCP_N23.LPB.ACCAGTATCGAGGTAG","SCP259","SCP259_N23",1.0482188751984,-1.77452407205758,"1","#DC9E70"
"SCP_N23.LPB.ACCCACTAGAACAATC","SCP259","SCP259_N23",-4.06259247753139,-1.17671094263253,"4","#1DC199"
"SCP_N23.LPB.ACCCACTGTTCTCATT","SCP259","SCP259_N23",-7.610729188652,-1.73166618669686,"7","#BB9DEA"
"SCP_N23.LPB.ACGATGTAGTTAAGTG","SCP259","SCP259_N23",-6.93185660335537,-1.68125734651742,"4","#1DC199"
"SCP_N23.LPB.ACGCCAGGTATATGGA","SCP259","SCP259_N23",-6.54498764965053,-0.647039035207606,"4","#1DC199"
"SCP_N23.LPB.ACGGAGAAGAGGTTAT","SCP259","SCP259_N23",-2.79682156536098,-1.97689757669625,"4","#1DC199"
"SCP_N23.LPB.ACGTCAAAGTCCGGTC","SCP259","SCP259_N23",-2.64733812305446,-2.87332306230722,"4","#1DC199"
"SCP_N23.LPB.ACGTCAATCCTTAATC","SCP259","SCP259_N23",2.1831841757584,-2.11427889192758,"1","#DC9E70"
"SCP_N23.LPB.ACTGCTCCATCTCGCT","SCP259","SCP259_N23",-2.74276754352566,-1.71181378687081,"4","#1DC199"
"SCP_N23.LPB.ACTGTCCCAGGAATGC","SCP259","SCP259_N23",1.39977791812901,-0.91235242212472,"1","#DC9E70"
"SCP_N23.LPB.ACTTTCATCAGTACGT","SCP259","SCP259_N23",-4.36877295467373,-1.49473343218026,"4","#1DC199"
"SCP_N23.LPB.AGAATAGAGCCTTGAT","SCP259","SCP259_N23",-6.24707314464565,0.10215797101798,"4","#1DC199"
"SCP_N23.LPB.AGAATAGCACAAGTAA","SCP259","SCP259_N23",-3.19320771190639,-3.74654445970712,"4","#1DC199"
"SCP_N23.LPB.AGAGTGGGTCCTGCTT","SCP259","SCP259_N23",-6.97984883281704,0.216818114870214,"4","#1DC199"
"SCP_N23.LPB.AGCAGCCGTACCAGTT","SCP259","SCP259_N23",2.09714844730381,-1.76171503389535,"1","#DC9E70"
"SCP_N23.LPB.AGCGTATAGGACAGAA","SCP259","SCP259_N23",-7.16635510417934,-0.455015757924891,"4","#1DC199"
"SCP_N23.LPB.AGCGTCGAGAGCTATA","SCP259","SCP259_N23",-2.30608436557766,-1.26260457361398,"4","#1DC199"
"SCP_N23.LPB.AGGGATGAGCGCTCCA","SCP259","SCP259_N23",-4.13517281505581,-1.30443463648019,"4","#1DC199"
"SCP_N23.LPB.AGGGTGACAAGCGCTC","SCP259","SCP259_N23",2.7537567904282,-0.972107509023524,"1","#DC9E70"
"SCP_N23.LPB.AGGGTGACATCCGGGT","SCP259","SCP259_N23",-4.16569468471523,-1.65477524126229,"4","#1DC199"
"SCP_N23.LPB.AGGTCATCACGCCAGT","SCP259","SCP259_N23",1.34307101276402,-2.16988835657296,"1","#DC9E70"
"SCP_N23.LPB.AGGTCCGTCTTACCGC","SCP259","SCP259_N23",2.20611241367344,-1.93322596872506,"1","#DC9E70"
"SCP_N23.LPB.AGTCTTTGTTAAGACA","SCP259","SCP259_N23",-2.90281102153774,-3.64826975191293,"4","#1DC199"
"SCP_N23.LPB.AGTGAGGCAATGAAAC","SCP259","SCP259_N23",1.71994987037663,-2.07349644029794,"1","#DC9E70"
"SCP_N23.LPB.AGTGGGAAGAGATGAG","SCP259","SCP259_N23",1.79070106056217,-0.959321359044886,"1","#DC9E70"
"SCP_N23.LPB.AGTGGGACATCCGTGG","SCP259","SCP259_N23",-2.85298463794704,-1.88122115457711,"4","#1DC199"
"SCP_N23.LPB.ATAGACCAGTCTCGGC","SCP259","SCP259_N23",0.818748383789103,-1.9717517885035,"4","#1DC199"
"SCP_N23.LPB.ATAGACCCATGTCCTC","SCP259","SCP259_N23",-2.47054669353481,-1.82857356393991,"4","#1DC199"
"SCP_N23.LPB.ATAGACCGTACCGAGA","SCP259","SCP259_N23",1.10377141740803,-0.559549907094813,"1","#DC9E70"
"SCP_N23.LPB.ATCATGGAGGACTGGT","SCP259","SCP259_N23",-3.62611648532863,-4.24655590379891,"4","#1DC199"
"SCP_N23.LPB.ATCATGGCACTCTGTC","SCP259","SCP259_N23",-2.56869503948208,-3.30751619661508,"4","#1DC199"
"SCP_N23.LPB.ATCCACCTCACAGTAC","SCP259","SCP259_N23",-4.25355860683437,-1.13759908998666,"4","#1DC199"
"SCP_N23.LPB.ATGAGGGCAGGATCGA","SCP259","SCP259_N23",2.15346327331547,-1.08940992677865,"1","#DC9E70"
"SCP_N23.LPB.ATGTGTGAGGGAAACA","SCP259","SCP259_N23",-4.09332272502895,-1.42482982004342,"4","#1DC199"
"SCP_N23.LPB.ATTATCCAGCAGCGTA","SCP259","SCP259_N23",2.02695646789555,-2.0523365529841,"1","#DC9E70"
"SCP_N23.LPB.ATTGGACGTCACTGGC","SCP259","SCP259_N23",2.08014956024174,-2.35471163118539,"1","#DC9E70"
"SCP_N23.LPB.ATTTCTGGTTGCCTCT","SCP259","SCP259_N23",2.21562197711949,-2.18269524896798,"1","#DC9E70"
"SCP_N23.LPB.CAAGAAAAGAGGGCTT","SCP259","SCP259_N23",1.80868914630894,-1.33810887659249,"1","#DC9E70"
"SCP_N23.LPB.CAAGAAAGTTGATTCG","SCP259","SCP259_N23",2.10999801662449,-0.94315395677743,"1","#DC9E70"
"SCP_N23.LPB.CAAGGCCAGAGATGAG","SCP259","SCP259_N23",1.73682644870762,-2.03611216867623,"1","#DC9E70"
"SCP_N23.LPB.CAAGGCCTCCGGCACA","SCP259","SCP259_N23",-4.23779007884975,-1.43706307733712,"4","#1DC199"
"SCP_N23.LPB.CACAAACAGACTAGAT","SCP259","SCP259_N23",2.20465758350376,-2.23554501856027,"1","#DC9E70"
"SCP_N23.LPB.CACAAACTCAGCACAT","SCP259","SCP259_N23",2.25448611286167,-1.25145659769235,"1","#DC9E70"
"SCP_N23.LPB.CACACAAAGAATTCCC","SCP259","SCP259_N23",1.59717896488194,-0.867438891774989,"1","#DC9E70"
"SCP_N23.LPB.CACACAAGTTGTGGCC","SCP259","SCP259_N23",-2.43147513362881,-1.43159113252816,"4","#1DC199"
"SCP_N23.LPB.CACAGGCCACCAGTTA","SCP259","SCP259_N23",2.2028386881638,-1.99076376283822,"1","#DC9E70"
"SCP_N23.LPB.CACAGTAGTCGTTGTA","SCP259","SCP259_N23",1.15387996938709,-1.1164325269526,"1","#DC9E70"
"SCP_N23.LPB.CACATAGAGAGAACAG","SCP259","SCP259_N23",2.22246101406101,-1.99356422746835,"1","#DC9E70"
"SCP_N23.LPB.CACATAGTCTTGACGA","SCP259","SCP259_N23",-3.55125567409511,-3.99583063448129,"4","#1DC199"
"SCP_N23.LPB.CACCACTGTTCGCGAC","SCP259","SCP259_N23",1.99040356185917,-1.27974448526559,"1","#DC9E70"
"SCP_N23.LPB.CACCAGGAGCCGATTT","SCP259","SCP259_N23",-3.41191193553921,-4.32504759157357,"4","#1DC199"
"SCP_N23.LPB.CACCAGGCATGACATC","SCP259","SCP259_N23",-2.57013723346706,-2.54441390360055,"4","#1DC199"
"SCP_N23.LPB.CACCAGGCATGATCCA","SCP259","SCP259_N23",-2.62482807132717,-3.14015302980599,"4","#1DC199"
"SCP_N23.LPB.CACCAGGGTTCTCATT","SCP259","SCP259_N23",1.64622560050968,-1.96921835268197,"1","#DC9E70"
"SCP_N23.LPB.CACCTTGCAGATTGCT","SCP259","SCP259_N23",2.15733519104008,-1.21789489114938,"1","#DC9E70"
"SCP_N23.LPB.CACCTTGTCCCATTAT","SCP259","SCP259_N23",-1.63754388782497,-1.93036017740426,"0","#ED90A4"
"SCP_N23.LPB.CAGAATCCAAAGAATC","SCP259","SCP259_N23",-5.94417139980312,-2.14356789911447,"4","#1DC199"
"SCP_N23.LPB.CAGAATCCACACCGCA","SCP259","SCP259_N23",1.66145935562138,-2.09438882196603,"1","#DC9E70"
"SCP_N23.LPB.CAGAATCTCACCATAG","SCP259","SCP259_N23",2.05164065864567,-1.20691213930307,"1","#DC9E70"
"SCP_N23.LPB.CAGATCACACAGACTT","SCP259","SCP259_N23",-3.23633357975002,-1.16656289423165,"4","#1DC199"
"SCP_N23.LPB.CAGCATAAGCAGGCTA","SCP259","SCP259_N23",2.26773312595371,-2.02995906198678,"1","#DC9E70"
"SCP_N23.LPB.CAGCATACATCGATGT","SCP259","SCP259_N23",-5.33671137783046,-0.577499130613185,"4","#1DC199"
"SCP_N23.LPB.CAGGTGCTCTGGTGTA","SCP259","SCP259_N23",-6.10350844356533,-0.488395312673426,"4","#1DC199"
"SCP_N23.LPB.CAGTCCTGTCTTTCAT","SCP259","SCP259_N23",2.00788536575321,-1.27238879526315,"1","#DC9E70"
"SCP_N23.LPB.CATATGGAGGGTATCG","SCP259","SCP259_N23",1.87176993396763,-2.1106804403132,"1","#DC9E70"
"SCP_N23.LPB.CATATTCAGAGTCGGT","SCP259","SCP259_N23",-2.83800289127346,-1.82177744234262,"4","#1DC199"
"SCP_N23.LPB.CATATTCCACCATGTA","SCP259","SCP259_N23",2.23328140285496,-1.18611917818246,"1","#DC9E70"
"SCP_N23.LPB.CATCGGGGTCCGTCAG","SCP259","SCP259_N23",-3.49849268886562,-4.03724966371713,"4","#1DC199"
"SCP_N23.LPB.CATGGCGGTGAGGCTA","SCP259","SCP259_N23",-2.99997350666042,-1.30897579515634,"4","#1DC199"
"SCP_N23.LPB.CATTATCAGGATCGCA","SCP259","SCP259_N23",-3.16501209232326,-4.31107149446664,"4","#1DC199"
"SCP_N23.LPB.CCAATCCAGCTTCGCG","SCP259","SCP259_N23",1.29289999511723,-0.547681907064296,"1","#DC9E70"
"SCP_N23.LPB.CCACCTAAGGAGTACC","SCP259","SCP259_N23",-3.95140311214443,-4.09039125765023,"4","#1DC199"
"SCP_N23.LPB.CCACTACGTTGATTCG","SCP259","SCP259_N23",-5.87292668315883,-0.560874322301722,"4","#1DC199"
"SCP_N23.LPB.CCAGCGAGTGCGCTTG","SCP259","SCP259_N23",1.43239000347141,-1.87772498453317,"1","#DC9E70"
"SCP_N23.LPB.CCCAGTTAGGAGTTTA","SCP259","SCP259_N23",0.867532103328745,-2.07136545503793,"4","#1DC199"
"SCP_N23.LPB.CCCAGTTGTAACGACG","SCP259","SCP259_N23",-3.18092057201381,-1.74721298540292,"4","#1DC199"
"SCP_N23.LPB.CCGGTAGGTATATGGA","SCP259","SCP259_N23",1.66566589382176,-1.34141741121469,"4","#1DC199"
"SCP_N23.LPB.CCGTACTCAAAGGTGC","SCP259","SCP259_N23",-2.31214019748684,-2.45054302538095,"4","#1DC199"
"SCP_N23.LPB.CCTACCACATCCGGGT","SCP259","SCP259_N23",2.15668621566776,-1.58185634935556,"1","#DC9E70"
"SCP_N23.LPB.CCTATTACATACAGCT","SCP259","SCP259_N23",-7.30082890483852,-1.63759169901071,"5","#00BFC8"
"SCP_N23.LPB.CCTTACGTCTCCCTGA","SCP259","SCP259_N23",1.86974111106877,-1.33153782213388,"1","#DC9E70"
"SCP_N23.LPB.CGAATGTCAGATGGCA","SCP259","SCP259_N23",1.822735696106,-1.99790654504953,"1","#DC9E70"
"SCP_N23.LPB.CGACCTTAGCGTCAAG","SCP259","SCP259_N23",-3.42756912204738,-4.13672170961557,"4","#1DC199"
"SCP_N23.LPB.CGACTTCGTGTCCTCT","SCP259","SCP259_N23",1.94409993198399,-2.15783105219064,"1","#DC9E70"
"SCP_N23.LPB.CGAGCCATCGGCGCTA","SCP259","SCP259_N23",1.96215060260777,-1.15638408983407,"1","#DC9E70"
"SCP_N23.LPB.CGAGCCATCGGCTTGG","SCP259","SCP259_N23",0.763449280529062,-2.03810224855599,"4","#1DC199"
"SCP_N23.LPB.CGATCGGGTACTTCTT","SCP259","SCP259_N23",1.60947099235539,-1.97394285524545,"1","#DC9E70"
"SCP_N23.LPB.CGATGGCCACCGAAAG","SCP259","SCP259_N23",-2.31493041011806,-1.36754761064706,"4","#1DC199"
"SCP_N23.LPB.CGATGGCGTACTTAGC","SCP259","SCP259_N23",-2.8841073224258,-1.36625490511117,"4","#1DC199"
"SCP_N23.LPB.CGATGGCTCTCGGACG","SCP259","SCP259_N23",2.10783043411259,-2.06316433275399,"1","#DC9E70"
"SCP_N23.LPB.CGATGTATCTATCGCC","SCP259","SCP259_N23",-4.0983566949081,-1.46928892458139,"4","#1DC199"
"SCP_N23.LPB.CGCGGTACAGGTGGAT","SCP259","SCP259_N23",-4.15182635280605,-1.36817584360299,"4","#1DC199"
"SCP_N23.LPB.CGCGGTATCCAACCAA","SCP259","SCP259_N23",-2.42126676532741,-3.08050117815194,"4","#1DC199"
"SCP_N23.LPB.CGCGTTTAGAGCTGCA","SCP259","SCP259_N23",-5.97555205318447,-0.520163634664393,"4","#1DC199"
"SCP_N23.LPB.CGCGTTTGTTGGGACA","SCP259","SCP259_N23",1.63476088550572,-0.89131913507638,"1","#DC9E70"
"SCP_N23.LPB.CGGACACCACGAAATA","SCP259","SCP259_N23",-4.04525801631923,-1.4627140554255,"4","#1DC199"
"SCP_N23.LPB.CGGACGTGTCAGTGGA","SCP259","SCP259_N23",-3.9728421876144,-1.05089984262643,"4","#1DC199"
"SCP_N23.LPB.CGGAGCTCACCAGTTA","SCP259","SCP259_N23",1.59691479709629,-1.99065599764047,"1","#DC9E70"
"SCP_N23.LPB.CGGCTAGAGAGTACAT","SCP259","SCP259_N23",-3.94501540157314,-3.66073522890267,"4","#1DC199"
"SCP_N23.LPB.CGGCTAGTCCACGAAT","SCP259","SCP259_N23",-7.63119837734218,-1.10360823000131,"5","#00BFC8"
"SCP_N23.LPB.CGGGTCATCCTTAATC","SCP259","SCP259_N23",-3.47894808742519,-4.28849373186288,"4","#1DC199"
"SCP_N23.LPB.CGTAGCGCAATGAATG","SCP259","SCP259_N23",-2.89323231670376,-1.3200036081141,"4","#1DC199"
"SCP_N23.LPB.CGTAGCGGTAAGAGAG","SCP259","SCP259_N23",-2.84107968303676,-2.3419283422297,"4","#1DC199"
"SCP_N23.LPB.CGTCACTGTCCGAGTC","SCP259","SCP259_N23",1.36735299137119,-0.67047558153329,"1","#DC9E70"
"SCP_N23.LPB.CGTCTACGTGCCTGCA","SCP259","SCP259_N23",1.50108185317997,-0.922663787252284,"1","#DC9E70"
"SCP_N23.LPB.CGTGAGCTCTACCTGC","SCP259","SCP259_N23",1.8360903551865,-0.539364317304469,"1","#DC9E70"
"SCP_N23.LPB.CGTTAGAGTAGCCTCG","SCP259","SCP259_N23",-3.10322305652614,-1.21481833780465,"4","#1DC199"
"SCP_N23.LPB.CTACCCATCCCTCTTT","SCP259","SCP259_N23",2.13588228729252,-2.01882944429574,"1","#DC9E70"
"SCP_N23.LPB.CTACGTCAGGCTAGGT","SCP259","SCP259_N23",2.00522759464268,-1.22544608438668,"1","#DC9E70"
"SCP_N23.LPB.CTACGTCGTCAACATC","SCP259","SCP259_N23",-2.86898228618618,-3.71111736620126,"4","#1DC199"
"SCP_N23.LPB.CTAGAGTTCAAGGTAA","SCP259","SCP259_N23",-3.06838128063198,-1.27987585390267,"4","#1DC199"
"SCP_N23.LPB.CTAGAGTTCGGCATCG","SCP259","SCP259_N23",-2.35086152050014,-2.83799038255868,"4","#1DC199"
"SCP_N23.LPB.CTAGTGATCCGATATG","SCP259","SCP259_N23",1.61440017726902,-1.12848911607919,"1","#DC9E70"
"SCP_N23.LPB.CTCACACCACAACTGT","SCP259","SCP259_N23",0.906975000171702,-1.66905269945321,"1","#DC9E70"
"SCP_N23.LPB.CTCAGAATCTTGTTTG","SCP259","SCP259_N23",-3.8618278214645,-3.69444189394174,"4","#1DC199"
"SCP_N23.LPB.CTCGAGGCAGCATGAG","SCP259","SCP259_N23",1.80700281169895,-0.969713548070765,"1","#DC9E70"
"SCP_N23.LPB.CTCGGAGCAAGCCTAT","SCP259","SCP259_N23",1.97653224971775,-1.05445990884957,"1","#DC9E70"
"SCP_N23.LPB.CTCGGAGGTAGGGTAC","SCP259","SCP259_N23",-2.46950718852993,-3.12790212953744,"4","#1DC199"
"SCP_N23.LPB.CTCGGGATCCCTCTTT","SCP259","SCP259_N23",-2.79178664180752,-1.24298653925119,"4","#1DC199"
"SCP_N23.LPB.CTCGTCATCTATGTGG","SCP259","SCP259_N23",1.00817456748966,-1.64323220575509,"1","#DC9E70"
"SCP_N23.LPB.CTGATAGAGAGCCCAA","SCP259","SCP259_N23",2.0118191530991,-1.08271656358895,"1","#DC9E70"
"SCP_N23.LPB.CTGGTCTCAGCTTAAC","SCP259","SCP259_N23",-3.59336945507046,-3.98040542925057,"4","#1DC199"
"SCP_N23.LPB.CTGTGCTTCAGGATCT","SCP259","SCP259_N23",2.09166160133366,-1.0425742658442,"1","#DC9E70"
"SCP_N23.LPB.CTGTTTAGTGGCCCTA","SCP259","SCP259_N23",-3.0600311467361,-3.85310373628793,"4","#1DC199"
"SCP_N23.LPB.CTTCTCTAGGTGCTTT","SCP259","SCP259_N23",-3.49534675571438,-4.17919359529672,"4","#1DC199"
"SCP_N23.LPB.CTTGGCTAGTGAACGC","SCP259","SCP259_N23",1.17200180795674,-2.03020797098336,"4","#1DC199"
"SCP_N23.LPB.CTTGGCTGTGGAAAGA","SCP259","SCP259_N23",1.05558171775822,-0.607731202489711,"1","#DC9E70"
"SCP_N23.LPB.CTTGGCTGTTCCGTCT","SCP259","SCP259_N23",-2.89862510654445,-3.79995403612313,"4","#1DC199"
"SCP_N23.LPB.GAAATGAAGGTGCAAC","SCP259","SCP259_N23",-3.27130934688564,-2.06880174005685,"4","#1DC199"
"SCP_N23.LPB.GAACCTAAGGAACTGC","SCP259","SCP259_N23",-7.19524762126919,0.737235864751958,"4","#1DC199"
"SCP_N23.LPB.GAAGCAGAGATGCCAG","SCP259","SCP259_N23",1.68441930320744,-1.30873785341439,"1","#DC9E70"
"SCP_N23.LPB.GAATAAGCATAGTAAG","SCP259","SCP259_N23",-3.4291877457809,-4.26501665437875,"4","#1DC199"
"SCP_N23.LPB.GAATGAACAGGTCGTC","SCP259","SCP259_N23",-2.94450542423244,-1.34311685884652,"4","#1DC199"
"SCP_N23.LPB.GACACGCGTATATCCG","SCP259","SCP259_N23",-2.61287710163112,-1.44037137354074,"4","#1DC199"
"SCP_N23.LPB.GACACGCTCAAACGGG","SCP259","SCP259_N23",1.81494274642948,-1.31144032800851,"1","#DC9E70"
"SCP_N23.LPB.GACAGAGAGCTAACAA","SCP259","SCP259_N23",1.90932217147831,-2.23946509683786,"1","#DC9E70"
"SCP_N23.LPB.GACCAATTCCTTCAAT","SCP259","SCP259_N23",1.98756244686131,-0.964858392125941,"1","#DC9E70"
"SCP_N23.LPB.GACGCGTTCAGGCGAA","SCP259","SCP259_N23",-3.09799096080776,-1.49777255380807,"4","#1DC199"
"SCP_N23.LPB.GACTAACTCAACGGGA","SCP259","SCP259_N23",-3.39082834217068,-1.2212008031672,"4","#1DC199"
"SCP_N23.LPB.GACTAACTCACAATGC","SCP259","SCP259_N23",2.07980611827854,-1.34368691766915,"1","#DC9E70"
"SCP_N23.LPB.GAGCAGATCGTATCAG","SCP259","SCP259_N23",-3.88939806911465,-1.16246924722848,"4","#1DC199"
"SCP_N23.LPB.GAGGTGAGTAAGAGGA","SCP259","SCP259_N23",1.84809604194645,-2.01348862970529,"1","#DC9E70"
"SCP_N23.LPB.GATCGATAGAATAGGG","SCP259","SCP259_N23",-7.99335333797451,-0.950736621267176,"5","#00BFC8"
"SCP_N23.LPB.GATCGCGTCCTATTCA","SCP259","SCP259_N23",1.8423056891251,-2.22515187586007,"1","#DC9E70"
"SCP_N23.LPB.GATCGTAGTAGGAGTC","SCP259","SCP259_N23",-2.53779360744472,-1.75742731416879,"4","#1DC199"
"SCP_N23.LPB.GATCGTATCTTGCATT","SCP259","SCP259_N23",2.08519533184056,-2.3134871515101,"1","#DC9E70"
"SCP_N23.LPB.GATCTAGAGCTGATAA","SCP259","SCP259_N23",-6.20295760128017,0.172567030542516,"4","#1DC199"
"SCP_N23.LPB.GATTCAGAGGCTAGAC","SCP259","SCP259_N23",2.20877376106266,-1.07795081461129,"1","#DC9E70"
"SCP_N23.LPB.GCACATACACCCATGG","SCP259","SCP259_N23",-2.95738908740993,-0.960958102590419,"4","#1DC199"
"SCP_N23.LPB.GCACATACAGCGTAAG","SCP259","SCP259_N23",2.0321090510178,-2.06884608591256,"1","#DC9E70"
"SCP_N23.LPB.GCACATATCGCATGGC","SCP259","SCP259_N23",-2.84642884227749,-1.12990627611337,"4","#1DC199"
"SCP_N23.LPB.GCACTCTAGACCGGAT","SCP259","SCP259_N23",2.17099621799473,-1.73367843950448,"1","#DC9E70"
"SCP_N23.LPB.GCAGCCAGTCAGAAGC","SCP259","SCP259_N23",-2.82847330066677,-2.16123638475595,"4","#1DC199"
"SCP_N23.LPB.GCATGCGGTCTTGCGG","SCP259","SCP259_N23",-2.96028730365749,-3.6900192292994,"4","#1DC199"
"SCP_N23.LPB.GCATGTAAGCGTGAAC","SCP259","SCP259_N23",2.20544901397709,-2.18575010622201,"1","#DC9E70"
"SCP_N23.LPB.GCCAAATTCACTTATC","SCP259","SCP259_N23",2.25187972095494,-1.21073541963754,"1","#DC9E70"
"SCP_N23.LPB.GCCTCTACATTTGCCC","SCP259","SCP259_N23",-3.00460502597805,-4.08964071596322,"4","#1DC199"
"SCP_N23.LPB.GCCTCTATCCACGCAG","SCP259","SCP259_N23",1.92293503787998,-0.95163259828744,"1","#DC9E70"
"SCP_N23.LPB.GCGACCAAGAATTCCC","SCP259","SCP259_N23",1.90377691295628,-2.18105993593392,"1","#DC9E70"
"SCP_N23.LPB.GCGAGAACACTGAAGG","SCP259","SCP259_N23",-3.57191202136989,-1.13168273294625,"4","#1DC199"
"SCP_N23.LPB.GCGCAGTTCCCTTGCA","SCP259","SCP259_N23",-2.95143744441982,-1.51847420061288,"4","#1DC199"
"SCP_N23.LPB.GCGCCAAGTTCCGTCT","SCP259","SCP259_N23",-5.41832777950283,-0.739661792165614,"4","#1DC199"
"SCP_N23.LPB.GCGGGTTCACTTAACG","SCP259","SCP259_N23",1.27397790458683,-0.836766818410731,"1","#DC9E70"
"SCP_N23.LPB.GCTCTGTAGGGTCGAT","SCP259","SCP259_N23",2.14032104518894,-1.16718421304879,"1","#DC9E70"
"SCP_N23.LPB.GCTGCGAAGTCATCCA","SCP259","SCP259_N23",-3.39250943157192,-1.12558160150704,"4","#1DC199"
"SCP_N23.LPB.GCTGGGTGTTGCGCAC","SCP259","SCP259_N23",-2.92037293407436,-3.76301346147714,"4","#1DC199"
"SCP_N23.LPB.GCTTCCAAGGGCATGT","SCP259","SCP259_N23",-6.19372412654873,-1.73753819788156,"5","#00BFC8"
"SCP_N23.LPB.GCTTCCACACTCGACG","SCP259","SCP259_N23",2.25152900722508,-1.83609900797067,"1","#DC9E70"
"SCP_N23.LPB.GCTTCCACATCAGTCA","SCP259","SCP259_N23",-5.25106141063686,-0.639499524480677,"4","#1DC199"
"SCP_N23.LPB.GCTTGAAAGTTATCGC","SCP259","SCP259_N23",-3.03027483913418,-1.43490300501046,"4","#1DC199"
"SCP_N23.LPB.GGAACTTAGTCCAGGA","SCP259","SCP259_N23",1.84163001087193,-0.89372096384225,"1","#DC9E70"
"SCP_N23.LPB.GGAATAAAGACTACAA","SCP259","SCP259_N23",1.68412187603001,-0.732711175329066,"1","#DC9E70"
"SCP_N23.LPB.GGACAAGTCTCTGAGA","SCP259","SCP259_N23",2.2197323134232,-1.14965806329904,"1","#DC9E70"
"SCP_N23.LPB.GGCAATTCATGGTTGT","SCP259","SCP259_N23",1.80920341518406,-0.951433757192469,"1","#DC9E70"
"SCP_N23.LPB.GGCCGATTCAGCGATT","SCP259","SCP259_N23",-4.97326561901088,-3.16136179292855,"4","#1DC199"
"SCP_N23.LPB.GGCGACTTCACGACTA","SCP259","SCP259_N23",-1.90933415386196,-1.51659283960519,"4","#1DC199"
"SCP_N23.LPB.GGCGTGTAGTGTTGAA","SCP259","SCP259_N23",1.21462502983097,-1.00522384966073,"4","#1DC199"
"SCP_N23.LPB.GGGAATGCACACAGAG","SCP259","SCP259_N23",-2.75937029811855,-2.02847752893624,"4","#1DC199"
"SCP_N23.LPB.GGGACCTAGTACGTAA","SCP259","SCP259_N23",2.05793872383122,-2.07326469743905,"1","#DC9E70"
"SCP_N23.LPB.GGGACCTGTTGTGGAG","SCP259","SCP259_N23",-4.20615574810024,-1.41064868295846,"4","#1DC199"
"SCP_N23.LPB.GGGACCTTCTTGTATC","SCP259","SCP259_N23",0.979964404373209,-1.01281676614938,"1","#DC9E70"
"SCP_N23.LPB.GGGAGATAGTGATCGG","SCP259","SCP259_N23",2.02833583858494,-2.00085721338449,"1","#DC9E70"
"SCP_N23.LPB.GGGATGAGTACGCACC","SCP259","SCP259_N23",-1.98610517475124,-1.50206003511605,"4","#1DC199"
"SCP_N23.LPB.GGGTCTGAGCCATCGC","SCP259","SCP259_N23",-0.563239843578298,-0.711792567617274,"1","#DC9E70"
"SCP_N23.LPB.GGTATTGTCTATCCCG","SCP259","SCP259_N23",-4.13365933391567,-1.31240616167245,"4","#1DC199"
"SCP_N23.LPB.GTAACGTAGCTCCCAG","SCP259","SCP259_N23",-2.42478033992763,-1.32873425806222,"4","#1DC199"
"SCP_N23.LPB.GTAACGTGTCTCACCT","SCP259","SCP259_N23",-2.40163037273403,-1.24994693124948,"4","#1DC199"
"SCP_N23.LPB.GTATCTTGTTCTGGTA","SCP259","SCP259_N23",1.90911653545384,-1.78458581293283,"1","#DC9E70"
"SCP_N23.LPB.GTATTCTCAGGCTCAC","SCP259","SCP259_N23",1.59336176422123,-0.863625625020839,"1","#DC9E70"
"SCP_N23.LPB.GTATTCTGTGGACGAT","SCP259","SCP259_N23",-3.0427291104507,-3.32389793718515,"4","#1DC199"
"SCP_N23.LPB.GTCAAGTCAGCATACT","SCP259","SCP259_N23",2.08168426063542,-1.93633947694955,"1","#DC9E70"
"SCP_N23.LPB.GTCACAAGTCTCTCTG","SCP259","SCP259_N23",1.76867118385319,-0.720406869298793,"1","#DC9E70"
"SCP_N23.LPB.GTCACGGGTTATGTGC","SCP259","SCP259_N23",1.9701714804459,-1.11720190370736,"1","#DC9E70"
"SCP_N23.LPB.GTCCTCACATGCGCAC","SCP259","SCP259_N23",1.99609616306309,-1.08101234758554,"1","#DC9E70"
"SCP_N23.LPB.GTCCTCAGTCTTGATG","SCP259","SCP259_N23",-2.97879096958156,-1.35000262582955,"4","#1DC199"
"SCP_N23.LPB.GTGCAGCCACCTATCC","SCP259","SCP259_N23",-0.837768406600912,-2.37271223390756,"4","#1DC199"
"SCP_N23.LPB.GTGCGGTTCACGAAGG","SCP259","SCP259_N23",1.70441475418095,-1.21281228388009,"1","#DC9E70"
"SCP_N23.LPB.GTGCTTCAGATGGGTC","SCP259","SCP259_N23",-2.85611936542507,-2.27946243608651,"4","#1DC199"
"SCP_N23.LPB.GTGGGTCTCCGGCACA","SCP259","SCP259_N23",-6.4625620553207,-1.50485239351449,"5","#00BFC8"
"SCP_N23.LPB.GTTAAGCGTCGCTTCT","SCP259","SCP259_N23",-6.74000784847255,-0.653209784871913,"4","#1DC199"
"SCP_N23.LPB.GTTAAGCTCAAACAAG","SCP259","SCP259_N23",2.10208943393711,-1.25651727045236,"4","#1DC199"
"SCP_N23.LPB.GTTACAGGTTGACGTT","SCP259","SCP259_N23",0.918689279823343,-1.98662767732797,"4","#1DC199"
"SCP_N23.LPB.GTTCATTCACAGGTTT","SCP259","SCP259_N23",1.97655489948277,-1.18878350580392,"1","#DC9E70"
"SCP_N23.LPB.GTTCATTTCCTCAATT","SCP259","SCP259_N23",-4.10172554943081,-1.46058497751412,"4","#1DC199"
"SCP_N23.LPB.GTTCTCGTCGGCATCG","SCP259","SCP259_N23",-2.65820738765713,-2.9790030511683,"4","#1DC199"
"SCP_N23.LPB.TAAACCGCAGCGTAAG","SCP259","SCP259_N23",1.97384026554112,-1.52679810846505,"1","#DC9E70"
"SCP_N23.LPB.TACACGATCTCAAGTG","SCP259","SCP259_N23",2.10053339508061,-1.55321131075082,"1","#DC9E70"
"SCP_N23.LPB.TACCTATAGTTCGCAT","SCP259","SCP259_N23",-6.6862415978622,-1.9241603406733,"5","#00BFC8"
"SCP_N23.LPB.TACCTTATCGAATCCA","SCP259","SCP259_N23",0.721443860797922,-0.754729131109095,"1","#DC9E70"
"SCP_N23.LPB.TACGGATAGGTGATAT","SCP259","SCP259_N23",2.03011193778996,-2.14420304620919,"1","#DC9E70"
"SCP_N23.LPB.TACGGATCAGTATCTG","SCP259","SCP259_N23",2.10000088718418,-1.92384825075326,"1","#DC9E70"
"SCP_N23.LPB.TACGGGCAGGCTCTTA","SCP259","SCP259_N23",1.94758668449406,-1.27479682291207,"1","#DC9E70"
"SCP_N23.LPB.TACGGGCGTGGAAAGA","SCP259","SCP259_N23",1.49201396015171,-1.94614467943368,"1","#DC9E70"
"SCP_N23.LPB.TACTTACCACGGCGTT","SCP259","SCP259_N23",1.21532615926747,-1.81850753153024,"1","#DC9E70"
"SCP_N23.LPB.TACTTGTGTCTTTCAT","SCP259","SCP259_N23",-2.52313086482998,-3.35074100816903,"4","#1DC199"
"SCP_N23.LPB.TACTTGTTCTCCAACC","SCP259","SCP259_N23",-2.82294580432888,-3.48751411760507,"4","#1DC199"
"SCP_N23.LPB.TAGAGCTTCGTTGCCT","SCP259","SCP259_N23",1.58847919013981,-0.96521172846017,"1","#DC9E70"
"SCP_N23.LPB.TAGCCGGTCCTGCAGG","SCP259","SCP259_N23",1.62777021434788,-1.09469423616586,"1","#DC9E70"
"SCP_N23.LPB.TAGTGGTGTTAGAACA","SCP259","SCP259_N23",-3.71912524196621,-3.840770343191,"4","#1DC199"
"SCP_N23.LPB.TAGTTGGAGACACTAA","SCP259","SCP259_N23",-5.27938315364834,-1.71034941995797,"4","#1DC199"
"SCP_N23.LPB.TAGTTGGAGGGATCTG","SCP259","SCP259_N23",-1.51666161510464,-2.32490954721627,"0","#ED90A4"
"SCP_N23.LPB.TATCTCATCTGTCTAT","SCP259","SCP259_N23",1.6898490479279,-2.10519538248239,"1","#DC9E70"
"SCP_N23.LPB.TATTACCTCGGAAACG","SCP259","SCP259_N23",-6.38526102993007,-0.63920698488412,"4","#1DC199"
"SCP_N23.LPB.TCACAAGTCCACGAAT","SCP259","SCP259_N23",-5.33767125102993,-0.589743593580104,"4","#1DC199"
"SCP_N23.LPB.TCAGATGCAGTCAGCC","SCP259","SCP259_N23",1.87615027931217,-1.95240578973947,"1","#DC9E70"
"SCP_N23.LPB.TCAGCAACACGGACAA","SCP259","SCP259_N23",-3.42034456226345,-1.33173141802011,"4","#1DC199"
"SCP_N23.LPB.TCAGCTCTCAGAGGTG","SCP259","SCP259_N23",-3.10861703845974,-1.2825292142695,"4","#1DC199"
"SCP_N23.LPB.TCAGCTCTCCCGGATG","SCP259","SCP259_N23",-3.51453539821621,-3.38752041185556,"4","#1DC199"
"SCP_N23.LPB.TCATTTGAGTTCCACA","SCP259","SCP259_N23",-3.80456397029873,-3.95903644884286,"4","#1DC199"
"SCP_N23.LPB.TCATTTGCACATGTGT","SCP259","SCP259_N23",-2.87215301486965,-3.4766665490931,"4","#1DC199"
"SCP_N23.LPB.TCCACACCAAAGCAAT","SCP259","SCP259_N23",-1.71960267517086,-1.95089230859933,"4","#1DC199"
"SCP_N23.LPB.TCCACACCACCAGTTA","SCP259","SCP259_N23",-3.58362457248684,-3.53169927919564,"4","#1DC199"
"SCP_N23.LPB.TCCCGATAGTTACCCA","SCP259","SCP259_N23",-2.70272037479397,-1.21593151415048,"4","#1DC199"
"SCP_N23.LPB.TCGAGGCGTAGCTAAA","SCP259","SCP259_N23",-2.99860879871364,-3.9344883951014,"4","#1DC199"
"SCP_N23.LPB.TCGCGAGGTGCGGTAA","SCP259","SCP259_N23",-2.66860386821743,-3.37311468446908,"4","#1DC199"
"SCP_N23.LPB.TCGGTAAAGCTGCGAA","SCP259","SCP259_N23",1.82878497150425,-1.99490461672006,"1","#DC9E70"
"SCP_N23.LPB.TCGGTAAAGTAATCCC","SCP259","SCP259_N23",1.4912303974915,-2.0253680738276,"1","#DC9E70"
"SCP_N23.LPB.TCTGAGAAGCCAGTTT","SCP259","SCP259_N23",-4.37745091411587,-1.95828495348153,"4","#1DC199"
"SCP_N23.LPB.TGAAAGACATGGATGG","SCP259","SCP259_N23",-4.03518673870083,-1.35117969835458,"4","#1DC199"
"SCP_N23.LPB.TGACAACCACGGATAG","SCP259","SCP259_N23",-4.3351468751144,-1.22863016451058,"4","#1DC199"
"SCP_N23.LPB.TGACGGCAGCGCCTCA","SCP259","SCP259_N23",-7.10536477062221,0.941668680065297,"4","#1DC199"
"SCP_N23.LPB.TGACGGCCACTGTGTA","SCP259","SCP259_N23",-1.96095034572597,-1.35251126611886,"4","#1DC199"
"SCP_N23.LPB.TGACGGCGTTCCTCCA","SCP259","SCP259_N23",1.73086026218418,-0.84809837663827,"1","#DC9E70"
"SCP_N23.LPB.TGAGCATAGTGGTCCC","SCP259","SCP259_N23",1.82699242141728,-1.50927958810983,"1","#DC9E70"
"SCP_N23.LPB.TGAGCCGCATTCTCAT","SCP259","SCP259_N23",1.96017649677281,-1.12685451830087,"1","#DC9E70"
"SCP_N23.LPB.TGCACCTCATTTGCCC","SCP259","SCP259_N23",2.13931885269169,-2.26778445566354,"1","#DC9E70"
"SCP_N23.LPB.TGCACCTGTACAGTGG","SCP259","SCP259_N23",2.08616831806187,-0.780222752935267,"1","#DC9E70"
"SCP_N23.LPB.TGCCAAACATAGAAAC","SCP259","SCP259_N23",-3.26453492137905,-1.15257177675424,"4","#1DC199"
"SCP_N23.LPB.TGCCCATCATACGCTA","SCP259","SCP259_N23",-3.24693843814846,-1.2816210779017,"4","#1DC199"
"SCP_N23.LPB.TGCCCATGTTGTGGCC","SCP259","SCP259_N23",1.87181177642826,-1.14161358202157,"1","#DC9E70"
"SCP_N23.LPB.TGCCCTATCACAGGCC","SCP259","SCP259_N23",1.64658155944828,-1.90219722116647,"1","#DC9E70"
"SCP_N23.LPB.TGCTACCCACCTGGTG","SCP259","SCP259_N23",-3.34966489765163,-1.3567091020411,"4","#1DC199"
"SCP_N23.LPB.TGGCTGGAGGCTAGAC","SCP259","SCP259_N23",-6.60876080486294,-0.63504586542306,"4","#1DC199"
"SCP_N23.LPB.TGGCTGGGTGGCTCCA","SCP259","SCP259_N23",1.00481113698963,-0.90694413507638,"1","#DC9E70"
"SCP_N23.LPB.TGGGAAGCAAGCCCAC","SCP259","SCP259_N23",1.90642085578922,-2.08684072817025,"1","#DC9E70"
"SCP_N23.LPB.TGGGAAGGTCCCTACT","SCP259","SCP259_N23",-3.53788539859768,-4.09113607729135,"4","#1DC199"
"SCP_N23.LPB.TGGGAAGGTGGTACAG","SCP259","SCP259_N23",1.87288573291783,-1.73116813028512,"1","#DC9E70"
"SCP_N23.LPB.TGGGCGTGTAGTAGTA","SCP259","SCP259_N23",-2.22949978801723,-1.18623147333322,"4","#1DC199"
"SCP_N23.LPB.TGTATTCGTGTATGGG","SCP259","SCP259_N23",-2.84744736644741,-2.11646614397225,"4","#1DC199"
"SCP_N23.LPB.TGTATTCTCCCATTTA","SCP259","SCP259_N23",-2.63816711399074,-3.19149170244393,"4","#1DC199"
"SCP_N23.LPB.TGTCCCAAGGTGTGGT","SCP259","SCP259_N23",-5.48957964870449,-1.97295937860665,"4","#1DC199"
"SCP_N23.LPB.TTATGCTTCGGAAACG","SCP259","SCP259_N23",2.09655514266972,-2.08059273088632,"1","#DC9E70"
"SCP_N23.LPB.TTCGGTCAGAAACCTA","SCP259","SCP259_N23",1.69268110301975,-1.9994355233973,"1","#DC9E70"
"SCP_N23.LPB.TTCTACAAGACCGGAT","SCP259","SCP259_N23",-2.69398161861416,-3.74497614229379,"4","#1DC199"
"SCP_N23.LPB.TTGACTTGTGGCGAAT","SCP259","SCP259_N23",-3.98410794231411,-1.39095244730172,"4","#1DC199"
"SCP_N23.LPB.TTGCGTCCATCACGTA","SCP259","SCP259_N23",-3.58562657329555,-4.27092752779183,"4","#1DC199"
"SCP_N23.LPB.TTGCGTCTCAACGAAA","SCP259","SCP259_N23",1.0125635555077,-1.55749950731454,"1","#DC9E70"
"SCP_N23.LPB.TTGGAACTCGGCCGAT","SCP259","SCP259_N23",1.44608166721348,-1.8747070821589,"1","#DC9E70"
"SCP_N23.LPB.TTTACTGGTATGAATG","SCP259","SCP259_N23",0.915976076393168,-1.54284415567575,"1","#DC9E70"
"SCP_N23.LPB.TTTCCTCAGTACGCGA","SCP259","SCP259_N23",1.72976317909245,-1.85516987169442,"1","#DC9E70"
"SCP_N23.LPB.TTTCCTCTCGCGTTTC","SCP259","SCP259_N23",1.62303343322758,-0.998281339055873,"1","#DC9E70"
"SCP_N24.EpiA.AAACCTGGTTGGGACA","SCP259","SCP259_N24",6.68270972278599,5.97045077955069,"2","#B7AE50"
"SCP_N24.EpiA.AAACGGGCAGATAATG","SCP259","SCP259_N24",3.49391224887852,1.17251998757663,"0","#ED90A4"
"SCP_N24.EpiA.AAACGGGCATAAAGGT","SCP259","SCP259_N24",3.23715808895115,6.33169021283927,"2","#B7AE50"
"SCP_N24.EpiA.AAACGGGGTACCGTAT","SCP259","SCP259_N24",2.94557335880284,2.1642385331327,"0","#ED90A4"
"SCP_N24.EpiA.AAACGGGTCGCTTGTC","SCP259","SCP259_N24",5.77291682270054,1.72196333681884,"0","#ED90A4"
"SCP_N24.EpiA.AAACGGGTCGGTTAAC","SCP259","SCP259_N24",3.81477573421482,7.07360162412467,"2","#B7AE50"
"SCP_N24.EpiA.AAAGATGAGAAGGGTA","SCP259","SCP259_N24",4.10972788837437,3.42484488164725,"0","#ED90A4"
"SCP_N24.EpiA.AAAGATGAGAGTCGGT","SCP259","SCP259_N24",4.74921277072911,1.23728880857768,"0","#ED90A4"
"SCP_N24.EpiA.AAAGATGAGGATTCGG","SCP259","SCP259_N24",5.69802573230747,4.39233507787528,"0","#ED90A4"
"SCP_N24.EpiA.AAAGATGAGTAATCCC","SCP259","SCP259_N24",4.40321734455113,3.81974568044486,"0","#ED90A4"
"SCP_N24.EpiA.AAAGATGCAAGGTTCT","SCP259","SCP259_N24",4.92774394062046,1.67512377178016,"0","#ED90A4"
"SCP_N24.EpiA.AAAGATGCATGACGGA","SCP259","SCP259_N24",2.47368839290623,7.9689630476171,"2","#B7AE50"
"SCP_N24.EpiA.AAAGATGCATGCTAGT","SCP259","SCP259_N24",2.607199459343,3.76760472928824,"0","#ED90A4"
"SCP_N24.EpiA.AAAGATGGTAGCTGCC","SCP259","SCP259_N24",3.11570528057102,7.06865729963126,"2","#B7AE50"
"SCP_N24.EpiA.AAAGATGGTGCCTGCA","SCP259","SCP259_N24",4.0544798662949,7.02972163831534,"2","#B7AE50"
"SCP_N24.EpiA.AAAGATGGTTAAGAAC","SCP259","SCP259_N24",5.41794350650791,2.25380041276755,"0","#ED90A4"
"SCP_N24.EpiA.AAAGATGTCAAGATCC","SCP259","SCP259_N24",1.70411088970188,3.19707419549766,"0","#ED90A4"
"SCP_N24.EpiA.AAAGATGTCAGTGCAT","SCP259","SCP259_N24",4.22892811801914,4.25427689229789,"0","#ED90A4"
"SCP_N24.EpiA.AAAGATGTCCACGAAT","SCP259","SCP259_N24",4.29413273838047,5.96609773313346,"0","#ED90A4"
"SCP_N24.EpiA.AAAGCAAGTAAGAGGA","SCP259","SCP259_N24",4.40418770816807,2.2758592573339,"0","#ED90A4"
"SCP_N24.EpiA.AAAGCAATCGCGTTTC","SCP259","SCP259_N24",4.36362317111973,7.08216323530021,"2","#B7AE50"
"SCP_N24.EpiA.AAAGTAGAGACACGAC","SCP259","SCP259_N24",2.32847908046726,7.648412129038,"2","#B7AE50"
"SCP_N24.EpiA.AAAGTAGAGTCGAGTG","SCP259","SCP259_N24",3.22160318401341,2.80322518026175,"0","#ED90A4"
"SCP_N24.EpiA.AAATGCCAGAAGGCCT","SCP259","SCP259_N24",3.03491404560093,2.80434646283927,"0","#ED90A4"
"SCP_N24.EpiA.AAATGCCCACAGATTC","SCP259","SCP259_N24",0.641462742357294,3.81472077047172,"0","#ED90A4"
"SCP_N24.EpiA.AACACGTAGGAATCGC","SCP259","SCP259_N24",4.57920268085484,3.28294899141135,"0","#ED90A4"
"SCP_N24.EpiA.AACACGTTCCTATGTT","SCP259","SCP259_N24",4.20872190502171,7.65909948026481,"2","#B7AE50"
"SCP_N24.EpiA.AACCATGAGCGTAGTG","SCP259","SCP259_N24",3.1883373549271,5.35354103719535,"2","#B7AE50"
"SCP_N24.EpiA.AACCATGGTCTGGAGA","SCP259","SCP259_N24",3.77909019496922,5.70787610685172,"2","#B7AE50"
"SCP_N24.EpiA.AACCATGGTTCCGTCT","SCP259","SCP259_N24",3.39136579540257,2.61490227853599,"0","#ED90A4"
"SCP_N24.EpiA.AACCGCGAGCCGCCTA","SCP259","SCP259_N24",4.07789972332005,5.54699840223136,"2","#B7AE50"
"SCP_N24.EpiA.AACCGCGAGGCCCTCA","SCP259","SCP259_N24",5.39978697803501,-0.464260199910975,"0","#ED90A4"
"SCP_N24.EpiA.AACCGCGAGTACACCT","SCP259","SCP259_N24",4.64390900638584,3.76779188787284,"0","#ED90A4"
"SCP_N24.EpiA.AACCGCGCAGCGATCC","SCP259","SCP259_N24",2.26590183284764,2.96988167440238,"0","#ED90A4"
"SCP_N24.EpiA.AACGTTGAGAGCTTCT","SCP259","SCP259_N24",4.25597289112095,3.67025651609244,"0","#ED90A4"
"SCP_N24.EpiA.AACGTTGAGGGCTTCC","SCP259","SCP259_N24",3.67680552509312,6.96310319577994,"2","#B7AE50"
"SCP_N24.EpiA.AACGTTGCAGGAATCG","SCP259","SCP259_N24",5.67224743869786,3.36650969659629,"0","#ED90A4"
"SCP_N24.EpiA.AACTCAGAGACAGGCT","SCP259","SCP259_N24",2.08620026615147,1.95305063401999,"0","#ED90A4"
"SCP_N24.EpiA.AACTCAGCAGGTCCAC","SCP259","SCP259_N24",1.36031952407841,4.26382364904227,"0","#ED90A4"
"SCP_N24.EpiA.AACTCCCAGATGTGGC","SCP259","SCP259_N24",5.61649802234654,2.45551051770987,"0","#ED90A4"
"SCP_N24.EpiA.AACTCCCAGTTCGATC","SCP259","SCP259_N24",3.61888793018345,7.6931480375463,"2","#B7AE50"
"SCP_N24.EpiA.AACTCCCGTAGGGACT","SCP259","SCP259_N24",5.55284455326084,2.19693960820975,"0","#ED90A4"
"SCP_N24.EpiA.AACTCCCGTGCAGACA","SCP259","SCP259_N24",6.45610001590733,0.728467842691564,"0","#ED90A4"
"SCP_N24.EpiA.AACTCTTCAGCGTAAG","SCP259","SCP259_N24",6.11571362522129,1.007632842415,"0","#ED90A4"
"SCP_N24.EpiA.AACTCTTGTAGCGCAA","SCP259","SCP259_N24",4.24871256855015,5.32082094823661,"2","#B7AE50"
"SCP_N24.EpiA.AACTCTTGTATCTGCA","SCP259","SCP259_N24",3.6645782282639,5.45767964994254,"2","#B7AE50"
"SCP_N24.EpiA.AACTGGTAGCACACAG","SCP259","SCP259_N24",2.75776579883579,8.16697921430411,"2","#B7AE50"
"SCP_N24.EpiA.AACTGGTAGGCACATG","SCP259","SCP259_N24",6.04034665134434,2.08510603582206,"0","#ED90A4"
"SCP_N24.EpiA.AACTGGTAGTACGACG","SCP259","SCP259_N24",2.39299943950657,6.59223451291861,"2","#B7AE50"
"SCP_N24.EpiA.AACTGGTCACTTAACG","SCP259","SCP259_N24",3.71623757389073,1.46390915861072,"0","#ED90A4"
"SCP_N24.EpiA.AACTGGTTCACGCGGT","SCP259","SCP259_N24",3.38490560558323,5.03885926877799,"0","#ED90A4"
"SCP_N24.EpiA.AACTTTCCAAACCTAC","SCP259","SCP259_N24",2.6156096747208,3.25903048192801,"0","#ED90A4"
"SCP_N24.EpiA.AACTTTCCAAGCCGTC","SCP259","SCP259_N24",3.31341126468662,3.52540053998771,"0","#ED90A4"
"SCP_N24.EpiA.AACTTTCCACTCAGGC","SCP259","SCP259_N24",4.20852926280979,1.17425098096671,"0","#ED90A4"
"SCP_N24.EpiA.AACTTTCGTAAATGTG","SCP259","SCP259_N24",6.24992325809483,1.30518376653733,"0","#ED90A4"
"SCP_N24.EpiA.AACTTTCGTCTTCGTC","SCP259","SCP259_N24",5.87588789966587,1.08222817456069,"0","#ED90A4"
"SCP_N24.EpiA.AACTTTCGTGAACCTT","SCP259","SCP259_N24",1.83045139816288,4.12860264455619,"0","#ED90A4"
"SCP_N24.EpiA.AACTTTCTCAGCAACT","SCP259","SCP259_N24",4.64098170307163,2.76765801584067,"0","#ED90A4"
"SCP_N24.EpiA.AAGACCTAGTGACATA","SCP259","SCP259_N24",4.25885060337071,7.57958211576285,"2","#B7AE50"
"SCP_N24.EpiA.AAGACCTCATCCTTGC","SCP259","SCP259_N24",5.72493460681919,1.1626232025558,"0","#ED90A4"
"SCP_N24.EpiA.AAGCCGCGTCAGGACA","SCP259","SCP259_N24",3.26547315624241,7.35671844159903,"2","#B7AE50"
"SCP_N24.EpiA.AAGCCGCTCCGCGGTA","SCP259","SCP259_N24",3.70831563976292,3.56563152944388,"0","#ED90A4"
"SCP_N24.EpiA.AAGGAGCAGAGAACAG","SCP259","SCP259_N24",4.85706761386875,2.17654462730231,"0","#ED90A4"
"SCP_N24.EpiA.AAGGAGCAGCTTTGGT","SCP259","SCP259_N24",3.44103458431248,3.42523493444266,"0","#ED90A4"
"SCP_N24.EpiA.AAGGAGCAGGCTAGCA","SCP259","SCP259_N24",0.76058259513859,3.61971368467154,"0","#ED90A4"
"SCP_N24.EpiA.AAGGAGCCAAGAAGAG","SCP259","SCP259_N24",3.02329400089268,5.9603713957006,"2","#B7AE50"
"SCP_N24.EpiA.AAGGAGCCACCTGGTG","SCP259","SCP259_N24",5.56122210529331,1.52519988840165,"0","#ED90A4"
"SCP_N24.EpiA.AAGGAGCCAGATGGGT","SCP259","SCP259_N24",2.84979823139195,8.27756967222037,"2","#B7AE50"
"SCP_N24.EpiA.AAGGAGCCATACGCTA","SCP259","SCP259_N24",3.80689695384983,5.67532338773551,"2","#B7AE50"
"SCP_N24.EpiA.AAGGAGCGTGGGTATG","SCP259","SCP259_N24",3.86941531208042,5.59250726377311,"2","#B7AE50"
"SCP_N24.EpiA.AAGGAGCTCACCAGGC","SCP259","SCP259_N24",4.3329553892899,3.02800275956931,"0","#ED90A4"
"SCP_N24.EpiA.AAGGAGCTCATTCACT","SCP259","SCP259_N24",3.67801597621922,4.02670588170829,"0","#ED90A4"
"SCP_N24.EpiA.AAGGAGCTCGGTCTAA","SCP259","SCP259_N24",2.63849642780308,6.76425637876334,"2","#B7AE50"
"SCP_N24.EpiA.AAGGCAGAGCCTATGT","SCP259","SCP259_N24",5.50306752231602,5.81341590558829,"2","#B7AE50"
"SCP_N24.EpiA.AAGGCAGCAGCCTTTC","SCP259","SCP259_N24",2.76642730739598,5.69509257947745,"2","#B7AE50"
"SCP_N24.EpiA.AAGGCAGCATCGATTG","SCP259","SCP259_N24",6.00002959278111,5.38977040921988,"2","#B7AE50"
"SCP_N24.EpiA.AAGGCAGGTTAAGTAG","SCP259","SCP259_N24",2.06925716903691,4.08557381307425,"0","#ED90A4"
"SCP_N24.EpiA.AAGGCAGTCGTCGTTC","SCP259","SCP259_N24",3.4693386843491,5.87371768628898,"2","#B7AE50"
"SCP_N24.EpiA.AAGGTTCAGACGCAAC","SCP259","SCP259_N24",2.88518264797215,4.24569596921744,"0","#ED90A4"
"SCP_N24.EpiA.AAGGTTCAGCGGATCA","SCP259","SCP259_N24",3.00992467906956,6.54365291272941,"2","#B7AE50"
"SCP_N24.EpiA.AAGGTTCAGTACACCT","SCP259","SCP259_N24",1.97442963626866,4.11258783017936,"0","#ED90A4"
"SCP_N24.EpiA.AAGGTTCAGTGTACTC","SCP259","SCP259_N24",4.28923609760288,4.70882525121512,"0","#ED90A4"
"SCP_N24.EpiA.AAGGTTCCACATGTGT","SCP259","SCP259_N24",2.35868552234654,1.61309770321193,"0","#ED90A4"
"SCP_N24.EpiA.AAGGTTCCATATACCG","SCP259","SCP259_N24",6.26236250904087,5.75703706418815,"2","#B7AE50"
"SCP_N24.EpiA.AAGGTTCGTAGCGTGA","SCP259","SCP259_N24",2.24482944515232,2.8590929714376,"0","#ED90A4"
"SCP_N24.EpiA.AAGGTTCGTCAGTGGA","SCP259","SCP259_N24",4.28461077716831,2.51573338186088,"0","#ED90A4"
"SCP_N24.EpiA.AAGGTTCGTCTTCTCG","SCP259","SCP259_N24",1.02673181798939,6.65923537885489,"2","#B7AE50"
"SCP_N24.EpiA.AAGGTTCGTGCCTGTG","SCP259","SCP259_N24",5.56662085559849,1.34243513097706,"0","#ED90A4"
"SCP_N24.EpiA.AAGGTTCGTTACGGAG","SCP259","SCP259_N24",5.12140515354161,-0.378262618429042,"0","#ED90A4"
"SCP_N24.EpiA.AAGTCTGAGACAATAC","SCP259","SCP259_N24",4.31896451023106,2.24133618747535,"0","#ED90A4"
"SCP_N24.EpiA.AAGTCTGAGAGCTATA","SCP259","SCP259_N24",2.14893975761418,7.04309072171988,"2","#B7AE50"
"SCP_N24.EpiA.AAGTCTGAGATCTGCT","SCP259","SCP259_N24",3.06819727924351,8.06104030286613,"2","#B7AE50"
"SCP_N24.EpiA.AAGTCTGAGCGTTGCC","SCP259","SCP259_N24",2.83908751514439,3.67993774091544,"0","#ED90A4"
"SCP_N24.EpiA.AAGTCTGCAGTGACAG","SCP259","SCP259_N24",4.13164475467686,4.49903931295218,"0","#ED90A4"
"SCP_N24.EpiA.AAGTCTGGTACGCTGC","SCP259","SCP259_N24",3.43006613758091,3.18221130048575,"0","#ED90A4"
"SCP_N24.EpiA.AAGTCTGGTGCTGTAT","SCP259","SCP259_N24",2.84433367755894,6.55762185727897,"2","#B7AE50"
"SCP_N24.EpiA.AAGTCTGTCAAGATCC","SCP259","SCP259_N24",4.20102503803257,1.77374379908385,"0","#ED90A4"
"SCP_N24.EpiA.AAGTCTGTCCTCTAGC","SCP259","SCP259_N24",2.20376792457585,2.60796250974479,"0","#ED90A4"
"SCP_N24.EpiA.AATCCAGCACAAGACG","SCP259","SCP259_N24",4.34409382846836,6.90956916486564,"2","#B7AE50"
"SCP_N24.EpiA.AATCCAGGTACTCGCG","SCP259","SCP259_N24",3.1016207030106,6.37824287092032,"2","#B7AE50"
"SCP_N24.EpiA.AATCCAGTCTTGTCAT","SCP259","SCP259_N24",1.86824372318272,3.61066593801322,"0","#ED90A4"
"SCP_N24.EpiA.AATCGGTAGCCGCCTA","SCP259","SCP259_N24",3.62690117862705,3.14057519113364,"0","#ED90A4"
"SCP_N24.EpiA.AATCGGTAGCGATAGC","SCP259","SCP259_N24",4.83414557483677,2.59165646707358,"0","#ED90A4"
"SCP_N24.EpiA.AATCGGTCACTGAAGG","SCP259","SCP259_N24",2.6053238203812,3.35365762388053,"0","#ED90A4"
"SCP_N24.EpiA.AATCGGTGTAAGAGAG","SCP259","SCP259_N24",3.99501302745823,7.03720798169913,"2","#B7AE50"
"SCP_N24.EpiA.AATCGGTGTCATCGGC","SCP259","SCP259_N24",5.3451452544022,5.74679793989005,"2","#B7AE50"
"SCP_N24.EpiA.AATCGGTGTGTGAATA","SCP259","SCP259_N24",3.35432651546482,6.02493371640983,"2","#B7AE50"
"SCP_N24.EpiA.AATCGGTTCCTCTAGC","SCP259","SCP259_N24",5.65213349369053,2.71330287133994,"0","#ED90A4"
"SCP_N24.EpiA.AATCGGTTCTAACCGA","SCP259","SCP259_N24",2.70102026966099,4.28121294652762,"0","#ED90A4"
"SCP_N24.EpiA.AATCGGTTCTTGCAAG","SCP259","SCP259_N24",0.723064242868464,3.3022344318563,"0","#ED90A4"
"SCP_N24.EpiA.AATCGGTTCTTGCCGT","SCP259","SCP259_N24",3.73750236537937,4.17215480481925,"0","#ED90A4"
"SCP_N24.EpiA.ACACCAAAGTGCGATG","SCP259","SCP259_N24",0.585952817468683,3.75855054532828,"0","#ED90A4"
"SCP_N24.EpiA.ACACCAAAGTTAAGTG","SCP259","SCP259_N24",6.51613667514805,1.46763112222495,"0","#ED90A4"
"SCP_N24.EpiA.ACACCAACAGACTCGC","SCP259","SCP259_N24",4.39696505573277,7.30950584089103,"2","#B7AE50"
"SCP_N24.EpiA.ACACCAACATTACCTT","SCP259","SCP259_N24",4.09531929996495,5.27928938543143,"0","#ED90A4"
"SCP_N24.EpiA.ACACCAAGTCGACTGC","SCP259","SCP259_N24",2.78026488330845,3.32840933477225,"0","#ED90A4"
"SCP_N24.EpiA.ACACCAAGTCGCTTTC","SCP259","SCP259_N24",3.01649668720249,8.25054015790763,"2","#B7AE50"
"SCP_N24.EpiA.ACACCAATCCACGACG","SCP259","SCP259_N24",5.12813952472691,5.58091010724845,"2","#B7AE50"
"SCP_N24.EpiA.ACACCCTCAAGCCCAC","SCP259","SCP259_N24",1.77781775501255,5.15148510610404,"0","#ED90A4"
"SCP_N24.EpiA.ACACCCTTCGCATGGC","SCP259","SCP259_N24",1.52208652999882,7.21197690641227,"2","#B7AE50"
"SCP_N24.EpiA.ACACCGGGTGTTGAGG","SCP259","SCP259_N24",6.48119309452061,0.513038953893804,"0","#ED90A4"
"SCP_N24.EpiA.ACACTGAAGAGACTTA","SCP259","SCP259_N24",2.40700772312168,7.35316981946769,"2","#B7AE50"
"SCP_N24.EpiA.ACACTGAAGATGTGGC","SCP259","SCP259_N24",5.41473296192173,3.59965171491446,"0","#ED90A4"
"SCP_N24.EpiA.ACACTGAAGTAGCGGT","SCP259","SCP259_N24",3.89166524913792,7.47669162427726,"2","#B7AE50"
"SCP_N24.EpiA.ACACTGAAGTCTTGCA","SCP259","SCP259_N24",5.09772494342808,1.8993467596704,"0","#ED90A4"
"SCP_N24.EpiA.ACACTGACACGCGAAA","SCP259","SCP259_N24",3.67185166385655,5.28040709173026,"0","#ED90A4"
"SCP_N24.EpiA.ACACTGAGTTCAGGCC","SCP259","SCP259_N24",5.01654770877842,2.18430151616874,"0","#ED90A4"
"SCP_N24.EpiA.ACAGCCGAGTAGGTGC","SCP259","SCP259_N24",3.20081165340428,6.77571715986075,"2","#B7AE50"
"SCP_N24.EpiA.ACAGCCGCAAGGTTCT","SCP259","SCP259_N24",1.16137215402607,3.67804016744437,"0","#ED90A4"
"SCP_N24.EpiA.ACAGCCGCACCCTATC","SCP259","SCP259_N24",2.31196001079563,7.74528588926139,"2","#B7AE50"
"SCP_N24.EpiA.ACAGCCGCAGCCACCA","SCP259","SCP259_N24",2.95444252994541,4.49817313825431,"0","#ED90A4"
"SCP_N24.EpiA.ACAGCCGCATACGCTA","SCP259","SCP259_N24",4.18743851688389,5.09224142705741,"0","#ED90A4"
"SCP_N24.EpiA.ACAGCCGGTCTTCGTC","SCP259","SCP259_N24",2.708691149025,4.81794681226554,"0","#ED90A4"
"SCP_N24.EpiA.ACAGCCGTCTTCGAGA","SCP259","SCP259_N24",4.66690829303746,2.68625225698295,"0","#ED90A4"
"SCP_N24.EpiA.ACAGCTAAGAACAATC","SCP259","SCP259_N24",1.18992659357075,3.5478900877172,"0","#ED90A4"
"SCP_N24.EpiA.ACAGCTAAGCCACTAT","SCP259","SCP259_N24",1.65919604804997,7.33279456769767,"2","#B7AE50"
"SCP_N24.EpiA.ACAGCTAAGCGAGAAA","SCP259","SCP259_N24",2.15252521541599,2.01503463661017,"0","#ED90A4"
"SCP_N24.EpiA.ACAGCTAAGTGTACGG","SCP259","SCP259_N24",5.6445894530106,1.2160952595407,"0","#ED90A4"
"SCP_N24.EpiA.ACAGCTACATAGACTC","SCP259","SCP259_N24",3.27932122257237,2.88174416696372,"0","#ED90A4"
"SCP_N24.EpiA.ACAGCTACATGATCCA","SCP259","SCP259_N24",3.89285400417332,5.46939172422233,"2","#B7AE50"
"SCP_N24.EpiA.ACAGCTAGTGATAAGT","SCP259","SCP259_N24",0.42386974301819,3.87989606534781,"0","#ED90A4"
"SCP_N24.EpiA.ACAGCTAGTTTGTTGG","SCP259","SCP259_N24",3.64868143108372,1.9614950624639,"0","#ED90A4"
"SCP_N24.EpiA.ACATACGGTACGAAAT","SCP259","SCP259_N24",3.96858289745335,2.19947882568183,"0","#ED90A4"
"SCP_N24.EpiA.ACATACGGTCAGAGGT","SCP259","SCP259_N24",1.75436416175846,4.4268692938024,"0","#ED90A4"
"SCP_N24.EpiA.ACATACGTCAAGGTAA","SCP259","SCP259_N24",5.48561146762852,3.31316306268516,"0","#ED90A4"
"SCP_N24.EpiA.ACATACGTCCGGGTGT","SCP259","SCP259_N24",6.06287243869786,1.2244544086391,"0","#ED90A4"
"SCP_N24.EpiA.ACATCAGCAGATGGCA","SCP259","SCP259_N24",0.810394435195963,3.36023392354789,"0","#ED90A4"
"SCP_N24.EpiA.ACATCAGCATCACGTA","SCP259","SCP259_N24",4.84982827213291,1.59739243065658,"0","#ED90A4"
"SCP_N24.EpiA.ACATCAGGTAAATACG","SCP259","SCP259_N24",5.1609320929337,-0.127170661336756,"0","#ED90A4"
"SCP_N24.EpiA.ACATCAGGTTTGTTGG","SCP259","SCP259_N24",4.42299225833897,1.88017444884124,"0","#ED90A4"
"SCP_N24.EpiA.ACATCAGTCACAGGCC","SCP259","SCP259_N24",3.09349825885777,4.31594576513114,"0","#ED90A4"
"SCP_N24.EpiA.ACATCAGTCTCATTCA","SCP259","SCP259_N24",3.25979712512974,0.869529863947057,"0","#ED90A4"
"SCP_N24.EpiA.ACATGGTGTCCTGCTT","SCP259","SCP259_N24",4.18303540256504,2.40827788984122,"0","#ED90A4"
"SCP_N24.EpiA.ACATGGTTCACCCGAG","SCP259","SCP259_N24",3.06256535556797,3.19378151571097,"0","#ED90A4"
"SCP_N24.EpiA.ACCAGTACAAGAAGAG","SCP259","SCP259_N24",3.25504615810398,8.40711917554679,"2","#B7AE50"
"SCP_N24.EpiA.ACCAGTAGTTGGTGGA","SCP259","SCP259_N24",6.33733466175083,5.71076240217032,"2","#B7AE50"
"SCP_N24.EpiA.ACCAGTATCATCGCTC","SCP259","SCP259_N24",2.96432188060765,6.79781331693473,"2","#B7AE50"
"SCP_N24.EpiA.ACCCACTAGTCTCAAC","SCP259","SCP259_N24",2.08829632308964,7.93115129148307,"2","#B7AE50"
"SCP_N24.EpiA.ACCCACTGTTGGTGGA","SCP259","SCP259_N24",3.13002040889744,6.306934734934,"2","#B7AE50"
"SCP_N24.EpiA.ACCCACTTCCTTCAAT","SCP259","SCP259_N24",3.74960496929173,5.59114494001212,"2","#B7AE50"
"SCP_N24.EpiA.ACCGTAAAGATGTCGG","SCP259","SCP259_N24",6.05607464817051,1.5809481797153,"0","#ED90A4"
"SCP_N24.EpiA.ACCGTAAGTTGCGTTA","SCP259","SCP259_N24",2.74844100978855,7.20986117994132,"2","#B7AE50"
"SCP_N24.EpiA.ACCTTTAAGATGCCAG","SCP259","SCP259_N24",3.30922439601902,7.89446057950797,"2","#B7AE50"
"SCP_N24.EpiA.ACCTTTAAGCGATAGC","SCP259","SCP259_N24",4.38586285617832,4.5088857618505,"0","#ED90A4"
"SCP_N24.EpiA.ACCTTTAAGCGCCTCA","SCP259","SCP259_N24",4.12660244014744,1.70173214947524,"0","#ED90A4"
"SCP_N24.EpiA.ACGAGCCAGATGAGAG","SCP259","SCP259_N24",0.596263079910318,3.85390700971427,"0","#ED90A4"
"SCP_N24.EpiA.ACGAGCCGTCTAACGT","SCP259","SCP259_N24",2.79108193424229,7.86187114393058,"2","#B7AE50"
"SCP_N24.EpiA.ACGAGCCGTCTCTCTG","SCP259","SCP259_N24",6.56005337741856,5.89924802457633,"2","#B7AE50"
"SCP_N24.EpiA.ACGAGCCTCCGTACAA","SCP259","SCP259_N24",3.30644872692112,8.27927627240958,"2","#B7AE50"
"SCP_N24.EpiA.ACGAGGAAGAGTCGGT","SCP259","SCP259_N24",4.06404688861851,7.01006354963126,"2","#B7AE50"
"SCP_N24.EpiA.ACGAGGAAGGCTCTTA","SCP259","SCP259_N24",4.15762093570713,2.73910846387687,"0","#ED90A4"
"SCP_N24.EpiA.ACGAGGAAGTGTACCT","SCP259","SCP259_N24",2.13287392166142,7.66701450025382,"2","#B7AE50"
"SCP_N24.EpiA.ACGAGGAAGTTGCAGG","SCP259","SCP259_N24",4.0871992399979,7.83607043897452,"2","#B7AE50"
"SCP_N24.EpiA.ACGAGGACAAGCCGTC","SCP259","SCP259_N24",6.05098393466954,5.46566571866813,"2","#B7AE50"
"SCP_N24.EpiA.ACGAGGAGTCGCGAAA","SCP259","SCP259_N24",5.23909094837193,0.42097254669013,"0","#ED90A4"
"SCP_N24.EpiA.ACGAGGAGTGAAATCA","SCP259","SCP259_N24",3.84654286411289,2.24351789628806,"0","#ED90A4"
"SCP_N24.EpiA.ACGAGGATCTGATTCT","SCP259","SCP259_N24",5.75364449527745,2.36385216390433,"0","#ED90A4"
"SCP_N24.EpiA.ACGATACTCTTATCTG","SCP259","SCP259_N24",3.16748335865025,7.6828793493444,"2","#B7AE50"
"SCP_N24.EpiA.ACGATGTAGCGACGTA","SCP259","SCP259_N24",5.29623368289952,0.435331365221166,"0","#ED90A4"
"SCP_N24.EpiA.ACGATGTAGGTGTTAA","SCP259","SCP259_N24",4.39444783237461,4.15029730474296,"0","#ED90A4"
"SCP_N24.EpiA.ACGATGTCAATTCCTT","SCP259","SCP259_N24",1.91833141353611,8.17282428418937,"2","#B7AE50"
"SCP_N24.EpiA.ACGATGTCACATTCGA","SCP259","SCP259_N24",5.83638766315464,5.42027702009025,"2","#B7AE50"
"SCP_N24.EpiA.ACGATGTCACTCAGGC","SCP259","SCP259_N24",2.90317609813694,3.28837134515586,"0","#ED90A4"
"SCP_N24.EpiA.ACGATGTCAGCCTTGG","SCP259","SCP259_N24",5.1840386679459,1.829389294737,"0","#ED90A4"
"SCP_N24.EpiA.ACGCAGCAGTGAAGTT","SCP259","SCP259_N24",5.6878810217667,2.90301158105674,"0","#ED90A4"
"SCP_N24.EpiA.ACGCAGCCATTTGCTT","SCP259","SCP259_N24",2.49470451381687,6.91244544660392,"2","#B7AE50"
"SCP_N24.EpiA.ACGCAGCGTAAGCACG","SCP259","SCP259_N24",3.46664002445225,3.17256941472831,"0","#ED90A4"
"SCP_N24.EpiA.ACGCCAGAGGTACTCT","SCP259","SCP259_N24",1.7769890120316,7.93932809507193,"2","#B7AE50"
"SCP_N24.EpiA.ACGCCAGCAACACCCG","SCP259","SCP259_N24",6.24941208866123,1.74947257911506,"0","#ED90A4"
"SCP_N24.EpiA.ACGCCAGGTGGAAAGA","SCP259","SCP259_N24",6.35253479984287,0.328592321031713,"0","#ED90A4"
"SCP_N24.EpiA.ACGCCAGGTGGCGAAT","SCP259","SCP259_N24",1.0716113736916,2.74158050691428,"0","#ED90A4"
"SCP_N24.EpiA.ACGCCGAAGTAGCGGT","SCP259","SCP259_N24",2.68541386631016,4.22410430585685,"0","#ED90A4"
"SCP_N24.EpiA.ACGCCGAGTTACCAGT","SCP259","SCP259_N24",4.31217530277256,1.75470282708945,"0","#ED90A4"
"SCP_N24.EpiA.ACGCCGATCTGCAGTA","SCP259","SCP259_N24",4.18798950222019,3.42562594091239,"0","#ED90A4"
"SCP_N24.EpiA.ACGGAGACACGAAATA","SCP259","SCP259_N24",6.0932355215836,1.63375294780078,"0","#ED90A4"
"SCP_N24.EpiA.ACGGAGACAGGAATGC","SCP259","SCP259_N24",6.56991007831578,1.44706145127954,"0","#ED90A4"
"SCP_N24.EpiA.ACGGAGACATTAGCCA","SCP259","SCP259_N24",3.40376403835301,6.0762833563024,"2","#B7AE50"
"SCP_N24.EpiA.ACGGAGATCATGTGGT","SCP259","SCP259_N24",3.24503996875767,3.2713277546102,"0","#ED90A4"
"SCP_N24.EpiA.ACGGAGATCCAAATGC","SCP259","SCP259_N24",4.1775312712479,5.51511087095084,"2","#B7AE50"
"SCP_N24.EpiA.ACGGAGATCTACCTGC","SCP259","SCP259_N24",2.69661953952793,2.95242287790122,"0","#ED90A4"
"SCP_N24.EpiA.ACGGCCAAGCCGGTAA","SCP259","SCP259_N24",1.40672901180271,3.88157977735343,"0","#ED90A4"
"SCP_N24.EpiA.ACGGCCACAAGGACTG","SCP259","SCP259_N24",2.79935672786717,4.98207320844474,"0","#ED90A4"
"SCP_N24.EpiA.ACGGGCTAGCTGATAA","SCP259","SCP259_N24",2.96833112743382,5.65007104551139,"2","#B7AE50"
"SCP_N24.EpiA.ACGGGCTAGTGTACGG","SCP259","SCP259_N24",3.15408852603916,6.37769641553702,"2","#B7AE50"
"SCP_N24.EpiA.ACGGGCTCAATCCAAC","SCP259","SCP259_N24",4.38707211521153,7.20645465528312,"2","#B7AE50"
"SCP_N24.EpiA.ACGGGCTTCAGTGCAT","SCP259","SCP259_N24",1.18536874559406,4.01436795865836,"0","#ED90A4"
"SCP_N24.EpiA.ACGGGCTTCCTGTAGA","SCP259","SCP259_N24",2.93013432529453,2.96169294988456,"0","#ED90A4"
"SCP_N24.EpiA.ACGGGCTTCGGAAATA","SCP259","SCP259_N24",1.97476902511601,8.36328258191886,"2","#B7AE50"
"SCP_N24.EpiA.ACGGGTCCAGTACACT","SCP259","SCP259_N24",6.13589671161656,2.01198019658866,"0","#ED90A4"
"SCP_N24.EpiA.ACGTCAAAGAGGTAGA","SCP259","SCP259_N24",2.85501935985569,5.16728272115531,"2","#B7AE50"
"SCP_N24.EpiA.ACGTCAAAGGAATCGC","SCP259","SCP259_N24",1.99752977397923,7.92375125562491,"2","#B7AE50"
"SCP_N24.EpiA.ACGTCAAAGGGATGGG","SCP259","SCP259_N24",4.22699978855137,1.77854301606955,"0","#ED90A4"
"SCP_N24.EpiA.ACGTCAAAGGTGATTA","SCP259","SCP259_N24",5.14952710178379,3.14989378129783,"0","#ED90A4"
"SCP_N24.EpiA.ACGTCAAGTTCGGGCT","SCP259","SCP259_N24",3.15982416179661,2.42201831018271,"0","#ED90A4"
"SCP_N24.EpiA.ACGTCAATCCTACAGA","SCP259","SCP259_N24",3.73845890071873,5.80915774976554,"2","#B7AE50"
"SCP_N24.EpiA.ACTATCTGTCAGAATA","SCP259","SCP259_N24",2.73064711597447,6.51534881269278,"2","#B7AE50"
"SCP_N24.EpiA.ACTATCTTCCCAAGAT","SCP259","SCP259_N24",5.53908970859532,2.33794452821555,"0","#ED90A4"
"SCP_N24.EpiA.ACTGAACAGAGTGAGA","SCP259","SCP259_N24",4.6636152556229,2.00502701675239,"0","#ED90A4"
"SCP_N24.EpiA.ACTGAACAGCTATGCT","SCP259","SCP259_N24",2.93914559391026,8.03813542997184,"2","#B7AE50"
"SCP_N24.EpiA.ACTGAACTCAACACTG","SCP259","SCP259_N24",0.984041302471201,3.35819890176597,"0","#ED90A4"
"SCP_N24.EpiA.ACTGAACTCACATGCA","SCP259","SCP259_N24",4.57709219959263,2.22531177675071,"0","#ED90A4"
"SCP_N24.EpiA.ACTGAACTCCGTCAAA","SCP259","SCP259_N24",3.13314941432957,3.63906111394706,"0","#ED90A4"
"SCP_N24.EpiA.ACTGAGTAGAACAATC","SCP259","SCP259_N24",3.45706060436253,5.73744096433463,"2","#B7AE50"
"SCP_N24.EpiA.ACTGAGTAGAGCTTCT","SCP259","SCP259_N24",1.80831089523319,7.2168501821691,"2","#B7AE50"
"SCP_N24.EpiA.ACTGAGTCAATAGAGT","SCP259","SCP259_N24",2.90052202251438,7.12662639295402,"2","#B7AE50"
"SCP_N24.EpiA.ACTGAGTTCTGCAGTA","SCP259","SCP259_N24",6.09977677371983,5.61771478330436,"2","#B7AE50"
"SCP_N24.EpiA.ACTGATGAGGCAGTCA","SCP259","SCP259_N24",1.96152177360539,8.2485302892858,"2","#B7AE50"
"SCP_N24.EpiA.ACTGATGAGGCTCAGA","SCP259","SCP259_N24",4.34993603733067,6.87784232770743,"2","#B7AE50"
"SCP_N24.EpiA.ACTGATGAGTACGACG","SCP259","SCP259_N24",5.56955101993565,3.7186767069036,"0","#ED90A4"
"SCP_N24.EpiA.ACTGATGCAATCGAAA","SCP259","SCP259_N24",2.14272323158268,7.80952586805167,"2","#B7AE50"
"SCP_N24.EpiA.ACTGATGCATTCACTT","SCP259","SCP259_N24",2.37074711826328,3.32099082147422,"0","#ED90A4"
"SCP_N24.EpiA.ACTGCTCAGTGTCCCG","SCP259","SCP259_N24",2.83580472972874,3.37132444059195,"0","#ED90A4"
"SCP_N24.EpiA.ACTGCTCGTAAGTGTA","SCP259","SCP259_N24",3.56247118022923,2.85815455591025,"0","#ED90A4"
"SCP_N24.EpiA.ACTGCTCTCCTGTAGA","SCP259","SCP259_N24",5.14366438892369,1.66985227739158,"0","#ED90A4"
"SCP_N24.EpiA.ACTGCTCTCGGGAGTA","SCP259","SCP259_N24",4.12312343624119,1.91488160764518,"0","#ED90A4"
"SCP_N24.EpiA.ACTGCTCTCTGGGCCA","SCP259","SCP259_N24",2.97825029399876,6.83461227094474,"2","#B7AE50"
"SCP_N24.EpiA.ACTGTCCAGCGGATCA","SCP259","SCP259_N24",3.09647944477085,4.8307200876409,"0","#ED90A4"
"SCP_N24.EpiA.ACTGTCCAGTACGATA","SCP259","SCP259_N24",4.81499817874912,3.04248144304099,"0","#ED90A4"
"SCP_N24.EpiA.ACTGTCCAGTTTAGGA","SCP259","SCP259_N24",4.8856258681107,2.00549503242316,"0","#ED90A4"
"SCP_N24.EpiA.ACTGTCCCAACACCCG","SCP259","SCP259_N24",4.09136870410923,6.6251114813024,"2","#B7AE50"
"SCP_N24.EpiA.ACTGTCCCACGGACAA","SCP259","SCP259_N24",3.70243766811375,3.92850556051078,"0","#ED90A4"
"SCP_N24.EpiA.ACTGTCCGTCGTTGTA","SCP259","SCP259_N24",1.8857068112183,8.01085700666251,"2","#B7AE50"
"SCP_N24.EpiA.ACTGTCCTCGGATGTT","SCP259","SCP259_N24",6.05132916477207,1.6684538928205,"0","#ED90A4"
"SCP_N24.EpiA.ACTTACTAGAACAATC","SCP259","SCP259_N24",1.98034945037846,8.13546504651847,"2","#B7AE50"
"SCP_N24.EpiA.ACTTACTCAACAACCT","SCP259","SCP259_N24",4.67286160495762,1.84833799874129,"0","#ED90A4"
"SCP_N24.EpiA.ACTTACTCACCTTGTC","SCP259","SCP259_N24",2.56685355213169,7.29469766294303,"2","#B7AE50"
"SCP_N24.EpiA.ACTTACTTCTTGTATC","SCP259","SCP259_N24",4.4084997465897,7.13378038083854,"2","#B7AE50"
"SCP_N24.EpiA.ACTTGTTAGCAGGCTA","SCP259","SCP259_N24",0.740536361007731,3.87153186475577,"0","#ED90A4"
"SCP_N24.EpiA.ACTTGTTGTATTCTCT","SCP259","SCP259_N24",5.16174557712559,5.70818652784171,"2","#B7AE50"
"SCP_N24.EpiA.ACTTGTTGTCCAGTAT","SCP259","SCP259_N24",4.05124977138523,5.90748967801871,"2","#B7AE50"
"SCP_N24.EpiA.ACTTGTTTCATCACCC","SCP259","SCP259_N24",4.85724261310581,3.82019605314078,"0","#ED90A4"
"SCP_N24.EpiA.ACTTGTTTCCCGGATG","SCP259","SCP259_N24",3.67837026622776,6.34237231885734,"2","#B7AE50"
"SCP_N24.EpiA.ACTTGTTTCGCTTGTC","SCP259","SCP259_N24",2.5873270323563,2.81073882257285,"0","#ED90A4"
"SCP_N24.EpiA.ACTTGTTTCTCGCTTG","SCP259","SCP259_N24",3.1021557143021,2.49061658059897,"0","#ED90A4"
"SCP_N24.EpiA.ACTTTCAAGAGCTGCA","SCP259","SCP259_N24",5.31633713748936,1.47536463116946,"0","#ED90A4"
"SCP_N24.EpiA.ACTTTCAGTCCCTTGT","SCP259","SCP259_N24",6.18918707874302,1.49145787780824,"0","#ED90A4"
"SCP_N24.EpiA.ACTTTCAGTTTGCATG","SCP259","SCP259_N24",1.86925879028324,4.16229071294608,"0","#ED90A4"
"SCP_N24.EpiA.AGAATAGAGACCACGA","SCP259","SCP259_N24",5.52124121692662,3.64410843526664,"0","#ED90A4"
"SCP_N24.EpiA.AGAATAGAGATGTGTA","SCP259","SCP259_N24",4.76121666934971,2.0343779531652,"0","#ED90A4"
"SCP_N24.EpiA.AGAATAGAGCACGCCT","SCP259","SCP259_N24",3.49211552646641,3.33450164472403,"0","#ED90A4"
"SCP_N24.EpiA.AGAATAGAGCGTCAAG","SCP259","SCP259_N24",3.03607395198826,6.15164794599357,"2","#B7AE50"
"SCP_N24.EpiA.AGAATAGGTGCACCAC","SCP259","SCP259_N24",4.53538659122471,3.31301178609672,"0","#ED90A4"
"SCP_N24.EpiA.AGAATAGTCCGATATG","SCP259","SCP259_N24",0.754643826751749,3.45071735059562,"0","#ED90A4"
"SCP_N24.EpiA.AGAATAGTCCTCAATT","SCP259","SCP259_N24",4.38233426120762,2.35237648164573,"0","#ED90A4"
"SCP_N24.EpiA.AGAATAGTCTGCCCTA","SCP259","SCP259_N24",4.85190156009678,0.0755473581487172,"0","#ED90A4"
"SCP_N24.EpiA.AGACGTTGTAGAGGAA","SCP259","SCP259_N24",3.18713334110264,5.93866290723624,"2","#B7AE50"
"SCP_N24.EpiA.AGACGTTTCTTCGAGA","SCP259","SCP259_N24",2.76021912601475,7.09476651822867,"2","#B7AE50"
"SCP_N24.EpiA.AGAGCGAAGTATTGGA","SCP259","SCP259_N24",4.84521105793003,2.28575505887809,"0","#ED90A4"
"SCP_N24.EpiA.AGAGCGACAACTGCGC","SCP259","SCP259_N24",3.94803336170201,2.87325730001273,"0","#ED90A4"
"SCP_N24.EpiA.AGAGCGATCAACACAC","SCP259","SCP259_N24",0.787960558204691,3.29246630346122,"0","#ED90A4"
"SCP_N24.EpiA.AGAGCTTAGTGGGATC","SCP259","SCP259_N24",4.14590051677708,2.99509098207297,"0","#ED90A4"
"SCP_N24.EpiA.AGAGCTTCAGGCAGTA","SCP259","SCP259_N24",3.37461545970921,1.85443042790236,"0","#ED90A4"
"SCP_N24.EpiA.AGAGCTTGTCTTGATG","SCP259","SCP259_N24",3.70032122638706,7.32470550214591,"2","#B7AE50"
"SCP_N24.EpiA.AGAGCTTTCCTTCAAT","SCP259","SCP259_N24",4.72960188892369,1.62238808547797,"0","#ED90A4"
"SCP_N24.EpiA.AGAGCTTTCGAGAACG","SCP259","SCP259_N24",2.54317429569248,1.64575705503764,"0","#ED90A4"
"SCP_N24.EpiA.AGAGTGGAGAGAGCTC","SCP259","SCP259_N24",6.57852557209019,0.230805298441076,"0","#ED90A4"
"SCP_N24.EpiA.AGAGTGGCAAATCCGT","SCP259","SCP259_N24",6.56600287464146,5.86219110166373,"2","#B7AE50"
"SCP_N24.EpiA.AGAGTGGCAGGTGCCT","SCP259","SCP259_N24",2.70062258747105,7.0435742345983,"2","#B7AE50"
"SCP_N24.EpiA.AGAGTGGGTACCTACA","SCP259","SCP259_N24",3.74843743350987,4.59982838308158,"0","#ED90A4"
"SCP_N24.EpiA.AGAGTGGTCGGTCCGA","SCP259","SCP259_N24",3.30636504199986,7.23212279950919,"2","#B7AE50"
"SCP_N24.EpiA.AGATCTGCATCTGGTA","SCP259","SCP259_N24",4.38653710392002,1.85511799728217,"0","#ED90A4"
"SCP_N24.EpiA.AGATCTGGTCAGAGGT","SCP259","SCP259_N24",6.26016190555577,1.33247664397302,"0","#ED90A4"
"SCP_N24.EpiA.AGATCTGGTGATGTCT","SCP259","SCP259_N24",3.11448553112034,2.41480865155997,"0","#ED90A4"
"SCP_N24.EpiA.AGATCTGGTGCAACGA","SCP259","SCP259_N24",3.97961452510838,0.293394943826818,"0","#ED90A4"
"SCP_N24.EpiA.AGATCTGGTTAGAACA","SCP259","SCP259_N24",2.30537870433811,7.42306890165152,"2","#B7AE50"
"SCP_N24.EpiA.AGATTGCAGACTAGAT","SCP259","SCP259_N24",1.97245672252659,2.39805479919257,"0","#ED90A4"
"SCP_N24.EpiA.AGATTGCAGGGCACTA","SCP259","SCP259_N24",2.24604990985874,7.90021361982169,"2","#B7AE50"
"SCP_N24.EpiA.AGATTGCGTCCAGTGC","SCP259","SCP259_N24",3.28355553653721,0.893005332105779,"0","#ED90A4"
"SCP_N24.EpiA.AGATTGCGTTACGTCA","SCP259","SCP259_N24",2.13857903984074,4.19997849141898,"0","#ED90A4"
"SCP_N24.EpiA.AGATTGCTCAGTTGAC","SCP259","SCP259_N24",6.32200243976597,1.36627661635818,"0","#ED90A4"
"SCP_N24.EpiA.AGATTGCTCGATAGAA","SCP259","SCP259_N24",3.54173758533482,2.28815754329505,"0","#ED90A4"
"SCP_N24.EpiA.AGCAGCCAGGCCCTCA","SCP259","SCP259_N24",2.80980852153782,7.96433057462516,"2","#B7AE50"
"SCP_N24.EpiA.AGCAGCCCAGATCCAT","SCP259","SCP259_N24",3.58370545413975,3.22254743253531,"0","#ED90A4"
"SCP_N24.EpiA.AGCAGCCTCCTCGCAT","SCP259","SCP259_N24",6.31367352512364,1.6358406153852,"0","#ED90A4"
"SCP_N24.EpiA.AGCAGCCTCCTGCAGG","SCP259","SCP259_N24",4.67286017444615,1.47596597498002,"0","#ED90A4"
"SCP_N24.EpiA.AGCAGCCTCTTATCTG","SCP259","SCP259_N24",4.67164042499546,2.51664414083304,"0","#ED90A4"
"SCP_N24.EpiA.AGCATACAGCGGATCA","SCP259","SCP259_N24",3.28807833698277,2.52352442418876,"0","#ED90A4"
"SCP_N24.EpiA.AGCATACCACATTCGA","SCP259","SCP259_N24",2.52320554759983,6.9866894689733,"2","#B7AE50"
"SCP_N24.EpiA.AGCATACCAGCGTTCG","SCP259","SCP259_N24",4.76838830020909,3.27426221048179,"0","#ED90A4"
"SCP_N24.EpiA.AGCATACCAGCTCCGA","SCP259","SCP259_N24",2.4188483050156,1.70923643385711,"0","#ED90A4"
"SCP_N24.EpiA.AGCATACTCTAACTGG","SCP259","SCP259_N24",2.72829440143589,3.52255048429313,"0","#ED90A4"
"SCP_N24.EpiA.AGCATACTCTTCATGT","SCP259","SCP259_N24",3.14469817188267,6.4986843076879,"2","#B7AE50"
"SCP_N24.EpiA.AGCCTAAAGGAGTCTG","SCP259","SCP259_N24",6.07884123828892,1.82186316525283,"0","#ED90A4"
"SCP_N24.EpiA.AGCCTAACATACCATG","SCP259","SCP259_N24",2.78781679180149,7.86041869794669,"2","#B7AE50"
"SCP_N24.EpiA.AGCCTAAGTCCTAGCG","SCP259","SCP259_N24",6.5222578337479,0.641307791822576,"0","#ED90A4"
"SCP_N24.EpiA.AGCCTAAGTCCTCCAT","SCP259","SCP259_N24",2.28590658214573,7.14528979932609,"2","#B7AE50"
"SCP_N24.EpiA.AGCCTAAGTTGTCTTT","SCP259","SCP259_N24",4.02866247203831,2.49425365602317,"0","#ED90A4"
"SCP_N24.EpiA.AGCCTAATCCTTGGTC","SCP259","SCP259_N24",4.02499416378025,4.87534894620719,"0","#ED90A4"
"SCP_N24.EpiA.AGCGGTCAGCAATATG","SCP259","SCP259_N24",2.47878578212742,3.582986971491,"0","#ED90A4"
"SCP_N24.EpiA.AGCGGTCAGGGATCTG","SCP259","SCP259_N24",4.75846198108677,2.93709709321799,"0","#ED90A4"
"SCP_N24.EpiA.AGCGGTCAGTGTCCCG","SCP259","SCP259_N24",5.77880099323277,2.26141788636985,"0","#ED90A4"
"SCP_N24.EpiA.AGCGGTCCATAGACTC","SCP259","SCP259_N24",5.95162966754917,5.37371196424308,"2","#B7AE50"
"SCP_N24.EpiA.AGCGGTCGTCCAGTGC","SCP259","SCP259_N24",2.18602111843113,5.10644211446586,"2","#B7AE50"
"SCP_N24.EpiA.AGCGGTCTCCTTTCGG","SCP259","SCP259_N24",3.23493674304966,0.92546906148734,"0","#ED90A4"
"SCP_N24.EpiA.AGCGGTCTCTGGTTCC","SCP259","SCP259_N24",6.10224822071079,5.56354274427237,"2","#B7AE50"
"SCP_N24.EpiA.AGCGTATCATGCAATC","SCP259","SCP259_N24",3.86930206325535,3.04140474473777,"0","#ED90A4"
"SCP_N24.EpiA.AGCGTATGTTATGCGT","SCP259","SCP259_N24",2.91241767910008,4.7112668958837,"0","#ED90A4"
"SCP_N24.EpiA.AGCGTCGAGCGTAATA","SCP259","SCP259_N24",4.97932818439488,1.70484211122336,"0","#ED90A4"
"SCP_N24.EpiA.AGCGTCGAGCTCCTTC","SCP259","SCP259_N24",2.40314558055882,7.39644708310904,"2","#B7AE50"
"SCP_N24.EpiA.AGCGTCGCACGGACAA","SCP259","SCP259_N24",2.85061409976963,5.56918611203971,"2","#B7AE50"
"SCP_N24.EpiA.AGCGTCGGTACATCCA","SCP259","SCP259_N24",4.42235997226719,6.72680320417228,"2","#B7AE50"
"SCP_N24.EpiA.AGCGTCGGTAGCGTGA","SCP259","SCP259_N24",4.93310454395298,1.73679327046218,"0","#ED90A4"
"SCP_N24.EpiA.AGCGTCGGTTAGATGA","SCP259","SCP259_N24",3.32413247135166,7.81691493665519,"2","#B7AE50"
"SCP_N24.EpiA.AGCGTCGTCGATAGAA","SCP259","SCP259_N24",3.34732797649388,3.09199585592093,"0","#ED90A4"
"SCP_N24.EpiA.AGCTCCTCATGCTGGC","SCP259","SCP259_N24",2.20010116603855,3.42573442136588,"0","#ED90A4"
"SCP_N24.EpiA.AGCTCCTGTCCAGTGC","SCP259","SCP259_N24",3.54399850872044,2.29623093282523,"0","#ED90A4"
"SCP_N24.EpiA.AGCTCCTTCCCAGGTG","SCP259","SCP259_N24",5.86329319980625,5.04609002744498,"2","#B7AE50"
"SCP_N24.EpiA.AGCTCTCGTACAGTTC","SCP259","SCP259_N24",0.951850741176645,5.51267804776969,"0","#ED90A4"
"SCP_N24.EpiA.AGCTCTCGTCGAACAG","SCP259","SCP259_N24",1.77125421073918,4.46242012655082,"0","#ED90A4"
"SCP_N24.EpiA.AGCTCTCGTTAAGGGC","SCP259","SCP259_N24",1.99955680873875,3.45692958509269,"0","#ED90A4"
"SCP_N24.EpiA.AGCTCTCTCAGCGACC","SCP259","SCP259_N24",4.03568890598301,5.05716504728141,"0","#ED90A4"
"SCP_N24.EpiA.AGCTTGACATAGGATA","SCP259","SCP259_N24",2.2836103728104,6.96156825696769,"2","#B7AE50"
"SCP_N24.EpiA.AGCTTGACATGGGAAC","SCP259","SCP259_N24",2.43982580211643,7.33116092359366,"2","#B7AE50"
"SCP_N24.EpiA.AGCTTGACATGGTTGT","SCP259","SCP259_N24",3.99509456661228,6.65928973829093,"2","#B7AE50"
"SCP_N24.EpiA.AGCTTGAGTCCCTACT","SCP259","SCP259_N24",5.49312832859043,3.42680372869315,"0","#ED90A4"
"SCP_N24.EpiA.AGCTTGATCATTGCGA","SCP259","SCP259_N24",3.42565134075169,8.36752214109244,"2","#B7AE50"
"SCP_N24.EpiA.AGGCCACAGTACGTTC","SCP259","SCP259_N24",3.80096867588047,5.8612331358129,"2","#B7AE50"
"SCP_N24.EpiA.AGGCCACAGTGTACCT","SCP259","SCP259_N24",2.61841013935093,3.25887384092154,"0","#ED90A4"
"SCP_N24.EpiA.AGGCCACAGTGTTGAA","SCP259","SCP259_N24",3.98858144786839,3.96143641149344,"0","#ED90A4"
"SCP_N24.EpiA.AGGCCACCATGGGACA","SCP259","SCP259_N24",4.18876722362522,5.88747872983756,"0","#ED90A4"
"SCP_N24.EpiA.AGGCCACGTAATCGTC","SCP259","SCP259_N24",1.77755394485478,3.22232975637259,"0","#ED90A4"
"SCP_N24.EpiA.AGGCCACGTTCGTCTC","SCP259","SCP259_N24",2.85769632366184,1.40764990857522,"0","#ED90A4"
"SCP_N24.EpiA.AGGCCACTCGGGAGTA","SCP259","SCP259_N24",2.43311503437046,3.35300221120658,"0","#ED90A4"
"SCP_N24.EpiA.AGGCCGTAGCGTAATA","SCP259","SCP259_N24",4.01229908969883,7.78785695707145,"2","#B7AE50"
"SCP_N24.EpiA.AGGCCGTGTATGAATG","SCP259","SCP259_N24",1.98184314277653,7.16429462110343,"2","#B7AE50"
"SCP_N24.EpiA.AGGCCGTTCCTCAATT","SCP259","SCP259_N24",5.51940634754185,3.32283260499778,"0","#ED90A4"
"SCP_N24.EpiA.AGGCCGTTCTGACCTC","SCP259","SCP259_N24",-0.352126211852987,-0.125095585233546,"0","#ED90A4"
"SCP_N24.EpiA.AGGGAGTAGCCACGTC","SCP259","SCP259_N24",1.48174729850773,4.28981914197745,"0","#ED90A4"
"SCP_N24.EpiA.AGGGAGTAGTGTTAGA","SCP259","SCP259_N24",0.995967774658243,3.28452982580008,"0","#ED90A4"
"SCP_N24.EpiA.AGGGAGTAGTTGCAGG","SCP259","SCP259_N24",4.20464065578465,0.188181420915746,"0","#ED90A4"
"SCP_N24.EpiA.AGGGAGTCACGTCAGC","SCP259","SCP259_N24",5.52612641361241,3.5769690481359,"0","#ED90A4"
"SCP_N24.EpiA.AGGGAGTGTCTTCAAG","SCP259","SCP259_N24",5.68103888538365,2.53006293451133,"0","#ED90A4"
"SCP_N24.EpiA.AGGGAGTGTGAGGGAG","SCP259","SCP259_N24",6.35713055637364,0.32917155896964,"0","#ED90A4"
"SCP_N24.EpiA.AGGGAGTTCAGGCAAG","SCP259","SCP259_N24",2.70595362689976,4.67416562711539,"0","#ED90A4"
"SCP_N24.EpiA.AGGGATGAGGGATACC","SCP259","SCP259_N24",1.92834082153324,5.46650447522941,"2","#B7AE50"
"SCP_N24.EpiA.AGGGATGCACATTAGC","SCP259","SCP259_N24",4.44531395938877,1.72818317090812,"0","#ED90A4"
"SCP_N24.EpiA.AGGGATGGTCAATGTC","SCP259","SCP259_N24",6.41935971286778,1.60561314796748,"0","#ED90A4"
"SCP_N24.EpiA.AGGGATGGTCACACGC","SCP259","SCP259_N24",2.19958010223393,6.89557017957511,"2","#B7AE50"
"SCP_N24.EpiA.AGGGATGGTGACGGTA","SCP259","SCP259_N24",5.15525963809971,1.75881501113715,"0","#ED90A4"
"SCP_N24.EpiA.AGGGTGAGTCTAAAGA","SCP259","SCP259_N24",2.54373171833042,6.96446313535514,"2","#B7AE50"
"SCP_N24.EpiA.AGGGTGATCACAACGT","SCP259","SCP259_N24",2.50898650196079,3.4782871214086,"0","#ED90A4"
"SCP_N24.EpiA.AGGGTGATCAGAAATG","SCP259","SCP259_N24",4.17752507236485,6.80524196302237,"2","#B7AE50"
"SCP_N24.EpiA.AGGGTGATCGCCGTGA","SCP259","SCP259_N24",3.82842400577549,7.50045766507926,"2","#B7AE50"
"SCP_N24.EpiA.AGGGTGATCTTGCAAG","SCP259","SCP259_N24",4.1033137133408,4.73710598623099,"0","#ED90A4"
"SCP_N24.EpiA.AGGTCATAGACGCAAC","SCP259","SCP259_N24",2.58659675624851,4.11985268270316,"0","#ED90A4"
"SCP_N24.EpiA.AGGTCATAGAGTCTGG","SCP259","SCP259_N24",3.93166759517674,2.49203540956321,"0","#ED90A4"
"SCP_N24.EpiA.AGGTCATCAATAGCGG","SCP259","SCP259_N24",5.06046202686314,2.77658869897666,"0","#ED90A4"
"SCP_N24.EpiA.AGGTCATTCAAGGCTT","SCP259","SCP259_N24",3.78252938297276,1.12505792652907,"0","#ED90A4"
"SCP_N24.EpiA.AGGTCCGAGACGCAAC","SCP259","SCP259_N24",2.2779107382584,2.60962190305533,"0","#ED90A4"
"SCP_N24.EpiA.AGGTCCGAGTCCTCCT","SCP259","SCP259_N24",3.90533831623081,2.04035457050147,"0","#ED90A4"
"SCP_N24.EpiA.AGGTCCGGTAGTAGTA","SCP259","SCP259_N24",5.39974930789952,1.0077599791223,"0","#ED90A4"
"SCP_N24.EpiA.AGGTCCGGTCCCTACT","SCP259","SCP259_N24",2.34440353420262,5.18194760953727,"2","#B7AE50"
"SCP_N24.EpiA.AGGTCCGGTTATCCGA","SCP259","SCP259_N24",4.17199376132969,3.49985208188834,"0","#ED90A4"
"SCP_N24.EpiA.AGGTCCGTCATTTGGG","SCP259","SCP259_N24",3.5027220537949,6.26786269819083,"2","#B7AE50"
"SCP_N24.EpiA.AGGTCCGTCTTACCGC","SCP259","SCP259_N24",3.85743358638767,4.6048649755651,"0","#ED90A4"
"SCP_N24.EpiA.AGTAGTCAGACAGAGA","SCP259","SCP259_N24",2.16235473659519,7.17399730359855,"2","#B7AE50"
"SCP_N24.EpiA.AGTAGTCCACGGCGTT","SCP259","SCP259_N24",4.29087069538121,1.30979109381976,"0","#ED90A4"
"SCP_N24.EpiA.AGTAGTCCAGGATTGG","SCP259","SCP259_N24",3.84982851055149,3.58848323499503,"0","#ED90A4"
"SCP_N24.EpiA.AGTAGTCCATTTGCTT","SCP259","SCP259_N24",1.39200523403172,6.94780673658194,"2","#B7AE50"
"SCP_N24.EpiA.AGTCTTTGTGGTTTCA","SCP259","SCP259_N24",5.03774741199497,0.222931286447667,"0","#ED90A4"
"SCP_N24.EpiA.AGTCTTTGTTTGTGTG","SCP259","SCP259_N24",2.69556191471104,6.96368875181022,"2","#B7AE50"
"SCP_N24.EpiA.AGTCTTTTCTTTACAC","SCP259","SCP259_N24",1.39437296894077,4.48130073224845,"0","#ED90A4"
"SCP_N24.EpiA.AGTGAGGAGAGTTGGC","SCP259","SCP259_N24",2.67123201396946,3.97361387883964,"0","#ED90A4"
"SCP_N24.EpiA.AGTGAGGAGCAACGGT","SCP259","SCP259_N24",4.17865374591831,4.94973292028251,"0","#ED90A4"
"SCP_N24.EpiA.AGTGAGGAGTTTCCTT","SCP259","SCP259_N24",6.19891741779331,5.50741614972892,"2","#B7AE50"
"SCP_N24.EpiA.AGTGAGGGTCGGCACT","SCP259","SCP259_N24",6.31981947925572,0.985824367159032,"0","#ED90A4"
"SCP_N24.EpiA.AGTGAGGGTGCACCAC","SCP259","SCP259_N24",4.15799048450474,2.58675732290091,"0","#ED90A4"
"SCP_N24.EpiA.AGTGAGGGTTCCCGAG","SCP259","SCP259_N24",6.11102917697911,1.1940289494926,"0","#ED90A4"
"SCP_N24.EpiA.AGTGGGAAGGTGCTAG","SCP259","SCP259_N24",3.73227742221836,3.48938169156852,"0","#ED90A4"
"SCP_N24.EpiA.AGTGGGACAATCGGTT","SCP259","SCP259_N24",4.13436344173435,2.43219902192893,"0","#ED90A4"
"SCP_N24.EpiA.AGTGGGAGTCAAAGAT","SCP259","SCP259_N24",1.94191875961308,8.25426139509025,"2","#B7AE50"
"SCP_N24.EpiA.AGTGGGAGTGCCTTGG","SCP259","SCP259_N24",4.34508803394322,1.12777056371512,"0","#ED90A4"
"SCP_N24.EpiA.AGTGTCAAGAGAACAG","SCP259","SCP259_N24",2.81794598606114,3.98531450902762,"0","#ED90A4"
"SCP_N24.EpiA.AGTGTCACACGTAAGG","SCP259","SCP259_N24",5.8640718748856,2.20350845729651,"0","#ED90A4"
"SCP_N24.EpiA.AGTGTCAGTGGCCCTA","SCP259","SCP259_N24",4.15394642856602,7.32490005170646,"2","#B7AE50"
"SCP_N24.EpiA.AGTTGGTCAGGGCATA","SCP259","SCP259_N24",4.94406369235996,2.47547306691947,"0","#ED90A4"
"SCP_N24.EpiA.AGTTGGTCAGTCCTTC","SCP259","SCP259_N24",2.82474854496006,6.6440586057836,"2","#B7AE50"
"SCP_N24.EpiA.AGTTGGTCATTGGTAC","SCP259","SCP259_N24",3.65218380001072,3.25350131666007,"0","#ED90A4"
"SCP_N24.EpiA.AGTTGGTGTTAGATGA","SCP259","SCP259_N24",3.93519404438023,3.32464780484977,"0","#ED90A4"
"SCP_N24.EpiA.AGTTGGTTCACATGCA","SCP259","SCP259_N24",5.84799244907383,1.18469420646968,"0","#ED90A4"
"SCP_N24.EpiA.ATAACGCGTATGGTTC","SCP259","SCP259_N24",2.79665210750584,8.14845981275382,"2","#B7AE50"
"SCP_N24.EpiA.ATAACGCGTCTACCTC","SCP259","SCP259_N24",3.25525525119785,6.62754811918082,"2","#B7AE50"
"SCP_N24.EpiA.ATAAGAGAGCCACGCT","SCP259","SCP259_N24",5.96516039875035,0.723082682245397,"0","#ED90A4"
"SCP_N24.EpiA.ATAAGAGCATTGCGGC","SCP259","SCP259_N24",3.43489459064488,5.02610292112174,"0","#ED90A4"
"SCP_N24.EpiA.ATAAGAGTCGGCTTGG","SCP259","SCP259_N24",3.25123026874546,3.34744646226706,"0","#ED90A4"
"SCP_N24.EpiA.ATAGACCAGGTAGCTG","SCP259","SCP259_N24",4.29457810428623,4.91646446859183,"0","#ED90A4"
"SCP_N24.EpiA.ATAGACCCAATGTAAG","SCP259","SCP259_N24",4.13499596622471,4.2381965128118,"0","#ED90A4"
"SCP_N24.EpiA.ATAGACCTCAAGAAGT","SCP259","SCP259_N24",3.77799442317967,5.02852167760672,"2","#B7AE50"
"SCP_N24.EpiA.ATAGACCTCACCCGAG","SCP259","SCP259_N24",4.04496338871006,4.60340227758231,"0","#ED90A4"
"SCP_N24.EpiA.ATAGACCTCAGGCGAA","SCP259","SCP259_N24",3.5440981676865,7.45787849103751,"2","#B7AE50"
"SCP_N24.EpiA.ATAGACCTCATTCACT","SCP259","SCP259_N24",5.76140978839878,2.08836217796149,"0","#ED90A4"
"SCP_N24.EpiA.ATAGACCTCCACTCCA","SCP259","SCP259_N24",3.64326503780369,3.26346685563865,"0","#ED90A4"
"SCP_N24.EpiA.ATAGACCTCGTCCGTT","SCP259","SCP259_N24",3.36908391025547,5.79455270444693,"2","#B7AE50"
"SCP_N24.EpiA.ATCACGAAGATCTGAA","SCP259","SCP259_N24",2.07297685649876,2.05574180757346,"0","#ED90A4"
"SCP_N24.EpiA.ATCACGAAGGTACTCT","SCP259","SCP259_N24",3.49575808551792,6.04481019651236,"2","#B7AE50"
"SCP_N24.EpiA.ATCACGACAAACTGTC","SCP259","SCP259_N24",2.9434552481461,3.36400189077201,"0","#ED90A4"
"SCP_N24.EpiA.ATCACGAGTTGTGGCC","SCP259","SCP259_N24",1.80420759227757,2.2037693468267,"0","#ED90A4"
"SCP_N24.EpiA.ATCACGATCCTCATTA","SCP259","SCP259_N24",2.63426425960545,3.2055592743093,"0","#ED90A4"
"SCP_N24.EpiA.ATCACGATCTGCAGTA","SCP259","SCP259_N24",2.48259547260288,7.6019033399755,"2","#B7AE50"
"SCP_N24.EpiA.ATCATCTCAGCTGGCT","SCP259","SCP259_N24",4.20602801349644,1.46751560097279,"0","#ED90A4"
"SCP_N24.EpiA.ATCATCTTCCACTGGG","SCP259","SCP259_N24",2.08898058441166,5.23223557149711,"0","#ED90A4"
"SCP_N24.EpiA.ATCATCTTCGTAGGAG","SCP259","SCP259_N24",1.45909753349308,3.26316358720603,"0","#ED90A4"
"SCP_N24.EpiA.ATCATGGAGTTAGGTA","SCP259","SCP259_N24",2.03812292125706,8.12439765607657,"2","#B7AE50"
"SCP_N24.EpiA.ATCATGGCAAACCCAT","SCP259","SCP259_N24",4.2913327505875,5.20346226369681,"0","#ED90A4"
"SCP_N24.EpiA.ATCATGGCACATGTGT","SCP259","SCP259_N24",3.68758180644993,1.31638294284882,"0","#ED90A4"
"SCP_N24.EpiA.ATCATGGCATTGCGGC","SCP259","SCP259_N24",3.85952761676792,2.38204654132667,"0","#ED90A4"
"SCP_N24.EpiA.ATCATGGTCAGTACGT","SCP259","SCP259_N24",1.9204306891251,4.56491698896232,"0","#ED90A4"
"SCP_N24.EpiA.ATCATGGTCGCATGAT","SCP259","SCP259_N24",2.01337376144413,8.19013585721793,"2","#B7AE50"
"SCP_N24.EpiA.ATCATGGTCGCTTGTC","SCP259","SCP259_N24",4.30319932010655,2.36076792156043,"0","#ED90A4"
"SCP_N24.EpiA.ATCCACCAGCGCTCCA","SCP259","SCP259_N24",2.60979679134373,5.77790441190543,"2","#B7AE50"
"SCP_N24.EpiA.ATCCACCAGGTCGGAT","SCP259","SCP259_N24",3.59646037128452,2.18906422530951,"0","#ED90A4"
"SCP_N24.EpiA.ATCCACCCAGTATGCT","SCP259","SCP259_N24",2.45377686527256,5.17062749540152,"2","#B7AE50"
"SCP_N24.EpiA.ATCCACCGTACTTGAC","SCP259","SCP259_N24",1.07358947303776,2.64218678151908,"0","#ED90A4"
"SCP_N24.EpiA.ATCCACCGTGAGGCTA","SCP259","SCP259_N24",2.82530549076084,3.63258852636161,"0","#ED90A4"
"SCP_N24.EpiA.ATCCACCGTGGTCCGT","SCP259","SCP259_N24",3.97000077274327,5.60488214170279,"2","#B7AE50"
"SCP_N24.EpiA.ATCCACCGTGTTTGTG","SCP259","SCP259_N24",2.27809169795994,7.83720626508536,"2","#B7AE50"
"SCP_N24.EpiA.ATCCGAACAGATGGGT","SCP259","SCP259_N24",4.85671618488316,2.99436034833732,"0","#ED90A4"
"SCP_N24.EpiA.ATCGAGTAGTAAGTAC","SCP259","SCP259_N24",4.2772422125626,1.71367733752074,"0","#ED90A4"
"SCP_N24.EpiA.ATCGAGTGTCCGAAGA","SCP259","SCP259_N24",2.65504053142552,7.18713798200431,"2","#B7AE50"
"SCP_N24.EpiA.ATCGAGTGTCTCCACT","SCP259","SCP259_N24",2.04141870048527,8.1499556509191,"2","#B7AE50"
"SCP_N24.EpiA.ATCGAGTTCACTTCAT","SCP259","SCP259_N24",1.82276752498631,2.27182759916129,"0","#ED90A4"
"SCP_N24.EpiA.ATCGAGTTCCCAAGTA","SCP259","SCP259_N24",2.91994765308384,3.93728627836051,"0","#ED90A4"
"SCP_N24.EpiA.ATCTACTCATCGATTG","SCP259","SCP259_N24",2.84656074550633,3.14484312211814,"0","#ED90A4"
"SCP_N24.EpiA.ATCTACTGTGTAAGTA","SCP259","SCP259_N24",2.40188696887974,1.87414952194037,"0","#ED90A4"
"SCP_N24.EpiA.ATCTACTGTTAGTGGG","SCP259","SCP259_N24",2.55949905422215,5.14317001973929,"0","#ED90A4"
"SCP_N24.EpiA.ATGAGGGCACCATGTA","SCP259","SCP259_N24",2.03796020057682,8.20798101102653,"2","#B7AE50"
"SCP_N24.EpiA.ATGAGGGCATTACGAC","SCP259","SCP259_N24",1.97355273273472,7.60053577100577,"2","#B7AE50"
"SCP_N24.EpiA.ATGAGGGGTCAGAAGC","SCP259","SCP259_N24",5.60053923633579,2.92670323526206,"0","#ED90A4"
"SCP_N24.EpiA.ATGAGGGGTCAGAATA","SCP259","SCP259_N24",5.52735331562046,3.62251963292899,"0","#ED90A4"
"SCP_N24.EpiA.ATGAGGGTCACAATGC","SCP259","SCP259_N24",2.92814543750767,3.89912595426383,"0","#ED90A4"
"SCP_N24.EpiA.ATGAGGGTCATGTCCC","SCP259","SCP259_N24",3.79599693325047,6.21728076612296,"2","#B7AE50"
"SCP_N24.EpiA.ATGAGGGTCATTGCGA","SCP259","SCP259_N24",2.28775671031956,2.08113457834067,"0","#ED90A4"
"SCP_N24.EpiA.ATGCGATCAACTTGAC","SCP259","SCP259_N24",3.26059296634678,6.79992332135978,"2","#B7AE50"
"SCP_N24.EpiA.ATGCGATCACGAAAGC","SCP259","SCP259_N24",2.11381664779667,7.90395869886222,"2","#B7AE50"
"SCP_N24.EpiA.ATGCGATCAGCCTTGG","SCP259","SCP259_N24",3.27496841457371,6.07620181714835,"2","#B7AE50"
"SCP_N24.EpiA.ATGCGATGTGATGCCC","SCP259","SCP259_N24",5.59912350681309,2.92702641164603,"0","#ED90A4"
"SCP_N24.EpiA.ATGCGATTCAAGCCTA","SCP259","SCP259_N24",1.25057163742069,2.65923251783194,"0","#ED90A4"
"SCP_N24.EpiA.ATGCGATTCACATAGC","SCP259","SCP259_N24",2.98535779026035,7.66006793653312,"2","#B7AE50"
"SCP_N24.EpiA.ATGCGATTCGGCGCAT","SCP259","SCP259_N24",3.45667460468296,7.33948840772452,"2","#B7AE50"
"SCP_N24.EpiA.ATGGGAGAGATGTCGG","SCP259","SCP259_N24",5.02553084400181,2.31831886445823,"0","#ED90A4"
"SCP_N24.EpiA.ATGGGAGGTCATTAGC","SCP259","SCP259_N24",4.44536736515049,2.61748768960776,"0","#ED90A4"
"SCP_N24.EpiA.ATGGGAGTCCTAGGGC","SCP259","SCP259_N24",1.91387143638615,3.49194206868949,"0","#ED90A4"
"SCP_N24.EpiA.ATGGGAGTCTTGTATC","SCP259","SCP259_N24",4.66134408023838,2.71436168824973,"0","#ED90A4"
"SCP_N24.EpiA.ATGTGTGAGGGTGTGT","SCP259","SCP259_N24",3.40809348133091,8.17756261503043,"2","#B7AE50"
"SCP_N24.EpiA.ATGTGTGCACATGTGT","SCP259","SCP259_N24",3.80403163936619,3.19240345632377,"0","#ED90A4"
"SCP_N24.EpiA.ATGTGTGCACGAAGCA","SCP259","SCP259_N24",2.74960377719883,3.08602430497947,"0","#ED90A4"
"SCP_N24.EpiA.ATTACTCCAAGAAAGG","SCP259","SCP259_N24",5.63836291339878,1.98817797576728,"0","#ED90A4"
"SCP_N24.EpiA.ATTACTCCATACTACG","SCP259","SCP259_N24",1.95036449935917,8.23218717252555,"2","#B7AE50"
"SCP_N24.EpiA.ATTACTCGTAGGGTAC","SCP259","SCP259_N24",3.08102324512486,7.95653953229728,"2","#B7AE50"
"SCP_N24.EpiA.ATTACTCGTGGACGAT","SCP259","SCP259_N24",5.13657858875279,3.68651785528006,"0","#ED90A4"
"SCP_N24.EpiA.ATTACTCTCAGCTCTC","SCP259","SCP259_N24",1.86128035095219,8.14274539624991,"2","#B7AE50"
"SCP_N24.EpiA.ATTATCCAGGAATCGC","SCP259","SCP259_N24",4.82166626956944,1.20190375124755,"0","#ED90A4"
"SCP_N24.EpiA.ATTATCCGTGATGCCC","SCP259","SCP259_N24",4.20426514652256,6.54124726926627,"2","#B7AE50"
"SCP_N24.EpiA.ATTATCCTCGATCCCT","SCP259","SCP259_N24",2.74233105686192,6.93389262830558,"2","#B7AE50"
"SCP_N24.EpiA.ATTCTACAGATTACCC","SCP259","SCP259_N24",3.56204894092564,7.47600593244376,"2","#B7AE50"
"SCP_N24.EpiA.ATTGGACGTTGTACAC","SCP259","SCP259_N24",6.56574585941319,5.88742961561027,"2","#B7AE50"
"SCP_N24.EpiA.ATTGGTGTCACCAGGC","SCP259","SCP259_N24",5.83098652866368,-0.281015971547938,"0","#ED90A4"
"SCP_N24.EpiA.ATTTCTGAGAAGGACA","SCP259","SCP259_N24",3.56761863735203,6.93700542127433,"2","#B7AE50"
"SCP_N24.EpiA.ATTTCTGAGAGACTTA","SCP259","SCP259_N24",3.80246308353428,1.94779660379233,"0","#ED90A4"
"SCP_N24.EpiA.ATTTCTGGTAGGGACT","SCP259","SCP259_N24",0.777883081703226,4.08601441060843,"0","#ED90A4"
"SCP_N24.EpiA.ATTTCTGGTCGAGTTT","SCP259","SCP259_N24",6.13186457660679,5.36470379506888,"2","#B7AE50"
"SCP_N24.EpiA.ATTTCTGTCAGCAACT","SCP259","SCP259_N24",3.59998038318638,8.0112632719213,"2","#B7AE50"
"SCP_N24.EpiA.ATTTCTGTCGGCGCAT","SCP259","SCP259_N24",1.73066940811161,4.54467310582938,"0","#ED90A4"
"SCP_N24.EpiA.ATTTCTGTCTTGACGA","SCP259","SCP259_N24",1.87385430839543,7.34433545743766,"2","#B7AE50"
"SCP_N24.EpiA.CAACCAAAGATGTTAG","SCP259","SCP259_N24",1.75932338741306,7.60213079129996,"2","#B7AE50"
"SCP_N24.EpiA.CAACCAAAGTTTGCGT","SCP259","SCP259_N24",3.2338068774033,1.7170606461698,"0","#ED90A4"
"SCP_N24.EpiA.CAACCAACATTTGCTT","SCP259","SCP259_N24",3.21133592632298,1.32203417097869,"0","#ED90A4"
"SCP_N24.EpiA.CAACCTCAGCCTCGTG","SCP259","SCP259_N24",5.79532483127598,1.78658114945235,"0","#ED90A4"
"SCP_N24.EpiA.CAACCTCCACGTCTCT","SCP259","SCP259_N24",4.11956933048252,2.79809119378867,"0","#ED90A4"
"SCP_N24.EpiA.CAACTAGAGATGCCTT","SCP259","SCP259_N24",5.00308421161656,3.27672686254325,"0","#ED90A4"
"SCP_N24.EpiA.CAACTAGCAGACAAAT","SCP259","SCP259_N24",1.95986369159702,3.41114725744071,"0","#ED90A4"
"SCP_N24.EpiA.CAACTAGGTAAAGTCA","SCP259","SCP259_N24",3.87760165241245,2.21699734603705,"0","#ED90A4"
"SCP_N24.EpiA.CAACTAGGTGATAAAC","SCP259","SCP259_N24",5.04919484165196,5.98860969220939,"2","#B7AE50"
"SCP_N24.EpiA.CAAGAAAAGGGCATGT","SCP259","SCP259_N24",4.05723479297642,3.42610134755912,"0","#ED90A4"
"SCP_N24.EpiA.CAAGAAAGTCATCCCT","SCP259","SCP259_N24",3.16325452831272,6.96779861127677,"2","#B7AE50"
"SCP_N24.EpiA.CAAGAAATCCGTACAA","SCP259","SCP259_N24",4.29805472400669,2.16771503364386,"0","#ED90A4"
"SCP_N24.EpiA.CAAGAAATCGAATGGG","SCP259","SCP259_N24",3.34488776233677,8.19663991605582,"2","#B7AE50"
"SCP_N24.EpiA.CAAGATCGTCACTTCC","SCP259","SCP259_N24",5.80279448535923,4.51857795392814,"2","#B7AE50"
"SCP_N24.EpiA.CAAGATCGTGTGGCTC","SCP259","SCP259_N24",5.77008870151524,3.08130731260123,"0","#ED90A4"
"SCP_N24.EpiA.CAAGATCTCACAATGC","SCP259","SCP259_N24",2.28980591800694,7.93338908826652,"2","#B7AE50"
"SCP_N24.EpiA.CAAGATCTCGGTTAAC","SCP259","SCP259_N24",3.8911919882584,5.62042989408317,"2","#B7AE50"
"SCP_N24.EpiA.CAAGGCCAGTCGCCGT","SCP259","SCP259_N24",1.29133632686619,3.35008575593772,"0","#ED90A4"
"SCP_N24.EpiA.CAAGGCCTCCGTAGGC","SCP259","SCP259_N24",1.15985605028156,4.10182680761161,"0","#ED90A4"
"SCP_N24.EpiA.CAAGGCCTCGCGTAGC","SCP259","SCP259_N24",3.74269845989231,7.25572290098014,"2","#B7AE50"
"SCP_N24.EpiA.CAAGGCCTCTGGCGTG","SCP259","SCP259_N24",6.33066275623326,0.967660358303212,"0","#ED90A4"
"SCP_N24.EpiA.CAAGGCCTCTTTACGT","SCP259","SCP259_N24",3.58062651660923,1.79843433772864,"0","#ED90A4"
"SCP_N24.EpiA.CAAGTTGAGCTTATCG","SCP259","SCP259_N24",2.00131669548039,3.33019914304557,"0","#ED90A4"
"SCP_N24.EpiA.CAAGTTGAGGCGCTCT","SCP259","SCP259_N24",4.0189459612656,4.94022144948783,"0","#ED90A4"
"SCP_N24.EpiA.CAAGTTGAGGCGTACA","SCP259","SCP259_N24",3.54856398609165,2.38263919030967,"0","#ED90A4"
"SCP_N24.EpiA.CAAGTTGCACCGATAT","SCP259","SCP259_N24",2.81569841411595,7.19256915723624,"2","#B7AE50"
"SCP_N24.EpiA.CAAGTTGGTCTTTCAT","SCP259","SCP259_N24",3.63493040111546,4.46551527654471,"0","#ED90A4"
"SCP_N24.EpiA.CAAGTTGGTTTAAGCC","SCP259","SCP259_N24",3.93596199062351,3.85283746396842,"0","#ED90A4"
"SCP_N24.EpiA.CAAGTTGTCGCCATAA","SCP259","SCP259_N24",6.43576434162144,1.06394135033431,"0","#ED90A4"
"SCP_N24.EpiA.CAAGTTGTCTTACCTA","SCP259","SCP259_N24",3.71340945270542,6.43255891477408,"2","#B7AE50"
"SCP_N24.EpiA.CACAAACAGTGCCATT","SCP259","SCP259_N24",4.38644650485996,4.99139275228324,"0","#ED90A4"
"SCP_N24.EpiA.CACAAACCAACGATGG","SCP259","SCP259_N24",5.36727145221714,-0.0120975765055187,"0","#ED90A4"
"SCP_N24.EpiA.CACAAACCACGAAGCA","SCP259","SCP259_N24",4.80841591861729,2.33466251766028,"0","#ED90A4"
"SCP_N24.EpiA.CACAAACGTTGATTGC","SCP259","SCP259_N24",2.46407154109959,3.36581279908957,"0","#ED90A4"
"SCP_N24.EpiA.CACAAACTCACAATGC","SCP259","SCP259_N24",2.54474332836155,2.23835661088767,"0","#ED90A4"
"SCP_N24.EpiA.CACACAACAACGCACC","SCP259","SCP259_N24",3.19192603137974,5.96255244886222,"2","#B7AE50"
"SCP_N24.EpiA.CACACCTGTCAGCTAT","SCP259","SCP259_N24",3.17157652881626,7.66901387845817,"2","#B7AE50"
"SCP_N24.EpiA.CACACCTGTTCGCGAC","SCP259","SCP259_N24",3.8037040522385,3.01412751352134,"0","#ED90A4"
"SCP_N24.EpiA.CACACCTTCCGTACAA","SCP259","SCP259_N24",2.5326988985825,6.85868634855094,"2","#B7AE50"
"SCP_N24.EpiA.CACACCTTCGTGGTCG","SCP259","SCP259_N24",6.00120451953892,1.33364303236546,"0","#ED90A4"
"SCP_N24.EpiA.CACACTCCAATAGAGT","SCP259","SCP259_N24",0.369635134010355,4.08681430494132,"0","#ED90A4"
"SCP_N24.EpiA.CACACTCCAGATGGGT","SCP259","SCP259_N24",6.40264275577549,1.21099348937812,"0","#ED90A4"
"SCP_N24.EpiA.CACACTCCAGCGTAAG","SCP259","SCP259_N24",4.42300274875645,7.19377364789786,"2","#B7AE50"
"SCP_N24.EpiA.CACACTCGTCGCGAAA","SCP259","SCP259_N24",2.76222970989231,4.06586541806998,"0","#ED90A4"
"SCP_N24.EpiA.CACACTCGTGGCTCCA","SCP259","SCP259_N24",3.17542818096165,6.05276813184562,"2","#B7AE50"
"SCP_N24.EpiA.CACACTCTCAGCATGT","SCP259","SCP259_N24",4.18815234210972,4.56699862157645,"0","#ED90A4"
"SCP_N24.EpiA.CACAGGCCACAGCCCA","SCP259","SCP259_N24",3.22362044361119,3.14737369691672,"0","#ED90A4"
"SCP_N24.EpiA.CACAGGCCACAGCGTC","SCP259","SCP259_N24",5.66379359272007,2.18840428268256,"0","#ED90A4"
"SCP_N24.EpiA.CACAGGCGTTCGTCTC","SCP259","SCP259_N24",3.51125314739231,2.00605919038596,"0","#ED90A4"
"SCP_N24.EpiA.CACAGGCTCAGTACGT","SCP259","SCP259_N24",1.23280206230168,3.87556757604422,"0","#ED90A4"
"SCP_N24.EpiA.CACAGTAAGCAGATCG","SCP259","SCP259_N24",3.13115814235691,7.85856189405265,"2","#B7AE50"
"SCP_N24.EpiA.CACAGTACAAGCCATT","SCP259","SCP259_N24",1.02510955837254,3.32342281019034,"0","#ED90A4"
"SCP_N24.EpiA.CACAGTAGTGTAATGA","SCP259","SCP259_N24",4.13547089603428,3.3369161096746,"0","#ED90A4"
"SCP_N24.EpiA.CACAGTAGTGTGAATA","SCP259","SCP259_N24",5.89981558826451,5.0787145105535,"2","#B7AE50"
"SCP_N24.EpiA.CACATAGAGAAACGCC","SCP259","SCP259_N24",4.51267912891392,0.952790072315358,"0","#ED90A4"
"SCP_N24.EpiA.CACATAGCAGATGAGC","SCP259","SCP259_N24",3.1914472868729,4.26181234990897,"0","#ED90A4"
"SCP_N24.EpiA.CACATAGCATGCAACT","SCP259","SCP259_N24",3.68692663219456,5.55585422193351,"2","#B7AE50"
"SCP_N24.EpiA.CACATAGGTCAGAAGC","SCP259","SCP259_N24",3.87835791614536,3.69400229131522,"0","#ED90A4"
"SCP_N24.EpiA.CACATAGTCAAACAAG","SCP259","SCP259_N24",6.38182356861119,0.389656206720495,"0","#ED90A4"
"SCP_N24.EpiA.CACCACTAGATGTCGG","SCP259","SCP259_N24",3.90175917652134,2.3236988393003,"0","#ED90A4"
"SCP_N24.EpiA.CACCACTCATTCTTAC","SCP259","SCP259_N24",1.04821947124485,3.96857657110038,"0","#ED90A4"
"SCP_N24.EpiA.CACCACTGTCGTTGTA","SCP259","SCP259_N24",3.57309415843968,2.84197249090018,"0","#ED90A4"
"SCP_N24.EpiA.CACCACTGTGTGCGTC","SCP259","SCP259_N24",1.60789719131474,7.97896518384757,"2","#B7AE50"
"SCP_N24.EpiA.CACCAGGAGGGTCGAT","SCP259","SCP259_N24",1.03629121091847,3.45323719655814,"0","#ED90A4"
"SCP_N24.EpiA.CACCAGGCAACACCCG","SCP259","SCP259_N24",2.65132167842869,3.05786051427665,"0","#ED90A4"
"SCP_N24.EpiA.CACCAGGGTAGTACCT","SCP259","SCP259_N24",3.57656577136997,2.06105675374808,"0","#ED90A4"
"SCP_N24.EpiA.CACCAGGGTCATCGGC","SCP259","SCP259_N24",3.62765982654576,1.868915578478,"0","#ED90A4"
"SCP_N24.EpiA.CACCAGGTCCGCTGTT","SCP259","SCP259_N24",1.14740702417378,3.76954259549918,"0","#ED90A4"
"SCP_N24.EpiA.CACCAGGTCTAGCACA","SCP259","SCP259_N24",2.77687862422947,8.17637338315787,"2","#B7AE50"
"SCP_N24.EpiA.CACCAGGTCTGGCGTG","SCP259","SCP259_N24",5.83371832874302,4.78916110669913,"2","#B7AE50"
"SCP_N24.EpiA.CACCTTGCACAAGTAA","SCP259","SCP259_N24",4.24829485919956,7.55720271741691,"2","#B7AE50"
"SCP_N24.EpiA.CACCTTGCATCGTCGG","SCP259","SCP259_N24",2.17260220554356,3.21780540620627,"0","#ED90A4"
"SCP_N24.EpiA.CACCTTGCATGCCTTC","SCP259","SCP259_N24",2.63774254825596,4.9637938944036,"0","#ED90A4"
"SCP_N24.EpiA.CACCTTGTCAGTACGT","SCP259","SCP259_N24",3.19608285930638,1.22010529612842,"0","#ED90A4"
"SCP_N24.EpiA.CACCTTGTCCATGAGT","SCP259","SCP259_N24",3.76784112957005,3.62857308065238,"0","#ED90A4"
"SCP_N24.EpiA.CACCTTGTCTAGAGTC","SCP259","SCP259_N24",4.26925328281407,5.12413062726798,"2","#B7AE50"
"SCP_N24.EpiA.CACTCCAAGGCAATTA","SCP259","SCP259_N24",1.86018398311619,2.58153345262351,"0","#ED90A4"
"SCP_N24.EpiA.CACTCCACAATAGCAA","SCP259","SCP259_N24",6.10825350788121,0.738491853826665,"0","#ED90A4"
"SCP_N24.EpiA.CACTCCACAGACGTAG","SCP259","SCP259_N24",2.89937737491612,4.48332490598502,"0","#ED90A4"
"SCP_N24.EpiA.CACTCCAGTCGCATAT","SCP259","SCP259_N24",4.65183594730381,2.0013316479856,"0","#ED90A4"
"SCP_N24.EpiA.CACTCCATCGCGTTTC","SCP259","SCP259_N24",3.22243788745884,5.94107045804801,"2","#B7AE50"
"SCP_N24.EpiA.CAGAATCAGTTAGGTA","SCP259","SCP259_N24",5.83986332920079,5.41428365384879,"2","#B7AE50"
"SCP_N24.EpiA.CAGAGAGAGACAAAGG","SCP259","SCP259_N24",2.66548254993443,7.8403123823339,"2","#B7AE50"
"SCP_N24.EpiA.CAGAGAGCACCAGGCT","SCP259","SCP259_N24",6.31931975391392,1.84589584743323,"0","#ED90A4"
"SCP_N24.EpiA.CAGAGAGCACTCAGGC","SCP259","SCP259_N24",3.41444757488255,7.60291137372794,"2","#B7AE50"
"SCP_N24.EpiA.CAGAGAGCAGCTGTTA","SCP259","SCP259_N24",2.60673478153233,4.2660240141088,"0","#ED90A4"
"SCP_N24.EpiA.CAGAGAGCATTAACCG","SCP259","SCP259_N24",2.5698812296677,3.47735418950858,"0","#ED90A4"
"SCP_N24.EpiA.CAGAGAGGTAGCCTCG","SCP259","SCP259_N24",6.06119254138951,5.44957627927604,"2","#B7AE50"
"SCP_N24.EpiA.CAGAGAGGTTGGTTTG","SCP259","SCP259_N24",2.4869544794846,4.81850423490348,"0","#ED90A4"
"SCP_N24.EpiA.CAGAGAGTCGCTGATA","SCP259","SCP259_N24",3.88405516651158,1.73138274823966,"0","#ED90A4"
"SCP_N24.EpiA.CAGAGAGTCTGTCTCG","SCP259","SCP259_N24",2.55209424999241,4.09423985158744,"0","#ED90A4"
"SCP_N24.EpiA.CAGATCAAGATCCCGC","SCP259","SCP259_N24",6.45457604434971,1.61478017842116,"0","#ED90A4"
"SCP_N24.EpiA.CAGATCACATGCATGT","SCP259","SCP259_N24",5.69627955463413,2.13448455011191,"0","#ED90A4"
"SCP_N24.EpiA.CAGATCAGTGATGCCC","SCP259","SCP259_N24",2.83988955524449,2.58556701814475,"0","#ED90A4"
"SCP_N24.EpiA.CAGCAGCCAACACGCC","SCP259","SCP259_N24",4.39076235797886,4.35766567861381,"0","#ED90A4"
"SCP_N24.EpiA.CAGCAGCCAAGTAATG","SCP259","SCP259_N24",0.805798023014109,4.05018415128531,"0","#ED90A4"
"SCP_N24.EpiA.CAGCAGCTCCGTTGCT","SCP259","SCP259_N24",4.766214876442,1.49945811008754,"0","#ED90A4"
"SCP_N24.EpiA.CAGCAGCTCGTCTGAA","SCP259","SCP259_N24",2.98211792018894,5.34625711118522,"0","#ED90A4"
"SCP_N24.EpiA.CAGCAGCTCTGTCTAT","SCP259","SCP259_N24",5.94487479236607,5.66513862287345,"2","#B7AE50"
"SCP_N24.EpiA.CAGCATAAGGGTTTCT","SCP259","SCP259_N24",2.67444828060154,7.28981818830314,"2","#B7AE50"
"SCP_N24.EpiA.CAGCATAAGTCCGTAT","SCP259","SCP259_N24",6.25619223621372,1.40679118003415,"0","#ED90A4"
"SCP_N24.EpiA.CAGCATAGTGATGTGG","SCP259","SCP259_N24",5.61387398746495,4.0127760378057,"0","#ED90A4"
"SCP_N24.EpiA.CAGCATATCCAAAGTC","SCP259","SCP259_N24",5.4071102431107,-0.434184053785182,"0","#ED90A4"
"SCP_N24.EpiA.CAGCATATCGCTTAGA","SCP259","SCP259_N24",2.68983104732517,8.22911872541251,"2","#B7AE50"
"SCP_N24.EpiA.CAGCCGAAGCGTAATA","SCP259","SCP259_N24",2.57202508953098,3.33674599801841,"0","#ED90A4"
"SCP_N24.EpiA.CAGCCGAAGTGAACAT","SCP259","SCP259_N24",4.51058152225498,2.27269079362693,"0","#ED90A4"
"SCP_N24.EpiA.CAGCCGAAGTGTCCAT","SCP259","SCP259_N24",3.67960885074619,1.67512746726813,"0","#ED90A4"
"SCP_N24.EpiA.CAGCCGACATCTATGG","SCP259","SCP259_N24",1.86344507244114,7.88311948453727,"2","#B7AE50"
"SCP_N24.EpiA.CAGCCGAGTCCGAGTC","SCP259","SCP259_N24",3.61246755626682,5.27611007367911,"0","#ED90A4"
"SCP_N24.EpiA.CAGCCGAGTGTTGGGA","SCP259","SCP259_N24",6.51008370426182,5.82166947995963,"2","#B7AE50"
"SCP_N24.EpiA.CAGCGACAGCCACGTC","SCP259","SCP259_N24",6.57714179065708,1.25144638692679,"0","#ED90A4"
"SCP_N24.EpiA.CAGCGACCAAAGTCAA","SCP259","SCP259_N24",5.82471230533604,0.850235005968236,"0","#ED90A4"
"SCP_N24.EpiA.CAGCGACGTATTCGTG","SCP259","SCP259_N24",3.8692102721024,1.34521194001379,"0","#ED90A4"
"SCP_N24.EpiA.CAGCGACGTCACAAGG","SCP259","SCP259_N24",2.11095610168461,8.05968131696525,"2","#B7AE50"
"SCP_N24.EpiA.CAGCGACTCTTTAGTC","SCP259","SCP259_N24",5.44979765918736,2.97554745351615,"0","#ED90A4"
"SCP_N24.EpiA.CAGCTAAAGGCGACAT","SCP259","SCP259_N24",2.55354407337193,7.04894485151114,"2","#B7AE50"
"SCP_N24.EpiA.CAGCTAACATCGGTTA","SCP259","SCP259_N24",3.93172457721714,6.41326846753898,"2","#B7AE50"
"SCP_N24.EpiA.CAGCTAAGTACAGCAG","SCP259","SCP259_N24",5.20950654056553,-0.173569062597132,"0","#ED90A4"
"SCP_N24.EpiA.CAGCTAATCCATTCTA","SCP259","SCP259_N24",2.02450135257725,5.52824964200797,"2","#B7AE50"
"SCP_N24.EpiA.CAGCTGGTCGGCTTGG","SCP259","SCP259_N24",5.35641959217076,2.77778055345359,"0","#ED90A4"
"SCP_N24.EpiA.CAGCTGGTCGTCTGCT","SCP259","SCP259_N24",5.57439806964878,2.24187018548789,"0","#ED90A4"
"SCP_N24.EpiA.CAGGTGCCAATTCCTT","SCP259","SCP259_N24",2.20509818103794,6.33907737409415,"2","#B7AE50"
"SCP_N24.EpiA.CAGGTGCTCGATGAGG","SCP259","SCP259_N24",2.96525314357762,6.50600042020621,"2","#B7AE50"
"SCP_N24.EpiA.CAGTAACCACCAGGCT","SCP259","SCP259_N24",2.28245118167881,4.95597304975333,"0","#ED90A4"
"SCP_N24.EpiA.CAGTAACCAGTAAGAT","SCP259","SCP259_N24",2.76664975193028,3.55137982045951,"0","#ED90A4"
"SCP_N24.EpiA.CAGTAACTCTGCCCTA","SCP259","SCP259_N24",2.15932157543186,7.88806953107657,"2","#B7AE50"
"SCP_N24.EpiA.CAGTCCTAGCGTTTAC","SCP259","SCP259_N24",3.84873798397068,6.8184036222631,"2","#B7AE50"
"SCP_N24.EpiA.CAGTCCTAGTACGCGA","SCP259","SCP259_N24",2.44072940853123,7.1872738805944,"2","#B7AE50"
"SCP_N24.EpiA.CAGTCCTCAAGACACG","SCP259","SCP259_N24",4.08691027668003,1.94220157539191,"0","#ED90A4"
"SCP_N24.EpiA.CAGTCCTGTCTCCACT","SCP259","SCP259_N24",1.82579722908024,7.75322093641105,"2","#B7AE50"
"SCP_N24.EpiA.CAGTCCTGTTGTCGCG","SCP259","SCP259_N24",5.80728390720371,5.37524594938102,"2","#B7AE50"
"SCP_N24.EpiA.CAGTCCTTCATGCATG","SCP259","SCP259_N24",5.60543921497349,3.08091642534079,"0","#ED90A4"
"SCP_N24.EpiA.CATATGGAGAAACCAT","SCP259","SCP259_N24",5.33241560962681,3.11048640882316,"0","#ED90A4"
"SCP_N24.EpiA.CATATGGGTCTCCCTA","SCP259","SCP259_N24",5.79076626804356,2.09930922662558,"0","#ED90A4"
"SCP_N24.EpiA.CATATTCCACTGCCAG","SCP259","SCP259_N24",4.09209564235691,5.34246768628898,"2","#B7AE50"
"SCP_N24.EpiA.CATATTCGTACCGGCT","SCP259","SCP259_N24",2.50290778186802,5.40472354566398,"2","#B7AE50"
"SCP_N24.EpiA.CATATTCGTGCGAAAC","SCP259","SCP259_N24",3.92855885532383,6.80375089322867,"2","#B7AE50"
"SCP_N24.EpiA.CATATTCGTGCTAGCC","SCP259","SCP259_N24",6.2009744932938,5.75710906659903,"2","#B7AE50"
"SCP_N24.EpiA.CATATTCTCTTGAGGT","SCP259","SCP259_N24",2.39425089862827,2.90485658323111,"0","#ED90A4"
"SCP_N24.EpiA.CATCAAGAGGGATCTG","SCP259","SCP259_N24",3.00959685352329,4.43153609906974,"0","#ED90A4"
"SCP_N24.EpiA.CATCAAGGTGTTTGGT","SCP259","SCP259_N24",2.51592448261265,3.32543339406791,"0","#ED90A4"
"SCP_N24.EpiA.CATCAGAAGGTGATAT","SCP259","SCP259_N24",6.53393652942662,1.45055471187177,"0","#ED90A4"
"SCP_N24.EpiA.CATCAGAAGTCTCGGC","SCP259","SCP259_N24",4.17218902614598,3.90133776342215,"0","#ED90A4"
"SCP_N24.EpiA.CATCAGACAATGGATA","SCP259","SCP259_N24",3.6847391417313,4.31642236387076,"0","#ED90A4"
"SCP_N24.EpiA.CATCAGACACGAAAGC","SCP259","SCP259_N24",4.3075418761063,2.03646149312797,"0","#ED90A4"
"SCP_N24.EpiA.CATCAGAGTATAATGG","SCP259","SCP259_N24",4.30029681232456,2.75045241987052,"0","#ED90A4"
"SCP_N24.EpiA.CATCCACTCAGATAAG","SCP259","SCP259_N24",5.60344794300083,-0.138624051458216,"0","#ED90A4"
"SCP_N24.EpiA.CATCGAAAGAGCAATT","SCP259","SCP259_N24",5.29442551639561,5.56595029508414,"2","#B7AE50"
"SCP_N24.EpiA.CATCGAAAGCCGCCTA","SCP259","SCP259_N24",1.9350301316071,4.26944818174186,"0","#ED90A4"
"SCP_N24.EpiA.CATCGAAAGCGTAATA","SCP259","SCP259_N24",3.32134917285923,1.2554356512958,"0","#ED90A4"
"SCP_N24.EpiA.CATCGAACACACGCTG","SCP259","SCP259_N24",2.39547541645054,3.69566645299735,"0","#ED90A4"
"SCP_N24.EpiA.CATCGAACATCTATGG","SCP259","SCP259_N24",5.15185502079014,4.66371121084037,"0","#ED90A4"
"SCP_N24.EpiA.CATCGAAGTATGAATG","SCP259","SCP259_N24",4.09849098232273,5.42721833860221,"0","#ED90A4"
"SCP_N24.EpiA.CATCGGGAGAAACGAG","SCP259","SCP259_N24",3.38688376453404,3.33646549856009,"0","#ED90A4"
"SCP_N24.EpiA.CATCGGGCAAGGTTTC","SCP259","SCP259_N24",2.09518030193333,3.67253341352286,"0","#ED90A4"
"SCP_N24.EpiA.CATCGGGGTCATTAGC","SCP259","SCP259_N24",3.32511499431614,6.1477869955236,"2","#B7AE50"
"SCP_N24.EpiA.CATCGGGTCTATGTGG","SCP259","SCP259_N24",4.10453107860569,2.69063105260672,"0","#ED90A4"
"SCP_N24.EpiA.CATGACACAAGTCTAC","SCP259","SCP259_N24",2.44419172313694,3.25891663705649,"0","#ED90A4"
"SCP_N24.EpiA.CATGACACAGTTAACC","SCP259","SCP259_N24",4.77908041980747,2.48528291856589,"0","#ED90A4"
"SCP_N24.EpiA.CATGACACATCAGTCA","SCP259","SCP259_N24",0.856035082607309,3.42439951574149,"0","#ED90A4"
"SCP_N24.EpiA.CATGCCTAGTGGAGTC","SCP259","SCP259_N24",5.15828230884556,5.80500116025748,"2","#B7AE50"
"SCP_N24.EpiA.CATGCCTCACCTCGTT","SCP259","SCP259_N24",3.66117742565159,3.83229007398429,"0","#ED90A4"
"SCP_N24.EpiA.CATGCCTCAGATGGGT","SCP259","SCP259_N24",2.33692386653904,7.54283466016593,"2","#B7AE50"
"SCP_N24.EpiA.CATGCCTGTATATCCG","SCP259","SCP259_N24",0.902335076599161,5.37870993291678,"0","#ED90A4"
"SCP_N24.EpiA.CATGCCTGTTAAGAAC","SCP259","SCP259_N24",5.67914250400547,2.01830246125998,"0","#ED90A4"
"SCP_N24.EpiA.CATGCCTGTTATCACG","SCP259","SCP259_N24",2.90500381496433,5.13398446714225,"0","#ED90A4"
"SCP_N24.EpiA.CATGGCGCACCAACCG","SCP259","SCP259_N24",6.20846798923496,0.0143406597310536,"0","#ED90A4"
"SCP_N24.EpiA.CATGGCGGTGCCTGGT","SCP259","SCP259_N24",5.83987238910679,0.838563641660833,"0","#ED90A4"
"SCP_N24.EpiA.CATGGCGGTTTGGCGC","SCP259","SCP259_N24",1.08714744356159,4.21440448438468,"0","#ED90A4"
"SCP_N24.EpiA.CATTATCAGACATAAC","SCP259","SCP259_N24",3.86382558849339,5.03637160932364,"0","#ED90A4"
"SCP_N24.EpiA.CATTATCAGAGCCTAG","SCP259","SCP259_N24",3.9175010016251,3.24730446016135,"0","#ED90A4"
"SCP_N24.EpiA.CATTATCGTGACGGTA","SCP259","SCP259_N24",3.97192504909519,7.87103881513419,"2","#B7AE50"
"SCP_N24.EpiA.CATTATCGTTAGATGA","SCP259","SCP259_N24",2.87593510654453,5.3181320635015,"2","#B7AE50"
"SCP_N24.EpiA.CATTATCGTTGGTAAA","SCP259","SCP259_N24",3.3029351523209,6.7439497915441,"2","#B7AE50"
"SCP_N24.EpiA.CATTCGCAGATGTTAG","SCP259","SCP259_N24",3.141214876442,4.42169990217032,"0","#ED90A4"
"SCP_N24.EpiA.CATTCGCCAATAGCAA","SCP259","SCP259_N24",2.30414584186558,6.34094752942862,"2","#B7AE50"
"SCP_N24.EpiA.CATTCGCTCACTTACT","SCP259","SCP259_N24",2.81969383266453,5.08176602994742,"0","#ED90A4"
"SCP_N24.EpiA.CCAATCCAGCTAAGAT","SCP259","SCP259_N24",2.47611859348301,5.61467542325797,"2","#B7AE50"
"SCP_N24.EpiA.CCAATCCAGGAATGGA","SCP259","SCP259_N24",5.61192229297642,3.01296319639029,"0","#ED90A4"
"SCP_N24.EpiA.CCAATCCCAAGACACG","SCP259","SCP259_N24",4.72156384494786,3.41475572263541,"0","#ED90A4"
"SCP_N24.EpiA.CCAATCCCACCAGGCT","SCP259","SCP259_N24",2.07332423236851,1.80593817507567,"0","#ED90A4"
"SCP_N24.EpiA.CCAATCCCAGGTCTCG","SCP259","SCP259_N24",2.95789936092381,3.44986500417533,"0","#ED90A4"
"SCP_N24.EpiA.CCAATCCGTTAGGGTG","SCP259","SCP259_N24",2.97223427799229,4.31095184957328,"0","#ED90A4"
"SCP_N24.EpiA.CCAATCCTCGCTGATA","SCP259","SCP259_N24",5.50167229679112,3.65672173177543,"0","#ED90A4"
"SCP_N24.EpiA.CCAATCCTCTTGTATC","SCP259","SCP259_N24",2.5284207155991,7.44249715482535,"2","#B7AE50"
"SCP_N24.EpiA.CCACCTATCCGCGCAA","SCP259","SCP259_N24",2.54565504100804,3.72006573354545,"0","#ED90A4"
"SCP_N24.EpiA.CCACCTATCGCCTGTT","SCP259","SCP259_N24",5.29270079639439,3.76786961232963,"0","#ED90A4"
"SCP_N24.EpiA.CCACGGAGTTGGAGGT","SCP259","SCP259_N24",5.39519169834141,3.05880667840781,"0","#ED90A4"
"SCP_N24.EpiA.CCACGGATCGGAGGTA","SCP259","SCP259_N24",3.97668841388706,1.98396768247428,"0","#ED90A4"
"SCP_N24.EpiA.CCACTACAGTGCAAGC","SCP259","SCP259_N24",3.32851436641697,6.13953675901236,"2","#B7AE50"
"SCP_N24.EpiA.CCACTACCAGTTCATG","SCP259","SCP259_N24",1.98275974300389,3.15972091829123,"0","#ED90A4"
"SCP_N24.EpiA.CCACTACGTACCGTTA","SCP259","SCP259_N24",4.19535520580296,5.22726907407584,"2","#B7AE50"
"SCP_N24.EpiA.CCACTACGTTGTTTGG","SCP259","SCP259_N24",1.69771209266667,8.01271571790519,"2","#B7AE50"
"SCP_N24.EpiA.CCAGCGACACCAGTTA","SCP259","SCP259_N24",1.50440767314915,2.80296983396354,"0","#ED90A4"
"SCP_N24.EpiA.CCAGCGACAGCTTAAC","SCP259","SCP259_N24",2.45866373088841,7.51071729337516,"2","#B7AE50"
"SCP_N24.EpiA.CCAGCGAGTCACACGC","SCP259","SCP259_N24",1.86726286914829,8.10506381666007,"2","#B7AE50"
"SCP_N24.EpiA.CCAGCGAGTGCAACGA","SCP259","SCP259_N24",1.91391113307957,8.13647021924796,"2","#B7AE50"
"SCP_N24.EpiA.CCAGCGAGTTAAAGTG","SCP259","SCP259_N24",4.51638129261021,0.875814518087529,"0","#ED90A4"
"SCP_N24.EpiA.CCAGCGAGTTGAACTC","SCP259","SCP259_N24",3.33354547527317,5.24417438184562,"0","#ED90A4"
"SCP_N24.EpiA.CCAGCGATCATACGGT","SCP259","SCP259_N24",4.26750615146641,2.92497958814444,"0","#ED90A4"
"SCP_N24.EpiA.CCAGCGATCCGTAGGC","SCP259","SCP259_N24",3.84508398082737,6.21343602811637,"2","#B7AE50"
"SCP_N24.EpiA.CCAGCGATCGCCAGCA","SCP259","SCP259_N24",3.99700692203526,6.79154433881583,"2","#B7AE50"
"SCP_N24.EpiA.CCATGTCCATCGGACC","SCP259","SCP259_N24",4.56797221210484,2.13987418090644,"0","#ED90A4"
"SCP_N24.EpiA.CCATGTCGTCTAGTGT","SCP259","SCP259_N24",2.89867809322361,3.86547913228812,"0","#ED90A4"
"SCP_N24.EpiA.CCATGTCGTTCAGTAC","SCP259","SCP259_N24",3.25432971027378,4.387834211939,"0","#ED90A4"
"SCP_N24.EpiA.CCATGTCTCGCGTAGC","SCP259","SCP259_N24",2.84083703067784,6.77331342374625,"2","#B7AE50"
"SCP_N24.EpiA.CCATTCGCAAGACGTG","SCP259","SCP259_N24",3.10464075115208,2.55484940683188,"0","#ED90A4"
"SCP_N24.EpiA.CCATTCGCAATCTGCA","SCP259","SCP259_N24",2.30634048488621,3.50566544210257,"0","#ED90A4"
"SCP_N24.EpiA.CCATTCGCAATGTTGC","SCP259","SCP259_N24",2.49967363384251,7.30345382367911,"2","#B7AE50"
"SCP_N24.EpiA.CCATTCGCAGTGACAG","SCP259","SCP259_N24",1.67993238475804,4.19779863035026,"0","#ED90A4"
"SCP_N24.EpiA.CCATTCGGTTGGGACA","SCP259","SCP259_N24",5.82923558261875,1.48268045311513,"0","#ED90A4"
"SCP_N24.EpiA.CCCAATCAGCGTGTCC","SCP259","SCP259_N24",4.22949984577183,2.75982429658713,"0","#ED90A4"
"SCP_N24.EpiA.CCCAATCAGCTGGAAC","SCP259","SCP259_N24",4.01855185535435,4.62558617269339,"0","#ED90A4"
"SCP_N24.EpiA.CCCAATCCACTTACGA","SCP259","SCP259_N24",2.39334562328343,7.37048329984488,"2","#B7AE50"
"SCP_N24.EpiA.CCCAATCTCTTACCTA","SCP259","SCP259_N24",0.766237943439524,3.78586306249442,"0","#ED90A4"
"SCP_N24.EpiA.CCCAGTTCAAATCCGT","SCP259","SCP259_N24",5.2545543005753,4.53874601995292,"0","#ED90A4"
"SCP_N24.EpiA.CCCAGTTTCATGCATG","SCP259","SCP259_N24",3.34923007991795,3.34512343084159,"0","#ED90A4"
"SCP_N24.EpiA.CCCAGTTTCTTAACCT","SCP259","SCP259_N24",1.89813199546818,7.80306186353507,"2","#B7AE50"
"SCP_N24.EpiA.CCCATACAGACCGGAT","SCP259","SCP259_N24",3.47016671207432,3.06259228860679,"0","#ED90A4"
"SCP_N24.EpiA.CCCATACGTAATCACC","SCP259","SCP259_N24",1.97946205642704,3.15137424146476,"0","#ED90A4"
"SCP_N24.EpiA.CCCTCCTTCCCATTTA","SCP259","SCP259_N24",6.46337368991856,0.710359653585576,"0","#ED90A4"
"SCP_N24.EpiA.CCGGGATAGCCGATTT","SCP259","SCP259_N24",1.84011617210392,4.8156050649816,"0","#ED90A4"
"SCP_N24.EpiA.CCGGGATAGGCACATG","SCP259","SCP259_N24",3.11019995716099,6.29834355985465,"2","#B7AE50"
"SCP_N24.EpiA.CCGGGATAGTACGACG","SCP259","SCP259_N24",3.49981215503697,7.32242192899527,"2","#B7AE50"
"SCP_N24.EpiA.CCGGGATCAAGACACG","SCP259","SCP259_N24",1.4548590472031,7.16315450345817,"2","#B7AE50"
"SCP_N24.EpiA.CCGGGATGTCTCAACA","SCP259","SCP259_N24",3.13622072246556,3.22242369329276,"0","#ED90A4"
"SCP_N24.EpiA.CCGGTAGAGCCTTGAT","SCP259","SCP259_N24",2.20334187057499,7.78934278165641,"2","#B7AE50"
"SCP_N24.EpiA.CCGGTAGAGGCTCTTA","SCP259","SCP259_N24",2.55964353588108,6.82208671247306,"2","#B7AE50"
"SCP_N24.EpiA.CCGGTAGCAACACGCC","SCP259","SCP259_N24",2.99767306354527,6.35077705060782,"2","#B7AE50"
"SCP_N24.EpiA.CCGGTAGCAGCCAGAA","SCP259","SCP259_N24",2.90824559238438,6.56099929487052,"2","#B7AE50"
"SCP_N24.EpiA.CCGGTAGGTGCGAAAC","SCP259","SCP259_N24",6.05175498035435,1.59655018722358,"0","#ED90A4"
"SCP_N24.EpiA.CCGGTAGGTTAGTGGG","SCP259","SCP259_N24",3.16823699977879,1.81523041998687,"0","#ED90A4"
"SCP_N24.EpiA.CCGGTAGTCGAATGGG","SCP259","SCP259_N24",4.14419487026219,1.34596218367758,"0","#ED90A4"
"SCP_N24.EpiA.CCGTACTCACGAAATA","SCP259","SCP259_N24",3.64313295391087,3.11897959386649,"0","#ED90A4"
"SCP_N24.EpiA.CCGTACTGTGAAGGCT","SCP259","SCP259_N24",2.67268469837193,7.50223149930777,"2","#B7AE50"
"SCP_N24.EpiA.CCGTACTGTTGATTCG","SCP259","SCP259_N24",3.4806695273209,3.10271145974936,"0","#ED90A4"
"SCP_N24.EpiA.CCGTACTTCAGGTTCA","SCP259","SCP259_N24",2.56761506107334,6.67685928022208,"2","#B7AE50"
"SCP_N24.EpiA.CCGTACTTCCAAGCCG","SCP259","SCP259_N24",3.38877370861057,5.90696611081901,"2","#B7AE50"
"SCP_N24.EpiA.CCGTGGAAGCCGGTAA","SCP259","SCP259_N24",5.51426985767369,0.476621290796422,"0","#ED90A4"
"SCP_N24.EpiA.CCGTGGACACAACTGT","SCP259","SCP259_N24",3.92896726634983,3.49027504598441,"0","#ED90A4"
"SCP_N24.EpiA.CCGTGGAGTCACACGC","SCP259","SCP259_N24",2.50898888614659,3.1283663717443,"0","#ED90A4"
"SCP_N24.EpiA.CCGTGGAGTCTCACCT","SCP259","SCP259_N24",3.89109113719944,1.6793960241014,"0","#ED90A4"
"SCP_N24.EpiA.CCGTGGATCCGGGTGT","SCP259","SCP259_N24",2.05796793010716,2.32851596748176,"0","#ED90A4"
"SCP_N24.EpiA.CCGTGGATCTGAGTGT","SCP259","SCP259_N24",2.79362633731846,3.17222680723014,"0","#ED90A4"
"SCP_N24.EpiA.CCGTTCAAGTGTCCAT","SCP259","SCP259_N24",3.56940701511387,1.15588957642856,"0","#ED90A4"
"SCP_N24.EpiA.CCGTTCACAAATACAG","SCP259","SCP259_N24",2.18681827095036,7.45559825574698,"2","#B7AE50"
"SCP_N24.EpiA.CCGTTCACACAAGTAA","SCP259","SCP259_N24",4.52902606037144,2.08916380082908,"0","#ED90A4"
"SCP_N24.EpiA.CCGTTCAGTAGCGTGA","SCP259","SCP259_N24",3.52608182933811,7.06800403272452,"2","#B7AE50"
"SCP_N24.EpiA.CCGTTCATCAACACTG","SCP259","SCP259_N24",3.16432025936131,3.93464316999259,"0","#ED90A4"
"SCP_N24.EpiA.CCGTTCATCGCCTGAG","SCP259","SCP259_N24",0.797229199676554,3.81823315297904,"0","#ED90A4"
"SCP_N24.EpiA.CCTAAAGAGCGCTTAT","SCP259","SCP259_N24",3.54950621631626,8.2562698332006,"2","#B7AE50"
"SCP_N24.EpiA.CCTAAAGCAGTCGATT","SCP259","SCP259_N24",0.62872207072262,3.93209066068473,"0","#ED90A4"
"SCP_N24.EpiA.CCTAAAGGTATCAGTC","SCP259","SCP259_N24",3.73752191570286,3.50910701429191,"0","#ED90A4"
"SCP_N24.EpiA.CCTAAAGGTTATGTGC","SCP259","SCP259_N24",5.35770609882359,-0.342943528539515,"0","#ED90A4"
"SCP_N24.EpiA.CCTAAAGTCCGCATCT","SCP259","SCP259_N24",4.06042387989048,2.21554817830863,"0","#ED90A4"
"SCP_N24.EpiA.CCTAAAGTCTCAAACG","SCP259","SCP259_N24",2.02207842376713,8.15978660260978,"2","#B7AE50"
"SCP_N24.EpiA.CCTACACCAGAGCCAA","SCP259","SCP259_N24",4.50394251850132,1.16432835733237,"0","#ED90A4"
"SCP_N24.EpiA.CCTACACGTGCCTTGG","SCP259","SCP259_N24",5.96783450153355,1.00693755423369,"0","#ED90A4"
"SCP_N24.EpiA.CCTACACTCACAGTAC","SCP259","SCP259_N24",6.6616792967606,5.95710553800406,"2","#B7AE50"
"SCP_N24.EpiA.CCTACACTCCAAGCCG","SCP259","SCP259_N24",4.5720854094315,2.44099726354422,"0","#ED90A4"
"SCP_N24.EpiA.CCTACACTCCTATGTT","SCP259","SCP259_N24",4.12961342838291,7.09174050962272,"2","#B7AE50"
"SCP_N24.EpiA.CCTACCAAGAAACCAT","SCP259","SCP259_N24",2.59455302265171,4.72685947095694,"0","#ED90A4"
"SCP_N24.EpiA.CCTACCAAGACTAGAT","SCP259","SCP259_N24",6.20610287693028,1.40433068199152,"0","#ED90A4"
"SCP_N24.EpiA.CCTACCAAGACTGGGT","SCP259","SCP259_N24",2.67468956020359,5.21476950322928,"0","#ED90A4"
"SCP_N24.EpiA.CCTACCAGTCTCCACT","SCP259","SCP259_N24",3.92519190814976,4.45185699140372,"0","#ED90A4"
"SCP_N24.EpiA.CCTACCATCTGCTTGC","SCP259","SCP259_N24",5.25387480762486,2.43742289220633,"0","#ED90A4"
"SCP_N24.EpiA.CCTAGCTAGGCTAGGT","SCP259","SCP259_N24",3.08067920711521,3.4922887293035,"0","#ED90A4"
"SCP_N24.EpiA.CCTAGCTAGGTGCTTT","SCP259","SCP259_N24",4.25300028827671,1.02402099048438,"0","#ED90A4"
"SCP_N24.EpiA.CCTAGCTAGTACCGGA","SCP259","SCP259_N24",5.18457987812046,5.27510347043815,"2","#B7AE50"
"SCP_N24.EpiA.CCTAGCTAGTTGAGTA","SCP259","SCP259_N24",2.84633257892613,3.73123349820914,"0","#ED90A4"
"SCP_N24.EpiA.CCTAGCTCATTGGGCC","SCP259","SCP259_N24",4.17296817806248,5.71828784620109,"0","#ED90A4"
"SCP_N24.EpiA.CCTAGCTGTCCGACGT","SCP259","SCP259_N24",6.5260010054398,5.80854453718009,"2","#B7AE50"
"SCP_N24.EpiA.CCTAGCTTCGTTACAG","SCP259","SCP259_N24",5.39553311374668,-0.480627754575587,"0","#ED90A4"
"SCP_N24.EpiA.CCTATTATCTCTTGAT","SCP259","SCP259_N24",3.96198180225376,2.90848138009849,"0","#ED90A4"
"SCP_N24.EpiA.CCTCAGTAGGATGGTC","SCP259","SCP259_N24",4.95727780368809,1.91220673000159,"0","#ED90A4"
"SCP_N24.EpiA.CCTCAGTAGTGGACGT","SCP259","SCP259_N24",3.67186668422703,7.55276574765983,"2","#B7AE50"
"SCP_N24.EpiA.CCTCAGTAGTTTAGGA","SCP259","SCP259_N24",2.72749546077732,3.90000214254203,"0","#ED90A4"
"SCP_N24.EpiA.CCTCAGTGTTGTACAC","SCP259","SCP259_N24",4.02694538143162,2.90296532785239,"0","#ED90A4"
"SCP_N24.EpiA.CCTCAGTTCGAATGCT","SCP259","SCP259_N24",3.15216305759434,7.83237113630118,"2","#B7AE50"
"SCP_N24.EpiA.CCTCTGACACGCATCG","SCP259","SCP259_N24",5.43260243442539,3.45398988401236,"0","#ED90A4"
"SCP_N24.EpiA.CCTCTGAGTCCAAGTT","SCP259","SCP259_N24",3.51421096828465,3.0670905319387,"0","#ED90A4"
"SCP_N24.EpiA.CCTCTGATCTCCAACC","SCP259","SCP259_N24",3.20549514797215,7.25211658155265,"2","#B7AE50"
"SCP_N24.EpiA.CCTTACGAGTGAACGC","SCP259","SCP259_N24",2.89610412624363,7.71229066526236,"2","#B7AE50"
"SCP_N24.EpiA.CCTTACGGTGACTACT","SCP259","SCP259_N24",6.35218956974034,1.37234033470693,"0","#ED90A4"
"SCP_N24.EpiA.CCTTCCCAGGGAAACA","SCP259","SCP259_N24",4.32006218936924,4.2597390619451,"0","#ED90A4"
"SCP_N24.EpiA.CCTTCCCAGGGCTTGA","SCP259","SCP259_N24",3.10907938983921,3.57398285543265,"0","#ED90A4"
"SCP_N24.EpiA.CCTTCCCAGTCGAGTG","SCP259","SCP259_N24",4.35622694995884,6.77259339963736,"2","#B7AE50"
"SCP_N24.EpiA.CCTTCCCCAGTGGAGT","SCP259","SCP259_N24",2.88717558887486,7.51347341214957,"2","#B7AE50"
"SCP_N24.EpiA.CCTTCCCGTGCCTGGT","SCP259","SCP259_N24",2.95602801349644,6.59736480390372,"2","#B7AE50"
"SCP_N24.EpiA.CCTTCGAAGATCGATA","SCP259","SCP259_N24",3.11305907276158,6.26825847303214,"2","#B7AE50"
"SCP_N24.EpiA.CCTTCGACACGGCGTT","SCP259","SCP259_N24",5.75258877780918,-0.39947662676034,"0","#ED90A4"
"SCP_N24.EpiA.CCTTCGAGTAGTACCT","SCP259","SCP259_N24",1.70083382633213,3.22840096628013,"0","#ED90A4"
"SCP_N24.EpiA.CCTTTCTAGACCACGA","SCP259","SCP259_N24",3.95259287860874,2.18851526653113,"0","#ED90A4"
"SCP_N24.EpiA.CCTTTCTAGCGGATCA","SCP259","SCP259_N24",5.35334733036045,1.7463943866426,"0","#ED90A4"
"SCP_N24.EpiA.CCTTTCTAGCTAAACA","SCP259","SCP259_N24",3.42765810993199,8.0084179845983,"2","#B7AE50"
"SCP_N24.EpiA.CCTTTCTCAGCTCCGA","SCP259","SCP259_N24",0.853214471607248,6.47494830762687,"2","#B7AE50"
"SCP_N24.EpiA.CCTTTCTTCGGTTAAC","SCP259","SCP259_N24",2.1232990315247,7.96331348096671,"2","#B7AE50"
"SCP_N24.EpiA.CCTTTCTTCTTACCGC","SCP259","SCP259_N24",3.27878215816502,6.68069543515983,"2","#B7AE50"
"SCP_N24.EpiA.CGAACATAGTGGGCTA","SCP259","SCP259_N24",3.61743405368809,2.93515088235679,"0","#ED90A4"
"SCP_N24.EpiA.CGAACATCACTCAGGC","SCP259","SCP259_N24",3.94359949138645,2.93759956037345,"0","#ED90A4"
"SCP_N24.EpiA.CGAACATCATGCCTTC","SCP259","SCP259_N24",5.18927147892002,2.44989921724143,"0","#ED90A4"
"SCP_N24.EpiA.CGAACATTCAACGCTA","SCP259","SCP259_N24",3.03750517871861,3.32384290372672,"0","#ED90A4"
"SCP_N24.EpiA.CGAACATTCCAAACAC","SCP259","SCP259_N24",3.52379754093174,5.63885392820182,"2","#B7AE50"
"SCP_N24.EpiA.CGAACATTCCCACTTG","SCP259","SCP259_N24",6.28237965610508,1.58107717906775,"0","#ED90A4"
"SCP_N24.EpiA.CGAACATTCGGTGTCG","SCP259","SCP259_N24",6.05539467838291,5.36336888944449,"2","#B7AE50"
"SCP_N24.EpiA.CGAATGTAGATAGGAG","SCP259","SCP259_N24",2.93924453762058,8.28277864133658,"2","#B7AE50"
"SCP_N24.EpiA.CGAATGTGTACCCAAT","SCP259","SCP259_N24",5.61471655872349,3.23115470086875,"0","#ED90A4"
"SCP_N24.EpiA.CGAATGTTCAACACTG","SCP259","SCP259_N24",5.25901415851597,2.71786477243247,"0","#ED90A4"
"SCP_N24.EpiA.CGAATGTTCGGATGTT","SCP259","SCP259_N24",4.22009542491917,2.78209616815391,"0","#ED90A4"
"SCP_N24.EpiA.CGACCTTAGACTGGGT","SCP259","SCP259_N24",5.06854489353184,3.12827922975364,"0","#ED90A4"
"SCP_N24.EpiA.CGACCTTCAGCCAATT","SCP259","SCP259_N24",2.63728907611851,3.47027887975516,"0","#ED90A4"
"SCP_N24.EpiA.CGACCTTCAGTAACGG","SCP259","SCP259_N24",5.49448540714268,-0.515895942098475,"0","#ED90A4"
"SCP_N24.EpiA.CGACCTTCATTGTGCA","SCP259","SCP259_N24",1.07598408964161,4.22806801473441,"0","#ED90A4"
"SCP_N24.EpiA.CGACCTTGTCGCATAT","SCP259","SCP259_N24",2.41560557392124,5.13137283002677,"0","#ED90A4"
"SCP_N24.EpiA.CGACCTTGTTAAGTAG","SCP259","SCP259_N24",3.40030267742161,6.10810460721793,"2","#B7AE50"
"SCP_N24.EpiA.CGACCTTGTTATCCGA","SCP259","SCP259_N24",5.33512022998814,0.296270510309362,"0","#ED90A4"
"SCP_N24.EpiA.CGACCTTTCTAACTCT","SCP259","SCP259_N24",4.16717317607884,7.67999591504874,"2","#B7AE50"
"SCP_N24.EpiA.CGACTTCAGTATCTCG","SCP259","SCP259_N24",5.84063246753697,4.53995814000907,"2","#B7AE50"
"SCP_N24.EpiA.CGACTTCCACGGCGTT","SCP259","SCP259_N24",2.2322941115189,3.33248259698691,"0","#ED90A4"
"SCP_N24.EpiA.CGACTTCCAGCGAACA","SCP259","SCP259_N24",4.35980227497105,6.83751716291251,"2","#B7AE50"
"SCP_N24.EpiA.CGACTTCGTTAGTGGG","SCP259","SCP259_N24",3.86880376842503,4.44793381368461,"0","#ED90A4"
"SCP_N24.EpiA.CGACTTCTCAACACTG","SCP259","SCP259_N24",5.97773840930943,0.477010211103582,"0","#ED90A4"
"SCP_N24.EpiA.CGACTTCTCTGATTCT","SCP259","SCP259_N24",2.86112216022495,7.06615771924796,"2","#B7AE50"
"SCP_N24.EpiA.CGAGAAGGTAAAGTCA","SCP259","SCP259_N24",2.18207898643498,4.66190232908072,"0","#ED90A4"
"SCP_N24.EpiA.CGAGAAGGTAGGGACT","SCP259","SCP259_N24",2.07909634616856,8.16615047132316,"2","#B7AE50"
"SCP_N24.EpiA.CGAGAAGGTATGCTTG","SCP259","SCP259_N24",2.48177221324925,1.40793526511359,"0","#ED90A4"
"SCP_N24.EpiA.CGAGAAGGTCAGCTAT","SCP259","SCP259_N24",2.05908527877812,3.3857635465795,"0","#ED90A4"
"SCP_N24.EpiA.CGAGCACAGTTAAGTG","SCP259","SCP259_N24",6.12515738513951,1.7136889902288,"0","#ED90A4"
"SCP_N24.EpiA.CGAGCACAGTTCGCAT","SCP259","SCP259_N24",2.37809160259251,8.03720130597892,"2","#B7AE50"
"SCP_N24.EpiA.CGAGCACGTACTCAAC","SCP259","SCP259_N24",4.26880553272251,2.6538049188787,"0","#ED90A4"
"SCP_N24.EpiA.CGAGCACTCAACGGGA","SCP259","SCP259_N24",4.23566296604161,7.26015128766837,"2","#B7AE50"
"SCP_N24.EpiA.CGAGCACTCGCACTCT","SCP259","SCP259_N24",3.73940566089634,1.58491880273166,"0","#ED90A4"
"SCP_N24.EpiA.CGAGCCAAGTAGCGGT","SCP259","SCP259_N24",2.4717071345139,1.47396787827554,"0","#ED90A4"
"SCP_N24.EpiA.CGAGCCACAGGAATGC","SCP259","SCP259_N24",2.08556488063816,4.33861055051627,"0","#ED90A4"
"SCP_N24.EpiA.CGAGCCAGTACCGAGA","SCP259","SCP259_N24",2.09609594848637,7.95369996702018,"2","#B7AE50"
"SCP_N24.EpiA.CGAGCCATCACGACTA","SCP259","SCP259_N24",6.49221327808384,0.434089204424047,"0","#ED90A4"
"SCP_N24.EpiA.CGATCGGGTCCCGACA","SCP259","SCP259_N24",3.78634217288975,3.20809020673575,"0","#ED90A4"
"SCP_N24.EpiA.CGATCGGGTCTTTCAT","SCP259","SCP259_N24",2.02414336708073,8.26694383298697,"2","#B7AE50"
"SCP_N24.EpiA.CGATGGCAGCTGAAAT","SCP259","SCP259_N24",2.99516633060459,5.79151715909781,"2","#B7AE50"
"SCP_N24.EpiA.CGATGGCAGGTAGCTG","SCP259","SCP259_N24",3.01031568553929,5.68399181043448,"2","#B7AE50"
"SCP_N24.EpiA.CGATGGCCACTCAGGC","SCP259","SCP259_N24",6.39143898990635,1.11510320579352,"0","#ED90A4"
"SCP_N24.EpiA.CGATGGCGTACCGTAT","SCP259","SCP259_N24",6.56181910541538,1.35388102208915,"0","#ED90A4"
"SCP_N24.EpiA.CGATGGCTCCTTGCCA","SCP259","SCP259_N24",0.392012237577478,4.04311623250785,"0","#ED90A4"
"SCP_N24.EpiA.CGATGGCTCGGTTCGG","SCP259","SCP259_N24",1.56497946289067,4.40583457624259,"0","#ED90A4"
"SCP_N24.EpiA.CGATGTAAGATTACCC","SCP259","SCP259_N24",4.70412543323521,2.73742355977836,"0","#ED90A4"
"SCP_N24.EpiA.CGATGTACAATAGCAA","SCP259","SCP259_N24",2.6766140749741,3.29320110952201,"0","#ED90A4"
"SCP_N24.EpiA.CGATGTATCAAACCGT","SCP259","SCP259_N24",0.349050580530207,4.10641493474784,"0","#ED90A4"
"SCP_N24.EpiA.CGATTGAAGACAATAC","SCP259","SCP259_N24",3.20844605472569,8.32767619764152,"2","#B7AE50"
"SCP_N24.EpiA.CGATTGAAGACTCGGA","SCP259","SCP259_N24",5.04166892078404,5.08102430974784,"2","#B7AE50"
"SCP_N24.EpiA.CGATTGAAGCAGACTG","SCP259","SCP259_N24",5.00755980518345,1.83515500103774,"0","#ED90A4"
"SCP_N24.EpiA.CGATTGAAGGGATGGG","SCP259","SCP259_N24",6.02601340320591,2.13958640968146,"0","#ED90A4"
"SCP_N24.EpiA.CGATTGAGTGTATGGG","SCP259","SCP259_N24",2.77175500896458,4.07227720891776,"0","#ED90A4"
"SCP_N24.EpiA.CGATTGATCACTTCAT","SCP259","SCP259_N24",2.26562240627293,6.82633342420402,"2","#B7AE50"
"SCP_N24.EpiA.CGATTGATCAGTCAGT","SCP259","SCP259_N24",4.30508425739292,2.02615281020942,"0","#ED90A4"
"SCP_N24.EpiA.CGCCAAGAGGAGTCTG","SCP259","SCP259_N24",2.80791166332249,6.77112950956168,"2","#B7AE50"
"SCP_N24.EpiA.CGCCAAGCAACGATGG","SCP259","SCP259_N24",3.41873791721348,6.05895175611319,"2","#B7AE50"
"SCP_N24.EpiA.CGCCAAGCAAGCGCTC","SCP259","SCP259_N24",2.89481380489353,7.95632447873893,"2","#B7AE50"
"SCP_N24.EpiA.CGCCAAGCACGAAAGC","SCP259","SCP259_N24",2.86619666126255,7.1164149252111,"2","#B7AE50"
"SCP_N24.EpiA.CGCCAAGCACTTGGAT","SCP259","SCP259_N24",3.62890294101719,2.86006393110099,"0","#ED90A4"
"SCP_N24.EpiA.CGCCAAGTCTACCAGA","SCP259","SCP259_N24",2.76059129741673,7.9952458349401,"2","#B7AE50"
"SCP_N24.EpiA.CGCCAAGTCTGCTGCT","SCP259","SCP259_N24",0.250623567967455,4.07714309369864,"0","#ED90A4"
"SCP_N24.EpiA.CGCGGTAAGATATGGT","SCP259","SCP259_N24",6.41240361240391,1.55899018620791,"0","#ED90A4"
"SCP_N24.EpiA.CGCGGTAAGTTAGGTA","SCP259","SCP259_N24",4.17339852359776,4.86381306325736,"0","#ED90A4"
"SCP_N24.EpiA.CGCGGTACACTTGGAT","SCP259","SCP259_N24",4.09404829051975,6.42685641919913,"2","#B7AE50"
"SCP_N24.EpiA.CGCGGTACATTCTTAC","SCP259","SCP259_N24",2.63795831707005,4.74577703153434,"0","#ED90A4"
"SCP_N24.EpiA.CGCGTTTAGAAACGAG","SCP259","SCP259_N24",2.53878787067417,3.50330104505362,"0","#ED90A4"
"SCP_N24.EpiA.CGCGTTTAGGAATTAC","SCP259","SCP259_N24",1.23759356048588,3.78101792012992,"0","#ED90A4"
"SCP_N24.EpiA.CGCGTTTCATGTCCTC","SCP259","SCP259_N24",3.48837736156468,0.922084322326802,"0","#ED90A4"
"SCP_N24.EpiA.CGCGTTTGTCTGCCAG","SCP259","SCP259_N24",5.89557555225376,2.01124670183005,"0","#ED90A4"
"SCP_N24.EpiA.CGCTATCAGTTCGCAT","SCP259","SCP259_N24",3.38796475437168,6.06809987699332,"2","#B7AE50"
"SCP_N24.EpiA.CGCTGGACATCTACGA","SCP259","SCP259_N24",1.48910537269596,2.98121239816489,"0","#ED90A4"
"SCP_N24.EpiA.CGCTGGAGTGGGTATG","SCP259","SCP259_N24",2.11613407638554,7.78628530179801,"2","#B7AE50"
"SCP_N24.EpiA.CGCTGGATCTGGAGCC","SCP259","SCP259_N24",3.44398715999607,1.14780222451034,"0","#ED90A4"
"SCP_N24.EpiA.CGCTTCAAGCGGATCA","SCP259","SCP259_N24",4.84940579441075,2.11541005050483,"0","#ED90A4"
"SCP_N24.EpiA.CGCTTCAAGTAGATGT","SCP259","SCP259_N24",3.54209163692478,7.96347465192618,"2","#B7AE50"
"SCP_N24.EpiA.CGCTTCAAGTATCTCG","SCP259","SCP259_N24",2.6876471331406,5.58457412397208,"2","#B7AE50"
"SCP_N24.EpiA.CGCTTCACAAAGCAAT","SCP259","SCP259_N24",3.63940527942661,2.53386630689444,"0","#ED90A4"
"SCP_N24.EpiA.CGCTTCAGTGAGGGTT","SCP259","SCP259_N24",2.11405554321293,6.18353500043693,"2","#B7AE50"
"SCP_N24.EpiA.CGCTTCAGTTCAGGCC","SCP259","SCP259_N24",5.44464114215855,0.773151418321752,"0","#ED90A4"
"SCP_N24.EpiA.CGGACACTCATGGTCA","SCP259","SCP259_N24",3.97482684162144,2.52229644929709,"0","#ED90A4"
"SCP_N24.EpiA.CGGACACTCTTGTATC","SCP259","SCP259_N24",4.2012312701035,3.58933820401969,"0","#ED90A4"
"SCP_N24.EpiA.CGGACGTGTATATGAG","SCP259","SCP259_N24",1.89788022544865,4.05494060193839,"0","#ED90A4"
"SCP_N24.EpiA.CGGACGTTCATAAAGG","SCP259","SCP259_N24",3.92539694812779,4.79434241926017,"0","#ED90A4"
"SCP_N24.EpiA.CGGACTGAGCGCTCCA","SCP259","SCP259_N24",4.08252265956883,7.71347465192618,"2","#B7AE50"
"SCP_N24.EpiA.CGGACTGAGCTACCTA","SCP259","SCP259_N24",3.41569951084141,7.98886909162345,"2","#B7AE50"
"SCP_N24.EpiA.CGGACTGGTATCTGCA","SCP259","SCP259_N24",5.47715142276768,-0.198793748266078,"0","#ED90A4"
"SCP_N24.EpiA.CGGACTGGTGGTCCGT","SCP259","SCP259_N24",4.03008702304844,6.80843867933097,"2","#B7AE50"
"SCP_N24.EpiA.CGGACTGTCAAGAAGT","SCP259","SCP259_N24",6.299990682869,5.73780336057486,"2","#B7AE50"
"SCP_N24.EpiA.CGGACTGTCATTGCCC","SCP259","SCP259_N24",0.9633612325478,3.03968932306113,"0","#ED90A4"
"SCP_N24.EpiA.CGGAGCTAGCTAAACA","SCP259","SCP259_N24",4.08450987842564,7.30967321073356,"2","#B7AE50"
"SCP_N24.EpiA.CGGAGCTCATTACCTT","SCP259","SCP259_N24",6.38752177265171,1.69851349865737,"0","#ED90A4"
"SCP_N24.EpiA.CGGAGCTGTCTAGGTT","SCP259","SCP259_N24",4.19152524974827,5.89229669248404,"2","#B7AE50"
"SCP_N24.EpiA.CGGAGTCAGGCGATAC","SCP259","SCP259_N24",4.6002893736649,3.64816870366874,"0","#ED90A4"
"SCP_N24.EpiA.CGGAGTCCACACGCTG","SCP259","SCP259_N24",3.58612659481053,1.70496820484939,"0","#ED90A4"
"SCP_N24.EpiA.CGGAGTCGTAAAGGAG","SCP259","SCP259_N24",3.08606007602696,7.90926541959586,"2","#B7AE50"
"SCP_N24.EpiA.CGGAGTCGTAAATGTG","SCP259","SCP259_N24",3.42224171665196,6.05598106061759,"2","#B7AE50"
"SCP_N24.EpiA.CGGAGTCTCGGGAGTA","SCP259","SCP259_N24",3.85889986064915,2.80148305570426,"0","#ED90A4"
"SCP_N24.EpiA.CGGAGTCTCTACTTAC","SCP259","SCP259_N24",4.44442942646031,5.12420334493461,"2","#B7AE50"
"SCP_N24.EpiA.CGGCTAGCATTTCAGG","SCP259","SCP259_N24",4.37242701557163,6.69780864393058,"2","#B7AE50"
"SCP_N24.EpiA.CGGGTCAAGACGCAAC","SCP259","SCP259_N24",4.67066815402989,2.71340574895682,"0","#ED90A4"
"SCP_N24.EpiA.CGGGTCAAGCATGGCA","SCP259","SCP259_N24",4.32028773334507,3.26257159387412,"0","#ED90A4"
"SCP_N24.EpiA.CGGGTCAGTCTTGATG","SCP259","SCP259_N24",0.722666322259943,3.87064590131583,"0","#ED90A4"
"SCP_N24.EpiA.CGGGTCATCCTATGTT","SCP259","SCP259_N24",3.05955603626255,3.94832267438712,"0","#ED90A4"
"SCP_N24.EpiA.CGGTTAAGTTAGAACA","SCP259","SCP259_N24",2.69356158283238,1.58300269221606,"0","#ED90A4"
"SCP_N24.EpiA.CGGTTAATCTAGAGTC","SCP259","SCP259_N24",3.06367257144932,3.67225088750663,"0","#ED90A4"
"SCP_N24.EpiA.CGTAGCGAGCGTTCCG","SCP259","SCP259_N24",2.54911258724217,8.17942514097037,"2","#B7AE50"
"SCP_N24.EpiA.CGTAGCGCACGACTCG","SCP259","SCP259_N24",2.7476795008469,6.07063045179191,"2","#B7AE50"
"SCP_N24.EpiA.CGTAGCGGTAGCTTGT","SCP259","SCP259_N24",4.41506770160679,7.13144578611197,"2","#B7AE50"
"SCP_N24.EpiA.CGTAGCGTCATAGCAC","SCP259","SCP259_N24",5.30984452274327,2.23457404052558,"0","#ED90A4"
"SCP_N24.EpiA.CGTAGCGTCATGCATG","SCP259","SCP259_N24",1.4099041512299,2.82676520025077,"0","#ED90A4"
"SCP_N24.EpiA.CGTAGCGTCCAAAGTC","SCP259","SCP259_N24",6.58507493045811,5.9296769109899,"2","#B7AE50"
"SCP_N24.EpiA.CGTAGGCAGAGATGAG","SCP259","SCP259_N24",4.15189102199558,4.1232816187078,"0","#ED90A4"
"SCP_N24.EpiA.CGTAGGCCACTTGGAT","SCP259","SCP259_N24",2.52175119426731,7.40679969465079,"2","#B7AE50"
"SCP_N24.EpiA.CGTAGGCGTGACTACT","SCP259","SCP259_N24",2.02830710914616,8.1279362646276,"2","#B7AE50"
"SCP_N24.EpiA.CGTCACTAGCCCAACC","SCP259","SCP259_N24",2.61741045024876,7.26768293058219,"2","#B7AE50"
"SCP_N24.EpiA.CGTCACTAGGTGTGGT","SCP259","SCP259_N24",2.43987920787815,4.20082273160758,"0","#ED90A4"
"SCP_N24.EpiA.CGTCACTGTTAGTGGG","SCP259","SCP259_N24",3.5312648108292,8.12603368436637,"2","#B7AE50"
"SCP_N24.EpiA.CGTCACTTCACATACG","SCP259","SCP259_N24",4.71229556110386,1.23218314921203,"0","#ED90A4"
"SCP_N24.EpiA.CGTCAGGAGGCAATTA","SCP259","SCP259_N24",2.1302181771088,8.09624280607047,"2","#B7AE50"
"SCP_N24.EpiA.CGTCAGGCAGTATGCT","SCP259","SCP259_N24",3.76271250751499,3.78453554784598,"0","#ED90A4"
"SCP_N24.EpiA.CGTCAGGCATACTCTT","SCP259","SCP259_N24",1.04053684976582,3.66587104474845,"0","#ED90A4"
"SCP_N24.EpiA.CGTCAGGTCCACTGGG","SCP259","SCP259_N24",3.66725423839573,2.72559013044181,"0","#ED90A4"
"SCP_N24.EpiA.CGTCAGGTCTCTGTCG","SCP259","SCP259_N24",2.99324038532261,6.46869983350577,"2","#B7AE50"
"SCP_N24.EpiA.CGTCCATAGAAGGACA","SCP259","SCP259_N24",2.85679224040989,7.59146728193107,"2","#B7AE50"
"SCP_N24.EpiA.CGTCCATCAATAGAGT","SCP259","SCP259_N24",2.24357178714756,5.03541531240287,"2","#B7AE50"
"SCP_N24.EpiA.CGTCCATCAGTTCCCT","SCP259","SCP259_N24",5.39332249668125,1.8026328591043,"0","#ED90A4"
"SCP_N24.EpiA.CGTCCATGTGTTAAGA","SCP259","SCP259_N24",3.27955964115147,4.87738146459403,"0","#ED90A4"
"SCP_N24.EpiA.CGTCCATTCACCATAG","SCP259","SCP259_N24",1.89131608512882,8.26203050290885,"2","#B7AE50"
"SCP_N24.EpiA.CGTCTACAGGTTCCTA","SCP259","SCP259_N24",2.27121356037144,4.28026451741996,"0","#ED90A4"
"SCP_N24.EpiA.CGTCTACAGTGTGGCA","SCP259","SCP259_N24",3.91863015201573,6.75511111890616,"2","#B7AE50"
"SCP_N24.EpiA.CGTCTACCAAAGGAAG","SCP259","SCP259_N24",3.90393426921848,0.904114296787404,"0","#ED90A4"
"SCP_N24.EpiA.CGTCTACCAATGGTCT","SCP259","SCP259_N24",2.37799480464939,7.94813670789542,"2","#B7AE50"
"SCP_N24.EpiA.CGTCTACGTCTCACCT","SCP259","SCP259_N24",2.81789234188084,5.87661304151359,"2","#B7AE50"
"SCP_N24.EpiA.CGTGAGCCAAACTGTC","SCP259","SCP259_N24",2.64285758045201,7.71540202771964,"2","#B7AE50"
"SCP_N24.EpiA.CGTGAGCCAAGTCTAC","SCP259","SCP259_N24",2.67952588108067,7.1905058828527,"2","#B7AE50"
"SCP_N24.EpiA.CGTGAGCCAGATCGGA","SCP259","SCP259_N24",3.30568841007237,7.24841823255362,"2","#B7AE50"
"SCP_N24.EpiA.CGTGTAAAGTCTCGGC","SCP259","SCP259_N24",6.22885754611973,1.38363075641634,"0","#ED90A4"
"SCP_N24.EpiA.CGTGTAACAGGCGATA","SCP259","SCP259_N24",3.71091774013523,3.72854580556693,"0","#ED90A4"
"SCP_N24.EpiA.CGTGTAACAGGCTGAA","SCP259","SCP259_N24",3.432807712822,4.25610127126517,"0","#ED90A4"
"SCP_N24.EpiA.CGTGTAAGTTGCTCCT","SCP259","SCP259_N24",3.61943605449681,7.99503745710196,"2","#B7AE50"
"SCP_N24.EpiA.CGTGTAATCTCGTTTA","SCP259","SCP259_N24",5.77601435688023,2.23109491741004,"0","#ED90A4"
"SCP_N24.EpiA.CGTGTCTAGTGTACTC","SCP259","SCP259_N24",3.40929773357395,8.13606204664054,"2","#B7AE50"
"SCP_N24.EpiA.CGTGTCTCAAGTCTGT","SCP259","SCP259_N24",2.61750939395909,5.03807725583854,"2","#B7AE50"
"SCP_N24.EpiA.CGTGTCTCACCGATAT","SCP259","SCP259_N24",3.51794531848911,3.18370964204612,"0","#ED90A4"
"SCP_N24.EpiA.CGTTAGAGTCCGAAGA","SCP259","SCP259_N24",4.20140889194493,6.89729060804191,"2","#B7AE50"
"SCP_N24.EpiA.CGTTCTGTCTGCAGTA","SCP259","SCP259_N24",2.81510093715672,4.12035884534659,"0","#ED90A4"
"SCP_N24.EpiA.CGTTCTGTCTTACCTA","SCP259","SCP259_N24",2.72898915317539,2.7740076986486,"0","#ED90A4"
"SCP_N24.EpiA.CGTTGGGCACCCTATC","SCP259","SCP259_N24",3.40829637554173,7.41585626279654,"2","#B7AE50"
"SCP_N24.EpiA.CGTTGGGGTAAATGAC","SCP259","SCP259_N24",3.02580216434483,3.27992500936332,"0","#ED90A4"
"SCP_N24.EpiA.CGTTGGGGTACTCGCG","SCP259","SCP259_N24",3.29599335697178,3.19189622079673,"0","#ED90A4"
"SCP_N24.EpiA.CGTTGGGTCAAACGGG","SCP259","SCP259_N24",1.97592666652683,6.72036018049064,"2","#B7AE50"
"SCP_N24.EpiA.CTAACTTCAGCATGAG","SCP259","SCP259_N24",6.35538723972325,5.70309676801505,"2","#B7AE50"
"SCP_N24.EpiA.CTAAGACAGCTAGTGG","SCP259","SCP259_N24",6.19442751911167,1.89254014765563,"0","#ED90A4"
"SCP_N24.EpiA.CTAAGACAGTGTACGG","SCP259","SCP259_N24",5.30112460163121,3.90635599767508,"0","#ED90A4"
"SCP_N24.EpiA.CTAAGACCAACTTGAC","SCP259","SCP259_N24",6.06045058277134,5.64491691266837,"2","#B7AE50"
"SCP_N24.EpiA.CTAAGACCAAGTCTAC","SCP259","SCP259_N24",4.89941313770298,2.84812833940329,"0","#ED90A4"
"SCP_N24.EpiA.CTAAGACCACGCATCG","SCP259","SCP259_N24",3.57430484798435,3.96155037557425,"0","#ED90A4"
"SCP_N24.EpiA.CTAAGACGTAAACACA","SCP259","SCP259_N24",2.48158886936192,3.79472818052115,"0","#ED90A4"
"SCP_N24.EpiA.CTAAGACGTTAAAGTG","SCP259","SCP259_N24",1.85896232631687,2.49386443769278,"0","#ED90A4"
"SCP_N24.EpiA.CTAATGGCAGATCTGT","SCP259","SCP259_N24",4.05268028285984,1.74506770645919,"0","#ED90A4"
"SCP_N24.EpiA.CTAATGGTCTCATTCA","SCP259","SCP259_N24",2.3191328337479,5.48076667463126,"2","#B7AE50"
"SCP_N24.EpiA.CTACACCAGACCGGAT","SCP259","SCP259_N24",2.70444467571263,3.58894481336417,"0","#ED90A4"
"SCP_N24.EpiA.CTACACCAGACTAGGC","SCP259","SCP259_N24",1.25756862667088,6.22996892606559,"0","#ED90A4"
"SCP_N24.EpiA.CTACACCAGAGCTGGT","SCP259","SCP259_N24",2.1494380524445,3.10392799054923,"0","#ED90A4"
"SCP_N24.EpiA.CTACACCAGCTCCCAG","SCP259","SCP259_N24",5.57950833347325,2.55677678262534,"0","#ED90A4"
"SCP_N24.EpiA.CTACACCAGGCCCTTG","SCP259","SCP259_N24",2.90904238727574,6.48090686475577,"2","#B7AE50"
"SCP_N24.EpiA.CTACACCAGTCTCAAC","SCP259","SCP259_N24",4.23915436771397,4.87436499273124,"0","#ED90A4"
"SCP_N24.EpiA.CTACATTAGAACAACT","SCP259","SCP259_N24",5.24334290531162,3.8450821844274,"0","#ED90A4"
"SCP_N24.EpiA.CTACATTGTGTGTGCC","SCP259","SCP259_N24",6.38526633289341,1.20743048762622,"0","#ED90A4"
"SCP_N24.EpiA.CTACATTGTTCCACTC","SCP259","SCP259_N24",3.58108284976963,7.03479852353873,"2","#B7AE50"
"SCP_N24.EpiA.CTACATTTCGCATGGC","SCP259","SCP259_N24",2.98751476314549,2.4010679927999,"0","#ED90A4"
"SCP_N24.EpiA.CTACATTTCTTGTACT","SCP259","SCP259_N24",3.31290748622898,7.19778289472403,"2","#B7AE50"
"SCP_N24.EpiA.CTACCCACAAGTTGTC","SCP259","SCP259_N24",3.77290871646885,1.10889016663375,"0","#ED90A4"
"SCP_N24.EpiA.CTACCCAGTACCATCA","SCP259","SCP259_N24",4.01136711147312,3.41218294774833,"0","#ED90A4"
"SCP_N24.EpiA.CTACGTCAGTATGACA","SCP259","SCP259_N24",1.97466507461552,2.47167422448935,"0","#ED90A4"
"SCP_N24.EpiA.CTAGAGTAGACTACAA","SCP259","SCP259_N24",3.36127045658116,7.4882935491735,"2","#B7AE50"
"SCP_N24.EpiA.CTAGAGTAGCTAGCCC","SCP259","SCP259_N24",5.20841362979893,5.7906559911901,"2","#B7AE50"
"SCP_N24.EpiA.CTAGAGTCACATCTTT","SCP259","SCP259_N24",5.44225647953037,3.19112362539115,"0","#ED90A4"
"SCP_N24.EpiA.CTAGAGTCATGTCGAT","SCP259","SCP259_N24",1.20735558774952,3.08539106523337,"0","#ED90A4"
"SCP_N24.EpiA.CTAGAGTGTCGGCTCA","SCP259","SCP259_N24",4.02876928356175,2.87594082032981,"0","#ED90A4"
"SCP_N24.EpiA.CTAGAGTTCCGTAGGC","SCP259","SCP259_N24",2.53204682376866,7.50914706861319,"2","#B7AE50"
"SCP_N24.EpiA.CTAGCCTAGATGGGTC","SCP259","SCP259_N24",2.68693497684483,7.79484262143912,"2","#B7AE50"
"SCP_N24.EpiA.CTAGCCTCAAGAGTCG","SCP259","SCP259_N24",3.24520090129856,8.07800235425773,"2","#B7AE50"
"SCP_N24.EpiA.CTAGCCTCAATGTTGC","SCP259","SCP259_N24",3.39048078563694,3.42852630292716,"0","#ED90A4"
"SCP_N24.EpiA.CTAGCCTCAGACAAGC","SCP259","SCP259_N24",1.92151430156712,2.94560267602744,"0","#ED90A4"
"SCP_N24.EpiA.CTAGCCTGTCAGAAGC","SCP259","SCP259_N24",5.97969725635533,1.62151514565291,"0","#ED90A4"
"SCP_N24.EpiA.CTAGCCTGTGTGACGA","SCP259","SCP259_N24",1.10872808006291,4.06427135145011,"0","#ED90A4"
"SCP_N24.EpiA.CTAGCCTGTTAAGGGC","SCP259","SCP259_N24",2.87910964992527,6.91648473417106,"2","#B7AE50"
"SCP_N24.EpiA.CTAGCCTTCAATCTCT","SCP259","SCP259_N24",4.41802027729038,3.94351067220511,"0","#ED90A4"
"SCP_N24.EpiA.CTAGCCTTCCAGATCA","SCP259","SCP259_N24",3.32882454898838,2.97812988435569,"0","#ED90A4"
"SCP_N24.EpiA.CTAGCCTTCTTAGCCC","SCP259","SCP259_N24",6.30246546772007,1.31194429671111,"0","#ED90A4"
"SCP_N24.EpiA.CTAGTGAAGAGACTTA","SCP259","SCP259_N24",1.7120316317368,2.94633378660026,"0","#ED90A4"
"SCP_N24.EpiA.CTAGTGAGTGTGGTTT","SCP259","SCP259_N24",5.38109877613072,3.27147473966422,"0","#ED90A4"
"SCP_N24.EpiA.CTAGTGAGTTACCAGT","SCP259","SCP259_N24",1.92506495025639,7.82957114850821,"2","#B7AE50"
"SCP_N24.EpiA.CTCACACAGAGAACAG","SCP259","SCP259_N24",4.53680422809605,3.1502716747457,"0","#ED90A4"
"SCP_N24.EpiA.CTCACACAGGTGATTA","SCP259","SCP259_N24",2.59191039112095,7.14122237836661,"2","#B7AE50"
"SCP_N24.EpiA.CTCACACCACTGTGTA","SCP259","SCP259_N24",4.9929838469315,4.52298917447867,"2","#B7AE50"
"SCP_N24.EpiA.CTCACACCATTGGTAC","SCP259","SCP259_N24",2.32147553470616,7.56326093351188,"2","#B7AE50"
"SCP_N24.EpiA.CTCACACGTCGACTGC","SCP259","SCP259_N24",4.84775355365757,1.90791179811301,"0","#ED90A4"
"SCP_N24.EpiA.CTCAGAAAGAGGTTAT","SCP259","SCP259_N24",5.37130501773838,3.77983321821036,"0","#ED90A4"
"SCP_N24.EpiA.CTCAGAAAGAGTAAGG","SCP259","SCP259_N24",2.98775890377049,6.21811141645255,"2","#B7AE50"
"SCP_N24.EpiA.CTCAGAAAGCGCCTTG","SCP259","SCP259_N24",5.11958125141148,0.552884301298284,"0","#ED90A4"
"SCP_N24.EpiA.CTCAGAACACGAGAGT","SCP259","SCP259_N24",0.76605716255192,3.44045390760245,"0","#ED90A4"
"SCP_N24.EpiA.CTCAGAAGTTTACTCT","SCP259","SCP259_N24",2.13294353988651,5.19847883855643,"2","#B7AE50"
"SCP_N24.EpiA.CTCAGAATCACTATTC","SCP259","SCP259_N24",4.27631333377842,1.24482554768863,"0","#ED90A4"
"SCP_N24.EpiA.CTCAGAATCCTTAATC","SCP259","SCP259_N24",2.2618077090073,4.86853494321647,"2","#B7AE50"
"SCP_N24.EpiA.CTCATTACACACAGAG","SCP259","SCP259_N24",3.10786035564427,5.21246065770926,"0","#ED90A4"
"SCP_N24.EpiA.CTCATTACATAGAAAC","SCP259","SCP259_N24",0.80287060049061,3.24328996812644,"0","#ED90A4"
"SCP_N24.EpiA.CTCATTAGTTCAGCGC","SCP259","SCP259_N24",2.27103570011143,3.36352493440452,"0","#ED90A4"
"SCP_N24.EpiA.CTCCTAGGTTCCGTCT","SCP259","SCP259_N24",2.75067117717747,3.64379706060233,"0","#ED90A4"
"SCP_N24.EpiA.CTCCTAGTCGAACTGT","SCP259","SCP259_N24",2.75249865558628,3.31564547693076,"0","#ED90A4"
"SCP_N24.EpiA.CTCCTAGTCTGTGCAA","SCP259","SCP259_N24",3.66676524188999,4.00996365224662,"0","#ED90A4"
"SCP_N24.EpiA.CTCGAAACACGGTAGA","SCP259","SCP259_N24",3.21021774318699,5.99449338590445,"2","#B7AE50"
"SCP_N24.EpiA.CTCGAAATCATCACCC","SCP259","SCP259_N24",3.28077962902073,3.94475354825797,"0","#ED90A4"
"SCP_N24.EpiA.CTCGAGGAGAATGTTG","SCP259","SCP259_N24",2.69562986400608,3.7350295988256,"0","#ED90A4"
"SCP_N24.EpiA.CTCGAGGAGGAATCGC","SCP259","SCP259_N24",4.124449043541,7.17523278867545,"2","#B7AE50"
"SCP_N24.EpiA.CTCGAGGAGGGAACGG","SCP259","SCP259_N24",2.90937521961216,4.0187882391149,"0","#ED90A4"
"SCP_N24.EpiA.CTCGAGGCAACGCACC","SCP259","SCP259_N24",2.77908447292332,4.24067606603446,"0","#ED90A4"
"SCP_N24.EpiA.CTCGAGGCAATCGGTT","SCP259","SCP259_N24",3.88348367717747,2.95112790738883,"0","#ED90A4"
"SCP_N24.EpiA.CTCGAGGGTAACGTTC","SCP259","SCP259_N24",3.26922824886326,7.26706733381095,"2","#B7AE50"
"SCP_N24.EpiA.CTCGAGGGTCGTGGCT","SCP259","SCP259_N24",5.2002649596024,3.24149002706351,"0","#ED90A4"
"SCP_N24.EpiA.CTCGAGGTCAACGCTA","SCP259","SCP259_N24",3.44539001491551,4.21745743429007,"0","#ED90A4"
"SCP_N24.EpiA.CTCGAGGTCTCGTATT","SCP259","SCP259_N24",4.0597014715958,4.06199922239127,"0","#ED90A4"
"SCP_N24.EpiA.CTCGGAGCAATGAATG","SCP259","SCP259_N24",3.02694132831577,7.97827615415397,"2","#B7AE50"
"SCP_N24.EpiA.CTCGGAGCAGCCTTTC","SCP259","SCP259_N24",2.65799167659764,2.49981357728782,"0","#ED90A4"
"SCP_N24.EpiA.CTCGGAGGTGGGTCAA","SCP259","SCP259_N24",5.28284171131138,3.67564024602714,"0","#ED90A4"
"SCP_N24.EpiA.CTCGGGAAGGCGACAT","SCP259","SCP259_N24",2.38429143932347,7.50335349714103,"2","#B7AE50"
"SCP_N24.EpiA.CTCGGGACAGGGTTAG","SCP259","SCP259_N24",6.43227961566929,1.06086098229232,"0","#ED90A4"
"SCP_N24.EpiA.CTCGGGAGTCATACTG","SCP259","SCP259_N24",0.576284914283793,3.87245049154105,"0","#ED90A4"
"SCP_N24.EpiA.CTCGGGATCGTTGCCT","SCP259","SCP259_N24",2.3586254408646,7.78367414151969,"2","#B7AE50"
"SCP_N24.EpiA.CTCGTACAGCCAGAAC","SCP259","SCP259_N24",4.94114306476597,2.68523468648734,"0","#ED90A4"
"SCP_N24.EpiA.CTCGTACGTAAGGGCT","SCP259","SCP259_N24",0.497673242359202,3.91474642431083,"0","#ED90A4"
"SCP_N24.EpiA.CTCGTACGTGTTCTTT","SCP259","SCP259_N24",5.5289421370316,0.177862545602941,"0","#ED90A4"
"SCP_N24.EpiA.CTCGTACGTTCGTTGA","SCP259","SCP259_N24",3.06278112438206,6.77028693830314,"2","#B7AE50"
"SCP_N24.EpiA.CTCGTACTCATCATTC","SCP259","SCP259_N24",2.46325781848911,1.5338078794414,"0","#ED90A4"
"SCP_N24.EpiA.CTCGTACTCCAAACAC","SCP259","SCP259_N24",1.84618630912785,3.26660039102378,"0","#ED90A4"
"SCP_N24.EpiA.CTCGTCACACTCTGTC","SCP259","SCP259_N24",2.92405655887608,0.616203388326787,"0","#ED90A4"
"SCP_N24.EpiA.CTCTAATAGTGGAGAA","SCP259","SCP259_N24",5.31576874759678,3.46181406652274,"0","#ED90A4"
"SCP_N24.EpiA.CTCTAATCATGCATGT","SCP259","SCP259_N24",3.93190720584873,2.44614066755118,"0","#ED90A4"
"SCP_N24.EpiA.CTCTAATGTCCAACTA","SCP259","SCP259_N24",5.71260598209385,5.10383691465201,"2","#B7AE50"
"SCP_N24.EpiA.CTCTAATGTCCGAGTC","SCP259","SCP259_N24",5.3800459196854,3.32748188649955,"0","#ED90A4"
"SCP_N24.EpiA.CTCTAATTCGTTTGCC","SCP259","SCP259_N24",3.20164540317539,4.48553361570182,"0","#ED90A4"
"SCP_N24.EpiA.CTCTACGGTCACCTAA","SCP259","SCP259_N24",5.13684323337559,4.36463846837821,"0","#ED90A4"
"SCP_N24.EpiA.CTCTACGGTCGCCATG","SCP259","SCP259_N24",2.69781711605076,7.10248078977408,"2","#B7AE50"
"SCP_N24.EpiA.CTCTACGTCAACCAAC","SCP259","SCP259_N24",2.73953750637058,2.14401056443992,"0","#ED90A4"
"SCP_N24.EpiA.CTCTACGTCCAATGGT","SCP259","SCP259_N24",2.23863246944431,5.3452214208776,"2","#B7AE50"
"SCP_N24.EpiA.CTCTACGTCGGCCGAT","SCP259","SCP259_N24",6.07215455081944,1.41570014519336,"0","#ED90A4"
"SCP_N24.EpiA.CTCTGGTAGTCCTCCT","SCP259","SCP259_N24",2.49435713794712,7.77642192518058,"2","#B7AE50"
"SCP_N24.EpiA.CTCTGGTCAAAGGTGC","SCP259","SCP259_N24",3.3353796294022,6.48052253400626,"2","#B7AE50"
"SCP_N24.EpiA.CTCTGGTCAAGTCTAC","SCP259","SCP259_N24",4.05604413059239,6.04739131604972,"2","#B7AE50"
"SCP_N24.EpiA.CTCTGGTCACATGTGT","SCP259","SCP259_N24",2.44864538219456,7.56948270475211,"2","#B7AE50"
"SCP_N24.EpiA.CTCTGGTCATTGGTAC","SCP259","SCP259_N24",6.09677269962315,5.67823209440055,"2","#B7AE50"
"SCP_N24.EpiA.CTGAAACAGGCGATAC","SCP259","SCP259_N24",3.97731712368015,4.46103038465323,"0","#ED90A4"
"SCP_N24.EpiA.CTGAAACGTAAAGTCA","SCP259","SCP259_N24",3.72672179248814,6.39023103391471,"2","#B7AE50"
"SCP_N24.EpiA.CTGAAACGTCTACCTC","SCP259","SCP259_N24",2.06254330184941,3.06948496972861,"0","#ED90A4"
"SCP_N24.EpiA.CTGAAACGTTAAAGTG","SCP259","SCP259_N24",3.33975699451451,2.39680119430365,"0","#ED90A4"
"SCP_N24.EpiA.CTGAAACTCACAACGT","SCP259","SCP259_N24",4.52863839176182,2.60747232114615,"0","#ED90A4"
"SCP_N24.EpiA.CTGAAACTCTAGAGTC","SCP259","SCP259_N24",3.69191744831089,2.13068785344901,"0","#ED90A4"
"SCP_N24.EpiA.CTGAAGTAGCACCGCT","SCP259","SCP259_N24",4.7646313002396,3.60238351499381,"0","#ED90A4"
"SCP_N24.EpiA.CTGAAGTAGCTGTTCA","SCP259","SCP259_N24",3.33204987552647,1.98253973399939,"0","#ED90A4"
"SCP_N24.EpiA.CTGAAGTGTGAACCTT","SCP259","SCP259_N24",3.57347825077061,3.69720067655387,"0","#ED90A4"
"SCP_N24.EpiA.CTGATAGAGGTCATCT","SCP259","SCP259_N24",3.11517980602268,6.95691623365226,"2","#B7AE50"
"SCP_N24.EpiA.CTGATAGCAGTTTACG","SCP259","SCP259_N24",4.21641209629063,5.91350879346671,"2","#B7AE50"
"SCP_N24.EpiA.CTGATAGGTTTAAGCC","SCP259","SCP259_N24",1.76370778587345,3.50668229734244,"0","#ED90A4"
"SCP_N24.EpiA.CTGATCCAGCGCCTCA","SCP259","SCP259_N24",5.17720225360874,4.18434323942008,"0","#ED90A4"
"SCP_N24.EpiA.CTGATCCCACATGACT","SCP259","SCP259_N24",3.08343341854099,3.22784211313071,"0","#ED90A4"
"SCP_N24.EpiA.CTGATCCCAGCTCGCA","SCP259","SCP259_N24",1.52755275276188,3.48087658559623,"0","#ED90A4"
"SCP_N24.EpiA.CTGATCCGTCATCGGC","SCP259","SCP259_N24",4.99592021015171,4.55972661649527,"0","#ED90A4"
"SCP_N24.EpiA.CTGCCTAAGTGAACAT","SCP259","SCP259_N24",2.92285206821446,6.28221645032706,"2","#B7AE50"
"SCP_N24.EpiA.CTGCCTACAGCTGGCT","SCP259","SCP259_N24",2.54076984432224,7.81673278486075,"2","#B7AE50"
"SCP_N24.EpiA.CTGCCTAGTCTCTTAT","SCP259","SCP259_N24",5.19926646259312,4.09044255887809,"0","#ED90A4"
"SCP_N24.EpiA.CTGCCTATCCATGAGT","SCP259","SCP259_N24",1.62352409866337,7.83283652936759,"2","#B7AE50"
"SCP_N24.EpiA.CTGCCTATCCCGGATG","SCP259","SCP259_N24",2.89202931430821,4.5903750864202,"0","#ED90A4"
"SCP_N24.EpiA.CTGCCTATCTGTCCGT","SCP259","SCP259_N24",6.158802061348,1.20511994337382,"0","#ED90A4"
"SCP_N24.EpiA.CTGCGGACAGCGTCCA","SCP259","SCP259_N24",1.57483604457859,6.97803868924918,"2","#B7AE50"
"SCP_N24.EpiA.CTGCGGACATGTCTCC","SCP259","SCP259_N24",4.81949952152256,1.65762349044623,"0","#ED90A4"
"SCP_N24.EpiA.CTGCGGAGTAGCGCTC","SCP259","SCP259_N24",2.27341869380955,7.62863578473868,"2","#B7AE50"
"SCP_N24.EpiA.CTGCTGTAGCGATAGC","SCP259","SCP259_N24",2.20105495956425,7.89995469724479,"2","#B7AE50"
"SCP_N24.EpiA.CTGCTGTTCGGTCTAA","SCP259","SCP259_N24",3.72561982181553,3.29851236020865,"0","#ED90A4"
"SCP_N24.EpiA.CTGCTGTTCTGTCTCG","SCP259","SCP259_N24",3.71996000316624,7.29756822263541,"2","#B7AE50"
"SCP_N24.EpiA.CTGGTCTAGAACTCGG","SCP259","SCP259_N24",6.01829865482334,2.1436411348516,"0","#ED90A4"
"SCP_N24.EpiA.CTGGTCTCACGAAGCA","SCP259","SCP259_N24",4.3666148474503,6.51450194989982,"2","#B7AE50"
"SCP_N24.EpiA.CTGGTCTGTAACGCGA","SCP259","SCP259_N24",2.47057464626316,7.9590023962194,"2","#B7AE50"
"SCP_N24.EpiA.CTGGTCTGTGGGTCAA","SCP259","SCP259_N24",2.40859869030003,2.04960050260367,"0","#ED90A4"
"SCP_N24.EpiA.CTGTGCTCAATAGCGG","SCP259","SCP259_N24",2.56956604030613,4.44709958707633,"0","#ED90A4"
"SCP_N24.EpiA.CTGTGCTCACAGACTT","SCP259","SCP259_N24",5.8593955328751,-0.29764614427743,"0","#ED90A4"
"SCP_N24.EpiA.CTGTGCTGTAGCGATG","SCP259","SCP259_N24",3.00539329555515,6.71795406019034,"2","#B7AE50"
"SCP_N24.EpiA.CTGTGCTTCTAACTTC","SCP259","SCP259_N24",0.989190070896189,3.04235198175254,"0","#ED90A4"
"SCP_N24.EpiA.CTGTGCTTCTGTACGA","SCP259","SCP259_N24",4.28340199497227,5.42717494642081,"0","#ED90A4"
"SCP_N24.EpiA.CTGTGCTTCTTGAGAC","SCP259","SCP259_N24",3.82089474704746,3.26355626260581,"0","#ED90A4"
"SCP_N24.EpiA.CTGTTTAAGCTGTTCA","SCP259","SCP259_N24",4.31789448764805,7.0498169866735,"2","#B7AE50"
"SCP_N24.EpiA.CTGTTTACACGGTAAG","SCP259","SCP259_N24",3.85379913356785,5.16965617811027,"0","#ED90A4"
"SCP_N24.EpiA.CTGTTTAGTCATGCAT","SCP259","SCP259_N24",5.86777356174473,2.66693904077353,"0","#ED90A4"
"SCP_N24.EpiA.CTGTTTATCCTCATTA","SCP259","SCP259_N24",5.96576979663853,-0.309947946912623,"0","#ED90A4"
"SCP_N24.EpiA.CTTAACTAGCCCAGCT","SCP259","SCP259_N24",3.22227385547642,2.33473183786216,"0","#ED90A4"
"SCP_N24.EpiA.CTTAACTAGGCAGGTT","SCP259","SCP259_N24",3.28991821315769,2.01126714622321,"0","#ED90A4"
"SCP_N24.EpiA.CTTAACTAGGGATCTG","SCP259","SCP259_N24",6.54299071338658,0.581309637182378,"0","#ED90A4"
"SCP_N24.EpiA.CTTAACTCAAAGCAAT","SCP259","SCP259_N24",5.96215918567662,2.50924017106833,"0","#ED90A4"
"SCP_N24.EpiA.CTTAACTCATAACCTG","SCP259","SCP259_N24",3.17152216938023,6.12200584089103,"2","#B7AE50"
"SCP_N24.EpiA.CTTAACTGTAAGTAGT","SCP259","SCP259_N24",4.10673573520664,4.61631645833793,"0","#ED90A4"
"SCP_N24.EpiA.CTTACCGCATCGGACC","SCP259","SCP259_N24",2.13173773792271,8.21836747800651,"2","#B7AE50"
"SCP_N24.EpiA.CTTACCGGTAAGAGGA","SCP259","SCP259_N24",3.05367258098606,0.520501336210393,"0","#ED90A4"
"SCP_N24.EpiA.CTTAGGAAGAGGTAGA","SCP259","SCP259_N24",2.92919638660435,6.79417028104606,"2","#B7AE50"
"SCP_N24.EpiA.CTTAGGAGTAAGTAGT","SCP259","SCP259_N24",2.22998574283604,7.96211042081656,"2","#B7AE50"
"SCP_N24.EpiA.CTTCTCTAGCTAGTTC","SCP259","SCP259_N24",5.30267861392979,1.48060273205581,"0","#ED90A4"
"SCP_N24.EpiA.CTTCTCTCAAGTACCT","SCP259","SCP259_N24",2.10768738296513,7.95066442167106,"2","#B7AE50"
"SCP_N24.EpiA.CTTCTCTCAATGAATG","SCP259","SCP259_N24",3.04717662837986,2.41222467099967,"0","#ED90A4"
"SCP_N24.EpiA.CTTCTCTGTACATGTC","SCP259","SCP259_N24",1.78601375129704,3.99162926351371,"0","#ED90A4"
"SCP_N24.EpiA.CTTCTCTGTGTTTGTG","SCP259","SCP259_N24",6.63876441028599,5.90652026807609,"2","#B7AE50"
"SCP_N24.EpiA.CTTGGCTAGCCCAATT","SCP259","SCP259_N24",6.31479266193394,5.6073793379003,"2","#B7AE50"
"SCP_N24.EpiA.CTTGGCTTCTATCCCG","SCP259","SCP259_N24",5.03467801120762,1.7973284629518,"0","#ED90A4"
"SCP_N24.EpiA.CTTTGCGAGACCTAGG","SCP259","SCP259_N24",3.34156539943699,7.43120851194205,"2","#B7AE50"
"SCP_N24.EpiA.CTTTGCGCAGACTCGC","SCP259","SCP259_N24",5.52562001255039,2.96018066083732,"0","#ED90A4"
"SCP_N24.EpiA.CTTTGCGCATATGCTG","SCP259","SCP259_N24",4.66642811801914,4.98773278867545,"2","#B7AE50"
"SCP_N24.EpiA.CTTTGCGGTATGGTTC","SCP259","SCP259_N24",2.71645429637913,6.62242211973014,"2","#B7AE50"
"SCP_N24.EpiA.CTTTGCGTCCCTGACT","SCP259","SCP259_N24",3.39763238933567,3.32759239351096,"0","#ED90A4"
"SCP_N24.EpiA.GAAACTCAGCTTCGCG","SCP259","SCP259_N24",2.35617306735996,3.2631879059011,"0","#ED90A4"
"SCP_N24.EpiA.GAAACTCAGTTAGGTA","SCP259","SCP259_N24",4.36146882083897,5.87440719281974,"2","#B7AE50"
"SCP_N24.EpiA.GAAACTCGTTAAAGTG","SCP259","SCP259_N24",3.90171006229405,1.9183694926435,"0","#ED90A4"
"SCP_N24.EpiA.GAAACTCTCAAGGTAA","SCP259","SCP259_N24",2.83902385738377,1.06126313483062,"0","#ED90A4"
"SCP_N24.EpiA.GAAACTCTCTACCTGC","SCP259","SCP259_N24",6.0006513884354,5.26496615087333,"2","#B7AE50"
"SCP_N24.EpiA.GAAATGAAGTGTGAAT","SCP259","SCP259_N24",2.65233042743687,1.34021919047179,"0","#ED90A4"
"SCP_N24.EpiA.GAAATGATCAAGATCC","SCP259","SCP259_N24",5.30931857135777,2.33950873290839,"0","#ED90A4"
"SCP_N24.EpiA.GAACATCGTCTTCGTC","SCP259","SCP259_N24",3.32940772083286,3.27984120523276,"0","#ED90A4"
"SCP_N24.EpiA.GAACATCGTTCTCATT","SCP259","SCP259_N24",6.44106867816929,0.583099326246404,"0","#ED90A4"
"SCP_N24.EpiA.GAACCTAAGCAAATCA","SCP259","SCP259_N24",2.35381296184544,1.98062767659964,"0","#ED90A4"
"SCP_N24.EpiA.GAACCTAGTTAGAACA","SCP259","SCP259_N24",3.39686515834812,2.84039988195243,"0","#ED90A4"
"SCP_N24.EpiA.GAACCTAGTTCAGACT","SCP259","SCP259_N24",4.16941812541966,3.56435980474296,"0","#ED90A4"
"SCP_N24.EpiA.GAACGGAAGGCTAGGT","SCP259","SCP259_N24",2.89950635936741,3.37157287275138,"0","#ED90A4"
"SCP_N24.EpiA.GAACGGAGTACGCACC","SCP259","SCP259_N24",3.83622601535801,8.08518161451163,"2","#B7AE50"
"SCP_N24.EpiA.GAACGGATCAAAGACA","SCP259","SCP259_N24",5.8278603842545,2.20132579480948,"0","#ED90A4"
"SCP_N24.EpiA.GAACGGATCTGCTGCT","SCP259","SCP259_N24",4.35008576419834,5.36326946889701,"2","#B7AE50"
"SCP_N24.EpiA.GAAGCAGCAATCGAAA","SCP259","SCP259_N24",3.01926162746433,7.72836675321402,"2","#B7AE50"
"SCP_N24.EpiA.GAAGCAGCACTTCTGC","SCP259","SCP259_N24",3.00020959880833,4.2705029455358,"0","#ED90A4"
"SCP_N24.EpiA.GAAGCAGCATATGCTG","SCP259","SCP259_N24",3.95577958133702,0.348057290666723,"0","#ED90A4"
"SCP_N24.EpiA.GAAGCAGGTAATTGGA","SCP259","SCP259_N24",6.51624777820591,0.377912780397557,"0","#ED90A4"
"SCP_N24.EpiA.GAAGCAGGTCTAAAGA","SCP259","SCP259_N24",2.12661757972721,2.10036798393073,"0","#ED90A4"
"SCP_N24.EpiA.GAAGCAGGTGGCAAAC","SCP259","SCP259_N24",5.18197920825962,5.37413372670951,"2","#B7AE50"
"SCP_N24.EpiA.GAAGCAGTCACATACG","SCP259","SCP259_N24",2.86856296566014,3.58230342542472,"0","#ED90A4"
"SCP_N24.EpiA.GAATAAGAGCCCGAAA","SCP259","SCP259_N24",4.41182950046543,6.40754308378043,"2","#B7AE50"
"SCP_N24.EpiA.GAATAAGGTCAGATAA","SCP259","SCP259_N24",3.59571936634068,2.18166472589316,"0","#ED90A4"
"SCP_N24.EpiA.GAATAAGGTTTGTTTC","SCP259","SCP259_N24",3.1714871218491,4.00806655561271,"0","#ED90A4"
"SCP_N24.EpiA.GAATAAGTCCGCGCAA","SCP259","SCP259_N24",3.38268569019322,7.51075877820792,"2","#B7AE50"
"SCP_N24.EpiA.GAATGAAAGATGAGAG","SCP259","SCP259_N24",4.27626469638829,3.10391904985251,"0","#ED90A4"
"SCP_N24.EpiA.GAATGAAAGCCCAATT","SCP259","SCP259_N24",3.47690680530552,7.3685482946569,"2","#B7AE50"
"SCP_N24.EpiA.GAATGAAAGGACTGGT","SCP259","SCP259_N24",3.81758120563511,1.20286322211566,"0","#ED90A4"
"SCP_N24.EpiA.GAATGAAAGGAGTCTG","SCP259","SCP259_N24",3.63630941417698,5.96377553617301,"2","#B7AE50"
"SCP_N24.EpiA.GAATGAAAGGCTAGGT","SCP259","SCP259_N24",1.87592735794071,2.36543526326957,"0","#ED90A4"
"SCP_N24.EpiA.GAATGAAAGTCGAGTG","SCP259","SCP259_N24",2.88263419178013,8.00743140851798,"2","#B7AE50"
"SCP_N24.EpiA.GAATGAAGTACATCCA","SCP259","SCP259_N24",5.03877594974522,0.745582362764501,"0","#ED90A4"
"SCP_N24.EpiA.GACACGCAGAGTACAT","SCP259","SCP259_N24",2.40155699756626,4.95258702909293,"0","#ED90A4"
"SCP_N24.EpiA.GACACGCAGCAGCGTA","SCP259","SCP259_N24",4.21279457118992,4.12194122945609,"0","#ED90A4"
"SCP_N24.EpiA.GACACGCAGGAATGGA","SCP259","SCP259_N24",4.26609423664097,5.24756946241202,"0","#ED90A4"
"SCP_N24.EpiA.GACACGCAGTCGATAA","SCP259","SCP259_N24",5.11205390003208,5.91697063123527,"2","#B7AE50"
"SCP_N24.EpiA.GACACGCGTAAGCACG","SCP259","SCP259_N24",2.44775441196446,5.19405307447257,"2","#B7AE50"
"SCP_N24.EpiA.GACAGAGAGTATGACA","SCP259","SCP259_N24",3.01685216930393,6.37046279584708,"2","#B7AE50"
"SCP_N24.EpiA.GACAGAGAGTGGAGTC","SCP259","SCP259_N24",5.64120200183872,1.85760315334144,"0","#ED90A4"
"SCP_N24.EpiA.GACAGAGTCACGACTA","SCP259","SCP259_N24",4.27928832080845,1.74937315856757,"0","#ED90A4"
"SCP_N24.EpiA.GACAGAGTCTGTTTGT","SCP259","SCP259_N24",6.02207854297642,5.28550376569571,"2","#B7AE50"
"SCP_N24.EpiA.GACCAATAGGACAGCT","SCP259","SCP259_N24",3.58961179759983,1.84622033511939,"0","#ED90A4"
"SCP_N24.EpiA.GACCAATAGGAGTAGA","SCP259","SCP259_N24",4.3585467627335,6.58525123273673,"2","#B7AE50"
"SCP_N24.EpiA.GACCAATAGGAGTTTA","SCP259","SCP259_N24",0.982471077709238,3.57544054662528,"0","#ED90A4"
"SCP_N24.EpiA.GACCAATCATAGACTC","SCP259","SCP259_N24",1.75407996681217,6.47674693738761,"2","#B7AE50"
"SCP_N24.EpiA.GACCAATGTCGAGATG","SCP259","SCP259_N24",4.08235266712193,5.65749540006461,"2","#B7AE50"
"SCP_N24.EpiA.GACCAATTCTCCGGTT","SCP259","SCP259_N24",2.35327532794956,7.91791906034293,"2","#B7AE50"
"SCP_N24.EpiA.GACCTGGCATGGTCAT","SCP259","SCP259_N24",3.39973023441319,1.90382700239959,"0","#ED90A4"
"SCP_N24.EpiA.GACCTGGGTCCTCTTG","SCP259","SCP259_N24",5.53441193607334,3.62730064069571,"0","#ED90A4"
"SCP_N24.EpiA.GACGCGTAGTCATCCA","SCP259","SCP259_N24",4.64761260059361,2.68911065732779,"0","#ED90A4"
"SCP_N24.EpiA.GACGCGTAGTGAAGTT","SCP259","SCP259_N24",4.67879918125157,4.84789266263785,"0","#ED90A4"
"SCP_N24.EpiA.GACGCGTGTTCCCGAG","SCP259","SCP259_N24",4.39134982135777,1.23324363505187,"0","#ED90A4"
"SCP_N24.EpiA.GACGGCTGTGCAACTT","SCP259","SCP259_N24",2.58454945590977,5.42893876706901,"2","#B7AE50"
"SCP_N24.EpiA.GACGGCTGTTCACGGC","SCP259","SCP259_N24",3.03412106540684,7.98966350232902,"2","#B7AE50"
"SCP_N24.EpiA.GACGTGCAGCTTTGGT","SCP259","SCP259_N24",5.89677432086949,1.58650310909095,"0","#ED90A4"
"SCP_N24.EpiA.GACGTGCAGTTAGCGG","SCP259","SCP259_N24",2.7786534121323,2.993626972788,"0","#ED90A4"
"SCP_N24.EpiA.GACGTGCCACCATCCT","SCP259","SCP259_N24",3.34869030025486,3.22965767061057,"0","#ED90A4"
"SCP_N24.EpiA.GACGTGCCAGACGCAA","SCP259","SCP259_N24",2.98032310512547,1.7066294161016,"0","#ED90A4"
"SCP_N24.EpiA.GACGTGCCATGGTCTA","SCP259","SCP259_N24",6.10930636432652,5.38327517186942,"2","#B7AE50"
"SCP_N24.EpiA.GACGTGCGTTCACGGC","SCP259","SCP259_N24",3.9354670336533,2.65413703595939,"0","#ED90A4"
"SCP_N24.EpiA.GACGTGCTCAGGCAAG","SCP259","SCP259_N24",3.91132047679905,3.96145548497977,"0","#ED90A4"
"SCP_N24.EpiA.GACGTTACATTTCACT","SCP259","SCP259_N24",4.238955526619,3.22615732824149,"0","#ED90A4"
"SCP_N24.EpiA.GACGTTATCGCAAACT","SCP259","SCP259_N24",2.4084096243668,5.34977616941276,"2","#B7AE50"
"SCP_N24.EpiA.GACGTTATCGTAGGTT","SCP259","SCP259_N24",5.03524401691441,5.40900411283317,"2","#B7AE50"
"SCP_N24.EpiA.GACTAACCAGATGAGC","SCP259","SCP259_N24",2.21871414688114,2.92689575826468,"0","#ED90A4"
"SCP_N24.EpiA.GACTAACGTGAGGCTA","SCP259","SCP259_N24",3.7392521193314,5.05922188436332,"2","#B7AE50"
"SCP_N24.EpiA.GACTAACTCACGATGT","SCP259","SCP259_N24",5.64199021366123,4.02548756276908,"0","#ED90A4"
"SCP_N24.EpiA.GACTAACTCACTATTC","SCP259","SCP259_N24",4.44949629810337,3.88754596387687,"0","#ED90A4"
"SCP_N24.EpiA.GACTACACAACCGCCA","SCP259","SCP259_N24",2.73861053493504,4.04824914609733,"0","#ED90A4"
"SCP_N24.EpiA.GACTACACAGCTGCAC","SCP259","SCP259_N24",3.82152989414219,2.50132562791648,"0","#ED90A4"
"SCP_N24.EpiA.GACTACAGTACGACCC","SCP259","SCP259_N24",4.00619795825962,3.48299278890433,"0","#ED90A4"
"SCP_N24.EpiA.GACTGCGAGGGATCTG","SCP259","SCP259_N24",3.63400271442417,3.72692050611319,"0","#ED90A4"
"SCP_N24.EpiA.GACTGCGAGGTGCAAC","SCP259","SCP259_N24",5.01475527790074,-0.14884255254922,"0","#ED90A4"
"SCP_N24.EpiA.GACTGCGAGTAGTGCG","SCP259","SCP259_N24",4.28827956226353,6.88612451230826,"2","#B7AE50"
"SCP_N24.EpiA.GACTGCGCAGATCCAT","SCP259","SCP259_N24",5.47964289691929,1.37154270162525,"0","#ED90A4"
"SCP_N24.EpiA.GACTGCGCAGGATCGA","SCP259","SCP259_N24",3.85512569454197,2.74719752942862,"0","#ED90A4"
"SCP_N24.EpiA.GAGCAGAAGTGTACGG","SCP259","SCP259_N24",6.52651122119908,1.43762192329111,"0","#ED90A4"
"SCP_N24.EpiA.GAGCAGACACAACGTT","SCP259","SCP259_N24",3.94278815296177,5.68457402860465,"2","#B7AE50"
"SCP_N24.EpiA.GAGCAGAGTCCGAATT","SCP259","SCP259_N24",2.92905858066563,5.2130192724401,"2","#B7AE50"
"SCP_N24.EpiA.GAGCAGATCCCTAACC","SCP259","SCP259_N24",2.53835537937168,2.17248143827262,"0","#ED90A4"
"SCP_N24.EpiA.GAGGTGACATCATCCC","SCP259","SCP259_N24",2.72384861019139,6.59111060773673,"2","#B7AE50"
"SCP_N24.EpiA.GAGGTGAGTCATATCG","SCP259","SCP259_N24",4.54427054431919,2.73755242502036,"0","#ED90A4"
"SCP_N24.EpiA.GAGGTGAGTCGTCTTC","SCP259","SCP259_N24",3.10856631305699,5.79023017560782,"2","#B7AE50"
"SCP_N24.EpiA.GAGTCCGAGGAGTCTG","SCP259","SCP259_N24",4.04685524013523,6.8580593076879,"2","#B7AE50"
"SCP_N24.EpiA.GAGTCCGGTCCAGTGC","SCP259","SCP259_N24",6.54294970539097,1.54372567509952,"0","#ED90A4"
"SCP_N24.EpiA.GATCAGTAGTGTGGCA","SCP259","SCP259_N24",6.42387679126744,5.80206241285148,"2","#B7AE50"
"SCP_N24.EpiA.GATCAGTCAGGAACGT","SCP259","SCP259_N24",3.63191106822972,5.66345395719352,"2","#B7AE50"
"SCP_N24.EpiA.GATCAGTGTGCGAAAC","SCP259","SCP259_N24",5.32415345218662,2.11074288760962,"0","#ED90A4"
"SCP_N24.EpiA.GATCAGTGTGTGTGCC","SCP259","SCP259_N24",3.6767463972855,4.22696127569022,"0","#ED90A4"
"SCP_N24.EpiA.GATCAGTTCGATGAGG","SCP259","SCP259_N24",5.69694092777256,2.13460632240119,"0","#ED90A4"
"SCP_N24.EpiA.GATCGATGTACATCCA","SCP259","SCP259_N24",4.32949593570713,6.65839948331656,"2","#B7AE50"
"SCP_N24.EpiA.GATCGATGTGCGGTAA","SCP259","SCP259_N24",2.02966871765141,8.29586591398063,"2","#B7AE50"
"SCP_N24.EpiA.GATCGATTCTACGAGT","SCP259","SCP259_N24",3.57149699237827,8.09630431806388,"2","#B7AE50"
"SCP_N24.EpiA.GATCGCGAGACTAGAT","SCP259","SCP259_N24",3.55794218090061,4.26443233167472,"0","#ED90A4"
"SCP_N24.EpiA.GATCGCGAGAGACGAA","SCP259","SCP259_N24",4.41718342807774,4.05980529462638,"0","#ED90A4"
"SCP_N24.EpiA.GATCGCGAGCGTCTAT","SCP259","SCP259_N24",3.3136089136887,4.04202165281119,"2","#B7AE50"
"SCP_N24.EpiA.GATCGCGAGCTAGCCC","SCP259","SCP259_N24",3.45621135738377,5.74024762784781,"2","#B7AE50"
"SCP_N24.EpiA.GATCGCGGTGCGATAG","SCP259","SCP259_N24",5.45220711734776,-0.175473311788417,"0","#ED90A4"
"SCP_N24.EpiA.GATCGCGGTGTAACGG","SCP259","SCP259_N24",3.1449339678574,3.39746334230246,"0","#ED90A4"
"SCP_N24.EpiA.GATCGCGGTTCTGAAC","SCP259","SCP259_N24",1.70961132553105,7.53851976072135,"2","#B7AE50"
"SCP_N24.EpiA.GATCGCGTCGCACTCT","SCP259","SCP259_N24",4.28844264057163,3.67015971814933,"0","#ED90A4"
"SCP_N24.EpiA.GATCGTAAGGATCGCA","SCP259","SCP259_N24",3.83910086658482,7.81972636853995,"2","#B7AE50"
"SCP_N24.EpiA.GATCGTAGTCCGTTAA","SCP259","SCP259_N24",4.72836020496372,2.42400862848105,"0","#ED90A4"
"SCP_N24.EpiA.GATCGTAGTGATAAAC","SCP259","SCP259_N24",2.53634622600559,5.35950078641715,"2","#B7AE50"
"SCP_N24.EpiA.GATCTAGAGATAGTCA","SCP259","SCP259_N24",4.64590361621861,1.54573315953555,"0","#ED90A4"
"SCP_N24.EpiA.GATCTAGCACATCCGG","SCP259","SCP259_N24",0.853290646343271,4.93797268544974,"0","#ED90A4"
"SCP_N24.EpiA.GATCTAGGTGATGATA","SCP259","SCP259_N24",4.07800987270359,3.73467149411979,"0","#ED90A4"
"SCP_N24.EpiA.GATGAAAAGGGATGGG","SCP259","SCP259_N24",2.55340197589878,3.49478616391959,"0","#ED90A4"
"SCP_N24.EpiA.GATGAAACATTCTCAT","SCP259","SCP259_N24",5.91903784778599,1.06591441308799,"0","#ED90A4"
"SCP_N24.EpiA.GATGAAAGTCATCGGC","SCP259","SCP259_N24",3.95353057888035,6.70202340757193,"2","#B7AE50"
"SCP_N24.EpiA.GATGAAATCAACTCTT","SCP259","SCP259_N24",6.38746312168125,0.819751462095403,"0","#ED90A4"
"SCP_N24.EpiA.GATGAGGAGAGTACCG","SCP259","SCP259_N24",3.79256632831577,3.89103808080497,"0","#ED90A4"
"SCP_N24.EpiA.GATGAGGCAACACCTA","SCP259","SCP259_N24",1.26027968433384,3.7818178144628,"0","#ED90A4"
"SCP_N24.EpiA.GATGAGGCAAGAGGCT","SCP259","SCP259_N24",3.14492419269566,4.13307394658866,"0","#ED90A4"
"SCP_N24.EpiA.GATGAGGCACTAAGTC","SCP259","SCP259_N24",5.1030969908524,1.74639322435203,"0","#ED90A4"
"SCP_N24.EpiA.GATGCTAAGTCGATAA","SCP259","SCP259_N24",3.27604630496983,7.92328729306998,"2","#B7AE50"
"SCP_N24.EpiA.GATGCTACAATAGCGG","SCP259","SCP259_N24",4.05128028896336,3.48508157407584,"0","#ED90A4"
"SCP_N24.EpiA.GATGCTACATTCGACA","SCP259","SCP259_N24",2.69790080097202,3.61922063504996,"0","#ED90A4"
"SCP_N24.EpiA.GATGCTAGTGCAGTAG","SCP259","SCP259_N24",5.64045861270909,2.15204860841575,"0","#ED90A4"
"SCP_N24.EpiA.GATGCTATCGGCTACG","SCP259","SCP259_N24",5.35147192981724,5.25292553579154,"2","#B7AE50"
"SCP_N24.EpiA.GATTCAGCAAAGGAAG","SCP259","SCP259_N24",3.03800442722325,7.77735318815055,"2","#B7AE50"
"SCP_N24.EpiA.GATTCAGCACACCGAC","SCP259","SCP259_N24",4.20591857936863,5.13311304723563,"0","#ED90A4"
"SCP_N24.EpiA.GATTCAGCAGCTCGCA","SCP259","SCP259_N24",5.09284594562535,3.02912285005393,"0","#ED90A4"
"SCP_N24.EpiA.GATTCAGTCCTCGCAT","SCP259","SCP259_N24",2.38348224666599,1.47077993130031,"0","#ED90A4"
"SCP_N24.EpiA.GATTCAGTCTCACATT","SCP259","SCP259_N24",4.75804951694493,2.11208488618674,"0","#ED90A4"
"SCP_N24.EpiA.GATTCAGTCTCTAGGA","SCP259","SCP259_N24",3.36872604396824,3.59174599325004,"0","#ED90A4"
"SCP_N24.EpiA.GCAAACTCACGGTAGA","SCP259","SCP259_N24",2.93592861202244,6.15160884534659,"2","#B7AE50"
"SCP_N24.EpiA.GCAAACTGTACCGAGA","SCP259","SCP259_N24",5.06296637561802,2.04662581359687,"0","#ED90A4"
"SCP_N24.EpiA.GCAATCACACAACTGT","SCP259","SCP259_N24",3.48430898693089,3.73941244756522,"0","#ED90A4"
"SCP_N24.EpiA.GCAATCACACGGCGTT","SCP259","SCP259_N24",3.97504928615574,7.0191511121923,"2","#B7AE50"
"SCP_N24.EpiA.GCAATCAGTGAAGGCT","SCP259","SCP259_N24",4.38711598423008,5.14873637830558,"2","#B7AE50"
"SCP_N24.EpiA.GCAATCAGTGTTCTTT","SCP259","SCP259_N24",3.31587174442295,7.65431584989371,"2","#B7AE50"
"SCP_N24.EpiA.GCAATCAGTTCGAATC","SCP259","SCP259_N24",3.57255151775364,7.39146365796866,"2","#B7AE50"
"SCP_N24.EpiA.GCAATCATCCTTGGTC","SCP259","SCP259_N24",6.63977816608433,0.0741437879735463,"0","#ED90A4"
"SCP_N24.EpiA.GCAATCATCTGATACG","SCP259","SCP259_N24",4.31056883838658,2.06670095598044,"0","#ED90A4"
"SCP_N24.EpiA.GCACATAAGCCCGAAA","SCP259","SCP259_N24",4.20479467418675,2.0045311657125,"0","#ED90A4"
"SCP_N24.EpiA.GCACATAGTAGAGCTG","SCP259","SCP259_N24",6.56733515766148,5.89166154538932,"2","#B7AE50"
"SCP_N24.EpiA.GCACTCTAGAGTTGGC","SCP259","SCP259_N24",3.53396084812168,3.46693267499747,"0","#ED90A4"
"SCP_N24.EpiA.GCACTCTCAGATCTGT","SCP259","SCP259_N24",2.89379170444493,3.86360301648917,"0","#ED90A4"
"SCP_N24.EpiA.GCACTCTCATTCTCAT","SCP259","SCP259_N24",2.26175692584995,7.35708226835074,"2","#B7AE50"
"SCP_N24.EpiA.GCACTCTGTCCGAGTC","SCP259","SCP259_N24",6.56903031375889,5.87575854932609,"2","#B7AE50"
"SCP_N24.EpiA.GCACTCTTCCGATATG","SCP259","SCP259_N24",2.6295268824387,6.82927217161002,"2","#B7AE50"
"SCP_N24.EpiA.GCAGCCACAAAGTCAA","SCP259","SCP259_N24",5.54547884967808,1.89567114984336,"0","#ED90A4"
"SCP_N24.EpiA.GCAGCCACATCGGAAG","SCP259","SCP259_N24",3.37496164348606,7.16168489133658,"2","#B7AE50"
"SCP_N24.EpiA.GCAGCCAGTAGGCTGA","SCP259","SCP259_N24",5.42901995685581,1.58404653345885,"0","#ED90A4"
"SCP_N24.EpiA.GCAGCCATCGTTGACA","SCP259","SCP259_N24",2.6870847037125,7.46767177259269,"2","#B7AE50"
"SCP_N24.EpiA.GCAGTTACAACTGCGC","SCP259","SCP259_N24",5.11878827121739,3.07872666990104,"0","#ED90A4"
"SCP_N24.EpiA.GCAGTTAGTGACGCCT","SCP259","SCP259_N24",3.53547981288914,7.83601560270133,"2","#B7AE50"
"SCP_N24.EpiA.GCAGTTATCTGGCGAC","SCP259","SCP259_N24",1.72856476810459,3.71758308088126,"0","#ED90A4"
"SCP_N24.EpiA.GCAGTTATCTTACCTA","SCP259","SCP259_N24",2.89689877536778,6.78448142682853,"2","#B7AE50"
"SCP_N24.EpiA.GCATACAAGCAAATCA","SCP259","SCP259_N24",5.80643799808506,1.15436764633002,"0","#ED90A4"
"SCP_N24.EpiA.GCATACAAGCCACTAT","SCP259","SCP259_N24",2.45066264179234,5.1853207555944,"0","#ED90A4"
"SCP_N24.EpiA.GCATACAAGGCCCTTG","SCP259","SCP259_N24",3.87125137355808,5.56406774198356,"2","#B7AE50"
"SCP_N24.EpiA.GCATACAGTTCCGGCA","SCP259","SCP259_N24",3.73101952579502,3.07148410951438,"0","#ED90A4"
"SCP_N24.EpiA.GCATGATAGCGTTTAC","SCP259","SCP259_N24",4.61376717594151,6.05595769559684,"2","#B7AE50"
"SCP_N24.EpiA.GCATGATAGTCATGCT","SCP259","SCP259_N24",3.23738196399693,4.21030416166129,"0","#ED90A4"
"SCP_N24.EpiA.GCATGATAGTGACATA","SCP259","SCP259_N24",4.75407650974278,1.61859278952422,"0","#ED90A4"
"SCP_N24.EpiA.GCATGCGCAGCCTTGG","SCP259","SCP259_N24",3.41902592685703,6.06112088834586,"2","#B7AE50"
"SCP_N24.EpiA.GCATGCGGTATTAGCC","SCP259","SCP259_N24",4.17431953456883,1.79914145743194,"0","#ED90A4"
"SCP_N24.EpiA.GCATGCGGTCAAAGCG","SCP259","SCP259_N24",3.50886061695103,3.82159270917716,"0","#ED90A4"
"SCP_N24.EpiA.GCATGCGGTGTGGTTT","SCP259","SCP259_N24",2.87110093143467,7.88204993879142,"2","#B7AE50"
"SCP_N24.EpiA.GCATGCGTCGACGGAA","SCP259","SCP259_N24",4.85861781147007,2.23949267541709,"0","#ED90A4"
"SCP_N24.EpiA.GCATGTAAGAGTCGGT","SCP259","SCP259_N24",5.39252093341831,3.63264836942496,"0","#ED90A4"
"SCP_N24.EpiA.GCATGTACAACGATGG","SCP259","SCP259_N24",6.32992699649815,1.04126965081038,"0","#ED90A4"
"SCP_N24.EpiA.GCATGTACACTGAAGG","SCP259","SCP259_N24",2.51593330410008,7.22945441877189,"2","#B7AE50"
"SCP_N24.EpiA.GCATGTACAGTAAGCG","SCP259","SCP259_N24",4.71090939548496,1.84990795528235,"0","#ED90A4"
"SCP_N24.EpiA.GCATGTAGTTCTGTTT","SCP259","SCP259_N24",1.98677161243443,8.10669936811271,"2","#B7AE50"
"SCP_N24.EpiA.GCATGTATCTGCTTGC","SCP259","SCP259_N24",2.34785774257664,4.52547349607291,"0","#ED90A4"
"SCP_N24.EpiA.GCCAAATAGTTGAGTA","SCP259","SCP259_N24",3.5163779547501,5.86592044507804,"2","#B7AE50"
"SCP_N24.EpiA.GCCAAATCAAGCCGTC","SCP259","SCP259_N24",3.78147271183018,1.11279942666831,"0","#ED90A4"
"SCP_N24.EpiA.GCCAAATGTCCTCCAT","SCP259","SCP259_N24",5.61025908496861,-0.478293636686183,"0","#ED90A4"
"SCP_N24.EpiA.GCCAAATGTCTTGATG","SCP259","SCP259_N24",3.90337064769749,2.72599138891044,"0","#ED90A4"
"SCP_N24.EpiA.GCCAAATTCTTCAACT","SCP259","SCP259_N24",3.08412006404881,4.57475199376883,"0","#ED90A4"
"SCP_N24.EpiA.GCCTCTAAGCTAGTGG","SCP259","SCP259_N24",2.73516228702549,7.17103995954337,"2","#B7AE50"
"SCP_N24.EpiA.GCCTCTACACCGAAAG","SCP259","SCP259_N24",4.92913630512242,2.464379092806,"0","#ED90A4"
"SCP_N24.EpiA.GCCTCTACACGCATCG","SCP259","SCP259_N24",6.31431105640415,1.11049442564788,"0","#ED90A4"
"SCP_N24.EpiA.GCCTCTAGTGGAAAGA","SCP259","SCP259_N24",2.23029139545445,5.60630263959708,"2","#B7AE50"
"SCP_N24.EpiA.GCCTCTATCATGCATG","SCP259","SCP259_N24",4.09020808246617,3.70683684026542,"0","#ED90A4"
"SCP_N24.EpiA.GCGACCAAGGTGCACA","SCP259","SCP259_N24",3.62051919010166,6.82274999296012,"2","#B7AE50"
"SCP_N24.EpiA.GCGACCAAGGTGGGTT","SCP259","SCP259_N24",3.8779878905106,3.1132935491735,"0","#ED90A4"
"SCP_N24.EpiA.GCGACCATCGGCGCTA","SCP259","SCP259_N24",2.3719425490189,4.17218079244437,"0","#ED90A4"
"SCP_N24.EpiA.GCGACCATCGGCTTGG","SCP259","SCP259_N24",3.00792601612095,7.82620753919425,"2","#B7AE50"
"SCP_N24.EpiA.GCGACCATCGGTTAAC","SCP259","SCP259_N24",4.59003975894932,0.747285446279668,"0","#ED90A4"
"SCP_N24.EpiA.GCGAGAACAGTCAGAG","SCP259","SCP259_N24",5.90439179447178,5.43195190107169,"2","#B7AE50"
"SCP_N24.EpiA.GCGAGAAGTAAATACG","SCP259","SCP259_N24",5.66729167011265,2.12759288226905,"0","#ED90A4"
"SCP_N24.EpiA.GCGAGAAGTCCGTTAA","SCP259","SCP259_N24",1.8054473688889,4.71920861875358,"0","#ED90A4"
"SCP_N24.EpiA.GCGAGAAGTTCATGGT","SCP259","SCP259_N24",4.60192730930332,2.39348574554267,"0","#ED90A4"
"SCP_N24.EpiA.GCGAGAATCATGCTCC","SCP259","SCP259_N24",3.40665820148472,2.91414620553794,"0","#ED90A4"
"SCP_N24.EpiA.GCGAGAATCCAGGGCT","SCP259","SCP259_N24",2.35332778003697,7.44176330243888,"2","#B7AE50"
"SCP_N24.EpiA.GCGAGAATCCCAGGTG","SCP259","SCP259_N24",3.20911934879307,7.3789013830358,"2","#B7AE50"
"SCP_N24.EpiA.GCGAGAATCCTATGTT","SCP259","SCP259_N24",6.30037644412998,5.6536668745214,"2","#B7AE50"
"SCP_N24.EpiA.GCGCAACAGGTACTCT","SCP259","SCP259_N24",3.27699044254307,6.29110421811881,"2","#B7AE50"
"SCP_N24.EpiA.GCGCAACCAAACTGCT","SCP259","SCP259_N24",2.48602536228184,6.9275983778173,"2","#B7AE50"
"SCP_N24.EpiA.GCGCAACCACAGATTC","SCP259","SCP259_N24",5.63763430622105,2.799584170931,"0","#ED90A4"
"SCP_N24.EpiA.GCGCAACCACCAGATT","SCP259","SCP259_N24",1.62015572097782,6.93816747342887,"2","#B7AE50"
"SCP_N24.EpiA.GCGCAGTAGATGGCGT","SCP259","SCP259_N24",4.14414527919773,5.39226832067313,"2","#B7AE50"
"SCP_N24.EpiA.GCGCAGTCACGGCTAC","SCP259","SCP259_N24",6.58042529132847,0.301589867227697,"0","#ED90A4"
"SCP_N24.EpiA.GCGCAGTGTCTTGATG","SCP259","SCP259_N24",3.57623985317234,1.6746087876493,"0","#ED90A4"
"SCP_N24.EpiA.GCGCCAAAGATATACG","SCP259","SCP259_N24",2.95885851886753,3.81626834546866,"0","#ED90A4"
"SCP_N24.EpiA.GCGCCAAAGTGGACGT","SCP259","SCP259_N24",2.83481195476536,3.55419792806449,"0","#ED90A4"
"SCP_N24.EpiA.GCGCCAACAAGTTGTC","SCP259","SCP259_N24",3.22321632411961,1.99113663112464,"0","#ED90A4"
"SCP_N24.EpiA.GCGCCAACATACTACG","SCP259","SCP259_N24",3.11730983760838,2.2182780114347,"0","#ED90A4"
"SCP_N24.EpiA.GCGCCAAGTACTCGCG","SCP259","SCP259_N24",2.9826238444138,4.32767929708304,"0","#ED90A4"
"SCP_N24.EpiA.GCGCCAAGTGTCTGAT","SCP259","SCP259_N24",2.14921358135227,2.09293445026221,"0","#ED90A4"
"SCP_N24.EpiA.GCGCGATAGTAGATGT","SCP259","SCP259_N24",2.57310250308994,7.16319503461661,"2","#B7AE50"
"SCP_N24.EpiA.GCGCGATCATGGTAGG","SCP259","SCP259_N24",2.1331969788361,4.33833517705741,"0","#ED90A4"
"SCP_N24.EpiA.GCGCGATGTACCATCA","SCP259","SCP259_N24",4.13894966152195,6.66454782163443,"2","#B7AE50"
"SCP_N24.EpiA.GCGCGATTCAACTCTT","SCP259","SCP259_N24",3.56142356899265,3.066580554598,"0","#ED90A4"
"SCP_N24.EpiA.GCGCGATTCGGCTACG","SCP259","SCP259_N24",6.44101098087315,5.77251329099479,"2","#B7AE50"
"SCP_N24.EpiA.GCGCGATTCTGTCTCG","SCP259","SCP259_N24",6.0056619932938,5.38103713666739,"2","#B7AE50"
"SCP_N24.EpiA.GCGGGTTAGAATGTGT","SCP259","SCP259_N24",3.09591320064549,8.14021100675406,"2","#B7AE50"
"SCP_N24.EpiA.GCGGGTTAGCTACCGC","SCP259","SCP259_N24",5.22236683872227,2.04717501079383,"0","#ED90A4"
"SCP_N24.EpiA.GCGGGTTCATTGCGGC","SCP259","SCP259_N24",4.11219766643528,3.34325494443717,"0","#ED90A4"
"SCP_N24.EpiA.GCGGGTTTCGTCGTTC","SCP259","SCP259_N24",6.47664073017124,0.717732807748937,"0","#ED90A4"
"SCP_N24.EpiA.GCTCTGTAGCTTCGCG","SCP259","SCP259_N24",4.24628737476353,2.65546168958487,"0","#ED90A4"
"SCP_N24.EpiA.GCTCTGTAGTGCGATG","SCP259","SCP259_N24",2.48450758960728,7.30114068662467,"2","#B7AE50"
"SCP_N24.EpiA.GCTCTGTCAGATCCAT","SCP259","SCP259_N24",1.04946508911137,5.23025955831351,"0","#ED90A4"
"SCP_N24.EpiA.GCTCTGTGTAATCACC","SCP259","SCP259_N24",2.11255100276951,2.32523765241446,"0","#ED90A4"
"SCP_N24.EpiA.GCTCTGTGTACTCTCC","SCP259","SCP259_N24",2.73056319263462,8.1526674238378,"2","#B7AE50"
"SCP_N24.EpiA.GCTCTGTTCACAGGCC","SCP259","SCP259_N24",4.52434065845494,2.68615307485404,"0","#ED90A4"
"SCP_N24.EpiA.GCTCTGTTCCACGCAG","SCP259","SCP259_N24",3.2648504069138,5.03229536687674,"0","#ED90A4"
"SCP_N24.EpiA.GCTCTGTTCCTTAATC","SCP259","SCP259_N24",2.08330991771702,5.8206008878881,"2","#B7AE50"
"SCP_N24.EpiA.GCTGCAGAGTCCGTAT","SCP259","SCP259_N24",4.40746548679356,2.44334211026969,"0","#ED90A4"
"SCP_N24.EpiA.GCTGCAGCAACTTGAC","SCP259","SCP259_N24",6.37444928195957,0.7099737731153,"0","#ED90A4"
"SCP_N24.EpiA.GCTGCAGCAGAGTGTG","SCP259","SCP259_N24",5.30146410968785,3.97816862737479,"0","#ED90A4"
"SCP_N24.EpiA.GCTGCAGTCGGGAGTA","SCP259","SCP259_N24",2.02803233173374,4.62151374494376,"0","#ED90A4"
"SCP_N24.EpiA.GCTGCAGTCTCAAACG","SCP259","SCP259_N24",4.35995772388462,1.02069201146903,"0","#ED90A4"
"SCP_N24.EpiA.GCTGCGAGTCTTGATG","SCP259","SCP259_N24",3.19800808933262,3.59801330243888,"0","#ED90A4"
"SCP_N24.EpiA.GCTGCGATCTAGCACA","SCP259","SCP259_N24",5.92362120655064,5.37450709020438,"2","#B7AE50"
"SCP_N24.EpiA.GCTGCTTAGGATGGTC","SCP259","SCP259_N24",3.40262105968479,7.33460225736442,"2","#B7AE50"
"SCP_N24.EpiA.GCTGCTTAGTGGTCCC","SCP259","SCP259_N24",3.91436627414707,6.12372388517203,"2","#B7AE50"
"SCP_N24.EpiA.GCTGCTTCAAGCTGTT","SCP259","SCP259_N24",4.86084750202183,1.06711458241286,"0","#ED90A4"
"SCP_N24.EpiA.GCTGCTTGTTACCGAT","SCP259","SCP259_N24",3.53727272060398,3.38328053628745,"0","#ED90A4"
"SCP_N24.EpiA.GCTGCTTTCCAATGGT","SCP259","SCP259_N24",4.31399872806553,3.95062341367545,"0","#ED90A4"
"SCP_N24.EpiA.GCTGGGTAGCCCTAAT","SCP259","SCP259_N24",4.56051733997349,1.16856828903499,"0","#ED90A4"
"SCP_N24.EpiA.GCTGGGTCATACTCTT","SCP259","SCP259_N24",3.3913152506638,5.63799848234,"2","#B7AE50"
"SCP_N24.EpiA.GCTGGGTGTCGCGTGT","SCP259","SCP259_N24",3.3524637511063,7.39743795072379,"2","#B7AE50"
"SCP_N24.EpiA.GCTTCCAGTTACGGAG","SCP259","SCP259_N24",4.42353346851353,2.96780945932212,"0","#ED90A4"
"SCP_N24.EpiA.GCTTCCAGTTCAGACT","SCP259","SCP259_N24",3.1555221369553,8.30977954541984,"2","#B7AE50"
"SCP_N24.EpiA.GCTTGAAGTCAACATC","SCP259","SCP259_N24",1.2385094454575,3.6598547903234,"0","#ED90A4"
"SCP_N24.EpiA.GCTTGAAGTCGCATCG","SCP259","SCP259_N24",3.19751670864109,7.83281507169547,"2","#B7AE50"
"SCP_N24.EpiA.GCTTGAATCGCCGTGA","SCP259","SCP259_N24",2.13674417045597,3.25529863511863,"0","#ED90A4"
"SCP_N24.EpiA.GGAAAGCCAATCTACG","SCP259","SCP259_N24",0.71907469537739,3.95368327771964,"0","#ED90A4"
"SCP_N24.EpiA.GGAAAGCCAGTCGATT","SCP259","SCP259_N24",5.39863732364659,-0.300218442327357,"0","#ED90A4"
"SCP_N24.EpiA.GGAAAGCGTACCGCTG","SCP259","SCP259_N24",2.14451923873905,7.9414857832128,"2","#B7AE50"
"SCP_N24.EpiA.GGAAAGCGTTGGTAAA","SCP259","SCP259_N24",3.04126718547825,4.03310789739432,"0","#ED90A4"
"SCP_N24.EpiA.GGAAAGCTCCTCTAGC","SCP259","SCP259_N24",2.81329920795445,4.35103144323172,"0","#ED90A4"
"SCP_N24.EpiA.GGAACTTAGAGGTTGC","SCP259","SCP259_N24",4.05678799655918,4.53061093961539,"0","#ED90A4"
"SCP_N24.EpiA.GGAACTTCAAGCCGTC","SCP259","SCP259_N24",3.26703217533116,6.1360625234777,"2","#B7AE50"
"SCP_N24.EpiA.GGAACTTGTTCGCGAC","SCP259","SCP259_N24",3.23893406894688,3.59091725026908,"0","#ED90A4"
"SCP_N24.EpiA.GGAACTTTCCTCAACC","SCP259","SCP259_N24",3.68264129665379,1.63751598274054,"0","#ED90A4"
"SCP_N24.EpiA.GGAATAAAGAGTCTGG","SCP259","SCP259_N24",5.66444876697544,1.04813917552771,"0","#ED90A4"
"SCP_N24.EpiA.GGAATAAAGGCAGTCA","SCP259","SCP259_N24",1.72670248058323,7.95755519544425,"2","#B7AE50"
"SCP_N24.EpiA.GGAATAAAGGTGATAT","SCP259","SCP259_N24",1.23648562934879,3.39042248403373,"0","#ED90A4"
"SCP_N24.EpiA.GGAATAACACGACTCG","SCP259","SCP259_N24",4.09600165393833,3.38463284646811,"0","#ED90A4"
"SCP_N24.EpiA.GGAATAACAGTCGATT","SCP259","SCP259_N24",6.43146279361729,0.627839764707708,"0","#ED90A4"
"SCP_N24.EpiA.GGAATAAGTATCAGTC","SCP259","SCP259_N24",4.74954751041416,2.96418931161704,"0","#ED90A4"
"SCP_N24.EpiA.GGAATAAGTCCGAAGA","SCP259","SCP259_N24",3.96557119396214,5.15813388501944,"0","#ED90A4"
"SCP_N24.EpiA.GGACAAGAGAGTCGGT","SCP259","SCP259_N24",2.90276029613499,8.21251907026114,"2","#B7AE50"
"SCP_N24.EpiA.GGACAGAAGAGCTATA","SCP259","SCP259_N24",2.94119170215611,3.40096809541526,"0","#ED90A4"
"SCP_N24.EpiA.GGACAGATCAGGCAAG","SCP259","SCP259_N24",2.31716087368015,5.90974273359122,"2","#B7AE50"
"SCP_N24.EpiA.GGACAGATCCCTCTTT","SCP259","SCP259_N24",5.36758235004429,3.00400283014121,"0","#ED90A4"
"SCP_N24.EpiA.GGACAGATCGGCGGTT","SCP259","SCP259_N24",1.24557498004917,2.94023134385886,"0","#ED90A4"
"SCP_N24.EpiA.GGACAGATCTGCGGCA","SCP259","SCP259_N24",3.41297104862217,4.30698790227714,"0","#ED90A4"
"SCP_N24.EpiA.GGACATTCACGAAACG","SCP259","SCP259_N24",3.10358789470677,6.4356173483068,"2","#B7AE50"
"SCP_N24.EpiA.GGACATTCACGAAATA","SCP259","SCP259_N24",4.16089180019383,3.88935079252067,"0","#ED90A4"
"SCP_N24.EpiA.GGACATTGTAGAAAGG","SCP259","SCP259_N24",2.58382108715061,5.8683189359838,"2","#B7AE50"
"SCP_N24.EpiA.GGACATTGTATCGCAT","SCP259","SCP259_N24",4.25318148639683,5.4608048406774,"0","#ED90A4"
"SCP_N24.EpiA.GGACATTGTTCGTTGA","SCP259","SCP259_N24",5.40666583087925,1.66811235820594,"0","#ED90A4"
"SCP_N24.EpiA.GGACATTTCATAAAGG","SCP259","SCP259_N24",2.92731025722508,3.34736206209006,"0","#ED90A4"
"SCP_N24.EpiA.GGACATTTCGGCCGAT","SCP259","SCP259_N24",3.43896868732456,5.75814571058097,"2","#B7AE50"
"SCP_N24.EpiA.GGACGTCCAAATTGCC","SCP259","SCP259_N24",3.55135658290867,1.4617973399693,"0","#ED90A4"
"SCP_N24.EpiA.GGAGCAACAAGGACAC","SCP259","SCP259_N24",4.33388951328282,7.24133863126578,"2","#B7AE50"
"SCP_N24.EpiA.GGAGCAACAGGGAGAG","SCP259","SCP259_N24",5.12092402484898,5.4688147512609,"2","#B7AE50"
"SCP_N24.EpiA.GGAGCAAGTACATCCA","SCP259","SCP259_N24",6.4303937247086,0.863387843721532,"0","#ED90A4"
"SCP_N24.EpiA.GGAGCAAGTCTAAACC","SCP259","SCP259_N24",4.1900737574387,7.63726129209342,"2","#B7AE50"
"SCP_N24.EpiA.GGAGCAAGTCTCACCT","SCP259","SCP259_N24",3.66318896320347,2.61034800683799,"0","#ED90A4"
"SCP_N24.EpiA.GGAGCAATCACATAGC","SCP259","SCP259_N24",6.03399518039707,1.89760305558982,"0","#ED90A4"
"SCP_N24.EpiA.GGAGCAATCGTCACGG","SCP259","SCP259_N24",4.16740444210057,6.70057286893668,"2","#B7AE50"
"SCP_N24.EpiA.GGATGTTAGATATGGT","SCP259","SCP259_N24",3.86690285709385,6.81472625409903,"2","#B7AE50"
"SCP_N24.EpiA.GGATGTTGTCTCTTTA","SCP259","SCP259_N24",5.63142684009556,2.22690435325446,"0","#ED90A4"
"SCP_N24.EpiA.GGATGTTGTTACCGAT","SCP259","SCP259_N24",3.78836467769627,2.00339170371833,"0","#ED90A4"
"SCP_N24.EpiA.GGATTACCATTAGCCA","SCP259","SCP259_N24",1.085027127533,2.71292283212485,"0","#ED90A4"
"SCP_N24.EpiA.GGATTACGTAATCACC","SCP259","SCP259_N24",2.04738929775242,2.41844131624045,"0","#ED90A4"
"SCP_N24.EpiA.GGATTACGTCTAACGT","SCP259","SCP259_N24",3.00110462215428,6.94223680173697,"2","#B7AE50"
"SCP_N24.EpiA.GGATTACTCAAACCGT","SCP259","SCP259_N24",6.07025959995274,1.47438400810304,"0","#ED90A4"
"SCP_N24.EpiA.GGCAATTCATCCGTGG","SCP259","SCP259_N24",2.05576136615757,2.06458165323081,"0","#ED90A4"
"SCP_N24.EpiA.GGCAATTGTACAGACG","SCP259","SCP259_N24",4.16432550457005,4.12867607747855,"0","#ED90A4"
"SCP_N24.EpiA.GGCAATTTCAAAGTAG","SCP259","SCP259_N24",2.51211860683445,7.21168079053702,"2","#B7AE50"
"SCP_N24.EpiA.GGCAATTTCAACGGGA","SCP259","SCP259_N24",4.24890378025059,1.50475663518252,"0","#ED90A4"
"SCP_N24.EpiA.GGCAATTTCCGTAGGC","SCP259","SCP259_N24",2.07970753219608,8.0076707807714,"2","#B7AE50"
"SCP_N24.EpiA.GGCCGATGTATATGGA","SCP259","SCP259_N24",3.52325370815281,6.01667537366691,"2","#B7AE50"
"SCP_N24.EpiA.GGCCGATGTCTCCACT","SCP259","SCP259_N24",4.97471383121495,4.5481010881597,"0","#ED90A4"
"SCP_N24.EpiA.GGCCGATTCAACACGT","SCP259","SCP259_N24",2.4192374041367,7.39191283857169,"2","#B7AE50"
"SCP_N24.EpiA.GGCCGATTCAATAAGG","SCP259","SCP259_N24",3.73799469974522,1.39038957202526,"0","#ED90A4"
"SCP_N24.EpiA.GGCCGATTCCCAAGTA","SCP259","SCP259_N24",4.21879580524449,1.75441112195792,"0","#ED90A4"
"SCP_N24.EpiA.GGCGACTAGGCATGGT","SCP259","SCP259_N24",4.04926779773716,1.20796663140597,"0","#ED90A4"
"SCP_N24.EpiA.GGCGACTCAAGCTGTT","SCP259","SCP259_N24",4.30414727237705,6.26371230756583,"2","#B7AE50"
"SCP_N24.EpiA.GGCGACTCACTAAGTC","SCP259","SCP259_N24",1.56796732452397,7.90418948804679,"2","#B7AE50"
"SCP_N24.EpiA.GGCGACTTCTGGTGTA","SCP259","SCP259_N24",5.05804207828526,4.12257685338797,"0","#ED90A4"
"SCP_N24.EpiA.GGCGTGTCATCGATTG","SCP259","SCP259_N24",2.50237038639073,7.58768596326652,"2","#B7AE50"
"SCP_N24.EpiA.GGCGTGTGTCAATACC","SCP259","SCP259_N24",3.60816290882115,5.95103540098014,"2","#B7AE50"
"SCP_N24.EpiA.GGCGTGTGTCTAGTCA","SCP259","SCP259_N24",5.03614237812046,5.4774702993566,"2","#B7AE50"
"SCP_N24.EpiA.GGCGTGTTCCGAGCCA","SCP259","SCP259_N24",2.86456754711155,3.6081277338201,"0","#ED90A4"
"SCP_N24.EpiA.GGCGTGTTCTTGTTTG","SCP259","SCP259_N24",2.39356401470188,5.20962323819938,"2","#B7AE50"
"SCP_N24.EpiA.GGCTCGAAGTATCTCG","SCP259","SCP259_N24",4.80763676670079,0.826969107740545,"0","#ED90A4"
"SCP_N24.EpiA.GGCTCGACAAAGCGGT","SCP259","SCP259_N24",6.01835063007359,1.54605718528571,"0","#ED90A4"
"SCP_N24.EpiA.GGCTCGACACGCCAGT","SCP259","SCP259_N24",6.03878310230259,-0.0599813255136974,"0","#ED90A4"
"SCP_N24.EpiA.GGCTCGACATGGGAAC","SCP259","SCP259_N24",2.37171342876438,3.05629505788627,"0","#ED90A4"
"SCP_N24.EpiA.GGCTGGTAGTCCGTAT","SCP259","SCP259_N24",2.60080817249302,4.06775798475089,"0","#ED90A4"
"SCP_N24.EpiA.GGCTGGTGTCACCTAA","SCP259","SCP259_N24",3.00501587894444,6.50414933835807,"2","#B7AE50"
"SCP_N24.EpiA.GGCTGGTTCCCAAGAT","SCP259","SCP259_N24",5.68169978168492,1.10039078270736,"0","#ED90A4"
"SCP_N24.EpiA.GGGAATGCAGTGACAG","SCP259","SCP259_N24",2.54313281085972,7.79065313016715,"2","#B7AE50"
"SCP_N24.EpiA.GGGAATGCATTTCAGG","SCP259","SCP259_N24",3.53493693378452,4.4090014902288,"0","#ED90A4"
"SCP_N24.EpiA.GGGAATGTCGAATGCT","SCP259","SCP259_N24",5.13756564167027,1.50123848592582,"0","#ED90A4"
"SCP_N24.EpiA.GGGAATGTCTACTATC","SCP259","SCP259_N24",6.3430872252274,1.2122636941606,"0","#ED90A4"
"SCP_N24.EpiA.GGGACCTAGCTTTGGT","SCP259","SCP259_N24",5.92775252368931,5.01518954908194,"2","#B7AE50"
"SCP_N24.EpiA.GGGACCTCAGCTGTGC","SCP259","SCP259_N24",4.2930007269669,3.50478233968558,"0","#ED90A4"
"SCP_N24.EpiA.GGGACCTGTTGCTCCT","SCP259","SCP259_N24",2.44958713558201,4.84425367986503,"2","#B7AE50"
"SCP_N24.EpiA.GGGAGATAGTAGCCGA","SCP259","SCP259_N24",5.5974850943375,2.77080490266623,"0","#ED90A4"
"SCP_N24.EpiA.GGGAGATGTGTGACGA","SCP259","SCP259_N24",4.50678017642979,3.92433585798087,"0","#ED90A4"
"SCP_N24.EpiA.GGGAGATTCTCTAGGA","SCP259","SCP259_N24",3.79148247745518,2.66417350446525,"0","#ED90A4"
"SCP_N24.EpiA.GGGATGACACGCGAAA","SCP259","SCP259_N24",5.16891387012486,0.560165425890111,"0","#ED90A4"
"SCP_N24.EpiA.GGGATGAGTCCGAATT","SCP259","SCP259_N24",5.30460026767735,2.5378586260015,"0","#ED90A4"
"SCP_N24.EpiA.GGGATGATCACATAGC","SCP259","SCP259_N24",2.70915177371983,6.9926036802465,"2","#B7AE50"
"SCP_N24.EpiA.GGGATGATCACATGCA","SCP259","SCP259_N24",6.25098374393467,5.59307613050284,"2","#B7AE50"
"SCP_N24.EpiA.GGGATGATCCAGTAGT","SCP259","SCP259_N24",1.98212030437473,2.81607761060538,"0","#ED90A4"
"SCP_N24.EpiA.GGGATGATCTGAAAGA","SCP259","SCP259_N24",6.3032055189896,5.70679797803702,"2","#B7AE50"
"SCP_N24.EpiA.GGGATGATCTGTACGA","SCP259","SCP259_N24",2.24386957195286,6.51247634565177,"2","#B7AE50"
"SCP_N24.EpiA.GGGCACTCAAACTGCT","SCP259","SCP259_N24",1.77654316928868,7.93777742063346,"2","#B7AE50"
"SCP_N24.EpiA.GGGCACTCAAAGGAAG","SCP259","SCP259_N24",2.83689978626255,3.54295601522269,"0","#ED90A4"
"SCP_N24.EpiA.GGGCACTCAATCTACG","SCP259","SCP259_N24",1.3609916260529,3.15594758664908,"0","#ED90A4"
"SCP_N24.EpiA.GGGCACTCAGCTGTAT","SCP259","SCP259_N24",4.24206498172764,5.75119867002311,"0","#ED90A4"
"SCP_N24.EpiA.GGGCACTCATCTATGG","SCP259","SCP259_N24",1.67305293586735,3.24496366655173,"0","#ED90A4"
"SCP_N24.EpiA.GGGCACTGTCCGCTGA","SCP259","SCP259_N24",4.23369982746128,7.25764360105338,"2","#B7AE50"
"SCP_N24.EpiA.GGGCACTTCATACGGT","SCP259","SCP259_N24",4.26118567493443,6.57906570112052,"2","#B7AE50"
"SCP_N24.EpiA.GGGCACTTCCCACTTG","SCP259","SCP259_N24",4.02114108112339,3.47004832898917,"0","#ED90A4"
"SCP_N24.EpiA.GGGCACTTCGGCCGAT","SCP259","SCP259_N24",3.07715395000462,4.16525044118705,"0","#ED90A4"
"SCP_N24.EpiA.GGGCATCAGCGTTTAC","SCP259","SCP259_N24",4.11772468593601,2.45934595739188,"0","#ED90A4"
"SCP_N24.EpiA.GGGCATCGTGATAAGT","SCP259","SCP259_N24",1.49270227458958,3.42009224569144,"0","#ED90A4"
"SCP_N24.EpiA.GGGCATCGTTAAGGGC","SCP259","SCP259_N24",5.51735928562168,2.86214258348288,"0","#ED90A4"
"SCP_N24.EpiA.GGGCATCTCAACGGCC","SCP259","SCP259_N24",4.8513560583878,1.35846027558389,"0","#ED90A4"
"SCP_N24.EpiA.GGGCATCTCTGCAGTA","SCP259","SCP259_N24",4.67502596881871,1.83203204547706,"0","#ED90A4"
"SCP_N24.EpiA.GGGTCTGCACCGCTAG","SCP259","SCP259_N24",2.98753312137608,3.5306040254766,"0","#ED90A4"
"SCP_N24.EpiA.GGGTCTGCATTTCACT","SCP259","SCP259_N24",1.83226862457279,4.22659578000846,"0","#ED90A4"
"SCP_N24.EpiA.GGGTCTGGTCTAACGT","SCP259","SCP259_N24",3.8110761931229,4.11432852422538,"0","#ED90A4"
"SCP_N24.EpiA.GGGTCTGGTGTCGCTG","SCP259","SCP259_N24",4.89410975482945,4.30033864652457,"2","#B7AE50"
"SCP_N24.EpiA.GGGTCTGTCCATTCTA","SCP259","SCP259_N24",5.20662644412998,1.22712633585277,"0","#ED90A4"
"SCP_N24.EpiA.GGGTTGCAGAAACCAT","SCP259","SCP259_N24",6.24189332035069,1.55779623066726,"0","#ED90A4"
"SCP_N24.EpiA.GGGTTGCAGCTATGCT","SCP259","SCP259_N24",3.42570927646641,3.80429567968192,"0","#ED90A4"
"SCP_N24.EpiA.GGGTTGCCAGCGTAAG","SCP259","SCP259_N24",2.79175165203098,7.77013482724967,"2","#B7AE50"
"SCP_N24.EpiA.GGGTTGCGTAGGGTAC","SCP259","SCP259_N24",6.14280417469029,1.16875018750968,"0","#ED90A4"
"SCP_N24.EpiA.GGGTTGCGTCGCATCG","SCP259","SCP259_N24",2.02492394950871,8.03645171796622,"2","#B7AE50"
"SCP_N24.EpiA.GGGTTGCTCCGGGTGT","SCP259","SCP259_N24",2.43759325054173,7.79951038038077,"2","#B7AE50"
"SCP_N24.EpiA.GGTATTGAGACACTAA","SCP259","SCP259_N24",3.82707837131504,2.5603777376348,"0","#ED90A4"
"SCP_N24.EpiA.GGTATTGCATTACGAC","SCP259","SCP259_N24",5.97510579135899,5.25005664502921,"2","#B7AE50"
"SCP_N24.EpiA.GGTATTGGTGTGACGA","SCP259","SCP259_N24",2.84097984340672,7.02602471982779,"2","#B7AE50"
"SCP_N24.EpiA.GGTATTGGTTATTCTC","SCP259","SCP259_N24",3.06966283824925,3.12514176046195,"0","#ED90A4"
"SCP_N24.EpiA.GGTGAAGGTGTTGGGA","SCP259","SCP259_N24",4.62986758258824,1.57965556358638,"0","#ED90A4"
"SCP_N24.EpiA.GGTGCGTAGTCGCCGT","SCP259","SCP259_N24",2.29007294681553,7.39879932081046,"2","#B7AE50"
"SCP_N24.EpiA.GGTGCGTCATTACCTT","SCP259","SCP259_N24",5.04230740573887,2.01766993676963,"0","#ED90A4"
"SCP_N24.EpiA.GGTGCGTGTAGTGAAT","SCP259","SCP259_N24",4.45742610004429,2.03485151206794,"0","#ED90A4"
"SCP_N24.EpiA.GGTGCGTGTCCGTGAC","SCP259","SCP259_N24",4.40605738666538,6.83468188916984,"2","#B7AE50"
"SCP_N24.EpiA.GGTGCGTTCCCATTAT","SCP259","SCP259_N24",3.75598838832859,8.0690721479589,"2","#B7AE50"
"SCP_N24.EpiA.GGTGCGTTCGGCTTGG","SCP259","SCP259_N24",1.94228497055058,4.19918980275931,"0","#ED90A4"
"SCP_N24.EpiA.GGTGTTACACGGCGTT","SCP259","SCP259_N24",1.44006338623051,3.65359296476188,"0","#ED90A4"
"SCP_N24.EpiA.GGTGTTACAGTCGTGC","SCP259","SCP259_N24",2.42411687877659,3.76113929426017,"0","#ED90A4"
"SCP_N24.EpiA.GGTGTTAGTAGAGCTG","SCP259","SCP259_N24",2.53403881099705,7.67718114530387,"2","#B7AE50"
"SCP_N24.EpiA.GGTGTTATCATCTGCC","SCP259","SCP259_N24",6.46809914615635,0.244322797411107,"0","#ED90A4"
"SCP_N24.EpiA.GTAACGTGTCTCAACA","SCP259","SCP259_N24",3.72109153774265,3.99700560247245,"0","#ED90A4"
"SCP_N24.EpiA.GTAACGTGTGTGCCTG","SCP259","SCP259_N24",4.99635317829136,1.98295124446692,"0","#ED90A4"
"SCP_N24.EpiA.GTAACGTTCTCTTGAT","SCP259","SCP259_N24",6.28557780292515,0.598092695825719,"0","#ED90A4"
"SCP_N24.EpiA.GTAACGTTCTTAACCT","SCP259","SCP259_N24",2.22274091747288,8.32482280408683,"2","#B7AE50"
"SCP_N24.EpiA.GTAACTGAGAGGGCTT","SCP259","SCP259_N24",6.52074912097935,5.8436926809484,"2","#B7AE50"
"SCP_N24.EpiA.GTAACTGAGATTACCC","SCP259","SCP259_N24",1.99956002738957,7.63704194700065,"2","#B7AE50"
"SCP_N24.EpiA.GTAACTGCAGGAATCG","SCP259","SCP259_N24",0.996564715175669,3.6555777994329,"0","#ED90A4"
"SCP_N24.EpiA.GTAACTGCATAAGACA","SCP259","SCP259_N24",1.1004484584618,3.36022522126975,"0","#ED90A4"
"SCP_N24.EpiA.GTAACTGCATTGTGCA","SCP259","SCP259_N24",6.0365720084,1.31535594736876,"0","#ED90A4"
"SCP_N24.EpiA.GTAACTGGTAACGCGA","SCP259","SCP259_N24",2.91092660930638,7.96124496137443,"2","#B7AE50"
"SCP_N24.EpiA.GTACGTAAGACGACGT","SCP259","SCP259_N24",3.68431261089329,2.44631888543906,"0","#ED90A4"
"SCP_N24.EpiA.GTACGTACACTAGTAC","SCP259","SCP259_N24",3.79353192356114,2.85106923257651,"0","#ED90A4"
"SCP_N24.EpiA.GTACGTACATCCGCGA","SCP259","SCP259_N24",2.58067014720921,3.80744709646048,"0","#ED90A4"
"SCP_N24.EpiA.GTACTCCAGAGTAAGG","SCP259","SCP259_N24",4.83086636569981,1.11698513304534,"0","#ED90A4"
"SCP_N24.EpiA.GTACTCCCACAGAGGT","SCP259","SCP259_N24",5.04335930850987,4.20974149381461,"0","#ED90A4"
"SCP_N24.EpiA.GTACTCCCATCTATGG","SCP259","SCP259_N24",3.71041086223606,5.86287774717154,"2","#B7AE50"
"SCP_N24.EpiA.GTACTCCGTAGGCATG","SCP259","SCP259_N24",3.00920990016941,7.56716527616324,"2","#B7AE50"
"SCP_N24.EpiA.GTACTCCGTATGAAAC","SCP259","SCP259_N24",4.06052234676365,2.99214436685386,"0","#ED90A4"
"SCP_N24.EpiA.GTACTCCGTTAAGGGC","SCP259","SCP259_N24",2.63037708309178,7.49827565824332,"2","#B7AE50"
"SCP_N24.EpiA.GTACTCCTCAACACAC","SCP259","SCP259_N24",1.9360910942841,7.15881814634147,"2","#B7AE50"
"SCP_N24.EpiA.GTACTCCTCCGCGTTT","SCP259","SCP259_N24",5.45662262943272,1.99678548251929,"0","#ED90A4"
"SCP_N24.EpiA.GTACTCCTCTTTAGGG","SCP259","SCP259_N24",2.27014401462559,4.80435170804801,"2","#B7AE50"
"SCP_N24.EpiA.GTACTTTAGAGCTGGT","SCP259","SCP259_N24",2.15503826644901,2.11198504840674,"0","#ED90A4"
"SCP_N24.EpiA.GTACTTTAGATGCGAC","SCP259","SCP259_N24",1.99488153961186,4.46871723806205,"0","#ED90A4"
"SCP_N24.EpiA.GTACTTTCACTACAGT","SCP259","SCP259_N24",2.17710295227055,8.18877496396842,"2","#B7AE50"
"SCP_N24.EpiA.GTACTTTGTACCGTAT","SCP259","SCP259_N24",4.68288090732579,1.94835682784858,"0","#ED90A4"
"SCP_N24.EpiA.GTACTTTGTCGACTAT","SCP259","SCP259_N24",4.17842438724522,5.24670567189994,"2","#B7AE50"
"SCP_N24.EpiA.GTACTTTGTGACGGTA","SCP259","SCP259_N24",2.22949197795872,7.57666053449454,"2","#B7AE50"
"SCP_N24.EpiA.GTAGGCCCATGCATGT","SCP259","SCP259_N24",6.57499697711949,0.319943329446935,"0","#ED90A4"
"SCP_N24.EpiA.GTAGGCCCATTGGCGC","SCP259","SCP259_N24",3.72042348888401,1.25472920214477,"0","#ED90A4"
"SCP_N24.EpiA.GTAGTCAAGCGATATA","SCP259","SCP259_N24",4.04496648815159,3.6138822046453,"0","#ED90A4"
"SCP_N24.EpiA.GTAGTCAAGTGGGTTG","SCP259","SCP259_N24",0.634760438470881,3.4083887544805,"0","#ED90A4"
"SCP_N24.EpiA.GTAGTCACATAGAAAC","SCP259","SCP259_N24",1.10674735811238,3.02534737264457,"0","#ED90A4"
"SCP_N24.EpiA.GTAGTCACATCGGTTA","SCP259","SCP259_N24",3.8098202040482,6.8720392194921,"2","#B7AE50"
"SCP_N24.EpiA.GTAGTCATCACCTCGT","SCP259","SCP259_N24",3.05049136188511,4.12958182966056,"0","#ED90A4"
"SCP_N24.EpiA.GTATCTTAGCACCGTC","SCP259","SCP259_N24",0.687411605386774,3.88980521833243,"0","#ED90A4"
"SCP_N24.EpiA.GTATCTTCAAAGTCAA","SCP259","SCP259_N24",0.997442333965342,3.2442738023931,"0","#ED90A4"
"SCP_N24.EpiA.GTATCTTCAAGCTGTT","SCP259","SCP259_N24",3.46885231044773,2.22845943843665,"0","#ED90A4"
"SCP_N24.EpiA.GTATCTTGTTACGTCA","SCP259","SCP259_N24",1.30789807346348,4.30985679303946,"0","#ED90A4"
"SCP_N24.EpiA.GTATTCTAGTCAATAG","SCP259","SCP259_N24",6.14447548892979,1.10785158550086,"0","#ED90A4"
"SCP_N24.EpiA.GTATTCTTCCAATGGT","SCP259","SCP259_N24",2.47218444850926,3.45775260602775,"0","#ED90A4"
"SCP_N24.EpiA.GTATTCTTCCACGCAG","SCP259","SCP259_N24",5.31379082706455,3.99574603711905,"0","#ED90A4"
"SCP_N24.EpiA.GTCAAGTAGTTAAGTG","SCP259","SCP259_N24",0.981521277694742,2.79389693414512,"0","#ED90A4"
"SCP_N24.EpiA.GTCAAGTCAGGAATGC","SCP259","SCP259_N24",4.06356170681004,3.29833151971641,"0","#ED90A4"
"SCP_N24.EpiA.GTCAAGTCAGTCTTCC","SCP259","SCP259_N24",0.834429829387705,3.48870410596671,"0","#ED90A4"
"SCP_N24.EpiA.GTCAAGTCATTAGCCA","SCP259","SCP259_N24",6.48030379322056,5.86120404874625,"2","#B7AE50"
"SCP_N24.EpiA.GTCAAGTGTAAGTTCC","SCP259","SCP259_N24",4.57307007816319,2.47652771150412,"0","#ED90A4"
"SCP_N24.EpiA.GTCAAGTGTCAAGCGA","SCP259","SCP259_N24",2.83083751705174,5.08630146657767,"2","#B7AE50"
"SCP_N24.EpiA.GTCAAGTGTTTAGCTG","SCP259","SCP259_N24",3.3407073309708,1.78469439422431,"0","#ED90A4"
"SCP_N24.EpiA.GTCACAACACATCTTT","SCP259","SCP259_N24",3.89269617107395,1.83647569095435,"0","#ED90A4"
"SCP_N24.EpiA.GTCACAAGTAGCCTCG","SCP259","SCP259_N24",4.34718707111363,2.43533613359275,"0","#ED90A4"
"SCP_N24.EpiA.GTCACAATCAGTTCGA","SCP259","SCP259_N24",1.79577818420414,4.43957223569693,"0","#ED90A4"
"SCP_N24.EpiA.GTCACAATCCTGCCAT","SCP259","SCP259_N24",3.04392984416966,4.91235103284659,"0","#ED90A4"
"SCP_N24.EpiA.GTCACGGCAGCGAACA","SCP259","SCP259_N24",5.36899760272984,1.37874274341109,"0","#ED90A4"
"SCP_N24.EpiA.GTCACGGCATGCCTTC","SCP259","SCP259_N24",3.13325455692295,6.37078418409171,"2","#B7AE50"
"SCP_N24.EpiA.GTCACGGGTATATCCG","SCP259","SCP259_N24",4.60796359088902,4.83308162366691,"2","#B7AE50"
"SCP_N24.EpiA.GTCACGGGTTGTGGAG","SCP259","SCP259_N24",1.83860197570805,4.45040502225699,"0","#ED90A4"
"SCP_N24.EpiA.GTCACGGTCCGATATG","SCP259","SCP259_N24",0.957264809875528,3.44017686521354,"0","#ED90A4"
"SCP_N24.EpiA.GTCATTTAGAGTACCG","SCP259","SCP259_N24",3.16171029117588,5.07220163022818,"0","#ED90A4"
"SCP_N24.EpiA.GTCATTTAGTGTCCAT","SCP259","SCP259_N24",2.64014938381199,3.94836606656852,"0","#ED90A4"
"SCP_N24.EpiA.GTCATTTCAATGACCT","SCP259","SCP259_N24",3.55996897724156,7.59903278028312,"2","#B7AE50"
"SCP_N24.EpiA.GTCATTTCATACCATG","SCP259","SCP259_N24",2.51920822170262,3.61413826619925,"0","#ED90A4"
"SCP_N24.EpiA.GTCCTCAGTACTCTCC","SCP259","SCP259_N24",3.79456069972996,3.03138246213736,"0","#ED90A4"
"SCP_N24.EpiA.GTCCTCAGTCCAGTAT","SCP259","SCP259_N24",1.25352528598789,4.10901727353873,"0","#ED90A4"
"SCP_N24.EpiA.GTCGGGTCAAAGTCAA","SCP259","SCP259_N24",3.13307097461704,8.36725463544669,"2","#B7AE50"
"SCP_N24.EpiA.GTCGGGTGTGTGTGCC","SCP259","SCP259_N24",3.20831158664707,1.98680605565848,"0","#ED90A4"
"SCP_N24.EpiA.GTCGGGTTCATAACCG","SCP259","SCP259_N24",3.33995583560948,8.20575418149772,"2","#B7AE50"
"SCP_N24.EpiA.GTCGTAAAGAACTGTA","SCP259","SCP259_N24",3.95402505901341,7.7072180715734,"2","#B7AE50"
"SCP_N24.EpiA.GTCGTAAAGAGTCTGG","SCP259","SCP259_N24",4.70589974430088,0.907770624511861,"0","#ED90A4"
"SCP_N24.EpiA.GTCGTAAAGATTACCC","SCP259","SCP259_N24",5.77394679096226,2.66450168763938,"0","#ED90A4"
"SCP_N24.EpiA.GTCGTAAGTCAAGCGA","SCP259","SCP259_N24",4.29634144809727,2.02302827512565,"0","#ED90A4"
"SCP_N24.EpiA.GTCGTAATCAGCGATT","SCP259","SCP259_N24",2.35749724414829,7.88396014844718,"2","#B7AE50"
"SCP_N24.EpiA.GTCTCGTAGTGAACGC","SCP259","SCP259_N24",3.76493957546238,2.19261445676627,"0","#ED90A4"
"SCP_N24.EpiA.GTCTCGTCATTAACCG","SCP259","SCP259_N24",3.78254821804051,7.2648090330297,"2","#B7AE50"
"SCP_N24.EpiA.GTCTCGTGTCGCATAT","SCP259","SCP259_N24",3.06116226222996,4.12894429838004,"0","#ED90A4"
"SCP_N24.EpiA.GTCTCGTGTGCTGTAT","SCP259","SCP259_N24",2.38442304637913,7.08113279020133,"2","#B7AE50"
"SCP_N24.EpiA.GTCTCGTTCTGGCGTG","SCP259","SCP259_N24",4.07960775402073,4.23452129041495,"0","#ED90A4"
"SCP_N24.EpiA.GTCTTCGAGTATGACA","SCP259","SCP259_N24",4.12914207485203,6.56385316526236,"2","#B7AE50"
"SCP_N24.EpiA.GTCTTCGCACCCAGTG","SCP259","SCP259_N24",6.57614949253086,5.838353535288,"2","#B7AE50"
"SCP_N24.EpiA.GTCTTCGCAGCTCGAC","SCP259","SCP259_N24",2.8754186919022,3.01850237523856,"0","#ED90A4"
"SCP_N24.EpiA.GTCTTCGCATCGTCGG","SCP259","SCP259_N24",3.23052504566197,5.95365943586173,"2","#B7AE50"
"SCP_N24.EpiA.GTCTTCGGTGCACGAA","SCP259","SCP259_N24",3.4049346735764,2.8874497619802,"0","#ED90A4"
"SCP_N24.EpiA.GTCTTCGTCTGTCCGT","SCP259","SCP259_N24",3.82154253032688,4.63630070363822,"0","#ED90A4"
"SCP_N24.EpiA.GTCTTCGTCTTCGGTC","SCP259","SCP259_N24",3.40568211582188,2.37742330705466,"0","#ED90A4"
"SCP_N24.EpiA.GTGAAGGAGGGTTCCC","SCP259","SCP259_N24",2.32014539745335,8.1865471807653,"2","#B7AE50"
"SCP_N24.EpiA.GTGAAGGCACGTTGGC","SCP259","SCP259_N24",3.57726767566685,6.54084720289054,"2","#B7AE50"
"SCP_N24.EpiA.GTGAAGGGTGCTGTAT","SCP259","SCP259_N24",6.16947987583164,1.01803206478896,"0","#ED90A4"
"SCP_N24.EpiA.GTGCAGCCAGATGGGT","SCP259","SCP259_N24",3.60827043560032,6.62263383542838,"2","#B7AE50"
"SCP_N24.EpiA.GTGCAGCGTAACGTTC","SCP259","SCP259_N24",2.47778561618809,7.57289924299064,"2","#B7AE50"
"SCP_N24.EpiA.GTGCAGCTCCTATTCA","SCP259","SCP259_N24",5.35733035114292,-0.550643900281764,"0","#ED90A4"
"SCP_N24.EpiA.GTGCAGCTCTGGCGAC","SCP259","SCP259_N24",2.64157083538059,5.32910885488334,"2","#B7AE50"
"SCP_N24.EpiA.GTGCAGCTCTGTACGA","SCP259","SCP259_N24",2.7310426523972,6.76047887479606,"2","#B7AE50"
"SCP_N24.EpiA.GTGCATAAGAGGTTGC","SCP259","SCP259_N24",2.07189980056767,4.28461780225577,"0","#ED90A4"
"SCP_N24.EpiA.GTGCATAAGCTGGAAC","SCP259","SCP259_N24",1.28132858779911,3.92223658239188,"0","#ED90A4"
"SCP_N24.EpiA.GTGCATAGTACGCTGC","SCP259","SCP259_N24",2.23332765605931,7.57948817884269,"2","#B7AE50"
"SCP_N24.EpiA.GTGCATAGTCAGAGGT","SCP259","SCP259_N24",3.77783825901035,4.2055934873754,"0","#ED90A4"
"SCP_N24.EpiA.GTGCATAGTCGCGAAA","SCP259","SCP259_N24",3.29052403476719,7.49600877439322,"2","#B7AE50"
"SCP_N24.EpiA.GTGCATATCCAGAAGG","SCP259","SCP259_N24",3.49087598827366,5.56214179670157,"2","#B7AE50"
"SCP_N24.EpiA.GTGCGGTTCAGAGCTT","SCP259","SCP259_N24",4.16693690326695,7.01258697187247,"2","#B7AE50"
"SCP_N24.EpiA.GTGCGGTTCCACGTTC","SCP259","SCP259_N24",3.20222809818272,1.20797005867305,"0","#ED90A4"
"SCP_N24.EpiA.GTGCTTCAGCAGATCG","SCP259","SCP259_N24",4.35753396060948,3.88375868474784,"0","#ED90A4"
"SCP_N24.EpiA.GTGCTTCAGGCACATG","SCP259","SCP259_N24",6.50072196033482,0.701036831491613,"0","#ED90A4"
"SCP_N24.EpiA.GTGCTTCCACGACGAA","SCP259","SCP259_N24",5.67720177677159,4.49558558141532,"2","#B7AE50"
"SCP_N24.EpiA.GTGGGTCAGATCCCGC","SCP259","SCP259_N24",5.3059721281815,1.85204752361121,"0","#ED90A4"
"SCP_N24.EpiA.GTGGGTCAGCGATATA","SCP259","SCP259_N24",4.7893853476334,2.5016094652349,"0","#ED90A4"
"SCP_N24.EpiA.GTGGGTCCACGGCCAT","SCP259","SCP259_N24",2.83946636226658,7.68419637357535,"2","#B7AE50"
"SCP_N24.EpiA.GTGGGTCGTTTGTTGG","SCP259","SCP259_N24",4.28383591678623,5.2981969324285,"2","#B7AE50"
"SCP_N24.EpiA.GTGTGCGAGAGGTTAT","SCP259","SCP259_N24",6.05652955081944,0.917094191663884,"0","#ED90A4"
"SCP_N24.EpiA.GTGTGCGAGTCCATAC","SCP259","SCP259_N24",4.51407626178746,4.43894352590384,"0","#ED90A4"
"SCP_N24.EpiA.GTGTGCGCATTAACCG","SCP259","SCP259_N24",2.67993929889683,6.91699065839591,"2","#B7AE50"
"SCP_N24.EpiA.GTGTGCGCATTCTTAC","SCP259","SCP259_N24",4.31700041797642,3.6784516779119,"0","#ED90A4"
"SCP_N24.EpiA.GTGTGCGGTTGAACTC","SCP259","SCP259_N24",3.51779821422581,1.99462928449454,"0","#ED90A4"
"SCP_N24.EpiA.GTGTGCGTCCCGGATG","SCP259","SCP259_N24",2.10761275794987,8.00348605787101,"2","#B7AE50"
"SCP_N24.EpiA.GTGTGCGTCTGTACGA","SCP259","SCP259_N24",5.59473708179478,2.32572670852485,"0","#ED90A4"
"SCP_N24.EpiA.GTGTTAGAGACGACGT","SCP259","SCP259_N24",0.335785589187185,4.09248294507804,"0","#ED90A4"
"SCP_N24.EpiA.GTGTTAGAGATGTCGG","SCP259","SCP259_N24",4.04696467426304,1.82033695852103,"0","#ED90A4"
"SCP_N24.EpiA.GTGTTAGAGCACACAG","SCP259","SCP259_N24",1.29673972633366,3.44198646222892,"0","#ED90A4"
"SCP_N24.EpiA.GTGTTAGAGGCGACAT","SCP259","SCP259_N24",6.11836150196079,1.06072684203925,"0","#ED90A4"
"SCP_N24.EpiA.GTGTTAGGTAGCTGCC","SCP259","SCP259_N24",5.14293387439732,2.58062042867484,"0","#ED90A4"
"SCP_N24.EpiA.GTGTTAGTCTACCAGA","SCP259","SCP259_N24",1.12408438232426,3.13088967477622,"0","#ED90A4"
"SCP_N24.EpiA.GTTAAGCCAACACCCG","SCP259","SCP259_N24",3.82441642787937,1.0378149655992,"0","#ED90A4"
"SCP_N24.EpiA.GTTAAGCGTGACGGTA","SCP259","SCP259_N24",2.06495252159123,3.21979894315543,"0","#ED90A4"
"SCP_N24.EpiA.GTTAAGCGTGGCTCCA","SCP259","SCP259_N24",3.67518761661534,1.54031114851775,"0","#ED90A4"
"SCP_N24.EpiA.GTTAAGCTCACCGGGT","SCP259","SCP259_N24",1.0431182673264,3.14087786351981,"0","#ED90A4"
"SCP_N24.EpiA.GTTAAGCTCGAGAGCA","SCP259","SCP259_N24",5.33886960056309,3.14511098539176,"0","#ED90A4"
"SCP_N24.EpiA.GTTACAGAGAGCTATA","SCP259","SCP259_N24",2.82077434566502,4.67195954000297,"0","#ED90A4"
"SCP_N24.EpiA.GTTACAGCATGCAACT","SCP259","SCP259_N24",4.05864241626744,6.67017306958976,"2","#B7AE50"
"SCP_N24.EpiA.GTTACAGGTACCGCTG","SCP259","SCP259_N24",4.62126019504551,3.50117339765372,"0","#ED90A4"
"SCP_N24.EpiA.GTTACAGGTCAGAAGC","SCP259","SCP259_N24",3.16620328929905,3.34291865503135,"0","#ED90A4"
"SCP_N24.EpiA.GTTCATTCACAAGCCC","SCP259","SCP259_N24",2.73278310802464,4.53374948179068,"0","#ED90A4"
"SCP_N24.EpiA.GTTCATTCATTGCGGC","SCP259","SCP259_N24",3.19616272953037,3.23640932714286,"0","#ED90A4"
"SCP_N24.EpiA.GTTCATTGTTCTCATT","SCP259","SCP259_N24",0.89080765750889,3.57672013913932,"0","#ED90A4"
"SCP_N24.EpiA.GTTCATTTCAGTTGAC","SCP259","SCP259_N24",2.15786817577366,4.34084834729972,"0","#ED90A4"
"SCP_N24.EpiA.GTTCATTTCTGCTGTC","SCP259","SCP259_N24",3.46620872524265,6.30779208814444,"2","#B7AE50"
"SCP_N24.EpiA.GTTCGGGAGCACGCCT","SCP259","SCP259_N24",1.79673841503147,8.04405488645377,"2","#B7AE50"
"SCP_N24.EpiA.GTTCGGGAGGATGCGT","SCP259","SCP259_N24",2.40666320827488,7.23136129056754,"2","#B7AE50"
"SCP_N24.EpiA.GTTCGGGCAGTCCTTC","SCP259","SCP259_N24",2.00204959419254,3.15818812524619,"0","#ED90A4"
"SCP_N24.EpiA.GTTCGGGGTCCTGCTT","SCP259","SCP259_N24",3.69320586231236,3.97765602742972,"0","#ED90A4"
"SCP_N24.EpiA.GTTCGGGGTCTGCAAT","SCP259","SCP259_N24",4.41246464756016,3.62068190252128,"0","#ED90A4"
"SCP_N24.EpiA.GTTCGGGGTCTTTCAT","SCP259","SCP259_N24",1.41410985496525,3.14694680845084,"0","#ED90A4"
"SCP_N24.EpiA.GTTCGGGTCAACACGT","SCP259","SCP259_N24",5.60120108631138,3.06136407529654,"0","#ED90A4"
"SCP_N24.EpiA.GTTCTCGAGACCTAGG","SCP259","SCP259_N24",5.30238249805454,-0.309904793149806,"0","#ED90A4"
"SCP_N24.EpiA.GTTCTCGCAACACCTA","SCP259","SCP259_N24",3.74208095577244,3.20985104715171,"0","#ED90A4"
"SCP_N24.EpiA.GTTCTCGCATGTTGAC","SCP259","SCP259_N24",4.02419927623753,3.26078035508933,"0","#ED90A4"
"SCP_N24.EpiA.GTTCTCGGTAGGCATG","SCP259","SCP259_N24",4.58330872562412,1.85528095638099,"0","#ED90A4"
"SCP_N24.EpiA.GTTCTCGGTCAAAGCG","SCP259","SCP259_N24",2.52025988605503,7.0438732114965,"2","#B7AE50"
"SCP_N24.EpiA.GTTTCTAGTAGGAGTC","SCP259","SCP259_N24",2.89964201953892,8.08173741971793,"2","#B7AE50"
"SCP_N24.EpiA.GTTTCTAGTTTGTTTC","SCP259","SCP259_N24",5.93009522464756,5.69874705945792,"2","#B7AE50"
"SCP_N24.EpiA.GTTTCTATCGTCCGTT","SCP259","SCP259_N24",2.98754909542088,4.31836809789481,"0","#ED90A4"
"SCP_N24.EpiA.GTTTCTATCTGTCAAG","SCP259","SCP259_N24",1.50567737129215,4.74192466413321,"0","#ED90A4"
"SCP_N24.EpiA.TAAACCGAGGCCCGTT","SCP259","SCP259_N24",2.59335663822178,4.60061254178824,"0","#ED90A4"
"SCP_N24.EpiA.TAAACCGCAGATGGGT","SCP259","SCP259_N24",3.89662793186192,7.06241359388175,"2","#B7AE50"
"SCP_N24.EpiA.TAAACCGCATCGGACC","SCP259","SCP259_N24",4.84432795551304,2.81852640783133,"0","#ED90A4"
"SCP_N24.EpiA.TAAACCGTCGAGGTAG","SCP259","SCP259_N24",1.91937091854099,8.27268304502311,"2","#B7AE50"
"SCP_N24.EpiA.TAAACCGTCGTCGTTC","SCP259","SCP259_N24",3.64906480815891,5.54065837537589,"2","#B7AE50"
"SCP_N24.EpiA.TAAGAGAAGCCACTAT","SCP259","SCP259_N24",6.27650740650181,5.64163055097403,"2","#B7AE50"
"SCP_N24.EpiA.TAAGAGAGTTCGCTAA","SCP259","SCP259_N24",6.44737484958653,5.85280885373893,"2","#B7AE50"
"SCP_N24.EpiA.TAAGCGTCAAAGCGGT","SCP259","SCP259_N24",1.49316742923741,6.82183208143058,"2","#B7AE50"
"SCP_N24.EpiA.TAAGCGTCAATAGCAA","SCP259","SCP259_N24",5.17177107837681,1.97522409831824,"0","#ED90A4"
"SCP_N24.EpiA.TAAGCGTGTAAATACG","SCP259","SCP259_N24",2.23275282886509,5.21914424573722,"2","#B7AE50"
"SCP_N24.EpiA.TAAGCGTGTAGCTGCC","SCP259","SCP259_N24",1.27883914020542,3.02268232976737,"0","#ED90A4"
"SCP_N24.EpiA.TAAGCGTTCACGCGGT","SCP259","SCP259_N24",3.22833731678013,5.37619175588431,"2","#B7AE50"
"SCP_N24.EpiA.TAAGCGTTCCTTTACA","SCP259","SCP259_N24",2.29719450977329,7.87441005384269,"2","#B7AE50"
"SCP_N24.EpiA.TAAGTGCAGGACATTA","SCP259","SCP259_N24",5.71417000797276,2.53127493535819,"0","#ED90A4"
"SCP_N24.EpiA.TAAGTGCAGTACGCGA","SCP259","SCP259_N24",2.75639131572727,3.07085551893058,"0","#ED90A4"
"SCP_N24.EpiA.TAAGTGCGTGTGACGA","SCP259","SCP259_N24",4.58746197727207,2.80215134298148,"0","#ED90A4"
"SCP_N24.EpiA.TAAGTGCGTTGGAGGT","SCP259","SCP259_N24",4.17244103458409,6.64803399717154,"2","#B7AE50"
"SCP_N24.EpiA.TAAGTGCTCACAATGC","SCP259","SCP259_N24",2.41414979007725,4.43200935994925,"0","#ED90A4"
"SCP_N24.EpiA.TACACGAAGGACGAAA","SCP259","SCP259_N24",3.19244387653355,6.33773841535392,"2","#B7AE50"
"SCP_N24.EpiA.TACACGAAGGAGCGTT","SCP259","SCP259_N24",3.75914409664158,6.8460120168859,"2","#B7AE50"
"SCP_N24.EpiA.TACAGTGAGTAGGTGC","SCP259","SCP259_N24",1.01349553373341,3.05079795991721,"0","#ED90A4"
"SCP_N24.EpiA.TACAGTGAGTGGAGAA","SCP259","SCP259_N24",2.78263118770603,7.93907155668082,"2","#B7AE50"
"SCP_N24.EpiA.TACAGTGCAAGGTTCT","SCP259","SCP259_N24",1.98187163379673,7.83444442426505,"2","#B7AE50"
"SCP_N24.EpiA.TACAGTGGTCTCGTTC","SCP259","SCP259_N24",6.06624320056919,5.64096297895255,"2","#B7AE50"
"SCP_N24.EpiA.TACAGTGTCAGGCCCA","SCP259","SCP259_N24",3.61720827129368,2.33008273517432,"0","#ED90A4"
"SCP_N24.EpiA.TACAGTGTCGCAAACT","SCP259","SCP259_N24",1.48678770568852,3.76142992650809,"0","#ED90A4"
"SCP_N24.EpiA.TACCTATAGAAGCCCA","SCP259","SCP259_N24",5.4106765082169,5.85450114881339,"2","#B7AE50"
"SCP_N24.EpiA.TACCTATAGATCCGAG","SCP259","SCP259_N24",4.85465004947666,4.00004663144889,"2","#B7AE50"
"SCP_N24.EpiA.TACCTATCAGTCGATT","SCP259","SCP259_N24",3.23366096523289,3.43458761846366,"0","#ED90A4"
"SCP_N24.EpiA.TACCTATCATTCCTCG","SCP259","SCP259_N24",4.81496670749668,2.63778366720023,"0","#ED90A4"
"SCP_N24.EpiA.TACCTATGTAGTACCT","SCP259","SCP259_N24",3.38212922122959,7.20946302091422,"2","#B7AE50"
"SCP_N24.EpiA.TACCTATGTTAAGACA","SCP259","SCP259_N24",3.37068655994419,5.06548108732047,"0","#ED90A4"
"SCP_N24.EpiA.TACCTATTCAACCATG","SCP259","SCP259_N24",6.61733296421055,0.372783204668187,"0","#ED90A4"
"SCP_N24.EpiA.TACCTATTCTTCGGTC","SCP259","SCP259_N24",5.05687716510777,2.72273542558494,"0","#ED90A4"
"SCP_N24.EpiA.TACCTTAAGATGGCGT","SCP259","SCP259_N24",5.95315840747837,1.55260924076381,"0","#ED90A4"
"SCP_N24.EpiA.TACCTTAAGCCGATTT","SCP259","SCP259_N24",4.33096268680577,2.63354446565452,"0","#ED90A4"
"SCP_N24.EpiA.TACCTTAAGGAATCGC","SCP259","SCP259_N24",3.62347271945957,5.82408036863151,"2","#B7AE50"
"SCP_N24.EpiA.TACCTTAAGTATCGAA","SCP259","SCP259_N24",2.89169672039036,3.92356362020316,"0","#ED90A4"
"SCP_N24.EpiA.TACCTTACACTATCTT","SCP259","SCP259_N24",4.93256762531285,3.33487226640525,"0","#ED90A4"
"SCP_N24.EpiA.TACCTTACATGCGCAC","SCP259","SCP259_N24",0.983140974311869,3.37632515107932,"0","#ED90A4"
"SCP_N24.EpiA.TACCTTAGTAGGGTAC","SCP259","SCP259_N24",3.62092783954624,6.83365192090812,"2","#B7AE50"
"SCP_N24.EpiA.TACCTTATCTAACTGG","SCP259","SCP259_N24",3.85161116626744,6.65059413587394,"2","#B7AE50"
"SCP_N24.EpiA.TACCTTATCTGGCGTG","SCP259","SCP259_N24",2.69445493724827,7.09403314267936,"2","#B7AE50"
"SCP_N24.EpiA.TACGGATAGCTCTCGG","SCP259","SCP259_N24",3.58393242862705,8.1959761587316,"2","#B7AE50"
"SCP_N24.EpiA.TACGGATCACCAGTTA","SCP259","SCP259_N24",1.95361235645298,3.08108331834617,"0","#ED90A4"
"SCP_N24.EpiA.TACGGATGTCTGCAAT","SCP259","SCP259_N24",3.30102494266514,6.44418944989982,"2","#B7AE50"
"SCP_N24.EpiA.TACGGATTCCGTCATC","SCP259","SCP259_N24",1.06904676464085,3.24374248658957,"0","#ED90A4"
"SCP_N24.EpiA.TACGGATTCCTCAACC","SCP259","SCP259_N24",2.51408365276341,7.08489741956534,"2","#B7AE50"
"SCP_N24.EpiA.TACGGATTCGTTGCCT","SCP259","SCP259_N24",3.07631710079197,7.26507892286124,"2","#B7AE50"
"SCP_N24.EpiA.TACGGATTCTAAGCCA","SCP259","SCP259_N24",3.97848036792759,7.0083450285131,"2","#B7AE50"
"SCP_N24.EpiA.TACGGGCAGGCGACAT","SCP259","SCP259_N24",2.12476566341404,7.98526372587027,"2","#B7AE50"
"SCP_N24.EpiA.TACGGGCCAGGAATGC","SCP259","SCP259_N24",4.31931736972813,2.83494617616477,"0","#ED90A4"
"SCP_N24.EpiA.TACGGGCCAGTCGTGC","SCP259","SCP259_N24",3.51209786441807,6.06931438123527,"2","#B7AE50"
"SCP_N24.EpiA.TACGGGCGTCAACTGT","SCP259","SCP259_N24",4.68716433551792,4.15356030141654,"0","#ED90A4"
"SCP_N24.EpiA.TACGGGCGTCGAGATG","SCP259","SCP259_N24",4.18610122707371,1.30691291963401,"0","#ED90A4"
"SCP_N24.EpiA.TACGGTACAATACGCT","SCP259","SCP259_N24",2.15540221241001,4.24851574575248,"0","#ED90A4"
"SCP_N24.EpiA.TACGGTACAATCTGCA","SCP259","SCP259_N24",2.05907907989506,5.49576368009391,"2","#B7AE50"
"SCP_N24.EpiA.TACGGTACAATGTTGC","SCP259","SCP259_N24",5.2215986540604,0.00901605760397839,"0","#ED90A4"
"SCP_N24.EpiA.TACGGTACAGCTGCTG","SCP259","SCP259_N24",5.65479758289341,2.25552155649009,"0","#ED90A4"
"SCP_N24.EpiA.TACTCATCAATGGACG","SCP259","SCP259_N24",4.04280069377903,1.7734038737947,"0","#ED90A4"
"SCP_N24.EpiA.TACTCATGTACCGTAT","SCP259","SCP259_N24",-3.97188899013515,-4.15572033250985,"4","#1DC199"
"SCP_N24.EpiA.TACTCATGTGGGTATG","SCP259","SCP259_N24",3.910511045723,6.12427606260123,"2","#B7AE50"
"SCP_N24.EpiA.TACTCATGTGGTCCGT","SCP259","SCP259_N24",4.01741340663914,1.99078883802237,"0","#ED90A4"
"SCP_N24.EpiA.TACTCATTCAATCTCT","SCP259","SCP259_N24",3.37884333637242,1.87351768290343,"0","#ED90A4"
"SCP_N24.EpiA.TACTCATTCAGCCTAA","SCP259","SCP259_N24",2.411492138176,4.9210750070745,"2","#B7AE50"
"SCP_N24.EpiA.TACTCGCCATACTCTT","SCP259","SCP259_N24",4.09747722652439,6.71829404508414,"2","#B7AE50"
"SCP_N24.EpiA.TACTCGCGTGGTTTCA","SCP259","SCP259_N24",3.71058300045017,1.85517733370604,"0","#ED90A4"
"SCP_N24.EpiA.TACTTACAGAAGCCCA","SCP259","SCP259_N24",2.19779673126225,3.87008180295768,"0","#ED90A4"
"SCP_N24.EpiA.TACTTACAGTAATCCC","SCP259","SCP259_N24",2.6738338759232,3.3494277206594,"0","#ED90A4"
"SCP_N24.EpiA.TACTTACAGTTTCCTT","SCP259","SCP259_N24",1.6913218787003,3.92708959256949,"0","#ED90A4"
"SCP_N24.EpiA.TACTTACCATCTGGTA","SCP259","SCP259_N24",3.04483655002598,6.66208257352652,"2","#B7AE50"
"SCP_N24.EpiA.TACTTACTCAAACGGG","SCP259","SCP259_N24",5.22769406345371,1.80195640599074,"0","#ED90A4"
"SCP_N24.EpiA.TACTTGTAGAAACCTA","SCP259","SCP259_N24",1.88058271911625,3.48698343908133,"0","#ED90A4"
"SCP_N24.EpiA.TACTTGTAGCAGCGTA","SCP259","SCP259_N24",1.92070367839817,8.07306899701896,"2","#B7AE50"
"SCP_N24.EpiA.TACTTGTAGCTACCGC","SCP259","SCP259_N24",4.95028784778599,2.39909352933707,"0","#ED90A4"
"SCP_N24.EpiA.TACTTGTGTCGAGTTT","SCP259","SCP259_N24",1.76432505157475,3.64327969228568,"0","#ED90A4"
"SCP_N24.EpiA.TAGACCACAACGATGG","SCP259","SCP259_N24",1.9449451258469,2.15024205123725,"0","#ED90A4"
"SCP_N24.EpiA.TAGACCACAGCGTAAG","SCP259","SCP259_N24",2.98116853740696,3.11762895261588,"0","#ED90A4"
"SCP_N24.EpiA.TAGACCACAGGTCCAC","SCP259","SCP259_N24",3.05432274845127,3.35270490323844,"0","#ED90A4"
"SCP_N24.EpiA.TAGACCACATAGGATA","SCP259","SCP259_N24",4.2842960646439,7.24707498227897,"2","#B7AE50"
"SCP_N24.EpiA.TAGACCAGTCAATACC","SCP259","SCP259_N24",3.93558624294285,3.13342406427207,"0","#ED90A4"
"SCP_N24.EpiA.TAGACCAGTCTTCAAG","SCP259","SCP259_N24",5.591578989296,1.43403696281555,"0","#ED90A4"
"SCP_N24.EpiA.TAGACCATCAGGCAAG","SCP259","SCP259_N24",5.26974156406407,3.14889194642844,"0","#ED90A4"
"SCP_N24.EpiA.TAGAGCTAGAGCTGCA","SCP259","SCP259_N24",3.66042902973179,4.52694883024039,"0","#ED90A4"
"SCP_N24.EpiA.TAGAGCTAGTCATGCT","SCP259","SCP259_N24",2.27100351360325,7.97896995221915,"2","#B7AE50"
"SCP_N24.EpiA.TAGAGCTAGTGCGTGA","SCP259","SCP259_N24",1.24683955219273,4.01758517896476,"0","#ED90A4"
"SCP_N24.EpiA.TAGAGCTAGTGGAGAA","SCP259","SCP259_N24",3.08155944850926,3.29569687520804,"0","#ED90A4"
"SCP_N24.EpiA.TAGCCGGGTTACTGAC","SCP259","SCP259_N24",3.73718884494785,5.69500054990592,"2","#B7AE50"
"SCP_N24.EpiA.TAGGCATAGGCAATTA","SCP259","SCP259_N24",2.68038585689549,3.18821932946982,"0","#ED90A4"
"SCP_N24.EpiA.TAGGCATCACTTGGAT","SCP259","SCP259_N24",3.33369353321079,6.03256692563834,"2","#B7AE50"
"SCP_N24.EpiA.TAGGCATGTTCGCGAC","SCP259","SCP259_N24",1.78671732452397,7.92641725217643,"2","#B7AE50"
"SCP_N24.EpiA.TAGGCATTCGTAGATC","SCP259","SCP259_N24",2.45377233531956,5.18906845723929,"2","#B7AE50"
"SCP_N24.EpiA.TAGTGGTAGCGCCTTG","SCP259","SCP259_N24",5.0616774847794,3.88494124090018,"0","#ED90A4"
"SCP_N24.EpiA.TAGTGGTAGTGGGATC","SCP259","SCP259_N24",1.45761182811741,4.18873824750724,"0","#ED90A4"
"SCP_N24.EpiA.TAGTGGTCACCAGTTA","SCP259","SCP259_N24",4.2602596571732,7.15003432905021,"2","#B7AE50"
"SCP_N24.EpiA.TAGTGGTGTTCACCTC","SCP259","SCP259_N24",5.85809090641026,2.20648547088447,"0","#ED90A4"
"SCP_N24.EpiA.TAGTGGTTCCCGACTT","SCP259","SCP259_N24",3.67550852802281,2.95805682813468,"0","#ED90A4"
"SCP_N24.EpiA.TAGTTGGCATCTCGCT","SCP259","SCP259_N24",3.72382691410069,5.76710405027213,"2","#B7AE50"
"SCP_N24.EpiA.TAGTTGGCATGTAAGA","SCP259","SCP259_N24",3.69736054447178,7.21685876523795,"2","#B7AE50"
"SCP_N24.EpiA.TATCAGGAGGCATGGT","SCP259","SCP259_N24",4.44835427310948,2.73016132985892,"0","#ED90A4"
"SCP_N24.EpiA.TATCAGGAGTGTCCCG","SCP259","SCP259_N24",2.09058096912388,7.95701636945548,"2","#B7AE50"
"SCP_N24.EpiA.TATCAGGAGTTGTAGA","SCP259","SCP259_N24",3.34648731258396,5.33889450704398,"2","#B7AE50"
"SCP_N24.EpiA.TATCAGGCAGTCACTA","SCP259","SCP259_N24",5.47383597400669,2.73788633024039,"0","#ED90A4"
"SCP_N24.EpiA.TATCAGGGTAACGACG","SCP259","SCP259_N24",2.88403656986241,8.10067071592155,"2","#B7AE50"
"SCP_N24.EpiA.TATCAGGTCGTTGCCT","SCP259","SCP259_N24",2.86929109600071,3.70457234060111,"0","#ED90A4"
"SCP_N24.EpiA.TATCTCAAGCGAAGGG","SCP259","SCP259_N24",3.03430560138706,5.82972230588736,"2","#B7AE50"
"SCP_N24.EpiA.TATCTCACACATTAGC","SCP259","SCP259_N24",1.2957045128632,3.36820950185599,"0","#ED90A4"
"SCP_N24.EpiA.TATCTCAGTTACAGAA","SCP259","SCP259_N24",4.28058627155308,3.32983686601462,"0","#ED90A4"
"SCP_N24.EpiA.TATCTCATCACCATAG","SCP259","SCP259_N24",2.58649566677098,6.89931049024405,"2","#B7AE50"
"SCP_N24.EpiA.TATCTCATCAGGCGAA","SCP259","SCP259_N24",2.5573718836594,2.66227497731986,"0","#ED90A4"
"SCP_N24.EpiA.TATGCCCAGTGATCGG","SCP259","SCP259_N24",4.89627364185337,2.73305811559501,"0","#ED90A4"
"SCP_N24.EpiA.TATGCCCCACAGACAG","SCP259","SCP259_N24",3.0400173952866,6.81460418378653,"2","#B7AE50"
"SCP_N24.EpiA.TATGCCCGTTGTACAC","SCP259","SCP259_N24",3.73181369808201,1.99456628238501,"0","#ED90A4"
"SCP_N24.EpiA.TATTACCAGAATTCCC","SCP259","SCP259_N24",6.00178959873204,1.89158009564223,"0","#ED90A4"
"SCP_N24.EpiA.TATTACCAGCTAGGCA","SCP259","SCP259_N24",3.01323655155186,3.65659751569571,"0","#ED90A4"
"SCP_N24.EpiA.TATTACCGTGAGGGAG","SCP259","SCP259_N24",1.81301382091526,4.78160848295035,"0","#ED90A4"
"SCP_N24.EpiA.TATTACCTCGGAGGTA","SCP259","SCP259_N24",2.90542557743077,7.9100989309484,"2","#B7AE50"
"SCP_N24.EpiA.TATTACCTCTAACTCT","SCP259","SCP259_N24",2.08157899883274,4.15093197500052,"0","#ED90A4"
"SCP_N24.EpiA.TCAATCTAGACAGGCT","SCP259","SCP259_N24",1.88868382480625,4.33500351583304,"0","#ED90A4"
"SCP_N24.EpiA.TCAATCTAGCAGACTG","SCP259","SCP259_N24",4.60446646717076,1.12652563130202,"0","#ED90A4"
"SCP_N24.EpiA.TCAATCTCACTTACGA","SCP259","SCP259_N24",6.05179646518711,0.773386856668615,"0","#ED90A4"
"SCP_N24.EpiA.TCAATCTCAGTCAGCC","SCP259","SCP259_N24",2.13255491760258,1.63244842564406,"0","#ED90A4"
"SCP_N24.EpiA.TCAATCTCATGCAATC","SCP259","SCP259_N24",4.38225415256504,3.0015318599874,"0","#ED90A4"
"SCP_N24.EpiA.TCAATCTCATTAGGCT","SCP259","SCP259_N24",4.32890370395664,6.98657073652091,"2","#B7AE50"
"SCP_N24.EpiA.TCAATCTGTAGGCTGA","SCP259","SCP259_N24",4.42023661640171,3.28364064370933,"0","#ED90A4"
"SCP_N24.EpiA.TCAATCTGTATGCTTG","SCP259","SCP259_N24",2.81226780918125,6.77567662870231,"2","#B7AE50"
"SCP_N24.EpiA.TCAATCTTCGTTTGCC","SCP259","SCP259_N24",1.14189562108998,2.89737882291617,"0","#ED90A4"
"SCP_N24.EpiA.TCAATCTTCTCTTATG","SCP259","SCP259_N24",3.9621308138657,2.66431131040397,"0","#ED90A4"
"SCP_N24.EpiA.TCACAAGAGAGCTGGT","SCP259","SCP259_N24",4.1745343497086,1.01131247555556,"0","#ED90A4"
"SCP_N24.EpiA.TCACAAGAGGAATCGC","SCP259","SCP259_N24",1.94595184829716,8.28863229429069,"2","#B7AE50"
"SCP_N24.EpiA.TCACAAGGTTCGGGCT","SCP259","SCP259_N24",6.35355999973301,5.82277908002677,"2","#B7AE50"
"SCP_N24.EpiA.TCACAAGTCCATGCTC","SCP259","SCP259_N24",3.05249860790257,7.10030593549552,"2","#B7AE50"
"SCP_N24.EpiA.TCACAAGTCGGAAACG","SCP259","SCP259_N24",4.94821169879917,3.52005066549125,"0","#ED90A4"
"SCP_N24.EpiA.TCACAAGTCGTGGACC","SCP259","SCP259_N24",4.14685395267491,6.96310987150016,"2","#B7AE50"
"SCP_N24.EpiA.TCACGAAAGACGCACA","SCP259","SCP259_N24",1.00666615274433,3.11918129598441,"0","#ED90A4"
"SCP_N24.EpiA.TCACGAAAGTTACCCA","SCP259","SCP259_N24",4.46140578296665,2.92378916417899,"0","#ED90A4"
"SCP_N24.EpiA.TCACGAACACTGAAGG","SCP259","SCP259_N24",5.53923514392857,3.13063671266379,"0","#ED90A4"
"SCP_N24.EpiA.TCACGAACAGCTATTG","SCP259","SCP259_N24",2.26768663433079,6.06143369352164,"2","#B7AE50"
"SCP_N24.EpiA.TCACGAAGTTGGGACA","SCP259","SCP259_N24",3.64090421703343,1.3337877822453,"0","#ED90A4"
"SCP_N24.EpiA.TCAGATGCAGGCAGTA","SCP259","SCP259_N24",2.33091309574131,5.05500187551322,"0","#ED90A4"
"SCP_N24.EpiA.TCAGATGGTTCACCTC","SCP259","SCP259_N24",3.60509851482395,6.83197440778556,"2","#B7AE50"
"SCP_N24.EpiA.TCAGATGTCATCTGTT","SCP259","SCP259_N24",2.39531186130528,3.40227808629813,"0","#ED90A4"
"SCP_N24.EpiA.TCAGATGTCGCTTAGA","SCP259","SCP259_N24",3.98019078281407,2.49908914243522,"0","#ED90A4"
"SCP_N24.EpiA.TCAGCAACAATAAGCA","SCP259","SCP259_N24",3.8159077456284,1.24197984313312,"0","#ED90A4"
"SCP_N24.EpiA.TCAGCAACATGCATGT","SCP259","SCP259_N24",2.98364618328098,3.90604819928946,"0","#ED90A4"
"SCP_N24.EpiA.TCAGCAAGTACAGTTC","SCP259","SCP259_N24",5.05080941226963,4.37506332074943,"2","#B7AE50"
"SCP_N24.EpiA.TCAGCAAGTAGCGTCC","SCP259","SCP259_N24",4.20432260540013,2.67807020818534,"0","#ED90A4"
"SCP_N24.EpiA.TCAGCAATCACATAGC","SCP259","SCP259_N24",2.88482096698765,7.24821128522696,"2","#B7AE50"
"SCP_N24.EpiA.TCAGCAATCAGTCCCT","SCP259","SCP259_N24",3.66985443141941,4.42230524694266,"0","#ED90A4"
"SCP_N24.EpiA.TCAGCAATCGTATCAG","SCP259","SCP259_N24",2.53836396244053,4.39615430509391,"0","#ED90A4"
"SCP_N24.EpiA.TCAGCTCGTGTAATGA","SCP259","SCP259_N24",2.7130503943253,3.69635762845817,"0","#ED90A4"
"SCP_N24.EpiA.TCAGCTCGTTGTCTTT","SCP259","SCP259_N24",6.16577389743809,5.55431499158683,"2","#B7AE50"
"SCP_N24.EpiA.TCAGGATCAGCTGCTG","SCP259","SCP259_N24",2.19970801380161,4.96007146512809,"0","#ED90A4"
"SCP_N24.EpiA.TCAGGATTCCAGAGGA","SCP259","SCP259_N24",5.22978499439244,3.09588124429526,"0","#ED90A4"
"SCP_N24.EpiA.TCAGGTAAGTATGACA","SCP259","SCP259_N24",5.64061167743687,4.0253492799932,"0","#ED90A4"
"SCP_N24.EpiA.TCAGGTAAGTGGTAGC","SCP259","SCP259_N24",6.50478079822544,0.0881731716329091,"0","#ED90A4"
"SCP_N24.EpiA.TCAGGTACAAGTAATG","SCP259","SCP259_N24",2.82655551937107,7.75534333860221,"2","#B7AE50"
"SCP_N24.EpiA.TCAGGTACACGACGAA","SCP259","SCP259_N24",5.46964886692051,2.59383537446799,"0","#ED90A4"
"SCP_N24.EpiA.TCAGGTATCCCTTGTG","SCP259","SCP259_N24",3.15088704135899,1.62240779971423,"0","#ED90A4"
"SCP_N24.EpiA.TCAGGTATCGAGCCCA","SCP259","SCP259_N24",5.11872008350376,3.49240984594169,"0","#ED90A4"
"SCP_N24.EpiA.TCAGGTATCGTGTAGT","SCP259","SCP259_N24",6.40583994892124,0.907896807544851,"0","#ED90A4"
"SCP_N24.EpiA.TCATTACAGGCCCTCA","SCP259","SCP259_N24",5.2354736616898,3.02227987920585,"0","#ED90A4"
"SCP_N24.EpiA.TCATTACAGTACGTAA","SCP259","SCP259_N24",2.67161300685887,2.50745823060813,"0","#ED90A4"
"SCP_N24.EpiA.TCATTACCAAATCCGT","SCP259","SCP259_N24",0.843153624801676,3.15613033448996,"0","#ED90A4"
"SCP_N24.EpiA.TCATTACCAGTTCATG","SCP259","SCP259_N24",1.87172439601902,8.33751001035514,"2","#B7AE50"
"SCP_N24.EpiA.TCATTACGTACTCGCG","SCP259","SCP259_N24",4.00940683391575,4.04727067624869,"0","#ED90A4"
"SCP_N24.EpiA.TCATTACGTCAAAGAT","SCP259","SCP259_N24",5.81567338016514,1.81183754479232,"0","#ED90A4"
"SCP_N24.EpiA.TCATTACTCCAGATCA","SCP259","SCP259_N24",5.14649203327183,-0.167835453397609,"0","#ED90A4"
"SCP_N24.EpiA.TCATTTGAGAAGGCCT","SCP259","SCP259_N24",6.01220467594151,1.74511926447692,"0","#ED90A4"
"SCP_N24.EpiA.TCATTTGAGCAAATCA","SCP259","SCP259_N24",5.84113266971592,1.66889195715728,"0","#ED90A4"
"SCP_N24.EpiA.TCATTTGAGGCTACGA","SCP259","SCP259_N24",3.14858487155918,3.17736735021415,"0","#ED90A4"
"SCP_N24.EpiA.TCATTTGGTATAAACG","SCP259","SCP259_N24",3.3507502367783,6.31025733625235,"2","#B7AE50"
"SCP_N24.EpiA.TCATTTGTCCCTAACC","SCP259","SCP259_N24",1.56860628631596,3.44628872548881,"0","#ED90A4"
"SCP_N24.EpiA.TCCACACAGAGTCTGG","SCP259","SCP259_N24",5.29750874546055,-0.352601269132472,"0","#ED90A4"
"SCP_N24.EpiA.TCCACACGTACACCGC","SCP259","SCP259_N24",5.41262915637974,3.07776810800376,"0","#ED90A4"
"SCP_N24.EpiA.TCCACACTCAGAGCTT","SCP259","SCP259_N24",5.15116551425938,1.8323129919702,"0","#ED90A4"
"SCP_N24.EpiA.TCCCGATAGCAATATG","SCP259","SCP259_N24",4.53343966510777,2.57314099942985,"0","#ED90A4"
"SCP_N24.EpiA.TCCCGATGTCTCCCTA","SCP259","SCP259_N24",3.87532308605198,2.11792673742118,"0","#ED90A4"
"SCP_N24.EpiA.TCCCGATTCAAGATCC","SCP259","SCP259_N24",3.44167354610447,2.58985950624289,"0","#ED90A4"
"SCP_N24.EpiA.TCGAGGCAGCTCTCGG","SCP259","SCP259_N24",6.34935095813755,5.84704150831046,"2","#B7AE50"
"SCP_N24.EpiA.TCGAGGCCAACACGCC","SCP259","SCP259_N24",3.34769418743138,8.39569940244498,"2","#B7AE50"
"SCP_N24.EpiA.TCGAGGCGTCGGATCC","SCP259","SCP259_N24",1.24026694801335,3.6182824579412,"0","#ED90A4"
"SCP_N24.EpiA.TCGAGGCTCAGCGACC","SCP259","SCP259_N24",3.55882742908482,2.89734234487357,"0","#ED90A4"
"SCP_N24.EpiA.TCGCGAGAGTCGAGTG","SCP259","SCP259_N24",3.68698933628086,2.23434807931724,"0","#ED90A4"
"SCP_N24.EpiA.TCGCGAGCATCGGTTA","SCP259","SCP259_N24",3.06588938739781,7.13133659040275,"2","#B7AE50"
"SCP_N24.EpiA.TCGCGAGGTCAGAAGC","SCP259","SCP259_N24",4.43671086338047,1.94148411428275,"0","#ED90A4"
"SCP_N24.EpiA.TCGCGAGGTGCAACGA","SCP259","SCP259_N24",5.54500105884556,3.04366233026328,"0","#ED90A4"
"SCP_N24.EpiA.TCGCGAGGTGCCTGTG","SCP259","SCP259_N24",4.27397158649449,5.40353645955863,"0","#ED90A4"
"SCP_N24.EpiA.TCGCGAGTCCGTAGTA","SCP259","SCP259_N24",4.78150465991978,1.00553091441932,"0","#ED90A4"
"SCP_N24.EpiA.TCGCGTTAGCGGATCA","SCP259","SCP259_N24",4.08915427234654,7.5171979871923,"2","#B7AE50"
"SCP_N24.EpiA.TCGCGTTCACGAAAGC","SCP259","SCP259_N24",2.39762619045262,7.3336624113256,"2","#B7AE50"
"SCP_N24.EpiA.TCGCGTTTCAAAGACA","SCP259","SCP259_N24",2.33640268352513,6.9299119917089,"2","#B7AE50"
"SCP_N24.EpiA.TCGCGTTTCAAGGTAA","SCP259","SCP259_N24",1.76427748706822,3.70671119367423,"0","#ED90A4"
"SCP_N24.EpiA.TCGCGTTTCTTTACAC","SCP259","SCP259_N24",1.95753303077702,4.02803411161246,"0","#ED90A4"
"SCP_N24.EpiA.TCGGGACCACAGACTT","SCP259","SCP259_N24",3.97841194179539,6.37094583188834,"2","#B7AE50"
"SCP_N24.EpiA.TCGGGACGTCTAGTGT","SCP259","SCP259_N24",5.73980763462071,2.01154305612388,"0","#ED90A4"
"SCP_N24.EpiA.TCGGTAAAGCGATAGC","SCP259","SCP259_N24",4.02080181148533,2.97022058641257,"0","#ED90A4"
"SCP_N24.EpiA.TCGGTAAAGTACGATA","SCP259","SCP259_N24",2.88956454303745,7.86486806546988,"2","#B7AE50"
"SCP_N24.EpiA.TCGGTAACAGCATACT","SCP259","SCP259_N24",3.02302816417698,7.31674756681266,"2","#B7AE50"
"SCP_N24.EpiA.TCGGTAATCATGTGGT","SCP259","SCP259_N24",5.26413300540928,4.49843516027274,"2","#B7AE50"
"SCP_N24.EpiA.TCGGTAATCCAATGGT","SCP259","SCP259_N24",3.09590986278538,4.30723848020377,"0","#ED90A4"
"SCP_N24.EpiA.TCGTACCCACACATGT","SCP259","SCP259_N24",5.63306382205967,3.09868588125052,"0","#ED90A4"
"SCP_N24.EpiA.TCGTACCCAGACGCTC","SCP259","SCP259_N24",4.01053121593479,7.4818386045629,"2","#B7AE50"
"SCP_N24.EpiA.TCGTACCGTCGAGATG","SCP259","SCP259_N24",3.45845201519016,2.5175584760839,"0","#ED90A4"
"SCP_N24.EpiA.TCGTACCTCCATGCTC","SCP259","SCP259_N24",4.27762988117222,5.32793512021842,"2","#B7AE50"
"SCP_N24.EpiA.TCTATTGAGATCCTGT","SCP259","SCP259_N24",4.66735222843174,0.396035811060094,"0","#ED90A4"
"SCP_N24.EpiA.TCTATTGAGCCTCGTG","SCP259","SCP259_N24",4.45592501667027,1.35007897963467,"0","#ED90A4"
"SCP_N24.EpiA.TCTATTGAGCTCTCGG","SCP259","SCP259_N24",2.65948966053013,7.13254108106437,"2","#B7AE50"
"SCP_N24.EpiA.TCTATTGAGCTGATAA","SCP259","SCP259_N24",2.31816700008396,5.48045005475821,"2","#B7AE50"
"SCP_N24.EpiA.TCTATTGAGTGTTAGA","SCP259","SCP259_N24",2.26493886020664,6.87998237287345,"2","#B7AE50"
"SCP_N24.EpiA.TCTATTGGTGCATCTA","SCP259","SCP259_N24",1.55919685867314,2.98658623372855,"0","#ED90A4"
"SCP_N24.EpiA.TCTATTGTCATAAAGG","SCP259","SCP259_N24",4.08044698741917,4.8803616968328,"0","#ED90A4"
"SCP_N24.EpiA.TCTCATAAGCTAGCCC","SCP259","SCP259_N24",4.16564395931248,1.89302819048705,"0","#ED90A4"
"SCP_N24.EpiA.TCTCATACACTCTGTC","SCP259","SCP259_N24",4.2147114565659,7.35976590787711,"2","#B7AE50"
"SCP_N24.EpiA.TCTCATAGTAATTGGA","SCP259","SCP259_N24",5.3347864439774,5.64677943860831,"2","#B7AE50"
"SCP_N24.EpiA.TCTCATATCTCCAGGG","SCP259","SCP259_N24",4.1905575087357,4.06127729093375,"0","#ED90A4"
"SCP_N24.EpiA.TCTCTAAAGACTAAGT","SCP259","SCP259_N24",2.09451022651676,3.6658727136785,"0","#ED90A4"
"SCP_N24.EpiA.TCTCTAACAGCTGTAT","SCP259","SCP259_N24",4.12450316455845,2.84891833936515,"0","#ED90A4"
"SCP_N24.EpiA.TCTCTAAGTTGGGACA","SCP259","SCP259_N24",2.52027323749546,1.75548069750609,"0","#ED90A4"
"SCP_N24.EpiA.TCTGAGAGTAGCAAAT","SCP259","SCP259_N24",4.02925994899754,1.00056921517196,"0","#ED90A4"
"SCP_N24.EpiA.TCTGAGAGTGGGTCAA","SCP259","SCP259_N24",5.00769475009922,0.192377945535802,"0","#ED90A4"
"SCP_N24.EpiA.TCTGGAAAGCGTCTAT","SCP259","SCP259_N24",2.52377441432957,2.1225200501615,"0","#ED90A4"
"SCP_N24.EpiA.TCTGGAAAGGAGTCTG","SCP259","SCP259_N24",5.90124753025059,2.09130813752952,"0","#ED90A4"
"SCP_N24.EpiA.TCTGGAACATCCTAGA","SCP259","SCP259_N24",4.17650082614903,7.66939153348746,"2","#B7AE50"
"SCP_N24.EpiA.TCTGGAACATGATCCA","SCP259","SCP259_N24",2.89068797138218,3.73810019170585,"0","#ED90A4"
"SCP_N24.EpiA.TCTGGAAGTCACCCAG","SCP259","SCP259_N24",5.30453684833531,0.638777634256505,"0","#ED90A4"
"SCP_N24.EpiA.TCTTCGGAGCCACGCT","SCP259","SCP259_N24",4.12761977222447,4.39904441510978,"0","#ED90A4"
"SCP_N24.EpiA.TCTTCGGAGGCCGAAT","SCP259","SCP259_N24",4.39297154453282,1.60924883758368,"0","#ED90A4"
"SCP_N24.EpiA.TCTTCGGAGTATGACA","SCP259","SCP259_N24",5.01196053531651,1.65174058651271,"0","#ED90A4"
"SCP_N24.EpiA.TCTTCGGCACACAGAG","SCP259","SCP259_N24",3.25255730655674,2.5958647934133,"0","#ED90A4"
"SCP_N24.EpiA.TCTTCGGCAGCGATCC","SCP259","SCP259_N24",5.33921006229405,1.8484496978456,"0","#ED90A4"
"SCP_N24.EpiA.TCTTCGGGTACTCAAC","SCP259","SCP259_N24",4.96737959888462,2.36492361699881,"0","#ED90A4"
"SCP_N24.EpiA.TCTTCGGTCCAAACAC","SCP259","SCP259_N24",3.94034817722325,5.61542071973624,"2","#B7AE50"
"SCP_N24.EpiA.TCTTTCCCAGGGTTAG","SCP259","SCP259_N24",4.2081287195969,6.70454063093009,"2","#B7AE50"
"SCP_N24.EpiA.TCTTTCCGTTAGATGA","SCP259","SCP259_N24",1.81375697162632,8.20184936200919,"2","#B7AE50"
"SCP_N24.EpiA.TCTTTCCGTTGATTCG","SCP259","SCP259_N24",5.72623637226109,4.85997285520377,"2","#B7AE50"
"SCP_N24.EpiA.TCTTTCCGTTGCTCCT","SCP259","SCP259_N24",6.27581217792515,5.61940564786735,"2","#B7AE50"
"SCP_N24.EpiA.TGAAAGAAGCTCAACT","SCP259","SCP259_N24",4.03494122531895,5.20413365041556,"0","#ED90A4"
"SCP_N24.EpiA.TGAAAGACATGCGCAC","SCP259","SCP259_N24",4.06135275867466,3.37106957113089,"0","#ED90A4"
"SCP_N24.EpiA.TGAAAGAGTCAAGCGA","SCP259","SCP259_N24",6.41088583972935,5.96393384610953,"2","#B7AE50"
"SCP_N24.EpiA.TGAAAGATCGTAGATC","SCP259","SCP259_N24",2.30958488491062,6.65525045072379,"2","#B7AE50"
"SCP_N24.EpiA.TGAAAGATCTCTGTCG","SCP259","SCP259_N24",4.66992428806309,3.8580433336431,"0","#ED90A4"
"SCP_N24.EpiA.TGACAACAGCGAGAAA","SCP259","SCP259_N24",1.91829112079624,7.75691928541007,"2","#B7AE50"
"SCP_N24.EpiA.TGACAACAGGAACTGC","SCP259","SCP259_N24",2.59883072879795,8.10538472806754,"2","#B7AE50"
"SCP_N24.EpiA.TGACAACGTGTCTGAT","SCP259","SCP259_N24",2.42985108402256,2.45924093400779,"0","#ED90A4"
"SCP_N24.EpiA.TGACGGCAGACTTTCG","SCP259","SCP259_N24",2.54455044773106,6.98429240857902,"2","#B7AE50"
"SCP_N24.EpiA.TGACGGCCAAGCCGCT","SCP259","SCP259_N24",4.71320965793614,2.37434860145392,"0","#ED90A4"
"SCP_N24.EpiA.TGACGGCCACCACGTG","SCP259","SCP259_N24",2.10472300556187,4.83799328481498,"0","#ED90A4"
"SCP_N24.EpiA.TGACGGCGTCCAAGTT","SCP259","SCP259_N24",3.44214656856541,1.76246049081626,"0","#ED90A4"
"SCP_N24.EpiA.TGACGGCGTGAGCGAT","SCP259","SCP259_N24",2.59069111850743,4.52807917272391,"0","#ED90A4"
"SCP_N24.EpiA.TGACGGCGTGGGTCAA","SCP259","SCP259_N24",3.51243498828892,2.84739031469169,"0","#ED90A4"
"SCP_N24.EpiA.TGACGGCTCACGCGGT","SCP259","SCP259_N24",2.94733622577671,4.64556851064506,"0","#ED90A4"
"SCP_N24.EpiA.TGACGGCTCCTAGGGC","SCP259","SCP259_N24",3.90579727199558,6.9640277830297,"2","#B7AE50"
"SCP_N24.EpiA.TGACGGCTCGGTCTAA","SCP259","SCP259_N24",3.4914322188187,5.87241735135856,"2","#B7AE50"
"SCP_N24.EpiA.TGACTAGAGGGCTTCC","SCP259","SCP259_N24",4.32501891162876,3.98170008336844,"0","#ED90A4"
"SCP_N24.EpiA.TGACTAGGTACGAAAT","SCP259","SCP259_N24",5.61206391361241,0.776330193632268,"0","#ED90A4"
"SCP_N24.EpiA.TGACTTTGTAGGCATG","SCP259","SCP259_N24",4.98791792896275,2.35384895479026,"0","#ED90A4"
"SCP_N24.EpiA.TGACTTTGTCGAACAG","SCP259","SCP259_N24",4.56056693103794,4.80945434247794,"2","#B7AE50"
"SCP_N24.EpiA.TGACTTTGTGAGTATA","SCP259","SCP259_N24",2.15833809879307,8.07951249753776,"2","#B7AE50"
"SCP_N24.EpiA.TGACTTTTCTTACCTA","SCP259","SCP259_N24",3.11516335514073,4.71818008100333,"0","#ED90A4"
"SCP_N24.EpiA.TGACTTTTCTTGAGAC","SCP259","SCP259_N24",2.40460970905308,5.34419717466178,"2","#B7AE50"
"SCP_N24.EpiA.TGAGAGGAGAAACCAT","SCP259","SCP259_N24",2.63885119464878,4.38751163160148,"0","#ED90A4"
"SCP_N24.EpiA.TGAGAGGAGGAGTACC","SCP259","SCP259_N24",6.04320338275913,-0.361213305837489,"0","#ED90A4"
"SCP_N24.EpiA.TGAGAGGAGGTGCTTT","SCP259","SCP259_N24",2.9909234335709,6.46912612592521,"2","#B7AE50"
"SCP_N24.EpiA.TGAGAGGGTATCAGTC","SCP259","SCP259_N24",4.07808092144016,7.13754262601676,"2","#B7AE50"
"SCP_N24.EpiA.TGAGAGGGTGACCAAG","SCP259","SCP259_N24",2.84070089366917,3.1544265953237,"0","#ED90A4"
"SCP_N24.EpiA.TGAGAGGTCCAACCAA","SCP259","SCP259_N24",2.86499574687962,4.17298664724173,"0","#ED90A4"
"SCP_N24.EpiA.TGAGCATCAGAAGCAC","SCP259","SCP259_N24",2.88238289859776,6.58015622770133,"2","#B7AE50"
"SCP_N24.EpiA.TGAGCATGTAGGACAC","SCP259","SCP259_N24",4.68769696262364,4.92803682958426,"2","#B7AE50"
"SCP_N24.EpiA.TGAGCATGTCCCTTGT","SCP259","SCP259_N24",3.84957578685765,5.9671639410192,"2","#B7AE50"
"SCP_N24.EpiA.TGAGCATGTCTAGTGT","SCP259","SCP259_N24",4.21366003063206,1.40091923893149,"0","#ED90A4"
"SCP_N24.EpiA.TGAGCATTCGTATCAG","SCP259","SCP259_N24",3.11585810688023,6.95381631528678,"2","#B7AE50"
"SCP_N24.EpiA.TGAGCATTCTCTGCTG","SCP259","SCP259_N24",1.15358558204655,3.28879775678458,"0","#ED90A4"
"SCP_N24.EpiA.TGAGCCGAGAACAACT","SCP259","SCP259_N24",0.522686689167063,3.83208241140189,"0","#ED90A4"
"SCP_N24.EpiA.TGAGCCGAGATACACA","SCP259","SCP259_N24",4.02501585987095,4.81835832273307,"0","#ED90A4"
"SCP_N24.EpiA.TGAGCCGTCATCTGCC","SCP259","SCP259_N24",4.32255414035801,6.93723811780753,"2","#B7AE50"
"SCP_N24.EpiA.TGAGCCGTCCTCTAGC","SCP259","SCP259_N24",6.50516083744053,1.56738715445342,"0","#ED90A4"
"SCP_N24.EpiA.TGAGCCGTCGTGGTCG","SCP259","SCP259_N24",2.38334920909886,1.34897472535911,"0","#ED90A4"
"SCP_N24.EpiA.TGAGCCGTCTGGTATG","SCP259","SCP259_N24",2.95374944713597,6.47620429670157,"2","#B7AE50"
"SCP_N24.EpiA.TGAGGGAAGCAGATCG","SCP259","SCP259_N24",2.87541177776341,6.47131480848136,"2","#B7AE50"
"SCP_N24.EpiA.TGAGGGAAGTACGCCC","SCP259","SCP259_N24",3.53063633945469,7.10909118329825,"2","#B7AE50"
"SCP_N24.EpiA.TGAGGGACAATTGCTG","SCP259","SCP259_N24",4.02722957637791,5.31402983342948,"2","#B7AE50"
"SCP_N24.EpiA.TGAGGGACACGCATCG","SCP259","SCP259_N24",4.4873366644669,3.17794146215262,"0","#ED90A4"
"SCP_N24.EpiA.TGAGGGAGTACCGGCT","SCP259","SCP259_N24",2.74602225330357,5.0682221857244,"0","#ED90A4"
"SCP_N24.EpiA.TGAGGGATCTAACTGG","SCP259","SCP259_N24",3.26686242130284,7.83899345075431,"2","#B7AE50"
"SCP_N24.EpiA.TGATTTCAGCTGAAAT","SCP259","SCP259_N24",5.85159972217564,0.200699588411474,"0","#ED90A4"
"SCP_N24.EpiA.TGATTTCAGGTACTCT","SCP259","SCP259_N24",4.09259536769871,4.89420976316276,"0","#ED90A4"
"SCP_N24.EpiA.TGATTTCGTCTGGAGA","SCP259","SCP259_N24",3.22217395809178,7.94317092572989,"2","#B7AE50"
"SCP_N24.EpiA.TGCACCTAGGATCGCA","SCP259","SCP259_N24",4.81000330951695,2.86115207349601,"0","#ED90A4"
"SCP_N24.EpiA.TGCACCTTCTTGTTTG","SCP259","SCP259_N24",2.76041319873814,5.54972304975333,"2","#B7AE50"
"SCP_N24.EpiA.TGCCAAAAGCGAAGGG","SCP259","SCP259_N24",4.38942435291294,5.25532593404593,"2","#B7AE50"
"SCP_N24.EpiA.TGCCAAATCATGGTCA","SCP259","SCP259_N24",3.60400703456883,5.7566074339086,"2","#B7AE50"
"SCP_N24.EpiA.TGCCAAATCCTCCTAG","SCP259","SCP259_N24",3.0759232332993,6.5827964750463,"2","#B7AE50"
"SCP_N24.EpiA.TGCCCTAGTAGCGCAA","SCP259","SCP259_N24",4.44152119663243,1.64268339251819,"0","#ED90A4"
"SCP_N24.EpiA.TGCCCTATCACCCGAG","SCP259","SCP259_N24",2.7949960520554,6.86067475950065,"2","#B7AE50"
"SCP_N24.EpiA.TGCCCTATCGCAAACT","SCP259","SCP259_N24",2.94340708759312,2.23320325290503,"0","#ED90A4"
"SCP_N24.EpiA.TGCGCAGAGAAGGACA","SCP259","SCP259_N24",3.27388265636448,4.56068339025321,"0","#ED90A4"
"SCP_N24.EpiA.TGCGCAGAGAATCTCC","SCP259","SCP259_N24",1.99237218406681,8.03065623914542,"2","#B7AE50"
"SCP_N24.EpiA.TGCGCAGAGGCCATAG","SCP259","SCP259_N24",4.13080194499974,2.42774953519645,"0","#ED90A4"
"SCP_N24.EpiA.TGCGCAGTCATGTCCC","SCP259","SCP259_N24",4.44736626651768,1.64073977445903,"0","#ED90A4"
"SCP_N24.EpiA.TGCGGGTCAAGGTTCT","SCP259","SCP259_N24",2.56952050235752,5.33438267385306,"2","#B7AE50"
"SCP_N24.EpiA.TGCGGGTCAATGGACG","SCP259","SCP259_N24",0.966025142936747,3.32399811422172,"0","#ED90A4"
"SCP_N24.EpiA.TGCGGGTCACCACCAG","SCP259","SCP259_N24",1.40741267707829,4.27457751905265,"0","#ED90A4"
"SCP_N24.EpiA.TGCGGGTGTAAATACG","SCP259","SCP259_N24",3.25126150157932,6.95733441984,"2","#B7AE50"
"SCP_N24.EpiA.TGCGGGTTCACAAACC","SCP259","SCP259_N24",3.21317198780064,2.15092482244315,"0","#ED90A4"
"SCP_N24.EpiA.TGCGGGTTCTGAGTGT","SCP259","SCP259_N24",0.904818921356241,3.92370643293204,"0","#ED90A4"
"SCP_N24.EpiA.TGCGTGGAGACTACAA","SCP259","SCP259_N24",3.2466025641251,5.70285834943595,"2","#B7AE50"
"SCP_N24.EpiA.TGCGTGGGTCCGTGAC","SCP259","SCP259_N24",3.19514587429051,2.10885461246314,"0","#ED90A4"
"SCP_N24.EpiA.TGCGTGGTCTCGCATC","SCP259","SCP259_N24",0.377616747288744,4.01861443197074,"0","#ED90A4"
"SCP_N24.EpiA.TGCTACCAGCCATCGC","SCP259","SCP259_N24",1.59819224384312,2.37678732549491,"0","#ED90A4"
"SCP_N24.EpiA.TGCTACCAGCTAGCCC","SCP259","SCP259_N24",3.57439115550999,3.99985088979545,"0","#ED90A4"
"SCP_N24.EpiA.TGCTACCGTGCGAAAC","SCP259","SCP259_N24",3.09679987934117,7.61224593793693,"2","#B7AE50"
"SCP_N24.EpiA.TGCTACCTCATTCACT","SCP259","SCP259_N24",2.68348792102818,5.42374314939322,"2","#B7AE50"
"SCP_N24.EpiA.TGCTACCTCTGTCCGT","SCP259","SCP259_N24",4.33612540271763,4.46285619413199,"0","#ED90A4"
"SCP_N24.EpiA.TGCTGCTAGATGTTAG","SCP259","SCP259_N24",5.96894410160069,2.37856735860648,"0","#ED90A4"
"SCP_N24.EpiA.TGCTGCTAGTATCGAA","SCP259","SCP259_N24",4.28383925464634,5.73994531308951,"2","#B7AE50"
"SCP_N24.EpiA.TGCTGCTCAGGCAGTA","SCP259","SCP259_N24",4.18083098438267,3.71632113134208,"0","#ED90A4"
"SCP_N24.EpiA.TGCTGCTGTAGCCTAT","SCP259","SCP259_N24",6.39815094974522,0.291493913286351,"0","#ED90A4"
"SCP_N24.EpiA.TGGACGCCACATCCAA","SCP259","SCP259_N24",6.0323314955521,5.47386827146354,"2","#B7AE50"
"SCP_N24.EpiA.TGGACGCCACCAGTTA","SCP259","SCP259_N24",4.30219843891148,4.66394676839652,"0","#ED90A4"
"SCP_N24.EpiA.TGGACGCTCGTGGTCG","SCP259","SCP259_N24",4.48907807376866,1.75768353616538,"0","#ED90A4"
"SCP_N24.EpiA.TGGCCAGAGAATCTCC","SCP259","SCP259_N24",4.50017073657994,1.90756251489463,"0","#ED90A4"
"SCP_N24.EpiA.TGGCCAGAGCCAGGAT","SCP259","SCP259_N24",3.53200462368015,1.91844781314673,"0","#ED90A4"
"SCP_N24.EpiA.TGGCCAGGTAGTGAAT","SCP259","SCP259_N24",5.92230656650547,2.05612518464866,"0","#ED90A4"
"SCP_N24.EpiA.TGGCGCAAGCACCGTC","SCP259","SCP259_N24",2.30337408092503,7.00134648954215,"2","#B7AE50"
"SCP_N24.EpiA.TGGCGCAAGTTCGCGC","SCP259","SCP259_N24",0.367612808017771,4.01747002279105,"0","#ED90A4"
"SCP_N24.EpiA.TGGCGCAGTATGAATG","SCP259","SCP259_N24",2.74419525173191,1.64980678831878,"0","#ED90A4"
"SCP_N24.EpiA.TGGCTGGAGGACGAAA","SCP259","SCP259_N24",1.92654076126103,8.27164163266959,"2","#B7AE50"
"SCP_N24.EpiA.TGGCTGGTCCTGTACC","SCP259","SCP259_N24",3.18471386936192,0.877214571588659,"0","#ED90A4"
"SCP_N24.EpiA.TGGGAAGTCAAAGTAG","SCP259","SCP259_N24",3.53802183177952,6.81260766660514,"2","#B7AE50"
"SCP_N24.EpiA.TGGGCGTGTAAACCTC","SCP259","SCP259_N24",1.32998421695713,6.94453801786246,"2","#B7AE50"
"SCP_N24.EpiA.TGGGCGTTCTCATTCA","SCP259","SCP259_N24",2.08630838897709,1.49363597308936,"0","#ED90A4"
"SCP_N24.EpiA.TGGTTAGCACAGGCCT","SCP259","SCP259_N24",3.62379482295994,1.42277891387882,"0","#ED90A4"
"SCP_N24.EpiA.TGGTTCCCACATTCGA","SCP259","SCP259_N24",3.96795108821873,4.01724948560538,"0","#ED90A4"
"SCP_N24.EpiA.TGGTTCCGTTAAGACA","SCP259","SCP259_N24",4.3621940901566,1.76654016053023,"0","#ED90A4"
"SCP_N24.EpiA.TGTATTCAGAGTAATC","SCP259","SCP259_N24",3.23004010227207,3.39549662744346,"0","#ED90A4"
"SCP_N24.EpiA.TGTATTCAGTGCTGCC","SCP259","SCP259_N24",4.10211422946934,5.2928258386785,"2","#B7AE50"
"SCP_N24.EpiA.TGTATTCCATAGAAAC","SCP259","SCP259_N24",6.54531815555577,5.9315513578588,"2","#B7AE50"
"SCP_N24.EpiA.TGTATTCGTAGCTGCC","SCP259","SCP259_N24",2.30131199863438,5.30656637822928,"2","#B7AE50"
"SCP_N24.EpiA.TGTATTCGTGAGGGTT","SCP259","SCP259_N24",4.19009974506382,6.91515721952262,"2","#B7AE50"
"SCP_N24.EpiA.TGTATTCGTGTGCGTC","SCP259","SCP259_N24",5.35340979602818,3.82279600774589,"0","#ED90A4"
"SCP_N24.EpiA.TGTATTCTCCTTGCCA","SCP259","SCP259_N24",0.660248219041864,4.33291568433585,"0","#ED90A4"
"SCP_N24.EpiA.TGTATTCTCGTCCGTT","SCP259","SCP259_N24",3.16561248806004,5.36666145002189,"2","#B7AE50"
"SCP_N24.EpiA.TGTCCCAAGGCCCGTT","SCP259","SCP259_N24",3.86809685733799,2.72017028009238,"0","#ED90A4"
"SCP_N24.EpiA.TGTCCCACACAGACAG","SCP259","SCP259_N24",2.92509511020664,8.24074115430655,"2","#B7AE50"
"SCP_N24.EpiA.TGTCCCAGTCCGAATT","SCP259","SCP259_N24",2.32538607624058,7.42453088437858,"2","#B7AE50"
"SCP_N24.EpiA.TGTCCCAGTCGCTTTC","SCP259","SCP259_N24",3.09940960910801,2.24838962232413,"0","#ED90A4"
"SCP_N24.EpiA.TGTCCCATCACAAACC","SCP259","SCP259_N24",4.27558758762364,3.16494574224296,"0","#ED90A4"
"SCP_N24.EpiA.TGTCCCATCCGTAGTA","SCP259","SCP259_N24",2.89001896884922,7.1372136083776,"2","#B7AE50"
"SCP_N24.EpiA.TGTCCCATCTGTCAAG","SCP259","SCP259_N24",6.5634708693314,1.50399357652011,"0","#ED90A4"
"SCP_N24.EpiA.TGTGGTAAGGTTCCTA","SCP259","SCP259_N24",2.00781538990025,2.29777153407874,"0","#ED90A4"
"SCP_N24.EpiA.TGTGGTACAGTCTTCC","SCP259","SCP259_N24",5.63491538074497,2.14888205205741,"0","#ED90A4"
"SCP_N24.EpiA.TGTGGTAGTCAGATAA","SCP259","SCP259_N24",5.27858260181431,0.803036710374974,"0","#ED90A4"
"SCP_N24.EpiA.TGTGTTTAGAAGGTGA","SCP259","SCP259_N24",3.77885129955296,4.85565628682914,"0","#ED90A4"
"SCP_N24.EpiA.TGTGTTTCAGCTGTGC","SCP259","SCP259_N24",3.76613286045078,1.54154481565299,"0","#ED90A4"
"SCP_N24.EpiA.TGTGTTTGTGCACTTA","SCP259","SCP259_N24",3.76232030895237,6.8358310667211,"2","#B7AE50"
"SCP_N24.EpiA.TGTGTTTGTTCCTCCA","SCP259","SCP259_N24",4.68082001712803,1.85507883703055,"0","#ED90A4"
"SCP_N24.EpiA.TGTGTTTGTTGGGACA","SCP259","SCP259_N24",6.50778964069371,5.79318370496573,"2","#B7AE50"
"SCP_N24.EpiA.TGTGTTTTCACTGGGC","SCP259","SCP259_N24",4.27674439456944,4.25035967504325,"0","#ED90A4"
"SCP_N24.EpiA.TGTGTTTTCGCGTTTC","SCP259","SCP259_N24",3.43107870128636,3.05928375398459,"0","#ED90A4"
"SCP_N24.EpiA.TGTGTTTTCTTACCGC","SCP259","SCP259_N24",3.14314225223545,7.12834062253776,"2","#B7AE50"
"SCP_N24.EpiA.TGTTCCGAGAATGTTG","SCP259","SCP259_N24",5.95687964466099,2.27545430337729,"0","#ED90A4"
"SCP_N24.EpiA.TGTTCCGAGTACGCCC","SCP259","SCP259_N24",3.56842854526524,6.48345985090079,"2","#B7AE50"
"SCP_N24.EpiA.TGTTCCGCAACTGCTA","SCP259","SCP259_N24",3.56794360187535,7.45615758573356,"2","#B7AE50"
"SCP_N24.EpiA.TGTTCCGTCACTTCAT","SCP259","SCP259_N24",2.76044967678074,4.94005360280814,"0","#ED90A4"
"SCP_N24.EpiA.TTAACTCAGACATAAC","SCP259","SCP259_N24",4.38346674945835,1.06073536550345,"0","#ED90A4"
"SCP_N24.EpiA.TTAACTCCACTGTCGG","SCP259","SCP259_N24",4.02536347415928,2.80480518018546,"0","#ED90A4"
"SCP_N24.EpiA.TTAACTCCAGCTGCTG","SCP259","SCP259_N24",6.19103482273106,5.64019479429068,"2","#B7AE50"
"SCP_N24.EpiA.TTAACTCCATGGGAAC","SCP259","SCP259_N24",5.76986029651646,3.06410386239829,"0","#ED90A4"
"SCP_N24.EpiA.TTAACTCGTCTGCCAG","SCP259","SCP259_N24",2.2731180479813,7.60901965772452,"2","#B7AE50"
"SCP_N24.EpiA.TTAACTCGTTCTGTTT","SCP259","SCP259_N24",2.49259236362461,5.32678069745841,"2","#B7AE50"
"SCP_N24.EpiA.TTAACTCTCACAATGC","SCP259","SCP259_N24",3.00366476085667,3.18467535650077,"0","#ED90A4"
"SCP_N24.EpiA.TTAGGACCAGTATCTG","SCP259","SCP259_N24",6.56108859088902,0.222481271379613,"0","#ED90A4"
"SCP_N24.EpiA.TTAGGACGTCGAATCT","SCP259","SCP259_N24",4.72244074848179,2.73354603921714,"0","#ED90A4"
"SCP_N24.EpiA.TTAGGACGTTGCCTCT","SCP259","SCP259_N24",4.14573314693455,6.97539939557853,"2","#B7AE50"
"SCP_N24.EpiA.TTAGGCAAGAAGGCCT","SCP259","SCP259_N24",2.30576017406468,7.05327644025626,"2","#B7AE50"
"SCP_N24.EpiA.TTAGGCACAATGTAAG","SCP259","SCP259_N24",4.58241847064976,3.62158765470328,"0","#ED90A4"
"SCP_N24.EpiA.TTAGGCACATAGTAAG","SCP259","SCP259_N24",4.03804972675328,3.24726726686301,"0","#ED90A4"
"SCP_N24.EpiA.TTAGGCAGTACATGTC","SCP259","SCP259_N24",1.88088002708439,2.65837158834281,"0","#ED90A4"
"SCP_N24.EpiA.TTAGTTCCACTTCGAA","SCP259","SCP259_N24",1.29309609439854,4.6539806333715,"0","#ED90A4"
"SCP_N24.EpiA.TTAGTTCCAGCTGTAT","SCP259","SCP259_N24",4.45827868488316,1.94220235025229,"0","#ED90A4"
"SCP_N24.EpiA.TTAGTTCGTCGACTGC","SCP259","SCP259_N24",0.932499854831736,3.42538346921744,"0","#ED90A4"
"SCP_N24.EpiA.TTAGTTCGTTTGCATG","SCP259","SCP259_N24",5.59092429187779,3.67254485761466,"0","#ED90A4"
"SCP_N24.EpiA.TTAGTTCTCCGGGTGT","SCP259","SCP259_N24",4.03064706829075,1.65832998430076,"0","#ED90A4"
"SCP_N24.EpiA.TTATGCTAGCACCGCT","SCP259","SCP259_N24",3.31577661540989,6.81034364377799,"2","#B7AE50"
"SCP_N24.EpiA.TTATGCTAGTTCGATC","SCP259","SCP259_N24",3.3710093787003,1.24844430958571,"0","#ED90A4"
"SCP_N24.EpiA.TTATGCTGTTCGAATC","SCP259","SCP259_N24",2.14723303821568,1.92470302259269,"0","#ED90A4"
"SCP_N24.EpiA.TTATGCTTCAAAGACA","SCP259","SCP259_N24",6.48403885868077,5.88339271222892,"2","#B7AE50"
"SCP_N24.EpiA.TTATGCTTCTACTTAC","SCP259","SCP259_N24",6.20609190967564,0.709358831995153,"0","#ED90A4"
"SCP_N24.EpiA.TTATGCTTCTTTCCTC","SCP259","SCP259_N24",2.3223877241898,5.14410342847648,"0","#ED90A4"
"SCP_N24.EpiA.TTCCCAGAGTGCAAGC","SCP259","SCP259_N24",2.93242600467686,1.87492515718284,"0","#ED90A4"
"SCP_N24.EpiA.TTCCCAGGTGTTGAGG","SCP259","SCP259_N24",2.22148957756046,7.92695083295646,"2","#B7AE50"
"SCP_N24.EpiA.TTCCCAGTCTTAGAGC","SCP259","SCP259_N24",6.11092570331578,2.06739886676612,"0","#ED90A4"
"SCP_N24.EpiA.TTCGAAGAGGAGTCTG","SCP259","SCP259_N24",2.2732572844315,7.83869018232169,"2","#B7AE50"
"SCP_N24.EpiA.TTCGAAGAGGGCTCTC","SCP259","SCP259_N24",3.85185626056675,4.88530053769889,"2","#B7AE50"
"SCP_N24.EpiA.TTCGAAGAGTGACATA","SCP259","SCP259_N24",1.66256037261967,3.66167726194205,"0","#ED90A4"
"SCP_N24.EpiA.TTCGAAGAGTGTGGCA","SCP259","SCP259_N24",4.50478556659703,3.61678328191581,"0","#ED90A4"
"SCP_N24.EpiA.TTCGAAGCATTGGCGC","SCP259","SCP259_N24",5.39383223560337,5.75341596280875,"2","#B7AE50"
"SCP_N24.EpiA.TTCGAAGGTTAAAGAC","SCP259","SCP259_N24",3.39406970050816,1.87965091144385,"0","#ED90A4"
"SCP_N24.EpiA.TTCGAAGTCGATAGAA","SCP259","SCP259_N24",2.62904742267613,2.69042982732596,"0","#ED90A4"
"SCP_N24.EpiA.TTCGGTCAGACGCAAC","SCP259","SCP259_N24",3.99691322353367,7.45685996686759,"2","#B7AE50"
"SCP_N24.EpiA.TTCGGTCAGTACTTGC","SCP259","SCP259_N24",1.76550260093693,7.29385223066153,"2","#B7AE50"
"SCP_N24.EpiA.TTCGGTCCACGCCAGT","SCP259","SCP259_N24",5.39639618900303,3.82772221242728,"0","#ED90A4"
"SCP_N24.EpiA.TTCGGTCTCAACACCA","SCP259","SCP259_N24",3.3230026057053,7.32158412610831,"2","#B7AE50"
"SCP_N24.EpiA.TTCGGTCTCCATGAAC","SCP259","SCP259_N24",2.80554702785496,4.95038189565482,"0","#ED90A4"
"SCP_N24.EpiA.TTCGGTCTCTCCGGTT","SCP259","SCP259_N24",3.6721146395493,3.11150362169089,"0","#ED90A4"
"SCP_N24.EpiA.TTCTACAAGCCGCCTA","SCP259","SCP259_N24",3.12816837337498,6.21470870649161,"2","#B7AE50"
"SCP_N24.EpiA.TTCTACAAGTATTGGA","SCP259","SCP259_N24",3.28445556667332,7.30949868833365,"2","#B7AE50"
"SCP_N24.EpiA.TTCTACACAAGGTTCT","SCP259","SCP259_N24",0.722783713607828,3.585907599085,"0","#ED90A4"
"SCP_N24.EpiA.TTCTACACATACAGCT","SCP259","SCP259_N24",2.92444637325291,6.92692699109855,"2","#B7AE50"
"SCP_N24.EpiA.TTCTACAGTCGAAAGC","SCP259","SCP259_N24",4.09125068691258,6.71521224653068,"2","#B7AE50"
"SCP_N24.EpiA.TTCTACAGTGACCAAG","SCP259","SCP259_N24",2.7379777720261,6.8784131017858,"2","#B7AE50"
"SCP_N24.EpiA.TTCTACATCCCGGATG","SCP259","SCP259_N24",3.03521588352207,4.00100435888114,"0","#ED90A4"
"SCP_N24.EpiA.TTCTACATCGTTACAG","SCP259","SCP259_N24",1.89322820213322,8.05705203687491,"2","#B7AE50"
"SCP_N24.EpiA.TTCTCAACAAGTTCTG","SCP259","SCP259_N24",3.50300553348545,5.78755082761588,"2","#B7AE50"
"SCP_N24.EpiA.TTCTCAATCAATCACG","SCP259","SCP259_N24",3.01355126407627,2.58957364236655,"0","#ED90A4"
"SCP_N24.EpiA.TTCTCAATCGGCGGTT","SCP259","SCP259_N24",3.44419315364842,3.81464256917777,"0","#ED90A4"
"SCP_N24.EpiA.TTCTCCTGTCACTTCC","SCP259","SCP259_N24",3.26067402866368,4.0859977213079,"0","#ED90A4"
"SCP_N24.EpiA.TTCTTAGCAATGTAAG","SCP259","SCP259_N24",5.71182253864292,2.80402996217551,"0","#ED90A4"
"SCP_N24.EpiA.TTCTTAGCATGTTCCC","SCP259","SCP259_N24",4.01472309139256,5.86700191175284,"2","#B7AE50"
"SCP_N24.EpiA.TTCTTAGGTTTGCATG","SCP259","SCP259_N24",2.79474285152439,4.5678035226995,"0","#ED90A4"
"SCP_N24.EpiA.TTCTTAGTCACATGCA","SCP259","SCP259_N24",4.24187233951573,5.21662296926322,"2","#B7AE50"
"SCP_N24.EpiA.TTCTTAGTCTGTCCGT","SCP259","SCP259_N24",2.99110844638828,7.87289514219108,"2","#B7AE50"
"SCP_N24.EpiA.TTGAACGAGTACCGGA","SCP259","SCP259_N24",4.39972260501866,4.10397376691642,"0","#ED90A4"
"SCP_N24.EpiA.TTGAACGCACCCTATC","SCP259","SCP259_N24",-0.386810273857077,-0.381671646482325,"1","#DC9E70"
"SCP_N24.EpiA.TTGAACGCATATGGTC","SCP259","SCP259_N24",2.77286031749729,8.09861125623527,"2","#B7AE50"
"SCP_N24.EpiA.TTGAACGCATCCCATC","SCP259","SCP259_N24",1.3307466795731,3.04541840230765,"0","#ED90A4"
"SCP_N24.EpiA.TTGAACGGTCGCGAAA","SCP259","SCP259_N24",5.289257555275,3.65167631780448,"0","#ED90A4"
"SCP_N24.EpiA.TTGAACGTCTCAACTT","SCP259","SCP259_N24",1.59919062164311,3.61176767026725,"0","#ED90A4"
"SCP_N24.EpiA.TTGACTTAGTAGGTGC","SCP259","SCP259_N24",2.21039011981968,4.0997756925756,"0","#ED90A4"
"SCP_N24.EpiA.TTGACTTGTCCAGTTA","SCP259","SCP259_N24",3.63981750514988,6.70357265149894,"2","#B7AE50"
"SCP_N24.EpiA.TTGACTTTCCAGTAGT","SCP259","SCP259_N24",2.06374767330174,2.92798783456626,"0","#ED90A4"
"SCP_N24.EpiA.TTGACTTTCGTCCGTT","SCP259","SCP259_N24",3.38833859470371,8.40784063016715,"2","#B7AE50"
"SCP_N24.EpiA.TTGCCGTCAAAGGTGC","SCP259","SCP259_N24",5.38763382938389,3.24778594648185,"0","#ED90A4"
"SCP_N24.EpiA.TTGCCGTCACTTAACG","SCP259","SCP259_N24",2.2060637762833,1.57512084221187,"0","#ED90A4"
"SCP_N24.EpiA.TTGCCGTGTCGACTAT","SCP259","SCP259_N24",2.99390628841404,3.15698959504905,"0","#ED90A4"
"SCP_N24.EpiA.TTGCCGTGTTCCATGA","SCP259","SCP259_N24",3.90426066425327,4.50745072042289,"0","#ED90A4"
"SCP_N24.EpiA.TTGCCGTTCGAATGGG","SCP259","SCP259_N24",2.33332541492466,3.55109181081595,"0","#ED90A4"
"SCP_N24.EpiA.TTGCGTCGTCCAAGTT","SCP259","SCP259_N24",3.81881740596775,4.0809871164495,"0","#ED90A4"
"SCP_N24.EpiA.TTGCGTCTCAATAAGG","SCP259","SCP259_N24",3.29445341136936,1.24233700906577,"0","#ED90A4"
"SCP_N24.EpiA.TTGCGTCTCCACGACG","SCP259","SCP259_N24",1.55892875698094,3.22967769777121,"0","#ED90A4"
"SCP_N24.EpiA.TTGCGTCTCCGCTGTT","SCP259","SCP259_N24",5.59469798114781,3.50317063009086,"0","#ED90A4"
"SCP_N24.EpiA.TTGCGTCTCTTCAACT","SCP259","SCP259_N24",3.82540228870396,5.78159417783561,"2","#B7AE50"
"SCP_N24.EpiA.TTGGAACAGCGCTTAT","SCP259","SCP259_N24",2.63569858577732,3.0442337003881,"0","#ED90A4"
"SCP_N24.EpiA.TTGGAACCAACCGCCA","SCP259","SCP259_N24",3.48835518863682,7.35917701398673,"2","#B7AE50"
"SCP_N24.EpiA.TTGGAACCAAGCCGCT","SCP259","SCP259_N24",3.72573116329197,2.70145752107444,"0","#ED90A4"
"SCP_N24.EpiA.TTGGAACCAGACAAAT","SCP259","SCP259_N24",1.66382339504246,2.85392965947928,"0","#ED90A4"
"SCP_N24.EpiA.TTGGAACTCAACCAAC","SCP259","SCP259_N24",5.73886397388462,2.03220500623527,"0","#ED90A4"
"SCP_N24.EpiA.TTGGAACTCAGTACGT","SCP259","SCP259_N24",3.54858139064793,5.44928970014396,"2","#B7AE50"
"SCP_N24.EpiA.TTGGAACTCTGCTGCT","SCP259","SCP259_N24",2.29591086414341,3.33381249582114,"0","#ED90A4"
"SCP_N24.EpiA.TTGGCAAAGCCTCGTG","SCP259","SCP259_N24",2.63667371776585,4.84824981366935,"0","#ED90A4"
"SCP_N24.EpiA.TTGGCAAAGGACAGAA","SCP259","SCP259_N24",3.64979699161534,1.1821449307138,"0","#ED90A4"
"SCP_N24.EpiA.TTGGCAAAGTATCGAA","SCP259","SCP259_N24",1.27130702045445,6.97719039594474,"2","#B7AE50"
"SCP_N24.EpiA.TTGGCAAAGTGCGTGA","SCP259","SCP259_N24",5.76071503665928,2.1414101926023,"0","#ED90A4"
"SCP_N24.EpiA.TTGGCAACAGTTCATG","SCP259","SCP259_N24",4.41605809238438,3.53376164113822,"0","#ED90A4"
"SCP_N24.EpiA.TTGGCAACATAGTAAG","SCP259","SCP259_N24",2.4604766657639,7.33560647641959,"2","#B7AE50"
"SCP_N24.EpiA.TTGGCAAGTCGCATAT","SCP259","SCP259_N24",3.23980525043492,2.83147670900168,"0","#ED90A4"
"SCP_N24.EpiA.TTGGCAAGTTCCATGA","SCP259","SCP259_N24",3.53318121936802,3.15348210012259,"0","#ED90A4"
"SCP_N24.EpiA.TTGTAGGAGAATTCCC","SCP259","SCP259_N24",2.84428599384312,7.17876281415763,"2","#B7AE50"
"SCP_N24.EpiA.TTGTAGGAGTCATGCT","SCP259","SCP259_N24",5.52672818210606,1.45165297215524,"0","#ED90A4"
"SCP_N24.EpiA.TTGTAGGCAAACTGCT","SCP259","SCP259_N24",2.10777774360661,5.08119263326468,"0","#ED90A4"
"SCP_N24.EpiA.TTGTAGGCAGAGCCAA","SCP259","SCP259_N24",3.66667488124851,3.76454510366263,"0","#ED90A4"
"SCP_N24.EpiA.TTTACTGAGGATGGTC","SCP259","SCP259_N24",4.9707989981461,3.14214458143058,"0","#ED90A4"
"SCP_N24.EpiA.TTTACTGCACGCTTTC","SCP259","SCP259_N24",3.26232531574253,6.0499218908483,"2","#B7AE50"
"SCP_N24.EpiA.TTTACTGCATATGAGA","SCP259","SCP259_N24",4.21748164203648,4.35140313779654,"0","#ED90A4"
"SCP_N24.EpiA.TTTACTGGTAAGGGAA","SCP259","SCP259_N24",2.21427681949619,4.82917012845817,"0","#ED90A4"
"SCP_N24.EpiA.TTTACTGGTCATATGC","SCP259","SCP259_N24",2.53236058261875,3.44646539365592,"0","#ED90A4"
"SCP_N24.EpiA.TTTACTGGTGTAACGG","SCP259","SCP259_N24",3.47115710285191,3.5593544450933,"0","#ED90A4"
"SCP_N24.EpiA.TTTACTGGTTCGTGAT","SCP259","SCP259_N24",4.59378483798985,1.44987875049653,"0","#ED90A4"
"SCP_N24.EpiA.TTTACTGTCAGTCAGT","SCP259","SCP259_N24",3.35558083560948,2.2315077987844,"0","#ED90A4"
"SCP_N24.EpiA.TTTACTGTCCAACCAA","SCP259","SCP259_N24",3.37774279621128,8.08890285169425,"2","#B7AE50"
"SCP_N24.EpiA.TTTATGCCATCTATGG","SCP259","SCP259_N24",6.49421742465977,0.523985346906804,"0","#ED90A4"
"SCP_N24.EpiA.TTTATGCGTCTTCTCG","SCP259","SCP259_N24",3.64030960109715,2.43007316266837,"0","#ED90A4"
"SCP_N24.EpiA.TTTATGCGTGACTACT","SCP259","SCP259_N24",1.03075858858113,3.1428345647985,"0","#ED90A4"
"SCP_N24.EpiA.TTTATGCGTTCTGAAC","SCP259","SCP259_N24",4.4528169920731,1.26144718205275,"0","#ED90A4"
"SCP_N24.EpiA.TTTCCTCTCCGTCATC","SCP259","SCP259_N24",4.23719265964512,3.95332088147941,"0","#ED90A4"
"SCP_N24.EpiA.TTTCCTCTCGAATGCT","SCP259","SCP259_N24",3.10682585742954,1.5682424215013,"0","#ED90A4"
"SCP_N24.EpiA.TTTGCGCCAATAGCAA","SCP259","SCP259_N24",4.58166173007969,2.57674874936881,"0","#ED90A4"
"SCP_N24.EpiA.TTTGCGCGTAGGCTGA","SCP259","SCP259_N24",5.59023955371861,2.99443831121268,"0","#ED90A4"
"SCP_N24.EpiA.TTTGCGCGTCGAGTTT","SCP259","SCP259_N24",6.58143094089512,0.185425302141332,"0","#ED90A4"
"SCP_N24.EpiA.TTTGGTTAGCGTCAAG","SCP259","SCP259_N24",3.03889229801182,6.3285411802465,"2","#B7AE50"
"SCP_N24.EpiA.TTTGGTTAGTGCAAGC","SCP259","SCP259_N24",4.77832367923741,1.97104539548697,"0","#ED90A4"
"SCP_N24.EpiA.TTTGGTTCAGGACCCT","SCP259","SCP259_N24",5.50898936298374,-0.526310780889369,"0","#ED90A4"
"SCP_N24.EpiA.TTTGGTTGTCTTGATG","SCP259","SCP259_N24",3.42633774784092,3.0838551727468,"0","#ED90A4"
"SCP_N24.EpiA.TTTGGTTGTGGCTCCA","SCP259","SCP259_N24",4.66750958469395,2.12746807014289,"0","#ED90A4"
"SCP_N24.EpiA.TTTGGTTGTTCAGTAC","SCP259","SCP259_N24",3.45313194301609,8.24647416745963,"2","#B7AE50"
"SCP_N24.EpiA.TTTGTCAGTAAGGATT","SCP259","SCP259_N24",2.17191186454777,5.65945567762198,"2","#B7AE50"
"SCP_N24.EpiA.TTTGTCAGTGCAGACA","SCP259","SCP259_N24",2.56461360958103,8.0683135000402,"2","#B7AE50"
"SCP_N24.EpiA.TTTGTCATCACGCATA","SCP259","SCP259_N24",4.660426645546,2.14353521739783,"0","#ED90A4"
"SCP_N24.EpiB.AAACCTGAGACAGAGA","SCP259","SCP259_N24",3.65020707157139,1.77911989962401,"0","#ED90A4"
"SCP_N24.EpiB.AAACCTGAGTACGATA","SCP259","SCP259_N24",4.7113824179459,4.4218963590795,"2","#B7AE50"
"SCP_N24.EpiB.AAACCTGCAATCTGCA","SCP259","SCP259_N24",5.45773842838291,0.667872807138585,"0","#ED90A4"
"SCP_N24.EpiB.AAACCTGTCCTGTAGA","SCP259","SCP259_N24",4.28895571735386,6.77192868863883,"2","#B7AE50"
"SCP_N24.EpiB.AAACGGGAGAATGTTG","SCP259","SCP259_N24",3.69000390079502,2.22141923581901,"0","#ED90A4"
"SCP_N24.EpiB.AAACGGGAGCTCCTCT","SCP259","SCP259_N24",2.47430446651463,6.45511235868277,"2","#B7AE50"
"SCP_N24.EpiB.AAACGGGAGGATGGTC","SCP259","SCP259_N24",4.20478084590916,5.0399235693151,"2","#B7AE50"
"SCP_N24.EpiB.AAAGATGTCCCGACTT","SCP259","SCP259_N24",1.63653615024571,3.39328779851737,"0","#ED90A4"
"SCP_N24.EpiB.AAAGCAAGTAAGTGTA","SCP259","SCP259_N24",5.82817318943028,0.580264588945531,"0","#ED90A4"
"SCP_N24.EpiB.AAAGCAATCCGGGTGT","SCP259","SCP259_N24",6.41826632526402,-0.0882541927164562,"0","#ED90A4"
"SCP_N24.EpiB.AAAGCAATCGTCCAGG","SCP259","SCP259_N24",3.92078307178501,2.37158783351722,"0","#ED90A4"
"SCP_N24.EpiB.AAAGTAGAGTACGACG","SCP259","SCP259_N24",2.52906158473973,0.899456938856267,"0","#ED90A4"
"SCP_N24.EpiB.AAAGTAGGTTACGGAG","SCP259","SCP259_N24",0.944249003200571,2.73826327001395,"0","#ED90A4"
"SCP_N24.EpiB.AAAGTAGTCTTGTTTG","SCP259","SCP259_N24",3.08932307270054,1.78125589167418,"0","#ED90A4"
"SCP_N24.EpiB.AACACGTAGACAGACC","SCP259","SCP259_N24",4.32562830951695,4.91722883855643,"2","#B7AE50"
"SCP_N24.EpiB.AACCGCGGTGCCTGTG","SCP259","SCP259_N24",2.16777089145664,3.21815039789023,"0","#ED90A4"
"SCP_N24.EpiB.AACGTTGCACACCGAC","SCP259","SCP259_N24",5.43260291126255,1.34981816833558,"0","#ED90A4"
"SCP_N24.EpiB.AACGTTGCACGTTGGC","SCP259","SCP259_N24",3.83116152790074,6.03982963239493,"2","#B7AE50"
"SCP_N24.EpiB.AACGTTGGTACAGACG","SCP259","SCP259_N24",3.32350900676731,0.363826653116369,"0","#ED90A4"
"SCP_N24.EpiB.AACTCAGAGCCGGTAA","SCP259","SCP259_N24",3.70605304744724,0.896798094862127,"0","#ED90A4"
"SCP_N24.EpiB.AACTCCCCAGACAAAT","SCP259","SCP259_N24",3.20551589038853,1.23739241635146,"0","#ED90A4"
"SCP_N24.EpiB.AACTCCCGTACATCCA","SCP259","SCP259_N24",5.02445557621006,0.634010097139501,"0","#ED90A4"
"SCP_N24.EpiB.AACTCCCGTAGCCTCG","SCP259","SCP259_N24",1.97384181526188,5.57972898160758,"2","#B7AE50"
"SCP_N24.EpiB.AACTCTTTCGATCCCT","SCP259","SCP259_N24",6.03958085086827,-0.253631690389491,"0","#ED90A4"
"SCP_N24.EpiB.AACTCTTTCTTCCTTC","SCP259","SCP259_N24",2.97494605091099,3.51671209012809,"0","#ED90A4"
"SCP_N24.EpiB.AACTGGTAGAGCTTCT","SCP259","SCP259_N24",5.33788254764561,1.86215492164435,"0","#ED90A4"
"SCP_N24.EpiB.AACTGGTAGGCCCTCA","SCP259","SCP259_N24",3.12175896671299,7.89165105497184,"2","#B7AE50"
"SCP_N24.EpiB.AACTGGTAGGGTGTGT","SCP259","SCP259_N24",4.62828162220005,2.26518287336173,"0","#ED90A4"
"SCP_N24.EpiB.AACTGGTCATCTCGCT","SCP259","SCP259_N24",5.70480683353428,1.93018086826148,"0","#ED90A4"
"SCP_N24.EpiB.AACTGGTTCCCTAACC","SCP259","SCP259_N24",2.8746862700272,1.22024252092185,"0","#ED90A4"
"SCP_N24.EpiB.AACTTTCGTCCAGTAT","SCP259","SCP259_N24",3.41719916370396,2.56779267465415,"0","#ED90A4"
"SCP_N24.EpiB.AACTTTCGTGGTTTCA","SCP259","SCP259_N24",0.916672497062723,6.60687484418693,"2","#B7AE50"
"SCP_N24.EpiB.AACTTTCGTTCCTCCA","SCP259","SCP259_N24",1.76111486461643,6.71726741468253,"6","#6FB1E7"
"SCP_N24.EpiB.AAGACCTCAGTAACGG","SCP259","SCP259_N24",5.20637562778477,6.02059926664176,"2","#B7AE50"
"SCP_N24.EpiB.AAGACCTGTTGCGTTA","SCP259","SCP259_N24",3.50162747409825,3.63155903493705,"0","#ED90A4"
"SCP_N24.EpiB.AAGCCGCGTATCAGTC","SCP259","SCP259_N24",3.29458334949497,5.72517242109122,"2","#B7AE50"
"SCP_N24.EpiB.AAGGAGCAGATCTGAA","SCP259","SCP259_N24",4.48412850406651,1.44140196790638,"0","#ED90A4"
"SCP_N24.EpiB.AAGGAGCAGCTAGCCC","SCP259","SCP259_N24",0.986013858585398,6.58833446180167,"2","#B7AE50"
"SCP_N24.EpiB.AAGGAGCAGTAGCCGA","SCP259","SCP259_N24",3.01392486598973,2.01176782523932,"0","#ED90A4"
"SCP_N24.EpiB.AAGGAGCCACGTTGGC","SCP259","SCP259_N24",3.26014020946507,1.26672269975486,"0","#ED90A4"
"SCP_N24.EpiB.AAGGAGCTCTTAGAGC","SCP259","SCP259_N24",2.17769399192814,2.80733015214744,"0","#ED90A4"
"SCP_N24.EpiB.AAGGCAGGTACGCTGC","SCP259","SCP259_N24",4.9242320349503,3.16729964887443,"0","#ED90A4"
"SCP_N24.EpiB.AAGGCAGGTTGGTGGA","SCP259","SCP259_N24",3.65720990207676,2.84562971269431,"0","#ED90A4"
"SCP_N24.EpiB.AAGGTTCGTAAACCTC","SCP259","SCP259_N24",1.50429394748692,4.28771199857535,"0","#ED90A4"
"SCP_N24.EpiB.AAGTCTGAGTCATGCT","SCP259","SCP259_N24",5.61671879795079,0.616166135423803,"0","#ED90A4"
"SCP_N24.EpiB.AAGTCTGAGTGGACGT","SCP259","SCP259_N24",1.83386900928501,2.2238430586988,"1","#DC9E70"
"SCP_N24.EpiB.AAGTCTGTCATCATTC","SCP259","SCP259_N24",2.90880420711521,0.769434353464269,"0","#ED90A4"
"SCP_N24.EpiB.AAGTCTGTCCCGGATG","SCP259","SCP259_N24",1.43168786075596,7.3899778333837,"2","#B7AE50"
"SCP_N24.EpiB.AATCCAGTCAGAAATG","SCP259","SCP259_N24",3.00150278118138,1.10355754768195,"0","#ED90A4"
"SCP_N24.EpiB.AATCGGTAGCTGCGAA","SCP259","SCP259_N24",5.14221146610264,2.15387257015052,"0","#ED90A4"
"SCP_N24.EpiB.ACACCAAAGATCCCGC","SCP259","SCP259_N24",-8.29854151699062,-1.56956825578866,"5","#00BFC8"
"SCP_N24.EpiB.ACACCAACAAGCCATT","SCP259","SCP259_N24",2.83473661449436,2.37458314573111,"0","#ED90A4"
"SCP_N24.EpiB.ACACCCTAGGGCTTCC","SCP259","SCP259_N24",3.40633609798435,2.73027851259055,"0","#ED90A4"
"SCP_N24.EpiB.ACACCCTCAGCGTAAG","SCP259","SCP259_N24",4.3235330870438,4.15674271261039,"0","#ED90A4"
"SCP_N24.EpiB.ACACCCTGTCTCAACA","SCP259","SCP259_N24",1.44225695636753,7.66162004148307,"2","#B7AE50"
"SCP_N24.EpiB.ACACCGGCAGTGAGTG","SCP259","SCP259_N24",0.902542202739756,2.53739239847007,"1","#DC9E70"
"SCP_N24.EpiB.ACACTGACAGGTCCAC","SCP259","SCP259_N24",3.21555164363865,7.80370511686149,"2","#B7AE50"
"SCP_N24.EpiB.ACACTGACATAGACTC","SCP259","SCP259_N24",4.07377865818028,2.8662494627172,"0","#ED90A4"
"SCP_N24.EpiB.ACACTGAGTAGATTAG","SCP259","SCP259_N24",5.60753396060948,0.446048757188939,"0","#ED90A4"
"SCP_N24.EpiB.ACACTGAGTTTGGCGC","SCP259","SCP259_N24",5.72942879703526,0.47263999854865,"0","#ED90A4"
"SCP_N24.EpiB.ACAGCCGGTCCGAATT","SCP259","SCP259_N24",5.28563693073277,0.976580521219396,"0","#ED90A4"
"SCP_N24.EpiB.ACAGCCGGTTCGAATC","SCP259","SCP259_N24",1.3546222737122,7.65625705396476,"2","#B7AE50"
"SCP_N24.EpiB.ACAGCCGTCCGCAAGC","SCP259","SCP259_N24",1.7007041266251,6.77524747525992,"2","#B7AE50"
"SCP_N24.EpiB.ACAGCTAAGAGTACCG","SCP259","SCP259_N24",1.14706316497807,6.81838979398551,"2","#B7AE50"
"SCP_N24.EpiB.ACAGCTAGTGTTTGGT","SCP259","SCP259_N24",6.28806403186802,-0.158602097875453,"0","#ED90A4"
"SCP_N24.EpiB.ACATACGTCATAAAGG","SCP259","SCP259_N24",1.51081624534611,7.15798654233756,"1","#DC9E70"
"SCP_N24.EpiB.ACATCAGAGAGCTATA","SCP259","SCP259_N24",5.93562176731114,-0.415055254346705,"0","#ED90A4"
"SCP_N24.EpiB.ACATCAGTCTAACGGT","SCP259","SCP259_N24",5.61301854160313,1.45829433029237,"0","#ED90A4"
"SCP_N24.EpiB.ACATCAGTCTGTGCAA","SCP259","SCP259_N24",1.54788055923466,6.11567725812735,"2","#B7AE50"
"SCP_N24.EpiB.ACATGGTGTCACTTCC","SCP259","SCP259_N24",6.42132380512242,0.0282845703298085,"0","#ED90A4"
"SCP_N24.EpiB.ACATGGTGTCCTGCTT","SCP259","SCP259_N24",4.83462527301792,3.18574382936301,"0","#ED90A4"
"SCP_N24.EpiB.ACATGGTTCCAAATGC","SCP259","SCP259_N24",2.09605434444431,3.47798981344047,"0","#ED90A4"
"SCP_N24.EpiB.ACCAGTATCACCATAG","SCP259","SCP259_N24",0.342229946522753,4.07366552030387,"0","#ED90A4"
"SCP_N24.EpiB.ACCAGTATCCTTTCGG","SCP259","SCP259_N24",2.44565847423557,1.87693752919974,"0","#ED90A4"
"SCP_N24.EpiB.ACCCACTTCGAGGTAG","SCP259","SCP259_N24",3.59947660472874,5.52987374936881,"2","#B7AE50"
"SCP_N24.EpiB.ACCGTAAAGTCAAGGC","SCP259","SCP259_N24",2.80279639270786,0.299194952600621,"0","#ED90A4"
"SCP_N24.EpiB.ACCGTAACAGTATGCT","SCP259","SCP259_N24",1.88661411312107,2.26217438852134,"0","#ED90A4"
"SCP_N24.EpiB.ACCTTTACATCCAACA","SCP259","SCP259_N24",2.43687274959568,1.79107101833167,"0","#ED90A4"
"SCP_N24.EpiB.ACCTTTATCTTTAGGG","SCP259","SCP259_N24",3.07422307041172,0.671053489797734,"0","#ED90A4"
"SCP_N24.EpiB.ACGAGCCCAGTCAGAG","SCP259","SCP259_N24",0.842438667087595,3.43261637365165,"0","#ED90A4"
"SCP_N24.EpiB.ACGAGGATCGGCCGAT","SCP259","SCP259_N24",0.453267022042315,3.91807045614066,"0","#ED90A4"
"SCP_N24.EpiB.ACGATACAGTGTACGG","SCP259","SCP259_N24",2.15086093452458,6.18762721692862,"2","#B7AE50"
"SCP_N24.EpiB.ACGATACCACCCAGTG","SCP259","SCP259_N24",3.62537005451206,7.75022592222037,"2","#B7AE50"
"SCP_N24.EpiB.ACGATACGTATCTGCA","SCP259","SCP259_N24",3.03506305721287,0.332662006967687,"0","#ED90A4"
"SCP_N24.EpiB.ACGATACTCAAACCGT","SCP259","SCP259_N24",2.26050856616978,1.59451458429637,"0","#ED90A4"
"SCP_N24.EpiB.ACGATACTCGTCTGCT","SCP259","SCP259_N24",2.19097867515568,6.50684632932486,"2","#B7AE50"
"SCP_N24.EpiB.ACGATGTAGCCCAACC","SCP259","SCP259_N24",1.98843040969853,6.67389478360953,"2","#B7AE50"
"SCP_N24.EpiB.ACGATGTAGGCGCTCT","SCP259","SCP259_N24",2.52691581752781,6.02447118436637,"2","#B7AE50"
"SCP_N24.EpiB.ACGATGTCAACAACCT","SCP259","SCP259_N24",1.35959711578373,7.44720782911124,"2","#B7AE50"
"SCP_N24.EpiB.ACGATGTCAGACGCCT","SCP259","SCP259_N24",3.74440911319737,1.48149443244281,"0","#ED90A4"
"SCP_N24.EpiB.ACGATGTGTCTAAAGA","SCP259","SCP259_N24",6.15942433383946,-0.23662445867715,"0","#ED90A4"
"SCP_N24.EpiB.ACGATGTGTGGTACAG","SCP259","SCP259_N24",5.86938288715367,0.705985924356603,"0","#ED90A4"
"SCP_N24.EpiB.ACGATGTTCCACTCCA","SCP259","SCP259_N24",3.52282836940769,0.928963979833745,"0","#ED90A4"
"SCP_N24.EpiB.ACGCAGCGTGTAATGA","SCP259","SCP259_N24",5.03029301670079,1.65356417571845,"0","#ED90A4"
"SCP_N24.EpiB.ACGCAGCGTTACAGAA","SCP259","SCP259_N24",5.75188067462925,0.486136516683721,"0","#ED90A4"
"SCP_N24.EpiB.ACGCCAGAGTTACCCA","SCP259","SCP259_N24",1.92501035240177,6.90193452512565,"2","#B7AE50"
"SCP_N24.EpiB.ACGCCAGTCAACCATG","SCP259","SCP259_N24",4.43766263034825,1.65740331088843,"0","#ED90A4"
"SCP_N24.EpiB.ACGCCGATCTAAGCCA","SCP259","SCP259_N24",1.74592545536045,4.32460727369132,"0","#ED90A4"
"SCP_N24.EpiB.ACGCCGATCTGAAAGA","SCP259","SCP259_N24",6.00393918064121,0.697259089105748,"0","#ED90A4"
"SCP_N24.EpiB.ACGGAGATCTCCGGTT","SCP259","SCP259_N24",1.06640139129643,2.79611243879142,"0","#ED90A4"
"SCP_N24.EpiB.ACGGCCAAGTGTTGAA","SCP259","SCP259_N24",2.48938158061985,2.70257653867545,"0","#ED90A4"
"SCP_N24.EpiB.ACGGCCACACGACTCG","SCP259","SCP259_N24",5.20029166248326,0.925558498256826,"0","#ED90A4"
"SCP_N24.EpiB.ACGGCCAGTTCCTCCA","SCP259","SCP259_N24",5.81569149997715,0.0945900884801381,"0","#ED90A4"
"SCP_N24.EpiB.ACGGGCTAGGCGCTCT","SCP259","SCP259_N24",2.16456726100926,1.5490263906652,"0","#ED90A4"
"SCP_N24.EpiB.ACGGGCTGTTAAAGAC","SCP259","SCP259_N24",2.92552807834629,7.47125997220817,"2","#B7AE50"
"SCP_N24.EpiB.ACGGGTCAGACATAAC","SCP259","SCP259_N24",3.95782259014134,4.11762013112845,"0","#ED90A4"
"SCP_N24.EpiB.ACGGGTCAGGCAGGTT","SCP259","SCP259_N24",3.78452113178257,5.77925195371451,"2","#B7AE50"
"SCP_N24.EpiB.ACGGGTCAGTGGAGAA","SCP259","SCP259_N24",1.41038539913181,7.14417113935294,"2","#B7AE50"
"SCP_N24.EpiB.ACGGGTCCACAACTGT","SCP259","SCP259_N24",3.96572640445713,3.30897714769187,"0","#ED90A4"
"SCP_N24.EpiB.ACGGGTCCATCACGTA","SCP259","SCP259_N24",5.70140126255039,-0.243667105085231,"0","#ED90A4"
"SCP_N24.EpiB.ACGGGTCGTGCTTCTC","SCP259","SCP259_N24",2.43831494358067,6.2854799238378,"2","#B7AE50"
"SCP_N24.EpiB.ACGGGTCTCCGATATG","SCP259","SCP259_N24",6.07210209873204,0.189040443056249,"0","#ED90A4"
"SCP_N24.EpiB.ACGTCAATCTTCATGT","SCP259","SCP259_N24",2.29396870639805,6.30643167173209,"2","#B7AE50"
"SCP_N24.EpiB.ACTATCTAGGTACTCT","SCP259","SCP259_N24",5.49329808261875,0.473100146406316,"0","#ED90A4"
"SCP_N24.EpiB.ACTATCTTCACCCGAG","SCP259","SCP259_N24",1.34418168571476,7.66272487317862,"2","#B7AE50"
"SCP_N24.EpiB.ACTGAACGTACCTACA","SCP259","SCP259_N24",5.32470801380162,0.926313003652715,"0","#ED90A4"
"SCP_N24.EpiB.ACTGAACGTGCAGTAG","SCP259","SCP259_N24",5.20089390781407,-0.213458755857325,"0","#ED90A4"
"SCP_N24.EpiB.ACTGAACTCCGTCATC","SCP259","SCP259_N24",2.70263340976719,2.1114265528852,"0","#ED90A4"
"SCP_N24.EpiB.ACTGAGTAGCACCGCT","SCP259","SCP259_N24",5.24319937732701,1.32649388735833,"0","#ED90A4"
"SCP_N24.EpiB.ACTGATGAGTCATCCA","SCP259","SCP259_N24",5.18135741260533,5.26152028714957,"2","#B7AE50"
"SCP_N24.EpiB.ACTGATGGTCTTCTCG","SCP259","SCP259_N24",4.862650423317,0.868078014009618,"0","#ED90A4"
"SCP_N24.EpiB.ACTGCTCGTCTTCAAG","SCP259","SCP259_N24",3.04802706745152,5.16144361173453,"2","#B7AE50"
"SCP_N24.EpiB.ACTGCTCTCCAAAGTC","SCP259","SCP259_N24",2.66103747394566,1.6278528628284,"0","#ED90A4"
"SCP_N24.EpiB.ACTGTCCAGTTGCAGG","SCP259","SCP259_N24",6.07198002841954,0.113930365198278,"0","#ED90A4"
"SCP_N24.EpiB.ACTGTCCGTAAGGGAA","SCP259","SCP259_N24",4.18374946620945,5.05013861333671,"2","#B7AE50"
"SCP_N24.EpiB.ACTGTCCTCTGTCCGT","SCP259","SCP259_N24",3.48082497623448,8.04911031400504,"2","#B7AE50"
"SCP_N24.EpiB.ACTTACTAGTGGCACA","SCP259","SCP259_N24",1.38509049919132,7.1284450498754,"2","#B7AE50"
"SCP_N24.EpiB.ACTTACTGTGGAAAGA","SCP259","SCP259_N24",5.27373507526402,1.54254046654048,"0","#ED90A4"
"SCP_N24.EpiB.ACTTACTGTTATCACG","SCP259","SCP259_N24",0.934393911628763,6.13642015134635,"2","#B7AE50"
"SCP_N24.EpiB.ACTTACTTCAACACCA","SCP259","SCP259_N24",1.4950111201096,7.39785518323722,"2","#B7AE50"
"SCP_N24.EpiB.ACTTGTTAGTGGACGT","SCP259","SCP259_N24",2.97426393535618,4.13444056188407,"0","#ED90A4"
"SCP_N24.EpiB.ACTTGTTGTCTAGAGG","SCP259","SCP259_N24",3.9648015787888,4.94717778837027,"2","#B7AE50"
"SCP_N24.EpiB.ACTTTCATCAGTGTTG","SCP259","SCP259_N24",6.44073107746128,0.647432407491826,"0","#ED90A4"
"SCP_N24.EpiB.ACTTTCATCCCAAGAT","SCP259","SCP259_N24",3.16602781322483,1.99441864167991,"0","#ED90A4"
"SCP_N24.EpiB.AGAATAGAGGCAATTA","SCP259","SCP259_N24",5.55717280414585,0.864461084955358,"0","#ED90A4"
"SCP_N24.EpiB.AGACGTTCAGCGATCC","SCP259","SCP259_N24",4.30397131946568,1.74797814165893,"0","#ED90A4"
"SCP_N24.EpiB.AGACGTTCATAGAAAC","SCP259","SCP259_N24",5.71420004871372,1.48275076424422,"0","#ED90A4"
"SCP_N24.EpiB.AGACGTTCATCACAAC","SCP259","SCP259_N24",1.77686765697483,6.93434610044303,"2","#B7AE50"
"SCP_N24.EpiB.AGAGCGAGTTTGTTGG","SCP259","SCP259_N24",1.72521188762669,3.30836369668784,"0","#ED90A4"
"SCP_N24.EpiB.AGAGCTTAGTGCCATT","SCP259","SCP259_N24",3.55621889141087,0.888117691629552,"0","#ED90A4"
"SCP_N24.EpiB.AGAGCTTTCTACGAGT","SCP259","SCP259_N24",2.2758515169907,3.28039660131278,"0","#ED90A4"
"SCP_N24.EpiB.AGAGTGGCAGCGAACA","SCP259","SCP259_N24",4.29629185703282,1.10394014989676,"0","#ED90A4"
"SCP_N24.EpiB.AGAGTGGTCAACCAAC","SCP259","SCP259_N24",3.24474695232395,4.64195050870719,"2","#B7AE50"
"SCP_N24.EpiB.AGAGTGGTCGCCTGTT","SCP259","SCP259_N24",2.40195372608189,1.01346569334807,"0","#ED90A4"
"SCP_N24.EpiB.AGATCTGAGCAGCGTA","SCP259","SCP259_N24",5.84711411502842,1.41537086492124,"0","#ED90A4"
"SCP_N24.EpiB.AGATCTGCAAAGCAAT","SCP259","SCP259_N24",4.38481715229038,2.26115950023475,"0","#ED90A4"
"SCP_N24.EpiB.AGATCTGTCCGGCACA","SCP259","SCP259_N24",2.55539467838291,2.34125485097709,"0","#ED90A4"
"SCP_N24.EpiB.AGCAGCCGTTACGCGC","SCP259","SCP259_N24",3.37529399898533,0.577564498537206,"0","#ED90A4"
"SCP_N24.EpiB.AGCATACTCATGTAGC","SCP259","SCP259_N24",4.48836615589146,3.04164495145621,"0","#ED90A4"
"SCP_N24.EpiB.AGCCTAACACATCCAA","SCP259","SCP259_N24",1.69224527385716,3.54191150342765,"0","#ED90A4"
"SCP_N24.EpiB.AGCGGTCAGACAGACC","SCP259","SCP259_N24",1.87269332912449,6.82749833738151,"2","#B7AE50"
"SCP_N24.EpiB.AGCGGTCGTAAGAGGA","SCP259","SCP259_N24",3.57253673580174,3.04603292619529,"0","#ED90A4"
"SCP_N24.EpiB.AGCGGTCGTAAGTTCC","SCP259","SCP259_N24",2.68701031711582,1.88036756789031,"0","#ED90A4"
"SCP_N24.EpiB.AGCGGTCGTCATATGC","SCP259","SCP259_N24",5.68719532993321,0.793060800188207,"0","#ED90A4"
"SCP_N24.EpiB.AGCGGTCGTGACTACT","SCP259","SCP259_N24",2.70776227024082,1.68999048148932,"0","#ED90A4"
"SCP_N24.EpiB.AGCGGTCTCGTATCAG","SCP259","SCP259_N24",4.7264781287003,2.07282646571937,"0","#ED90A4"
"SCP_N24.EpiB.AGCGTATAGACCCACC","SCP259","SCP259_N24",0.852324514656107,3.32381500875297,"0","#ED90A4"
"SCP_N24.EpiB.AGCGTATAGTAATCCC","SCP259","SCP259_N24",5.47789767292027,3.20886614000144,"0","#ED90A4"
"SCP_N24.EpiB.AGCGTCGAGCTGAACG","SCP259","SCP259_N24",3.2367992689896,1.45021448110881,"0","#ED90A4"
"SCP_N24.EpiB.AGCGTCGCAACACCTA","SCP259","SCP259_N24",1.16270825174336,7.43726195966544,"2","#B7AE50"
"SCP_N24.EpiB.AGCGTCGCATGGATGG","SCP259","SCP259_N24",2.18734410312657,1.61844479119124,"0","#ED90A4"
"SCP_N24.EpiB.AGCTCCTCAGTCCTTC","SCP259","SCP259_N24",2.12176540401463,6.0278762785131,"6","#6FB1E7"
"SCP_N24.EpiB.AGCTCTCTCATAACCG","SCP259","SCP259_N24",3.55270793941502,3.64021362935843,"0","#ED90A4"
"SCP_N24.EpiB.AGCTTGAAGCACGCCT","SCP259","SCP259_N24",3.82414677646641,1.08929487144294,"0","#ED90A4"
"SCP_N24.EpiB.AGGCCGTGTCTGGTCG","SCP259","SCP259_N24",3.88578680065159,0.759222051256322,"0","#ED90A4"
"SCP_N24.EpiB.AGGCCGTTCGCCTGAG","SCP259","SCP259_N24",1.3349460652161,6.83231868421378,"2","#B7AE50"
"SCP_N24.EpiB.AGGGAGTAGATGCGAC","SCP259","SCP259_N24",5.01841881778721,0.0608542171651356,"0","#ED90A4"
"SCP_N24.EpiB.AGGGAGTGTTCCTCCA","SCP259","SCP259_N24",2.4232759764481,1.37180158322396,"0","#ED90A4"
"SCP_N24.EpiB.AGGGAGTTCTCATTCA","SCP259","SCP259_N24",4.35668709781651,4.55280913984122,"2","#B7AE50"
"SCP_N24.EpiB.AGGGATGAGCTCAACT","SCP259","SCP259_N24",0.911621003418009,6.82934369718375,"2","#B7AE50"
"SCP_N24.EpiB.AGGGATGCAGACAAGC","SCP259","SCP259_N24",2.06539979484562,2.5991367307836,"0","#ED90A4"
"SCP_N24.EpiB.AGGGATGGTCCCTTGT","SCP259","SCP259_N24",3.9026460936356,1.70118792926612,"0","#ED90A4"
"SCP_N24.EpiB.AGGGATGTCCCTAACC","SCP259","SCP259_N24",6.40960934665684,5.77001657163443,"2","#B7AE50"
"SCP_N24.EpiB.AGGGTGAAGATACACA","SCP259","SCP259_N24",3.05470874813084,4.09168829595389,"0","#ED90A4"
"SCP_N24.EpiB.AGGGTGAGTATATCCG","SCP259","SCP259_N24",2.39064362552647,5.83636941587272,"2","#B7AE50"
"SCP_N24.EpiB.AGGTCATAGCACGCCT","SCP259","SCP259_N24",3.88714650180821,6.30990781461539,"2","#B7AE50"
"SCP_N24.EpiB.AGGTCATAGTGCCATT","SCP259","SCP259_N24",2.41340377834324,6.41996707593741,"2","#B7AE50"
"SCP_N24.EpiB.AGGTCATGTCTGATTG","SCP259","SCP259_N24",0.983579783706705,6.981823822611,"2","#B7AE50"
"SCP_N24.EpiB.AGGTCCGAGAAGATTC","SCP259","SCP259_N24",4.08963826206211,5.21684302961173,"2","#B7AE50"
"SCP_N24.EpiB.AGGTCCGCAAGTCATC","SCP259","SCP259_N24",1.27592268493656,7.57647456800284,"2","#B7AE50"
"SCP_N24.EpiB.AGTAGTCTCTGGTGTA","SCP259","SCP259_N24",5.41339781787876,3.04698362027945,"0","#ED90A4"
"SCP_N24.EpiB.AGTCTTTAGGAGTCTG","SCP259","SCP259_N24",1.30012360122685,2.82848467504325,"0","#ED90A4"
"SCP_N24.EpiB.AGTCTTTCACCATGTA","SCP259","SCP259_N24",1.04684671667103,6.60752000486197,"2","#B7AE50"
"SCP_N24.EpiB.AGTCTTTGTCATATGC","SCP259","SCP259_N24",5.68769219425205,0.883580705278539,"0","#ED90A4"
"SCP_N24.EpiB.AGTCTTTGTCCTGCTT","SCP259","SCP259_N24",6.19841340091709,0.203786274545812,"0","#ED90A4"
"SCP_N24.EpiB.AGTCTTTTCGGCTTGG","SCP259","SCP259_N24",3.82740452793125,0.949982693546437,"0","#ED90A4"
"SCP_N24.EpiB.AGTGAGGAGTACGCCC","SCP259","SCP259_N24",4.71053555515293,0.504025003069066,"0","#ED90A4"
"SCP_N24.EpiB.AGTGAGGGTTTCGCTC","SCP259","SCP259_N24",4.95336297061924,3.75912012731376,"0","#ED90A4"
"SCP_N24.EpiB.AGTGGGACACCGGAAA","SCP259","SCP259_N24",1.43166699913029,6.40825023328605,"2","#B7AE50"
"SCP_N24.EpiB.AGTGGGAGTATGGTTC","SCP259","SCP259_N24",3.1904285242844,2.59988345777335,"0","#ED90A4"
"SCP_N24.EpiB.AGTGGGAGTGGGTATG","SCP259","SCP259_N24",5.22702172306065,1.21768320178332,"0","#ED90A4"
"SCP_N24.EpiB.AGTGTCAAGGCAAAGA","SCP259","SCP259_N24",1.53303030040745,7.46000327741446,"2","#B7AE50"
"SCP_N24.EpiB.AGTGTCACAACAACCT","SCP259","SCP259_N24",2.80818655994419,5.69241370832267,"2","#B7AE50"
"SCP_N24.EpiB.AGTTGGTAGGGATCTG","SCP259","SCP259_N24",4.07151344326023,4.0948552099401,"2","#B7AE50"
"SCP_N24.EpiB.AGTTGGTTCATGGTCA","SCP259","SCP259_N24",1.22355607059483,5.87480249082389,"0","#ED90A4"
"SCP_N24.EpiB.AGTTGGTTCTTCGAGA","SCP259","SCP259_N24",6.307474642067,-0.0186739953821666,"0","#ED90A4"
"SCP_N24.EpiB.ATAACGCGTTTAGGAA","SCP259","SCP259_N24",3.48154380825047,8.03035154020133,"2","#B7AE50"
"SCP_N24.EpiB.ATAAGAGCAAGACACG","SCP259","SCP259_N24",2.06936350372318,5.01491870557609,"2","#B7AE50"
"SCP_N24.EpiB.ATAAGAGCAAGCGAGT","SCP259","SCP259_N24",2.80754521396641,6.33173122083487,"2","#B7AE50"
"SCP_N24.EpiB.ATAAGAGTCAACACGT","SCP259","SCP259_N24",2.23662498500828,6.05110873853507,"2","#B7AE50"
"SCP_N24.EpiB.ATAGACCCAGCCTTGG","SCP259","SCP259_N24",6.2183199217606,0.0730002132588856,"0","#ED90A4"
"SCP_N24.EpiB.ATAGACCTCGGAGGTA","SCP259","SCP259_N24",3.28531744983677,3.21657516633811,"0","#ED90A4"
"SCP_N24.EpiB.ATAGACCTCTGCAGTA","SCP259","SCP259_N24",3.37894800212864,1.53378630255999,"0","#ED90A4"
"SCP_N24.EpiB.ATCACGAAGAGCCCAA","SCP259","SCP259_N24",2.59159400966648,6.11502446805777,"2","#B7AE50"
"SCP_N24.EpiB.ATCACGACATGAACCT","SCP259","SCP259_N24",1.21709528472904,7.46077146207633,"2","#B7AE50"
"SCP_N24.EpiB.ATCACGAGTATATCCG","SCP259","SCP259_N24",1.70881250408177,2.82567109739127,"0","#ED90A4"
"SCP_N24.EpiB.ATCACGATCAGTTAGC","SCP259","SCP259_N24",3.78601291683201,1.97250624572577,"0","#ED90A4"
"SCP_N24.EpiB.ATCATCTCAATGGATA","SCP259","SCP259_N24",3.87121561077122,5.2549954858953,"2","#B7AE50"
"SCP_N24.EpiB.ATCATGGGTAGAGGAA","SCP259","SCP259_N24",1.23720672634129,7.57292260801139,"2","#B7AE50"
"SCP_N24.EpiB.ATCCACCCAATAAGCA","SCP259","SCP259_N24",3.2799220373917,2.98256542360129,"0","#ED90A4"
"SCP_N24.EpiB.ATCCACCTCAAAGACA","SCP259","SCP259_N24",5.59309533145909,1.67377086555304,"0","#ED90A4"
"SCP_N24.EpiB.ATCCACCTCCTTGACC","SCP259","SCP259_N24",4.83559372928623,0.148932716005468,"0","#ED90A4"
"SCP_N24.EpiB.ATCCACCTCTGGGCCA","SCP259","SCP259_N24",3.38693287876133,1.75643720304313,"0","#ED90A4"
"SCP_N24.EpiB.ATCCGAACAGGTGGAT","SCP259","SCP259_N24",3.3862407496262,1.18230070745292,"0","#ED90A4"
"SCP_N24.EpiB.ATCGAGTCATGGTTGT","SCP259","SCP259_N24",4.23105004337315,1.43937674363794,"0","#ED90A4"
"SCP_N24.EpiB.ATCGAGTCATTCTTAC","SCP259","SCP259_N24",3.2501278212357,0.265792390459203,"0","#ED90A4"
"SCP_N24.EpiB.ATCGAGTGTCTCATCC","SCP259","SCP259_N24",1.40364554431919,7.67220582639518,"2","#B7AE50"
"SCP_N24.EpiB.ATCTACTAGATCCCGC","SCP259","SCP259_N24",1.63518562820439,6.69741668378653,"2","#B7AE50"
"SCP_N24.EpiB.ATCTACTCACATCCAA","SCP259","SCP259_N24",2.6570508768845,0.711764237039708,"0","#ED90A4"
"SCP_N24.EpiB.ATCTACTGTGGAAAGA","SCP259","SCP259_N24",2.64499166515354,1.43908529927673,"0","#ED90A4"
"SCP_N24.EpiB.ATCTGCCTCAACACAC","SCP259","SCP259_N24",5.32516482379917,2.35797365581336,"0","#ED90A4"
"SCP_N24.EpiB.ATCTGCCTCGTGGACC","SCP259","SCP259_N24",5.73385861423496,0.369219442957067,"0","#ED90A4"
"SCP_N24.EpiB.ATGAGGGGTGTCTGAT","SCP259","SCP259_N24",2.98110631015782,0.885796507948064,"0","#ED90A4"
"SCP_N24.EpiB.ATGAGGGTCGGGAGTA","SCP259","SCP259_N24",1.41633680370335,6.53142633115592,"2","#B7AE50"
"SCP_N24.EpiB.ATGCGATAGTGTACCT","SCP259","SCP259_N24",2.76346138027195,2.65144683992209,"0","#ED90A4"
"SCP_N24.EpiB.ATGCGATAGTTATCGC","SCP259","SCP259_N24",5.11826422718052,0.592392763250493,"0","#ED90A4"
"SCP_N24.EpiB.ATGCGATTCGGAAATA","SCP259","SCP259_N24",3.55239537265782,0.566553374879979,"0","#ED90A4"
"SCP_N24.EpiB.ATGGGAGAGATCTGAA","SCP259","SCP259_N24",3.25126340892796,4.46920313512626,"0","#ED90A4"
"SCP_N24.EpiB.ATGGGAGAGATCTGCT","SCP259","SCP259_N24",2.25357010868077,4.14314927732291,"0","#ED90A4"
"SCP_N24.EpiB.ATGGGAGCAAGAGTCG","SCP259","SCP259_N24",3.14087274578098,2.08954658185782,"0","#ED90A4"
"SCP_N24.EpiB.ATGTGTGAGATTACCC","SCP259","SCP259_N24",5.05799677875523,1.2109428105289,"0","#ED90A4"
"SCP_N24.EpiB.ATGTGTGGTAAGTGGC","SCP259","SCP259_N24",2.40801122692112,3.22701754247489,"0","#ED90A4"
"SCP_N24.EpiB.ATGTGTGGTGGCAAAC","SCP259","SCP259_N24",3.09684017208103,1.30208162044825,"0","#ED90A4"
"SCP_N24.EpiB.ATGTGTGTCAACGCTA","SCP259","SCP259_N24",5.98627856281285,1.31480265235248,"0","#ED90A4"
"SCP_N24.EpiB.ATGTGTGTCGTGGTCG","SCP259","SCP259_N24",2.36562517192845,2.42457749521079,"0","#ED90A4"
"SCP_N24.EpiB.ATTACTCAGAACTGTA","SCP259","SCP259_N24",2.79702809360508,0.781968018167638,"0","#ED90A4"
"SCP_N24.EpiB.ATTACTCAGTGTCCCG","SCP259","SCP259_N24",3.0571813872147,1.92015494977775,"0","#ED90A4"
"SCP_N24.EpiB.ATTACTCGTTGGTGGA","SCP259","SCP259_N24",4.04754641559605,6.20739307081046,"2","#B7AE50"
"SCP_N24.EpiB.ATTACTCTCAGCGACC","SCP259","SCP259_N24",5.74511769321446,0.739855608099126,"0","#ED90A4"
"SCP_N24.EpiB.ATTACTCTCGCAAGCC","SCP259","SCP259_N24",4.65977385547642,2.95484950219932,"0","#ED90A4"
"SCP_N24.EpiB.ATTATCCAGATATACG","SCP259","SCP259_N24",4.76958039310459,1.63451912080588,"0","#ED90A4"
"SCP_N24.EpiB.ATTATCCCACCATGTA","SCP259","SCP259_N24",2.87167361286167,2.63823821222129,"0","#ED90A4"
"SCP_N24.EpiB.ATTATCCGTAATCGTC","SCP259","SCP259_N24",2.5478344252396,1.50830671762767,"0","#ED90A4"
"SCP_N24.EpiB.ATTATCCTCACAATGC","SCP259","SCP259_N24",3.62662604358677,2.17973121082129,"0","#ED90A4"
"SCP_N24.EpiB.ATTATCCTCATGCATG","SCP259","SCP259_N24",5.68797543552403,-0.531900504476405,"0","#ED90A4"
"SCP_N24.EpiB.ATTGGACAGATATGGT","SCP259","SCP259_N24",3.78673723247532,2.05523421441855,"0","#ED90A4"
"SCP_N24.EpiB.ATTGGACAGGTAAACT","SCP259","SCP259_N24",1.11590811517719,2.80129005586448,"0","#ED90A4"
"SCP_N24.EpiB.ATTGGACGTATCGCAT","SCP259","SCP259_N24",2.76206543949131,1.67588909541907,"0","#ED90A4"
"SCP_N24.EpiB.ATTGGACTCTCAACTT","SCP259","SCP259_N24",3.6523425867844,4.81281842862906,"0","#ED90A4"
"SCP_N24.EpiB.ATTGGTGAGCGATCCC","SCP259","SCP259_N24",3.93943217304234,1.70171149646583,"0","#ED90A4"
"SCP_N24.EpiB.ATTGGTGAGCTAGCCC","SCP259","SCP259_N24",2.70256498363499,5.14709582006278,"2","#B7AE50"
"SCP_N24.EpiB.ATTGGTGCACAGCGTC","SCP259","SCP259_N24",2.49370911624912,6.79426278745475,"2","#B7AE50"
"SCP_N24.EpiB.ATTGGTGCAGGCTGAA","SCP259","SCP259_N24",6.10173323657994,-0.197854617482997,"0","#ED90A4"
"SCP_N24.EpiB.ATTGGTGCATTGGGCC","SCP259","SCP259_N24",3.46067097690586,3.90370669042411,"0","#ED90A4"
"SCP_N24.EpiB.ATTTCTGAGTAGTGCG","SCP259","SCP259_N24",3.48287108448033,1.67430635368171,"0","#ED90A4"
"SCP_N24.EpiB.ATTTCTGGTCCGTTAA","SCP259","SCP259_N24",2.36161783245091,4.80392422353568,"2","#B7AE50"
"SCP_N24.EpiB.ATTTCTGGTTAAAGAC","SCP259","SCP259_N24",4.23277380970005,4.17825045263114,"0","#ED90A4"
"SCP_N24.EpiB.CAACCAAAGAAACGCC","SCP259","SCP259_N24",5.65963652637486,2.71205355798545,"0","#ED90A4"
"SCP_N24.EpiB.CAACCAACAAACCTAC","SCP259","SCP259_N24",3.96005013492588,2.37782551919761,"0","#ED90A4"
"SCP_N24.EpiB.CAACCAATCACCGGGT","SCP259","SCP259_N24",1.17357894685749,6.71322621976676,"2","#B7AE50"
"SCP_N24.EpiB.CAACCTCTCAGTGTTG","SCP259","SCP259_N24",0.574122159748118,3.86490692769828,"0","#ED90A4"
"SCP_N24.EpiB.CAACTAGCAAGCGCTC","SCP259","SCP259_N24",3.81620624568943,6.19520654355826,"2","#B7AE50"
"SCP_N24.EpiB.CAAGAAAAGCACAGGT","SCP259","SCP259_N24",1.95669260528568,6.32442083036246,"2","#B7AE50"
"SCP_N24.EpiB.CAAGAAATCCATGAAC","SCP259","SCP259_N24",5.71214488056187,0.916425755375051,"0","#ED90A4"
"SCP_N24.EpiB.CAAGATCAGCTACCGC","SCP259","SCP259_N24",6.15357449558262,-0.121044138318873,"0","#ED90A4"
"SCP_N24.EpiB.CAAGATCTCGGCGGTT","SCP259","SCP259_N24",3.28154495265965,1.40685413255075,"0","#ED90A4"
"SCP_N24.EpiB.CAAGGCCAGACTACAA","SCP259","SCP259_N24",2.06181421783451,5.85259618436637,"2","#B7AE50"
"SCP_N24.EpiB.CAAGGCCAGCTAGTTC","SCP259","SCP259_N24",4.02697971370701,3.74456443464103,"0","#ED90A4"
"SCP_N24.EpiB.CAAGGCCAGGCCGAAT","SCP259","SCP259_N24",2.3671543886948,3.6217643228704,"0","#ED90A4"
"SCP_N24.EpiB.CAAGGCCCAATTGCTG","SCP259","SCP259_N24",1.9785828879166,6.78449763929191,"2","#B7AE50"
"SCP_N24.EpiB.CAAGGCCCACGCGAAA","SCP259","SCP259_N24",3.35472729709629,1.75253333722892,"0","#ED90A4"
"SCP_N24.EpiB.CAAGGCCGTGAACCTT","SCP259","SCP259_N24",2.78439429309849,1.12392475282493,"0","#ED90A4"
"SCP_N24.EpiB.CAAGGCCGTGTTCGAT","SCP259","SCP259_N24",2.72834685352329,2.09868629848304,"0","#ED90A4"
"SCP_N24.EpiB.CAAGTTGCATCCGGGT","SCP259","SCP259_N24",3.46079805400852,5.56694926893058,"2","#B7AE50"
"SCP_N24.EpiB.CACAAACCAGTTTACG","SCP259","SCP259_N24",6.05595734622959,0.182325264566564,"0","#ED90A4"
"SCP_N24.EpiB.CACAAACGTGTTGAGG","SCP259","SCP259_N24",3.31132009532932,2.55464543973746,"0","#ED90A4"
"SCP_N24.EpiB.CACACCTAGCTGAAAT","SCP259","SCP259_N24",3.28703883197788,1.4258161076689,"0","#ED90A4"
"SCP_N24.EpiB.CACACCTCACCACCAG","SCP259","SCP259_N24",2.66714790370945,3.17363562261405,"0","#ED90A4"
"SCP_N24.EpiB.CACACCTGTGGCAAAC","SCP259","SCP259_N24",6.21610453632359,0.136250993364476,"0","#ED90A4"
"SCP_N24.EpiB.CACACTCTCGGTGTTA","SCP259","SCP259_N24",2.236105709343,3.02783133661094,"0","#ED90A4"
"SCP_N24.EpiB.CACAGTACATAAAGGT","SCP259","SCP259_N24",3.65583160427098,1.00487240230384,"0","#ED90A4"
"SCP_N24.EpiB.CACAGTATCGCCTGAG","SCP259","SCP259_N24",5.61709120777134,1.45999492158832,"0","#ED90A4"
"SCP_N24.EpiB.CACATAGGTGTTAAGA","SCP259","SCP259_N24",3.82750728633885,5.38302697812858,"0","#ED90A4"
"SCP_N24.EpiB.CACATAGTCCAAGCCG","SCP259","SCP259_N24",3.20618799236302,7.71980943357291,"2","#B7AE50"
"SCP_N24.EpiB.CACATAGTCCCTCAGT","SCP259","SCP259_N24",4.77263787296299,2.2500602213079,"0","#ED90A4"
"SCP_N24.EpiB.CACATTTGTCCGACGT","SCP259","SCP259_N24",5.07713511493687,1.69563077961745,"0","#ED90A4"
"SCP_N24.EpiB.CACCACTCAAGGTTCT","SCP259","SCP259_N24",4.89519217517857,3.38024296438041,"0","#ED90A4"
"SCP_N24.EpiB.CACCACTCAAGTTCTG","SCP259","SCP259_N24",3.37439730670933,0.581080636137151,"0","#ED90A4"
"SCP_N24.EpiB.CACCACTGTGGTCTCG","SCP259","SCP259_N24",2.87391689327244,2.83560313855948,"0","#ED90A4"
"SCP_N24.EpiB.CACCAGGCAAGAAAGG","SCP259","SCP259_N24",3.79864862468723,1.2279508618051,"0","#ED90A4"
"SCP_N24.EpiB.CACCAGGCATGGATGG","SCP259","SCP259_N24",5.44183733966831,2.39653064882102,"0","#ED90A4"
"SCP_N24.EpiB.CACCAGGGTGTTTGGT","SCP259","SCP259_N24",1.22584274318699,5.89169921552482,"2","#B7AE50"
"SCP_N24.EpiB.CACCAGGTCACCACCT","SCP259","SCP259_N24",2.18330565002445,4.30124964391532,"0","#ED90A4"
"SCP_N24.EpiB.CACCTTGAGACAAAGG","SCP259","SCP259_N24",2.81187894847874,3.03686906968894,"0","#ED90A4"
"SCP_N24.EpiB.CACCTTGGTAGAAGGA","SCP259","SCP259_N24",5.88861229923252,0.152917763345861,"0","#ED90A4"
"SCP_N24.EpiB.CACTCCAAGACAAGCC","SCP259","SCP259_N24",3.1981668761063,2.25883205806556,"0","#ED90A4"
"SCP_N24.EpiB.CACTCCATCAAGGCTT","SCP259","SCP259_N24",1.59573653247837,6.46831788694205,"2","#B7AE50"
"SCP_N24.EpiB.CAGAATCTCTCGCTTG","SCP259","SCP259_N24",5.94630578067784,-0.00361273611245227,"0","#ED90A4"
"SCP_N24.EpiB.CAGAGAGCACGGCGTT","SCP259","SCP259_N24",2.56825497653965,2.38093700086417,"0","#ED90A4"
"SCP_N24.EpiB.CAGAGAGGTACAGACG","SCP259","SCP259_N24",4.98671582248692,0.261259338014745,"0","#ED90A4"
"SCP_N24.EpiB.CAGAGAGGTCCATCCT","SCP259","SCP259_N24",4.94475796726231,2.89906503831687,"0","#ED90A4"
"SCP_N24.EpiB.CAGAGAGGTGTCCTCT","SCP259","SCP259_N24",2.70480230358128,1.87161078130546,"0","#ED90A4"
"SCP_N24.EpiB.CAGATCATCACATGCA","SCP259","SCP259_N24",-0.783662886352499,0.119151970499181,"0","#ED90A4"
"SCP_N24.EpiB.CAGCAGCGTTCAACCA","SCP259","SCP259_N24",1.70382943656925,3.23059596692862,"0","#ED90A4"
"SCP_N24.EpiB.CAGCAGCTCTAACGGT","SCP259","SCP259_N24",1.14535549190525,6.1942523924047,"2","#B7AE50"
"SCP_N24.EpiB.CAGCAGCTCTGATTCT","SCP259","SCP259_N24",4.99942639377598,0.706497332208776,"0","#ED90A4"
"SCP_N24.EpiB.CAGCCGACACTCAGGC","SCP259","SCP259_N24",4.97165730503086,2.96953310643973,"0","#ED90A4"
"SCP_N24.EpiB.CAGCCGAGTCAGGACA","SCP259","SCP259_N24",1.64610126522068,7.1356357542211,"2","#B7AE50"
"SCP_N24.EpiB.CAGCCGAGTTCAGTAC","SCP259","SCP259_N24",2.68771007564549,2.02345760738196,"0","#ED90A4"
"SCP_N24.EpiB.CAGCCGATCTAACTCT","SCP259","SCP259_N24",2.8440614035416,1.77700763022246,"0","#ED90A4"
"SCP_N24.EpiB.CAGCGACTCACCACCT","SCP259","SCP259_N24",4.35177758243565,1.6937084702188,"0","#ED90A4"
"SCP_N24.EpiB.CAGCTAAAGAAGGTGA","SCP259","SCP259_N24",4.18876650836949,5.0932089296514,"2","#B7AE50"
"SCP_N24.EpiB.CAGCTAAAGTGGACGT","SCP259","SCP259_N24",5.12649634387974,2.10140617763343,"0","#ED90A4"
"SCP_N24.EpiB.CAGCTAACACGTAAGG","SCP259","SCP259_N24",3.56163433101658,2.28098299180808,"0","#ED90A4"
"SCP_N24.EpiB.CAGCTAACATTCCTCG","SCP259","SCP259_N24",1.33585396316532,6.77618970548453,"2","#B7AE50"
"SCP_N24.EpiB.CAGCTAAGTAATCACC","SCP259","SCP259_N24",1.06815197971348,6.24397220289054,"2","#B7AE50"
"SCP_N24.EpiB.CAGCTGGAGAATTGTG","SCP259","SCP259_N24",4.88736870792393,0.176137587183141,"0","#ED90A4"
"SCP_N24.EpiB.CAGCTGGTCGTTTATC","SCP259","SCP259_N24",3.00811460521702,2.23130842124762,"0","#ED90A4"
"SCP_N24.EpiB.CAGCTGGTCTTGCATT","SCP259","SCP259_N24",2.44453647640232,3.85524215375724,"0","#ED90A4"
"SCP_N24.EpiB.CAGGTGCCACCTATCC","SCP259","SCP259_N24",5.46052315738682,1.45555291151347,"0","#ED90A4"
"SCP_N24.EpiB.CAGGTGCCAGCATACT","SCP259","SCP259_N24",1.33434644248966,7.36751784955802,"2","#B7AE50"
"SCP_N24.EpiB.CAGGTGCGTAGAAAGG","SCP259","SCP259_N24",4.89163210895542,1.47028501903357,"0","#ED90A4"
"SCP_N24.EpiB.CAGTAACAGAAGCCCA","SCP259","SCP259_N24",5.855898885994,0.133675238245153,"0","#ED90A4"
"SCP_N24.EpiB.CAGTAACAGAAGGGTA","SCP259","SCP259_N24",2.03257718589787,1.43384380092564,"0","#ED90A4"
"SCP_N24.EpiB.CAGTAACAGACAAAGG","SCP259","SCP259_N24",2.03277698066715,3.81800856267753,"0","#ED90A4"
"SCP_N24.EpiB.CAGTAACTCCAAACTG","SCP259","SCP259_N24",4.60647252109532,2.25709738408866,"0","#ED90A4"
"SCP_N24.EpiB.CAGTAACTCGTTTAGG","SCP259","SCP259_N24",3.54046752956394,7.63246907865348,"2","#B7AE50"
"SCP_N24.EpiB.CAGTCCTAGGAGTACC","SCP259","SCP259_N24",3.99609568622593,0.484993299596929,"0","#ED90A4"
"SCP_N24.EpiB.CAGTCCTCACGGCCAT","SCP259","SCP259_N24",1.87768068817143,6.66318120633902,"2","#B7AE50"
"SCP_N24.EpiB.CAGTCCTGTATATGAG","SCP259","SCP259_N24",5.81039479282383,0.344952603929662,"0","#ED90A4"
"SCP_N24.EpiB.CATATGGGTTCCTCCA","SCP259","SCP259_N24",0.748815565376322,6.72637214338126,"2","#B7AE50"
"SCP_N24.EpiB.CATATGGTCAACACCA","SCP259","SCP259_N24",5.09227040317539,0.3059649673635,"0","#ED90A4"
"SCP_N24.EpiB.CATATTCAGCTAACAA","SCP259","SCP259_N24",3.56569316890721,1.04352699791732,"0","#ED90A4"
"SCP_N24.EpiB.CATATTCAGGCGACAT","SCP259","SCP259_N24",3.64339330699925,3.72176184331717,"0","#ED90A4"
"SCP_N24.EpiB.CATATTCCAACACGCC","SCP259","SCP259_N24",4.07195833232884,5.01608051931205,"2","#B7AE50"
"SCP_N24.EpiB.CATATTCGTATATCCG","SCP259","SCP259_N24",5.45993760135655,1.22388156329932,"0","#ED90A4"
"SCP_N24.EpiB.CATATTCGTCGCCATG","SCP259","SCP259_N24",3.56107404735569,0.714528640859746,"0","#ED90A4"
"SCP_N24.EpiB.CATATTCGTCTGGTCG","SCP259","SCP259_N24",1.54175212886814,7.3797353712255,"2","#B7AE50"
"SCP_N24.EpiB.CATATTCTCTCGTTTA","SCP259","SCP259_N24",1.91484418418888,5.08787431394401,"2","#B7AE50"
"SCP_N24.EpiB.CATCAAGAGATCTGAA","SCP259","SCP259_N24",4.65825751331333,2.19775267516913,"0","#ED90A4"
"SCP_N24.EpiB.CATCAAGGTAGCCTCG","SCP259","SCP259_N24",5.82956603076939,0.0205623117619984,"0","#ED90A4"
"SCP_N24.EpiB.CATCAAGGTGTAAGTA","SCP259","SCP259_N24",2.14617171791081,0.976037850731038,"0","#ED90A4"
"SCP_N24.EpiB.CATCAGATCCAGGGCT","SCP259","SCP259_N24",3.40795424488072,2.50439836656394,"0","#ED90A4"
"SCP_N24.EpiB.CATCCACAGCAAATCA","SCP259","SCP259_N24",4.23553612735752,0.844725093000554,"0","#ED90A4"
"SCP_N24.EpiB.CATCCACCAGGTTTCA","SCP259","SCP259_N24",3.28193810489659,0.24699439679923,"0","#ED90A4"
"SCP_N24.EpiB.CATCCACTCTTTACGT","SCP259","SCP259_N24",2.92199280765537,2.02238776361289,"0","#ED90A4"
"SCP_N24.EpiB.CATCGAAAGCGTGTCC","SCP259","SCP259_N24",5.25953200366978,1.81495293056312,"0","#ED90A4"
"SCP_N24.EpiB.CATCGGGAGCAGCCTC","SCP259","SCP259_N24",3.48049357440952,4.54704370176139,"0","#ED90A4"
"SCP_N24.EpiB.CATCGGGAGGCCCTCA","SCP259","SCP259_N24",4.56310847309117,3.32034601842704,"0","#ED90A4"
"SCP_N24.EpiB.CATGACAAGGATCGCA","SCP259","SCP259_N24",6.31969883945469,0.969599982851171,"0","#ED90A4"
"SCP_N24.EpiB.CATGACAAGTCCGTAT","SCP259","SCP259_N24",2.02157357242588,7.21064080869498,"2","#B7AE50"
"SCP_N24.EpiB.CATGACAAGTCTCAAC","SCP259","SCP259_N24",1.28444448020939,6.5644220319921,"2","#B7AE50"
"SCP_N24.EpiB.CATGACATCCTCAACC","SCP259","SCP259_N24",5.01762249973301,0.444821020715856,"0","#ED90A4"
"SCP_N24.EpiB.CATGCCTTCAGTTCGA","SCP259","SCP259_N24",1.30635419395451,7.51660670911612,"2","#B7AE50"
"SCP_N24.EpiB.CATGCCTTCATACGGT","SCP259","SCP259_N24",1.52945461776737,7.04679002439322,"2","#B7AE50"
"SCP_N24.EpiB.CATGGCGTCTCGTTTA","SCP259","SCP259_N24",1.55837085750584,7.3631919828588,"2","#B7AE50"
"SCP_N24.EpiB.CATTATCCAGGTCGTC","SCP259","SCP259_N24",3.11025479343418,2.7490881887609,"0","#ED90A4"
"SCP_N24.EpiB.CATTATCGTACCAGTT","SCP259","SCP259_N24",4.80707600620274,1.82057379757705,"0","#ED90A4"
"SCP_N24.EpiB.CATTCGCCATCCGGGT","SCP259","SCP259_N24",0.517638980417292,3.72397126828971,"0","#ED90A4"
"SCP_N24.EpiB.CATTCGCTCGTTTGCC","SCP259","SCP259_N24",5.53461745288853,3.83154787694755,"0","#ED90A4"
"SCP_N24.EpiB.CCAATCCAGGTGTGGT","SCP259","SCP259_N24",2.71016123798374,5.35925879155936,"2","#B7AE50"
"SCP_N24.EpiB.CCAATCCAGTAGATGT","SCP259","SCP259_N24",5.41406348255162,0.465151032560491,"0","#ED90A4"
"SCP_N24.EpiB.CCAATCCGTTACGTCA","SCP259","SCP259_N24",2.51159480121617,5.83014192258658,"2","#B7AE50"
"SCP_N24.EpiB.CCACCTATCATGTGGT","SCP259","SCP259_N24",4.05427387264256,2.36081530725303,"0","#ED90A4"
"SCP_N24.EpiB.CCACGGAGTAACGACG","SCP259","SCP259_N24",6.49536803272251,1.03711440240683,"0","#ED90A4"
"SCP_N24.EpiB.CCACGGATCACAGTAC","SCP259","SCP259_N24",4.04425242450718,1.64117520129027,"0","#ED90A4"
"SCP_N24.EpiB.CCACTACAGGTTACCT","SCP259","SCP259_N24",3.95344880130772,1.29581740325036,"0","#ED90A4"
"SCP_N24.EpiB.CCACTACTCGAACTGT","SCP259","SCP259_N24",2.86084511783604,1.35603406479301,"0","#ED90A4"
"SCP_N24.EpiB.CCAGCGAAGCCCTAAT","SCP259","SCP259_N24",3.79649880435948,0.514806648843908,"0","#ED90A4"
"SCP_N24.EpiB.CCAGCGAGTCTCTTAT","SCP259","SCP259_N24",3.25128438976292,1.94216634904685,"0","#ED90A4"
"SCP_N24.EpiB.CCAGCGATCATGTCCC","SCP259","SCP259_N24",5.83403971698765,1.42284906482043,"0","#ED90A4"
"SCP_N24.EpiB.CCATTCGAGTTATCGC","SCP259","SCP259_N24",3.22856333759312,3.62091030752006,"0","#ED90A4"
"SCP_N24.EpiB.CCATTCGCACGGTTTA","SCP259","SCP259_N24",2.94308140781407,1.19961409842315,"0","#ED90A4"
"SCP_N24.EpiB.CCCAATCCAGGACGTA","SCP259","SCP259_N24",6.36917212512974,0.35578300630393,"0","#ED90A4"
"SCP_N24.EpiB.CCCAATCGTTCTGTTT","SCP259","SCP259_N24",2.83872750308994,1.13830642973723,"0","#ED90A4"
"SCP_N24.EpiB.CCCAGTTCACAGACTT","SCP259","SCP259_N24",3.18745067623142,5.25492610608878,"2","#B7AE50"
"SCP_N24.EpiB.CCCAGTTCACCGAAAG","SCP259","SCP259_N24",2.58693030384068,5.78433026944938,"2","#B7AE50"
"SCP_N24.EpiB.CCCAGTTCATCCCATC","SCP259","SCP259_N24",5.63242629077915,-0.496482470876551,"0","#ED90A4"
"SCP_N24.EpiB.CCCAGTTTCGGCATCG","SCP259","SCP259_N24",3.2727952292252,7.90098037397208,"2","#B7AE50"
"SCP_N24.EpiB.CCCATACAGCAGACTG","SCP259","SCP259_N24",2.75858572032932,5.72698011075797,"2","#B7AE50"
"SCP_N24.EpiB.CCCTCCTAGGGAAACA","SCP259","SCP259_N24",2.51003768947605,4.17110743200126,"2","#B7AE50"
"SCP_N24.EpiB.CCCTCCTCAGGGAGAG","SCP259","SCP259_N24",2.56946161296848,5.00292625104728,"2","#B7AE50"
"SCP_N24.EpiB.CCCTCCTCAGTAGAGC","SCP259","SCP259_N24",2.33761361148838,5.04476823484244,"0","#ED90A4"
"SCP_N24.EpiB.CCGGGATAGTCGCCGT","SCP259","SCP259_N24",2.46552494075779,4.75569929754081,"0","#ED90A4"
"SCP_N24.EpiB.CCGGGATTCAAGATCC","SCP259","SCP259_N24",3.69935467746739,4.16306366597953,"2","#B7AE50"
"SCP_N24.EpiB.CCGGTAGAGGCGTACA","SCP259","SCP259_N24",1.76246204879765,4.0368935075933,"2","#B7AE50"
"SCP_N24.EpiB.CCGGTAGGTGAGTATA","SCP259","SCP259_N24",6.32899144199375,-0.273447969800807,"0","#ED90A4"
"SCP_N24.EpiB.CCGGTAGTCCAAACAC","SCP259","SCP259_N24",4.05567958858494,5.26896085416617,"2","#B7AE50"
"SCP_N24.EpiB.CCGGTAGTCCATTCTA","SCP259","SCP259_N24",2.76292112377171,5.85395755445304,"2","#B7AE50"
"SCP_N24.EpiB.CCGTACTGTCCAGTGC","SCP259","SCP259_N24",2.94747951534275,3.23742654001059,"0","#ED90A4"
"SCP_N24.EpiB.CCGTACTTCAGCGATT","SCP259","SCP259_N24",1.74478188064579,7.85222568189444,"2","#B7AE50"
"SCP_N24.EpiB.CCGTACTTCTACTCAT","SCP259","SCP259_N24",4.5529260924149,1.87162678515258,"0","#ED90A4"
"SCP_N24.EpiB.CCGTACTTCTGTACGA","SCP259","SCP259_N24",3.83832839038853,1.52861754422727,"0","#ED90A4"
"SCP_N24.EpiB.CCGTGGACAAGTTCTG","SCP259","SCP259_N24",4.15840485599522,6.11042298948111,"2","#B7AE50"
"SCP_N24.EpiB.CCGTGGATCGTTTGCC","SCP259","SCP259_N24",2.26444414165501,6.78445472394767,"2","#B7AE50"
"SCP_N24.EpiB.CCGTGGATCTAAGCCA","SCP259","SCP259_N24",3.68951752689366,5.15727033292594,"2","#B7AE50"
"SCP_N24.EpiB.CCGTTCAAGCTGTTCA","SCP259","SCP259_N24",4.19507148769383,4.66969074880423,"0","#ED90A4"
"SCP_N24.EpiB.CCGTTCACACGGTTTA","SCP259","SCP259_N24",-3.95408389064785,-3.76145229662118,"4","#1DC199"
"SCP_N24.EpiB.CCGTTCAGTTCCGTCT","SCP259","SCP259_N24",3.22395041492466,3.67552270566764,"0","#ED90A4"
"SCP_N24.EpiB.CCTACACAGACGACGT","SCP259","SCP259_N24",2.0313926031876,5.72584285413566,"2","#B7AE50"
"SCP_N24.EpiB.CCTACACAGGCGACAT","SCP259","SCP259_N24",1.20048120525364,7.12818755780997,"2","#B7AE50"
"SCP_N24.EpiB.CCTACACAGTAGATGT","SCP259","SCP259_N24",5.9329834273148,0.0669130293065541,"0","#ED90A4"
"SCP_N24.EpiB.CCTACACGTCCGCTGA","SCP259","SCP259_N24",3.68379524257664,0.517922362440252,"0","#ED90A4"
"SCP_N24.EpiB.CCTACACGTGAGCGAT","SCP259","SCP259_N24",5.71649888065342,2.34207733547034,"0","#ED90A4"
"SCP_N24.EpiB.CCTACCAAGCGCCTCA","SCP259","SCP259_N24",5.74809649494175,0.825816949957036,"0","#ED90A4"
"SCP_N24.EpiB.CCTACCAAGGAGTTGC","SCP259","SCP259_N24",1.57495835330967,7.33653630887809,"2","#B7AE50"
"SCP_N24.EpiB.CCTACCACACGAAGCA","SCP259","SCP259_N24",5.58772185352329,3.0210014787847,"0","#ED90A4"
"SCP_N24.EpiB.CCTACCAGTCTAGTGT","SCP259","SCP259_N24",5.64417365100865,0.59937818919959,"0","#ED90A4"
"SCP_N24.EpiB.CCTAGCTCATTACCTT","SCP259","SCP259_N24",1.72919240501408,2.52498938714805,"0","#ED90A4"
"SCP_N24.EpiB.CCTAGCTGTATCTGCA","SCP259","SCP259_N24",4.60423615482334,4.65888871824088,"2","#B7AE50"
"SCP_N24.EpiB.CCTAGCTGTTCAGACT","SCP259","SCP259_N24",2.0318980505753,6.6952494589025,"2","#B7AE50"
"SCP_N24.EpiB.CCTATTAAGAAGGACA","SCP259","SCP259_N24",4.7445798209,1.51402848040404,"0","#ED90A4"
"SCP_N24.EpiB.CCTATTACAAGGTGTG","SCP259","SCP259_N24",0.315123899846117,4.11021699582877,"0","#ED90A4"
"SCP_N24.EpiB.CCTATTACATACGCCG","SCP259","SCP259_N24",3.89217856433872,2.16394802009406,"0","#ED90A4"
"SCP_N24.EpiB.CCTATTAGTGTGAAAT","SCP259","SCP259_N24",3.11844327953343,0.750077327840947,"0","#ED90A4"
"SCP_N24.EpiB.CCTATTATCAGGCGAA","SCP259","SCP259_N24",2.43419983890537,6.04482736265006,"2","#B7AE50"
"SCP_N24.EpiB.CCTCAGTCAGCGTTCG","SCP259","SCP259_N24",3.39270689991001,7.41415967618766,"2","#B7AE50"
"SCP_N24.EpiB.CCTCTGAGTAAACACA","SCP259","SCP259_N24",2.51012852695469,6.14362897550406,"2","#B7AE50"
"SCP_N24.EpiB.CCTTACGAGACTAGAT","SCP259","SCP259_N24",6.46506979969029,0.304557701700353,"0","#ED90A4"
"SCP_N24.EpiB.CCTTACGCAGCCAATT","SCP259","SCP259_N24",2.79437687900547,0.884759744756841,"0","#ED90A4"
"SCP_N24.EpiB.CCTTACGTCTGCTTGC","SCP259","SCP259_N24",2.34139946010594,3.47652616178336,"0","#ED90A4"
"SCP_N24.EpiB.CCTTCCCAGGGTTTCT","SCP259","SCP259_N24",0.895126490860025,6.55797137891593,"2","#B7AE50"
"SCP_N24.EpiB.CCTTCCCAGTAGCCGA","SCP259","SCP259_N24",4.0406916430283,1.99121656095328,"0","#ED90A4"
"SCP_N24.EpiB.CCTTCCCAGTATCTCG","SCP259","SCP259_N24",6.50947669055943,5.95620669996085,"2","#B7AE50"
"SCP_N24.EpiB.CCTTCCCCAACGCACC","SCP259","SCP259_N24",2.1258887341309,3.23594202672782,"0","#ED90A4"
"SCP_N24.EpiB.CCTTCCCCATCGACGC","SCP259","SCP259_N24",5.61813834217076,0.900999626272344,"0","#ED90A4"
"SCP_N24.EpiB.CCTTCCCGTGGCCCTA","SCP259","SCP259_N24",2.02178719547276,2.25014158164802,"0","#ED90A4"
"SCP_N24.EpiB.CCTTCCCTCTATCCTA","SCP259","SCP259_N24",1.56788614299778,7.76388826047721,"2","#B7AE50"
"SCP_N24.EpiB.CCTTCGAAGAGATGAG","SCP259","SCP259_N24",2.98779705074314,2.73226012861075,"0","#ED90A4"
"SCP_N24.EpiB.CCTTTCTAGGCCCTTG","SCP259","SCP259_N24",4.7256498625565,1.63867460762801,"0","#ED90A4"
"SCP_N24.EpiB.CGAACATAGCCTATGT","SCP259","SCP259_N24",1.35060682800297,7.11009444867911,"2","#B7AE50"
"SCP_N24.EpiB.CGAACATTCTTTAGTC","SCP259","SCP259_N24",6.33518317249302,-0.064839819318629,"0","#ED90A4"
"SCP_N24.EpiB.CGAATGTAGAGGTAGA","SCP259","SCP259_N24",4.52088645008091,4.76997222577872,"2","#B7AE50"
"SCP_N24.EpiB.CGAATGTAGCTGCAAG","SCP259","SCP259_N24",3.40666726139073,1.49480484997573,"0","#ED90A4"
"SCP_N24.EpiB.CGAATGTGTGGAAAGA","SCP259","SCP259_N24",2.75837805774693,0.724240681284093,"0","#ED90A4"
"SCP_N24.EpiB.CGAATGTGTTAAGATG","SCP259","SCP259_N24",3.02981474903111,2.11707105314078,"0","#ED90A4"
"SCP_N24.EpiB.CGAATGTTCCACGTTC","SCP259","SCP259_N24",1.97156932857517,5.21506466543021,"2","#B7AE50"
"SCP_N24.EpiB.CGAATGTTCCGGCACA","SCP259","SCP259_N24",2.65745761898045,3.10090615426841,"0","#ED90A4"
"SCP_N24.EpiB.CGACCTTAGAGGTACC","SCP259","SCP259_N24",5.22902586963658,-0.152341464406825,"0","#ED90A4"
"SCP_N24.EpiB.CGACCTTCAGGACCCT","SCP259","SCP259_N24",3.1473799040604,2.14111389791312,"0","#ED90A4"
"SCP_N24.EpiB.CGACCTTGTTTACTCT","SCP259","SCP259_N24",5.0875563910294,3.47301926290336,"0","#ED90A4"
"SCP_N24.EpiB.CGACCTTTCTGATTCT","SCP259","SCP259_N24",3.5510185053635,4.58595719014945,"2","#B7AE50"
"SCP_N24.EpiB.CGAGAAGAGCAGACTG","SCP259","SCP259_N24",3.53728368785862,2.81975044881644,"0","#ED90A4"
"SCP_N24.EpiB.CGAGAAGAGTCCTCCT","SCP259","SCP259_N24",1.88575997856144,2.66004731332602,"0","#ED90A4"
"SCP_N24.EpiB.CGAGAAGCATGCTAGT","SCP259","SCP259_N24",1.90285888221745,4.53349771177115,"0","#ED90A4"
"SCP_N24.EpiB.CGAGCCAGTTCGTGAT","SCP259","SCP259_N24",1.91516509559635,6.63036574994864,"2","#B7AE50"
"SCP_N24.EpiB.CGATCGGCAAGCCGTC","SCP259","SCP259_N24",1.83970144298557,3.59256019269767,"0","#ED90A4"
"SCP_N24.EpiB.CGATGGCAGGGATGGG","SCP259","SCP259_N24",2.3155608465958,2.54823376809897,"0","#ED90A4"
"SCP_N24.EpiB.CGATGGCGTACCTACA","SCP259","SCP259_N24",3.29468062427525,1.33786693041863,"0","#ED90A4"
"SCP_N24.EpiB.CGATGGCTCAGCTTAG","SCP259","SCP259_N24",3.93117812183384,2.39446212922873,"0","#ED90A4"
"SCP_N24.EpiB.CGATGTAAGTGGCACA","SCP259","SCP259_N24",1.4161114981461,7.75817765867057,"2","#B7AE50"
"SCP_N24.EpiB.CGATGTATCAGTCCCT","SCP259","SCP259_N24",4.65763333347325,4.25259103452506,"2","#B7AE50"
"SCP_N24.EpiB.CGATTGACATGCATGT","SCP259","SCP259_N24",4.46700528171543,3.77296652471366,"2","#B7AE50"
"SCP_N24.EpiB.CGATTGATCGTAGGTT","SCP259","SCP259_N24",2.32439592388157,0.893808206670903,"0","#ED90A4"
"SCP_N24.EpiB.CGCCAAGCATGGTCAT","SCP259","SCP259_N24",6.42927077320103,0.357749840372228,"0","#ED90A4"
"SCP_N24.EpiB.CGCGGTAAGGATGGAA","SCP259","SCP259_N24",4.47514966037754,2.7845045534307,"0","#ED90A4"
"SCP_N24.EpiB.CGCGGTATCACAATGC","SCP259","SCP259_N24",3.42370632198338,7.55236806546988,"2","#B7AE50"
"SCP_N24.EpiB.CGCGTTTCAGCGTTCG","SCP259","SCP259_N24",5.93002560642246,-0.246947863942958,"0","#ED90A4"
"SCP_N24.EpiB.CGCGTTTGTTACCGAT","SCP259","SCP259_N24",1.4296111157227,7.28974427854361,"2","#B7AE50"
"SCP_N24.EpiB.CGCTATCTCTGTACGA","SCP259","SCP259_N24",0.539137720136683,3.73695268308463,"0","#ED90A4"
"SCP_N24.EpiB.CGCTATCTCTTTACGT","SCP259","SCP259_N24",2.66787388828282,2.3251477090055,"0","#ED90A4"
"SCP_N24.EpiB.CGCTGGAAGCCGCCTA","SCP259","SCP259_N24",4.56802228000645,1.39356739366146,"0","#ED90A4"
"SCP_N24.EpiB.CGCTGGACACATTTCT","SCP259","SCP259_N24",5.06348851230625,0.79464562808814,"0","#ED90A4"
"SCP_N24.EpiB.CGCTGGATCGGTTCGG","SCP259","SCP259_N24",3.73970511463169,2.3395091501409,"0","#ED90A4"
"SCP_N24.EpiB.CGCTGGATCTCCAGGG","SCP259","SCP259_N24",3.15695980098728,0.911780020349645,"0","#ED90A4"
"SCP_N24.EpiB.CGCTGGATCTTAGAGC","SCP259","SCP259_N24",4.83741333988194,2.92884161149802,"0","#ED90A4"
"SCP_N24.EpiB.CGCTTCAAGCTGCCCA","SCP259","SCP259_N24",5.00920250919346,1.29605550890508,"0","#ED90A4"
"SCP_N24.EpiB.CGCTTCAAGGACGAAA","SCP259","SCP259_N24",2.95855048206333,2.17440690671744,"0","#ED90A4"
"SCP_N24.EpiB.CGCTTCACATACTACG","SCP259","SCP259_N24",5.72037508991246,0.651734670751714,"0","#ED90A4"
"SCP_N24.EpiB.CGCTTCATCTTGAGAC","SCP259","SCP259_N24",4.68318322208409,4.53060474073234,"2","#B7AE50"
"SCP_N24.EpiB.CGGACACAGTGCAAGC","SCP259","SCP259_N24",2.27721169498448,2.0256909934217,"0","#ED90A4"
"SCP_N24.EpiB.CGGACACCATCGGACC","SCP259","SCP259_N24",4.88110116031651,4.11749877607169,"0","#ED90A4"
"SCP_N24.EpiB.CGGACACTCCTCAACC","SCP259","SCP259_N24",3.1253445437241,6.04208602582755,"2","#B7AE50"
"SCP_N24.EpiB.CGGACGTAGATGCGAC","SCP259","SCP259_N24",3.45098379161839,4.05563916837516,"0","#ED90A4"
"SCP_N24.EpiB.CGGACGTGTCTCTCTG","SCP259","SCP259_N24",4.62632039096836,0.493308683984899,"0","#ED90A4"
"SCP_N24.EpiB.CGGACGTGTTCCTCCA","SCP259","SCP259_N24",2.32463696506504,5.67863359128776,"2","#B7AE50"
"SCP_N24.EpiB.CGGACTGGTTGGGACA","SCP259","SCP259_N24",1.51312842872624,6.6270555463964,"2","#B7AE50"
"SCP_N24.EpiB.CGGACTGTCACCGTAA","SCP259","SCP259_N24",4.62985995319371,0.999133965128087,"0","#ED90A4"
"SCP_N24.EpiB.CGGACTGTCGAGGTAG","SCP259","SCP259_N24",3.88573220279698,6.49631204282584,"2","#B7AE50"
"SCP_N24.EpiB.CGGAGCTAGAAGGCCT","SCP259","SCP259_N24",4.63988831546787,3.54396452581229,"0","#ED90A4"
"SCP_N24.EpiB.CGGAGCTAGCGCTTAT","SCP259","SCP259_N24",3.41646221187596,3.47571673070731,"0","#ED90A4"
"SCP_N24.EpiB.CGGAGCTAGGTAAACT","SCP259","SCP259_N24",2.05817785766606,6.45440997754874,"2","#B7AE50"
"SCP_N24.EpiB.CGGAGCTTCCACGAAT","SCP259","SCP259_N24",5.59086468723301,0.567485174291753,"0","#ED90A4"
"SCP_N24.EpiB.CGGAGTCGTCAGAGGT","SCP259","SCP259_N24",2.59275963809971,8.15297021543326,"2","#B7AE50"
"SCP_N24.EpiB.CGGCTAGGTTACGACT","SCP259","SCP259_N24",0.664439528255503,3.5825044122869,"0","#ED90A4"
"SCP_N24.EpiB.CGGCTAGTCTCCTATA","SCP259","SCP259_N24",3.25150731113438,2.82318927919211,"0","#ED90A4"
"SCP_N24.EpiB.CGGTTAAAGCTGGAAC","SCP259","SCP259_N24",1.71002045181278,5.0022083727056,"2","#B7AE50"
"SCP_N24.EpiB.CGGTTAAAGTCTCCTC","SCP259","SCP259_N24",4.80677369144444,3.20568885480704,"0","#ED90A4"
"SCP_N24.EpiB.CGGTTAAGTTTGTTTC","SCP259","SCP259_N24",3.5744035532761,3.40166630422416,"0","#ED90A4"
"SCP_N24.EpiB.CGTAGCGCATGCCTAA","SCP259","SCP259_N24",2.84843304660801,5.84192027723136,"2","#B7AE50"
"SCP_N24.EpiB.CGTAGCGTCCTCAATT","SCP259","SCP259_N24",2.8393645575333,2.38488014613929,"0","#ED90A4"
"SCP_N24.EpiB.CGTAGGCAGAGTAATC","SCP259","SCP259_N24",1.84058275726322,2.13699229633155,"0","#ED90A4"
"SCP_N24.EpiB.CGTCACTAGAATTGTG","SCP259","SCP259_N24",4.63564589527134,3.88159765874686,"2","#B7AE50"
"SCP_N24.EpiB.CGTCACTTCAGGCCCA","SCP259","SCP259_N24",4.35789063480381,2.2289328781301,"0","#ED90A4"
"SCP_N24.EpiB.CGTCCATCAGTGGAGT","SCP259","SCP259_N24",6.15810015705113,0.803261658304357,"0","#ED90A4"
"SCP_N24.EpiB.CGTCCATTCGCGGATC","SCP259","SCP259_N24",3.30227950122837,5.35324468290152,"2","#B7AE50"
"SCP_N24.EpiB.CGTCTACAGACCGGAT","SCP259","SCP259_N24",3.42130258586888,2.71897020017447,"0","#ED90A4"
"SCP_N24.EpiB.CGTCTACAGTATCTCG","SCP259","SCP259_N24",1.92569747474674,3.73321547185721,"0","#ED90A4"
"SCP_N24.EpiB.CGTCTACCATTATCTC","SCP259","SCP259_N24",3.16922905948643,1.38022917149308,"0","#ED90A4"
"SCP_N24.EpiB.CGTCTACGTAGTGAAT","SCP259","SCP259_N24",3.41449192073826,4.0199884382421,"0","#ED90A4"
"SCP_N24.EpiB.CGTCTACGTTCGCTAA","SCP259","SCP259_N24",1.86518826988224,5.44116153394523,"2","#B7AE50"
"SCP_N24.EpiB.CGTGAGCGTTACGCGC","SCP259","SCP259_N24",5.36164620426182,2.94104983484092,"0","#ED90A4"
"SCP_N24.EpiB.CGTGTAAAGTGAACAT","SCP259","SCP259_N24",1.78396466281895,6.74151553785148,"2","#B7AE50"
"SCP_N24.EpiB.CGTGTAACAAGTCTGT","SCP259","SCP259_N24",3.55447819736485,1.73547132884803,"0","#ED90A4"
"SCP_N24.EpiB.CGTGTCTCACGGACAA","SCP259","SCP259_N24",2.09099700954441,2.47696437513175,"0","#ED90A4"
"SCP_N24.EpiB.CGTGTCTTCGTCCGTT","SCP259","SCP259_N24",1.38990929630284,7.66669120466056,"2","#B7AE50"
"SCP_N24.EpiB.CGTGTCTTCTTGACGA","SCP259","SCP259_N24",2.88255765941624,0.731892963998937,"0","#ED90A4"
"SCP_N24.EpiB.CGTTAGACATGCATGT","SCP259","SCP259_N24",5.17519906070713,2.35380299960914,"0","#ED90A4"
"SCP_N24.EpiB.CGTTAGAGTAACGCGA","SCP259","SCP259_N24",3.15436604526524,2.13288029109778,"0","#ED90A4"
"SCP_N24.EpiB.CGTTAGAGTCAGAATA","SCP259","SCP259_N24",6.09407332447056,0.422964653127813,"0","#ED90A4"
"SCP_N24.EpiB.CGTTAGATCGGTGTTA","SCP259","SCP259_N24",1.24685838726048,6.35517778074088,"2","#B7AE50"
"SCP_N24.EpiB.CGTTAGATCGTCTGCT","SCP259","SCP259_N24",5.49897912052159,0.578111430757665,"0","#ED90A4"
"SCP_N24.EpiB.CGTTCTGGTCTTGATG","SCP259","SCP259_N24",4.84589198139195,5.3393243757421,"2","#B7AE50"
"SCP_N24.EpiB.CGTTCTGTCGCCCTTA","SCP259","SCP259_N24",2.32579472568516,5.51439227735343,"2","#B7AE50"
"SCP_N24.EpiB.CTAACTTTCTTATCTG","SCP259","SCP259_N24",3.44501879718785,1.93558832084479,"0","#ED90A4"
"SCP_N24.EpiB.CTAAGACCAAGAGGCT","SCP259","SCP259_N24",3.76128390338902,0.389991065614843,"0","#ED90A4"
"SCP_N24.EpiB.CTAATGGGTACCCAAT","SCP259","SCP259_N24",1.13893595245365,3.12569596444907,"0","#ED90A4"
"SCP_N24.EpiB.CTAATGGGTCTCTTAT","SCP259","SCP259_N24",5.32438042667393,1.05837290560546,"0","#ED90A4"
"SCP_N24.EpiB.CTAATGGTCGGAGCAA","SCP259","SCP259_N24",3.4730532458115,1.92351873790564,"0","#ED90A4"
"SCP_N24.EpiB.CTACATTCAATCCAAC","SCP259","SCP259_N24",2.56929972675327,5.33029760991874,"2","#B7AE50"
"SCP_N24.EpiB.CTACATTTCATCGATG","SCP259","SCP259_N24",4.24857190158848,1.34296443139853,"0","#ED90A4"
"SCP_N24.EpiB.CTACCCAAGAGCAATT","SCP259","SCP259_N24",3.36624792125706,0.512119433038854,"0","#ED90A4"
"SCP_N24.EpiB.CTACCCAGTAGGACAC","SCP259","SCP259_N24",3.73249056842808,1.44274461095872,"0","#ED90A4"
"SCP_N24.EpiB.CTACCCATCCGTCATC","SCP259","SCP259_N24",2.4546001246262,2.36001284992042,"0","#ED90A4"
"SCP_N24.EpiB.CTACCCATCGTAGGAG","SCP259","SCP259_N24",5.01264670398716,1.47510804062428,"0","#ED90A4"
"SCP_N24.EpiB.CTACGTCAGCTATGCT","SCP259","SCP259_N24",1.78525975254063,7.13919391309562,"2","#B7AE50"
"SCP_N24.EpiB.CTACGTCAGGACATTA","SCP259","SCP259_N24",2.68445113208775,3.59601058637443,"0","#ED90A4"
"SCP_N24.EpiB.CTACGTCAGGTAAACT","SCP259","SCP259_N24",2.72366169002537,2.25385608350577,"0","#ED90A4"
"SCP_N24.EpiB.CTACGTCGTCTAGTGT","SCP259","SCP259_N24",5.19323590305332,-0.182110288984156,"0","#ED90A4"
"SCP_N24.EpiB.CTACGTCGTTCACCTC","SCP259","SCP259_N24",3.6546209147263,0.407545706384801,"0","#ED90A4"
"SCP_N24.EpiB.CTACGTCTCATACGGT","SCP259","SCP259_N24",0.957897453575174,6.89261188184562,"2","#B7AE50"
"SCP_N24.EpiB.CTAGAGTCAATAGCAA","SCP259","SCP259_N24",3.06011989620213,5.87694062864127,"2","#B7AE50"
"SCP_N24.EpiB.CTAGAGTCACGTTGGC","SCP259","SCP259_N24",3.28530862834934,2.1470419374639,"0","#ED90A4"
"SCP_N24.EpiB.CTAGAGTCATAGGATA","SCP259","SCP259_N24",1.3941468289185,6.69153108274283,"2","#B7AE50"
"SCP_N24.EpiB.CTAGAGTTCGCGGATC","SCP259","SCP259_N24",1.46514704730992,3.48256768857779,"0","#ED90A4"
"SCP_N24.EpiB.CTAGCCTAGAGTGACC","SCP259","SCP259_N24",3.24743869808201,3.085672518366,"0","#ED90A4"
"SCP_N24.EpiB.CTAGCCTAGCAGCGTA","SCP259","SCP259_N24",0.732913403778116,3.48282708799186,"0","#ED90A4"
"SCP_N24.EpiB.CTAGCCTAGGGATGGG","SCP259","SCP259_N24",5.22473385837559,0.770495971792363,"0","#ED90A4"
"SCP_N24.EpiB.CTAGCCTAGGGTCGAT","SCP259","SCP259_N24",3.90344908741001,1.4424146545464,"0","#ED90A4"
"SCP_N24.EpiB.CTAGTGAGTCGAGTTT","SCP259","SCP259_N24",1.03257539775852,6.2733744589025,"2","#B7AE50"
"SCP_N24.EpiB.CTCACACGTTGAGGTG","SCP259","SCP259_N24",2.99917486217503,2.28564061796012,"0","#ED90A4"
"SCP_N24.EpiB.CTCAGAACAAGGACAC","SCP259","SCP259_N24",4.28413394001011,0.856546720617437,"0","#ED90A4"
"SCP_N24.EpiB.CTCAGAAGTATAGTAG","SCP259","SCP259_N24",1.66480484512333,7.08390369092765,"2","#B7AE50"
"SCP_N24.EpiB.CTCATTAAGATGCGAC","SCP259","SCP259_N24",2.04428151157383,6.71229877149405,"2","#B7AE50"
"SCP_N24.EpiB.CTCATTAAGTGCCAGA","SCP259","SCP259_N24",4.67423680332188,1.40772101598511,"0","#ED90A4"
"SCP_N24.EpiB.CTCATTAGTAAGTTCC","SCP259","SCP259_N24",3.6326847365189,1.21807477449717,"0","#ED90A4"
"SCP_N24.EpiB.CTCATTAGTCACAAGG","SCP259","SCP259_N24",2.18236699607853,0.945240041368627,"0","#ED90A4"
"SCP_N24.EpiB.CTCCTAGCACGCTTTC","SCP259","SCP259_N24",5.24842360523228,2.94383003389182,"0","#ED90A4"
"SCP_N24.EpiB.CTCCTAGCATTGGGCC","SCP259","SCP259_N24",4.81749823596958,0.46734454309287,"0","#ED90A4"
"SCP_N24.EpiB.CTCCTAGTCCTGCTTG","SCP259","SCP259_N24",2.31702902820591,0.983834615104818,"0","#ED90A4"
"SCP_N24.EpiB.CTCGAAAAGAGAACAG","SCP259","SCP259_N24",4.88734009769444,0.0941947904759877,"0","#ED90A4"
"SCP_N24.EpiB.CTCGAAAAGCCAGTAG","SCP259","SCP259_N24",3.68964579608921,1.46219687735381,"0","#ED90A4"
"SCP_N24.EpiB.CTCGAAAAGGCAAAGA","SCP259","SCP259_N24",2.22052040603642,3.5596887079412,"0","#ED90A4"
"SCP_N24.EpiB.CTCGAAATCCTCGCAT","SCP259","SCP259_N24",4.80035164859776,2.26113243972602,"0","#ED90A4"
"SCP_N24.EpiB.CTCGAAATCGCATGGC","SCP259","SCP259_N24",3.37028911617283,1.47570404236855,"0","#ED90A4"
"SCP_N24.EpiB.CTCGAGGGTCTCCACT","SCP259","SCP259_N24",1.64822688606266,7.0382899252111,"2","#B7AE50"
"SCP_N24.EpiB.CTCGGAGTCCTTCAAT","SCP259","SCP259_N24",3.26532438304905,1.27999891912284,"0","#ED90A4"
"SCP_N24.EpiB.CTCGGAGTCGTTGCCT","SCP259","SCP259_N24",1.52274992969517,7.19028319989982,"2","#B7AE50"
"SCP_N24.EpiB.CTCGGGATCATTTGGG","SCP259","SCP259_N24",1.05161568429951,3.2439247575933,"0","#ED90A4"
"SCP_N24.EpiB.CTCGGGATCGTTTAGG","SCP259","SCP259_N24",6.31112006214146,0.320741554849767,"0","#ED90A4"
"SCP_N24.EpiB.CTCGTACAGCTCCCAG","SCP259","SCP259_N24",3.52359774616245,2.73259367620292,"0","#ED90A4"
"SCP_N24.EpiB.CTCGTACAGTCAATAG","SCP259","SCP259_N24",3.27090671566014,1.77107059037032,"0","#ED90A4"
"SCP_N24.EpiB.CTCGTACCACAAGCCC","SCP259","SCP259_N24",5.19544985797886,2.42114140664878,"0","#ED90A4"
"SCP_N24.EpiB.CTCGTACGTAGTACCT","SCP259","SCP259_N24",5.63782694843296,1.18046829675975,"0","#ED90A4"
"SCP_N24.EpiB.CTCGTACTCAACACCA","SCP259","SCP259_N24",3.03930357006077,0.58875682031455,"0","#ED90A4"
"SCP_N24.EpiB.CTCGTACTCGTCCAGG","SCP259","SCP259_N24",1.99680760410313,2.91753317987266,"0","#ED90A4"
"SCP_N24.EpiB.CTCGTCAAGTAGCCGA","SCP259","SCP259_N24",5.00723937061314,3.39858450567069,"0","#ED90A4"
"SCP_N24.EpiB.CTCGTCACAATCCGAT","SCP259","SCP259_N24",1.66813936737065,4.75110664045157,"2","#B7AE50"
"SCP_N24.EpiB.CTCGTCATCCGCGGTA","SCP259","SCP259_N24",2.20342638996128,7.03414954816642,"2","#B7AE50"
"SCP_N24.EpiB.CTCTAATAGTTCGATC","SCP259","SCP259_N24",3.24190309551243,2.41797043954673,"0","#ED90A4"
"SCP_N24.EpiB.CTCTACGAGTGGGTTG","SCP259","SCP259_N24",3.00070717838291,2.31145938312354,"0","#ED90A4"
"SCP_N24.EpiB.CTCTACGGTAAGTGGC","SCP259","SCP259_N24",4.83596852329258,2.37094267284217,"0","#ED90A4"
"SCP_N24.EpiB.CTCTACGGTCATATCG","SCP259","SCP259_N24",3.50532963779453,1.61631106411757,"0","#ED90A4"
"SCP_N24.EpiB.CTCTACGTCTTAGCCC","SCP259","SCP259_N24",3.37234285381321,2.02086265956702,"0","#ED90A4"
"SCP_N24.EpiB.CTCTGGTCAGGCTCAC","SCP259","SCP259_N24",0.833865731029551,3.37729646837058,"0","#ED90A4"
"SCP_N24.EpiB.CTGAAGTCACTTGGAT","SCP259","SCP259_N24",3.6925266077805,3.06851210271659,"0","#ED90A4"
"SCP_N24.EpiB.CTGAAGTGTGACTCAT","SCP259","SCP259_N24",2.82645848300938,0.280312677972936,"0","#ED90A4"
"SCP_N24.EpiB.CTGATAGCAATGTAAG","SCP259","SCP259_N24",3.37867501285557,0.410101732366704,"0","#ED90A4"
"SCP_N24.EpiB.CTGATAGGTCACTTCC","SCP259","SCP259_N24",2.83286622074131,0.951012751215123,"0","#ED90A4"
"SCP_N24.EpiB.CTGATCCAGTGTTGAA","SCP259","SCP259_N24",3.67293360736851,4.14732255613151,"2","#B7AE50"
"SCP_N24.EpiB.CTGATCCGTGAAGGCT","SCP259","SCP259_N24",3.63171723392491,3.92564119970145,"0","#ED90A4"
"SCP_N24.EpiB.CTGCCTAAGTCAAGGC","SCP259","SCP259_N24",5.9799804976273,1.46719702904763,"0","#ED90A4"
"SCP_N24.EpiB.CTGCCTATCCGTCAAA","SCP259","SCP259_N24",0.810707776813547,6.67133798276725,"2","#B7AE50"
"SCP_N24.EpiB.CTGCGGACATACGCCG","SCP259","SCP259_N24",5.88725426700596,-0.305752375966883,"0","#ED90A4"
"SCP_N24.EpiB.CTGCGGAGTCGATTGT","SCP259","SCP259_N24",3.38255837467198,7.4325221983129,"2","#B7AE50"
"SCP_N24.EpiB.CTGGTCTAGGCCGAAT","SCP259","SCP259_N24",1.59765019920353,5.66919364606681,"2","#B7AE50"
"SCP_N24.EpiB.CTGGTCTAGTACATGA","SCP259","SCP259_N24",5.90580609348301,0.595086833589696,"0","#ED90A4"
"SCP_N24.EpiB.CTGGTCTGTTACCAGT","SCP259","SCP259_N24",6.01869490650181,0.301306149118566,"0","#ED90A4"
"SCP_N24.EpiB.CTGTGCTGTAGAGGAA","SCP259","SCP259_N24",3.5633328249741,2.99391033326926,"0","#ED90A4"
"SCP_N24.EpiB.CTGTTTAAGATCTGAA","SCP259","SCP259_N24",1.02520403173451,6.63448753034415,"2","#B7AE50"
"SCP_N24.EpiB.CTGTTTATCGTAGGTT","SCP259","SCP259_N24",2.28019550350193,1.01495595847907,"0","#ED90A4"
"SCP_N24.EpiB.CTTAACTAGAATGTTG","SCP259","SCP259_N24",3.3450436880875,0.646485766523504,"0","#ED90A4"
"SCP_N24.EpiB.CTTAACTTCCCGGATG","SCP259","SCP259_N24",4.01784303691868,2.20980288659873,"0","#ED90A4"
"SCP_N24.EpiB.CTTACCGGTAGAAGGA","SCP259","SCP259_N24",3.35820630100254,1.63566656982245,"0","#ED90A4"
"SCP_N24.EpiB.CTTAGGAAGCAATCTC","SCP259","SCP259_N24",4.09017398860935,1.32153172617497,"0","#ED90A4"
"SCP_N24.EpiB.CTTAGGAAGGCCGAAT","SCP259","SCP259_N24",4.64387848880772,2.51414837514701,"0","#ED90A4"
"SCP_N24.EpiB.CTTAGGATCAGGCGAA","SCP259","SCP259_N24",2.52978280094151,3.34642150079551,"0","#ED90A4"
"SCP_N24.EpiB.CTTAGGATCATTCACT","SCP259","SCP259_N24",2.8456073096085,5.54682006513419,"2","#B7AE50"
"SCP_N24.EpiB.CTTCTCTAGGGATACC","SCP259","SCP259_N24",2.71609547641758,6.45224132215323,"2","#B7AE50"
"SCP_N24.EpiB.CTTCTCTCACAGACTT","SCP259","SCP259_N24",2.17918661144261,3.30478372251334,"0","#ED90A4"
"SCP_N24.EpiB.CTTCTCTCATGCAATC","SCP259","SCP259_N24",2.48890235927586,4.34807362233939,"0","#ED90A4"
"SCP_N24.EpiB.CTTCTCTGTAAGGGAA","SCP259","SCP259_N24",6.45609334018711,-0.0418128761118419,"0","#ED90A4"
"SCP_N24.EpiB.CTTCTCTTCCAAGCCG","SCP259","SCP259_N24",3.81288626697544,2.42789997731986,"0","#ED90A4"
"SCP_N24.EpiB.CTTGGCTAGGTTCCTA","SCP259","SCP259_N24",3.52233078983311,0.389966389291906,"0","#ED90A4"
"SCP_N24.EpiB.CTTGGCTGTCGTCTTC","SCP259","SCP259_N24",6.07335141208653,0.120440146082067,"0","#ED90A4"
"SCP_N24.EpiB.CTTGGCTTCATCTGTT","SCP259","SCP259_N24",2.07661250141148,6.38663615857902,"2","#B7AE50"
"SCP_N24.EpiB.CTTTGCGAGACCTTTG","SCP259","SCP259_N24",4.3674259474564,0.97992103373351,"0","#ED90A4"
"SCP_N24.EpiB.CTTTGCGGTCGCTTCT","SCP259","SCP259_N24",3.83179882076267,1.07666151797118,"0","#ED90A4"
"SCP_N24.EpiB.GAAACTCAGTCTCGGC","SCP259","SCP259_N24",2.03656116035465,5.27847876226249,"2","#B7AE50"
"SCP_N24.EpiB.GAAATGAGTTAAGTAG","SCP259","SCP259_N24",3.28780653980259,2.71791948949637,"0","#ED90A4"
"SCP_N24.EpiB.GAAATGATCTAACGGT","SCP259","SCP259_N24",4.42495205905918,3.760796686762,"0","#ED90A4"
"SCP_N24.EpiB.GAACATCCACAAGACG","SCP259","SCP259_N24",1.44298234489445,6.48195686017814,"2","#B7AE50"
"SCP_N24.EpiB.GAACATCCACGAAAGC","SCP259","SCP259_N24",4.18507507350926,4.99779762899222,"2","#B7AE50"
"SCP_N24.EpiB.GAACATCCAGGTGGAT","SCP259","SCP259_N24",2.44722393062596,6.27709140455069,"2","#B7AE50"
"SCP_N24.EpiB.GAACATCGTGTTGGGA","SCP259","SCP259_N24",1.63878467586521,7.31945933973136,"2","#B7AE50"
"SCP_N24.EpiB.GAACATCTCTCCAGGG","SCP259","SCP259_N24",5.09951689746861,0.621605357282781,"0","#ED90A4"
"SCP_N24.EpiB.GAACCTATCCTCCTAG","SCP259","SCP259_N24",2.41376951244358,3.80740680372062,"0","#ED90A4"
"SCP_N24.EpiB.GAACGGAAGACGCAAC","SCP259","SCP259_N24",1.75210299995426,3.42843975698295,"0","#ED90A4"
"SCP_N24.EpiB.GAACGGAAGCGTGAGT","SCP259","SCP259_N24",2.93360546138767,7.98587312375846,"2","#B7AE50"
"SCP_N24.EpiB.GAACGGAAGGGCTCTC","SCP259","SCP259_N24",3.22079422977452,1.8166370001966,"0","#ED90A4"
"SCP_N24.EpiB.GAACGGAAGGGCTTCC","SCP259","SCP259_N24",5.04815104511265,3.7390669790441,"2","#B7AE50"
"SCP_N24.EpiB.GAACGGAGTTATTCTC","SCP259","SCP259_N24",2.32156780269627,4.68017425214591,"0","#ED90A4"
"SCP_N24.EpiB.GAAGCAGTCCTTGGTC","SCP259","SCP259_N24",3.06716564205174,2.56825771009269,"0","#ED90A4"
"SCP_N24.EpiB.GAAGCAGTCTACCTGC","SCP259","SCP259_N24",2.20036020782475,1.27751273488345,"0","#ED90A4"
"SCP_N24.EpiB.GAATAAGCAGGCTCAC","SCP259","SCP259_N24",2.27533987071995,2.23288949405494,"0","#ED90A4"
"SCP_N24.EpiB.GAATAAGTCCCAACGG","SCP259","SCP259_N24",3.14496520069126,1.2198247966701,"0","#ED90A4"
"SCP_N24.EpiB.GAATGAACACAGAGGT","SCP259","SCP259_N24",1.38896694686894,7.61532964383902,"2","#B7AE50"
"SCP_N24.EpiB.GACACGCGTCATGCCG","SCP259","SCP259_N24",2.88306262996678,1.84542318260016,"0","#ED90A4"
"SCP_N24.EpiB.GACCAATCAGTGGAGT","SCP259","SCP259_N24",4.21836236026768,2.35659213935676,"0","#ED90A4"
"SCP_N24.EpiB.GACCAATGTACAGTTC","SCP259","SCP259_N24",4.55105927494053,1.69829132234397,"0","#ED90A4"
"SCP_N24.EpiB.GACCAATGTCTCTTAT","SCP259","SCP259_N24",1.28329721000675,3.37721111451926,"0","#ED90A4"
"SCP_N24.EpiB.GACCAATTCGCTTGTC","SCP259","SCP259_N24",4.77266457584385,0.707791051023626,"0","#ED90A4"
"SCP_N24.EpiB.GACCTGGCAGTCACTA","SCP259","SCP259_N24",1.38832202461247,7.68448152219596,"2","#B7AE50"
"SCP_N24.EpiB.GACCTGGTCCACTGGG","SCP259","SCP259_N24",5.1173243811417,0.142309090250158,"0","#ED90A4"
"SCP_N24.EpiB.GACGCGTGTCAACTGT","SCP259","SCP259_N24",3.79020383861546,0.870208820455693,"0","#ED90A4"
"SCP_N24.EpiB.GACGCGTTCTATCCTA","SCP259","SCP259_N24",3.47203019168858,0.594609758012914,"0","#ED90A4"
"SCP_N24.EpiB.GACGGCTAGGCTAGGT","SCP259","SCP259_N24",4.29640677478794,1.58169621800723,"0","#ED90A4"
"SCP_N24.EpiB.GACGGCTCAATGGACG","SCP259","SCP259_N24",2.4772572806168,3.58599247609916,"0","#ED90A4"
"SCP_N24.EpiB.GACGGCTCACATCCAA","SCP259","SCP259_N24",3.81668046024327,3.6159836260015,"0","#ED90A4"
"SCP_N24.EpiB.GACGGCTGTAAACACA","SCP259","SCP259_N24",2.81314042118077,5.86360063230338,"2","#B7AE50"
"SCP_N24.EpiB.GACGTGCTCATGCAAC","SCP259","SCP259_N24",4.14699795749668,4.83775844251456,"0","#ED90A4"
"SCP_N24.EpiB.GACGTTAAGGAGTCTG","SCP259","SCP259_N24",5.52750399616246,-0.369900682813502,"0","#ED90A4"
"SCP_N24.EpiB.GACGTTACAAGTACCT","SCP259","SCP259_N24",5.36834147480015,0.634921809785985,"0","#ED90A4"
"SCP_N24.EpiB.GACGTTATCAGCTTAG","SCP259","SCP259_N24",3.18271163013462,3.39153422986808,"0","#ED90A4"
"SCP_N24.EpiB.GACTAACCAGCTGCTG","SCP259","SCP259_N24",5.86843398120884,1.65075834667029,"0","#ED90A4"
"SCP_N24.EpiB.GACTAACTCACGAAGG","SCP259","SCP259_N24",5.56546118762974,1.24935567950549,"0","#ED90A4"
"SCP_N24.EpiB.GACTACAGTCATGCCG","SCP259","SCP259_N24",0.454431935219805,4.25307097112479,"0","#ED90A4"
"SCP_N24.EpiB.GACTACATCACATGCA","SCP259","SCP259_N24",2.48775508907322,5.4270028082067,"2","#B7AE50"
"SCP_N24.EpiB.GACTGCGAGACAAAGG","SCP259","SCP259_N24",3.30199101474766,1.77289079701247,"0","#ED90A4"
"SCP_N24.EpiB.GAGCAGAAGGGTATCG","SCP259","SCP259_N24",0.90770652797703,3.20460714971366,"0","#ED90A4"
"SCP_N24.EpiB.GAGCAGAAGTGTGAAT","SCP259","SCP259_N24",6.43675759342198,0.0247754064733021,"0","#ED90A4"
"SCP_N24.EpiB.GAGCAGATCAGGTAAA","SCP259","SCP259_N24",2.72478154209141,6.01702251111808,"2","#B7AE50"
"SCP_N24.EpiB.GAGGTGAGTCTCCATC","SCP259","SCP259_N24",2.40245583560948,6.13692416822257,"2","#B7AE50"
"SCP_N24.EpiB.GAGGTGAGTGCCTGCA","SCP259","SCP259_N24",3.80119064357762,1.99403013860526,"0","#ED90A4"
"SCP_N24.EpiB.GAGGTGATCTTGCAAG","SCP259","SCP259_N24",5.73511984851841,0.582858165853643,"0","#ED90A4"
"SCP_N24.EpiB.GAGTCCGGTGAGCGAT","SCP259","SCP259_N24",3.24193099048619,5.21234121000113,"0","#ED90A4"
"SCP_N24.EpiB.GAGTCCGTCACCGTAA","SCP259","SCP259_N24",3.70118430164341,0.776716372125768,"0","#ED90A4"
"SCP_N24.EpiB.GAGTCCGTCCGCTGTT","SCP259","SCP259_N24",4.87826827075962,0.397292515390538,"0","#ED90A4"
"SCP_N24.EpiB.GATCAGTAGTACGTAA","SCP259","SCP259_N24",4.05881360080723,1.3299241942698,"0","#ED90A4"
"SCP_N24.EpiB.GATCAGTTCCCTCAGT","SCP259","SCP259_N24",5.42757084873204,5.75618400251212,"2","#B7AE50"
"SCP_N24.EpiB.GATCGATAGGCGACAT","SCP259","SCP259_N24",4.07206657436375,1.57005911146941,"0","#ED90A4"
"SCP_N24.EpiB.GATCGATGTACTCTCC","SCP259","SCP259_N24",3.35556104686741,7.10343398725333,"2","#B7AE50"
"SCP_N24.EpiB.GATCGATTCATGCATG","SCP259","SCP259_N24",2.00868287590031,-0.0919389518564708,"0","#ED90A4"
"SCP_N24.EpiB.GATCGCGCAGGATTGG","SCP259","SCP259_N24",1.98395994213108,6.58497991239371,"2","#B7AE50"
"SCP_N24.EpiB.GATCGCGCATTCTCAT","SCP259","SCP259_N24",4.93177226093296,1.41734286503586,"0","#ED90A4"
"SCP_N24.EpiB.GATCGCGTCATCTGTT","SCP259","SCP259_N24",4.87144187000279,3.10980167066398,"0","#ED90A4"
"SCP_N24.EpiB.GATCGCGTCGGTGTCG","SCP259","SCP259_N24",3.65410903003697,7.23736848508658,"2","#B7AE50"
"SCP_N24.EpiB.GATCGTAGTGTAATGA","SCP259","SCP259_N24",2.43726065662388,3.76676859533133,"2","#B7AE50"
"SCP_N24.EpiB.GATCGTATCTCGTATT","SCP259","SCP259_N24",5.00069001224522,0.114795824640416,"0","#ED90A4"
"SCP_N24.EpiB.GATCTAGAGTGATCGG","SCP259","SCP259_N24",4.10580542591099,0.50966699992957,"0","#ED90A4"
"SCP_N24.EpiB.GATCTAGTCATCATTC","SCP259","SCP259_N24",3.58453705814366,6.195531269663,"2","#B7AE50"
"SCP_N24.EpiB.GATGAAATCTAACTGG","SCP259","SCP259_N24",0.86313226726536,6.74620904599967,"2","#B7AE50"
"SCP_N24.EpiB.GATGAGGGTACAAGTA","SCP259","SCP259_N24",2.83666112926487,2.12084736501517,"0","#ED90A4"
"SCP_N24.EpiB.GATGCTACACCTGGTG","SCP259","SCP259_N24",4.27925494220738,4.65583767568412,"0","#ED90A4"
"SCP_N24.EpiB.GATGCTAGTTATCGGT","SCP259","SCP259_N24",5.90757372882847,-0.0388721021479137,"0","#ED90A4"
"SCP_N24.EpiB.GATGCTATCATCGGAT","SCP259","SCP259_N24",2.56398394611363,3.90788139974418,"0","#ED90A4"
"SCP_N24.EpiB.GATTCAGCACAGACTT","SCP259","SCP259_N24",2.11532726791386,1.86406241928878,"0","#ED90A4"
"SCP_N24.EpiB.GATTCAGCAGTAAGCG","SCP259","SCP259_N24",2.22113683727268,3.34948756372275,"0","#ED90A4"
"SCP_N24.EpiB.GATTCAGGTACAGTTC","SCP259","SCP259_N24",0.659252791671793,3.38499858056846,"0","#ED90A4"
"SCP_N24.EpiB.GATTCAGGTCATGCCG","SCP259","SCP259_N24",4.11265423801426,3.33673300420585,"0","#ED90A4"
"SCP_N24.EpiB.GCAAACTAGTGCGTGA","SCP259","SCP259_N24",5.42138293293003,1.01503237163367,"0","#ED90A4"
"SCP_N24.EpiB.GCAAACTGTACCGGCT","SCP259","SCP259_N24",6.14827540424351,-0.296592214948512,"0","#ED90A4"
"SCP_N24.EpiB.GCAAACTTCGTATCAG","SCP259","SCP259_N24",4.98782876041416,3.42196263944449,"0","#ED90A4"
"SCP_N24.EpiB.GCAATCACAGGGTATG","SCP259","SCP259_N24",4.97554495838169,3.85919990217032,"0","#ED90A4"
"SCP_N24.EpiB.GCAATCACAGTCGATT","SCP259","SCP259_N24",1.11983874347691,2.68921353494468,"0","#ED90A4"
"SCP_N24.EpiB.GCACATACATTGCGGC","SCP259","SCP259_N24",0.991864590911905,3.21833004628959,"0","#ED90A4"
"SCP_N24.EpiB.GCACATATCCGTAGTA","SCP259","SCP259_N24",2.24195387866978,4.92233147298636,"0","#ED90A4"
"SCP_N24.EpiB.GCACTCTAGGGTGTGT","SCP259","SCP259_N24",4.4578800490189,1.09001307761016,"0","#ED90A4"
"SCP_N24.EpiB.GCACTCTAGTGATCGG","SCP259","SCP259_N24",3.28458073642735,0.341261169069432,"0","#ED90A4"
"SCP_N24.EpiB.GCAGTTAAGAGACTTA","SCP259","SCP259_N24",3.25671556499485,0.967198154085302,"0","#ED90A4"
"SCP_N24.EpiB.GCATACACATCGGAAG","SCP259","SCP259_N24",4.3517427733231,2.50663985883536,"0","#ED90A4"
"SCP_N24.EpiB.GCATGATTCTTGAGGT","SCP259","SCP259_N24",5.22018244770054,3.36742844259086,"0","#ED90A4"
"SCP_N24.EpiB.GCATGCGAGCCGATTT","SCP259","SCP259_N24",6.33115580585484,0.233852287881994,"0","#ED90A4"
"SCP_N24.EpiB.GCATGCGCACGAAGCA","SCP259","SCP259_N24",2.42323639896397,5.96093406354728,"2","#B7AE50"
"SCP_N24.EpiB.GCATGCGTCAAGGCTT","SCP259","SCP259_N24",5.28840497043614,2.5173872915441,"0","#ED90A4"
"SCP_N24.EpiB.GCATGCGTCAATACCG","SCP259","SCP259_N24",3.10420158412937,2.91888620530906,"0","#ED90A4"
"SCP_N24.EpiB.GCATGCGTCACAAACC","SCP259","SCP259_N24",2.37852075603489,2.40389688884559,"0","#ED90A4"
"SCP_N24.EpiB.GCATGCGTCTATCGCC","SCP259","SCP259_N24",2.2592351725388,1.13714324509444,"0","#ED90A4"
"SCP_N24.EpiB.GCATGCGTCTCGAGTA","SCP259","SCP259_N24",5.3780632307816,0.711538752668523,"0","#ED90A4"
"SCP_N24.EpiB.GCATGCGTCTGTCTCG","SCP259","SCP259_N24",5.43369582202915,1.58492801164927,"0","#ED90A4"
"SCP_N24.EpiB.GCATGTAAGGCCGAAT","SCP259","SCP259_N24",2.27331021335606,3.70781936322989,"0","#ED90A4"
"SCP_N24.EpiB.GCATGTACATCGTCGG","SCP259","SCP259_N24",3.6620033076096,4.68062629377189,"0","#ED90A4"
"SCP_N24.EpiB.GCATGTAGTATAGGGC","SCP259","SCP259_N24",5.86907246616368,0.735807379835271,"0","#ED90A4"
"SCP_N24.EpiB.GCCAAATTCGTTTAGG","SCP259","SCP259_N24",3.14659288433079,0.312530776613378,"0","#ED90A4"
"SCP_N24.EpiB.GCCTCTAAGAGAGCTC","SCP259","SCP259_N24",3.95558288600926,3.98990525876822,"0","#ED90A4"
"SCP_N24.EpiB.GCCTCTAAGGGAAACA","SCP259","SCP259_N24",3.20678356197361,2.03185864364448,"0","#ED90A4"
"SCP_N24.EpiB.GCCTCTAGTAGCTTGT","SCP259","SCP259_N24",5.40921977069859,0.219734331720495,"0","#ED90A4"
"SCP_N24.EpiB.GCCTCTAGTCCGACGT","SCP259","SCP259_N24",4.98282197025303,0.227945944421911,"0","#ED90A4"
"SCP_N24.EpiB.GCCTCTAGTTGTTTGG","SCP259","SCP259_N24",1.8198412945557,2.97386886750998,"0","#ED90A4"
"SCP_N24.EpiB.GCGACCATCGGCGGTT","SCP259","SCP259_N24",5.2438702872086,1.79418247019591,"0","#ED90A4"
"SCP_N24.EpiB.GCGAGAAAGGAGCGTT","SCP259","SCP259_N24",2.64045002964024,2.80634786760154,"0","#ED90A4"
"SCP_N24.EpiB.GCGCAACAGTAGGCCA","SCP259","SCP259_N24",3.44480803516392,2.97571994935813,"0","#ED90A4"
"SCP_N24.EpiB.GCGCAACCAGTCACTA","SCP259","SCP259_N24",4.73565247562412,0.53181239044013,"0","#ED90A4"
"SCP_N24.EpiB.GCGCCAAAGGGCTTCC","SCP259","SCP259_N24",2.83984163311009,1.86281948363128,"0","#ED90A4"
"SCP_N24.EpiB.GCGCCAACATCCAACA","SCP259","SCP259_N24",6.22634366062168,-0.153897145635463,"0","#ED90A4"
"SCP_N24.EpiB.GCGCCAATCGCGGATC","SCP259","SCP259_N24",1.46303859260563,7.84973182355704,"2","#B7AE50"
"SCP_N24.EpiB.GCGCGATAGGGCATGT","SCP259","SCP259_N24",2.65395763423924,2.30453058158698,"0","#ED90A4"
"SCP_N24.EpiB.GCGCGATTCGTTGACA","SCP259","SCP259_N24",5.68079140689854,0.853623351209783,"0","#ED90A4"
"SCP_N24.EpiB.GCGGGTTAGACCGGAT","SCP259","SCP259_N24",1.25442615058903,6.70412768995109,"2","#B7AE50"
"SCP_N24.EpiB.GCGGGTTGTAGAAGGA","SCP259","SCP259_N24",3.26388552692417,3.73047175084891,"0","#ED90A4"
"SCP_N24.EpiB.GCGGGTTGTGATAAAC","SCP259","SCP259_N24",3.71181443241123,2.118387362116,"0","#ED90A4"
"SCP_N24.EpiB.GCGGGTTTCCTGTACC","SCP259","SCP259_N24",1.68920722511296,3.14746131574454,"0","#ED90A4"
"SCP_N24.EpiB.GCTCCTAGTATCACCA","SCP259","SCP259_N24",0.691053449182551,3.67970099126639,"0","#ED90A4"
"SCP_N24.EpiB.GCTCCTATCGTTGCCT","SCP259","SCP259_N24",2.48426535633091,2.26533081209006,"0","#ED90A4"
"SCP_N24.EpiB.GCTCCTATCTCAAACG","SCP259","SCP259_N24",5.43151762989048,3.21306528722587,"0","#ED90A4"
"SCP_N24.EpiB.GCTCTGTAGGGTTCCC","SCP259","SCP259_N24",6.18037226703648,5.51260556852164,"2","#B7AE50"
"SCP_N24.EpiB.GCTCTGTCATAGAAAC","SCP259","SCP259_N24",2.99393919017796,2.11839517032447,"0","#ED90A4"
"SCP_N24.EpiB.GCTCTGTGTCGGGTCT","SCP259","SCP259_N24",0.882091372280161,3.18019284879508,"0","#ED90A4"
"SCP_N24.EpiB.GCTGCAGAGAGGTTAT","SCP259","SCP259_N24",5.95672038105015,0.124248644464635,"0","#ED90A4"
"SCP_N24.EpiB.GCTGCAGAGTGTACTC","SCP259","SCP259_N24",4.4885688116837,4.20352115308585,"2","#B7AE50"
"SCP_N24.EpiB.GCTGCAGAGTGTCCCG","SCP259","SCP259_N24",6.26541474369053,0.0566876140767567,"0","#ED90A4"
"SCP_N24.EpiB.GCTGCGACACGTAAGG","SCP259","SCP259_N24",4.63166430500035,0.522549172990941,"0","#ED90A4"
"SCP_N24.EpiB.GCTGCGACATCACAAC","SCP259","SCP259_N24",5.12754109409336,-0.22327611768899,"0","#ED90A4"
"SCP_N24.EpiB.GCTGCGAGTCTCCACT","SCP259","SCP259_N24",2.37680295017246,6.26736392652335,"2","#B7AE50"
"SCP_N24.EpiB.GCTGCTTAGAGTGACC","SCP259","SCP259_N24",2.27232649829869,2.1221944299871,"0","#ED90A4"
"SCP_N24.EpiB.GCTGGGTAGATCCGAG","SCP259","SCP259_N24",4.31191828754429,1.11604546582045,"0","#ED90A4"
"SCP_N24.EpiB.GCTGGGTCACGGTAAG","SCP259","SCP259_N24",1.65081348922733,6.67411603605094,"2","#B7AE50"
"SCP_N24.EpiB.GCTGGGTTCACCGTAA","SCP259","SCP259_N24",1.33117368724827,6.5840229002172,"2","#B7AE50"
"SCP_N24.EpiB.GCTGGGTTCCTCAATT","SCP259","SCP259_N24",4.45535376575474,1.09506475006881,"0","#ED90A4"
"SCP_N24.EpiB.GCTTCCAAGAATTCCC","SCP259","SCP259_N24",5.74875691440586,-0.419313767797328,"0","#ED90A4"
"SCP_N24.EpiB.GCTTCCAGTAAATACG","SCP259","SCP259_N24",3.72961571720127,0.973551949613713,"0","#ED90A4"
"SCP_N24.EpiB.GCTTCCAGTTCTGTTT","SCP259","SCP259_N24",3.65575078037266,1.25588031684699,"0","#ED90A4"
"SCP_N24.EpiB.GCTTGAAAGAGCCTAG","SCP259","SCP259_N24",1.05766507890705,6.72766484891715,"2","#B7AE50"
"SCP_N24.EpiB.GCTTGAATCCCTCAGT","SCP259","SCP259_N24",3.42767718341831,2.87696375524344,"0","#ED90A4"
"SCP_N24.EpiB.GGAAAGCAGGAGCGAG","SCP259","SCP259_N24",5.27657177951817,2.70111527120414,"0","#ED90A4"
"SCP_N24.EpiB.GGAAAGCCAGCCACCA","SCP259","SCP259_N24",1.40527108219151,6.8013080564672,"2","#B7AE50"
"SCP_N24.EpiB.GGAACTTAGGCCGAAT","SCP259","SCP259_N24",2.22558858898167,6.14038076078238,"2","#B7AE50"
"SCP_N24.EpiB.GGAATAAAGTGTCTCA","SCP259","SCP259_N24",3.51160505321507,6.98067655240836,"2","#B7AE50"
"SCP_N24.EpiB.GGAATAATCGTCGTTC","SCP259","SCP259_N24",6.19850209262852,-0.245469668752528,"0","#ED90A4"
"SCP_N24.EpiB.GGAATAATCTACCAGA","SCP259","SCP259_N24",5.67075398471836,-0.457572677976466,"0","#ED90A4"
"SCP_N24.EpiB.GGAATAATCTGTCTAT","SCP259","SCP259_N24",2.4027829459,1.16269663547816,"0","#ED90A4"
"SCP_N24.EpiB.GGACAAGAGAAGATTC","SCP259","SCP259_N24",5.61794331577305,0.609935185068273,"0","#ED90A4"
"SCP_N24.EpiB.GGACAAGAGGGTATCG","SCP259","SCP259_N24",3.38427856472019,5.69425906812491,"2","#B7AE50"
"SCP_N24.EpiB.GGACAAGCACTGTCGG","SCP259","SCP259_N24",2.68071630504612,2.40048154269996,"0","#ED90A4"
"SCP_N24.EpiB.GGACAAGCAGACAAGC","SCP259","SCP259_N24",1.66665139701847,6.97896089231315,"2","#B7AE50"
"SCP_N24.EpiB.GGACAAGTCTGACCTC","SCP259","SCP259_N24",4.67906621006016,3.37916876947226,"0","#ED90A4"
"SCP_N24.EpiB.GGACAGACAGCTCGAC","SCP259","SCP259_N24",4.5464277556229,2.32426389133277,"0","#ED90A4"
"SCP_N24.EpiB.GGACATTAGGCTAGAC","SCP259","SCP259_N24",5.44482806232456,2.60459425126853,"0","#ED90A4"
"SCP_N24.EpiB.GGACATTAGGGCTTGA","SCP259","SCP259_N24",1.98462811019901,2.16709293996634,"0","#ED90A4"
"SCP_N24.EpiB.GGACATTCACATTAGC","SCP259","SCP259_N24",3.00830438640598,1.28076586698832,"0","#ED90A4"
"SCP_N24.EpiB.GGACATTCACCGAATT","SCP259","SCP259_N24",1.82767644432072,7.21166791593375,"2","#B7AE50"
"SCP_N24.EpiB.GGACATTTCCGAAGAG","SCP259","SCP259_N24",2.97602680233006,0.46795888816657,"0","#ED90A4"
"SCP_N24.EpiB.GGACATTTCGAGGTAG","SCP259","SCP259_N24",4.01185181644444,1.22249524866881,"0","#ED90A4"
"SCP_N24.EpiB.GGACGTCAGCAAATCA","SCP259","SCP259_N24",5.2741003325272,1.84572251712623,"0","#ED90A4"
"SCP_N24.EpiB.GGACGTCGTGTGAATA","SCP259","SCP259_N24",6.03905585315708,-0.0425019058054454,"0","#ED90A4"
"SCP_N24.EpiB.GGACGTCTCATGTGGT","SCP259","SCP259_N24",4.12238815334324,4.25169267331901,"0","#ED90A4"
"SCP_N24.EpiB.GGAGCAAGTGAGCGAT","SCP259","SCP259_N24",2.72393634822849,2.55249275838675,"0","#ED90A4"
"SCP_N24.EpiB.GGAGCAATCACGCATA","SCP259","SCP259_N24",2.39182761219029,3.95775689756217,"0","#ED90A4"
"SCP_N24.EpiB.GGATGTTTCCGCATAA","SCP259","SCP259_N24",0.951711147098581,3.52826633130851,"0","#ED90A4"
"SCP_N24.EpiB.GGATTACCAGGATTGG","SCP259","SCP259_N24",2.37756207492832,6.58712329541984,"2","#B7AE50"
"SCP_N24.EpiB.GGATTACTCCTTTCTC","SCP259","SCP259_N24",2.10244539287571,6.24560346280875,"2","#B7AE50"
"SCP_N24.EpiB.GGCCGATCAAGGTTTC","SCP259","SCP259_N24",3.72198441532139,5.11081876432242,"2","#B7AE50"
"SCP_N24.EpiB.GGCCGATCAAGTCATC","SCP259","SCP259_N24",6.39117625263218,-0.119124034292079,"0","#ED90A4"
"SCP_N24.EpiB.GGCCGATCATGCAACT","SCP259","SCP259_N24",3.47726848629002,1.6286173072988,"0","#ED90A4"
"SCP_N24.EpiB.GGCGACTAGAATTCCC","SCP259","SCP259_N24",1.64695587661747,3.18604936277213,"0","#ED90A4"
"SCP_N24.EpiB.GGCGACTGTCACACGC","SCP259","SCP259_N24",3.06331732776646,1.95118548547568,"0","#ED90A4"
"SCP_N24.EpiB.GGCGTGTAGTTAGGTA","SCP259","SCP259_N24",4.42127278354649,2.38208230411353,"0","#ED90A4"
"SCP_N24.EpiB.GGCTCGAAGAACAACT","SCP259","SCP259_N24",3.11445835140232,1.86831306492629,"0","#ED90A4"
"SCP_N24.EpiB.GGCTCGAGTGACGGTA","SCP259","SCP259_N24",2.34323766735081,6.58768739377799,"2","#B7AE50"
"SCP_N24.EpiB.GGCTCGAGTTCCGTCT","SCP259","SCP259_N24",5.49872401264195,1.51753867244067,"0","#ED90A4"
"SCP_N24.EpiB.GGCTGGTAGCAATATG","SCP259","SCP259_N24",3.40893390682224,8.1340774503881,"2","#B7AE50"
"SCP_N24.EpiB.GGCTGGTAGTACGATA","SCP259","SCP259_N24",3.21232750919346,2.25559832727256,"0","#ED90A4"
"SCP_N24.EpiB.GGCTGGTGTATAATGG","SCP259","SCP259_N24",4.36224749591831,4.06809081708732,"2","#B7AE50"
"SCP_N24.EpiB.GGCTGGTGTCCGTTAA","SCP259","SCP259_N24",2.69185307529453,2.86345877324881,"0","#ED90A4"
"SCP_N24.EpiB.GGCTGGTTCCAGTATG","SCP259","SCP259_N24",2.89067366626744,4.28986754094901,"0","#ED90A4"
"SCP_N24.EpiB.GGGAATGAGAATGTGT","SCP259","SCP259_N24",2.18438818958286,5.74085607206168,"2","#B7AE50"
"SCP_N24.EpiB.GGGAATGAGAGGTACC","SCP259","SCP259_N24",5.40732672718052,2.97858776723685,"0","#ED90A4"
"SCP_N24.EpiB.GGGAATGGTCTCACCT","SCP259","SCP259_N24",2.85794380214695,7.81315316831412,"2","#B7AE50"
"SCP_N24.EpiB.GGGAATGTCAGTTTGG","SCP259","SCP259_N24",5.14869978931431,2.32490142261329,"0","#ED90A4"
"SCP_N24.EpiB.GGGACCTAGGTGGGTT","SCP259","SCP259_N24",3.29128625896458,0.743883272760534,"0","#ED90A4"
"SCP_N24.EpiB.GGGACCTCAAGGTTTC","SCP259","SCP259_N24",4.17297509220127,3.45492543851676,"0","#ED90A4"
"SCP_N24.EpiB.GGGACCTCATTACGAC","SCP259","SCP259_N24",4.531107454567,3.92302646314444,"2","#B7AE50"
"SCP_N24.EpiB.GGGAGATAGCAGGTCA","SCP259","SCP259_N24",2.98853042629246,1.15858506237807,"0","#ED90A4"
"SCP_N24.EpiB.GGGAGATAGGAATTAC","SCP259","SCP259_N24",4.94955828693394,0.563873609655523,"0","#ED90A4"
"SCP_N24.EpiB.GGGAGATCAACGATGG","SCP259","SCP259_N24",4.84630921390537,1.53854100977721,"0","#ED90A4"
"SCP_N24.EpiB.GGGAGATCATTTGCCC","SCP259","SCP259_N24",2.926215915947,0.440129539125585,"0","#ED90A4"
"SCP_N24.EpiB.GGGAGATTCCTCATTA","SCP259","SCP259_N24",1.9272221615601,6.48786105787101,"2","#B7AE50"
"SCP_N24.EpiB.GGGATGAAGCCCGAAA","SCP259","SCP259_N24",5.07274725940708,2.96239688073935,"0","#ED90A4"
"SCP_N24.EpiB.GGGATGATCCGGCACA","SCP259","SCP259_N24",2.90429475811009,6.25845708524527,"2","#B7AE50"
"SCP_N24.EpiB.GGGCACTCACATTCGA","SCP259","SCP259_N24",3.00097754505161,0.625532230489873,"0","#ED90A4"
"SCP_N24.EpiB.GGGCACTCAGGACGTA","SCP259","SCP259_N24",3.2236578753281,5.90331782972159,"2","#B7AE50"
"SCP_N24.EpiB.GGGCACTGTTATCACG","SCP259","SCP259_N24",2.65115526226048,2.66611327802482,"0","#ED90A4"
"SCP_N24.EpiB.GGGCACTTCGGTTAAC","SCP259","SCP259_N24",6.26090481784825,0.656362494581365,"0","#ED90A4"
"SCP_N24.EpiB.GGGCACTTCGTTGCCT","SCP259","SCP259_N24",2.64701893833164,0.616782328241491,"0","#ED90A4"
"SCP_N24.EpiB.GGGCATCAGTGGTAGC","SCP259","SCP259_N24",6.09859278705601,0.0562603679830067,"0","#ED90A4"
"SCP_N24.EpiB.GGGCATCCAGGCAGTA","SCP259","SCP259_N24",2.94339373615269,4.68576016103568,"0","#ED90A4"
"SCP_N24.EpiB.GGGTCTGTCCACGTGG","SCP259","SCP259_N24",3.7509217551041,0.517840406053685,"0","#ED90A4"
"SCP_N24.EpiB.GGGTCTGTCGCTTAGA","SCP259","SCP259_N24",3.92704322841648,1.70221932803931,"0","#ED90A4"
"SCP_N24.EpiB.GGGTTGCAGATGCCAG","SCP259","SCP259_N24",6.38340476062779,0.133133551233434,"0","#ED90A4"
"SCP_N24.EpiB.GGGTTGCAGCTGTTCA","SCP259","SCP259_N24",3.20973899868015,7.35470094358268,"2","#B7AE50"
"SCP_N24.EpiB.GGGTTGCGTATGAAAC","SCP259","SCP259_N24",5.79681065586094,0.203737517946386,"0","#ED90A4"
"SCP_N24.EpiB.GGGTTGCTCTTCTGGC","SCP259","SCP259_N24",1.43511119392399,7.49696721708121,"2","#B7AE50"
"SCP_N24.EpiB.GGTGCGTAGATAGGAG","SCP259","SCP259_N24",4.68224957492832,3.07800843393149,"0","#ED90A4"
"SCP_N24.EpiB.GGTGCGTTCAAGCCTA","SCP259","SCP259_N24",3.19885685947422,2.14853932534995,"0","#ED90A4"
"SCP_N24.EpiB.GGTGTTATCCTCATTA","SCP259","SCP259_N24",0.938998251228373,6.09505738889518,"2","#B7AE50"
"SCP_N24.EpiB.GTAACGTAGTTACGGG","SCP259","SCP259_N24",4.80611136463169,1.83545072948279,"0","#ED90A4"
"SCP_N24.EpiB.GTAACGTGTACAGCAG","SCP259","SCP259_N24",5.98182013538365,0.456666788213872,"0","#ED90A4"
"SCP_N24.EpiB.GTAACGTTCACCGGGT","SCP259","SCP259_N24",2.25790622737889,1.3904568815017,"0","#ED90A4"
"SCP_N24.EpiB.GTAACTGGTGAAATCA","SCP259","SCP259_N24",3.04073479679112,1.13309081470313,"0","#ED90A4"
"SCP_N24.EpiB.GTACGTACATTCTTAC","SCP259","SCP259_N24",2.43040445354466,6.51263465558829,"2","#B7AE50"
"SCP_N24.EpiB.GTACGTATCAGTCAGT","SCP259","SCP259_N24",3.79391363170628,0.936643561475896,"0","#ED90A4"
"SCP_N24.EpiB.GTACTCCAGGGATGGG","SCP259","SCP259_N24",4.36392882373814,1.34368680244031,"0","#ED90A4"
"SCP_N24.EpiB.GTACTCCCAGATGGCA","SCP259","SCP259_N24",3.49926379230503,3.08900358354392,"0","#ED90A4"
"SCP_N24.EpiB.GTACTCCCAGGTGGAT","SCP259","SCP259_N24",5.55389931705479,1.0016870704824,"0","#ED90A4"
"SCP_N24.EpiB.GTACTCCGTGCAACGA","SCP259","SCP259_N24",3.63211229351048,8.2514223066503,"2","#B7AE50"
"SCP_N24.EpiB.GTACTCCGTTGCCTCT","SCP259","SCP259_N24",2.36001661327366,5.41847982084098,"2","#B7AE50"
"SCP_N24.EpiB.GTACTTTTCGGAGCAA","SCP259","SCP259_N24",4.13182213809971,3.6160532442266,"0","#ED90A4"
"SCP_N24.EpiB.GTAGGCCAGTATCTCG","SCP259","SCP259_N24",2.56706264522556,6.46014918958487,"2","#B7AE50"
"SCP_N24.EpiB.GTAGGCCGTGTATGGG","SCP259","SCP259_N24",3.57565095928196,1.26953733538928,"0","#ED90A4"
"SCP_N24.EpiB.GTAGGCCTCGGAGCAA","SCP259","SCP259_N24",1.45276001003269,6.52175750409903,"2","#B7AE50"
"SCP_N24.EpiB.GTAGTCATCGGACAAG","SCP259","SCP259_N24",1.17176845577244,6.80912294065299,"2","#B7AE50"
"SCP_N24.EpiB.GTATCTTAGCGTGTCC","SCP259","SCP259_N24",3.00856426265721,1.23514703487697,"0","#ED90A4"
"SCP_N24.EpiB.GTATCTTCAATGCCAT","SCP259","SCP259_N24",6.24923661258702,-0.305749038106776,"0","#ED90A4"
"SCP_N24.EpiB.GTATCTTCACCATCCT","SCP259","SCP259_N24",1.76039948966984,3.72645105993094,"0","#ED90A4"
"SCP_N24.EpiB.GTATCTTCAGACGCCT","SCP259","SCP259_N24",2.96104696300511,1.89697014366927,"0","#ED90A4"
"SCP_N24.EpiB.GTATTCTCATTGCGGC","SCP259","SCP259_N24",6.53576710727696,0.149872800462865,"0","#ED90A4"
"SCP_N24.EpiB.GTATTCTGTAAGAGAG","SCP259","SCP259_N24",4.26362278965,2.56532528077903,"0","#ED90A4"
"SCP_N24.EpiB.GTCAAGTAGATGTGGC","SCP259","SCP259_N24",1.18436571863178,3.50136770879569,"0","#ED90A4"
"SCP_N24.EpiB.GTCAAGTCACATCTTT","SCP259","SCP259_N24",2.70314267185215,2.44798793470206,"0","#ED90A4"
"SCP_N24.EpiB.GTCACAAGTGAGTGAC","SCP259","SCP259_N24",4.03090527561192,0.666545292490148,"0","#ED90A4"
"SCP_N24.EpiB.GTCACGGAGTGACTCT","SCP259","SCP259_N24",1.1950381686974,6.9161819425756,"2","#B7AE50"
"SCP_N24.EpiB.GTCACGGAGTGGTCCC","SCP259","SCP259_N24",2.09789171722416,3.62548699056449,"0","#ED90A4"
"SCP_N24.EpiB.GTCACGGGTTCGCGAC","SCP259","SCP259_N24",1.99121430423741,4.17285980855765,"0","#ED90A4"
"SCP_N24.EpiB.GTCATTTCAATGCCAT","SCP259","SCP259_N24",3.71596577671055,0.555465599649572,"0","#ED90A4"
"SCP_N24.EpiB.GTCATTTCACCAGCAC","SCP259","SCP259_N24",5.28702786472325,1.70516826783957,"0","#ED90A4"
"SCP_N24.EpiB.GTCCTCAAGCATCATC","SCP259","SCP259_N24",2.53587558773045,6.76799716626944,"2","#B7AE50"
"SCP_N24.EpiB.GTCCTCAGTAGCTCCG","SCP259","SCP259_N24",1.31226971652989,3.61362971937003,"0","#ED90A4"
"SCP_N24.EpiB.GTCCTCATCAAGAAGT","SCP259","SCP259_N24",4.50830796268467,3.48174943601432,"2","#B7AE50"
"SCP_N24.EpiB.GTCGTAACATGCCTTC","SCP259","SCP259_N24",1.61032476928715,7.17990579282584,"2","#B7AE50"
"SCP_N24.EpiB.GTCTCGTGTTGACGTT","SCP259","SCP259_N24",1.87012389209751,4.42074336683097,"0","#ED90A4"
"SCP_N24.EpiB.GTCTTCGAGAGACTAT","SCP259","SCP259_N24",3.79889181163792,0.686972400301122,"0","#ED90A4"
"SCP_N24.EpiB.GTCTTCGAGCTAACTC","SCP259","SCP259_N24",4.57984068897251,1.83795957838836,"0","#ED90A4"
"SCP_N24.EpiB.GTCTTCGCAGCCTATA","SCP259","SCP259_N24",5.36951687839512,1.04369597708526,"0","#ED90A4"
"SCP_N24.EpiB.GTCTTCGTCTTTCCTC","SCP259","SCP259_N24",2.95943835285191,1.75379123365226,"0","#ED90A4"
"SCP_N24.EpiB.GTGAAGGCAAATCCGT","SCP259","SCP259_N24",5.87007144001011,1.39376421564909,"0","#ED90A4"
"SCP_N24.EpiB.GTGCAGCGTCTGGTCG","SCP259","SCP259_N24",3.09491088893894,1.36158219551387,"0","#ED90A4"
"SCP_N24.EpiB.GTGCAGCTCTTAGCCC","SCP259","SCP259_N24",6.52844145801548,-0.155297616369105,"0","#ED90A4"
"SCP_N24.EpiB.GTGCATAAGCTCCTCT","SCP259","SCP259_N24",4.70690205600743,2.79652347242179,"0","#ED90A4"
"SCP_N24.EpiB.GTGCATAGTTGATTGC","SCP259","SCP259_N24",0.858270912437479,6.27602662717643,"2","#B7AE50"
"SCP_N24.EpiB.GTGCATATCAATAAGG","SCP259","SCP259_N24",6.16576340702061,-0.0948792489832408,"0","#ED90A4"
"SCP_N24.EpiB.GTGCATATCTGATTCT","SCP259","SCP259_N24",2.76271465328221,2.22573485051932,"0","#ED90A4"
"SCP_N24.EpiB.GTGCGGTAGGTGCTAG","SCP259","SCP259_N24",3.09813693073277,0.390719672792577,"0","#ED90A4"
"SCP_N24.EpiB.GTGCGGTGTCAGAATA","SCP259","SCP259_N24",6.1018123915482,1.47288725351634,"0","#ED90A4"
"SCP_N24.EpiB.GTGCGGTTCGTCACGG","SCP259","SCP259_N24",5.05437233951573,0.827895304315709,"0","#ED90A4"
"SCP_N24.EpiB.GTGCTTCGTTTACTCT","SCP259","SCP259_N24",5.01791337039952,0.501939674966954,"0","#ED90A4"
"SCP_N24.EpiB.GTGCTTCTCAGAAATG","SCP259","SCP259_N24",1.25678065326695,7.42023315107169,"2","#B7AE50"
"SCP_N24.EpiB.GTGGGTCGTGGGTCAA","SCP259","SCP259_N24",6.61605647113804,0.0560723749333851,"0","#ED90A4"
"SCP_N24.EpiB.GTGGGTCTCCTGCTTG","SCP259","SCP259_N24",2.36124685314182,0.832580765836858,"0","#ED90A4"
"SCP_N24.EpiB.GTGGGTCTCCTTTCGG","SCP259","SCP259_N24",2.03195074108128,2.65456678544822,"0","#ED90A4"
"SCP_N24.EpiB.GTGGGTCTCTATCCCG","SCP259","SCP259_N24",3.08909109142307,6.13478316938224,"2","#B7AE50"
"SCP_N24.EpiB.GTGTGCGAGATCGATA","SCP259","SCP259_N24",1.11222991254811,6.12059917127433,"2","#B7AE50"
"SCP_N24.EpiB.GTGTGCGCACAAGTAA","SCP259","SCP259_N24",4.4258976271439,2.18997391139808,"0","#ED90A4"
"SCP_N24.EpiB.GTGTGCGTCCCTAACC","SCP259","SCP259_N24",5.22347500827793,1.01345520293059,"0","#ED90A4"
"SCP_N24.EpiB.GTGTTAGTCCTACAGA","SCP259","SCP259_N24",5.45696690586094,-0.564912417775965,"0","#ED90A4"
"SCP_N24.EpiB.GTTAAGCAGGACACCA","SCP259","SCP259_N24",6.46703627613072,5.77887429868522,"2","#B7AE50"
"SCP_N24.EpiB.GTTAAGCCACTGAAGG","SCP259","SCP259_N24",5.10836556461338,2.85149671708884,"0","#ED90A4"
"SCP_N24.EpiB.GTTAAGCCAGTGGAGT","SCP259","SCP259_N24",2.88928320911411,5.44123019849601,"2","#B7AE50"
"SCP_N24.EpiB.GTTCATTAGGAATCGC","SCP259","SCP259_N24",3.59531119373326,0.566541990392827,"0","#ED90A4"
"SCP_N24.EpiB.GTTCATTAGTCAAGGC","SCP259","SCP259_N24",6.20601847675328,-0.288604119665004,"0","#ED90A4"
"SCP_N24.EpiB.GTTCGGGAGTTACCCA","SCP259","SCP259_N24",6.59538653400425,5.88609971677604,"2","#B7AE50"
"SCP_N24.EpiB.GTTCGGGCAAGCTGTT","SCP259","SCP259_N24",4.303821592598,1.07063927327933,"0","#ED90A4"
"SCP_N24.EpiB.GTTCGGGCATCTACGA","SCP259","SCP259_N24",3.33773115184788,1.1325644162828,"0","#ED90A4"
"SCP_N24.EpiB.GTTCGGGTCTGAGTGT","SCP259","SCP259_N24",2.06554117706303,2.79359390413108,"0","#ED90A4"
"SCP_N24.EpiB.GTTCTCGCAGCTATTG","SCP259","SCP259_N24",1.77412226703648,3.28077127610984,"0","#ED90A4"
"SCP_N24.EpiB.GTTCTCGGTGCCTGGT","SCP259","SCP259_N24",2.57016447093968,2.88005497133079,"0","#ED90A4"
"SCP_N24.EpiB.GTTCTCGTCATGCAAC","SCP259","SCP259_N24",4.33275940921787,1.75210624014678,"0","#ED90A4"
"SCP_N24.EpiB.GTTTCTATCCTTTACA","SCP259","SCP259_N24",5.87737515476231,0.177557727449559,"0","#ED90A4"
"SCP_N24.EpiB.TAAACCGAGCGTGAGT","SCP259","SCP259_N24",3.47986152675633,0.866705259435796,"0","#ED90A4"
"SCP_N24.EpiB.TAAGAGAAGTCGTACT","SCP259","SCP259_N24",4.99287274387364,2.56042422925773,"0","#ED90A4"
"SCP_N24.EpiB.TAAGAGACATTAACCG","SCP259","SCP259_N24",1.098543792038,6.0556067434484,"2","#B7AE50"
"SCP_N24.EpiB.TAAGAGACATTAGGCT","SCP259","SCP259_N24",5.23634198215489,0.469452342146062,"0","#ED90A4"
"SCP_N24.EpiB.TAAGAGAGTACAAGTA","SCP259","SCP259_N24",3.8954267790604,0.952014288061284,"0","#ED90A4"
"SCP_N24.EpiB.TAAGCGTCACATGTGT","SCP259","SCP259_N24",3.33012106922154,1.23111247097793,"0","#ED90A4"
"SCP_N24.EpiB.TAAGCGTGTAGCTAAA","SCP259","SCP259_N24",4.21078064945225,1.13488646423163,"0","#ED90A4"
"SCP_N24.EpiB.TAAGCGTTCAACACAC","SCP259","SCP259_N24",3.01544549968723,2.77942254220786,"0","#ED90A4"
"SCP_N24.EpiB.TAAGCGTTCACCCTCA","SCP259","SCP259_N24",4.74818709400181,1.84048657690825,"0","#ED90A4"
"SCP_N24.EpiB.TAAGTGCGTCTCAACA","SCP259","SCP259_N24",5.98201420810704,-0.125213006383754,"0","#ED90A4"
"SCP_N24.EpiB.TAAGTGCTCAGGTAAA","SCP259","SCP259_N24",4.29345801380162,2.65234341298881,"0","#ED90A4"
"SCP_N24.EpiB.TACACGAAGTCCCACG","SCP259","SCP259_N24",3.30157664325718,7.17462100660148,"2","#B7AE50"
"SCP_N24.EpiB.TACACGAGTGGTGTAG","SCP259","SCP259_N24",4.60159590747837,0.515653452032232,"0","#ED90A4"
"SCP_N24.EpiB.TACACGATCATTGCGA","SCP259","SCP259_N24",1.03983834293369,2.87320460950675,"0","#ED90A4"
"SCP_N24.EpiB.TACAGTGGTATCTGCA","SCP259","SCP259_N24",3.04038098361973,1.83090480243506,"0","#ED90A4"
"SCP_N24.EpiB.TACAGTGGTGACTCAT","SCP259","SCP259_N24",6.12254765537266,1.0983875302011,"0","#ED90A4"
"SCP_N24.EpiB.TACCTATTCTGGCGAC","SCP259","SCP259_N24",0.735083787708323,3.40559544240775,"0","#ED90A4"
"SCP_N24.EpiB.TACCTTATCGTGACAT","SCP259","SCP259_N24",2.5964675238419,2.38090618526282,"0","#ED90A4"
"SCP_N24.EpiB.TACGGATCATCTATGG","SCP259","SCP259_N24",3.55293014553074,1.44102078875246,"0","#ED90A4"
"SCP_N24.EpiB.TACGGATTCGTGACAT","SCP259","SCP259_N24",2.82456377056126,5.8966974226171,"2","#B7AE50"
"SCP_N24.EpiB.TACGGGCAGAGTCTGG","SCP259","SCP259_N24",2.5296311667252,1.31816396688762,"0","#ED90A4"
"SCP_N24.EpiB.TACGGGCAGCACCGCT","SCP259","SCP259_N24",2.90507200267796,4.67888273870292,"0","#ED90A4"
"SCP_N24.EpiB.TACGGTAAGGTCATCT","SCP259","SCP259_N24",5.2695255568314,1.42031708558741,"0","#ED90A4"
"SCP_N24.EpiB.TACGGTACAAAGGTGC","SCP259","SCP259_N24",2.59871652629856,2.96444573079886,"0","#ED90A4"
"SCP_N24.EpiB.TACGGTACAGTCTTCC","SCP259","SCP259_N24",2.25079896953587,0.827973386400365,"0","#ED90A4"
"SCP_N24.EpiB.TACGGTATCAACGGGA","SCP259","SCP259_N24",3.35615971591953,0.33816482698264,"0","#ED90A4"
"SCP_N24.EpiB.TACGGTATCGATGAGG","SCP259","SCP259_N24",6.15050366428379,-0.0500062497919567,"0","#ED90A4"
"SCP_N24.EpiB.TACTCATCAGGACCCT","SCP259","SCP259_N24",2.55961206462864,2.29361941491904,"0","#ED90A4"
"SCP_N24.EpiB.TACTCATCATGTCGAT","SCP259","SCP259_N24",2.88408735301975,0.590518137567662,"0","#ED90A4"
"SCP_N24.EpiB.TACTCATGTCGGCACT","SCP259","SCP259_N24",3.78924396541599,0.771796545141362,"0","#ED90A4"
"SCP_N24.EpiB.TACTCATGTCTTTCAT","SCP259","SCP259_N24",3.07812216785435,6.04495658551993,"2","#B7AE50"
"SCP_N24.EpiB.TACTCGCAGCTAGTCT","SCP259","SCP259_N24",3.03891685512547,7.2604145017797,"2","#B7AE50"
"SCP_N24.EpiB.TACTCGCCATACAGCT","SCP259","SCP259_N24",1.05121323373799,2.84494378244224,"0","#ED90A4"
"SCP_N24.EpiB.TACTCGCGTGGCAAAC","SCP259","SCP259_N24",6.19835808780674,1.1380888727838,"0","#ED90A4"
"SCP_N24.EpiB.TACTCGCTCAGTTGAC","SCP259","SCP259_N24",3.85133126285557,4.68277992879691,"2","#B7AE50"
"SCP_N24.EpiB.TACTCGCTCCTATGTT","SCP259","SCP259_N24",2.79608181026463,2.57168664609733,"0","#ED90A4"
"SCP_N24.EpiB.TACTTACAGAAGGTTT","SCP259","SCP259_N24",3.25811841991429,3.00733818685355,"0","#ED90A4"
"SCP_N24.EpiB.TACTTACGTTCCGTCT","SCP259","SCP259_N24",5.2542290976334,1.48669646506848,"0","#ED90A4"
"SCP_N24.EpiB.TACTTACTCAACGGGA","SCP259","SCP259_N24",1.70935454872135,6.26999368345084,"2","#B7AE50"
"SCP_N24.EpiB.TACTTACTCCAGAGGA","SCP259","SCP259_N24",4.0516562750626,1.46677774762454,"0","#ED90A4"
"SCP_N24.EpiB.TACTTGTAGCACCGCT","SCP259","SCP259_N24",2.75068071392063,6.07707776700797,"2","#B7AE50"
"SCP_N24.EpiB.TACTTGTCATTTCACT","SCP259","SCP259_N24",3.52667930629734,0.728081127756261,"0","#ED90A4"
"SCP_N24.EpiB.TAGACCAAGCCAGTAG","SCP259","SCP259_N24",5.91281893756871,5.27405013715568,"2","#B7AE50"
"SCP_N24.EpiB.TAGACCAAGTGATCGG","SCP259","SCP259_N24",3.45096686389927,0.582041761034154,"0","#ED90A4"
"SCP_N24.EpiB.TAGACCACAAATCCGT","SCP259","SCP259_N24",3.02880242374424,1.26373056148829,"0","#ED90A4"
"SCP_N24.EpiB.TAGACCAGTTAAGACA","SCP259","SCP259_N24",2.18486669567112,4.00027527486625,"0","#ED90A4"
"SCP_N24.EpiB.TAGACCATCATTATCC","SCP259","SCP259_N24",4.67897799518589,1.39590884012821,"0","#ED90A4"
"SCP_N24.EpiB.TAGAGCTGTCAAGCGA","SCP259","SCP259_N24",2.99523046520237,5.82489814435782,"2","#B7AE50"
"SCP_N24.EpiB.TAGGCATAGGACGAAA","SCP259","SCP259_N24",1.53215065505985,7.31398429548087,"2","#B7AE50"
"SCP_N24.EpiB.TAGGCATCAGGTTTCA","SCP259","SCP259_N24",4.32844689395909,4.42854108487906,"2","#B7AE50"
"SCP_N24.EpiB.TAGGCATTCAATCTCT","SCP259","SCP259_N24",3.39742305782322,0.530237516515874,"0","#ED90A4"
"SCP_N24.EpiB.TAGGCATTCGCGGATC","SCP259","SCP259_N24",0.876301079063456,3.30707063352408,"0","#ED90A4"
"SCP_N24.EpiB.TAGTGGTAGATGTGTA","SCP259","SCP259_N24",2.02066936996464,1.87847956096473,"0","#ED90A4"
"SCP_N24.EpiB.TAGTGGTTCAACGAAA","SCP259","SCP259_N24",1.13983067777638,6.58615102445426,"2","#B7AE50"
"SCP_N24.EpiB.TAGTGGTTCCGTTGCT","SCP259","SCP259_N24",3.14248302486424,3.62091507589164,"0","#ED90A4"
"SCP_N24.EpiB.TAGTTGGGTATAATGG","SCP259","SCP259_N24",2.97591140773777,1.35897888442221,"0","#ED90A4"
"SCP_N24.EpiB.TAGTTGGTCACCTCGT","SCP259","SCP259_N24",4.67329981830601,3.01181258832755,"0","#ED90A4"
"SCP_N24.EpiB.TAGTTGGTCTGTCTCG","SCP259","SCP259_N24",2.39608266857151,1.87291052018943,"0","#ED90A4"
"SCP_N24.EpiB.TATCAGGAGACAAGCC","SCP259","SCP259_N24",4.34881547000889,2.71576847707572,"0","#ED90A4"
"SCP_N24.EpiB.TATCAGGGTAATTGGA","SCP259","SCP259_N24",2.45564845111851,6.67574491178336,"2","#B7AE50"
"SCP_N24.EpiB.TATCAGGGTGTTGGGA","SCP259","SCP259_N24",2.35517766979222,3.16611172830405,"0","#ED90A4"
"SCP_N24.EpiB.TATCTCAAGTGTTAGA","SCP259","SCP259_N24",3.35794714000706,2.33159103071036,"0","#ED90A4"
"SCP_N24.EpiB.TATCTCACACATCCGG","SCP259","SCP259_N24",5.80566647556309,-0.372803190595485,"0","#ED90A4"
"SCP_N24.EpiB.TATCTCAGTGCGGTAA","SCP259","SCP259_N24",3.26503375080113,1.53603318905177,"0","#ED90A4"
"SCP_N24.EpiB.TATCTCAGTTCGTGAT","SCP259","SCP259_N24",5.13189747837071,0.834206482523107,"0","#ED90A4"
"SCP_N24.EpiB.TATGCCCCAGTCAGAG","SCP259","SCP259_N24",4.52272799518589,1.1640415844852,"0","#ED90A4"
"SCP_N24.EpiB.TATGCCCGTCTGCAAT","SCP259","SCP259_N24",2.96687438991551,5.81130160962882,"2","#B7AE50"
"SCP_N24.EpiB.TATGCCCTCCACTGGG","SCP259","SCP259_N24",4.61807444599156,0.416589578741216,"0","#ED90A4"
"SCP_N24.EpiB.TCAATCTGTAATCGTC","SCP259","SCP259_N24",2.19107726123814,1.99863060390296,"0","#ED90A4"
"SCP_N24.EpiB.TCAATCTTCACCACCT","SCP259","SCP259_N24",2.30400565174107,0.839956602209234,"0","#ED90A4"
"SCP_N24.EpiB.TCACAAGAGCAGCGTA","SCP259","SCP259_N24",4.56620839145664,0.564315458887243,"0","#ED90A4"
"SCP_N24.EpiB.TCACAAGCAAGTAATG","SCP259","SCP259_N24",3.52134349849705,2.91947927152457,"0","#ED90A4"
"SCP_N24.EpiB.TCACAAGGTTATCCGA","SCP259","SCP259_N24",3.98676660564427,0.540670892351293,"0","#ED90A4"
"SCP_N24.EpiB.TCACAAGTCATGTCCC","SCP259","SCP259_N24",3.55051782634739,7.77868785535636,"2","#B7AE50"
"SCP_N24.EpiB.TCACAAGTCTTGTATC","SCP259","SCP259_N24",3.60848048236851,0.504193028562688,"0","#ED90A4"
"SCP_N24.EpiB.TCACGAAAGGCTCATT","SCP259","SCP259_N24",3.78337362316136,2.30833431159797,"0","#ED90A4"
"SCP_N24.EpiB.TCACGAACAGCGAACA","SCP259","SCP259_N24",2.72125199344639,1.06096421753707,"0","#ED90A4"
"SCP_N24.EpiB.TCACGAAGTAAGTGTA","SCP259","SCP259_N24",2.62005999591831,6.43625631009879,"2","#B7AE50"
"SCP_N24.EpiB.TCACGAAGTAGCCTAT","SCP259","SCP259_N24",3.41030195262913,1.31725226169171,"0","#ED90A4"
"SCP_N24.EpiB.TCAGATGGTTCCATGA","SCP259","SCP259_N24",3.72667100933079,5.05330814992728,"2","#B7AE50"
"SCP_N24.EpiB.TCAGATGTCTGGTATG","SCP259","SCP259_N24",5.8419566443253,0.616738220804357,"0","#ED90A4"
"SCP_N24.EpiB.TCAGCAAGTCCGTTAA","SCP259","SCP259_N24",6.11893132236485,0.374172708147191,"0","#ED90A4"
"SCP_N24.EpiB.TCAGCAATCCTAGTGA","SCP259","SCP259_N24",1.13784912136082,3.32015003835502,"0","#ED90A4"
"SCP_N24.EpiB.TCAGCAATCTGCAAGT","SCP259","SCP259_N24",3.91099002864842,2.582090279215,"0","#ED90A4"
"SCP_N24.EpiB.TCAGCTCCATCTACGA","SCP259","SCP259_N24",4.17479255702976,2.689587494486,"0","#ED90A4"
"SCP_N24.EpiB.TCAGGATAGAATTGTG","SCP259","SCP259_N24",1.24897769001011,7.46556939756217,"2","#B7AE50"
"SCP_N24.EpiB.TCAGGATGTATTAGCC","SCP259","SCP259_N24",3.7823748877335,3.66486253415885,"0","#ED90A4"
"SCP_N24.EpiB.TCAGGATGTTTGTTGG","SCP259","SCP259_N24",6.16337492969517,0.766713401430272,"0","#ED90A4"
"SCP_N24.EpiB.TCAGGTATCTTCGGTC","SCP259","SCP259_N24",5.91676953342442,5.58316983854117,"2","#B7AE50"
"SCP_N24.EpiB.TCATTACAGGAGCGTT","SCP259","SCP259_N24",4.43005803134922,0.47789700900855,"0","#ED90A4"
"SCP_N24.EpiB.TCATTACCAGTCACTA","SCP259","SCP259_N24",4.99992993381504,2.72460331594291,"0","#ED90A4"
"SCP_N24.EpiB.TCATTACGTCCGAACC","SCP259","SCP259_N24",5.75216630008702,1.60153145169558,"0","#ED90A4"
"SCP_N24.EpiB.TCATTTGAGCGCTCCA","SCP259","SCP259_N24",1.84685459640507,3.5431715456182,"0","#ED90A4"
"SCP_N24.EpiB.TCATTTGAGGGTGTTG","SCP259","SCP259_N24",1.01156785991673,6.57033004438224,"2","#B7AE50"
"SCP_N24.EpiB.TCATTTGGTCTCCACT","SCP259","SCP259_N24",5.04263165500645,3.38404562150779,"0","#ED90A4"
"SCP_N24.EpiB.TCCACACAGTCGTACT","SCP259","SCP259_N24",1.46767595317845,6.02553929960074,"2","#B7AE50"
"SCP_N24.EpiB.TCCACACGTATGAATG","SCP259","SCP259_N24",2.07712045219425,6.42205705320182,"2","#B7AE50"
"SCP_N24.EpiB.TCCACACGTGAAATCA","SCP259","SCP259_N24",2.1987487366486,1.12167691265883,"0","#ED90A4"
"SCP_N24.EpiB.TCCACACTCGTGACAT","SCP259","SCP259_N24",5.49444726017002,0.591739734762334,"0","#ED90A4"
"SCP_N24.EpiB.TCCCGATGTGACGCCT","SCP259","SCP259_N24",3.96045163181309,3.52816428815665,"0","#ED90A4"
"SCP_N24.EpiB.TCCCGATTCCGCATAA","SCP259","SCP259_N24",3.85916498210911,4.36567511236014,"0","#ED90A4"
"SCP_N24.EpiB.TCCCGATTCTTAGCCC","SCP259","SCP259_N24",3.45284393337254,5.13595475827994,"2","#B7AE50"
"SCP_N24.EpiB.TCGAGGCAGATCCTGT","SCP259","SCP259_N24",2.65024641063694,2.08962764417472,"0","#ED90A4"
"SCP_N24.EpiB.TCGCGAGCATGCTGGC","SCP259","SCP259_N24",3.41961029079441,1.07294862543883,"0","#ED90A4"
"SCP_N24.EpiB.TCGCGAGGTTCCACTC","SCP259","SCP259_N24",1.27976444271092,2.79105283891501,"0","#ED90A4"
"SCP_N24.EpiB.TCGCGAGTCTCTGAGA","SCP259","SCP259_N24",3.54153516796116,1.22595248197856,"0","#ED90A4"
"SCP_N24.EpiB.TCGGGACAGCTAAACA","SCP259","SCP259_N24",1.02379491832737,6.52873601590934,"2","#B7AE50"
"SCP_N24.EpiB.TCGGGACAGTTATCGC","SCP259","SCP259_N24",6.42533352878575,-0.0795568021601207,"0","#ED90A4"
"SCP_N24.EpiB.TCGGGACCACAACGTT","SCP259","SCP259_N24",3.73983362224583,1.17685676192584,"0","#ED90A4"
"SCP_N24.EpiB.TCGGGACTCGCAGGCT","SCP259","SCP259_N24",2.70652535465244,2.20984055673423,"0","#ED90A4"
"SCP_N24.EpiB.TCGGTAAAGGTGTTAA","SCP259","SCP259_N24",6.07191899326329,-0.106648424512721,"0","#ED90A4"
"SCP_N24.EpiB.TCGGTAAGTCTGCAAT","SCP259","SCP259_N24",3.5444586565781,4.81837334310355,"2","#B7AE50"
"SCP_N24.EpiB.TCGTACCGTGCAACTT","SCP259","SCP259_N24",5.71325781848912,0.674996396654271,"0","#ED90A4"
"SCP_N24.EpiB.TCGTACCGTGGTAACG","SCP259","SCP259_N24",3.73939826992039,2.99589564477744,"0","#ED90A4"
"SCP_N24.EpiB.TCGTACCGTTACAGAA","SCP259","SCP259_N24",3.40705945995335,3.230044027918,"0","#ED90A4"
"SCP_N24.EpiB.TCGTAGAAGCACCGCT","SCP259","SCP259_N24",1.05376455095295,2.9215712753469,"0","#ED90A4"
"SCP_N24.EpiB.TCGTAGACAAGACGTG","SCP259","SCP259_N24",3.35098913219456,1.45301041951122,"0","#ED90A4"
"SCP_N24.EpiB.TCGTAGACACACATGT","SCP259","SCP259_N24",1.80177143123631,6.08097018873038,"2","#B7AE50"
"SCP_N24.EpiB.TCGTAGACAGGACGTA","SCP259","SCP259_N24",3.37922671344761,0.267893573396825,"0","#ED90A4"
"SCP_N24.EpiB.TCGTAGAGTTGGACCC","SCP259","SCP259_N24",0.977336852817576,3.1360476223165,"0","#ED90A4"
"SCP_N24.EpiB.TCGTAGATCCGAACGC","SCP259","SCP259_N24",3.68333128002171,4.46321835195365,"2","#B7AE50"
"SCP_N24.EpiB.TCTATTGAGATGCGAC","SCP259","SCP259_N24",3.62953808811192,5.81163110410514,"2","#B7AE50"
"SCP_N24.EpiB.TCTATTGAGCACCGCT","SCP259","SCP259_N24",1.41137435939793,7.42163314496818,"2","#B7AE50"
"SCP_N24.EpiB.TCTATTGAGTCGTTTG","SCP259","SCP259_N24",4.67456009891514,3.07588150178733,"0","#ED90A4"
"SCP_N24.EpiB.TCTATTGCAATAGAGT","SCP259","SCP259_N24",3.11329987552647,7.79966392194571,"2","#B7AE50"
"SCP_N24.EpiB.TCTATTGGTGTAATGA","SCP259","SCP259_N24",0.904940812854807,6.53402127897086,"2","#B7AE50"
"SCP_N24.EpiB.TCTCATACACCTCGGA","SCP259","SCP259_N24",3.380237608223,5.35941590940299,"2","#B7AE50"
"SCP_N24.EpiB.TCTCATACACTTAAGC","SCP259","SCP259_N24",1.4776976397324,6.31084575330558,"2","#B7AE50"
"SCP_N24.EpiB.TCTCATAGTAGTACCT","SCP259","SCP259_N24",4.62325051334385,1.30729924713912,"0","#ED90A4"
"SCP_N24.EpiB.TCTCATATCCATGCTC","SCP259","SCP259_N24",4.08381512668614,3.78791322385611,"0","#ED90A4"
"SCP_N24.EpiB.TCTCTAAAGAGGGATA","SCP259","SCP259_N24",2.9792218497086,2.64141812002006,"0","#ED90A4"
"SCP_N24.EpiB.TCTCTAACACCGGAAA","SCP259","SCP259_N24",2.4403281500626,1.50072192972245,"0","#ED90A4"
"SCP_N24.EpiB.TCTCTAACACCTCGGA","SCP259","SCP259_N24",1.73860052135472,6.68894471799674,"2","#B7AE50"
"SCP_N24.EpiB.TCTCTAACACGACGAA","SCP259","SCP259_N24",4.20853689220433,1.22465381597819,"0","#ED90A4"
"SCP_N24.EpiB.TCTCTAAGTATCTGCA","SCP259","SCP259_N24",3.07905438449864,0.552368423097753,"0","#ED90A4"
"SCP_N24.EpiB.TCTGAGACAAGCGTAG","SCP259","SCP259_N24",3.36634257343296,1.21216744756045,"0","#ED90A4"
"SCP_N24.EpiB.TCTGAGACATGTCTCC","SCP259","SCP259_N24",3.96364596393589,6.12493219053092,"2","#B7AE50"
"SCP_N24.EpiB.TCTGGAAAGCTAGGCA","SCP259","SCP259_N24",5.73081019428257,2.2520019022161,"0","#ED90A4"
"SCP_N24.EpiB.TCTGGAACAAACCTAC","SCP259","SCP259_N24",4.69667914417271,0.313246151559972,"0","#ED90A4"
"SCP_N24.EpiB.TCTGGAACATCATCCC","SCP259","SCP259_N24",4.35807040241246,2.12509818946662,"0","#ED90A4"
"SCP_N24.EpiB.TCTGGAAGTATCACCA","SCP259","SCP259_N24",4.55589297321324,1.78164287483039,"0","#ED90A4"
"SCP_N24.EpiB.TCTTCGGAGAAACCTA","SCP259","SCP259_N24",2.45887115505223,6.41553201352897,"2","#B7AE50"
"SCP_N24.EpiB.TCTTCGGTCTTGTTTG","SCP259","SCP259_N24",2.48004844692234,4.88918223058524,"2","#B7AE50"
"SCP_N24.EpiB.TCTTTCCAGGCGTACA","SCP259","SCP259_N24",2.55357530620579,1.356634246313,"0","#ED90A4"
"SCP_N24.EpiB.TCTTTCCAGTATTGGA","SCP259","SCP259_N24",1.4897471955109,7.72353019391837,"2","#B7AE50"
"SCP_N24.EpiB.TCTTTCCAGTGGGATC","SCP259","SCP259_N24",2.71551158931736,1.50776534354033,"0","#ED90A4"
"SCP_N24.EpiB.TCTTTCCCATATGGTC","SCP259","SCP259_N24",3.4924042513657,3.71864452039542,"0","#ED90A4"
"SCP_N24.EpiB.TGACAACTCAGTCCCT","SCP259","SCP259_N24",2.43844726589207,1.26042691444697,"0","#ED90A4"
"SCP_N24.EpiB.TGACAACTCGGTTCGG","SCP259","SCP259_N24",4.78638699558262,2.42747213517966,"0","#ED90A4"
"SCP_N24.EpiB.TGACAACTCTGACCTC","SCP259","SCP259_N24",4.15751507785801,2.45632912790122,"0","#ED90A4"
"SCP_N24.EpiB.TGACGGCAGCGTGAAC","SCP259","SCP259_N24",5.70557024982456,0.993922194593572,"0","#ED90A4"
"SCP_N24.EpiB.TGACGGCCAAGTCATC","SCP259","SCP259_N24",2.85203698184971,1.84918918287101,"0","#ED90A4"
"SCP_N24.EpiB.TGACGGCTCCTTAATC","SCP259","SCP259_N24",3.98342993762974,0.549493214243078,"0","#ED90A4"
"SCP_N24.EpiB.TGACTAGAGCCACGTC","SCP259","SCP259_N24",5.28371432331089,3.29848196183982,"0","#ED90A4"
"SCP_N24.EpiB.TGACTAGCAAGGGTCA","SCP259","SCP259_N24",2.53230765369419,1.45707702463212,"0","#ED90A4"
"SCP_N24.EpiB.TGACTAGCACCACCAG","SCP259","SCP259_N24",4.88035920169834,1.54285653507056,"0","#ED90A4"
"SCP_N24.EpiB.TGACTAGCACCTATCC","SCP259","SCP259_N24",6.04217055347447,0.229216596239232,"0","#ED90A4"
"SCP_N24.EpiB.TGACTAGCAGTCGATT","SCP259","SCP259_N24",3.44171026256565,7.92396487867179,"2","#B7AE50"
"SCP_N24.EpiB.TGACTTTAGAGATGAG","SCP259","SCP259_N24",1.87224808242802,7.06262435590568,"2","#B7AE50"
"SCP_N24.EpiB.TGACTTTAGTGGAGTC","SCP259","SCP259_N24",2.2282669832993,1.96818449174704,"0","#ED90A4"
"SCP_N24.EpiB.TGACTTTCACCCATGG","SCP259","SCP259_N24",3.28926542308811,6.9658154455358,"2","#B7AE50"
"SCP_N24.EpiB.TGACTTTGTAAGTGTA","SCP259","SCP259_N24",4.03643730190281,0.679652711504125,"0","#ED90A4"
"SCP_N24.EpiB.TGAGAGGAGGCAAAGA","SCP259","SCP259_N24",2.93617632892613,1.27918597137275,"0","#ED90A4"
"SCP_N24.EpiB.TGAGAGGAGTCGAGTG","SCP259","SCP259_N24",5.30980399158482,3.28217806493583,"0","#ED90A4"
"SCP_N24.EpiB.TGAGAGGTCCCTTGTG","SCP259","SCP259_N24",4.06668904331211,0.894495686643743,"0","#ED90A4"
"SCP_N24.EpiB.TGAGCATAGTGGAGAA","SCP259","SCP259_N24",5.84509518650059,0.325330635660314,"0","#ED90A4"
"SCP_N24.EpiB.TGAGCCGGTTGGTTTG","SCP259","SCP259_N24",1.68499770668034,7.09995116864982,"2","#B7AE50"
"SCP_N24.EpiB.TGAGGGAAGCGCCTCA","SCP259","SCP259_N24",6.24379685428623,-0.0831084045237072,"0","#ED90A4"
"SCP_N24.EpiB.TGAGGGACAGCAGTTT","SCP259","SCP259_N24",3.46338060405735,1.63530074631514,"0","#ED90A4"
"SCP_N24.EpiB.TGAGGGAGTAGTACCT","SCP259","SCP259_N24",3.41795018222813,1.382797286042,"0","#ED90A4"
"SCP_N24.EpiB.TGAGGGATCCACGTTC","SCP259","SCP259_N24",1.61147382762913,7.52700223600211,"2","#B7AE50"
"SCP_N24.EpiB.TGATTTCGTAGAAAGG","SCP259","SCP259_N24",4.95597460773472,0.226417204492711,"0","#ED90A4"
"SCP_N24.EpiB.TGCACCTAGGGCTTGA","SCP259","SCP259_N24",2.12810531166081,4.72754850065055,"0","#ED90A4"
"SCP_N24.EpiB.TGCACCTCATGGTAGG","SCP259","SCP259_N24",3.4679103186417,0.29264857446494,"0","#ED90A4"
"SCP_N24.EpiB.TGCACCTTCACATAGC","SCP259","SCP259_N24",5.69291022327427,1.91600426112952,"0","#ED90A4"
"SCP_N24.EpiB.TGCACCTTCGGAAATA","SCP259","SCP259_N24",3.9108190825272,2.10083897983375,"0","#ED90A4"
"SCP_N24.EpiB.TGCCAAAAGCCCAATT","SCP259","SCP259_N24",4.38019373920445,4.09558500921073,"2","#B7AE50"
"SCP_N24.EpiB.TGCCAAAAGGAATCGC","SCP259","SCP259_N24",4.62859156635288,3.19253554021659,"0","#ED90A4"
"SCP_N24.EpiB.TGCCAAACACCAACCG","SCP259","SCP259_N24",4.17266705539707,1.95862921153846,"0","#ED90A4"
"SCP_N24.EpiB.TGCCAAACATGGAATA","SCP259","SCP259_N24",3.31747892406468,3.31574501668754,"0","#ED90A4"
"SCP_N24.EpiB.TGCCAAATCACTATTC","SCP259","SCP259_N24",1.55996742752079,3.22100569879355,"0","#ED90A4"
"SCP_N24.EpiB.TGCCCATAGTTCCACA","SCP259","SCP259_N24",6.45908215549473,-0.213737705594874,"0","#ED90A4"
"SCP_N24.EpiB.TGCCCATGTAGAGCTG","SCP259","SCP259_N24",5.13197424915318,1.37897811097743,"0","#ED90A4"
"SCP_N24.EpiB.TGCCCATGTAGCGCTC","SCP259","SCP259_N24",5.08965590503697,2.55399515306296,"0","#ED90A4"
"SCP_N24.EpiB.TGCCCATGTCTCTTAT","SCP259","SCP259_N24",3.9131326964188,2.07882483875098,"0","#ED90A4"
"SCP_N24.EpiB.TGCCCTACAGCCAATT","SCP259","SCP259_N24",1.36017027404789,2.6857975927526,"0","#ED90A4"
"SCP_N24.EpiB.TGCCCTATCAATAAGG","SCP259","SCP259_N24",0.288135319023172,4.14785017644706,"0","#ED90A4"
"SCP_N24.EpiB.TGCGCAGGTAGCGTAG","SCP259","SCP259_N24",5.53413489368443,0.927841236942434,"0","#ED90A4"
"SCP_N24.EpiB.TGCGCAGTCTCTGTCG","SCP259","SCP259_N24",0.733787565498392,3.85798206006827,"0","#ED90A4"
"SCP_N24.EpiB.TGCGGGTAGACTTTCG","SCP259","SCP259_N24",1.05713871028904,6.87444438611808,"2","#B7AE50"
"SCP_N24.EpiB.TGCGTGGAGTATTGGA","SCP259","SCP259_N24",3.84441521671299,1.46443810512962,"0","#ED90A4"
"SCP_N24.EpiB.TGCGTGGTCGAGAACG","SCP259","SCP259_N24",0.928379445343058,3.62564983045402,"0","#ED90A4"
"SCP_N24.EpiB.TGCTACCCACGCATCG","SCP259","SCP259_N24",4.29857113864903,1.60923134362044,"0","#ED90A4"
"SCP_N24.EpiB.TGCTGCTAGAGGACGG","SCP259","SCP259_N24",6.254101305275,1.26138541673961,"0","#ED90A4"
"SCP_N24.EpiB.TGCTGCTCAGCTGCTG","SCP259","SCP259_N24",2.16856470611576,1.99743213331046,"0","#ED90A4"
"SCP_N24.EpiB.TGCTGCTCATCCGGGT","SCP259","SCP259_N24",2.79369190242771,2.62327375089469,"0","#ED90A4"
"SCP_N24.EpiB.TGCTGCTTCCCTCTTT","SCP259","SCP259_N24",4.34953835514073,3.01224078809562,"0","#ED90A4"
"SCP_N24.EpiB.TGCTGCTTCGCAGGCT","SCP259","SCP259_N24",2.25398471858982,5.43720187818351,"2","#B7AE50"
"SCP_N24.EpiB.TGGACGCCAAGTAGTA","SCP259","SCP259_N24",6.11610844638829,1.08683787857833,"0","#ED90A4"
"SCP_N24.EpiB.TGGACGCGTTCTGAAC","SCP259","SCP259_N24",2.24232676532749,1.68774746929946,"0","#ED90A4"
"SCP_N24.EpiB.TGGACGCTCATACGGT","SCP259","SCP259_N24",3.26753166225437,3.63951983129325,"0","#ED90A4"
"SCP_N24.EpiB.TGGCCAGAGTCACGCC","SCP259","SCP259_N24",3.23952129390721,3.5113259760076,"0","#ED90A4"
"SCP_N24.EpiB.TGGCCAGCAAAGAATC","SCP259","SCP259_N24",5.46330884006504,1.13272171294036,"0","#ED90A4"
"SCP_N24.EpiB.TGGCCAGGTCTGCCAG","SCP259","SCP259_N24",3.53582861927036,5.3493935075933,"2","#B7AE50"
"SCP_N24.EpiB.TGGCCAGGTTGATTCG","SCP259","SCP259_N24",2.30480483081822,3.12485267793479,"0","#ED90A4"
"SCP_N24.EpiB.TGGCGCAAGAGGGATA","SCP259","SCP259_N24",5.58151486423496,0.880049845331334,"0","#ED90A4"
"SCP_N24.EpiB.TGGCGCAGTCGCGGTT","SCP259","SCP259_N24",5.54349616077427,5.58521260892692,"2","#B7AE50"
"SCP_N24.EpiB.TGGCTGGGTACATCCA","SCP259","SCP259_N24",1.70773807075504,6.91730155622306,"2","#B7AE50"
"SCP_N24.EpiB.TGGCTGGGTATATGAG","SCP259","SCP259_N24",6.50601294544224,-0.00883112276253772,"0","#ED90A4"
"SCP_N24.EpiB.TGGCTGGGTGTTCTTT","SCP259","SCP259_N24",2.82790115383152,3.37677302038016,"0","#ED90A4"
"SCP_N24.EpiB.TGGGAAGCACCAGGCT","SCP259","SCP259_N24",3.18781235721592,2.56665148412528,"0","#ED90A4"
"SCP_N24.EpiB.TGGGAAGGTTTGGGCC","SCP259","SCP259_N24",6.05679228809361,0.827263912313604,"0","#ED90A4"
"SCP_N24.EpiB.TGGGAAGTCGGATGGA","SCP259","SCP259_N24",3.16149380710606,2.22577734863105,"0","#ED90A4"
"SCP_N24.EpiB.TGGGCGTGTCCATGAT","SCP259","SCP259_N24",5.02094605472569,3.13420488511863,"0","#ED90A4"
"SCP_N24.EpiB.TGGGCGTTCGCCAGCA","SCP259","SCP259_N24",3.46301391628269,5.59406175290885,"2","#B7AE50"
"SCP_N24.EpiB.TGGTTAGAGGCAAAGA","SCP259","SCP259_N24",4.47413495090489,2.23773755704703,"0","#ED90A4"
"SCP_N24.EpiB.TGGTTAGTCCGTAGGC","SCP259","SCP259_N24",6.24566605594639,-0.117262223607875,"0","#ED90A4"
"SCP_N24.EpiB.TGGTTCCGTACTTGAC","SCP259","SCP259_N24",4.73929694202427,0.268839260690831,"0","#ED90A4"
"SCP_N24.EpiB.TGTATTCGTGCATCTA","SCP259","SCP259_N24",3.20795920398716,1.35393319105449,"0","#ED90A4"
"SCP_N24.EpiB.TGTATTCTCTGGTGTA","SCP259","SCP259_N24",5.61648324039463,1.22113130068126,"0","#ED90A4"
"SCP_N24.EpiB.TGTCCCACACCAGATT","SCP259","SCP259_N24",1.36401322391514,3.53319682752433,"0","#ED90A4"
"SCP_N24.EpiB.TGTCCCAGTAAGTGTA","SCP259","SCP259_N24",3.70351365116123,0.450693449133062,"0","#ED90A4"
"SCP_N24.EpiB.TGTCCCATCAAGCCTA","SCP259","SCP259_N24",3.84518912342076,5.42194404279532,"2","#B7AE50"
"SCP_N24.EpiB.TGTCCCATCCCACTTG","SCP259","SCP259_N24",3.3730674078751,0.801654597871923,"0","#ED90A4"
"SCP_N24.EpiB.TGTCCCATCTGATACG","SCP259","SCP259_N24",3.10459473636631,1.12143068587127,"0","#ED90A4"
"SCP_N24.EpiB.TGTGGTACAACACCTA","SCP259","SCP259_N24",3.32511690166477,3.91672053014579,"0","#ED90A4"
"SCP_N24.EpiB.TGTGGTACAGGTCTCG","SCP259","SCP259_N24",3.96943643596653,0.932079216592931,"0","#ED90A4"
"SCP_N24.EpiB.TGTGGTAGTACCGGCT","SCP259","SCP259_N24",4.03170111682896,2.29533996259513,"0","#ED90A4"
"SCP_N24.EpiB.TGTGGTATCATTCACT","SCP259","SCP259_N24",1.55661705043797,7.53681268369498,"2","#B7AE50"
"SCP_N24.EpiB.TGTGTTTAGCGACGTA","SCP259","SCP259_N24",4.44059184101109,1.5505637285644,"0","#ED90A4"
"SCP_N24.EpiB.TGTGTTTAGTAGCGGT","SCP259","SCP259_N24",4.46041682270054,0.67027046357932,"0","#ED90A4"
"SCP_N24.EpiB.TGTTCCGCAATTCCTT","SCP259","SCP259_N24",3.63129308727268,1.22830851947608,"0","#ED90A4"
"SCP_N24.EpiB.TGTTCCGCATCCCACT","SCP259","SCP259_N24",3.43328383472447,6.28535117780509,"2","#B7AE50"
"SCP_N24.EpiB.TGTTCCGGTTAAGACA","SCP259","SCP259_N24",3.22911241558079,2.94652630960288,"0","#ED90A4"
"SCP_N24.EpiB.TGTTCCGTCATCACCC","SCP259","SCP259_N24",3.2630775263596,2.85267998849692,"0","#ED90A4"
"SCP_N24.EpiB.TTAACTCAGACCGGAT","SCP259","SCP259_N24",3.24301698711399,3.64433350240531,"0","#ED90A4"
"SCP_N24.EpiB.TTAACTCAGCCCGAAA","SCP259","SCP259_N24",4.08596423175816,0.748651405923986,"0","#ED90A4"
"SCP_N24.EpiB.TTAACTCGTCCCGACA","SCP259","SCP259_N24",1.11956629064564,5.79082574521842,"2","#B7AE50"
"SCP_N24.EpiB.TTAGGCAGTGAGGGAG","SCP259","SCP259_N24",2.99381115940098,0.936496665828847,"0","#ED90A4"
"SCP_N24.EpiB.TTAGGCATCTTTACAC","SCP259","SCP259_N24",3.67069676425938,3.89891709958854,"0","#ED90A4"
"SCP_N24.EpiB.TTAGTTCCATGGAATA","SCP259","SCP259_N24",4.76095583942417,0.442467829340123,"0","#ED90A4"
"SCP_N24.EpiB.TTAGTTCCATTATCTC","SCP259","SCP259_N24",1.01896205451969,6.3164242712194,"2","#B7AE50"
"SCP_N24.EpiB.TTATGCTAGACCTAGG","SCP259","SCP259_N24",3.47485187557224,2.59135105287375,"0","#ED90A4"
"SCP_N24.EpiB.TTATGCTAGGATGTAT","SCP259","SCP259_N24",4.02605369594578,5.40818109189811,"2","#B7AE50"
"SCP_N24.EpiB.TTATGCTGTAGCGCAA","SCP259","SCP259_N24",5.5707631399918,0.312936803453588,"0","#ED90A4"
"SCP_N24.EpiB.TTATGCTGTGACAAAT","SCP259","SCP259_N24",4.60866597202305,0.993500640743398,"0","#ED90A4"
"SCP_N24.EpiB.TTCCCAGGTTTACTCT","SCP259","SCP259_N24",2.03063574340824,4.7497099844152,"0","#ED90A4"
"SCP_N24.EpiB.TTCGAAGCATGGTAGG","SCP259","SCP259_N24",1.17530372646336,7.2772397009069,"2","#B7AE50"
"SCP_N24.EpiB.TTCGAAGTCAACTCTT","SCP259","SCP259_N24",1.53671899345402,7.57952155744376,"2","#B7AE50"
"SCP_N24.EpiB.TTCGGTCAGACCCACC","SCP259","SCP259_N24",6.23203232791905,0.928007563703679,"0","#ED90A4"
"SCP_N24.EpiB.TTCGGTCAGGGTGTTG","SCP259","SCP259_N24",2.59623220470432,3.28381015931907,"0","#ED90A4"
"SCP_N24.EpiB.TTCGGTCTCAGTCCCT","SCP259","SCP259_N24",5.53487971332554,0.713161429517888,"0","#ED90A4"
"SCP_N24.EpiB.TTCTACAAGGACACCA","SCP259","SCP259_N24",3.77922776248936,7.22115888273063,"2","#B7AE50"
"SCP_N24.EpiB.TTCTACATCGAGAGCA","SCP259","SCP259_N24",4.80863526371006,0.466727098577642,"0","#ED90A4"
"SCP_N24.EpiB.TTCTCAAGTGAAGGCT","SCP259","SCP259_N24",4.40857031848912,3.93462147390189,"2","#B7AE50"
"SCP_N24.EpiB.TTCTCAAGTTCTGAAC","SCP259","SCP259_N24",4.96794417407994,2.04874583160224,"0","#ED90A4"
"SCP_N24.EpiB.TTCTCAATCTTGAGGT","SCP259","SCP259_N24",1.9076977064896,4.82661809598746,"0","#ED90A4"
"SCP_N24.EpiB.TTCTCCTTCCTTTCTC","SCP259","SCP259_N24",1.33535399940495,7.67608251249137,"2","#B7AE50"
"SCP_N24.EpiB.TTCTCCTTCTTGTTTG","SCP259","SCP259_N24",2.94325855281834,5.66378345166984,"2","#B7AE50"
"SCP_N24.EpiB.TTCTTAGCAAAGCGGT","SCP259","SCP259_N24",5.46944859531407,0.995006581895971,"0","#ED90A4"
"SCP_N24.EpiB.TTCTTAGCATCGGAAG","SCP259","SCP259_N24",1.2135888626862,2.53888132249656,"0","#ED90A4"
"SCP_N24.EpiB.TTCTTAGGTTTCCACC","SCP259","SCP259_N24",2.15747454669956,6.32462682401481,"2","#B7AE50"
"SCP_N24.EpiB.TTCTTAGTCGAACTGT","SCP259","SCP259_N24",1.53361251857762,3.68283071195426,"0","#ED90A4"
"SCP_N24.EpiB.TTGAACGCATAGGATA","SCP259","SCP259_N24",5.92299511936192,0.434870978944921,"0","#ED90A4"
"SCP_N24.EpiB.TTGAACGCATCGGGTC","SCP259","SCP259_N24",1.23498347309117,7.62672176038566,"2","#B7AE50"
"SCP_N24.EpiB.TTGAACGGTGACAAAT","SCP259","SCP259_N24",3.865580110817,0.459542831533574,"0","#ED90A4"
"SCP_N24.EpiB.TTGAACGGTGATGATA","SCP259","SCP259_N24",3.10008194950108,0.960437020414495,"0","#ED90A4"
"SCP_N24.EpiB.TTGAACGTCTTTAGTC","SCP259","SCP259_N24",1.35906770732884,6.93110694562735,"2","#B7AE50"
"SCP_N24.EpiB.TTGACTTAGCGATTCT","SCP259","SCP259_N24",1.89831450489048,6.7621497121984,"2","#B7AE50"
"SCP_N24.EpiB.TTGACTTAGCTCCTCT","SCP259","SCP259_N24",0.917905121116678,5.93033351575675,"2","#B7AE50"
"SCP_N24.EpiB.TTGACTTAGTACATGA","SCP259","SCP259_N24",3.01024034526829,3.00348188554587,"0","#ED90A4"
"SCP_N24.EpiB.TTGACTTGTACATCCA","SCP259","SCP259_N24",1.40777197387699,7.50504245435538,"2","#B7AE50"
"SCP_N24.EpiB.TTGACTTGTCGGGTCT","SCP259","SCP259_N24",4.53391173389439,1.8951766697103,"0","#ED90A4"
"SCP_N24.EpiB.TTGACTTGTGCTAGCC","SCP259","SCP259_N24",4.93629267719273,2.53365673696341,"0","#ED90A4"
"SCP_N24.EpiB.TTGCGTCAGAATAGGG","SCP259","SCP259_N24",3.55188491847996,1.00807457243743,"0","#ED90A4"
"SCP_N24.EpiB.TTGCGTCAGAGCTATA","SCP259","SCP259_N24",3.27489450481419,6.89472331678214,"2","#B7AE50"
"SCP_N24.EpiB.TTGCGTCAGATGCCAG","SCP259","SCP259_N24",2.93984082248692,2.0619030204946,"0","#ED90A4"
"SCP_N24.EpiB.TTGCGTCAGCTGCGAA","SCP259","SCP259_N24",3.30030730274204,5.4228638616735,"2","#B7AE50"
"SCP_N24.EpiB.TTGCGTCTCGGCGCTA","SCP259","SCP259_N24",1.96443751361851,6.69340552961173,"2","#B7AE50"
"SCP_N24.EpiB.TTGGAACCAAGTTGTC","SCP259","SCP259_N24",2.45835211780552,5.10392226850333,"0","#ED90A4"
"SCP_N24.EpiB.TTGGAACCAGGACGTA","SCP259","SCP259_N24",4.34260514286045,1.88817079936805,"0","#ED90A4"
"SCP_N24.EpiB.TTGGAACTCAACGCTA","SCP259","SCP259_N24",1.24980965164189,7.51611699735465,"2","#B7AE50"
"SCP_N24.EpiB.TTGGAACTCGCATGGC","SCP259","SCP259_N24",2.35024860408787,3.03569724237266,"0","#ED90A4"
"SCP_N24.EpiB.TTGGCAACAAAGGTGC","SCP259","SCP259_N24",5.08879426029209,0.881801447027349,"0","#ED90A4"
"SCP_N24.EpiB.TTGGCAAGTAGCAAAT","SCP259","SCP259_N24",4.67334416416172,4.49079956685843,"2","#B7AE50"
"SCP_N24.EpiB.TTGGCAATCATGGTCA","SCP259","SCP259_N24",3.24077585247044,1.67440154229941,"0","#ED90A4"
"SCP_N24.EpiB.TTGTAGGAGCTGCAAG","SCP259","SCP259_N24",5.68588259723667,0.942338040226125,"0","#ED90A4"
"SCP_N24.EpiB.TTGTAGGAGGTGTGGT","SCP259","SCP259_N24",5.0154218962479,2.22281171953025,"0","#ED90A4"
"SCP_N24.EpiB.TTGTAGGCATGCCCGA","SCP259","SCP259_N24",5.78614857700352,0.744525274389409,"0","#ED90A4"
"SCP_N24.EpiB.TTTACTGAGAGTGACC","SCP259","SCP259_N24",2.72265937831883,0.517923316114568,"0","#ED90A4"
"SCP_N24.EpiB.TTTACTGCAGACACTT","SCP259","SCP259_N24",5.46731951740269,-0.502647736913539,"0","#ED90A4"
"SCP_N24.EpiB.TTTATGCAGTAATCCC","SCP259","SCP259_N24",4.60606577899937,0.232822438829564,"0","#ED90A4"
"SCP_N24.EpiB.TTTATGCCAATTCCTT","SCP259","SCP259_N24",3.71414092090611,2.57669725095572,"0","#ED90A4"
"SCP_N24.EpiB.TTTATGCGTGCGGTAA","SCP259","SCP259_N24",4.2668605139542,1.55244324182811,"0","#ED90A4"
"SCP_N24.EpiB.TTTATGCGTTAGATGA","SCP259","SCP259_N24",4.27058938053135,4.41586508428397,"0","#ED90A4"
"SCP_N24.EpiB.TTTGCGCCACGGCCAT","SCP259","SCP259_N24",2.43147948291783,1.52635055606904,"0","#ED90A4"
"SCP_N24.EpiB.TTTGGTTAGTGACATA","SCP259","SCP259_N24",1.7609738400269,6.86272134458365,"2","#B7AE50"
"SCP_N24.EpiB.TTTGGTTCACACTGCG","SCP259","SCP259_N24",4.44984486606602,1.47116397147717,"0","#ED90A4"
"SCP_N24.EpiB.TTTGGTTGTCGTTGTA","SCP259","SCP259_N24",5.69649794605259,0.468421718233251,"0","#ED90A4"
"SCP_N24.EpiB.TTTGGTTGTGCAGGTA","SCP259","SCP259_N24",3.73153975513462,7.3755907026464,"2","#B7AE50"
"SCP_N24.EpiB.TTTGGTTGTGCGAAAC","SCP259","SCP259_N24",5.6951904585648,5.83356990491691,"2","#B7AE50"
"SCP_N24.EpiB.TTTGGTTGTTGACGTT","SCP259","SCP259_N24",3.49445608165745,2.53977396165671,"0","#ED90A4"
"SCP_N24.EpiB.TTTGGTTTCCGCGTTT","SCP259","SCP259_N24",0.930243282585184,3.14469542180839,"0","#ED90A4"
"SCP_N24.EpiB.TTTGTCAAGAGGTACC","SCP259","SCP259_N24",5.50079443958287,0.753777941816472,"0","#ED90A4"
"SCP_N24.EpiB.TTTGTCACACGCTTTC","SCP259","SCP259_N24",4.94050171878819,2.12306084310355,"0","#ED90A4"
"SCP_N24.EpiB.TTTGTCATCAAACCGT","SCP259","SCP259_N24",5.7930007269669,0.187739154451513,"0","#ED90A4"
"SCP_N24.EpiB.TTTGTCATCGTAGATC","SCP259","SCP259_N24",6.5648718169022,-0.134130695707179,"0","#ED90A4"
"SCP_N24.EpiB.TTTGTCATCTTCCTTC","SCP259","SCP259_N24",1.37432661560063,7.34438695585074,"2","#B7AE50"
"SCP_N24.LPA.AAACGGGAGATACACA","SCP259","SCP259_N24",4.46422055271153,-1.19946489656625,"3","#7EBA68"
"SCP_N24.LPA.AAATGCCCACCACGTG","SCP259","SCP259_N24",6.64430335071568,5.92702474271598,"2","#B7AE50"
"SCP_N24.LPA.AACGTTGAGGATATAC","SCP259","SCP259_N24",4.2297888090897,-0.180644133931971,"0","#ED90A4"
"SCP_N24.LPA.AACTCAGGTGTAATGA","SCP259","SCP259_N24",3.30124047306065,4.71348561918082,"0","#ED90A4"
"SCP_N24.LPA.AAGACCTAGTTAGGTA","SCP259","SCP259_N24",4.37730267551426,-0.488142350561,"2","#B7AE50"
"SCP_N24.LPA.AAGCCGCCATGGGAAC","SCP259","SCP259_N24",4.24556448963169,-0.824201444036341,"0","#ED90A4"
"SCP_N24.LPA.ACATACGCATGAGCGA","SCP259","SCP259_N24",3.63025715854649,2.53893174802604,"0","#ED90A4"
"SCP_N24.LPA.ACCTTTAAGTCAATAG","SCP259","SCP259_N24",3.6315758517075,-0.0259911807840831,"0","#ED90A4"
"SCP_N24.LPA.ACGATACAGCTAGGCA","SCP259","SCP259_N24",2.9587173750687,4.76310481702628,"0","#ED90A4"
"SCP_N24.LPA.ACTGATGAGTATGACA","SCP259","SCP259_N24",4.21303847339634,-0.100040057546473,"0","#ED90A4"
"SCP_N24.LPA.AGAGTGGGTGACCAAG","SCP259","SCP259_N24",4.82610991504673,4.20500220929923,"2","#B7AE50"
"SCP_N24.LPA.AGCGGTCTCGCTAGCG","SCP259","SCP259_N24",2.99469497707371,0.766599854581975,"0","#ED90A4"
"SCP_N24.LPA.AGCGTATTCTATGTGG","SCP259","SCP259_N24",4.13322332408909,-0.335199573881007,"0","#ED90A4"
"SCP_N24.LPA.AGCTCCTTCTGCGGCA","SCP259","SCP259_N24",3.48902991321568,5.7064684835607,"2","#B7AE50"
"SCP_N24.LPA.ATTGGTGCATTGGGCC","SCP259","SCP259_N24",4.59309771564488,-0.252573707944728,"0","#ED90A4"
"SCP_N24.LPA.CACACTCCATATACCG","SCP259","SCP259_N24",3.8908360293198,3.56565799390616,"0","#ED90A4"
"SCP_N24.LPA.CACCAGGCAAATTGCC","SCP259","SCP259_N24",5.83613684680943,1.90818305885138,"0","#ED90A4"
"SCP_N24.LPA.CATGCCTGTCCTAGCG","SCP259","SCP259_N24",5.09382203128819,4.20519556676688,"0","#ED90A4"
"SCP_N24.LPA.CATTATCAGCACGCCT","SCP259","SCP259_N24",1.23084393051151,3.72176017438712,"0","#ED90A4"
"SCP_N24.LPA.CCGGGATAGCTGTCTA","SCP259","SCP259_N24",3.26381853130345,7.58493413602652,"2","#B7AE50"
"SCP_N24.LPA.CGATGGCAGTACGTTC","SCP259","SCP259_N24",3.45788076427464,4.19412364637198,"0","#ED90A4"
"SCP_N24.LPA.CGGAGCTCAAGAAGAG","SCP259","SCP259_N24",4.85845473316197,2.98213102495017,"0","#ED90A4"
"SCP_N24.LPA.CGGTTAAAGTGGGATC","SCP259","SCP259_N24",4.38054278400425,-0.344926336652613,"0","#ED90A4"
"SCP_N24.LPA.CGTAGCGGTCGCGAAA","SCP259","SCP259_N24",3.29037263896946,4.50095405256095,"0","#ED90A4"
"SCP_N24.LPA.CTAACTTGTCTCTTTA","SCP259","SCP259_N24",4.70891192462925,1.7937621978456,"0","#ED90A4"
"SCP_N24.LPA.GAACCTATCCATGCTC","SCP259","SCP259_N24",3.92828515079502,5.36359848653617,"2","#B7AE50"
"SCP_N24.LPA.GACGCGTGTGAGTGAC","SCP259","SCP259_N24",4.16744211223606,0.492354592435979,"0","#ED90A4"
"SCP_N24.LPA.GACGCGTTCAACGGGA","SCP259","SCP259_N24",2.43098333385472,6.21141376172843,"2","#B7AE50"
"SCP_N24.LPA.GAGGTGATCACCTTAT","SCP259","SCP259_N24",5.15533926990513,2.41732647096457,"0","#ED90A4"
"SCP_N24.LPA.GCACTCTCACGTGAGA","SCP259","SCP259_N24",3.35001543071751,-0.440195897466517,"0","#ED90A4"
"SCP_N24.LPA.GCAGCCAAGGAATTAC","SCP259","SCP259_N24",0.907363920478861,2.96057250177207,"0","#ED90A4"
"SCP_N24.LPA.GCATGCGGTCTCACCT","SCP259","SCP259_N24",4.16911271121983,-0.0142736228769786,"0","#ED90A4"
"SCP_N24.LPA.GCCAAATCACCCATTC","SCP259","SCP259_N24",2.68127825763706,7.12609615003409,"2","#B7AE50"
"SCP_N24.LPA.GCCAAATCAGTCCTTC","SCP259","SCP259_N24",2.89789488819126,6.69727029477897,"2","#B7AE50"
"SCP_N24.LPA.GGACGTCTCTGCGGCA","SCP259","SCP259_N24",2.51223829296116,2.15606816684546,"0","#ED90A4"
"SCP_N24.LPA.GGCTGGTAGACAGACC","SCP259","SCP259_N24",5.03359177616123,0.586127122991704,"0","#ED90A4"
"SCP_N24.LPA.GGGAGATTCGCTTGTC","SCP259","SCP259_N24",6.26672699954991,0.315574666612767,"0","#ED90A4"
"SCP_N24.LPA.GTAGTCACATGTCGAT","SCP259","SCP259_N24",4.47727301624302,-1.11295662248788,"0","#ED90A4"
"SCP_N24.LPA.GTCTCGTAGTGGGATC","SCP259","SCP259_N24",5.25443938282017,-0.137873867399073,"0","#ED90A4"
"SCP_N24.LPA.GTCTTCGCAGTAAGCG","SCP259","SCP259_N24",2.02898552921299,2.92131819402518,"0","#ED90A4"
"SCP_N24.LPA.GTGGGTCCAGCTCGAC","SCP259","SCP259_N24",1.07006361988072,2.46337308561149,"0","#ED90A4"
"SCP_N24.LPA.GTTACAGGTAAATGAC","SCP259","SCP259_N24",3.6528730681229,2.62376107847037,"0","#ED90A4"
"SCP_N24.LPA.GTTCTCGGTACCCAAT","SCP259","SCP259_N24",4.30679038074497,-0.185643652326442,"0","#ED90A4"
"SCP_N24.LPA.TAAGAGATCGCATGAT","SCP259","SCP259_N24",6.17974999454502,5.56563844358268,"2","#B7AE50"
"SCP_N24.LPA.TACGGTATCCAGATCA","SCP259","SCP259_N24",3.76285770442967,4.61769427930655,"0","#ED90A4"
"SCP_N24.LPA.TAGACCATCACAGTAC","SCP259","SCP259_N24",3.83391287830357,3.84296455060782,"0","#ED90A4"
"SCP_N24.LPA.TCAGGATCACGTCAGC","SCP259","SCP259_N24",6.12205794361119,5.53763951932731,"2","#B7AE50"
"SCP_N24.LPA.TCGCGAGTCTGTCTCG","SCP259","SCP259_N24",4.30223515537266,-1.14180479372201,"0","#ED90A4"
"SCP_N24.LPA.TGACTAGAGAGACTTA","SCP259","SCP259_N24",2.34975793865208,1.53055972432437,"0","#ED90A4"
"SCP_N24.LPA.TGAGAGGAGAAGGGTA","SCP259","SCP259_N24",4.31317856815342,0.344968697183751,"0","#ED90A4"
"SCP_N24.LPA.TGAGCCGCATCCCACT","SCP259","SCP259_N24",1.99479487445835,8.22341670667472,"2","#B7AE50"
"SCP_N24.LPA.TGTGTTTTCTGAGGGA","SCP259","SCP259_N24",3.92105415370945,-0.67146263445077,"0","#ED90A4"
"SCP_N24.LPA.TTAGGACGTGTCGCTG","SCP259","SCP259_N24",4.09776022937779,-1.02882919634042,"0","#ED90A4"
"SCP_N24.LPA.TTATGCTGTGTGACCC","SCP259","SCP259_N24",6.03676846530918,0.781011482828283,"0","#ED90A4"
"SCP_N24.LPA.TTATGCTTCGGATGTT","SCP259","SCP259_N24",4.33114960697178,0.00190868055167126,"0","#ED90A4"
"SCP_N24.LPA.TTCTCCTGTTTAAGCC","SCP259","SCP259_N24",4.82656291034703,-0.15776429498849,"0","#ED90A4"
"SCP_N24.LPA.TTTGGTTTCAGTGCAT","SCP259","SCP259_N24",4.39091876056675,0.0194001403981678,"0","#ED90A4"
"SCP_N24.LPB.AAACCTGCACTAGTAC","SCP259","SCP259_N24",2.90790131595616,6.41766681348624,"2","#B7AE50"
"SCP_N24.LPB.AAACCTGTCCAAACAC","SCP259","SCP259_N24",4.01676514652256,-0.498125651723719,"0","#ED90A4"
"SCP_N24.LPB.AAATGCCTCTTGTTTG","SCP259","SCP259_N24",4.14820697811131,-0.24961433733163,"0","#ED90A4"
"SCP_N24.LPB.AACACGTGTGCAGACA","SCP259","SCP259_N24",1.5109269907761,6.83659162198844,"2","#B7AE50"
"SCP_N24.LPB.AACCGCGCATCACGAT","SCP259","SCP259_N24",2.63634207752232,0.294541617983007,"0","#ED90A4"
"SCP_N24.LPB.AACTTTCCAATCACAC","SCP259","SCP259_N24",2.29020622280125,0.418329378717565,"0","#ED90A4"
"SCP_N24.LPB.AACTTTCTCCGCGGTA","SCP259","SCP259_N24",2.88091519382481,0.190095087640905,"0","#ED90A4"
"SCP_N24.LPB.AAGGTTCCACCAGGCT","SCP259","SCP259_N24",4.66712954547886,-0.623298266774989,"0","#ED90A4"
"SCP_N24.LPB.AAGTCTGTCATTCACT","SCP259","SCP259_N24",3.18410685565952,5.35162868177237,"2","#B7AE50"
"SCP_N24.LPB.AATCGGTCAGTAAGCG","SCP259","SCP259_N24",4.54784348514561,-1.27612552965341,"0","#ED90A4"
"SCP_N24.LPB.ACACCAACAATAGCAA","SCP259","SCP259_N24",2.79043534305577,-0.0173841508692272,"0","#ED90A4"
"SCP_N24.LPB.ACACCAAGTATCAGTC","SCP259","SCP259_N24",4.39536145236973,-0.326599219686366,"0","#ED90A4"
"SCP_N24.LPB.ACACCGGAGAATCTCC","SCP259","SCP259_N24",4.33749011066441,-0.753193477041102,"0","#ED90A4"
"SCP_N24.LPB.ACACCGGTCACGGTTA","SCP259","SCP259_N24",4.47602036502842,-0.989339211828089,"0","#ED90A4"
"SCP_N24.LPB.ACAGCCGAGTTAGCGG","SCP259","SCP259_N24",4.60872319248204,-1.16100654924569,"0","#ED90A4"
"SCP_N24.LPB.ACAGCTACATCTATGG","SCP259","SCP259_N24",5.00313284900669,3.33971872007193,"0","#ED90A4"
"SCP_N24.LPB.ACGATACCAGCTGTAT","SCP259","SCP259_N24",5.19536021259312,-0.385777810460902,"0","#ED90A4"
"SCP_N24.LPB.ACGCCAGCAGGAACGT","SCP259","SCP259_N24",4.52986195590977,-1.2071102651423,"0","#ED90A4"
"SCP_N24.LPB.ACGGAGAAGAAAGTGG","SCP259","SCP259_N24",1.22671356704716,7.1186326948339,"2","#B7AE50"
"SCP_N24.LPB.ACTGAACCAAGCGATG","SCP259","SCP259_N24",4.6418285658646,-0.548658827192164,"0","#ED90A4"
"SCP_N24.LPB.ACTGAACTCTCGGACG","SCP259","SCP259_N24",4.26645520236973,-1.03851304376779,"0","#ED90A4"
"SCP_N24.LPB.ACTGTCCCAGGACCCT","SCP259","SCP259_N24",1.84232941177372,6.49551143323722,"2","#B7AE50"
"SCP_N24.LPB.ACTTTCAAGCGCCTTG","SCP259","SCP259_N24",1.16801348236088,6.69404067670646,"2","#B7AE50"
"SCP_N24.LPB.ACTTTCACAAACGCGA","SCP259","SCP259_N24",2.58879020717625,6.0494712797338,"2","#B7AE50"
"SCP_N24.LPB.AGAGCGATCCACGTTC","SCP259","SCP259_N24",4.27822735813145,-1.26302800501046,"0","#ED90A4"
"SCP_N24.LPB.AGAGCTTCACGCGAAA","SCP259","SCP259_N24",4.23373463657383,2.50337865030112,"0","#ED90A4"
"SCP_N24.LPB.AGATTGCCAATCAGAA","SCP259","SCP259_N24",2.25843170192723,0.37087716733756,"0","#ED90A4"
"SCP_N24.LPB.AGCAGCCCAATAGCGG","SCP259","SCP259_N24",4.41015484836582,-0.914132693654872,"0","#ED90A4"
"SCP_N24.LPB.AGCCTAACACTTCGAA","SCP259","SCP259_N24",4.16261294391636,-0.992716887838221,"0","#ED90A4"
"SCP_N24.LPB.AGCCTAAGTCAGAGGT","SCP259","SCP259_N24",4.01216199901585,-0.723209718114711,"0","#ED90A4"
"SCP_N24.LPB.AGCGGTCAGTGATCGG","SCP259","SCP259_N24",3.71649435070042,-0.906802991277552,"0","#ED90A4"
"SCP_N24.LPB.AGCTCCTTCCATGAAC","SCP259","SCP259_N24",4.61116078403477,-1.24609694803414,"0","#ED90A4"
"SCP_N24.LPB.AGCTTGAGTATATGGA","SCP259","SCP259_N24",4.43936636951451,-1.06992063844857,"0","#ED90A4"
"SCP_N24.LPB.AGGCCACGTCCGAACC","SCP259","SCP259_N24",4.34237006214146,-1.25931129778085,"0","#ED90A4"
"SCP_N24.LPB.AGGCCGTGTTAGGGTG","SCP259","SCP259_N24",4.51248791721348,-0.409018257505275,"0","#ED90A4"
"SCP_N24.LPB.AGGGAGTAGTGTCCAT","SCP259","SCP259_N24",1.31748452690129,6.4784697500402,"2","#B7AE50"
"SCP_N24.LPB.AGGTCATCAAGTCTGT","SCP259","SCP259_N24",4.59647133853916,-1.27575669611154,"0","#ED90A4"
"SCP_N24.LPB.AGTCTTTAGCAGGTCA","SCP259","SCP259_N24",4.60863497760777,-1.08770547235665,"0","#ED90A4"
"SCP_N24.LPB.AGTCTTTAGCTGCAAG","SCP259","SCP259_N24",3.63832858112339,-0.0751808675592907,"0","#ED90A4"
"SCP_N24.LPB.AGTTGGTCATCCAACA","SCP259","SCP259_N24",3.6262743761826,-0.842724183446742,"0","#ED90A4"
"SCP_N24.LPB.ATAACGCAGCGCCTCA","SCP259","SCP259_N24",3.50425842311863,-0.153464892751551,"0","#ED90A4"
"SCP_N24.LPB.ATCATGGGTGCACTTA","SCP259","SCP259_N24",2.19462981727604,0.746577581518316,"0","#ED90A4"
"SCP_N24.LPB.ATCCGAATCGTTACAG","SCP259","SCP259_N24",3.29756310489659,0.428396901243352,"0","#ED90A4"
"SCP_N24.LPB.ATCTACTCAGGTGGAT","SCP259","SCP259_N24",4.60748770740513,-0.994934895879603,"0","#ED90A4"
"SCP_N24.LPB.ATCTACTTCATCTGTT","SCP259","SCP259_N24",1.66781213787083,6.57831086789908,"2","#B7AE50"
"SCP_N24.LPB.ATCTGCCAGAAGGGTA","SCP259","SCP259_N24",0.457249089150469,3.67660417234244,"0","#ED90A4"
"SCP_N24.LPB.ATGAGGGCACATCCGG","SCP259","SCP259_N24",3.77914526966099,-0.95328317011056,"0","#ED90A4"
"SCP_N24.LPB.ATGAGGGGTATGCTTG","SCP259","SCP259_N24",5.11475661304478,3.55794443761649,"0","#ED90A4"
"SCP_N24.LPB.ATGTGTGTCCTAGAAC","SCP259","SCP259_N24",2.06072297599796,0.169386645906591,"0","#ED90A4"
"SCP_N24.LPB.ATTACTCAGCAGATCG","SCP259","SCP259_N24",3.28720238712315,0.958846530073308,"0","#ED90A4"
"SCP_N24.LPB.ATTATCCAGTCCATAC","SCP259","SCP259_N24",2.88439515140537,-0.0103689225977428,"0","#ED90A4"
"SCP_N24.LPB.ATTCTACTCATCGATG","SCP259","SCP259_N24",2.46453907993321,0.412185093515538,"0","#ED90A4"
"SCP_N24.LPB.ATTGGTGGTAAGGGAA","SCP259","SCP259_N24",4.44640210178379,-0.500497439748622,"0","#ED90A4"
"SCP_N24.LPB.ATTTCTGCAGCGTTCG","SCP259","SCP259_N24",1.72701254394535,7.24273051893058,"2","#B7AE50"
"SCP_N24.LPB.CAACTAGAGTAACCCT","SCP259","SCP259_N24",0.460712893872301,3.81904449140372,"0","#ED90A4"
"SCP_N24.LPB.CAAGGCCAGATGGGTC","SCP259","SCP259_N24",3.35770276096348,-0.204098442441798,"0","#ED90A4"
"SCP_N24.LPB.CAAGGCCAGTACGCCC","SCP259","SCP259_N24",5.49892666843418,2.39693679487052,"0","#ED90A4"
"SCP_N24.LPB.CACAAACCAGGTCCAC","SCP259","SCP259_N24",4.31285717990879,-0.542080262548304,"0","#ED90A4"
"SCP_N24.LPB.CACAAACTCCAAATGC","SCP259","SCP259_N24",0.370228811173479,4.04036917363944,"0","#ED90A4"
"SCP_N24.LPB.CACAGTAGTTGTGGAG","SCP259","SCP259_N24",3.75556209590916,0.657287677877568,"0","#ED90A4"
"SCP_N24.LPB.CACCAGGCACAGGCCT","SCP259","SCP259_N24",2.41289380100254,6.88340987836661,"2","#B7AE50"
"SCP_N24.LPB.CACCTTGGTCTTCTCG","SCP259","SCP259_N24",6.2266092589188,0.176983615511083,"0","#ED90A4"
"SCP_N24.LPB.CAGCATAAGTGCGATG","SCP259","SCP259_N24",3.97894027736668,-0.194071629888392,"0","#ED90A4"
"SCP_N24.LPB.CAGCATATCACCCGAG","SCP259","SCP259_N24",4.09342291858677,-1.13896832788644,"0","#ED90A4"
"SCP_N24.LPB.CAGCCGATCCTCTAGC","SCP259","SCP259_N24",2.80219390895848,2.72604860936942,"0","#ED90A4"
"SCP_N24.LPB.CAGCTGGCATGTCTCC","SCP259","SCP259_N24",3.02292016056065,-0.118460634595729,"0","#ED90A4"
"SCP_N24.LPB.CAGTAACAGCGTGAAC","SCP259","SCP259_N24",5.04173472431187,2.35274388467612,"0","#ED90A4"
"SCP_N24.LPB.CAGTAACCAGACAGGT","SCP259","SCP259_N24",4.513209848671,-0.166058519727565,"0","#ED90A4"
"SCP_N24.LPB.CAGTAACTCAAGAAGT","SCP259","SCP259_N24",2.50924232509617,6.25909509336295,"2","#B7AE50"
"SCP_N24.LPB.CAGTCCTAGTGAATTG","SCP259","SCP259_N24",1.86758842971806,7.114720722788,"2","#B7AE50"
"SCP_N24.LPB.CATATGGGTTTGACTG","SCP259","SCP259_N24",4.61028626468662,-0.763122657186366,"0","#ED90A4"
"SCP_N24.LPB.CATCAGAAGACAAAGG","SCP259","SCP259_N24",4.42927601840977,-1.21007309282479,"0","#ED90A4"
"SCP_N24.LPB.CATCCACAGTAACCCT","SCP259","SCP259_N24",1.06020507123951,3.03695215856376,"0","#ED90A4"
"SCP_N24.LPB.CATCGAAAGGATGCGT","SCP259","SCP259_N24",2.07579925563816,1.23212709104361,"0","#ED90A4"
"SCP_N24.LPB.CATGACATCCTGTACC","SCP259","SCP259_N24",0.710702209739725,3.40514602338614,"0","#ED90A4"
"SCP_N24.LPB.CATGCCTGTCTCGTTC","SCP259","SCP259_N24",1.95317628887181,6.57991113340201,"2","#B7AE50"
"SCP_N24.LPB.CATTCGCGTCGCATCG","SCP259","SCP259_N24",4.64934208896641,-0.940169194585658,"0","#ED90A4"
"SCP_N24.LPB.CCACCTAAGTGTCTCA","SCP259","SCP259_N24",4.58516886737828,-0.76941070879159,"0","#ED90A4"
"SCP_N24.LPB.CCACGGACACTGTCGG","SCP259","SCP259_N24",3.61131408718113,-0.159994462377406,"0","#ED90A4"
"SCP_N24.LPB.CCAGCGATCGAGAGCA","SCP259","SCP259_N24",2.89961460140232,-0.378544667608119,"0","#ED90A4"
"SCP_N24.LPB.CCATGTCGTTTGTTTC","SCP259","SCP259_N24",2.9421375086594,0.157330175989293,"0","#ED90A4"
"SCP_N24.LPB.CCATGTCTCTTGGGTA","SCP259","SCP259_N24",4.72272065189366,3.26785125409903,"2","#B7AE50"
"SCP_N24.LPB.CCATTCGCAAACCTAC","SCP259","SCP259_N24",2.23642638233189,1.49285974925103,"0","#ED90A4"
"SCP_N24.LPB.CCATTCGTCCCAACGG","SCP259","SCP259_N24",2.8843138506699,1.11887224590125,"0","#ED90A4"
"SCP_N24.LPB.CCATTCGTCTCCTATA","SCP259","SCP259_N24",3.89593747165684,0.619350215547704,"0","#ED90A4"
"SCP_N24.LPB.CCCAATCGTTAAGAAC","SCP259","SCP259_N24",2.3438549330521,5.41267099057975,"2","#B7AE50"
"SCP_N24.LPB.CCCAATCTCTGCTGTC","SCP259","SCP259_N24",3.70012214687351,-0.0691067966288097,"0","#ED90A4"
"SCP_N24.LPB.CCCTCCTCAAGCCATT","SCP259","SCP259_N24",6.61554577854161,5.8841413465673,"2","#B7AE50"
"SCP_N24.LPB.CCGTACTTCCAAGTAC","SCP259","SCP259_N24",3.58822777774815,0.0766910520726674,"0","#ED90A4"
"SCP_N24.LPB.CCGTGGAGTACGAAAT","SCP259","SCP259_N24",4.08678367641453,-0.687685588247157,"0","#ED90A4"
"SCP_N24.LPB.CCTAAAGAGATGTCGG","SCP259","SCP259_N24",4.22886660602574,-0.359275558835841,"0","#ED90A4"
"SCP_N24.LPB.CCTAAAGTCAAGAAGT","SCP259","SCP259_N24",0.70139583852772,2.97865512048545,"0","#ED90A4"
"SCP_N24.LPB.CCTACACTCCTTCAAT","SCP259","SCP259_N24",4.56260016468052,-1.29939279878793,"0","#ED90A4"
"SCP_N24.LPB.CCTACCAGTACGCACC","SCP259","SCP259_N24",1.17707940843586,5.98828687345328,"2","#B7AE50"
"SCP_N24.LPB.CCTATTAAGTGGGATC","SCP259","SCP259_N24",3.9864445021439,-0.390225270635463,"0","#ED90A4"
"SCP_N24.LPB.CCTTACGTCCATTCTA","SCP259","SCP259_N24",0.28413155954961,4.12048067724051,"0","#ED90A4"
"SCP_N24.LPB.CCTTCGAAGGAATCGC","SCP259","SCP259_N24",3.1452625086594,0.496467968576574,"0","#ED90A4"
"SCP_N24.LPB.CGAACATCAAGCTGTT","SCP259","SCP259_N24",4.40288594272618,-0.476272920019007,"0","#ED90A4"
"SCP_N24.LPB.CGAATGTGTAGAAGGA","SCP259","SCP259_N24",4.06520321872715,-0.597035983449794,"0","#ED90A4"
"SCP_N24.LPB.CGAATGTTCCACGCAG","SCP259","SCP259_N24",3.84733250644688,-0.0692363771265514,"0","#ED90A4"
"SCP_N24.LPB.CGAATGTTCCCACTTG","SCP259","SCP259_N24",0.406760036020319,4.08688892995658,"0","#ED90A4"
"SCP_N24.LPB.CGACCTTCAGCGTTCG","SCP259","SCP259_N24",1.28870585468296,6.94896449720206,"2","#B7AE50"
"SCP_N24.LPB.CGATCGGGTAAGGGCT","SCP259","SCP259_N24",4.54958918598179,-1.29284367883859,"0","#ED90A4"
"SCP_N24.LPB.CGATCGGTCATGCAAC","SCP259","SCP259_N24",2.28661587741856,0.746397635095739,"0","#ED90A4"
"SCP_N24.LPB.CGATGGCAGTGACTCT","SCP259","SCP259_N24",4.14662030246739,-0.52968583429513,"0","#ED90A4"
"SCP_N24.LPB.CGATGTATCTCACATT","SCP259","SCP259_N24",3.88657191303257,-0.721492389089442,"0","#ED90A4"
"SCP_N24.LPB.CGATTGATCCGCATAA","SCP259","SCP259_N24",4.00913241413121,-1.17563138330636,"0","#ED90A4"
"SCP_N24.LPB.CGCCAAGTCTTGAGAC","SCP259","SCP259_N24",4.40782216098789,-0.795581916219569,"0","#ED90A4"
"SCP_N24.LPB.CGCGGTACATGCCTAA","SCP259","SCP259_N24",5.56444075611119,1.84627648269477,"0","#ED90A4"
"SCP_N24.LPB.CGCGTTTAGGAGCGAG","SCP259","SCP259_N24",4.08663704898838,-0.954768756276942,"0","#ED90A4"
"SCP_N24.LPB.CGCGTTTGTAATAGCA","SCP259","SCP259_N24",4.54001048114781,-0.331344345456935,"0","#ED90A4"
"SCP_N24.LPB.CGCGTTTGTGTGGCTC","SCP259","SCP259_N24",1.9336474230576,6.35361518537345,"2","#B7AE50"
"SCP_N24.LPB.CGCTATCTCGTGGGAA","SCP259","SCP259_N24",4.88184884098057,3.69877066289725,"0","#ED90A4"
"SCP_N24.LPB.CGGACACAGTGAAGTT","SCP259","SCP259_N24",2.72127678897862,6.26139154111686,"2","#B7AE50"
"SCP_N24.LPB.CGGACACGTGACCAAG","SCP259","SCP259_N24",2.65136125591282,2.42012788926902,"0","#ED90A4"
"SCP_N24.LPB.CGGACACTCCAAATGC","SCP259","SCP259_N24",3.9194164564896,-0.106196382886744,"0","#ED90A4"
"SCP_N24.LPB.CGGACGTCAGTAGAGC","SCP259","SCP259_N24",4.641956358223,-0.904574015981532,"0","#ED90A4"
"SCP_N24.LPB.CGGACGTCATCTCGCT","SCP259","SCP259_N24",0.611075728206675,3.80088891660514,"0","#ED90A4"
"SCP_N24.LPB.CGGCTAGCAATCTGCA","SCP259","SCP259_N24",2.55197217967991,0.181195041292333,"0","#ED90A4"
"SCP_N24.LPB.CGGGTCAAGTGCCATT","SCP259","SCP259_N24",2.49050691631321,5.18084706937613,"2","#B7AE50"
"SCP_N24.LPB.CGGGTCATCATAGCAC","SCP259","SCP259_N24",2.30281594303135,5.03155293142142,"2","#B7AE50"
"SCP_N24.LPB.CGGTTAAGTTACAGAA","SCP259","SCP259_N24",2.57103755977635,1.11848392164054,"0","#ED90A4"
"SCP_N24.LPB.CGTAGCGAGGTAGCCA","SCP259","SCP259_N24",5.2958231261063,0.919777533167028,"0","#ED90A4"
"SCP_N24.LPB.CGTCAGGAGGTTCCTA","SCP259","SCP259_N24",1.01747879293446,2.92023708497825,"0","#ED90A4"
"SCP_N24.LPB.CGTCCATGTCTTGCGG","SCP259","SCP259_N24",2.71714046504978,1.03791665112319,"0","#ED90A4"
"SCP_N24.LPB.CGTCCATTCTCACATT","SCP259","SCP259_N24",4.12224200275425,-0.279749253637172,"0","#ED90A4"
"SCP_N24.LPB.CGTGTAAAGAAAGTGG","SCP259","SCP259_N24",4.47549250629429,-0.588029244787074,"0","#ED90A4"
"SCP_N24.LPB.CGTTCTGCAATTCCTT","SCP259","SCP259_N24",0.579536824493448,3.83785404836478,"0","#ED90A4"
"SCP_N24.LPB.CGTTCTGCACAGATTC","SCP259","SCP259_N24",0.9992898395348,-0.972462275869227,"1","#DC9E70"
"SCP_N24.LPB.CGTTCTGCAGCTGTTA","SCP259","SCP259_N24",4.02347901371006,-0.728450635320521,"0","#ED90A4"
"SCP_N24.LPB.CGTTCTGGTGTGCGTC","SCP259","SCP259_N24",5.38672688510899,0.644459864252233,"0","#ED90A4"
"SCP_N24.LPB.CTACACCAGATACACA","SCP259","SCP259_N24",4.11261013057713,-1.16562328661141,"0","#ED90A4"
"SCP_N24.LPB.CTACACCCAACGATGG","SCP259","SCP259_N24",4.90993598011021,2.26643391525092,"0","#ED90A4"
"SCP_N24.LPB.CTAGCCTAGAGCTATA","SCP259","SCP259_N24",1.38926747348789,7.38526382123771,"2","#B7AE50"
"SCP_N24.LPB.CTAGCCTGTTCCACAA","SCP259","SCP259_N24",1.81896939781193,6.45892896329703,"2","#B7AE50"
"SCP_N24.LPB.CTAGTGACACGCATCG","SCP259","SCP259_N24",2.96448114421848,0.00560512220206189,"0","#ED90A4"
"SCP_N24.LPB.CTCACACCATCGATTG","SCP259","SCP259_N24",2.18994334247593,1.09063454543891,"0","#ED90A4"
"SCP_N24.LPB.CTCAGAATCCCAAGAT","SCP259","SCP259_N24",3.57945659664158,-0.72081098879037,"0","#ED90A4"
"SCP_N24.LPB.CTCATTAAGGCATGTG","SCP259","SCP259_N24",3.9995584776688,-0.270951608068324,"0","#ED90A4"
"SCP_N24.LPB.CTCGAAACAATAGAGT","SCP259","SCP259_N24",2.22448971775059,6.10197677289786,"2","#B7AE50"
"SCP_N24.LPB.CTCGAGGTCTAGCACA","SCP259","SCP259_N24",2.88043907192234,-0.1096684726542,"0","#ED90A4"
"SCP_N24.LPB.CTCGTCAAGTAGTGCG","SCP259","SCP259_N24",4.93325236347203,2.64532580053153,"0","#ED90A4"
"SCP_N24.LPB.CTCTGGTTCGTTACGA","SCP259","SCP259_N24",3.55912116077427,-0.383467653638697,"0","#ED90A4"
"SCP_N24.LPB.CTGCCTAGTCGAACAG","SCP259","SCP259_N24",3.38168552425389,-0.318457940465785,"0","#ED90A4"
"SCP_N24.LPB.CTGCGGAGTACAGCAG","SCP259","SCP259_N24",4.51883938816075,-1.33209381426034,"0","#ED90A4"
"SCP_N24.LPB.CTGCTGTCACTAGTAC","SCP259","SCP259_N24",0.771050303249399,3.08585633909049,"0","#ED90A4"
"SCP_N24.LPB.CTGCTGTGTCAGATAA","SCP259","SCP259_N24",4.33531430271153,-1.27779970491586,"0","#ED90A4"
"SCP_N24.LPB.CTGGTCTTCAAAGTAG","SCP259","SCP259_N24",1.24477818515782,6.09426726972403,"2","#B7AE50"
"SCP_N24.LPB.CTGTGCTGTTCGAATC","SCP259","SCP259_N24",3.25742629077915,-0.154958585149623,"0","#ED90A4"
"SCP_N24.LPB.CTTAGGAAGAAGAAGC","SCP259","SCP259_N24",4.42575314548496,-0.922479489690638,"0","#ED90A4"
"SCP_N24.LPB.CTTAGGAGTATAGGTA","SCP259","SCP259_N24",2.08214262035374,1.0425360408956,"0","#ED90A4"
"SCP_N24.LPB.CTTGGCTAGGACACCA","SCP259","SCP259_N24",2.39222362545017,2.5846674648458,"0","#ED90A4"
"SCP_N24.LPB.GAAATGAAGGGTATCG","SCP259","SCP259_N24",4.40521481540684,-0.555057028180934,"0","#ED90A4"
"SCP_N24.LPB.GAAATGATCGCCGTGA","SCP259","SCP259_N24",2.16511383560185,1.32262369816842,"0","#ED90A4"
"SCP_N24.LPB.GAACGGAAGGAATCGC","SCP259","SCP259_N24",3.86946275737766,-0.430117944127894,"0","#ED90A4"
"SCP_N24.LPB.GAAGCAGCAAGGCTCC","SCP259","SCP259_N24",4.64866688755039,-0.614240506536341,"0","#ED90A4"
"SCP_N24.LPB.GAAGCAGCACCAACCG","SCP259","SCP259_N24",2.16351988819126,0.888172170274877,"0","#ED90A4"
"SCP_N24.LPB.GACCAATTCTGCTTGC","SCP259","SCP259_N24",2.71492627170567,0.440089186781072,"0","#ED90A4"
"SCP_N24.LPB.GACGGCTAGAGGTTAT","SCP259","SCP259_N24",3.16989281681065,2.94131638681235,"0","#ED90A4"
"SCP_N24.LPB.GACGTTAAGAGCCTAG","SCP259","SCP259_N24",4.83212664630894,0.989556213968419,"0","#ED90A4"
"SCP_N24.LPB.GACGTTATCCAGAGGA","SCP259","SCP259_N24",2.989523678093,-0.177942374593592,"0","#ED90A4"
"SCP_N24.LPB.GACTGCGAGACTAAGT","SCP259","SCP259_N24",2.1886887839127,0.190285107248449,"0","#ED90A4"
"SCP_N24.LPB.GAGGTGATCACCCGAG","SCP259","SCP259_N24",4.38760045078282,-1.01929507578073,"0","#ED90A4"
"SCP_N24.LPB.GAGTCCGTCCGCGTTT","SCP259","SCP259_N24",1.95728006866459,6.40776624357047,"2","#B7AE50"
"SCP_N24.LPB.GATGAAAAGGATATAC","SCP259","SCP259_N24",0.481883197097818,3.92690100347342,"0","#ED90A4"
"SCP_N24.LPB.GATTCAGCAATGAAAC","SCP259","SCP259_N24",4.23577359226231,-1.17298517549691,"0","#ED90A4"
"SCP_N24.LPB.GCAATCAAGCAGATCG","SCP259","SCP259_N24",3.28990915325169,-0.235282638913966,"0","#ED90A4"
"SCP_N24.LPB.GCACTCTAGCGTGAAC","SCP259","SCP259_N24",3.83263209369663,-0.763669827825404,"0","#ED90A4"
"SCP_N24.LPB.GCAGCCATCCGTCATC","SCP259","SCP259_N24",3.01054909732823,-0.202835181600428,"0","#ED90A4"
"SCP_N24.LPB.GCAGCCATCGGTGTCG","SCP259","SCP259_N24",2.50991061237339,0.00678207551779675,"0","#ED90A4"
"SCP_N24.LPB.GCATGATTCGCGCCAA","SCP259","SCP259_N24",3.52438500431065,-0.269005158788539,"0","#ED90A4"
"SCP_N24.LPB.GCGGGTTGTTGGTTTG","SCP259","SCP259_N24",2.75286295917515,5.07352342283072,"2","#B7AE50"
"SCP_N24.LPB.GCTCCTATCCACGACG","SCP259","SCP259_N24",4.354105501442,1.18328704511466,"0","#ED90A4"
"SCP_N24.LPB.GCTGGGTTCAGAGACG","SCP259","SCP259_N24",3.63684347179417,-0.850518086797572,"0","#ED90A4"
"SCP_N24.LPB.GCTTCCACACGACTCG","SCP259","SCP259_N24",2.25352075603489,0.629605433099889,"0","#ED90A4"
"SCP_N24.LPB.GCTTCCAGTGCGGTAA","SCP259","SCP259_N24",4.33762267139439,-1.31619391763864,"0","#ED90A4"
"SCP_N24.LPB.GGAAAGCGTCCGAAGA","SCP259","SCP259_N24",3.02005556133274,-0.232066253072596,"0","#ED90A4"
"SCP_N24.LPB.GGAATAAAGAGCTGGT","SCP259","SCP259_N24",3.32548096683506,1.94939496194663,"0","#ED90A4"
"SCP_N24.LPB.GGACATTGTCTTGATG","SCP259","SCP259_N24",4.09324601200108,-0.341924408323146,"0","#ED90A4"
"SCP_N24.LPB.GGACGTCAGGTAGCCA","SCP259","SCP259_N24",3.85544016864781,1.80078723108115,"0","#ED90A4"
"SCP_N24.LPB.GGATTACAGCCCAACC","SCP259","SCP259_N24",3.42378237751011,0.0705882517034047,"0","#ED90A4"
"SCP_N24.LPB.GGATTACGTCGAACAG","SCP259","SCP259_N24",5.75194647815708,-0.313937762624598,"0","#ED90A4"
"SCP_N24.LPB.GGCAATTCATCTACGA","SCP259","SCP259_N24",4.65249350574497,-0.643701890355922,"0","#ED90A4"
"SCP_N24.LPB.GGCAATTGTATATGGA","SCP259","SCP259_N24",4.48002198246006,-1.33457002962289,"0","#ED90A4"
"SCP_N24.LPB.GGCCGATTCCGGCACA","SCP259","SCP259_N24",4.30329516437535,-1.13325009668527,"0","#ED90A4"
"SCP_N24.LPB.GGCCGATTCGGTGTTA","SCP259","SCP259_N24",4.98423340824131,3.5721227136785,"0","#ED90A4"
"SCP_N24.LPB.GGCTCGATCTCGTTTA","SCP259","SCP259_N24",1.24770584609989,5.72808923398795,"2","#B7AE50"
"SCP_N24.LPB.GGCTGGTGTTAAAGTG","SCP259","SCP259_N24",4.15131571796421,-0.108446815854884,"0","#ED90A4"
"SCP_N24.LPB.GGGAGATGTTTACTCT","SCP259","SCP259_N24",4.53305628803257,-1.08651719415841,"0","#ED90A4"
"SCP_N24.LPB.GGGCACTGTAAGTTCC","SCP259","SCP259_N24",2.68903019931797,-0.333164194471217,"0","#ED90A4"
"SCP_N24.LPB.GGGCATCAGATAGCAT","SCP259","SCP259_N24",2.18240597751621,0.842924198263311,"0","#ED90A4"
"SCP_N24.LPB.GGGTCTGTCAGAGCTT","SCP259","SCP259_N24",4.52046731021885,-0.580602982885218,"0","#ED90A4"
"SCP_N24.LPB.GGGTTGCTCTCCTATA","SCP259","SCP259_N24",3.70615532901768,5.32607140218558,"2","#B7AE50"
"SCP_N24.LPB.GTACTTTCATGCTAGT","SCP259","SCP259_N24",2.32822802570347,6.00669469510856,"2","#B7AE50"
"SCP_N24.LPB.GTACTTTTCGACAGCC","SCP259","SCP259_N24",3.64874794986729,0.615985890978002,"0","#ED90A4"
"SCP_N24.LPB.GTATCTTCATTAACCG","SCP259","SCP259_N24",4.446803598671,-0.58899352873025,"0","#ED90A4"
"SCP_N24.LPB.GTATTCTCAAAGGTGC","SCP259","SCP259_N24",2.76999238040928,3.5387450662786,"0","#ED90A4"
"SCP_N24.LPB.GTCAAGTCATCTCGCT","SCP259","SCP259_N24",4.50173285511021,-0.385613063222743,"0","#ED90A4"
"SCP_N24.LPB.GTCACGGAGCGAGAAA","SCP259","SCP259_N24",4.62604287174229,-0.697642424947596,"0","#ED90A4"
"SCP_N24.LPB.GTCACGGAGCGCTTAT","SCP259","SCP259_N24",1.50509861019139,7.3184560743505,"2","#B7AE50"
"SCP_N24.LPB.GTCTCGTAGAGTGACC","SCP259","SCP259_N24",1.04075738695149,3.11993803655448,"0","#ED90A4"
"SCP_N24.LPB.GTCTCGTGTCTCATCC","SCP259","SCP259_N24",4.67285349872593,-0.735648253805018,"0","#ED90A4"
"SCP_N24.LPB.GTCTTCGGTTTGTTTC","SCP259","SCP259_N24",0.373948230414431,4.0987864938909,"0","#ED90A4"
"SCP_N24.LPB.GTGCGGTGTAAAGGAG","SCP259","SCP259_N24",3.7171266367722,-0.829194167501307,"0","#ED90A4"
"SCP_N24.LPB.GTGGGTCGTCCCTACT","SCP259","SCP259_N24",4.11229589488987,-1.03907571161447,"0","#ED90A4"
"SCP_N24.LPB.GTGTGCGAGGCTCAGA","SCP259","SCP259_N24",3.76098754909519,0.370050689333104,"0","#ED90A4"
"SCP_N24.LPB.GTTCATTAGGACCACA","SCP259","SCP259_N24",2.95950606372837,0.319560190790319,"0","#ED90A4"
"SCP_N24.LPB.GTTCGGGGTGTGCGTC","SCP259","SCP259_N24",3.94668939617161,1.77490471875014,"0","#ED90A4"
"SCP_N24.LPB.GTTTCTACAAAGCAAT","SCP259","SCP259_N24",4.37837031391148,-1.16078958833871,"0","#ED90A4"
"SCP_N24.LPB.TACAGTGTCCGTACAA","SCP259","SCP259_N24",4.2538628866959,4.34893121396842,"0","#ED90A4"
"SCP_N24.LPB.TACCTTACAGGAATGC","SCP259","SCP259_N24",5.09157994297032,3.06062664663138,"0","#ED90A4"
"SCP_N24.LPB.TACGGTAGTTCACGGC","SCP259","SCP259_N24",3.59721663501744,0.0376787391835682,"0","#ED90A4"
"SCP_N24.LPB.TACTCATAGAGTGAGA","SCP259","SCP259_N24",3.48627760913853,-0.602649787313319,"0","#ED90A4"
"SCP_N24.LPB.TACTCGCTCACTCTTA","SCP259","SCP259_N24",4.61737015750889,-1.0552023443049,"0","#ED90A4"
"SCP_N24.LPB.TACTTACTCCTAGTGA","SCP259","SCP259_N24",3.52270916011814,-0.328667858487941,"0","#ED90A4"
"SCP_N24.LPB.TAGACCACAGCTCCGA","SCP259","SCP259_N24",4.40302231815342,3.54664077436271,"2","#B7AE50"
"SCP_N24.LPB.TAGCCGGGTAAATGAC","SCP259","SCP259_N24",4.45325568225865,-1.2958861383265,"0","#ED90A4"
"SCP_N24.LPB.TAGCCGGTCACAATGC","SCP259","SCP259_N24",3.22109821346287,-0.286358335859156,"0","#ED90A4"
"SCP_N24.LPB.TAGGCATTCCAATGGT","SCP259","SCP259_N24",3.95691564586643,7.2122959104711,"2","#B7AE50"
"SCP_N24.LPB.TAGGCATTCGGATGTT","SCP259","SCP259_N24",4.37242606189732,-0.776036837941981,"0","#ED90A4"
"SCP_N24.LPB.TAGTGGTAGGACAGAA","SCP259","SCP259_N24",5.30632832553868,-0.432312229520655,"0","#ED90A4"
"SCP_N24.LPB.TATCAGGCATAGGATA","SCP259","SCP259_N24",3.73647263553623,-0.0575914176767833,"0","#ED90A4"
"SCP_N24.LPB.TATCAGGGTCTAACGT","SCP259","SCP259_N24",4.29032757785801,0.328297278040075,"0","#ED90A4"
"SCP_N24.LPB.TATCTCAGTGATGCCC","SCP259","SCP259_N24",2.87000921276097,0.722469886892461,"0","#ED90A4"
"SCP_N24.LPB.TATGCCCAGTATCGAA","SCP259","SCP259_N24",4.68846323993687,-0.999166825658656,"0","#ED90A4"
"SCP_N24.LPB.TATGCCCTCTCGTATT","SCP259","SCP259_N24",4.34018900897984,-1.04564271295724,"0","#ED90A4"
"SCP_N24.LPB.TCAACGACACATGGGA","SCP259","SCP259_N24",4.50153973606114,-0.462009647733546,"0","#ED90A4"
"SCP_N24.LPB.TCAGATGCAATGGAGC","SCP259","SCP259_N24",3.94567063358311,-0.472329357511378,"0","#ED90A4"
"SCP_N24.LPB.TCAGATGCACAAGTAA","SCP259","SCP259_N24",6.3011098196793,-0.29836533392129,"0","#ED90A4"
"SCP_N24.LPB.TCAGCAATCGCAAGCC","SCP259","SCP259_N24",1.22247597482685,6.91184749280753,"2","#B7AE50"
"SCP_N24.LPB.TCAGCTCAGGGCTCTC","SCP259","SCP259_N24",4.29659512546543,-1.0549844297236,"0","#ED90A4"
"SCP_N24.LPB.TCAGGATCAAGGTTCT","SCP259","SCP259_N24",1.01366659906391,6.92426051770987,"2","#B7AE50"
"SCP_N24.LPB.TCAGGTATCCACTCCA","SCP259","SCP259_N24",4.94680979755406,3.72624268209281,"2","#B7AE50"
"SCP_N24.LPB.TCATTACCATAAAGGT","SCP259","SCP259_N24",2.07817223575596,1.29147055571618,"0","#ED90A4"
"SCP_N24.LPB.TCATTACTCAAGGTAA","SCP259","SCP259_N24",4.63429310825352,-0.510306814557887,"0","#ED90A4"
"SCP_N24.LPB.TCCACACAGATAGCAT","SCP259","SCP259_N24",0.998572616844217,2.73091401731315,"0","#ED90A4"
"SCP_N24.LPB.TCCACACAGCAGATCG","SCP259","SCP259_N24",4.05609705951695,3.91864862119498,"0","#ED90A4"
"SCP_N24.LPB.TCCACACGTAGCGCTC","SCP259","SCP259_N24",2.27666881587986,0.787556907289647,"0","#ED90A4"
"SCP_N24.LPB.TCGAGGCAGTTTAGGA","SCP259","SCP259_N24",3.9834783366013,5.59342088376822,"2","#B7AE50"
"SCP_N24.LPB.TCGGGACTCTCTGCTG","SCP259","SCP259_N24",3.78945711162571,-0.333887675649501,"0","#ED90A4"
"SCP_N24.LPB.TCTCATACAACGATCT","SCP259","SCP259_N24",4.35427859333042,0.538492223375463,"0","#ED90A4"
"SCP_N24.LPB.TCTCATACATCCTAGA","SCP259","SCP259_N24",3.945414095192,-0.922303298360682,"0","#ED90A4"
"SCP_N24.LPB.TCTGGAACAGTATAAG","SCP259","SCP259_N24",3.57037117984776,-0.781886437780238,"0","#ED90A4"
"SCP_N24.LPB.TCTTTCCAGCAGGTCA","SCP259","SCP259_N24",1.11115941312794,6.62598600065055,"2","#B7AE50"
"SCP_N24.LPB.TGAAAGAGTATTCTCT","SCP259","SCP259_N24",4.18749788311009,-0.11475572908578,"0","#ED90A4"
"SCP_N24.LPB.TGAAAGATCCTCCTAG","SCP259","SCP259_N24",4.41543200519566,-1.25666580522714,"0","#ED90A4"
"SCP_N24.LPB.TGACGGCAGGGAACGG","SCP259","SCP259_N24",3.59343603160862,-0.232695201284266,"0","#ED90A4"
"SCP_N24.LPB.TGACGGCCATGAGCGA","SCP259","SCP259_N24",2.07791498210911,4.08222164785209,"2","#B7AE50"
"SCP_N24.LPB.TGACGGCGTCCCTTGT","SCP259","SCP259_N24",1.2269811919022,5.83401479398551,"2","#B7AE50"
"SCP_N24.LPB.TGACGGCTCCGCGTTT","SCP259","SCP259_N24",3.97173145320896,-0.743916848546839,"0","#ED90A4"
"SCP_N24.LPB.TGAGCATAGCTGTCTA","SCP259","SCP259_N24",4.73080113437657,-0.36966500604806,"0","#ED90A4"
"SCP_N24.LPB.TGAGGGAAGGCTATCT","SCP259","SCP259_N24",3.84374144580845,-0.0953069719141491,"0","#ED90A4"
"SCP_N24.LPB.TGATTTCGTTACGTCA","SCP259","SCP259_N24",5.41146901157383,0.209523698442601,"0","#ED90A4"
"SCP_N24.LPB.TGCCCTACATGACATC","SCP259","SCP259_N24",5.4051080038834,2.49094905530753,"0","#ED90A4"
"SCP_N24.LPB.TGCCCTATCGAATCCA","SCP259","SCP259_N24",5.71295502689366,0.919439515226506,"0","#ED90A4"
"SCP_N24.LPB.TGCGTGGCATGAAGTA","SCP259","SCP259_N24",2.47827771213535,5.95830764447989,"2","#B7AE50"
"SCP_N24.LPB.TGCTACCTCTTCAACT","SCP259","SCP259_N24",4.25504735019688,1.83608739649596,"0","#ED90A4"
"SCP_N24.LPB.TGGCCAGGTATAGTAG","SCP259","SCP259_N24",1.30444076564793,2.94778337156119,"0","#ED90A4"
"SCP_N24.LPB.TGGCGCAGTCACTTCC","SCP259","SCP259_N24",4.37368634250645,0.669975957029485,"2","#B7AE50"
"SCP_N24.LPB.TGGGAAGTCACTTATC","SCP259","SCP259_N24",2.91530564334873,1.37581596350017,"0","#ED90A4"
"SCP_N24.LPB.TGGGCGTTCAACGAAA","SCP259","SCP259_N24",3.83829525020603,-0.802570680028773,"0","#ED90A4"
"SCP_N24.LPB.TGGTTAGGTTCAGCGC","SCP259","SCP259_N24",3.55489995983128,-0.140824058896876,"0","#ED90A4"
"SCP_N24.LPB.TGTTCCGTCATGTAGC","SCP259","SCP259_N24",4.28012087848667,-0.931483367330409,"0","#ED90A4"
"SCP_N24.LPB.TGTTCCGTCGGATGTT","SCP259","SCP259_N24",4.43175271060948,-0.864180901891566,"0","#ED90A4"
"SCP_N24.LPB.TTAACTCAGATGGGTC","SCP259","SCP259_N24",3.98827269580845,5.15269317304435,"0","#ED90A4"
"SCP_N24.LPB.TTAGGACGTGTGGTTT","SCP259","SCP259_N24",0.910370080738108,6.46461143171134,"2","#B7AE50"
"SCP_N24.LPB.TTATGCTAGGTTACCT","SCP259","SCP259_N24",4.02602246311192,-0.818726161367274,"0","#ED90A4"
"SCP_N24.LPB.TTCGAAGAGGAGTTTA","SCP259","SCP259_N24",4.51466610935215,-1.18162474954782,"0","#ED90A4"
"SCP_N24.LPB.TTCGGTCCACAAGACG","SCP259","SCP259_N24",4.31273749378208,-0.249484041578151,"0","#ED90A4"
"SCP_N24.LPB.TTCGGTCCAGATAATG","SCP259","SCP259_N24",6.23652508762364,0.0362618175679676,"0","#ED90A4"
"SCP_N24.LPB.TTCGGTCTCGAATGGG","SCP259","SCP259_N24",4.51360371616368,0.0596128908330433,"0","#ED90A4"
"SCP_N24.LPB.TTCGGTCTCGGAATCT","SCP259","SCP259_N24",4.34119656589512,-0.351849535352565,"0","#ED90A4"
"SCP_N24.LPB.TTCTACAAGACGACGT","SCP259","SCP259_N24",1.28932335880284,2.59844627057853,"0","#ED90A4"
"SCP_N24.LPB.TTCTCAAGTGATAAAC","SCP259","SCP259_N24",3.57362058666233,-0.872381785756922,"0","#ED90A4"
"SCP_N24.LPB.TTCTCAAGTTGTCTTT","SCP259","SCP259_N24",4.28005316761021,-0.255388358480311,"0","#ED90A4"
"SCP_N24.LPB.TTCTCCTAGAAACCGC","SCP259","SCP259_N24",1.34874680545811,7.5895046201879,"2","#B7AE50"
"SCP_N24.LPB.TTCTTAGCAAGCCATT","SCP259","SCP259_N24",3.44238617923741,-0.514733532316066,"0","#ED90A4"
"SCP_N24.LPB.TTGAACGCACTGTTAG","SCP259","SCP259_N24",4.10647204425816,-0.437669137365199,"0","#ED90A4"
"SCP_N24.LPB.TTGAACGGTCCAACTA","SCP259","SCP259_N24",4.60785439517979,-0.452803471929408,"0","#ED90A4"
"SCP_N24.LPB.TTGAACGTCTGCGACG","SCP259","SCP259_N24",4.52191355731968,-0.277083257085658,"0","#ED90A4"
"SCP_N24.LPB.TTGCCGTGTATATGAG","SCP259","SCP259_N24",1.55255618598942,7.80830421125235,"2","#B7AE50"
"SCP_N24.LPB.TTGGAACGTATAGGGC","SCP259","SCP259_N24",3.95484784152989,-0.186590770131922,"0","#ED90A4"
"SCP_N24.LPB.TTTACTGAGCAGCGTA","SCP259","SCP259_N24",3.80257609394077,3.95307268773856,"0","#ED90A4"
"SCP_N24.LPB.TTTGGTTGTTGAGTTC","SCP259","SCP259_N24",1.17418220546726,3.02316751157584,"0","#ED90A4"
"SCP_N26.EpiB.TAGACCACATAGACTC","SCP259","SCP259_N26",6.32020047214512,-0.19162021005807,"0","#ED90A4"
"SCP_N26.EpiB.TCTGGAAGTTCTGTTT","SCP259","SCP259_N26",2.73018506076817,0.303789159410619,"0","#ED90A4"
"SCP_N26.LPA.CGGAGTCTCACAGTAC","SCP259","SCP259_N26",-3.36901185008999,-4.17208443010507,"4","#1DC199"
"SCP_N26.LPA.TTTACTGGTAGCTAAA","SCP259","SCP259_N26",-3.34155556652065,-4.45465908373056,"4","#1DC199"
"SCP_N51.LPA.ACACTGATCTCTTGAT","SCP259","SCP259_N51",-0.22414264175411,-7.54402265871224,"3","#7EBA68"
"SCP_N51.LPA.ACTGAACCACCACGTG","SCP259","SCP259_N51",-0.449325651855429,-7.67438230837045,"3","#7EBA68"
"SCP_N51.LPA.AGCTCTCCACAGACAG","SCP259","SCP259_N51",2.2665422251511,-5.08235559786019,"3","#7EBA68"
"SCP_N51.LPA.ATGGGAGAGCCAGTTT","SCP259","SCP259_N51",-0.555064410896261,-7.5967312845057,"3","#7EBA68"
"SCP_N51.LPA.CGGACACTCTTGCCGT","SCP259","SCP259_N51",-0.983691544265707,-7.62902269685922,"3","#7EBA68"
"SCP_N51.LPA.GACACGCTCGGAAACG","SCP259","SCP259_N51",-0.438737423152883,-7.58640585268197,"3","#7EBA68"
"SCP_N51.LPA.GTACTTTGTCTAGTCA","SCP259","SCP259_N51",-0.258995533914526,-7.54267893160043,"3","#7EBA68"
"SCP_N51.LPA.TATCTCAGTAAGTGGC","SCP259","SCP259_N51",-0.373522670001944,-7.60455904329476,"3","#7EBA68"
"SCP_N51.LPA.TGGCCAGTCCGCGTTT","SCP259","SCP259_N51",-0.334414870471914,-7.25271902406869,"3","#7EBA68"
"SCP_N51.LPA.TGTATTCAGCGTTGCC","SCP259","SCP259_N51",-0.0617398926925258,-7.49834356630502,"3","#7EBA68"
"SCP_N51.LPA.TGTGTTTAGGAGCGTT","SCP259","SCP259_N51",2.38618495967869,-3.55860195482431,"3","#7EBA68"
"SCP_N51.LPB.ACACTGAAGAATGTGT","SCP259","SCP259_N51",0.896983354358713,-6.79137430513558,"3","#7EBA68"
"SCP_N51.LPB.ATCATGGTCCAACCAA","SCP259","SCP259_N51",-0.424068243236502,-7.50677309358773,"3","#7EBA68"
"SCP_N51.LPB.CATGGCGTCAGGCAAG","SCP259","SCP259_N51",0.0327766826439305,-7.35165033662973,"3","#7EBA68"
"SCP_N51.LPB.CTACATTTCCTTCAAT","SCP259","SCP259_N51",2.12666121032719,-5.37595949495492,"3","#7EBA68"
"SCP_N51.LPB.CTGTGCTCATGGGACA","SCP259","SCP259_N51",2.2917149355698,-5.10249576891122,"3","#7EBA68"
"SCP_N51.LPB.GCGAGAAAGTTTCCTT","SCP259","SCP259_N51",0.692954330711405,-6.94376097047982,"3","#7EBA68"
"SCP_N51.LPB.GGCCGATGTAGCTAAA","SCP259","SCP259_N51",2.45265439060215,-3.64399013841806,"3","#7EBA68"
"SCP_N51.LPB.TACGGGCAGCCAGTTT","SCP259","SCP259_N51",-0.329443664283712,-5.92389974916635,"3","#7EBA68"
"SCP_N51.LPB.TCGCGTTAGTTCCACA","SCP259","SCP259_N51",1.85057869461064,-5.67393169725595,"3","#7EBA68"
"SCP_N52.LPA1a.ATCTGCCGTACTCGCG","SCP259","SCP259_N52",-3.35975000354763,-4.08638868654428,"4","#1DC199"
"SCP_N52.LPA1a.CAGCTAAGTCATCCCT","SCP259","SCP259_N52",-3.29991290065761,-4.78445015276132,"4","#1DC199"
"SCP_N52.LPA1a.CATATTCGTCAGAATA","SCP259","SCP259_N52",-4.01154229137417,-4.59848652208505,"4","#1DC199"
"SCP_N52.LPA1a.CCGGTAGAGGCATTGG","SCP259","SCP259_N52",-3.58295485469814,-4.42941723192391,"4","#1DC199"
"SCP_N52.LPA1a.CCTACCACATGAAGTA","SCP259","SCP259_N52",-3.51310059520717,-4.8184953721827,"4","#1DC199"
"SCP_N52.LPA1a.CGAGCCAAGTAAGTAC","SCP259","SCP259_N52",-3.81412598583217,-4.62746486986337,"4","#1DC199"
"SCP_N52.LPA1a.CGTCCATGTGTTGAGG","SCP259","SCP259_N52",-2.98579999896999,-4.21230469072518,"4","#1DC199"
"SCP_N52.LPA1a.CTACACCGTCATGCAT","SCP259","SCP259_N52",-3.92242667171474,-4.51476297701058,"4","#1DC199"
"SCP_N52.LPA1a.GATCAGTTCCGATATG","SCP259","SCP259_N52",-2.71426555606838,-4.00055370653329,"4","#1DC199"
"SCP_N52.LPA1a.GCACATAAGGTGATTA","SCP259","SCP259_N52",-0.583682031364401,-7.53031835878549,"3","#7EBA68"
"SCP_N52.LPA1a.GCACATAGTTGGACCC","SCP259","SCP259_N52",-3.51792332622524,-5.16605673158822,"4","#1DC199"
"SCP_N52.LPA1a.GGAATAAAGTGGACGT","SCP259","SCP259_N52",-3.25051400157924,-4.55692062700448,"4","#1DC199"
"SCP_N52.LPA1a.GGCAATTGTTTAGGAA","SCP259","SCP259_N52",-3.56410285923,-5.16253385866342,"4","#1DC199"
"SCP_N52.LPA1a.GTGTTAGGTTCTGAAC","SCP259","SCP259_N52",-4.03386542293545,-4.76536760652719,"4","#1DC199"
"SCP_N52.LPA1a.TACGGGCGTTGGAGGT","SCP259","SCP259_N52",-3.89726063701626,-4.73998174989877,"4","#1DC199"
"SCP_N52.LPA1a.TCAACGAAGCCCTAAT","SCP259","SCP259_N52",2.64023449924473,0.29790045892539,"0","#ED90A4"
"SCP_N52.LPA1a.TCACGAAGTTATTCTC","SCP259","SCP259_N52",-3.7589156338882,-4.35201130235848,"4","#1DC199"
"SCP_N52.LPA2a.AAAGTAGCAGGCTGAA","SCP259","SCP259_N52",-3.62386795970913,-4.97814998949227,"4","#1DC199"
"SCP_N52.LPA2a.AACTCCCTCTCGATGA","SCP259","SCP259_N52",-3.83574006053921,-3.95476208055673,"4","#1DC199"
"SCP_N52.LPA2a.AACTGGTAGTTGAGTA","SCP259","SCP259_N52",-4.02018258068081,-4.78793392503915,"4","#1DC199"
"SCP_N52.LPA2a.AACTGGTGTATTAGCC","SCP259","SCP259_N52",2.32097771671299,-1.08723745668588,"1","#DC9E70"
"SCP_N52.LPA2a.AAGTCTGTCAATCACG","SCP259","SCP259_N52",-3.16092035266872,-4.59071503008065,"4","#1DC199"
"SCP_N52.LPA2a.ACCTTTAAGAAGCCCA","SCP259","SCP259_N52",-3.60320159885402,-4.90010891283212,"4","#1DC199"
"SCP_N52.LPA2a.ACTGAGTCAGGGATTG","SCP259","SCP259_N52",-3.82344099971767,-3.56636343324838,"4","#1DC199"
"SCP_N52.LPA2a.AGAGCTTGTCCGCTGA","SCP259","SCP259_N52",-3.72012254688259,-4.89471969927011,"4","#1DC199"
"SCP_N52.LPA2a.AGCGTATCAGGTGCCT","SCP259","SCP259_N52",-3.4705228516769,-5.16131792391,"4","#1DC199"
"SCP_N52.LPA2a.AGCTTGAGTCACACGC","SCP259","SCP259_N52",-3.86464259120937,-4.80305586183724,"4","#1DC199"
"SCP_N52.LPA2a.AGGCCACAGTGTACGG","SCP259","SCP259_N52",-3.94990059825893,-4.56332931841073,"4","#1DC199"
"SCP_N52.LPA2a.AGGCCGTCAGCTGGCT","SCP259","SCP259_N52",-3.93244406673427,-4.34311447466073,"4","#1DC199"
"SCP_N52.LPA2a.AGTGAGGGTCACTGGC","SCP259","SCP259_N52",-3.45192739459987,-5.13200006807504,"4","#1DC199"
"SCP_N52.LPA2a.ATGCGATAGCTAGGCA","SCP259","SCP259_N52",-3.46638700458523,-4.83701238954721,"4","#1DC199"
"SCP_N52.LPA2a.ATGGGAGTCTGGTGTA","SCP259","SCP259_N52",-3.7115056225967,-4.99197683656869,"4","#1DC199"
"SCP_N52.LPA2a.ATGTGTGAGAGTTGGC","SCP259","SCP259_N52",-3.27344629261013,-4.72414551103768,"4","#1DC199"
"SCP_N52.LPA2a.CAAGTTGCAAGAGTCG","SCP259","SCP259_N52",-3.41274520847317,-4.99289665544686,"4","#1DC199"
"SCP_N52.LPA2a.CACACTCAGGTTCCTA","SCP259","SCP259_N52",-3.54228803607937,-4.99676332796273,"4","#1DC199"
"SCP_N52.LPA2a.CACTCCACACGAAGCA","SCP259","SCP259_N52",-3.12980505916591,-4.54328070009408,"4","#1DC199"
"SCP_N52.LPA2a.CAGTAACGTCTCGTTC","SCP259","SCP259_N52",-3.09805843326565,-3.48861847246347,"4","#1DC199"
"SCP_N52.LPA2a.CAGTAACTCTACCAGA","SCP259","SCP259_N52",-3.00710365268703,-4.23253641451058,"4","#1DC199"
"SCP_N52.LPA2a.CATATGGGTACATCCA","SCP259","SCP259_N52",-3.17387124988552,-4.690370658285,"4","#1DC199"
"SCP_N52.LPA2a.CCTAAAGTCCTACAGA","SCP259","SCP259_N52",-3.28975078556057,-4.90580139482675,"4","#1DC199"
"SCP_N52.LPA2a.CCTAGCTCAGTCAGCC","SCP259","SCP259_N52",-3.01247140857693,-3.97071323717294,"4","#1DC199"
"SCP_N52.LPA2a.CGTTAGAAGGATGGAA","SCP259","SCP259_N52",-3.09575006458278,-4.56084404314218,"4","#1DC199"
"SCP_N52.LPA2a.CGTTGGGGTCGAGATG","SCP259","SCP259_N52",-4.29901549312588,-1.19345341051278,"4","#1DC199"
"SCP_N52.LPA2a.CTAAGACAGTCAATAG","SCP259","SCP259_N52",-3.6289701173019,-5.15569029176889,"4","#1DC199"
"SCP_N52.LPA2a.CTCTGGTTCTTGGGTA","SCP259","SCP259_N52",2.10690835025791,-1.24829182947335,"1","#DC9E70"
"SCP_N52.LPA2a.CTGCCTAAGCAATCTC","SCP259","SCP259_N52",-3.53292676898952,-5.11677799547372,"4","#1DC199"
"SCP_N52.LPA2a.GAATAAGAGGGTTTCT","SCP259","SCP259_N52",-3.6298451134872,-5.06211147630868,"4","#1DC199"
"SCP_N52.LPA2a.GACACGCCAGGGCATA","SCP259","SCP259_N52",-3.06549570056911,-4.46762285555062,"4","#1DC199"
"SCP_N52.LPA2a.GACCTGGTCCTTGGTC","SCP259","SCP259_N52",-3.94801089260097,-4.4932852777308,"4","#1DC199"
"SCP_N52.LPA2a.GATCGCGCAAGCCGCT","SCP259","SCP259_N52",-3.95709416362758,-4.71445427263436,"4","#1DC199"
"SCP_N52.LPA2a.GCGCAACTCTCTGCTG","SCP259","SCP259_N52",-3.31039592716213,-5.01666698778329,"4","#1DC199"
"SCP_N52.LPA2a.GTCCTCAGTCGGATCC","SCP259","SCP259_N52",-3.83764502498623,-4.27288875902352,"4","#1DC199"
"SCP_N52.LPA2a.TACCTATAGACCGGAT","SCP259","SCP259_N52",-3.76525232288357,-4.91691217745004,"4","#1DC199"
"SCP_N52.LPA2a.TACTCGCTCCGCGGTA","SCP259","SCP259_N52",-3.46351334545131,-4.93651733720956,"4","#1DC199"
"SCP_N52.LPA2a.TAGAGCTCATCCCATC","SCP259","SCP259_N52",-3.80227515193935,-4.7367049249476,"4","#1DC199"
"SCP_N52.LPA2a.TCACAAGAGGCATTGG","SCP259","SCP259_N52",-3.75934478733059,-4.52649031007943,"4","#1DC199"
"SCP_N52.LPA2a.TCACAAGGTCAATACC","SCP259","SCP259_N52",-3.65759465190883,-4.97479496324716,"4","#1DC199"
"SCP_N52.LPA2a.TCGCGAGGTACTTAGC","SCP259","SCP259_N52",-3.67202064487453,-4.90156660402474,"4","#1DC199"
"SCP_N52.LPA2a.TGCCCTAGTTCATGGT","SCP259","SCP259_N52",-3.56400010082241,-4.67374763811288,"4","#1DC199"
"SCP_N52.LPA2a.TGCGCAGTCCCTTGCA","SCP259","SCP259_N52",-3.7913670251083,-4.68133554781137,"4","#1DC199"
"SCP_N52.LPA2a.TGGGAAGGTTCTGTTT","SCP259","SCP259_N52",-3.34354850742336,-4.50335369432626,"4","#1DC199"
"SCP_N52.LPA2a.TTAGGCAAGGTGTTAA","SCP259","SCP259_N52",2.03549030330662,-2.15270433748422,"1","#DC9E70"
"SCP_N52.LPA2a.TTGTAGGAGCTAAGAT","SCP259","SCP259_N52",-2.90482756587978,-3.98739824617562,"4","#1DC199"
"SCP_N52.LPA2a.TTTGCGCTCCCAAGTA","SCP259","SCP259_N52",-3.09869811031338,-4.3379741700953,"4","#1DC199"
"SCP_N52.LPA2a.TTTGGTTAGCTAAACA","SCP259","SCP259_N52",-3.6515121171188,-5.11031923616586,"4","#1DC199"
"SCP_N52.LPA1b.ATCTGCCGTACTCGCG","SCP259","SCP259_N52",-3.31596252414699,-4.07416687334237,"4","#1DC199"
"SCP_N52.LPA1b.CAGCTAAGTCATCCCT","SCP259","SCP259_N52",-3.30608770343777,-4.73375091875253,"4","#1DC199"
"SCP_N52.LPA1b.CATATTCGTCAGAATA","SCP259","SCP259_N52",-3.86398121807094,-4.68430338228402,"4","#1DC199"
"SCP_N52.LPA1b.CCGGTAGAGGCATTGG","SCP259","SCP259_N52",-3.47273275348659,-4.37017879808602,"4","#1DC199"
"SCP_N52.LPA1b.CCTACCACATGAAGTA","SCP259","SCP259_N52",-3.5801214883041,-4.77211675966439,"4","#1DC199"
"SCP_N52.LPA1b.CGAGCCAAGTAAGTAC","SCP259","SCP259_N52",-3.80348822566982,-4.68089876497445,"4","#1DC199"
"SCP_N52.LPA1b.CGTCCATGTGTTGAGG","SCP259","SCP259_N52",-3.0178279587936,-4.2480312379664,"4","#1DC199"
"SCP_N52.LPA1b.CTACACCGTCATGCAT","SCP259","SCP259_N52",-3.87203118297573,-4.50243053758798,"4","#1DC199"
"SCP_N52.LPA1b.GATCAGTTCCGATATG","SCP259","SCP259_N52",-2.75267574283596,-4.03674660051522,"4","#1DC199"
"SCP_N52.LPA1b.GCACATAAGGTGATTA","SCP259","SCP259_N52",-0.545149833888967,-7.51785669649301,"3","#7EBA68"
"SCP_N52.LPA1b.GCACATAGTTGGACCC","SCP259","SCP259_N52",-3.52354452106472,-5.06443367326913,"4","#1DC199"
"SCP_N52.LPA1b.GGAATAAAGTGGACGT","SCP259","SCP259_N52",-3.31486484500881,-4.56487570131478,"4","#1DC199"
"SCP_N52.LPA1b.GGCAATTGTTTAGGAA","SCP259","SCP259_N52",-3.57926198932644,-5.06698713625131,"4","#1DC199"
"SCP_N52.LPA1b.GTGTTAGGTTCTGAAC","SCP259","SCP259_N52",-4.00869461986538,-4.75538835848031,"4","#1DC199"
"SCP_N52.LPA1b.TCAACGAAGCCCTAAT","SCP259","SCP259_N52",2.63888671901707,0.261985918634557,"0","#ED90A4"
"SCP_N52.LPA1b.TCACGAAGTTATTCTC","SCP259","SCP259_N52",-3.75324532482143,-4.43349991167245,"4","#1DC199"
"SCP_N52.LPA2b.AAAGTAGCAGGCTGAA","SCP259","SCP259_N52",-3.67797991725918,-4.96291885698495,"4","#1DC199"
"SCP_N52.LPA2b.AACTCCCTCTCGATGA","SCP259","SCP259_N52",-3.78916213008877,-4.03758011186776,"4","#1DC199"
"SCP_N52.LPA2b.AACTGGTAGTTGAGTA","SCP259","SCP259_N52",-4.06229397747036,-4.78496418321786,"4","#1DC199"
"SCP_N52.LPA2b.AACTGGTGTATTAGCC","SCP259","SCP259_N52",2.78562953975681,-0.988220075017787,"0","#ED90A4"
"SCP_N52.LPA2b.AAGTCTGTCAATCACG","SCP259","SCP259_N52",-3.26668498012539,-4.71743069017587,"4","#1DC199"
"SCP_N52.LPA2b.ACCTTTAAGAAGCCCA","SCP259","SCP259_N52",-3.63828799221035,-4.94795570696054,"4","#1DC199"
"SCP_N52.LPA2b.ACTGAGTCAGGGATTG","SCP259","SCP259_N52",-3.83482882472988,-3.51390991533456,"4","#1DC199"
"SCP_N52.LPA2b.AGAATAGCATCCTTGC","SCP259","SCP259_N52",-3.36783453914638,-4.82265863741098,"4","#1DC199"
"SCP_N52.LPA2b.AGAGCTTGTCCGCTGA","SCP259","SCP259_N52",-3.81206175777431,-4.82721529329476,"4","#1DC199"
"SCP_N52.LPA2b.AGCTTGAGTCACACGC","SCP259","SCP259_N52",-3.83688303920742,-4.79284105623422,"4","#1DC199"
"SCP_N52.LPA2b.AGGCCACAGTGTACGG","SCP259","SCP259_N52",-3.86555287334438,-4.63291368807015,"4","#1DC199"
"SCP_N52.LPA2b.AGGCCGTCAGCTGGCT","SCP259","SCP259_N52",-3.92502924892422,-4.18918142641244,"4","#1DC199"
"SCP_N52.LPA2b.ATGGGAGTCTGGTGTA","SCP259","SCP259_N52",-3.68696257564541,-5.02896414125619,"4","#1DC199"
"SCP_N52.LPA2b.ATGTGTGAGAGTTGGC","SCP259","SCP259_N52",-3.26621624919887,-4.76204834306893,"4","#1DC199"
"SCP_N52.LPA2b.CAAGTTGCAAGAGTCG","SCP259","SCP259_N52",-3.50190731975551,-5.01319275224862,"4","#1DC199"
"SCP_N52.LPA2b.CACACTCAGGTTCCTA","SCP259","SCP259_N52",-3.52346560451504,-5.01508007372079,"4","#1DC199"
"SCP_N52.LPA2b.CACTCCACACGAAGCA","SCP259","SCP259_N52",-3.13054725620266,-4.55037460649667,"4","#1DC199"
"SCP_N52.LPA2b.CAGTAACGTCTCGTTC","SCP259","SCP259_N52",-2.99181982967373,-3.4726439508265,"4","#1DC199"
"SCP_N52.LPA2b.CAGTAACTCTACCAGA","SCP259","SCP259_N52",-3.07537457439419,-4.14028082216439,"4","#1DC199"
"SCP_N52.LPA2b.CATATGGGTACATCCA","SCP259","SCP259_N52",-3.1444832989883,-4.57118139589486,"4","#1DC199"
"SCP_N52.LPA2b.CCTAGCTCAGTCAGCC","SCP259","SCP259_N52",-3.07021114322658,-4.02716884935556,"4","#1DC199"
"SCP_N52.LPA2b.CGTTAGAAGGATGGAA","SCP259","SCP259_N52",-3.05821535083767,-4.56875238741098,"4","#1DC199"
"SCP_N52.LPA2b.CGTTGGGGTCGAGATG","SCP259","SCP259_N52",-4.37049195262905,-1.15017352426705,"4","#1DC199"
"SCP_N52.LPA2b.CTAAGACAGTCAATAG","SCP259","SCP259_N52",-3.62742444965359,-5.06642685259042,"4","#1DC199"
"SCP_N52.LPA2b.CTCTGGTTCTTGGGTA","SCP259","SCP259_N52",2.11550584342961,-1.27595482195077,"1","#DC9E70"
"SCP_N52.LPA2b.GAATAAGAGGGTTTCT","SCP259","SCP259_N52",-3.54864475223537,-5.06055126512704,"4","#1DC199"
"SCP_N52.LPA2b.GACACGCCAGGGCATA","SCP259","SCP259_N52",-3.0512375542831,-4.44535646761117,"4","#1DC199"
"SCP_N52.LPA2b.GACCTGGTCCTTGGTC","SCP259","SCP259_N52",-3.98536965343471,-4.36660394991098,"4","#1DC199"
"SCP_N52.LPA2b.GATCGCGCAAGCCGCT","SCP259","SCP259_N52",-4.06876990291591,-4.76793489778695,"4","#1DC199"
"SCP_N52.LPA2b.GCGCAACTCTCTGCTG","SCP259","SCP259_N52",-3.35773012134548,-4.91836414659677,"4","#1DC199"
"SCP_N52.LPA2b.GTCCTCAGTCGGATCC","SCP259","SCP259_N52",-3.8769416520309,-4.34019146288095,"4","#1DC199"
"SCP_N52.LPA2b.GTGCAGCGTAATCACC","SCP259","SCP259_N52",-3.27662941905971,-4.73578510606942,"4","#1DC199"
"SCP_N52.LPA2b.TACCTATAGACCGGAT","SCP259","SCP259_N52",-3.62664529773708,-4.871691802389,"4","#1DC199"
"SCP_N52.LPA2b.TAGAGCTCATCCCATC","SCP259","SCP259_N52",-3.75886032077785,-4.7119246515101,"4","#1DC199"
"SCP_N52.LPA2b.TAGAGCTTCCGTCATC","SCP259","SCP259_N52",-3.27414700481411,-4.50842247331796,"4","#1DC199"
"SCP_N52.LPA2b.TCACAAGAGGCATTGG","SCP259","SCP259_N52",-3.83839318248745,-4.47602615678964,"4","#1DC199"
"SCP_N52.LPA2b.TCACAAGGTCAATACC","SCP259","SCP259_N52",-3.71716901752468,-4.94216451967416,"4","#1DC199"
"SCP_N52.LPA2b.TCGCGAGGTACTTAGC","SCP259","SCP259_N52",-3.71396157238003,-4.79314098680673,"4","#1DC199"
"SCP_N52.LPA2b.TGACTAGAGCGTAATA","SCP259","SCP259_N52",-2.91402384731289,-3.91207752550302,"4","#1DC199"
"SCP_N52.LPA2b.TGCCCTAGTTCATGGT","SCP259","SCP259_N52",-3.5303680607986,-4.76713047350106,"4","#1DC199"
"SCP_N52.LPA2b.TGCGCAGTCCCTTGCA","SCP259","SCP259_N52",-3.76843234989162,-4.64507208193002,"4","#1DC199"
"SCP_N52.LPA2b.TGCTGCTGTCAGCTAT","SCP259","SCP259_N52",-3.20190188381191,-4.58451948488412,"4","#1DC199"
"SCP_N52.LPA2b.TGGGAAGGTTCTGTTT","SCP259","SCP259_N52",-3.33242151233669,-4.62014780367074,"4","#1DC199"
"SCP_N52.LPA2b.TTAGGCAAGGTGTTAA","SCP259","SCP259_N52",2.0465235998917,-2.08440265978036,"1","#DC9E70"
"SCP_N52.LPA2b.TTGTAGGAGCTAAGAT","SCP259","SCP259_N52",-2.89936015102382,-3.95524225557504,"4","#1DC199"
"SCP_N52.LPA2b.TTTGCGCTCCCAAGTA","SCP259","SCP259_N52",-3.04896232578274,-4.33487758958993,"4","#1DC199"
"SCP_N52.LPA2b.TTTGGTTAGCTAAACA","SCP259","SCP259_N52",-3.66561552974697,-5.10270605409799,"4","#1DC199"
"SCP_N58.EpiB1.AATCGGTGTAATAGCA","SCP259","SCP259_N58",-4.2898063370895,0.816064199560308,"2","#B7AE50"
"SCP_N58.EpiB1.ATTACTCCACTTACGA","SCP259","SCP259_N58",-3.9680723855209,0.925675084942006,"6","#6FB1E7"
"SCP_N58.EpiB1.CATCGGGAGACCACGA","SCP259","SCP259_N58",-3.67148110363003,0.621342143171453,"6","#6FB1E7"
"SCP_N58.EpiB1.CCGTGGAGTCAAAGAT","SCP259","SCP259_N58",-0.214313060970266,1.62469804858508,"0","#ED90A4"
"SCP_N58.EpiB1.CGCCAAGTCGGCGCAT","SCP259","SCP259_N58",-0.632827849121054,-1.49856839502511,"5","#00BFC8"
"SCP_N58.EpiB1.CTCAGAAAGTTAAGTG","SCP259","SCP259_N58",-5.44756648036953,0.7876624075109,"6","#6FB1E7"
"SCP_N58.EpiB1.CTTAACTAGAGTAATC","SCP259","SCP259_N58",-3.98796126338955,0.889635106676244,"6","#6FB1E7"
"SCP_N58.EpiB1.GAAACTCAGCGTCAAG","SCP259","SCP259_N58",-1.1977927396011,0.497567853086614,"6","#6FB1E7"
"SCP_N58.EpiB1.GCGCGATTCAGTGTTG","SCP259","SCP259_N58",-4.57651373836513,0.703803679102086,"2","#B7AE50"
"SCP_N58.EpiB1.GCTTCCAGTCGACTAT","SCP259","SCP259_N58",-1.3357162186813,1.14796330606284,"2","#B7AE50"
"SCP_N58.EpiB1.GGACGTCAGTGGTCCC","SCP259","SCP259_N58",-3.14744564983364,0.428791364782476,"6","#6FB1E7"
"SCP_N58.EpiB1.GGCAATTCAGGGATTG","SCP259","SCP259_N58",0.762658565311472,6.73417033826652,"2","#B7AE50"
"SCP_N58.EpiB1.GGGATGATCTGAGGGA","SCP259","SCP259_N58",-3.36569544765468,1.13829319750609,"2","#B7AE50"
"SCP_N58.EpiB1.GGTGAAGAGATGCCAG","SCP259","SCP259_N58",-5.45121237728115,0.95996852790656,"6","#6FB1E7"
"SCP_N58.EpiB1.GGTGAAGAGCTGCAAG","SCP259","SCP259_N58",-4.06528279277797,0.86703594600501,"6","#6FB1E7"
"SCP_N58.EpiB1.TCTGAGATCCAAACTG","SCP259","SCP259_N58",-7.18143269512172,-0.130276182538844,"5","#00BFC8"
"SCP_N58.EpiB1.TGCGGGTAGCACGCCT","SCP259","SCP259_N58",2.65339401271824,0.654807707422399,"0","#ED90A4"
"SCP_N58.EpiB1.TTGAACGGTTGTTTGG","SCP259","SCP259_N58",-0.980050296516378,0.456484040372991,"6","#6FB1E7"
"SCP_N58.EpiB1.TTTCCTCCACGGTGTC","SCP259","SCP259_N58",-5.78620907756801,-2.17976508463082,"5","#00BFC8"
"SCP_N58.EpiB2.CACACTCGTACCGTAT","SCP259","SCP259_N58",-7.65405318233486,-1.33139119470773,"5","#00BFC8"
"SCP_N58.LPB1.AACACGTAGAATCTCC","SCP259","SCP259_N58",1.41670206096653,1.39600299218389,"0","#ED90A4"
"SCP_N58.LPB1.ACGCCAGGTCACAAGG","SCP259","SCP259_N58",1.3723714640427,6.48731412565055,"2","#B7AE50"
"SCP_N58.LPB1.ATGGGAGGTCGCATCG","SCP259","SCP259_N58",1.84132292774204,6.40206947004142,"2","#B7AE50"
"SCP_N58.LPB1.ATGGGAGGTGAACCTT","SCP259","SCP259_N58",-4.22777888271328,-2.22539410913644,"2","#B7AE50"
"SCP_N58.LPB1.CACATAGTCCTTTCTC","SCP259","SCP259_N58",1.39201703575138,6.19443597471061,"2","#B7AE50"
"SCP_N58.LPB1.CACCTTGCATAGTAAG","SCP259","SCP259_N58",-7.38521096202846,-2.16558990801034,"7","#BB9DEA"
"SCP_N58.LPB1.CAGAATCCATACTCTT","SCP259","SCP259_N58",2.10406270530705,-3.88947782838998,"3","#7EBA68"
"SCP_N58.LPB1.CAGTCCTTCGCCTGTT","SCP259","SCP259_N58",-7.13205906841274,-5.58793173158822,"0","#ED90A4"
"SCP_N58.LPB1.CCAATCCGTTTGGCGC","SCP259","SCP259_N58",-6.60208985301967,-2.25569734895883,"5","#00BFC8"
"SCP_N58.LPB1.CGAGCCACACTGTGTA","SCP259","SCP259_N58",-3.17567011806484,0.822649499529027,"2","#B7AE50"
"SCP_N58.LPB1.CGATGGCTCGGGAGTA","SCP259","SCP259_N58",-5.24335476848598,-2.62619266832528,"4","#1DC199"
"SCP_N58.LPB1.CTAGAGTTCCGTCATC","SCP259","SCP259_N58",0.150881147949736,-0.509814122564173,"1","#DC9E70"
"SCP_N58.LPB1.CTCAGAATCGCTAGCG","SCP259","SCP259_N58",1.02677246835713,-4.6007824930018,"7","#BB9DEA"
"SCP_N58.LPB1.CTCTAATCATGGATGG","SCP259","SCP259_N58",0.250647273852269,-0.163094142324305,"0","#ED90A4"
"SCP_N58.LPB1.GAACCTATCGGATGTT","SCP259","SCP259_N58",0.248020336969535,-2.05016503656564,"1","#DC9E70"
"SCP_N58.LPB1.GCACATATCCCTAATT","SCP259","SCP259_N58",0.658850937156717,-0.476185539609767,"0","#ED90A4"
"SCP_N58.LPB1.GCGCAGTAGGATCGCA","SCP259","SCP259_N58",-0.736037463874777,-0.630714276677943,"0","#ED90A4"
"SCP_N58.LPB1.GCTCTGTCAATCCAAC","SCP259","SCP259_N58",4.34695342090611,-0.190886119253016,"0","#ED90A4"
"SCP_N58.LPB1.GTAGTCATCACCAGGC","SCP259","SCP259_N58",-6.7633695313644,-6.0177460702723,"7","#BB9DEA"
"SCP_N58.LPB1.GTCATTTCATTTCAGG","SCP259","SCP259_N58",1.74695220497135,-5.45841608370004,"3","#7EBA68"
"SCP_N58.LPB1.TACACGATCTAACTCT","SCP259","SCP259_N58",1.40790930297856,-0.764041522390223,"1","#DC9E70"
"SCP_N58.LPB1.TACCTATCAAGTAATG","SCP259","SCP259_N58",1.11712011602406,-1.73839197481332,"1","#DC9E70"
"SCP_N58.LPB1.TACTTACTCGTCTGCT","SCP259","SCP259_N58",-1.68048581573482,-3.02804098451791,"5","#00BFC8"
"SCP_N58.LPB1.TTATGCTGTGTTTGGT","SCP259","SCP259_N58",1.07131227758412,-1.46414194429574,"1","#DC9E70"
"SCP_N58.LPB2.GGGATGACATCACGTA","SCP259","SCP259_N58",3.66262009647373,-1.41659245813546,"1","#DC9E70"
"SCP_N58.LPA1.AAAGCAATCTTGGGTA","SCP259","SCP259_N58",-1.55733344051357,-1.53827057207284,"1","#DC9E70"
"SCP_N58.LPA1.AAAGTAGGTCAACTGT","SCP259","SCP259_N58",-3.75359174701687,-0.744007209188319,"2","#B7AE50"
"SCP_N58.LPA1.AACGTTGTCGTTTATC","SCP259","SCP259_N58",-2.84825798961635,1.13764210616889,"6","#6FB1E7"
"SCP_N58.LPA1.ACACTGAGTAGCGTCC","SCP259","SCP259_N58",4.30637839344029,-0.557516792661525,"0","#ED90A4"
"SCP_N58.LPA1.ACGAGGACACTTGGAT","SCP259","SCP259_N58",0.766793339519541,-1.16566953981576,"1","#DC9E70"
"SCP_N58.LPA1.ACTGAACGTTGAGTTC","SCP259","SCP259_N58",-2.83340260478969,1.01259931003394,"6","#6FB1E7"
"SCP_N58.LPA1.ACTTTCAAGAATGTGT","SCP259","SCP259_N58",-1.72247180435177,0.0335802045995228,"6","#6FB1E7"
"SCP_N58.LPA1.AGACGTTCATAACCTG","SCP259","SCP259_N58",3.43448808696751,-1.07713327730355,"0","#ED90A4"
"SCP_N58.LPA1.AGCCTAAAGAATGTGT","SCP259","SCP259_N58",-1.46301934215542,-1.10931215608773,"1","#DC9E70"
"SCP_N58.LPA1.AGTGTCATCCTCAATT","SCP259","SCP259_N58",3.87668636348728,-1.11876521433053,"0","#ED90A4"
"SCP_N58.LPA1.ATCTACTCATGCTGGC","SCP259","SCP259_N58",-3.10159012767788,1.58585063194575,"6","#6FB1E7"
"SCP_N58.LPA1.CACAGTACACGGTGTC","SCP259","SCP259_N58",-2.41338035556789,0.888694604986333,"6","#6FB1E7"
"SCP_N58.LPA1.CACATTTTCGCTTGTC","SCP259","SCP259_N58",-2.98767826053615,1.15770397161784,"6","#6FB1E7"
"SCP_N58.LPA1.CAGCAGCCATGACGGA","SCP259","SCP259_N58",4.48214104679112,-1.21510634744821,"0","#ED90A4"
"SCP_N58.LPA1.CAGCCGACAGTAAGCG","SCP259","SCP259_N58",1.46350923088078,-0.417156198865748,"1","#DC9E70"
"SCP_N58.LPA1.CATTATCCATGGATGG","SCP259","SCP259_N58",-2.5788848111343,0.989657959097051,"6","#6FB1E7"
"SCP_N58.LPA1.CCTTTCTCAGGGAGAG","SCP259","SCP259_N58",3.78473809268955,-1.02579174364266,"0","#ED90A4"
"SCP_N58.LPA1.CGTTCTGCATCGTCGG","SCP259","SCP259_N58",-4.07614752742763,0.607301673048162,"2","#B7AE50"
"SCP_N58.LPA1.CTAATGGTCAGGCGAA","SCP259","SCP259_N58",-2.56678244564052,0.923538914077901,"6","#6FB1E7"
"SCP_N58.LPA1.CTCGTCATCGGTCTAA","SCP259","SCP259_N58",1.60517111328129,-1.22926984155831,"1","#DC9E70"
"SCP_N58.LPA1.CTCTGGTAGACTACAA","SCP259","SCP259_N58",0.102969757287542,-0.0733639987772472,"1","#DC9E70"
"SCP_N58.LPA1.GATCAGTTCTTTCCTC","SCP259","SCP259_N58",-3.42568108531948,1.10738243734183,"6","#6FB1E7"
"SCP_N58.LPA1.GCGCAGTTCACGGTTA","SCP259","SCP259_N58",-1.19887062999721,-1.44303832376657,"1","#DC9E70"
"SCP_N58.LPA1.GGGAGATGTTCTGTTT","SCP259","SCP259_N58",1.45329716709141,-0.257472613698817,"1","#DC9E70"
"SCP_N58.LPA1.GGGTTGCCAAGAAGAG","SCP259","SCP259_N58",2.45960667636875,0.00967123185934948,"0","#ED90A4"
"SCP_N58.LPA1.GGTGTTAGTGTCTGAT","SCP259","SCP259_N58",-2.60344407054897,0.95693548595252,"6","#6FB1E7"
"SCP_N58.LPA1.GTATTCTGTGAAATCA","SCP259","SCP259_N58",3.90743806865696,-1.08452234590707,"0","#ED90A4"
"SCP_N58.LPA1.TCGGTAATCCCTAACC","SCP259","SCP259_N58",-2.07233473751064,-0.0328286680048473,"6","#6FB1E7"
"SCP_N58.LPA1.TTCTCAATCCACGCAG","SCP259","SCP259_N58",-1.52962514850612,-1.08403740251718,"1","#DC9E70"
"SCP_N58.LPA1.TTTGCGCGTTTCGCTC","SCP259","SCP259_N58",-2.56166574451443,1.0159543958837,"6","#6FB1E7"
"SCP_N58.EpiA1.AAATGCCCATATACCG","SCP259","SCP259_N58",-2.55530688259121,0.737448176496648,"6","#6FB1E7"
"SCP_N58.EpiA1.AACCGCGGTTCGCGAC","SCP259","SCP259_N58",-4.371396035881,1.64216022764983,"6","#6FB1E7"
"SCP_N58.EpiA1.AACGTTGCACATTTCT","SCP259","SCP259_N58",-1.5355144450378,-1.02268610323129,"0","#ED90A4"
"SCP_N58.EpiA1.AACTCTTCAGCCTTTC","SCP259","SCP259_N58",-1.30351063701626,-0.162024477369166,"6","#6FB1E7"
"SCP_N58.EpiA1.AACTTTCAGCTACCTA","SCP259","SCP259_N58",-0.0751324007224635,0.555718323343419,"1","#DC9E70"
"SCP_N58.EpiA1.AACTTTCTCGGACAAG","SCP259","SCP259_N58",0.475280045537989,0.863222977274083,"1","#DC9E70"
"SCP_N58.EpiA1.AAGACCTAGCCACGCT","SCP259","SCP259_N58",-1.41768345329281,0.60074629461112,"1","#DC9E70"
"SCP_N58.EpiA1.AAGTCTGAGATATGGT","SCP259","SCP259_N58",-1.0217798659515,-0.342419246084071,"6","#6FB1E7"
"SCP_N58.EpiA1.ACACTGATCACTCTTA","SCP259","SCP259_N58",-0.807437748641928,1.50476122474017,"0","#ED90A4"
"SCP_N58.EpiA1.ACCAGTATCCAAACTG","SCP259","SCP259_N58",-4.91800543758388,1.57198802208247,"6","#6FB1E7"
"SCP_N58.EpiA1.ACCGTAATCCGAACGC","SCP259","SCP259_N58",0.696902482776682,1.05028175389113,"1","#DC9E70"
"SCP_N58.EpiA1.ACGGGCTTCAGTTGAC","SCP259","SCP259_N58",0.218315301469307,0.0351211038762562,"1","#DC9E70"
"SCP_N58.EpiA1.ACGGGTCCAACGCACC","SCP259","SCP259_N58",-1.10628971549984,-0.348669865972377,"6","#6FB1E7"
"SCP_N58.EpiA1.ACGGGTCCAGACAGGT","SCP259","SCP259_N58",-1.96071812602993,0.153692623727941,"6","#6FB1E7"
"SCP_N58.EpiA1.ACTATCTGTACGCACC","SCP259","SCP259_N58",-2.17143341991421,0.570190927141332,"6","#6FB1E7"
"SCP_N58.EpiA1.ACTGAGTCACGCGAAA","SCP259","SCP259_N58",-4.67148348781582,1.66180347477736,"6","#6FB1E7"
"SCP_N58.EpiA1.ACTGCTCGTCGCCATG","SCP259","SCP259_N58",-1.12147089931484,0.566499015443944,"1","#DC9E70"
"SCP_N58.EpiA1.ACTTACTCACAGACTT","SCP259","SCP259_N58",-7.19493910762783,-0.064681390172816,"5","#00BFC8"
"SCP_N58.EpiA1.ACTTGTTTCACCTCGT","SCP259","SCP259_N58",-2.85555645915981,1.11623930012526,"2","#B7AE50"
"SCP_N58.EpiA1.ACTTTCAGTCGAATCT","SCP259","SCP259_N58",-2.79042169544216,1.06515141403022,"6","#6FB1E7"
"SCP_N58.EpiA1.AGATTGCAGATATACG","SCP259","SCP259_N58",-6.70395276042934,0.309871336572789,"5","#00BFC8"
"SCP_N58.EpiA1.AGCGGTCTCAACCAAC","SCP259","SCP259_N58",-1.69002541992183,0.564054867380285,"1","#DC9E70"
"SCP_N58.EpiA1.AGGGATGAGAGACGAA","SCP259","SCP259_N58",2.28032091167454,0.189212462061071,"0","#ED90A4"
"SCP_N58.EpiA1.AGGGATGTCGGAAACG","SCP259","SCP259_N58",-4.46696660015102,1.20559277211966,"6","#6FB1E7"
"SCP_N58.EpiA1.AGTGAGGTCTTTACAC","SCP259","SCP259_N58",-0.184651673765142,0.384920260065221,"1","#DC9E70"
"SCP_N58.EpiA1.ATGCGATAGATTACCC","SCP259","SCP259_N58",-4.59441515895839,1.56628241216483,"6","#6FB1E7"
"SCP_N58.EpiA1.ATTTCTGCAACCGCCA","SCP259","SCP259_N58",-1.31385597679134,-0.162091353780604,"6","#6FB1E7"
"SCP_N58.EpiA1.CACACCTCAAATCCGT","SCP259","SCP259_N58",-2.6901387879562,0.918904891365194,"6","#6FB1E7"
"SCP_N58.EpiA1.CACACTCAGCGCTCCA","SCP259","SCP259_N58",-1.93175885173794,0.451968630903386,"6","#6FB1E7"
"SCP_N58.EpiA1.CAGCGACAGTAACCCT","SCP259","SCP259_N58",4.01172736194615,0.175428411119603,"0","#ED90A4"
"SCP_N58.EpiA1.CAGCTGGTCATTGCCC","SCP259","SCP259_N58",-1.44621571990963,-1.29487786615548,"0","#ED90A4"
"SCP_N58.EpiA1.CAGGTGCGTGTGAAAT","SCP259","SCP259_N58",0.28364701476578,1.69169737970176,"1","#DC9E70"
"SCP_N58.EpiA1.CAGTAACAGTCGATAA","SCP259","SCP259_N58",-1.92127010318752,0.478842457883977,"6","#6FB1E7"
"SCP_N58.EpiA1.CAGTCCTAGGTGACCA","SCP259","SCP259_N58",0.442895962863009,0.546983977907323,"1","#DC9E70"
"SCP_N58.EpiA1.CAGTCCTAGTACGACG","SCP259","SCP259_N58",-3.49560496303554,1.03542166029754,"6","#6FB1E7"
"SCP_N58.EpiA1.CATATTCCATTCGACA","SCP259","SCP259_N58",-2.40793702098842,0.89554586088004,"6","#6FB1E7"
"SCP_N58.EpiA1.CATATTCGTTATGCGT","SCP259","SCP259_N58",-2.9252507397842,1.23892894958796,"6","#6FB1E7"
"SCP_N58.EpiA1.CATCGAAGTGAGCGAT","SCP259","SCP259_N58",-2.81014797183986,1.14173256432357,"6","#6FB1E7"
"SCP_N58.EpiA1.CATGACAAGACCTTTG","SCP259","SCP259_N58",-2.79543826076504,0.969792088621282,"6","#6FB1E7"
"SCP_N58.EpiA1.CCGGGATAGATATGGT","SCP259","SCP259_N58",-2.85191938373562,1.41987156694474,"6","#6FB1E7"
"SCP_N58.EpiA1.CCGTACTGTTCGTTGA","SCP259","SCP259_N58",-1.70262107345577,-1.07596216524301,"4","#1DC199"
"SCP_N58.EpiA1.CCGTTCACACACCGAC","SCP259","SCP259_N58",-2.96115848514553,1.59262325441184,"6","#6FB1E7"
"SCP_N58.EpiA1.CCTCTGAAGTGCCATT","SCP259","SCP259_N58",-1.57020899745937,-0.0959834846323497,"6","#6FB1E7"
"SCP_N58.EpiA1.CCTTCCCTCACCTCGT","SCP259","SCP259_N58",0.551831274299662,1.10749184166732,"1","#DC9E70"
"SCP_N58.EpiA1.CGCGGTAGTTCAGACT","SCP259","SCP259_N58",-2.50687691661831,0.757575055711889,"6","#6FB1E7"
"SCP_N58.EpiA1.CGCTATCGTGTTGAGG","SCP259","SCP259_N58",-2.42505833599087,0.893325111024999,"6","#6FB1E7"
"SCP_N58.EpiA1.CGCTGGAAGCAGACTG","SCP259","SCP259_N58",-3.11984989139553,1.13800527726951,"6","#6FB1E7"
"SCP_N58.EpiA1.CGCTGGAAGCGATAGC","SCP259","SCP259_N58",-2.82775208446499,1.09048499738517,"6","#6FB1E7"
"SCP_N58.EpiA1.CGGACACAGTACATGA","SCP259","SCP259_N58",5.54713824298863,-0.441172340757228,"0","#ED90A4"
"SCP_N58.EpiA1.CGTTGGGAGTATCTCG","SCP259","SCP259_N58",-2.98441597911831,1.2500522342855,"6","#6FB1E7"
"SCP_N58.EpiA1.CTAATGGAGTGTACCT","SCP259","SCP259_N58",2.17054381874088,0.349044582002782,"0","#ED90A4"
"SCP_N58.EpiA1.CTAATGGGTATATGAG","SCP259","SCP259_N58",-6.81106755229946,0.238556524866246,"6","#6FB1E7"
"SCP_N58.EpiA1.CTACACCGTCCTGCTT","SCP259","SCP259_N58",-2.55817839595791,1.24801304017844,"6","#6FB1E7"
"SCP_N58.EpiA1.CTAGTGATCCAAACTG","SCP259","SCP259_N58",-2.59606453868862,1.00165729796233,"6","#6FB1E7"
"SCP_N58.EpiA1.CTCCTAGTCGAGAGCA","SCP259","SCP259_N58",-6.20457121822353,0.715530118101262,"6","#6FB1E7"
"SCP_N58.EpiA1.CTCTGGTAGAAAGTGG","SCP259","SCP259_N58",0.493409811525385,1.03956367646995,"1","#DC9E70"
"SCP_N58.EpiA1.CTGCCTAGTGGTAACG","SCP259","SCP259_N58",-3.86394164058681,1.60750328575911,"6","#6FB1E7"
"SCP_N58.EpiA1.CTTACCGGTCTAACGT","SCP259","SCP259_N58",-2.53718850109096,0.494020840280675,"6","#6FB1E7"
"SCP_N58.EpiA1.GAAGCAGGTTCCAACA","SCP259","SCP259_N58",-3.10854312870022,1.12989508187118,"6","#6FB1E7"
"SCP_N58.EpiA1.GAATAAGGTGAAGGCT","SCP259","SCP259_N58",-1.5631959149551,0.598346492403173,"1","#DC9E70"
"SCP_N58.EpiA1.GAATGAACACTGCCAG","SCP259","SCP259_N58",0.604735820560495,-0.0498397144144542,"1","#DC9E70"
"SCP_N58.EpiA1.GACTACAGTTCTGTTT","SCP259","SCP259_N58",-0.37282291147228,0.718616327398443,"1","#DC9E70"
"SCP_N58.EpiA1.GATCGCGTCCTCATTA","SCP259","SCP259_N58",-2.1491117188644,0.530425926798009,"6","#6FB1E7"
"SCP_N58.EpiA1.GATCTAGTCTTGAGAC","SCP259","SCP259_N58",-6.50933596584316,0.476901253812932,"6","#6FB1E7"
"SCP_N58.EpiA1.GATGAAACAAAGTCAA","SCP259","SCP259_N58",-2.33502718898769,0.22533478414359,"6","#6FB1E7"
"SCP_N58.EpiA1.GATTCAGCACCAACCG","SCP259","SCP259_N58",-2.84882566425319,1.03937145149054,"6","#6FB1E7"
"SCP_N58.EpiA1.GCACATACACGCGAAA","SCP259","SCP259_N58",-1.87266871425625,0.50518508827033,"6","#6FB1E7"
"SCP_N58.EpiA1.GGAAAGCAGAAGGCCT","SCP259","SCP259_N58",0.627692430286448,0.715249141805791,"1","#DC9E70"
"SCP_N58.EpiA1.GGACAAGAGAAGGGTA","SCP259","SCP259_N58",-1.55363497230526,-0.877764562017298,"0","#ED90A4"
"SCP_N58.EpiA1.GGACAAGTCGTAGATC","SCP259","SCP259_N58",-3.87775752040859,1.73581071769538,"6","#6FB1E7"
"SCP_N58.EpiA1.GGACGTCGTCGCTTCT","SCP259","SCP259_N58",-3.22167798969265,1.38851491374614,"6","#6FB1E7"
"SCP_N58.EpiA1.GGCGACTGTATAGGTA","SCP259","SCP259_N58",-4.95075795146938,1.44212448423448,"6","#6FB1E7"
"SCP_N58.EpiA1.GGCGTGTAGGTTCCTA","SCP259","SCP259_N58",0.394868685870211,0.634462019556188,"1","#DC9E70"
"SCP_N58.EpiA1.GGGTCTGAGGGTTCCC","SCP259","SCP259_N58",-0.808995098800619,-0.316480735189296,"0","#ED90A4"
"SCP_N58.EpiA1.GTATTCTGTACTTAGC","SCP259","SCP259_N58",-4.02852246257778,1.05148344313445,"6","#6FB1E7"
"SCP_N58.EpiA1.GTCGGGTCACATCCGG","SCP259","SCP259_N58",-2.83626958820339,0.808687528722905,"6","#6FB1E7"
"SCP_N58.EpiA1.GTGTGCGTCTACTCAT","SCP259","SCP259_N58",-0.538384110660513,0.175192257517003,"1","#DC9E70"
"SCP_N58.EpiA1.TAAACCGTCACTCCTG","SCP259","SCP259_N58",-4.85898062679287,1.61153297697844,"6","#6FB1E7"
"SCP_N58.EpiA1.TAAGTGCTCGTTGCCT","SCP259","SCP259_N58",-3.34283968898769,1.53393138026538,"6","#6FB1E7"
"SCP_N58.EpiA1.TACGGATGTGATGTCT","SCP259","SCP259_N58",-1.49629518482204,-0.331387618429042,"1","#DC9E70"
"SCP_N58.EpiA1.TAGAGCTCAGCTCGCA","SCP259","SCP259_N58",-1.73195585700985,-0.975961545354701,"0","#ED90A4"
"SCP_N58.EpiA1.TAGCCGGTCACCTTAT","SCP259","SCP259_N58",-0.023582712740858,-0.00577757681069446,"1","#DC9E70"
"SCP_N58.EpiA1.TAGTTGGTCCGTCAAA","SCP259","SCP259_N58",-4.0967435548019,1.67951875006499,"6","#6FB1E7"
"SCP_N58.EpiA1.TATGCCCCATCTACGA","SCP259","SCP259_N58",6.00324299839024,-0.250591615087367,"0","#ED90A4"
"SCP_N58.EpiA1.TCAATCTGTCAGTGGA","SCP259","SCP259_N58",-1.61718759033199,-1.23469863260446,"0","#ED90A4"
"SCP_N58.EpiA1.TCACGAAAGTAGCGGT","SCP259","SCP259_N58",-2.92151281330105,1.06681453263106,"6","#6FB1E7"
"SCP_N58.EpiA1.TCAGCTCTCGCCAGCA","SCP259","SCP259_N58",0.67746794131283,0.60839678918662,"1","#DC9E70"
"SCP_N58.EpiA1.TCAGGATTCCGCAGTG","SCP259","SCP259_N58",0.574142723350565,0.0269377437764637,"1","#DC9E70"
"SCP_N58.EpiA1.TCGAGGCCAAATACAG","SCP259","SCP259_N58",0.558684139518778,0.177867075555944,"1","#DC9E70"
"SCP_N58.EpiA1.TCTCTAAAGCCCAATT","SCP259","SCP259_N58",-2.03630420658108,0.468108138197088,"6","#6FB1E7"
"SCP_N58.EpiA1.TGAAAGAGTTACGACT","SCP259","SCP259_N58",-2.81576272937771,1.30024607306065,"6","#6FB1E7"
"SCP_N58.EpiA1.TGAAAGATCTGCCAGG","SCP259","SCP259_N58",-4.02689072582241,1.10819031869712,"6","#6FB1E7"
"SCP_N58.EpiA1.TGCGCAGGTCTACCTC","SCP259","SCP259_N58",-2.28412577602382,0.564245959871434,"6","#6FB1E7"
"SCP_N58.EpiA1.TGCGTGGCATCACGTA","SCP259","SCP259_N58",-2.15995356533047,0.480404755228185,"6","#6FB1E7"
"SCP_N58.EpiA1.TGGGAAGTCCACGACG","SCP259","SCP259_N58",0.8842876246262,0.87113978540244,"1","#DC9E70"
"SCP_N58.EpiA1.TTCCCAGGTCGAGTTT","SCP259","SCP259_N58",0.413293375639956,0.396961351984166,"1","#DC9E70"
"SCP_N58.EpiA1.TTGGAACGTTAGGGTG","SCP259","SCP259_N58",0.365366815595667,0.266551396005773,"0","#ED90A4"
"SCP_N58.EpiA1.TTGGCAATCCGTAGTA","SCP259","SCP259_N58",0.577939598827402,1.10913883721175,"1","#DC9E70"
"SCP_N58.EpiA1.TTTCCTCTCATGCATG","SCP259","SCP259_N58",-3.31743189785,1.4014525582427,"6","#6FB1E7"
"SCP_N58.EpiA1.TTTGGTTCAGCAGTTT","SCP259","SCP259_N58",-2.83420440647121,1.02322440420928,"6","#6FB1E7"
"SCP_N58.EpiA2.AAACCTGCAAGCTGGA","SCP259","SCP259_N58",-0.428322643966635,0.731010755651616,"1","#DC9E70"
"SCP_N58.EpiA2.AAAGATGCAGATAATG","SCP259","SCP259_N58",-1.25288221332546,0.381963988893651,"1","#DC9E70"
"SCP_N58.EpiA2.AAAGATGTCTGTGCAA","SCP259","SCP259_N58",-0.924496741027792,0.685893913858556,"1","#DC9E70"
"SCP_N58.EpiA2.AAAGTAGTCACAGTAC","SCP259","SCP259_N58",-5.24634453746792,1.41309675959589,"6","#6FB1E7"
"SCP_N58.EpiA2.AACTCTTCAAGGGTCA","SCP259","SCP259_N58",0.768460421829264,0.212123057001256,"1","#DC9E70"
"SCP_N58.EpiA2.AACTGGTCAAGTCTAC","SCP259","SCP259_N58",-4.97105690929409,1.51416005765738,"6","#6FB1E7"
"SCP_N58.EpiA2.AAGGCAGGTAATCACC","SCP259","SCP259_N58",1.19442370441441,-0.278292992956019,"1","#DC9E70"
"SCP_N58.EpiA2.AATCCAGGTGTGACGA","SCP259","SCP259_N58",-2.59608575794216,1.19018756424727,"2","#B7AE50"
"SCP_N58.EpiA2.ACACCCTGTGTCTGAT","SCP259","SCP259_N58",-5.67755553218838,1.1600020883018,"6","#6FB1E7"
"SCP_N58.EpiA2.ACACCGGAGAATCTCC","SCP259","SCP259_N58",-0.288898081512411,0.564312538259649,"1","#DC9E70"
"SCP_N58.EpiA2.ACACCGGTCAAGGTAA","SCP259","SCP259_N58",-2.85620948764797,0.894792636984014,"6","#6FB1E7"
"SCP_N58.EpiA2.ACACTGAGTGCTTCTC","SCP259","SCP259_N58",-3.73753187152859,1.59606731509509,"6","#6FB1E7"
"SCP_N58.EpiA2.ACATACGCAACCGCCA","SCP259","SCP259_N58",-1.96536871883388,0.375271340959691,"6","#6FB1E7"
"SCP_N58.EpiA2.ACATACGGTACCGGCT","SCP259","SCP259_N58",0.789454250602762,-0.161728480703212,"1","#DC9E70"
"SCP_N58.EpiA2.ACATGGTGTAATCACC","SCP259","SCP259_N58",-1.57505294773098,-0.918160537130214,"0","#ED90A4"
"SCP_N58.EpiA2.ACCGTAATCTCCAACC","SCP259","SCP259_N58",0.826730995445292,1.29703549122157,"1","#DC9E70"
"SCP_N58.EpiA2.ACGAGCCGTCTCAACA","SCP259","SCP259_N58",0.641504733829538,1.08434497391524,"1","#DC9E70"
"SCP_N58.EpiA2.ACGATACAGGCTAGGT","SCP259","SCP259_N58",-5.54545065853115,1.12661080633941,"6","#6FB1E7"
"SCP_N58.EpiA2.ACGCCGACAAGCGCTC","SCP259","SCP259_N58",-5.05831381771084,1.4548400995666,"6","#6FB1E7"
"SCP_N58.EpiA2.ACGGCCAGTGTTGAGG","SCP259","SCP259_N58",-3.32802865001674,1.28919898545089,"6","#6FB1E7"
"SCP_N58.EpiA2.ACTATCTTCGGAAACG","SCP259","SCP259_N58",-3.95135066005703,0.792002698534154,"6","#6FB1E7"
"SCP_N58.EpiA2.ACTGAACCATAGAAAC","SCP259","SCP259_N58",-3.42621085140224,1.3026662675077,"6","#6FB1E7"
"SCP_N58.EpiA2.ACTGAGTGTCTCACCT","SCP259","SCP259_N58",-6.058323354454,0.809149464719915,"6","#6FB1E7"
"SCP_N58.EpiA2.ACTGAGTTCGATAGAA","SCP259","SCP259_N58",-5.09342286083217,1.42489073997083,"6","#6FB1E7"
"SCP_N58.EpiA2.ACTGATGTCCGTTGTC","SCP259","SCP259_N58",-0.0127994576406077,0.788385292642736,"1","#DC9E70"
"SCP_N58.EpiA2.ACTGCTCAGCATGGCA","SCP259","SCP259_N58",0.603222577838938,0.998742183797979,"1","#DC9E70"
"SCP_N58.EpiA2.ACTGTCCGTAGCGTAG","SCP259","SCP259_N58",-5.46916720363613,1.01863979374709,"6","#6FB1E7"
"SCP_N58.EpiA2.ACTTGTTAGTTATCGC","SCP259","SCP259_N58",-5.27948424312588,1.34322694515529,"6","#6FB1E7"
"SCP_N58.EpiA2.ACTTGTTCACTCTGTC","SCP259","SCP259_N58",0.195148360921781,0.407309671991491,"1","#DC9E70"
"SCP_N58.EpiA2.ACTTGTTGTATAGGGC","SCP259","SCP259_N58",-3.75829741451259,1.13306387340369,"6","#6FB1E7"
"SCP_N58.EpiA2.AGAATAGAGGACGAAA","SCP259","SCP259_N58",-2.63815328571316,1.04461064016166,"6","#6FB1E7"
"SCP_N58.EpiA2.AGAGCTTGTGCGGTAA","SCP259","SCP259_N58",0.416102333931963,0.105742355936193,"1","#DC9E70"
"SCP_N58.EpiA2.AGAGTGGCAAGGCTCC","SCP259","SCP259_N58",-1.49119362327572,-1.16450891817269,"0","#ED90A4"
"SCP_N58.EpiA2.AGATCTGTCAGGCGAA","SCP259","SCP259_N58",-1.27721032592769,-0.266436437017298,"1","#DC9E70"
"SCP_N58.EpiA2.AGATTGCAGCGGCTTC","SCP259","SCP259_N58",0.398025914101641,0.501709422224187,"1","#DC9E70"
"SCP_N58.EpiA2.AGCGTATGTAGGAGTC","SCP259","SCP259_N58",-2.1564244935226,0.310758134477758,"6","#6FB1E7"
"SCP_N58.EpiA2.AGCGTCGAGGGATCTG","SCP259","SCP259_N58",-3.18362328502651,0.585836669557714,"6","#6FB1E7"
"SCP_N58.EpiA2.AGGCCGTCAATTGCTG","SCP259","SCP259_N58",0.625748454599421,0.71664520179572,"1","#DC9E70"
"SCP_N58.EpiA2.AGGGATGGTACCGTAT","SCP259","SCP259_N58",-5.81805178615566,0.882802209013128,"6","#6FB1E7"
"SCP_N58.EpiA2.AGGGATGTCCACGTGG","SCP259","SCP259_N58",-1.77750608417507,-0.0411174091166027,"6","#6FB1E7"
"SCP_N58.EpiA2.AGTGAGGGTTAGTGGG","SCP259","SCP259_N58",-1.09514340850826,1.60484432255568,"1","#DC9E70"
"SCP_N58.EpiA2.AGTGGGATCCTCGCAT","SCP259","SCP259_N58",0.74662539270405,0.194884916895055,"1","#DC9E70"
"SCP_N58.EpiA2.ATAAGAGCATGCTGGC","SCP259","SCP259_N58",0.482736228971521,0.95132612263503,"1","#DC9E70"
"SCP_N58.EpiA2.ATCCGAAGTGTGACGA","SCP259","SCP259_N58",-1.37883886787411,0.536016246431493,"1","#DC9E70"
"SCP_N58.EpiA2.ATCTACTGTCACACGC","SCP259","SCP259_N58",-3.02743312808986,1.10635783349814,"6","#6FB1E7"
"SCP_N58.EpiA2.ATGGGAGGTATTAGCC","SCP259","SCP259_N58",-3.47693988773342,0.95620306407752,"6","#6FB1E7"
"SCP_N58.EpiA2.ATTACTCGTCCTGCTT","SCP259","SCP259_N58",-4.81417986843105,1.23655006861033,"6","#6FB1E7"
"SCP_N58.EpiA2.CAACCAATCGCGTTTC","SCP259","SCP259_N58",0.671553730039637,1.11791866099181,"1","#DC9E70"
"SCP_N58.EpiA2.CAACCTCTCGATCCCT","SCP259","SCP259_N58",-1.58554801437374,-4.03475675905404,"0","#ED90A4"
"SCP_N58.EpiA2.CAAGATCAGCTGTCTA","SCP259","SCP259_N58",-5.37869498226162,1.21864864801707,"6","#6FB1E7"
"SCP_N58.EpiA2.CAAGATCTCGAATGCT","SCP259","SCP259_N58",-2.09451863262173,-0.16980157221017,"1","#DC9E70"
"SCP_N58.EpiA2.CAAGGCCGTGACCAAG","SCP259","SCP259_N58",-3.41774937602993,1.23049596523585,"6","#6FB1E7"
"SCP_N58.EpiA2.CAAGTTGTCCTGTAGA","SCP259","SCP259_N58",0.180645844905417,0.944055846088552,"1","#DC9E70"
"SCP_N58.EpiA2.CACAAACCATCTACGA","SCP259","SCP259_N58",-0.686571807594259,0.490139326208257,"1","#DC9E70"
"SCP_N58.EpiA2.CACACCTTCAATACCG","SCP259","SCP259_N58",2.11237671878819,-0.236834505445338,"0","#ED90A4"
"SCP_N58.EpiA2.CACATTTAGGGATACC","SCP259","SCP259_N58",-4.66439721080776,1.62863717054667,"6","#6FB1E7"
"SCP_N58.EpiA2.CACATTTCACAAGACG","SCP259","SCP259_N58",-2.76574465724941,0.79164030229392,"6","#6FB1E7"
"SCP_N58.EpiA2.CACATTTTCGGCGGTT","SCP259","SCP259_N58",0.281224607496302,0.141156336420202,"1","#DC9E70"
"SCP_N58.EpiA2.CACCACTCAGATAATG","SCP259","SCP259_N58",0.49533104804043,0.951405933254384,"1","#DC9E70"
"SCP_N58.EpiA2.CAGAATCAGTTGAGAT","SCP259","SCP259_N58",-3.20443984958645,1.01101346885505,"6","#6FB1E7"
"SCP_N58.EpiA2.CAGAATCTCGCTTGTC","SCP259","SCP259_N58",-1.3907847115707,-0.200441339856959,"1","#DC9E70"
"SCP_N58.EpiA2.CAGAGAGCAGGTTTCA","SCP259","SCP259_N58",-1.54490634891506,0.394334098451757,"6","#6FB1E7"
"SCP_N58.EpiA2.CAGCAGCTCAGCTGGC","SCP259","SCP259_N58",2.3758373549271,0.200897237413549,"0","#ED90A4"
"SCP_N58.EpiA2.CAGCCGACATAGAAAC","SCP259","SCP259_N58",-2.32408902141567,0.904830536001348,"6","#6FB1E7"
"SCP_N58.EpiA2.CAGCGACTCAATCACG","SCP259","SCP259_N58",0.461494176654856,0.0732895342046254,"1","#DC9E70"
"SCP_N58.EpiA2.CAGCTAATCTCAAGTG","SCP259","SCP259_N58",-4.33380648586269,1.66619231378379,"6","#6FB1E7"
"SCP_N58.EpiA2.CAGGTGCGTTGGAGGT","SCP259","SCP259_N58",-2.28038880321499,0.129517456644201,"6","#6FB1E7"
"SCP_N58.EpiA2.CAGTCCTAGGGTCTCC","SCP259","SCP259_N58",0.201117970987002,0.739799281709813,"1","#DC9E70"
"SCP_N58.EpiA2.CAGTCCTGTAGGGTAC","SCP259","SCP259_N58",1.05955013540272,-0.400965312368251,"0","#ED90A4"
"SCP_N58.EpiA2.CATATGGAGTTTCCTT","SCP259","SCP259_N58",-1.44938549491878,-0.970318892843104,"0","#ED90A4"
"SCP_N58.EpiA2.CATATTCCAGCTGGCT","SCP259","SCP259_N58",-0.721841425628622,0.994516452901983,"1","#DC9E70"
"SCP_N58.EpiA2.CATATTCGTACCCAAT","SCP259","SCP259_N58",-2.11470601055141,1.25177442108931,"2","#B7AE50"
"SCP_N58.EpiA2.CATGCCTCAAGAAGAG","SCP259","SCP259_N58",-1.70840844604488,-0.576892474538661,"0","#ED90A4"
"SCP_N58.EpiA2.CATGGCGCAAGGTTTC","SCP259","SCP259_N58",-4.07710453960415,1.67262666498961,"6","#6FB1E7"
"SCP_N58.EpiA2.CATTATCTCGACAGCC","SCP259","SCP259_N58",-2.95243784877773,0.375729223840856,"6","#6FB1E7"
"SCP_N58.EpiA2.CCATGTCAGCTACCTA","SCP259","SCP259_N58",-4.39720293972011,1.52438311105313,"6","#6FB1E7"
"SCP_N58.EpiA2.CCCAATCGTTATTCTC","SCP259","SCP259_N58",-2.87765738460537,2.02945568239036,"6","#6FB1E7"
"SCP_N58.EpiA2.CCCAGTTGTTAAGTAG","SCP259","SCP259_N58",-4.07642027828213,1.52704188054147,"6","#6FB1E7"
"SCP_N58.EpiA2.CCCATACAGACCTAGG","SCP259","SCP259_N58",-3.18107029888149,1.62512975012603,"6","#6FB1E7"
"SCP_N58.EpiA2.CCCATACAGATATGGT","SCP259","SCP259_N58",-2.06514594051357,1.34857631673756,"2","#B7AE50"
"SCP_N58.EpiA2.CCGTGGAAGAGCCTAG","SCP259","SCP259_N58",0.299628390936892,0.590602895372533,"1","#DC9E70"
"SCP_N58.EpiA2.CCGTTCACAAGAGGCT","SCP259","SCP259_N58",0.664582430391352,0.628848573320531,"1","#DC9E70"
"SCP_N58.EpiA2.CCGTTCAGTGTCCTCT","SCP259","SCP259_N58",-3.72719356510158,1.1163809803659,"2","#B7AE50"
"SCP_N58.EpiA2.CCGTTCAGTTTACTCT","SCP259","SCP259_N58",-3.74658271762844,1.47677550291362,"6","#6FB1E7"
"SCP_N58.EpiA2.CCTACCACATGCCCGA","SCP259","SCP259_N58",0.605879901914637,0.434140285604619,"1","#DC9E70"
"SCP_N58.EpiA2.CCTAGCTTCGTGACAT","SCP259","SCP259_N58",-0.427371473045309,0.579254111402654,"1","#DC9E70"
"SCP_N58.EpiA2.CCTATTACATCTGGTA","SCP259","SCP259_N58",-3.30731341335293,1.21000052069964,"6","#6FB1E7"
"SCP_N58.EpiA2.CCTCTGAAGCTCCTTC","SCP259","SCP259_N58",-2.81675884220119,0.408912083261632,"6","#6FB1E7"
"SCP_N58.EpiA2.CCTTACGAGAAACGAG","SCP259","SCP259_N58",-1.66000959369655,0.0120239463979237,"6","#6FB1E7"
"SCP_N58.EpiA2.CCTTACGAGAAGGCCT","SCP259","SCP259_N58",-2.67874071094509,0.729139229410314,"6","#6FB1E7"
"SCP_N58.EpiA2.CCTTACGTCCTCAATT","SCP259","SCP259_N58",-7.36340805980678,-0.387451151258326,"5","#00BFC8"
"SCP_N58.EpiA2.CCTTACGTCGAACGGA","SCP259","SCP259_N58",-3.61499402019497,1.45375081350746,"6","#6FB1E7"
"SCP_N58.EpiA2.CCTTTCTAGTCACGCC","SCP259","SCP259_N58",-1.37172755691524,-4.17621574724374,"1","#DC9E70"
"SCP_N58.EpiA2.CGAACATTCTGTCCGT","SCP259","SCP259_N58",-2.48888799640652,1.14291357075515,"2","#B7AE50"
"SCP_N58.EpiA2.CGACTTCCAAGCTGGA","SCP259","SCP259_N58",0.31781984028105,0.987417420499944,"1","#DC9E70"
"SCP_N58.EpiA2.CGAGAAGTCACATAGC","SCP259","SCP259_N58",-3.36068794223781,1.04100983416381,"6","#6FB1E7"
"SCP_N58.EpiA2.CGAGCACGTTTCCACC","SCP259","SCP259_N58",-2.83059713336941,0.712876698129796,"6","#6FB1E7"
"SCP_N58.EpiA2.CGATGTAGTCCCTTGT","SCP259","SCP259_N58",-0.0547059485625819,0.771832367532872,"1","#DC9E70"
"SCP_N58.EpiA2.CGCCAAGAGCTGCGAA","SCP259","SCP259_N58",-2.80422040912624,1.17162329530063,"6","#6FB1E7"
"SCP_N58.EpiA2.CGCGGTACATGCAATC","SCP259","SCP259_N58",0.504728852777521,0.317559858911657,"1","#DC9E70"
"SCP_N58.EpiA2.CGGACACCATAACCTG","SCP259","SCP259_N58",-4.63101241085048,1.6513537970716,"6","#6FB1E7"
"SCP_N58.EpiA2.CGGAGCTTCAGCTCGG","SCP259","SCP259_N58",-1.96449205371853,0.39817061101737,"6","#6FB1E7"
"SCP_N58.EpiA2.CGGGTCACACCGCTAG","SCP259","SCP259_N58",-4.51604506465908,1.6715735403234,"6","#6FB1E7"
"SCP_N58.EpiA2.CGGTTAAAGAAACCAT","SCP259","SCP259_N58",-0.0563466856193141,0.924572697036885,"1","#DC9E70"
"SCP_N58.EpiA2.CGTAGGCAGCTGTTCA","SCP259","SCP259_N58",-1.484517545433,-0.160153964406825,"6","#6FB1E7"
"SCP_N58.EpiA2.CGTCACTTCGGTGTCG","SCP259","SCP259_N58",1.06177529600147,-0.0452925952738292,"1","#DC9E70"
"SCP_N58.EpiA2.CGTCTACAGGTGCAAC","SCP259","SCP259_N58",-2.79749342891689,1.04382362043204,"2","#B7AE50"
"SCP_N58.EpiA2.CGTCTACAGTGGACGT","SCP259","SCP259_N58",-2.21225997898098,0.682477673643255,"6","#6FB1E7"
"SCP_N58.EpiA2.CTAACTTGTCTGCCAG","SCP259","SCP259_N58",-3.38266655895229,1.49649613177123,"6","#6FB1E7"
"SCP_N58.EpiA2.CTAATGGTCAGGCAAG","SCP259","SCP259_N58",0.369944198994677,0.0596118179494374,"1","#DC9E70"
"SCP_N58.EpiA2.CTCGAAATCTTCCTTC","SCP259","SCP259_N58",-7.2100887009811,-0.157781580335475,"5","#00BFC8"
"SCP_N58.EpiA2.CTCGGGAAGTTATCGC","SCP259","SCP259_N58",0.729223280220072,0.892438015096807,"1","#DC9E70"
"SCP_N58.EpiA2.CTCTGGTAGGACAGAA","SCP259","SCP259_N58",0.370315595536272,0.177851101511144,"1","#DC9E70"
"SCP_N58.EpiA2.CTGAAACAGCGAGAAA","SCP259","SCP259_N58",-0.673304052085836,0.60958166992011,"1","#DC9E70"
"SCP_N58.EpiA2.CTGAAGTGTGGCAAAC","SCP259","SCP259_N58",-1.60753080341335,-0.737890580541468,"0","#ED90A4"
"SCP_N58.EpiA2.CTGCGGAGTAGGCTGA","SCP259","SCP259_N58",-0.342021257610281,0.89065529977622,"1","#DC9E70"
"SCP_N58.EpiA2.CTGTGCTGTCCAGTTA","SCP259","SCP259_N58",0.670116662054102,0.941753795498037,"1","#DC9E70"
"SCP_N58.EpiA2.CTTTGCGCACACAGAG","SCP259","SCP259_N58",0.111050724058191,-0.181886890775538,"0","#ED90A4"
"SCP_N58.EpiA2.CTTTGCGGTGGTGTAG","SCP259","SCP259_N58",0.404738961725275,-0.0552594455545909,"1","#DC9E70"
"SCP_N58.EpiA2.GAAACTCTCGGACAAG","SCP259","SCP259_N58",-5.29721018764492,1.26195207809749,"6","#6FB1E7"
"SCP_N58.EpiA2.GAACATCCAGACAGGT","SCP259","SCP259_N58",-1.86120626422878,-0.438710192090846,"6","#6FB1E7"
"SCP_N58.EpiA2.GAACCTAAGTGGACGT","SCP259","SCP259_N58",-4.18132779094692,1.73247372185531,"6","#6FB1E7"
"SCP_N58.EpiA2.GAACGGACAGCGTAAG","SCP259","SCP259_N58",1.01695617940907,1.29994478648248,"0","#ED90A4"
"SCP_N58.EpiA2.GAAGCAGTCCGTTGTC","SCP259","SCP259_N58",-2.23435017559048,0.60664524709525,"6","#6FB1E7"
"SCP_N58.EpiA2.GAATAAGGTAGGGACT","SCP259","SCP259_N58",-3.53272602054592,0.993055006616735,"6","#6FB1E7"
"SCP_N58.EpiA2.GACACGCAGACTGTAA","SCP259","SCP259_N58",-1.2243869015884,-0.239813903219081,"6","#6FB1E7"
"SCP_N58.EpiA2.GACGCGTTCTATCCCG","SCP259","SCP259_N58",-5.29553315135952,1.43481797551455,"6","#6FB1E7"
"SCP_N58.EpiA2.GACGTGCGTGTTTGTG","SCP259","SCP259_N58",0.540756761102717,1.53230853950324,"1","#DC9E70"
"SCP_N58.EpiA2.GACTAACAGACAGACC","SCP259","SCP259_N58",0.556624381809275,1.22988249933066,"1","#DC9E70"
"SCP_N58.EpiA2.GACTAACGTTCACCTC","SCP259","SCP259_N58",-1.11577877494808,0.739496549718999,"1","#DC9E70"
"SCP_N58.EpiA2.GACTAACTCGTCCAGG","SCP259","SCP259_N58",-1.27685627433773,-1.35888252580819,"0","#ED90A4"
"SCP_N58.EpiA2.GAGCAGACATAGACTC","SCP259","SCP259_N58",-1.1168122002792,-0.435738304502345,"0","#ED90A4"
"SCP_N58.EpiA2.GAGTCCGCACATTTCT","SCP259","SCP259_N58",-4.96085974666591,0.829422554128789,"6","#6FB1E7"
"SCP_N58.EpiA2.GATGCTATCAGTTCGA","SCP259","SCP259_N58",-2.63003370258327,0.982420494907521,"6","#6FB1E7"
"SCP_N58.EpiA2.GCAAACTCAATGGACG","SCP259","SCP259_N58",-2.75737115833278,1.13731556212249,"2","#B7AE50"
"SCP_N58.EpiA2.GCAAACTGTGCGATAG","SCP259","SCP259_N58",0.632878093986551,1.29185596679988,"1","#DC9E70"
"SCP_N58.EpiA2.GCACATACACGTGAGA","SCP259","SCP259_N58",0.646687774925272,-0.00735590780434681,"1","#DC9E70"
"SCP_N58.EpiA2.GCAGTTAAGATAGCAT","SCP259","SCP259_N58",0.740427582531015,1.15125348245444,"1","#DC9E70"
"SCP_N58.EpiA2.GCATGATGTAATCACC","SCP259","SCP259_N58",0.975785641937296,-0.405764678365565,"1","#DC9E70"
"SCP_N58.EpiA2.GCATGTAGTCCCGACA","SCP259","SCP259_N58",-3.59399339649196,1.27519816731753,"6","#6FB1E7"
"SCP_N58.EpiA2.GCGACCACAATCTGCA","SCP259","SCP259_N58",-2.32931920978542,0.944485833995961,"6","#6FB1E7"
"SCP_N58.EpiA2.GCGACCAGTACTCTCC","SCP259","SCP259_N58",-2.36291834804531,0.841647645586156,"6","#6FB1E7"
"SCP_N58.EpiA2.GCGACCAGTAGTAGTA","SCP259","SCP259_N58",-3.99082562419887,1.0707782117063,"6","#6FB1E7"
"SCP_N58.EpiA2.GCGCAACAGAGTTGGC","SCP259","SCP259_N58",-3.55147954914089,1.08058216249289,"6","#6FB1E7"
"SCP_N58.EpiA2.GCGCAACCAGGGAGAG","SCP259","SCP259_N58",-3.33084985706325,1.33469031577649,"6","#6FB1E7"
"SCP_N58.EpiA2.GCGGGTTGTGTTCTTT","SCP259","SCP259_N58",-4.54229018184658,1.61670384382548,"6","#6FB1E7"
"SCP_N58.EpiA2.GCGGGTTTCAGGTAAA","SCP259","SCP259_N58",0.155027999548952,1.01261289989295,"1","#DC9E70"
"SCP_N58.EpiA2.GCTGCAGGTTCGAATC","SCP259","SCP259_N58",-2.25904151889797,0.64700808202567,"6","#6FB1E7"
"SCP_N58.EpiA2.GCTGCTTCAATAGCAA","SCP259","SCP259_N58",-2.18569609615322,0.803586444013738,"6","#6FB1E7"
"SCP_N58.EpiA2.GCTGCTTGTGGCGAAT","SCP259","SCP259_N58",0.196827278478782,0.433816036337041,"1","#DC9E70"
"SCP_N58.EpiA2.GCTGCTTTCAAGCCTA","SCP259","SCP259_N58",-0.619588703842123,1.15133457457366,"1","#DC9E70"
"SCP_N58.EpiA2.GCTTGAACATCTACGA","SCP259","SCP259_N58",-1.36179074737545,-1.10579619730172,"0","#ED90A4"
"SCP_N58.EpiA2.GGAATAATCGCAAGCC","SCP259","SCP259_N58",-0.832014651031454,0.838595232122564,"1","#DC9E70"
"SCP_N58.EpiA2.GGACAGAAGGCAAAGA","SCP259","SCP259_N58",-2.4227523514938,0.610772332304143,"6","#6FB1E7"
"SCP_N58.EpiA2.GGATGTTCACAACGTT","SCP259","SCP259_N58",-1.05549916717525,-0.264843204862452,"6","#6FB1E7"
"SCP_N58.EpiA2.GGCAATTCATGCCTTC","SCP259","SCP259_N58",0.241969668312709,0.732533535116338,"1","#DC9E70"
"SCP_N58.EpiA2.GGCAATTTCAGTTAGC","SCP259","SCP259_N58",-2.92176339122768,1.04357754265609,"6","#6FB1E7"
"SCP_N58.EpiA2.GGCTCGAGTCCGAGTC","SCP259","SCP259_N58",-1.26017806026455,0.27693881666007,"1","#DC9E70"
"SCP_N58.EpiA2.GGGAGATTCTCTTATG","SCP259","SCP259_N58",-4.77252146694179,1.59362453793826,"6","#6FB1E7"
"SCP_N58.EpiA2.GGTGTTAGTTGTGGCC","SCP259","SCP259_N58",0.417373850016634,0.424756428354406,"1","#DC9E70"
"SCP_N58.EpiA2.GTACTCCGTGATGTGG","SCP259","SCP259_N58",0.741998641758005,1.15794274782481,"1","#DC9E70"
"SCP_N58.EpiA2.GTACTCCGTTATTCTC","SCP259","SCP259_N58",-5.9011230179977,0.929430386179113,"6","#6FB1E7"
"SCP_N58.EpiA2.GTACTTTGTTTGGCGC","SCP259","SCP259_N58",-2.86373683902736,1.0031978396112,"6","#6FB1E7"
"SCP_N58.EpiA2.GTAGTCAGTTGTGGAG","SCP259","SCP259_N58",0.182803298352997,0.707356950395726,"1","#DC9E70"
"SCP_N58.EpiA2.GTAGTCATCTTGTACT","SCP259","SCP259_N58",-0.634058387012442,-0.211614945775843,"6","#6FB1E7"
"SCP_N58.EpiA2.GTATTCTAGGTGACCA","SCP259","SCP259_N58",0.684553234844248,-0.252564886457301,"1","#DC9E70"
"SCP_N58.EpiA2.GTCATTTTCAGGATCT","SCP259","SCP259_N58",-1.33154341670986,-1.31323442781625,"0","#ED90A4"
"SCP_N58.EpiA2.GTCGGGTCAGTAACGG","SCP259","SCP259_N58",0.585125177173655,1.29021491681876,"1","#DC9E70"
"SCP_N58.EpiA2.GTGAAGGTCCACGAAT","SCP259","SCP259_N58",-4.67093274089809,1.32458007907214,"6","#6FB1E7"
"SCP_N58.EpiA2.GTGCATAAGCATCATC","SCP259","SCP259_N58",-2.19456884357448,1.58928168391528,"6","#6FB1E7"
"SCP_N58.EpiA2.GTGCGGTGTGGTCTCG","SCP259","SCP259_N58",-1.5235150763702,-1.04930577600656,"0","#ED90A4"
"SCP_N58.EpiA2.GTGGGTCCAGATGGGT","SCP259","SCP259_N58",-1.09993252250667,-0.182857850438929,"6","#6FB1E7"
"SCP_N58.EpiA2.GTTAAGCCAGACGTAG","SCP259","SCP259_N58",-1.49996218177791,1.50200936024728,"2","#B7AE50"
"SCP_N58.EpiA2.GTTCATTAGGCCGAAT","SCP259","SCP259_N58",-2.79860517475124,1.48859696661773,"6","#6FB1E7"
"SCP_N58.EpiA2.GTTCATTTCCGCATAA","SCP259","SCP259_N58",-4.54675433132168,1.6612474826509,"6","#6FB1E7"
"SCP_N58.EpiA2.TAAACCGCACTGTTAG","SCP259","SCP259_N58",-0.861358852119406,-0.42293010080514,"1","#DC9E70"
"SCP_N58.EpiA2.TAAGAGACATGTAGTC","SCP259","SCP259_N58",-1.31025227996822,-1.10597906435189,"0","#ED90A4"
"SCP_N58.EpiA2.TAAGTGCTCAAGGTAA","SCP259","SCP259_N58",-0.690204174251516,-0.3777987750834,"1","#DC9E70"
"SCP_N58.EpiA2.TACACGAAGGGTTCCC","SCP259","SCP259_N58",0.270540150820057,0.885201057546758,"1","#DC9E70"
"SCP_N58.EpiA2.TACAGTGTCCTATGTT","SCP259","SCP259_N58",-0.634854585857351,0.0106978622609608,"1","#DC9E70"
"SCP_N58.EpiA2.TACCTATAGAGCAATT","SCP259","SCP259_N58",-4.40077015850063,1.62832874631228,"6","#6FB1E7"
"SCP_N58.EpiA2.TACCTTACACCTCGGA","SCP259","SCP259_N58",-6.31771990749355,0.629552444570684,"6","#6FB1E7"
"SCP_N58.EpiA2.TACTCATAGCGTGTCC","SCP259","SCP259_N58",-1.2353766867828,-0.453900316602565,"1","#DC9E70"
"SCP_N58.EpiA2.TACTTACTCTACTATC","SCP259","SCP259_N58",-3.89366576168056,1.12918262755217,"6","#6FB1E7"
"SCP_N58.EpiA2.TACTTGTAGCCAGTAG","SCP259","SCP259_N58",0.615919082431833,0.990466049068593,"1","#DC9E70"
"SCP_N58.EpiA2.TAGTGGTAGTGTGGCA","SCP259","SCP259_N58",-2.925510854454,0.946830770128392,"6","#6FB1E7"
"SCP_N58.EpiA2.TATGCCCGTTTGACAC","SCP259","SCP259_N58",-1.58931848499294,-1.01139030779061,"0","#ED90A4"
"SCP_N58.EpiA2.TATGCCCTCGCATGAT","SCP259","SCP259_N58",-4.96594902965542,1.55793257629218,"6","#6FB1E7"
"SCP_N58.EpiA2.TCAACGAAGATCGATA","SCP259","SCP259_N58",-4.92462393733974,1.51045673167052,"6","#6FB1E7"
"SCP_N58.EpiA2.TCACAAGCACCAACCG","SCP259","SCP259_N58",-1.50470325443264,-0.115439513570643,"1","#DC9E70"
"SCP_N58.EpiA2.TCACAAGTCGTTGACA","SCP259","SCP259_N58",-2.73623558971401,0.414815625303411,"6","#6FB1E7"
"SCP_N58.EpiA2.TCAGCTCCACCTGGTG","SCP259","SCP259_N58",-3.69601318332668,1.20256117557826,"6","#6FB1E7"
"SCP_N58.EpiA2.TCATTACTCAGCCTAA","SCP259","SCP259_N58",0.516334890394251,1.20598710154834,"1","#DC9E70"
"SCP_N58.EpiA2.TCCACACTCTAGCACA","SCP259","SCP259_N58",-0.157380104989965,0.282289644830846,"1","#DC9E70"
"SCP_N58.EpiA2.TCGAGGCTCCGTCATC","SCP259","SCP259_N58",-2.43248841258999,0.703448852651738,"6","#6FB1E7"
"SCP_N58.EpiA2.TCGCGAGAGCGTGAAC","SCP259","SCP259_N58",-1.3516595074844,-0.289395192510463,"6","#6FB1E7"
"SCP_N58.EpiA2.TCGCGTTAGCTTCGCG","SCP259","SCP259_N58",-4.62378642055507,1.34003262793364,"6","#6FB1E7"
"SCP_N58.EpiA2.TCGGTAAGTACATCCA","SCP259","SCP259_N58",-1.43048772308346,-0.742032864934779,"0","#ED90A4"
"SCP_N58.EpiA2.TCTATTGCACAACGTT","SCP259","SCP259_N58",-0.357714743347128,1.01120339905562,"1","#DC9E70"
"SCP_N58.EpiA2.TCTGAGAAGGAGTACC","SCP259","SCP259_N58",-4.50474450084682,1.65774433886352,"6","#6FB1E7"
"SCP_N58.EpiA2.TCTGAGATCAGAGGTG","SCP259","SCP259_N58",-3.49548766109463,0.959045579784536,"6","#6FB1E7"
"SCP_N58.EpiA2.TCTGGAAGTCACACGC","SCP259","SCP259_N58",1.4820694020081,-0.452434280759669,"1","#DC9E70"
"SCP_N58.EpiA2.TCTTTCCCACGAAATA","SCP259","SCP259_N58",0.701735018758814,1.14918993985,"1","#DC9E70"
"SCP_N58.EpiA2.TGACGGCGTCTCTTAT","SCP259","SCP259_N58",-1.51977786514278,-1.04278240526376,"0","#ED90A4"
"SCP_N58.EpiA2.TGAGAGGCAACGATCT","SCP259","SCP259_N58",1.0298633268166,-0.480312088376857,"1","#DC9E70"
"SCP_N58.EpiA2.TGAGCCGCAGATTGCT","SCP259","SCP259_N58",-3.27109214756008,1.24090704893413,"6","#6FB1E7"
"SCP_N58.EpiA2.TGAGCCGGTTTCCACC","SCP259","SCP259_N58",0.140985562472384,0.349378606432103,"1","#DC9E70"
"SCP_N58.EpiA2.TGAGGGAAGGGTGTGT","SCP259","SCP259_N58",-3.18189141246792,1.05642270123305,"6","#6FB1E7"
"SCP_N58.EpiA2.TGCACCTTCCTCCTAG","SCP259","SCP259_N58",-4.34895321819301,1.51670952712836,"6","#6FB1E7"
"SCP_N58.EpiA2.TGCCCATCAGACAAGC","SCP259","SCP259_N58",-0.931081504554708,0.837014814966344,"1","#DC9E70"
"SCP_N58.EpiA2.TGCGCAGGTCCGACGT","SCP259","SCP259_N58",0.64162769821171,0.486293455713414,"1","#DC9E70"
"SCP_N58.EpiA2.TGGCGCAAGAGTTGGC","SCP259","SCP259_N58",-5.25350281688686,1.16491109704318,"6","#6FB1E7"
"SCP_N58.EpiA2.TGGGAAGTCAGCATGT","SCP259","SCP259_N58",-4.08829066249843,0.939889183395528,"6","#6FB1E7"
"SCP_N58.EpiA2.TGGGCGTAGTGGGTTG","SCP259","SCP259_N58",-0.276622147293051,-0.537480572110987,"1","#DC9E70"
"SCP_N58.EpiA2.TGGTTCCTCTTAGAGC","SCP259","SCP259_N58",-0.789576024742086,-0.160063603765345,"1","#DC9E70"
"SCP_N58.EpiA2.TGTATTCTCCTTTCTC","SCP259","SCP259_N58",-2.57432338687893,0.9351333287889,"6","#6FB1E7"
"SCP_N58.EpiA2.TGTCCCATCCAGTATG","SCP259","SCP259_N58",0.561801671056788,1.51839761262479,"1","#DC9E70"
"SCP_N58.EpiA2.TTAACTCGTGAAGGCT","SCP259","SCP259_N58",-0.657888264388998,0.712423762434148,"1","#DC9E70"
"SCP_N58.EpiA2.TTATGCTTCTCGCATC","SCP259","SCP259_N58",1.19494166877751,-1.57925448740182,"1","#DC9E70"
"SCP_N58.EpiA2.TTCTCCTAGTACGCGA","SCP259","SCP259_N58",-2.5135760018539,1.20628649567904,"6","#6FB1E7"
"SCP_N58.EpiA2.TTCTTAGTCAAGAAGT","SCP259","SCP259_N58",-3.0569600770187,1.90919794713797,"6","#6FB1E7"
"SCP_N58.EpiA2.TTGCCGTTCCAACCAA","SCP259","SCP259_N58",-3.26182577106472,1.41247409967425,"6","#6FB1E7"
"SCP_N58.EpiA2.TTGGAACAGAGCTGGT","SCP259","SCP259_N58",-2.10397574398037,0.666400751226568,"6","#6FB1E7"
"SCP_N58.EpiA2.TTGGCAACAGTGAGTG","SCP259","SCP259_N58",-1.46499535533901,0.169533750169896,"1","#DC9E70"
"SCP_N58.EpiA2.TTTGGTTTCAAACCAC","SCP259","SCP259_N58",-3.62706849071499,1.33152610635104,"6","#6FB1E7"
"SCP_N58.EpiA2.TTTGTCAAGGACAGAA","SCP259","SCP259_N58",-2.39839908573147,2.25481434737983,"6","#6FB1E7"
"SCP_N111.EpiB1.AAAGATGTCCGCAAGC","SCP259","SCP259_N111",-3.7225775429916,-1.74081001604257,"4","#1DC199"
"SCP_N111.EpiB1.AAAGCAAAGGAGCGTT","SCP259","SCP259_N111",-4.16388318035122,1.00509800588431,"6","#6FB1E7"
"SCP_N111.EpiB1.AAAGCAAGTCCAAGTT","SCP259","SCP259_N111",-0.0593598196219997,0.462637027853154,"0","#ED90A4"
"SCP_N111.EpiB1.AAAGTAGCACATCCAA","SCP259","SCP259_N111",-5.86821267101284,0.981995632999562,"6","#6FB1E7"
"SCP_N111.EpiB1.AAAGTAGGTGGTTTCA","SCP259","SCP259_N111",-4.68869540187832,0.933178475254201,"6","#6FB1E7"
"SCP_N111.EpiB1.AACTCTTAGCTCCTTC","SCP259","SCP259_N111",-6.98064705821987,0.0792560783559315,"6","#6FB1E7"
"SCP_N111.EpiB1.AAGGAGCGTGAAAGAG","SCP259","SCP259_N111",0.0792011162329121,0.110818049066686,"1","#DC9E70"
"SCP_N111.EpiB1.AAGGCAGCACGTGAGA","SCP259","SCP259_N111",-7.28263661357876,-0.452876904851771,"5","#00BFC8"
"SCP_N111.EpiB1.AAGTCTGGTCGTTGTA","SCP259","SCP259_N111",-4.40000531169887,1.08179717337432,"6","#6FB1E7"
"SCP_N111.EpiB1.AATCGGTCAGCCTATA","SCP259","SCP259_N111",-5.40494868251796,0.833337744825505,"6","#6FB1E7"
"SCP_N111.EpiB1.ACCGTAAGTAATAGCA","SCP259","SCP259_N111",-0.463384301395376,-0.249924400693751,"1","#DC9E70"
"SCP_N111.EpiB1.ACGCCAGCAACACGCC","SCP259","SCP259_N111",-2.44541618320461,1.76683675324264,"2","#B7AE50"
"SCP_N111.EpiB1.ACGCCAGGTACCGCTG","SCP259","SCP259_N111",3.06524851825718,1.37922897202613,"0","#ED90A4"
"SCP_N111.EpiB1.ACGGGTCTCCTTGACC","SCP259","SCP259_N111",0.794267683296244,0.627508899324559,"1","#DC9E70"
"SCP_N111.EpiB1.ACGTCAAGTTGCGCAC","SCP259","SCP259_N111",-4.57380673381801,1.18067467784228,"6","#6FB1E7"
"SCP_N111.EpiB1.ACTATCTAGCAATCTC","SCP259","SCP259_N111",-1.50213012191768,-0.389531472570277,"1","#DC9E70"
"SCP_N111.EpiB1.ACTGAACCATAACCTG","SCP259","SCP259_N111",-5.32973715755459,0.87681867753806,"6","#6FB1E7"
"SCP_N111.EpiB1.ACTGATGAGGGAAACA","SCP259","SCP259_N111",-4.355123014183,1.05272372638526,"6","#6FB1E7"
"SCP_N111.EpiB1.ACTGATGTCGGTCCGA","SCP259","SCP259_N111",-5.56327292415615,1.03216456448378,"6","#6FB1E7"
"SCP_N111.EpiB1.ACTGCTCTCAGGCAAG","SCP259","SCP259_N111",1.00574377086643,-0.449425080663539,"1","#DC9E70"
"SCP_N111.EpiB1.ACTGTCCTCACATACG","SCP259","SCP259_N111",-3.13502451869961,0.636309286707067,"6","#6FB1E7"
"SCP_N111.EpiB1.ACTTTCAGTCATGCAT","SCP259","SCP259_N111",-3.89311167690273,-3.75834427202401,"4","#1DC199"
"SCP_N111.EpiB1.AGATTGCGTTGGACCC","SCP259","SCP259_N111",0.562165318994562,0.554508647077703,"1","#DC9E70"
"SCP_N111.EpiB1.AGCAGCCGTGTGCCTG","SCP259","SCP259_N111",-6.19401976558681,0.709465107076787,"6","#6FB1E7"
"SCP_N111.EpiB1.AGGTCCGTCGACCAGC","SCP259","SCP259_N111",-3.47363874408718,-3.45949182832894,"4","#1DC199"
"SCP_N111.EpiB1.ATCATGGCACGAGAGT","SCP259","SCP259_N111",-4.60613533946987,1.19189659332576,"6","#6FB1E7"
"SCP_N111.EpiB1.ATGAGGGGTGATGTCT","SCP259","SCP259_N111",-3.72585794422146,0.833701273553991,"6","#6FB1E7"
"SCP_N111.EpiB1.CAACCAAGTCTCTCGT","SCP259","SCP259_N111",-6.90661284420009,0.13305511152091,"5","#00BFC8"
"SCP_N111.EpiB1.CACACAATCCGCATAA","SCP259","SCP259_N111",0.697716115980188,1.46433191572967,"0","#ED90A4"
"SCP_N111.EpiB1.CACACCTAGTGTACTC","SCP259","SCP259_N111",-5.47170206996914,0.889201363676213,"6","#6FB1E7"
"SCP_N111.EpiB1.CACAGTACAGGCAGTA","SCP259","SCP259_N111",-5.26414010021206,1.24916743313613,"6","#6FB1E7"
"SCP_N111.EpiB1.CACATAGAGGTTACCT","SCP259","SCP259_N111",-2.95734283420559,0.415583094709539,"6","#6FB1E7"
"SCP_N111.EpiB1.CAGAGAGCACTCAGGC","SCP259","SCP259_N111",-4.43868014308925,1.04945217644515,"6","#6FB1E7"
"SCP_N111.EpiB1.CAGGTGCAGTATCGAA","SCP259","SCP259_N111",-0.432488889427145,0.0331974235707753,"1","#DC9E70"
"SCP_N111.EpiB1.CATCCACGTAGCCTCG","SCP259","SCP259_N111",-2.30551144573208,0.613708993547582,"6","#6FB1E7"
"SCP_N111.EpiB1.CATGACAAGTATCTCG","SCP259","SCP259_N111",-5.24867102596279,0.946862271183156,"6","#6FB1E7"
"SCP_N111.EpiB1.CATTATCCATACTCTT","SCP259","SCP259_N111",-1.32171484920498,-1.58925805414376,"0","#ED90A4"
"SCP_N111.EpiB1.CCATTCGGTTGGGACA","SCP259","SCP259_N111",-3.50510117504116,-1.90757093752084,"4","#1DC199"
"SCP_N111.EpiB1.CCCATACGTAAGTGTA","SCP259","SCP259_N111",-1.71365878078457,2.04949607526603,"1","#DC9E70"
"SCP_N111.EpiB1.CCGTTCAAGCAGACTG","SCP259","SCP259_N111",-3.58534500095363,-1.74492225969491,"4","#1DC199"
"SCP_N111.EpiB1.CCGTTCATCAGGATCT","SCP259","SCP259_N111",-3.42960664722439,0.690707227342748,"6","#6FB1E7"
"SCP_N111.EpiB1.CCTATTAGTCGATTGT","SCP259","SCP259_N111",0.0623114397812291,0.769522210710668,"1","#DC9E70"
"SCP_N111.EpiB1.CCTCAGTCACCCTATC","SCP259","SCP259_N111",-3.34257051441189,0.363384863489293,"6","#6FB1E7"
"SCP_N111.EpiB1.CCTTTCTTCCAGGGCT","SCP259","SCP259_N111",-3.84877011272426,0.734055062883519,"6","#6FB1E7"
"SCP_N111.EpiB1.CGGACACAGAGAACAG","SCP259","SCP259_N111",-0.418858976097067,1.69268821751418,"1","#DC9E70"
"SCP_N111.EpiB1.CGGCTAGCACCTCGTT","SCP259","SCP259_N111",-5.21996638271328,1.15923485731425,"6","#6FB1E7"
"SCP_N111.EpiB1.CGTCAGGGTTGGTAAA","SCP259","SCP259_N111",-3.35376355144497,0.895562073343419,"6","#6FB1E7"
"SCP_N111.EpiB1.CGTGTAATCTCATTCA","SCP259","SCP259_N111",0.195778685628216,0.622160514944219,"0","#ED90A4"
"SCP_N111.EpiB1.CTACACCGTACCGAGA","SCP259","SCP259_N111",-0.754740745754202,1.17065607582869,"6","#6FB1E7"
"SCP_N111.EpiB1.CTACATTCAAGTTCTG","SCP259","SCP259_N111",-1.09678754302975,-0.654955485708094,"1","#DC9E70"
"SCP_N111.EpiB1.CTCACACGTCGGCATC","SCP259","SCP259_N111",-1.50984785053249,-0.327915647870875,"6","#6FB1E7"
"SCP_N111.EpiB1.CTCAGAAAGATATGGT","SCP259","SCP259_N111",-3.49088785144802,0.710115393751287,"6","#6FB1E7"
"SCP_N111.EpiB1.CTCAGAAGTTTGTTTC","SCP259","SCP259_N111",-1.3791857669067,1.79914717947783,"1","#DC9E70"
"SCP_N111.EpiB1.CTCGAGGTCAGAGACG","SCP259","SCP259_N111",-3.79994914028164,0.838055929296636,"6","#6FB1E7"
"SCP_N111.EpiB1.CTGAAACTCCAAAGTC","SCP259","SCP259_N111",-7.38852736446377,-0.39451692426858,"5","#00BFC8"
"SCP_N111.EpiB1.CTGCGGAAGCGTGAGT","SCP259","SCP259_N111",-2.3263361165237,0.4246213046247,"6","#6FB1E7"
"SCP_N111.EpiB1.CTTACCGTCGTCCGTT","SCP259","SCP259_N111",-4.86603447887417,0.8015983906919,"6","#6FB1E7"
"SCP_N111.EpiB1.CTTAGGAAGTGTACCT","SCP259","SCP259_N111",-3.33351299259182,1.68336289202514,"2","#B7AE50"
"SCP_N111.EpiB1.CTTTGCGCAAGGTTCT","SCP259","SCP259_N111",-1.3265871712875,-1.98652992571054,"0","#ED90A4"
"SCP_N111.EpiB1.GAAATGAAGCATCATC","SCP259","SCP259_N111",0.392882823019068,0.181532999628209,"1","#DC9E70"
"SCP_N111.EpiB1.GACACGCCAATGGATA","SCP259","SCP259_N111",-3.61340829822536,0.921595325821065,"6","#6FB1E7"
"SCP_N111.EpiB1.GACCAATTCCGAATGT","SCP259","SCP259_N111",-4.58535859081264,1.0622814801866,"6","#6FB1E7"
"SCP_N111.EpiB1.GACGGCTCACGTCAGC","SCP259","SCP259_N111",-3.54367992374416,0.611419281118535,"6","#6FB1E7"
"SCP_N111.EpiB1.GAGCAGACATTACCTT","SCP259","SCP259_N111",-3.91712662670131,-1.79870448435006,"4","#1DC199"
"SCP_N111.EpiB1.GATCTAGGTTTAAGCC","SCP259","SCP259_N111",-5.22622963878628,0.923584690445089,"6","#6FB1E7"
"SCP_N111.EpiB1.GATGAGGAGTACGTAA","SCP259","SCP259_N111",-0.460620612831076,0.990019312256002,"1","#DC9E70"
"SCP_N111.EpiB1.GATTCAGCAAGCGAGT","SCP259","SCP259_N111",-6.41024586650844,0.489110669248723,"6","#6FB1E7"
"SCP_N111.EpiB1.GATTCAGGTGCGATAG","SCP259","SCP259_N111",0.932950346736948,1.28918848013225,"0","#ED90A4"
"SCP_N111.EpiB1.GATTCAGTCTGGCGTG","SCP259","SCP259_N111",-4.62845513317104,1.14706035529914,"6","#6FB1E7"
"SCP_N111.EpiB1.GCAAACTGTGGTACAG","SCP259","SCP259_N111",-3.90320488903042,0.94184832846465,"6","#6FB1E7"
"SCP_N111.EpiB1.GCAAACTTCGAATCCA","SCP259","SCP259_N111",0.204721295281093,0.30478145753684,"1","#DC9E70"
"SCP_N111.EpiB1.GCAGCCAAGAGTGACC","SCP259","SCP259_N111",-3.6230947682571,0.56538148795905,"6","#6FB1E7"
"SCP_N111.EpiB1.GCGACCAAGAATTGTG","SCP259","SCP259_N111",-4.72170063945766,1.26352985774817,"6","#6FB1E7"
"SCP_N111.EpiB1.GCGCAACAGTACGCCC","SCP259","SCP259_N111",0.687199144630472,1.20141095494571,"1","#DC9E70"
"SCP_N111.EpiB1.GCGCAGTAGTGTGAAT","SCP259","SCP259_N111",-3.31324192974087,1.04943891441169,"6","#6FB1E7"
"SCP_N111.EpiB1.GCTCCTATCTGACCTC","SCP259","SCP259_N111",-4.39706465694423,1.03841923748794,"6","#6FB1E7"
"SCP_N111.EpiB1.GCTGCTTCATGTAGTC","SCP259","SCP259_N111",-4.77341076824184,1.32461192285361,"6","#6FB1E7"
"SCP_N111.EpiB1.GGAAAGCTCATGGTCA","SCP259","SCP259_N111",-0.386716396541555,1.49017846410813,"1","#DC9E70"
"SCP_N111.EpiB1.GGACAAGGTCTTGATG","SCP259","SCP259_N111",-5.85199543926235,0.865090450399541,"6","#6FB1E7"
"SCP_N111.EpiB1.GGATTACCATGAGCGA","SCP259","SCP259_N111",-4.19820544216152,0.998771509283208,"6","#6FB1E7"
"SCP_N111.EpiB1.GGCAATTTCGTAGGAG","SCP259","SCP259_N111",0.134463584988157,0.183596274011754,"1","#DC9E70"
"SCP_N111.EpiB1.GGCCGATAGAAACGAG","SCP259","SCP259_N111",-4.41211220714565,1.02319597279372,"6","#6FB1E7"
"SCP_N111.EpiB1.GGCGTGTGTATGAAAC","SCP259","SCP259_N111",-3.44985792133327,1.12879507815185,"6","#6FB1E7"
"SCP_N111.EpiB1.GGTGTTATCAACACCA","SCP259","SCP259_N111",-2.4611565777969,0.148177644365453,"6","#6FB1E7"
"SCP_N111.EpiB1.GTAACGTTCAGTCAGT","SCP259","SCP259_N111",-3.8420672127914,0.947841605299138,"6","#6FB1E7"
"SCP_N111.EpiB1.GTATCTTGTTGGTAAA","SCP259","SCP259_N111",-4.91635128948208,0.886558493726873,"6","#6FB1E7"
"SCP_N111.EpiB1.GTCTTCGTCTAGAGTC","SCP259","SCP259_N111",1.11839130428318,0.880602320783757,"1","#DC9E70"
"SCP_N111.EpiB1.GTGCATAAGCCACGCT","SCP259","SCP259_N111",-1.2145323464584,1.76625882660689,"1","#DC9E70"
"SCP_N111.EpiB1.GTGCGGTCATGCCCGA","SCP259","SCP259_N111",0.872510521678965,0.0956503359014027,"1","#DC9E70"
"SCP_N111.EpiB1.GTTAAGCCATGCTAGT","SCP259","SCP259_N111",-4.04887434932705,0.97504096304717,"6","#6FB1E7"
"SCP_N111.EpiB1.GTTCTCGAGTATCGAA","SCP259","SCP259_N111",0.608152328996698,-0.0812284740274913,"1","#DC9E70"
"SCP_N111.EpiB1.TACACGATCGATCCCT","SCP259","SCP259_N111",-4.05792281124111,-0.362546065694667,"6","#6FB1E7"
"SCP_N111.EpiB1.TACGGTACATCCAACA","SCP259","SCP259_N111",0.213134861557524,0.724109968298101,"1","#DC9E70"
"SCP_N111.EpiB1.TAGACCAGTGCACGAA","SCP259","SCP259_N111",-2.86515304538723,0.416864117735051,"6","#6FB1E7"
"SCP_N111.EpiB1.TAGTTGGAGATGCCTT","SCP259","SCP259_N111",-5.14763590785976,0.846121093385839,"6","#6FB1E7"
"SCP_N111.EpiB1.TATCAGGAGTGTCCCG","SCP259","SCP259_N111",0.0410288712072774,0.475895902269506,"1","#DC9E70"
"SCP_N111.EpiB1.TATCAGGTCGTTACAG","SCP259","SCP259_N111",-4.32996794673916,0.632286330812597,"6","#6FB1E7"
"SCP_N111.EpiB1.TATCTCACACCATGTA","SCP259","SCP259_N111",-2.43459889385219,1.10730903422179,"6","#6FB1E7"
"SCP_N111.EpiB1.TATTACCGTGGCCCTA","SCP259","SCP259_N111",-5.78777310344692,0.962506404274129,"6","#6FB1E7"
"SCP_N111.EpiB1.TCAATCTAGTGAACAT","SCP259","SCP259_N111",-4.87509390804287,0.81330367004218,"6","#6FB1E7"
"SCP_N111.EpiB1.TCAATCTTCTGGTGTA","SCP259","SCP259_N111",-2.85585710498806,0.458657464140081,"6","#6FB1E7"
"SCP_N111.EpiB1.TCAATCTTCTTAGAGC","SCP259","SCP259_N111",-3.90436264965053,-3.47605429018197,"4","#1DC199"
"SCP_N111.EpiB1.TCATTTGCAAGGTGTG","SCP259","SCP259_N111",0.751942723064463,0.840501686685704,"1","#DC9E70"
"SCP_N111.EpiB1.TCCCGATTCTCTGCTG","SCP259","SCP259_N111",-5.14904400798794,0.781682452314519,"6","#6FB1E7"
"SCP_N111.EpiB1.TCGAGGCCAGTCAGAG","SCP259","SCP259_N111",-0.408505053253134,-0.142480471975184,"1","#DC9E70"
"SCP_N111.EpiB1.TCGGGACGTGATAAAC","SCP259","SCP259_N111",0.838257103233378,0.495466789358281,"0","#ED90A4"
"SCP_N111.EpiB1.TCTGGAATCAGGTAAA","SCP259","SCP259_N111",-4.01082894298549,0.948563208931112,"6","#6FB1E7"
"SCP_N111.EpiB1.TCTTCGGAGGCTCATT","SCP259","SCP259_N111",0.814194112091105,6.70735253965201,"2","#B7AE50"
"SCP_N111.EpiB1.TGCACCTAGCAAATCA","SCP259","SCP259_N111",-3.33524367305752,1.49736860220971,"2","#B7AE50"
"SCP_N111.EpiB1.TGCACCTCACGGATAG","SCP259","SCP259_N111",-1.27508470508571,-2.00807414377389,"0","#ED90A4"
"SCP_N111.EpiB1.TGGGAAGAGGCAGGTT","SCP259","SCP259_N111",-7.10576483699795,-0.0218829902475841,"5","#00BFC8"
"SCP_N111.EpiB1.TGTGGTAAGATCACGG","SCP259","SCP259_N111",-0.297078103752096,0.88465788041892,"1","#DC9E70"
"SCP_N111.EpiB1.TTATGCTTCATAAAGG","SCP259","SCP259_N111",-2.77689239475246,2.27178080951514,"2","#B7AE50"
"SCP_N111.EpiB1.TTTACTGCACATGTGT","SCP259","SCP259_N111",0.380624501972239,0.273760100954198,"1","#DC9E70"
"SCP_N111.EpiB1.TTTATGCCAGTAACGG","SCP259","SCP259_N111",-3.38472959491726,-1.35698614443002,"4","#1DC199"
"SCP_N111.EpiB2.AAACCTGCAGGCAGTA","SCP259","SCP259_N111",0.413797228603403,-0.179167846090174,"1","#DC9E70"
"SCP_N111.EpiB2.AAACGGGGTTCCAACA","SCP259","SCP259_N111",-0.370141119689901,0.296643873804235,"1","#DC9E70"
"SCP_N111.EpiB2.AAATGCCCAGACGTAG","SCP259","SCP259_N111",-5.7125038811874,0.823516568296575,"6","#6FB1E7"
"SCP_N111.EpiB2.AACACGTAGTATCGAA","SCP259","SCP259_N111",-4.04390046092983,0.568569859617376,"6","#6FB1E7"
"SCP_N111.EpiB2.AACCATGAGGCTCAGA","SCP259","SCP259_N111",-0.516151458950003,0.689546188467168,"1","#DC9E70"
"SCP_N111.EpiB2.AACTCAGGTCACTTCC","SCP259","SCP259_N111",0.451319648890535,1.10941623722854,"1","#DC9E70"
"SCP_N111.EpiB2.AACTTTCAGCTGATAA","SCP259","SCP259_N111",-1.29792639705654,-1.34864173258004,"0","#ED90A4"
"SCP_N111.EpiB2.ACACTGAGTACCGGCT","SCP259","SCP259_N111",-0.35238948556896,-0.381642201787806,"1","#DC9E70"
"SCP_N111.EpiB2.ACAGCCGCACTTAAGC","SCP259","SCP259_N111",-6.85852906200405,0.160981556528234,"5","#00BFC8"
"SCP_N111.EpiB2.ACAGCTACATCAGTCA","SCP259","SCP259_N111",-3.63784763309475,0.66778387700858,"6","#6FB1E7"
"SCP_N111.EpiB2.ACATACGAGAGTACCG","SCP259","SCP259_N111",-4.55831477138515,0.764578184240484,"6","#6FB1E7"
"SCP_N111.EpiB2.ACCCACTCATTGGTAC","SCP259","SCP259_N111",-3.74038812610622,0.725581905000829,"6","#6FB1E7"
"SCP_N111.EpiB2.ACGAGCCTCTATGTGG","SCP259","SCP259_N111",-7.68396946880337,-1.144969561941,"5","#00BFC8"
"SCP_N111.EpiB2.ACGATGTAGGCTACGA","SCP259","SCP259_N111",-5.39925333950039,0.899308165662908,"6","#6FB1E7"
"SCP_N111.EpiB2.ACGCCAGCATGGAATA","SCP259","SCP259_N111",0.148605353205244,-0.0637230666941173,"1","#DC9E70"
"SCP_N111.EpiB2.ACGGCCAGTGATAAGT","SCP259","SCP259_N111",-3.34458467456814,0.391891619318151,"6","#6FB1E7"
"SCP_N111.EpiB2.ACGGGCTGTCTCGTTC","SCP259","SCP259_N111",-3.2320601651382,0.284129640215062,"6","#6FB1E7"
"SCP_N111.EpiB2.ACTGAGTCATATGAGA","SCP259","SCP259_N111",-5.48492190334316,0.953806838148259,"6","#6FB1E7"
"SCP_N111.EpiB2.ACTGATGTCTCTAGGA","SCP259","SCP259_N111",-0.634677917690237,1.36858795037212,"0","#ED90A4"
"SCP_N111.EpiB2.ACTGCTCGTGGTCCGT","SCP259","SCP259_N111",-5.60615488979336,0.921370705717229,"6","#6FB1E7"
"SCP_N111.EpiB2.ACTTACTTCAGCTTAG","SCP259","SCP259_N111",-4.04899260494228,0.799290200822973,"6","#6FB1E7"
"SCP_N111.EpiB2.AGAATAGCAGCGTAAG","SCP259","SCP259_N111",-0.261036128730734,-0.26470837915597,"1","#DC9E70"
"SCP_N111.EpiB2.AGATCTGCATCAGTAC","SCP259","SCP259_N111",-1.14027449581142,-1.47580848062692,"0","#ED90A4"
"SCP_N111.EpiB2.AGCATACGTCGGATCC","SCP259","SCP259_N111",-4.11742636653896,0.659873804205083,"6","#6FB1E7"
"SCP_N111.EpiB2.AGCGGTCCATGCAATC","SCP259","SCP259_N111",-5.80882451030727,0.885046323888921,"6","#6FB1E7"
"SCP_N111.EpiB2.AGGGATGAGGCATTGG","SCP259","SCP259_N111",-5.52408930751796,1.01671322261634,"6","#6FB1E7"
"SCP_N111.EpiB2.ATCACGACACAAGACG","SCP259","SCP259_N111",-0.632941872806509,-0.568973043805934,"6","#6FB1E7"
"SCP_N111.EpiB2.ATCACGATCTTCGGTC","SCP259","SCP259_N111",-1.51051828357693,1.50031658833566,"2","#B7AE50"
"SCP_N111.EpiB2.ATGTGTGTCCATGAGT","SCP259","SCP259_N111",-6.13068863842006,0.793657859914922,"6","#6FB1E7"
"SCP_N111.EpiB2.ATTACTCGTGAAGGCT","SCP259","SCP259_N111",-4.88490530941005,0.750579198949956,"6","#6FB1E7"
"SCP_N111.EpiB2.ATTGGTGAGAATTCCC","SCP259","SCP259_N111",-0.159708679647406,-0.365293362981654,"1","#DC9E70"
"SCP_N111.EpiB2.ATTGGTGCAAGGTTTC","SCP259","SCP259_N111",-2.89766523334499,0.222548147791051,"6","#6FB1E7"
"SCP_N111.EpiB2.CAACTAGAGTTTCCTT","SCP259","SCP259_N111",-0.49311259481426,1.16462143337073,"1","#DC9E70"
"SCP_N111.EpiB2.CACACAACAGATCTGT","SCP259","SCP259_N111",0.308988428680937,-0.167588094121791,"1","#DC9E70"
"SCP_N111.EpiB2.CACACAATCGGTCCGA","SCP259","SCP259_N111",-5.66437098476406,0.690965315454625,"6","#6FB1E7"
"SCP_N111.EpiB2.CACAGTAAGTTTAGGA","SCP259","SCP259_N111",-5.88065049144741,0.795449217909002,"6","#6FB1E7"
"SCP_N111.EpiB2.CAGCAGCAGGACAGAA","SCP259","SCP259_N111",-6.09495875331875,0.787794252985143,"6","#6FB1E7"
"SCP_N111.EpiB2.CAGCTAAAGTAATCCC","SCP259","SCP259_N111",-5.36578843090053,1.0620836523706,"6","#6FB1E7"
"SCP_N111.EpiB2.CAGCTAAGTGAGGGAG","SCP259","SCP259_N111",-4.52225253078457,-1.46006355608163,"5","#00BFC8"
"SCP_N111.EpiB2.CAGCTGGAGGTGTTAA","SCP259","SCP259_N111",-0.330674559802969,0.182449123018407,"1","#DC9E70"
"SCP_N111.EpiB2.CAGTAACGTTGCTCCT","SCP259","SCP259_N111",-3.28988406154629,0.781848689668798,"6","#6FB1E7"
"SCP_N111.EpiB2.CATCAGACATCTGGTA","SCP259","SCP259_N111",-0.84791943523403,0.428318699949407,"6","#6FB1E7"
"SCP_N111.EpiB2.CCAATCCCACTGTTAG","SCP259","SCP259_N111",-5.93813750240322,0.723126491659307,"6","#6FB1E7"
"SCP_N111.EpiB2.CCAATCCCAGCTTAAC","SCP259","SCP259_N111",-3.13521906826015,0.477774342649602,"6","#6FB1E7"
"SCP_N111.EpiB2.CCCAGTTTCCCAAGAT","SCP259","SCP259_N111",-1.24507710430141,-1.89465866411386,"1","#DC9E70"
"SCP_N111.EpiB2.CCGGGATAGCTAGTTC","SCP259","SCP259_N111",-3.65851542446132,0.672958871477269,"6","#6FB1E7"
"SCP_N111.EpiB2.CCGGTAGAGGGCATGT","SCP259","SCP259_N111",-0.38420727941509,-0.806886056310511,"1","#DC9E70"
"SCP_N111.EpiB2.CCGGTAGTCCTTGCCA","SCP259","SCP259_N111",-7.07159945461269,0.755878767126226,"4","#1DC199"
"SCP_N111.EpiB2.CCTAGCTAGGTGACCA","SCP259","SCP259_N111",-3.70557233783718,0.55002607976737,"6","#6FB1E7"
"SCP_N111.EpiB2.CCTATTATCAGCATGT","SCP259","SCP259_N111",-5.81149908992763,0.946747025602483,"6","#6FB1E7"
"SCP_N111.EpiB2.CCTCTGAGTCTAGTGT","SCP259","SCP259_N111",-5.19825598690029,0.818089148157262,"6","#6FB1E7"
"SCP_N111.EpiB2.CCTCTGATCGTACCGG","SCP259","SCP259_N111",-5.88278386089321,0.939670613163137,"6","#6FB1E7"
"SCP_N111.EpiB2.CCTTCCCAGAGGTTAT","SCP259","SCP259_N111",-1.53976163360592,1.43685029646101,"2","#B7AE50"
"SCP_N111.EpiB2.CGAGAAGAGACGCACA","SCP259","SCP259_N111",-5.7502293297958,0.823518535249852,"6","#6FB1E7"
"SCP_N111.EpiB2.CGAGCCAGTGACCAAG","SCP259","SCP259_N111",-1.33704480621334,1.3778583539063,"2","#B7AE50"
"SCP_N111.EpiB2.CGATCGGGTGCGATAG","SCP259","SCP259_N111",-4.22424790355678,0.707542857282781,"6","#6FB1E7"
"SCP_N111.EpiB2.CGATTGATCGCCAAAT","SCP259","SCP259_N111",-4.16041419002529,0.886915346735143,"6","#6FB1E7"
"SCP_N111.EpiB2.CGCCAAGAGACTAGAT","SCP259","SCP259_N111",-0.225446076126058,1.34335584765019,"1","#DC9E70"
"SCP_N111.EpiB2.CGCGGTACAAGAGGCT","SCP259","SCP259_N111",-0.719247371883352,0.842544039838933,"1","#DC9E70"
"SCP_N111.EpiB2.CGCTATCGTACCGTAT","SCP259","SCP259_N111",-7.35565421077724,-0.473854878789759,"5","#00BFC8"
"SCP_N111.EpiB2.CGGACACAGAGTGAGA","SCP259","SCP259_N111",-1.80594632122036,-0.227003672963954,"1","#DC9E70"
"SCP_N111.EpiB2.CGGAGCTGTCAGGACA","SCP259","SCP259_N111",-1.5208170125198,-1.22266302431283,"0","#ED90A4"
"SCP_N111.EpiB2.CGTCAGGCAGACAAAT","SCP259","SCP259_N111",-0.554196567268331,0.222024461382055,"1","#DC9E70"
"SCP_N111.EpiB2.CGTCCATCAGACACTT","SCP259","SCP259_N111",-0.615752906532247,1.85860764061751,"0","#ED90A4"
"SCP_N111.EpiB2.CGTGAGCGTTGAGGTG","SCP259","SCP259_N111",-0.74357566329952,1.74725704466643,"0","#ED90A4"
"SCP_N111.EpiB2.CTAATGGCACTTAACG","SCP259","SCP259_N111",1.05512657669071,1.28097166692557,"0","#ED90A4"
"SCP_N111.EpiB2.CTAGAGTTCTAGAGTC","SCP259","SCP259_N111",0.102813757031004,0.132679840677404,"1","#DC9E70"
"SCP_N111.EpiB2.CTCACACGTCCAGTTA","SCP259","SCP259_N111",-7.45234629604336,-0.523641923314906,"5","#00BFC8"
"SCP_N111.EpiB2.CTCGAGGCATGGATGG","SCP259","SCP259_N111",0.156704342930357,0.0223015752965443,"1","#DC9E70"
"SCP_N111.EpiB2.CTCGGGATCAATACCG","SCP259","SCP259_N111",-0.587785274715383,-0.788161376363612,"1","#DC9E70"
"SCP_N111.EpiB2.CTGAAACCAGACGCTC","SCP259","SCP259_N111",0.0654577752638265,1.47530994390788,"1","#DC9E70"
"SCP_N111.EpiB2.CTGATAGGTAAACACA","SCP259","SCP259_N111",0.225362728821824,-0.0599384101694591,"1","#DC9E70"
"SCP_N111.EpiB2.CTGATCCAGCCCGAAA","SCP259","SCP259_N111",0.440536125569384,-0.00593672121224476,"1","#DC9E70"
"SCP_N111.EpiB2.CTGCTGTGTCTTCTCG","SCP259","SCP259_N111",-2.3363425442886,1.12430795108619,"2","#B7AE50"
"SCP_N111.EpiB2.CTTAACTCAAGGTTTC","SCP259","SCP259_N111",-3.83719059917446,0.490463456266546,"6","#6FB1E7"
"SCP_N111.EpiB2.CTTAACTTCTAACTCT","SCP259","SCP259_N111",0.559560178785364,-0.177080729848719,"0","#ED90A4"
"SCP_N111.EpiB2.CTTCTCTCAGGCGATA","SCP259","SCP259_N111",-5.6763481805038,0.87480851089301,"6","#6FB1E7"
"SCP_N111.EpiB2.GAAACTCAGAGGTAGA","SCP259","SCP259_N111",-4.39244839641567,0.664688667410039,"6","#6FB1E7"
"SCP_N111.EpiB2.GAAATGAAGGATTCGG","SCP259","SCP259_N111",-4.00175950023647,0.743050357454442,"6","#6FB1E7"
"SCP_N111.EpiB2.GACAGAGCAGTCACTA","SCP259","SCP259_N111",-1.38927683326717,1.42226759357097,"2","#B7AE50"
"SCP_N111.EpiB2.GACGTTAAGCTTTGGT","SCP259","SCP259_N111",0.0154593577671452,0.118290564172887,"1","#DC9E70"
"SCP_N111.EpiB2.GAGTCCGTCGGCCGAT","SCP259","SCP259_N111",-4.02221009227749,0.872690519445562,"6","#6FB1E7"
"SCP_N111.EpiB2.GATCTAGCAAGGTTTC","SCP259","SCP259_N111",-5.33295199367519,1.30630206888261,"6","#6FB1E7"
"SCP_N111.EpiB2.GATCTAGCACATCCAA","SCP259","SCP259_N111",-6.45314928981777,0.499404451006078,"6","#6FB1E7"
"SCP_N111.EpiB2.GATGAAACATCCAACA","SCP259","SCP259_N111",-5.91153046581264,0.810839852445745,"6","#6FB1E7"
"SCP_N111.EpiB2.GCCAAATCAGCCTTGG","SCP259","SCP259_N111",1.36331024673466,-2.24920211160836,"1","#DC9E70"
"SCP_N111.EpiB2.GCGCAGTCAATCCAAC","SCP259","SCP259_N111",-3.44714662525173,0.31696440851035,"2","#B7AE50"
"SCP_N111.EpiB2.GCGCCAAAGTGAACGC","SCP259","SCP259_N111",-1.11950096580501,1.23051131343188,"2","#B7AE50"
"SCP_N111.EpiB2.GCGCGATGTCGCTTTC","SCP259","SCP259_N111",-5.76410481426235,0.832597753160619,"6","#6FB1E7"
"SCP_N111.EpiB2.GCGGGTTCATAGACTC","SCP259","SCP259_N111",0.104337914853136,0.0488866773778431,"1","#DC9E70"
"SCP_N111.EpiB2.GCTGCTTGTAGGCATG","SCP259","SCP259_N111",1.50238445308689,0.297649165743016,"0","#ED90A4"
"SCP_N111.EpiB2.GCTTGAAGTTCCCTTG","SCP259","SCP259_N111",-4.72892472240444,0.87556489383521,"6","#6FB1E7"
"SCP_N111.EpiB2.GGAAAGCAGTCGCCGT","SCP259","SCP259_N111",-1.79511854145046,-0.09986577356515,"1","#DC9E70"
"SCP_N111.EpiB2.GGAAAGCTCTGAAAGA","SCP259","SCP259_N111",0.270497369586269,0.0423900095159047,"1","#DC9E70"
"SCP_N111.EpiB2.GGAGCAATCTGTCTAT","SCP259","SCP259_N111",-3.47824999782558,0.652250131719732,"6","#6FB1E7"
"SCP_N111.EpiB2.GGATTACAGGCATTGG","SCP259","SCP259_N111",-0.0697597572516994,0.417029580228948,"1","#DC9E70"
"SCP_N111.EpiB2.GGTGCGTTCCAAACTG","SCP259","SCP259_N111",-0.809362144203146,-0.11773858392892,"1","#DC9E70"
"SCP_N111.EpiB2.GTACGTACACTAAGTC","SCP259","SCP259_N111",-0.447200865478475,0.957884987943792,"1","#DC9E70"
"SCP_N111.EpiB2.GTAGGCCAGCCAGGAT","SCP259","SCP259_N111",0.166482462554018,0.138068577402257,"1","#DC9E70"
"SCP_N111.EpiB2.GTAGGCCGTACGCTGC","SCP259","SCP259_N111",-1.16410347911831,-1.57433328951058,"0","#ED90A4"
"SCP_N111.EpiB2.GTCCTCACACCAACCG","SCP259","SCP259_N111",-3.31867715808864,0.20168771421256,"2","#B7AE50"
"SCP_N111.EpiB2.GTCTCGTAGCGTTTAC","SCP259","SCP259_N111",-5.65576979610439,0.664806148164891,"6","#6FB1E7"
"SCP_N111.EpiB2.GTCTTCGGTCAGTGGA","SCP259","SCP259_N111",-4.45354458782192,0.520503899210119,"6","#6FB1E7"
"SCP_N111.EpiB2.GTGAAGGTCTTGTATC","SCP259","SCP259_N111",0.666747747926752,0.042260429018163,"1","#DC9E70"
"SCP_N111.EpiB2.GTGCAGCCAAGTCATC","SCP259","SCP259_N111",0.259208331822197,0.740893801801824,"0","#ED90A4"
"SCP_N111.EpiB2.GTGGGTCCAAGCCGTC","SCP259","SCP259_N111",-0.969863505096395,0.201583644502782,"1","#DC9E70"
"SCP_N111.EpiB2.GTTCATTGTTGGACCC","SCP259","SCP259_N111",-5.72405526134487,0.79186572706046,"6","#6FB1E7"
"SCP_N111.EpiB2.GTTCGGGCAATGGTCT","SCP259","SCP259_N111",-4.15669581386562,0.705674311273717,"6","#6FB1E7"
"SCP_N111.EpiB2.TAAGAGAAGGAGCGTT","SCP259","SCP259_N111",-0.785427064628561,-0.496837237722255,"1","#DC9E70"
"SCP_N111.EpiB2.TACACGAAGTTCGCGC","SCP259","SCP259_N111",-3.11375209781643,0.574364563577794,"6","#6FB1E7"
"SCP_N111.EpiB2.TACGGGCGTTAAAGAC","SCP259","SCP259_N111",-1.2010692069244,-1.40628919923959,"0","#ED90A4"
"SCP_N111.EpiB2.TACGGGCTCAGCTCGG","SCP259","SCP259_N111",-1.2840393492889,-2.10289178217111,"0","#ED90A4"
"SCP_N111.EpiB2.TACGGGCTCTAACTGG","SCP259","SCP259_N111",-1.38332828971859,-1.29238186205087,"0","#ED90A4"
"SCP_N111.EpiB2.TACGGTAAGTTCCACA","SCP259","SCP259_N111",0.648272364406626,-1.01142535532174,"1","#DC9E70"
"SCP_N111.EpiB2.TACTCGCCAGTCTTCC","SCP259","SCP259_N111",-7.21758124324795,0.814424177759313,"4","#1DC199"
"SCP_N111.EpiB2.TAGACCACACAACGCC","SCP259","SCP259_N111",-3.77796074840542,0.232945820444249,"6","#6FB1E7"
"SCP_N111.EpiB2.TATCAGGGTGGGTATG","SCP259","SCP259_N111",-0.669468195171316,1.82581265842261,"0","#ED90A4"
"SCP_N111.EpiB2.TCATTACAGTTCGATC","SCP259","SCP259_N111",0.661915986805002,-0.384884336835719,"1","#DC9E70"
"SCP_N111.EpiB2.TCCCGATCAGCCTATA","SCP259","SCP259_N111",-5.28500458690639,0.625700911634588,"6","#6FB1E7"
"SCP_N111.EpiB2.TCTATTGCACTGTGTA","SCP259","SCP259_N111",-4.36524817440029,0.724362632387304,"6","#6FB1E7"
"SCP_N111.EpiB2.TCTCATAAGGCTCAGA","SCP259","SCP259_N111",-0.229561180801351,0.602555414789342,"1","#DC9E70"
"SCP_N111.EpiB2.TCTCATAGTCTTCGTC","SCP259","SCP259_N111",0.172691392718594,0.381844421976232,"1","#DC9E70"
"SCP_N111.EpiB2.TCTGGAATCCAAATGC","SCP259","SCP259_N111",0.568161933689158,-0.302932837850428,"1","#DC9E70"
"SCP_N111.EpiB2.TGAGCCGCAGCCTATA","SCP259","SCP259_N111",0.335958651273291,1.16944628035369,"0","#ED90A4"
"SCP_N111.EpiB2.TGCACCTAGTGTGGCA","SCP259","SCP259_N111",0.297091833322088,0.38380338823142,"1","#DC9E70"
"SCP_N111.EpiB2.TGCCAAACAAGTTAAG","SCP259","SCP259_N111",-5.46803996059414,0.881058713548803,"6","#6FB1E7"
"SCP_N111.EpiB2.TGCGTGGAGGAGCGTT","SCP259","SCP259_N111",-3.46340844127651,1.10990627681556,"6","#6FB1E7"
"SCP_N111.EpiB2.TGGACGCTCACGGTTA","SCP259","SCP259_N111",-5.30936238262172,1.04947950517478,"6","#6FB1E7"
"SCP_N111.EpiB2.TGGCCAGAGTTGCAGG","SCP259","SCP259_N111",-5.55024764034267,0.808011731260442,"6","#6FB1E7"
"SCP_N111.EpiB2.TGGCTGGTCGCGTAGC","SCP259","SCP259_N111",0.213027184835414,1.34963291337433,"1","#DC9E70"
"SCP_N111.EpiB2.TGTTCCGTCACTCCTG","SCP259","SCP259_N111",-7.19366690608974,-0.169698694593287,"5","#00BFC8"
"SCP_N111.EpiB2.TTAGGCAGTACCGAGA","SCP259","SCP259_N111",-1.1197818228912,1.19840612088981,"2","#B7AE50"
"SCP_N111.EpiB2.TTAGTTCAGACCCACC","SCP259","SCP259_N111",0.426990001468699,-0.846736529714442,"0","#ED90A4"
"SCP_N111.EpiB2.TTCGAAGCATTCTCAT","SCP259","SCP259_N111",-4.03812977764126,0.466682931535863,"6","#6FB1E7"
"SCP_N111.EpiB2.TTGCCGTAGCTGCCCA","SCP259","SCP259_N111",-3.60031768772121,0.414759894960546,"6","#6FB1E7"
"SCP_N111.EpiB2.TTGGCAACAAGGTTTC","SCP259","SCP259_N111",-3.76196333858486,0.720830759161138,"6","#6FB1E7"
"SCP_N111.EpiB2.TTGTAGGGTATCACCA","SCP259","SCP259_N111",-5.5414604851913,0.841029545419835,"6","#6FB1E7"
"SCP_N111.EpiB2.TTTATGCAGGAGTTTA","SCP259","SCP259_N111",-5.38588759395595,0.732242962473058,"6","#6FB1E7"
"SCP_N111.EpiB2.TTTCCTCTCCGCATCT","SCP259","SCP259_N111",-0.866253108711203,1.08948885475936,"1","#DC9E70"
"SCP_N111.EpiB2.TTTCCTCTCTCCAACC","SCP259","SCP259_N111",-5.1460919091415,0.677085837476873,"6","#6FB1E7"
"SCP_N111.EpiB2.TTTGCGCTCTACCTGC","SCP259","SCP259_N111",-3.86808630916591,0.300954600923681,"6","#6FB1E7"
"SCP_N111.EpiB2.TTTGTCAAGTGCCATT","SCP259","SCP259_N111",-0.074120671482046,1.35810171639266,"1","#DC9E70"
"SCP_N111.LPB1.AACTGGTTCGTTACAG","SCP259","SCP259_N111",1.36777236965183,-0.321290114766932,"1","#DC9E70"
"SCP_N111.LPB1.AAGGCAGGTTTAAGCC","SCP259","SCP259_N111",3.13159373310093,0.100856920831823,"0","#ED90A4"
"SCP_N111.LPB1.ACATACGAGTGGGATC","SCP259","SCP259_N111",1.08731880691532,-1.42794165933786,"1","#DC9E70"
"SCP_N111.LPB1.AGCTCTCTCCTAGGGC","SCP259","SCP259_N111",3.90314844158177,-0.933683255559779,"0","#ED90A4"
"SCP_N111.LPB1.AGGTCATCAGTTCCCT","SCP259","SCP259_N111",-2.10817548725124,-1.71428356493173,"4","#1DC199"
"SCP_N111.LPB1.AGGTCATTCCCTGACT","SCP259","SCP259_N111",-3.81771895381923,0.83511044656577,"6","#6FB1E7"
"SCP_N111.LPB1.ATCCACCAGACTGTAA","SCP259","SCP259_N111",2.82733490970616,-0.446048954374171,"0","#ED90A4"
"SCP_N111.LPB1.ATCCGAACAGGGATTG","SCP259","SCP259_N111",3.77918699291233,-1.01087198579965,"0","#ED90A4"
"SCP_N111.LPB1.ATGAGGGCATCGTCGG","SCP259","SCP259_N111",0.0160158565330907,-0.405120113736964,"1","#DC9E70"
"SCP_N111.LPB1.ATGAGGGTCCTGTAGA","SCP259","SCP259_N111",2.47628262546543,-0.531879762060023,"0","#ED90A4"
"SCP_N111.LPB1.ATTGGTGGTCACACGC","SCP259","SCP259_N111",-3.1916229436111,-3.74845180833993,"4","#1DC199"
"SCP_N111.LPB1.ATTGGTGGTCTAACGT","SCP259","SCP259_N111",1.36977353599552,-2.57241545046029,"1","#DC9E70"
"SCP_N111.LPB1.CAAGAAACAGTCGATT","SCP259","SCP259_N111",-0.00451675149913588,-1.33317647302804,"1","#DC9E70"
"SCP_N111.LPB1.CACACCTGTACCATCA","SCP259","SCP259_N111",3.87363937404637,-1.03669748628793,"0","#ED90A4"
"SCP_N111.LPB1.CACACCTGTATCGCAT","SCP259","SCP259_N111",-7.46125599834438,-0.302103975660182,"5","#00BFC8"
"SCP_N111.LPB1.CAGAGAGTCAGCAACT","SCP259","SCP259_N111",2.79449036624912,-0.628712514287806,"0","#ED90A4"
"SCP_N111.LPB1.CAGATCAAGACAAGCC","SCP259","SCP259_N111",-1.66431030723568,-4.2931915315455,"0","#ED90A4"
"SCP_N111.LPB1.CAGTAACTCAGTCAGT","SCP259","SCP259_N111",-0.839047164649923,-0.578135350591517,"1","#DC9E70"
"SCP_N111.LPB1.CCACGGATCGGCTACG","SCP259","SCP259_N111",3.37967470195774,-1.05071864450631,"0","#ED90A4"
"SCP_N111.LPB1.CGAATGTCAAGCTGAG","SCP259","SCP259_N111",3.62194350269322,-0.951265433675624,"0","#ED90A4"
"SCP_N111.LPB1.CGATGTACACTAGTAC","SCP259","SCP259_N111",-2.99159523937221,-1.84232364023385,"4","#1DC199"
"SCP_N111.LPB1.CGATGTATCGTTGACA","SCP259","SCP259_N111",-0.952692122192343,-6.73539076173959,"3","#7EBA68"
"SCP_N111.LPB1.CGGACGTCACGGCGTT","SCP259","SCP259_N111",1.65185823944096,-1.94833550775704,"1","#DC9E70"
"SCP_N111.LPB1.CGGCTAGAGTGTACTC","SCP259","SCP259_N111",3.97153928783421,-0.957778314000941,"0","#ED90A4"
"SCP_N111.LPB1.CGTCAGGAGCCCTAAT","SCP259","SCP259_N111",1.33056107070927,-1.73065123880563,"1","#DC9E70"
"SCP_N111.LPB1.CTACGTCCAGCTCGAC","SCP259","SCP259_N111",4.09904482868199,-0.473331669217921,"0","#ED90A4"
"SCP_N111.LPB1.CTAGTGACAAGGCTCC","SCP259","SCP259_N111",2.44619944599156,-0.721717456228114,"0","#ED90A4"
"SCP_N111.LPB1.CTCTGGTGTCTCCCTA","SCP259","SCP259_N111",1.35763791110996,-0.231851080304957,"1","#DC9E70"
"SCP_N111.LPB1.CTGTTTACATCACGAT","SCP259","SCP259_N111",3.09040024784092,-0.428565362340785,"0","#ED90A4"
"SCP_N111.LPB1.GAAATGATCTCTGTCG","SCP259","SCP259_N111",5.59826281574253,-0.421223262197352,"0","#ED90A4"
"SCP_N111.LPB1.GAGTCCGCACGCTTTC","SCP259","SCP259_N111",-0.84192475769039,-7.01752195680795,"3","#7EBA68"
"SCP_N111.LPB1.GCTGCAGGTATAGGTA","SCP259","SCP259_N111",-0.868445605964621,-6.92659197176156,"3","#7EBA68"
"SCP_N111.LPB1.GGCAATTTCGCAGGCT","SCP259","SCP259_N111",-0.237403095693548,-7.33798895204721,"3","#7EBA68"
"SCP_N111.LPB1.GGCCGATTCACCGGGT","SCP259","SCP259_N111",-5.24854752513881,1.32097805862966,"6","#6FB1E7"
"SCP_N111.LPB1.GTAACGTGTCAGCTAT","SCP259","SCP259_N111",-1.64369592163082,-4.4175582917994,"0","#ED90A4"
"SCP_N111.LPB1.GTCGTAAAGCCACTAT","SCP259","SCP259_N111",-1.62770626041408,-4.59695444429574,"1","#DC9E70"
"SCP_N111.LPB1.GTCGTAAGTATCGCAT","SCP259","SCP259_N111",0.392703979282419,-1.22736893022714,"1","#DC9E70"
"SCP_N111.LPB1.GTGCATAAGTTGTCGT","SCP259","SCP259_N111",2.61852863338474,-0.555364945775843,"0","#ED90A4"
"SCP_N111.LPB1.GTGCGGTAGTGCGATG","SCP259","SCP259_N111",-1.26048299762722,-0.421903708822108,"0","#ED90A4"
"SCP_N111.LPB1.GTGTGCGCACATGACT","SCP259","SCP259_N111",-1.07728907558437,-6.95337782228646,"3","#7EBA68"
"SCP_N111.LPB1.TACTCATCACTATCTT","SCP259","SCP259_N111",2.5825469782639,-0.586472252256251,"0","#ED90A4"
"SCP_N111.LPB1.TCCACACAGGGTTCCC","SCP259","SCP259_N111",1.63633564022068,-0.352366784459925,"1","#DC9E70"
"SCP_N111.LPB1.TCGCGTTAGACGCTTT","SCP259","SCP259_N111",3.32512023952488,-0.520571211225367,"0","#ED90A4"
"SCP_N111.LPB1.TCTGGAACATGACGGA","SCP259","SCP259_N111",-1.72205588314052,-3.54253111208139,"4","#1DC199"
"SCP_N111.LPB1.TGGCTGGAGGATATAC","SCP259","SCP259_N111",1.52557626274113,-0.411251047498561,"1","#DC9E70"
"SCP_N111.LPB1.TGTTCCGAGCACCGTC","SCP259","SCP259_N111",-1.5232994267654,-7.14223871553598,"3","#7EBA68"
"SCP_N111.LPB1.TTCCCAGGTTCTGAAC","SCP259","SCP259_N111",-1.38800594303127,-4.51083193147836,"1","#DC9E70"
"SCP_N111.LPB1.TTTGTCAAGGCTAGAC","SCP259","SCP259_N111",-1.16467186901089,-0.16834185445962,"6","#6FB1E7"
"SCP_N111.LPB2.AAATGCCAGGGATACC","SCP259","SCP259_N111",-0.476024062366445,-2.21775470102487,"0","#ED90A4"
"SCP_N111.LPB2.ACACCAAGTGTGAAAT","SCP259","SCP259_N111",-0.281798631877859,-3.39359340990243,"1","#DC9E70"
"SCP_N111.LPB2.ACACTGATCTCCTATA","SCP259","SCP259_N111",1.46672716644291,-2.57225070322213,"1","#DC9E70"
"SCP_N111.LPB2.ACCCACTCAATTCCTT","SCP259","SCP259_N111",1.51562467124943,-1.61139998758493,"1","#DC9E70"
"SCP_N111.LPB2.AGCTCCTGTGTGCCTG","SCP259","SCP259_N111",3.50865104702,-0.98300466859994,"0","#ED90A4"
"SCP_N111.LPB2.AGTGAGGAGAGTACAT","SCP259","SCP259_N111",0.895795195369761,-3.22496280992684,"1","#DC9E70"
"SCP_N111.LPB2.AGTGGGACACCCAGTG","SCP259","SCP259_N111",1.67236485984806,-2.61289463365731,"1","#DC9E70"
"SCP_N111.LPB2.ATAGACCCATCACAAC","SCP259","SCP259_N111",0.58291062620167,-0.428293803579188,"1","#DC9E70"
"SCP_N111.LPB2.ATCGAGTTCCCTCTTT","SCP259","SCP259_N111",-1.06091925594326,-3.16164980257211,"0","#ED90A4"
"SCP_N111.LPB2.ATTGGACAGGGTCTCC","SCP259","SCP259_N111",1.15236911085133,-1.67084989870248,"1","#DC9E70"
"SCP_N111.LPB2.CAACCAACAGCCTGTG","SCP259","SCP259_N111",-4.57646033260341,-2.78657732332406,"4","#1DC199"
"SCP_N111.LPB2.CACAGTAAGATGCCTT","SCP259","SCP259_N111",1.38481774833683,6.81615104352775,"2","#B7AE50"
"SCP_N111.LPB2.CAGTAACCAGTCCTTC","SCP259","SCP259_N111",1.68758192565922,-3.22011289919076,"1","#DC9E70"
"SCP_N111.LPB2.CCATTCGAGCCTATGT","SCP259","SCP259_N111",0.816335170536081,-1.57777128542123,"1","#DC9E70"
"SCP_N111.LPB2.CGAGCACTCTGGCGAC","SCP259","SCP259_N111",-1.40946456882473,-3.38531742418466,"1","#DC9E70"
"SCP_N111.LPB2.GACAGAGAGAGTACAT","SCP259","SCP259_N111",-1.32796225044246,-3.1500817331141,"1","#DC9E70"
"SCP_N111.LPB2.GCACTCTAGAGTCTGG","SCP259","SCP259_N111",0.901321380405466,-3.02325830782113,"1","#DC9E70"
"SCP_N111.LPB2.GCGCCAATCGGAAACG","SCP259","SCP259_N111",1.50157216098789,-0.760528663045741,"1","#DC9E70"
"SCP_N111.LPB2.GCTGCAGTCGCGTTTC","SCP259","SCP259_N111",-0.758097560138662,-2.86932430589852,"0","#ED90A4"
"SCP_N111.LPB2.GCTGCGACACGAAGCA","SCP259","SCP259_N111",1.71333828475956,-2.70046100938973,"1","#DC9E70"
"SCP_N111.LPB2.GGCTCGAAGAACTGTA","SCP259","SCP259_N111",-1.34170839282985,-3.64686212862191,"1","#DC9E70"
"SCP_N111.LPB2.GGCTCGAGTAAGTGTA","SCP259","SCP259_N111",-1.3918741652679,-3.65374479616342,"1","#DC9E70"
"SCP_N111.LPB2.GGGAGATGTTACGCGC","SCP259","SCP259_N111",2.01068821456913,-0.788652041799403,"1","#DC9E70"
"SCP_N111.LPB2.GTATTCTGTATGAATG","SCP259","SCP259_N111",-0.782929272384603,-1.34265647257028,"1","#DC9E70"
"SCP_N111.LPB2.GTCGGGTCACATTTCT","SCP259","SCP259_N111",1.58503380325321,-1.9168749841517,"1","#DC9E70"
"SCP_N111.LPB2.GTCGTAACAGCTGTAT","SCP259","SCP259_N111",-4.02533003780361,0.693240007513189,"6","#6FB1E7"
"SCP_N111.LPB2.GTGCGGTGTCGAATCT","SCP259","SCP259_N111",-0.295332820148428,-1.49832401598153,"1","#DC9E70"
"SCP_N111.LPB2.GTTCTCGGTCTTGTCC","SCP259","SCP259_N111",0.256835835992138,0.495471080892705,"1","#DC9E70"
"SCP_N111.LPB2.TACGGATCAAGTTGTC","SCP259","SCP259_N111",1.28731682804112,-0.783017733938075,"1","#DC9E70"
"SCP_N111.LPB2.TCAACGAGTAACGCGA","SCP259","SCP259_N111",3.57481482532505,-1.08034000719247,"0","#ED90A4"
"SCP_N111.LPB2.TCTGAGACAATCTGCA","SCP259","SCP259_N111",1.31862464454655,-4.67148075426278,"1","#DC9E70"
"SCP_N111.LPB2.TTGACTTAGAGGGATA","SCP259","SCP259_N111",-4.52746912929531,-2.83400020921884,"5","#00BFC8"
"SCP_N111.LPB2.TTTGTCATCGTCTGAA","SCP259","SCP259_N111",1.59178557899479,-0.263533094770289,"1","#DC9E70"
"SCP_N111.LPA2.ATGCGATAGAGTACCG","SCP259","SCP259_N111",-3.97695061656948,-4.22158251131234,"4","#1DC199"
"SCP_N111.LPA2.CCGGTAGTCCGGCACA","SCP259","SCP259_N111",-3.50030776950832,-4.26378879869638,"4","#1DC199"
"SCP_N111.LPA2.GGAACTTGTGACCAAG","SCP259","SCP259_N111",-4.20986887905117,-4.3834539445704,"4","#1DC199"
"SCP_N111.LPA2.GGTGAAGGTCGAGATG","SCP259","SCP259_N111",-3.03083941432949,-4.37367163026986,"4","#1DC199"
"SCP_N111.LPA2.GTATTCTCACAACGTT","SCP259","SCP259_N111",-3.8225211808395,-4.08499298418222,"4","#1DC199"
"SCP_N111.LPA2.GTCATTTTCCTTGACC","SCP259","SCP259_N111",-3.67891022655483,-4.56076822603402,"4","#1DC199"
"SCP_N111.LPA2.GTTCTCGGTCTTTCAT","SCP259","SCP259_N111",2.26684477832798,-1.01512966478524,"1","#DC9E70"
"SCP_N111.LPA2.TCTATTGCAGATGGGT","SCP259","SCP259_N111",-3.89778563472744,-4.25059089983163,"4","#1DC199"
"SCP_N111.LPA2.TGCTACCTCGTGTAGT","SCP259","SCP259_N111",-3.17502424213405,-4.68079338396249,"4","#1DC199"
"SCP_N111.EpiA1.GACTAACCAACGCACC","SCP259","SCP259_N111",-2.64490482303615,2.22200872575583,"6","#6FB1E7"
"SCP_N661.LPA1.AAACGGGAGTGATCGG","SCP259","SCP259_N661",-8.38624236080166,-1.61062131250558,"5","#00BFC8"
"SCP_N661.LPA1.AAACGGGTCACCGGGT","SCP259","SCP259_N661",0.800318269996683,-3.04978094423471,"1","#DC9E70"
"SCP_N661.LPA1.AAAGCAACAAAGCGGT","SCP259","SCP259_N661",-7.88528201076504,-1.50673423135934,"4","#1DC199"
"SCP_N661.LPA1.AAAGCAACAGCGTCCA","SCP259","SCP259_N661",-3.20844170543667,-2.77373037660775,"5","#00BFC8"
"SCP_N661.LPA1.AAAGTAGTCGGTCCGA","SCP259","SCP259_N661",-1.97184440586086,-2.10969195688424,"1","#DC9E70"
"SCP_N661.LPA1.AAATGCCCACGGACAA","SCP259","SCP259_N661",-0.967072815628012,-1.66487489069161,"1","#DC9E70"
"SCP_N661.LPA1.AAATGCCGTTACGTCA","SCP259","SCP259_N661",-4.37017294857021,-2.53621540392098,"5","#00BFC8"
"SCP_N661.LPA1.AAATGCCTCCAAGCCG","SCP259","SCP259_N661",-1.21673855278011,-2.83755026186166,"1","#DC9E70"
"SCP_N661.LPA1.AACACGTCAGTAAGCG","SCP259","SCP259_N661",-2.03019878360744,-1.91525516832528,"1","#DC9E70"
"SCP_N661.LPA1.AACACGTGTGAGCGAT","SCP259","SCP259_N661",-1.49168190452572,-2.90374574983773,"1","#DC9E70"
"SCP_N661.LPA1.AACACGTGTTCCGGCA","SCP259","SCP259_N661",-1.12662550899502,-2.95876131380258,"1","#DC9E70"
"SCP_N661.LPA1.AACCGCGGTAAGAGAG","SCP259","SCP259_N661",-0.419129938812216,-1.61027608240304,"7","#BB9DEA"
"SCP_N661.LPA1.AACTCCCAGCTGATAA","SCP259","SCP259_N661",-6.02239081356045,-4.2263756784266,"7","#BB9DEA"
"SCP_N661.LPA1.AACTCCCTCACATGCA","SCP259","SCP259_N661",0.867448954849283,-1.09879551256356,"1","#DC9E70"
"SCP_N661.LPA1.AACTCTTAGTCCATAC","SCP259","SCP259_N661",-0.709722847671469,-2.9102340730494,"1","#DC9E70"
"SCP_N661.LPA1.AACTCTTGTTTCGCTC","SCP259","SCP259_N661",-0.654341490001638,-2.60618076646981,"1","#DC9E70"
"SCP_N661.LPA1.AACTGGTCAGCTATTG","SCP259","SCP259_N661",-0.137839824886282,-2.21677742326913,"1","#DC9E70"
"SCP_N661.LPA1.AACTGGTCAGTCCTTC","SCP259","SCP259_N661",1.46349623706822,-2.92231951082406,"1","#DC9E70"
"SCP_N661.LPA1.AAGCCGCAGATATGCA","SCP259","SCP259_N661",1.01170602348332,-2.73170767152963,"1","#DC9E70"
"SCP_N661.LPA1.AAGCCGCAGGCAAAGA","SCP259","SCP259_N661",-4.53686425182338,-1.96164021814523,"5","#00BFC8"
"SCP_N661.LPA1.AAGCCGCTCGGAAACG","SCP259","SCP259_N661",-3.7579710194778,-2.72571907365975,"5","#00BFC8"
"SCP_N661.LPA1.AAGGAGCTCCAATGGT","SCP259","SCP259_N661",0.243375248281996,-2.12581620538888,"1","#DC9E70"
"SCP_N661.LPA1.AAGGCAGTCGGAGCAA","SCP259","SCP259_N661",-1.2154118725967,-1.96214280450997,"1","#DC9E70"
"SCP_N661.LPA1.AATCCAGAGTGTTAGA","SCP259","SCP259_N661",-1.57459887954708,-4.29385004366098,"1","#DC9E70"
"SCP_N661.LPA1.AATCCAGAGTTGAGTA","SCP259","SCP259_N661",-3.25536772701259,-2.67904911363778,"5","#00BFC8"
"SCP_N661.LPA1.AATCCAGCACAGGCCT","SCP259","SCP259_N661",-7.78286787960048,-1.76695428217111,"5","#00BFC8"
"SCP_N661.LPA1.AATCCAGGTAAGTAGT","SCP259","SCP259_N661",-4.2547664353561,-1.90789780939279,"5","#00BFC8"
"SCP_N661.LPA1.AATCCAGGTAAGTGGC","SCP259","SCP259_N661",-2.21192452404018,-2.43135390604196,"1","#DC9E70"
"SCP_N661.LPA1.AATCCAGGTCAATGTC","SCP259","SCP259_N661",-1.28821644279476,-4.12440452898202,"1","#DC9E70"
"SCP_N661.LPA1.AATCCAGTCTCCAGGG","SCP259","SCP259_N661",-1.54480800125118,-2.90046987856088,"1","#DC9E70"
"SCP_N661.LPA1.AATCGGTTCCGTTGCT","SCP259","SCP259_N661",-4.45901820156093,-1.79616723383126,"5","#00BFC8"
"SCP_N661.LPA1.ACACCAAAGGGAACGG","SCP259","SCP259_N661",-5.72324416133877,-2.82629404390512,"5","#00BFC8"
"SCP_N661.LPA1.ACACCCTCAGGTCTCG","SCP259","SCP259_N661",-3.27774164173122,-2.80629024828134,"5","#00BFC8"
"SCP_N661.LPA1.ACCAGTAGTTCTGGTA","SCP259","SCP259_N661",-4.00768610927578,-2.91760788286386,"5","#00BFC8"
"SCP_N661.LPA1.ACCCACTTCCCTAACC","SCP259","SCP259_N661",-3.56673261615749,-2.89292393053231,"5","#00BFC8"
"SCP_N661.LPA1.ACGAGGAAGGGAGTAA","SCP259","SCP259_N661",-1.13356074783321,-2.05916843736825,"1","#DC9E70"
"SCP_N661.LPA1.ACGAGGACACATCTTT","SCP259","SCP259_N661",-5.09261509868618,-2.0337499173945,"5","#00BFC8"
"SCP_N661.LPA1.ACGAGGACACCCAGTG","SCP259","SCP259_N661",1.5447507193375,-2.43349657381234,"1","#DC9E70"
"SCP_N661.LPA1.ACGATACTCGTTACGA","SCP259","SCP259_N661",-1.32621643039699,-3.96666584337411,"1","#DC9E70"
"SCP_N661.LPA1.ACGCCGAAGAGCAATT","SCP259","SCP259_N661",-4.85179707500454,-2.56982622469125,"5","#00BFC8"
"SCP_N661.LPA1.ACGCCGACATAAAGGT","SCP259","SCP259_N661",-4.64082905742641,-2.49885282838998,"5","#00BFC8"
"SCP_N661.LPA1.ACGGAGAGTAGCGTAG","SCP259","SCP259_N661",-4.20200678798671,-2.88751278246102,"5","#00BFC8"
"SCP_N661.LPA1.ACGGAGAGTTCCCTTG","SCP259","SCP259_N661",-1.43192419502254,-4.4441433938807,"1","#DC9E70"
"SCP_N661.LPA1.ACGGAGAGTTTGACTG","SCP259","SCP259_N661",-0.500638396472891,-2.59626255357919,"1","#DC9E70"
"SCP_N661.LPA1.ACGGGCTAGACTACAA","SCP259","SCP259_N661",-5.03923794719692,-1.90861044252572,"5","#00BFC8"
"SCP_N661.LPA1.ACGGGCTAGATGTTAG","SCP259","SCP259_N661",-2.3177170464706,-1.74614725435433,"1","#DC9E70"
"SCP_N661.LPA1.ACGGGCTGTAACGTTC","SCP259","SCP259_N661",-6.85743710491176,-1.99447427118478,"5","#00BFC8"
"SCP_N661.LPA1.ACGGGCTTCCGAATGT","SCP259","SCP259_N661",-1.16560706588741,-3.99298343980966,"1","#DC9E70"
"SCP_N661.LPA1.ACGGGTCAGAAGATTC","SCP259","SCP259_N661",-1.64242050144192,-2.67068682039437,"1","#DC9E70"
"SCP_N661.LPA1.ACGGGTCTCTACGAGT","SCP259","SCP259_N661",1.32214656379704,-2.90428314531503,"1","#DC9E70"
"SCP_N661.LPA1.ACGTCAAAGGAATGGA","SCP259","SCP259_N661",-4.60381552669521,-2.97734937990365,"5","#00BFC8"
"SCP_N661.LPA1.ACGTCAACACGTCTCT","SCP259","SCP259_N661",-3.22800728771206,-2.55836162889657,"5","#00BFC8"
"SCP_N661.LPA1.ACTATCTTCGCCTGAG","SCP259","SCP259_N661",-0.751001448364218,-3.39370498979745,"1","#DC9E70"
"SCP_N661.LPA1.ACTGAGTCAAAGAATC","SCP259","SCP259_N661",-1.45976480934139,-4.21608648622689,"1","#DC9E70"
"SCP_N661.LPA1.ACTGAGTCATCTCGCT","SCP259","SCP259_N661",-1.18116137477871,-4.4145384820765,"1","#DC9E70"
"SCP_N661.LPA1.ACTTGTTGTGTCCTCT","SCP259","SCP259_N661",0.658950685529749,-3.07650051439462,"1","#DC9E70"
"SCP_N661.LPA1.ACTTTCAGTAGAGGAA","SCP259","SCP259_N661",-5.82753798458095,-2.05613789880929,"5","#00BFC8"
"SCP_N661.LPA1.ACTTTCAGTGCAACGA","SCP259","SCP259_N661",-6.77144238445278,-2.48000822389779,"5","#00BFC8"
"SCP_N661.LPA1.AGAGCGAGTTGGTGGA","SCP259","SCP259_N661",0.528042494325678,-1.40937195146737,"1","#DC9E70"
"SCP_N661.LPA1.AGAGCGATCCCTAATT","SCP259","SCP259_N661",-3.06147810909267,-2.90994844759164,"5","#00BFC8"
"SCP_N661.LPA1.AGAGCTTCACCTATCC","SCP259","SCP259_N661",-6.78748318645473,-1.95512090051828,"5","#00BFC8"
"SCP_N661.LPA1.AGAGTGGCAGATTGCT","SCP259","SCP259_N661",-1.56270071956631,-4.57058010423837,"1","#DC9E70"
"SCP_N661.LPA1.AGAGTGGTCAGCCTAA","SCP259","SCP259_N661",-7.49121043178554,-1.46805916155038,"5","#00BFC8"
"SCP_N661.LPA1.AGATCTGAGCTTATCG","SCP259","SCP259_N661",-7.2875017831039,-2.04695568407235,"5","#00BFC8"
"SCP_N661.LPA1.AGATCTGTCCGCGGTA","SCP259","SCP259_N661",-4.35903355571743,-1.88096437776742,"5","#00BFC8"
"SCP_N661.LPA1.AGATTGCGTAGAAGGA","SCP259","SCP259_N661",-0.307367832393606,-3.16513357484994,"1","#DC9E70"
"SCP_N661.LPA1.AGCCTAAAGAACAACT","SCP259","SCP259_N661",0.271086866973679,-1.47216997469125,"1","#DC9E70"
"SCP_N661.LPA1.AGCCTAAAGCGGATCA","SCP259","SCP259_N661",-4.46777007076259,-1.82813058221994,"5","#00BFC8"
"SCP_N661.LPA1.AGCGGTCAGAGTTGGC","SCP259","SCP259_N661",-7.17043730709072,-1.9602955373591,"5","#00BFC8"
"SCP_N661.LPA1.AGCGGTCCATCGGACC","SCP259","SCP259_N661",-1.31546399089809,-3.99284658754525,"1","#DC9E70"
"SCP_N661.LPA1.AGCGTATTCTCGTATT","SCP259","SCP259_N661",0.753484874038736,-1.26015625322518,"0","#ED90A4"
"SCP_N661.LPA1.AGCTCCTGTCCGTTAA","SCP259","SCP259_N661",-4.88191792461391,-2.83046207750497,"5","#00BFC8"
"SCP_N661.LPA1.AGCTCCTGTGTGACGA","SCP259","SCP259_N661",-0.251231254072149,-2.31000790918527,"1","#DC9E70"
"SCP_N661.LPA1.AGCTCTCTCGCGGATC","SCP259","SCP259_N661",-1.61760017368313,-3.86464224184213,"1","#DC9E70"
"SCP_N661.LPA1.AGCTTGAAGTATCTCG","SCP259","SCP259_N661",0.158729947178404,-1.29299221361337,"1","#DC9E70"
"SCP_N661.LPA1.AGGCCACGTAAGGGAA","SCP259","SCP259_N661",-5.31400153133388,-2.75175628984628,"5","#00BFC8"
"SCP_N661.LPA1.AGGCCGTTCGGAATCT","SCP259","SCP259_N661",1.52296855953221,-2.64707193697152,"1","#DC9E70"
"SCP_N661.LPA1.AGGGAGTCAATCGAAA","SCP259","SCP259_N661",-1.69259509536739,-2.41368637407479,"1","#DC9E70"
"SCP_N661.LPA1.AGGGTGACAAGCCATT","SCP259","SCP259_N661",-1.40778872463222,-2.63522205675302,"1","#DC9E70"
"SCP_N661.LPA1.AGGGTGATCCACGTTC","SCP259","SCP259_N661",-2.00103494617458,-2.17574940050302,"1","#DC9E70"
"SCP_N661.LPA1.AGGTCATTCTTCCTTC","SCP259","SCP259_N661",-0.318415076465567,-1.59850845659432,"1","#DC9E70"
"SCP_N661.LPA1.AGGTCCGAGGAATTAC","SCP259","SCP259_N661",1.48051634338383,-2.71315059984384,"1","#DC9E70"
"SCP_N661.LPA1.AGGTCCGGTAACGACG","SCP259","SCP259_N661",-4.07175156566616,-2.6060782464808,"5","#00BFC8"
"SCP_N661.LPA1.AGTAGTCAGCAATCTC","SCP259","SCP259_N661",-4.67706343624111,-2.34647426927743,"5","#00BFC8"
"SCP_N661.LPA1.AGTAGTCGTTTACTCT","SCP259","SCP259_N661",-6.51878306362148,-2.30940184915719,"5","#00BFC8"
"SCP_N661.LPA1.AGTAGTCTCCTATTCA","SCP259","SCP259_N661",-1.48006340953823,-2.10975537622628,"1","#DC9E70"
"SCP_N661.LPA1.AGTTGGTGTAAATGAC","SCP259","SCP259_N661",-5.49195143672939,-2.15034375513253,"5","#00BFC8"
"SCP_N661.LPA1.ATAACGCCATTCGACA","SCP259","SCP259_N661",-6.16935536357876,-2.15025196397958,"5","#00BFC8"
"SCP_N661.LPA1.ATAAGAGAGGAGCGAG","SCP259","SCP259_N661",-2.09913274738308,-2.35812125528512,"1","#DC9E70"
"SCP_N661.LPA1.ATCATCTGTGCAACGA","SCP259","SCP259_N661",3.57431867626194,4.14586891805472,"0","#ED90A4"
"SCP_N661.LPA1.ATCCACCTCTATCGCC","SCP259","SCP259_N661",-1.0150762507629,-1.70234570825753,"1","#DC9E70"
"SCP_N661.LPA1.ATCGAGTCAAGACACG","SCP259","SCP259_N661",-6.27851244899746,-2.16673455560861,"5","#00BFC8"
"SCP_N661.LPA1.ATCGAGTCAGGTGGAT","SCP259","SCP259_N661",-5.38319203350063,-2.84814796770272,"5","#00BFC8"
"SCP_N661.LPA1.ATGAGGGGTTAGGGTG","SCP259","SCP259_N661",-1.72880265209194,-3.26242695177255,"1","#DC9E70"
"SCP_N661.LPA1.ATGGGAGGTATCTGCA","SCP259","SCP259_N661",-1.57544788810726,-3.42661295259652,"1","#DC9E70"
"SCP_N661.LPA1.ATGTGTGGTAAGTGGC","SCP259","SCP259_N661",-1.38542863819118,-4.22081194246469,"1","#DC9E70"
"SCP_N661.LPA1.ATTACTCAGCGAGAAA","SCP259","SCP259_N661",-4.15677353832241,-2.68015108431039,"5","#00BFC8"
"SCP_N661.LPA1.ATTACTCAGTCCGGTC","SCP259","SCP259_N661",-5.35856482479091,-2.47067056024728,"5","#00BFC8"
"SCP_N661.LPA1.ATTATCCCATACAGCT","SCP259","SCP259_N661",-0.0557054588508205,-3.34001407945809,"1","#DC9E70"
"SCP_N661.LPA1.ATTATCCGTCATTAGC","SCP259","SCP259_N661",0.461709647445719,-1.54013190591989,"1","#DC9E70"
"SCP_N661.LPA1.ATTATCCTCACTTACT","SCP259","SCP259_N661",0.224826064549166,-3.07962808931527,"1","#DC9E70"
"SCP_N661.LPA1.ATTCTACGTTCAACCA","SCP259","SCP259_N661",-2.12126252147671,-1.95199404085336,"1","#DC9E70"
"SCP_N661.LPA1.ATTCTACTCTGTCTAT","SCP259","SCP259_N661",-1.46498045417782,-3.54091558778939,"1","#DC9E70"
"SCP_N661.LPA1.ATTGGACAGTTTAGGA","SCP259","SCP259_N661",-4.84938189479824,-2.74620638216195,"5","#00BFC8"
"SCP_N661.LPA1.ATTGGACGTCTAAACC","SCP259","SCP259_N661",-1.60077676269527,-4.58308468187509,"1","#DC9E70"
"SCP_N661.LPA1.ATTTCTGAGTGTCCCG","SCP259","SCP259_N661",0.439279004006426,-2.37957630479989,"5","#00BFC8"
"SCP_N661.LPA1.ATTTCTGTCGAGGTAG","SCP259","SCP259_N661",-4.96162745449062,-1.9859074148005,"5","#00BFC8"
"SCP_N661.LPA1.CAACCAACATAGTAAG","SCP259","SCP259_N661",-4.53660819026943,-2.22824702585397,"5","#00BFC8"
"SCP_N661.LPA1.CAACCAAGTTCGCTAA","SCP259","SCP259_N661",-1.29097876045223,-2.74319563234506,"1","#DC9E70"
"SCP_N661.LPA1.CAACCTCAGACATAAC","SCP259","SCP259_N661",-1.00004288646694,-1.84730086649118,"1","#DC9E70"
"SCP_N661.LPA1.CAACCTCAGACTTGAA","SCP259","SCP259_N661",-0.494843394489248,-2.13058410013375,"1","#DC9E70"
"SCP_N661.LPA1.CAACCTCAGGCATGGT","SCP259","SCP259_N661",-5.41206213924404,-2.4345739873713,"5","#00BFC8"
"SCP_N661.LPA1.CAACCTCTCTGACCTC","SCP259","SCP259_N661",-4.11919066402431,-2.78055916155038,"5","#00BFC8"
"SCP_N661.LPA1.CAACTAGCATCTATGG","SCP259","SCP259_N661",-1.25531312915798,-3.73256025636849,"1","#DC9E70"
"SCP_N661.LPA1.CAAGAAACACTTAACG","SCP259","SCP259_N661",-6.01775643321987,-2.13870249117074,"5","#00BFC8"
"SCP_N661.LPA1.CAAGAAAGTCAAAGCG","SCP259","SCP259_N661",-0.439691157073934,-2.8277054818934,"1","#DC9E70"
"SCP_N661.LPA1.CAAGATCCATTCGACA","SCP259","SCP259_N661",-0.559877009124716,-2.14580855692086,"1","#DC9E70"
"SCP_N661.LPA1.CAAGGCCAGAATCTCC","SCP259","SCP259_N661",-5.24751421901699,-2.07045374239144,"5","#00BFC8"
"SCP_N661.LPA1.CAAGGCCCAGATGAGC","SCP259","SCP259_N661",-1.76685163471218,-1.79153714502511,"1","#DC9E70"
"SCP_N661.LPA1.CAAGGCCGTGGTTTCA","SCP259","SCP259_N661",-0.844985694618185,-1.7779212983912,"1","#DC9E70"
"SCP_N661.LPA1.CAAGTTGAGTACGATA","SCP259","SCP259_N661",1.40702953842167,-2.90011415804086,"1","#DC9E70"
"SCP_N661.LPA1.CAAGTTGCAATAGAGT","SCP259","SCP259_N661",-0.687056333751638,-1.69427500093637,"1","#DC9E70"
"SCP_N661.LPA1.CACAAACAGACGACGT","SCP259","SCP259_N661",-2.14615556690212,-2.43111310327706,"1","#DC9E70"
"SCP_N661.LPA1.CACAAACAGTCCAGGA","SCP259","SCP259_N661",-7.25334641429897,-2.01648245180307,"5","#00BFC8"
"SCP_N661.LPA1.CACACAAAGAGCTGCA","SCP259","SCP259_N661",-0.1131409117889,-1.52102384889779,"1","#DC9E70"
"SCP_N661.LPA1.CACACTCGTCATTAGC","SCP259","SCP259_N661",-0.868040055961569,-2.77449903810678,"1","#DC9E70"
"SCP_N661.LPA1.CACAGTAGTAGGGACT","SCP259","SCP259_N661",-1.01178345176693,-2.83158264482675,"1","#DC9E70"
"SCP_N661.LPA1.CACATAGTCGATAGAA","SCP259","SCP259_N661",-1.34861430618282,-4.25627193773446,"1","#DC9E70"
"SCP_N661.LPA1.CACATTTGTGACGCCT","SCP259","SCP259_N661",-2.0358144948196,-2.77367363298593,"1","#DC9E70"
"SCP_N661.LPA1.CACCACTAGCGTGAAC","SCP259","SCP259_N661",-0.900719613761862,-1.79185877168832,"1","#DC9E70"
"SCP_N661.LPA1.CAGAGAGAGAATAGGG","SCP259","SCP259_N661",0.57752430346493,-3.00788412416635,"1","#DC9E70"
"SCP_N661.LPA1.CAGATCAAGATCTGCT","SCP259","SCP259_N661",-1.18607577774044,-2.54379091585336,"1","#DC9E70"
"SCP_N661.LPA1.CAGATCACAACACCCG","SCP259","SCP259_N661",-1.42100271675106,-3.14229116762338,"1","#DC9E70"
"SCP_N661.LPA1.CAGATCAGTAAATGTG","SCP259","SCP259_N661",-0.709357828826864,-3.35365257585702,"1","#DC9E70"
"SCP_N661.LPA1.CAGCAGCTCGCGTTTC","SCP259","SCP259_N661",-0.787323088378866,-1.92062864626107,"1","#DC9E70"
"SCP_N661.LPA1.CAGCATAAGGATGGAA","SCP259","SCP259_N661",0.689521341590921,-1.43769584024606,"1","#DC9E70"
"SCP_N661.LPA1.CAGCATATCCTTGACC","SCP259","SCP259_N661",-0.967069716186483,-3.68878517473397,"1","#DC9E70"
"SCP_N661.LPA1.CAGCCGAAGAGTACAT","SCP259","SCP259_N661",-4.31931302043911,-1.79713330591378,"1","#DC9E70"
"SCP_N661.LPA1.CAGCGACAGTGAACAT","SCP259","SCP259_N661",-0.937029928894003,-3.37776050890145,"1","#DC9E70"
"SCP_N661.LPA1.CAGCGACCAAGGCTCC","SCP259","SCP259_N661",-4.30465266201015,-2.29638419473825,"5","#00BFC8"
"SCP_N661.LPA1.CAGCTGGAGGGCACTA","SCP259","SCP259_N661",-4.80494353267666,-2.61540422762094,"5","#00BFC8"
"SCP_N661.LPA1.CAGCTGGGTATGGTTC","SCP259","SCP259_N661",-1.38716694805141,-4.32366142595468,"1","#DC9E70"
"SCP_N661.LPA1.CAGCTGGGTCAAACTC","SCP259","SCP259_N661",-5.78403660747524,-2.05337391222177,"5","#00BFC8"
"SCP_N661.LPA1.CAGTAACGTGTGCGTC","SCP259","SCP259_N661",0.127219638793509,-1.5313380750483,"1","#DC9E70"
"SCP_N661.LPA1.CAGTAACTCACAAACC","SCP259","SCP259_N661",-1.30764219257351,-4.26243172014413,"1","#DC9E70"
"SCP_N661.LPA1.CAGTCCTAGCTTATCG","SCP259","SCP259_N661",-5.3541316697311,-2.63518629396615,"5","#00BFC8"
"SCP_N661.LPA1.CATATGGCAATCCAAC","SCP259","SCP259_N661",-5.35377547237392,-2.57917437875924,"5","#00BFC8"
"SCP_N661.LPA1.CATATGGCATCGGTTA","SCP259","SCP259_N661",-1.37226912471767,-3.08335123384652,"1","#DC9E70"
"SCP_N661.LPA1.CATATTCCACCGTTGG","SCP259","SCP259_N661",-5.54198214504238,-2.72636852586923,"5","#00BFC8"
"SCP_N661.LPA1.CATCAAGAGAGGTAGA","SCP259","SCP259_N661",-1.11844560596462,-2.77691517198739,"1","#DC9E70"
"SCP_N661.LPA1.CATCAAGAGCGATCCC","SCP259","SCP259_N661",-3.83505579921718,-2.77524338091073,"5","#00BFC8"
"SCP_N661.LPA1.CATCAAGCAACGATCT","SCP259","SCP259_N661",-0.241141856641729,-2.73978386247811,"1","#DC9E70"
"SCP_N661.LPA1.CATCAGACATCGACGC","SCP259","SCP259_N661",0.046574427752535,-3.01716385210214,"1","#DC9E70"
"SCP_N661.LPA1.CATCAGATCTTACCTA","SCP259","SCP259_N661",0.581097095279734,-6.15580139482675,"3","#7EBA68"
"SCP_N661.LPA1.CATCCACGTACAGCAG","SCP259","SCP259_N661",-1.14528390857693,-3.95371828401742,"1","#DC9E70"
"SCP_N661.LPA1.CATCGGGGTGTTTGTG","SCP259","SCP259_N661",1.10186740663532,-1.21406588876901,"1","#DC9E70"
"SCP_N661.LPA1.CATGACAGTTCAGCGC","SCP259","SCP259_N661",-5.5944995591354,-2.89150915468392,"5","#00BFC8"
"SCP_N661.LPA1.CATGCCTAGCGTTTAC","SCP259","SCP259_N661",-0.364533872337301,-3.37538824403939,"1","#DC9E70"
"SCP_N661.LPA1.CATGCCTGTTACGTCA","SCP259","SCP259_N661",1.37554290798191,-3.2797957452601,"1","#DC9E70"
"SCP_N661.LPA1.CATGCCTGTTGTCTTT","SCP259","SCP259_N661",0.619830637245218,-2.74808225954232,"1","#DC9E70"
"SCP_N661.LPA1.CATGCCTTCCGTCATC","SCP259","SCP259_N661",-6.93756863567348,-2.02561173761544,"5","#00BFC8"
"SCP_N661.LPA1.CATTATCAGTACCGGA","SCP259","SCP259_N661",-1.95134469959255,-2.31552229250131,"1","#DC9E70"
"SCP_N661.LPA1.CATTATCCACTATCTT","SCP259","SCP259_N661",-3.61652323696132,-2.93097935045419,"5","#00BFC8"
"SCP_N661.LPA1.CATTCGCCAACACCCG","SCP259","SCP259_N661",-6.85913321468349,-2.05601010645089,"5","#00BFC8"
"SCP_N661.LPA1.CCAATCCGTAGCGTCC","SCP259","SCP259_N661",-5.93225905391689,-2.28857097948251,"5","#00BFC8"
"SCP_N661.LPA1.CCAATCCGTTTACTCT","SCP259","SCP259_N661",-0.588088125915487,-2.10779629076181,"1","#DC9E70"
"SCP_N661.LPA1.CCACGGAAGGCAATTA","SCP259","SCP259_N661",-6.46106240245815,-2.25323877657113,"5","#00BFC8"
"SCP_N661.LPA1.CCACTACGTATAGGTA","SCP259","SCP259_N661",-1.79230877849575,-2.07741699541268,"1","#DC9E70"
"SCP_N661.LPA1.CCATTCGAGACGCAAC","SCP259","SCP259_N661",-0.83241900894161,-3.59948883379159,"1","#DC9E70"
"SCP_N661.LPA1.CCATTCGAGAGGTTAT","SCP259","SCP259_N661",-1.39756712409969,-2.84731111849008,"1","#DC9E70"
"SCP_N661.LPA1.CCATTCGTCGATAGAA","SCP259","SCP259_N661",-1.20551475975033,-1.85121689165292,"1","#DC9E70"
"SCP_N661.LPA1.CCCAGTTCAGATGGGT","SCP259","SCP259_N661",-0.619337649078329,-2.85721216524301,"1","#DC9E70"
"SCP_N661.LPA1.CCCATACAGACTAGAT","SCP259","SCP259_N661",-3.18524739238735,-2.7693387063807,"5","#00BFC8"
"SCP_N661.LPA1.CCCTCCTAGCGTAGTG","SCP259","SCP259_N661",1.4003472616959,-3.17754278505502,"1","#DC9E70"
"SCP_N661.LPA1.CCCTCCTGTGCCTGTG","SCP259","SCP259_N661",1.34620419052128,-3.07705126131234,"1","#DC9E70"
"SCP_N661.LPA1.CCGGTAGAGGATTCGG","SCP259","SCP259_N661",-3.68986198398586,-2.85702429140267,"5","#00BFC8"
"SCP_N661.LPA1.CCGTACTCAAGCCTAT","SCP259","SCP259_N661",-4.79797884914394,-1.94815669382272,"5","#00BFC8"
"SCP_N661.LPA1.CCGTGGACAGCTGTGC","SCP259","SCP259_N661",-5.04185339900966,-2.11750064218698,"5","#00BFC8"
"SCP_N661.LPA1.CCGTGGAGTCGCTTTC","SCP259","SCP259_N661",0.0956965377617284,-2.72566900575814,"1","#DC9E70"
"SCP_N661.LPA1.CCGTTCAGTCGCATCG","SCP259","SCP259_N661",-0.65118441078182,-3.48734865511117,"1","#DC9E70"
"SCP_N661.LPA1.CCTAAAGAGCTGTTCA","SCP259","SCP259_N661",-4.28388068172451,-2.86363706911264,"5","#00BFC8"
"SCP_N661.LPA1.CCTAAAGGTCAGATAA","SCP259","SCP259_N661",-2.89627477619167,-2.84429130876718,"5","#00BFC8"
"SCP_N661.LPA1.CCTAAAGGTGCAACGA","SCP259","SCP259_N661",-1.04224583599087,-4.02952633226571,"1","#DC9E70"
"SCP_N661.LPA1.CCTAAAGTCCCAGGTG","SCP259","SCP259_N661",-1.41232547256466,-2.8876830133265,"1","#DC9E70"
"SCP_N661.LPA1.CCTACCAAGAACAACT","SCP259","SCP259_N661",-0.650805325241049,-3.27774963701425,"1","#DC9E70"
"SCP_N661.LPA1.CCTACCAAGTAGGTGC","SCP259","SCP259_N661",-1.70739588233944,-1.88361630762277,"1","#DC9E70"
"SCP_N661.LPA1.CCTACCACAACCGCCA","SCP259","SCP259_N661",0.0354117294836446,-1.83545790041146,"1","#DC9E70"
"SCP_N661.LPA1.CCTAGCTAGTACGACG","SCP259","SCP259_N661",-1.18828711006161,-2.8790102990931,"1","#DC9E70"
"SCP_N661.LPA1.CCTCTGAAGGCGACAT","SCP259","SCP259_N661",-4.10739609691616,-2.69265566194711,"5","#00BFC8"
"SCP_N661.LPA1.CCTCTGATCCAAATGC","SCP259","SCP259_N661",-0.288699180812796,-3.18051777208505,"1","#DC9E70"
"SCP_N661.LPA1.CCTTACGAGTACGTTC","SCP259","SCP259_N661",-7.24587199184414,-2.0623439344233,"5","#00BFC8"
"SCP_N661.LPA1.CCTTACGCAGACTCGC","SCP259","SCP259_N661",-3.82635066005703,-2.75822887743173,"5","#00BFC8"
"SCP_N661.LPA1.CCTTACGGTCATATCG","SCP259","SCP259_N661",-1.59170207473751,-3.12265167558847,"1","#DC9E70"
"SCP_N661.LPA1.CCTTCCCTCATGTCTT","SCP259","SCP259_N661",-1.26096376869198,-4.02443132723031,"1","#DC9E70"
"SCP_N661.LPA1.CCTTTCTAGGCGACAT","SCP259","SCP259_N661",-1.34730431529995,-4.42390499437509,"1","#DC9E70"
"SCP_N661.LPA1.CGAATGTGTTCAGACT","SCP259","SCP259_N661",-0.606182784767111,-2.98266802156625,"1","#DC9E70"
"SCP_N661.LPA1.CGAATGTTCCTATTCA","SCP259","SCP259_N661",-1.37139615509029,-3.62550077760873,"1","#DC9E70"
"SCP_N661.LPA1.CGACCTTTCGTCGTTC","SCP259","SCP259_N661",-0.217587144107778,-1.59631977403817,"1","#DC9E70"
"SCP_N661.LPA1.CGACTTCAGGATGTAT","SCP259","SCP259_N661",-0.428810150356253,-1.67531857813058,"1","#DC9E70"
"SCP_N661.LPA1.CGAGCACCACACATGT","SCP259","SCP259_N661",-0.883984060020407,-6.87455664003549,"1","#DC9E70"
"SCP_N661.LPA1.CGAGCACGTAGCCTCG","SCP259","SCP259_N661",-4.79129263851162,-2.6665497812098,"5","#00BFC8"
"SCP_N661.LPA1.CGAGCCACAAGTAGTA","SCP259","SCP259_N661",-0.478791863651235,-3.44973907793222,"1","#DC9E70"
"SCP_N661.LPA1.CGATCGGGTAGCGCAA","SCP259","SCP259_N661",-5.46190306636806,-1.97619877184091,"5","#00BFC8"
"SCP_N661.LPA1.CGATGGCAGGTTCCTA","SCP259","SCP259_N661",-0.691778988571127,-1.66247663820443,"1","#DC9E70"
"SCP_N661.LPA1.CGATGGCAGTTACGGG","SCP259","SCP259_N661",-6.67391535732265,-2.14845476473031,"5","#00BFC8"
"SCP_N661.LPA1.CGCCAAGTCAGTGCAT","SCP259","SCP259_N661",-4.11215779277797,-2.77440843904672,"5","#00BFC8"
"SCP_N661.LPA1.CGCGGTAAGTGTCCCG","SCP259","SCP259_N661",-4.92419812175747,-2.69886789644418,"5","#00BFC8"
"SCP_N661.LPA1.CGCGGTACAGCTTAAC","SCP259","SCP259_N661",-5.82899758312221,-2.05992255533395,"5","#00BFC8"
"SCP_N661.LPA1.CGCGGTATCCACTGGG","SCP259","SCP259_N661",0.535816042690317,-3.32923660600839,"1","#DC9E70"
"SCP_N661.LPA1.CGCGGTATCGCTAGCG","SCP259","SCP259_N661",-4.79076144191738,-2.7119918855494,"5","#00BFC8"
"SCP_N661.LPA1.CGCGTTTAGTTCCACA","SCP259","SCP259_N661",3.76991417911534,3.34760632192435,"0","#ED90A4"
"SCP_N661.LPA1.CGCGTTTGTGCCTGTG","SCP259","SCP259_N661",0.068853034644167,-3.15388784731088,"1","#DC9E70"
"SCP_N661.LPA1.CGCTGGACAAGTTAAG","SCP259","SCP259_N661",-1.92510864231106,-3.13707170808969,"1","#DC9E70"
"SCP_N661.LPA1.CGCTGGACACGTTGGC","SCP259","SCP259_N661",1.30810156372074,-3.16380892122445,"1","#DC9E70"
"SCP_N661.LPA1.CGCTGGACACTCGACG","SCP259","SCP259_N661",-5.80076786968227,-2.38451872194467,"5","#00BFC8"
"SCP_N661.LPA1.CGCTGGAGTTACGCGC","SCP259","SCP259_N661",-0.785548419685324,-2.76400051439462,"1","#DC9E70"
"SCP_N661.LPA1.CGCTTCAAGAGGTTGC","SCP259","SCP259_N661",-0.916680664749105,-3.42630777681527,"1","#DC9E70"
"SCP_N661.LPA1.CGCTTCAAGCTAGGCA","SCP259","SCP259_N661",-1.39582583400722,-4.31580028856454,"1","#DC9E70"
"SCP_N661.LPA1.CGGACACCAGGTGGAT","SCP259","SCP259_N661",0.00716905203346452,-1.55328402841744,"1","#DC9E70"
"SCP_N661.LPA1.CGGACACGTGAACCTT","SCP259","SCP259_N661",-4.88760754558559,-1.9347394498652,"5","#00BFC8"
"SCP_N661.LPA1.CGGAGTCAGTTGCAGG","SCP259","SCP259_N661",0.0562684824753209,-3.024843314535,"1","#DC9E70"
"SCP_N661.LPA1.CGGCTAGGTGGGTCAA","SCP259","SCP259_N661",-0.876831025810202,-2.73180399263558,"1","#DC9E70"
"SCP_N661.LPA1.CGGCTAGTCTCCGGTT","SCP259","SCP259_N661",-5.0472035119247,-2.12555990541635,"5","#00BFC8"
"SCP_N661.LPA1.CGGTTAACAGGATTGG","SCP259","SCP259_N661",0.582213341264765,-1.48527274454293,"1","#DC9E70"
"SCP_N661.LPA1.CGTAGCGAGGATGGAA","SCP259","SCP259_N661",-5.56028458568569,-2.88927326524911,"5","#00BFC8"
"SCP_N661.LPA1.CGTAGCGAGGGTTTCT","SCP259","SCP259_N661",-1.26762911769863,-3.1319719346827,"1","#DC9E70"
"SCP_N661.LPA1.CGTAGCGCAAGCCTAT","SCP259","SCP259_N661",-1.25679406616207,-1.80638680780587,"1","#DC9E70"
"SCP_N661.LPA1.CGTCAGGAGTTACGGG","SCP259","SCP259_N661",-2.12641045543667,-2.96173343980966,"1","#DC9E70"
"SCP_N661.LPA1.CGTGTCTCACGCATCG","SCP259","SCP259_N661",1.43325307872776,-1.58249078119454,"1","#DC9E70"
"SCP_N661.LPA1.CGTTAGAGTCATATCG","SCP259","SCP259_N661",-0.0216429391812877,-5.10253868425546,"1","#DC9E70"
"SCP_N661.LPA1.CGTTCTGGTTGAGTTC","SCP259","SCP259_N661",0.0411296626615926,-3.08451376283822,"1","#DC9E70"
"SCP_N661.LPA1.CGTTGGGCAAGCTGTT","SCP259","SCP259_N661",-5.15319296810146,-2.58021340692697,"5","#00BFC8"
"SCP_N661.LPA1.CGTTGGGCAAGTCATC","SCP259","SCP259_N661",-1.38055536243435,-4.25052080476937,"1","#DC9E70"
"SCP_N661.LPA1.CTAACTTCATTATCTC","SCP259","SCP259_N661",-0.452668816776235,-2.96852073991952,"1","#DC9E70"
"SCP_N661.LPA1.CTAAGACAGCAATATG","SCP259","SCP259_N661",1.0903777172852,-2.46438441599069,"1","#DC9E70"
"SCP_N661.LPA1.CTAAGACAGGACAGAA","SCP259","SCP259_N661",-1.46623036357876,-2.66481409395394,"1","#DC9E70"
"SCP_N661.LPA1.CTAAGACAGTTGAGAT","SCP259","SCP259_N661",-0.14110973569866,-1.71733246172128,"1","#DC9E70"
"SCP_N661.LPA1.CTAAGACCACATGACT","SCP259","SCP259_N661",-0.405055732459982,-2.29282198274789,"1","#DC9E70"
"SCP_N661.LPA1.CTACACCAGGTGCTTT","SCP259","SCP259_N661",0.910984545021097,-1.78955397928414,"1","#DC9E70"
"SCP_N661.LPA1.CTACATTAGTAGCGGT","SCP259","SCP259_N661",1.08366802242283,-2.7112275155848,"1","#DC9E70"
"SCP_N661.LPA1.CTACGTCCACAAGACG","SCP259","SCP259_N661",0.19519846793894,-2.53219590509591,"1","#DC9E70"
"SCP_N661.LPA1.CTACGTCTCAGCAACT","SCP259","SCP259_N661",-4.52680060359951,-1.90067921007333,"5","#00BFC8"
"SCP_N661.LPA1.CTACGTCTCAGGCCCA","SCP259","SCP259_N661",-0.624428899021109,-2.77474842394052,"1","#DC9E70"
"SCP_N661.LPA1.CTAGTGATCGGACAAG","SCP259","SCP259_N661",-3.46214816066738,-2.73575363481698,"5","#00BFC8"
"SCP_N661.LPA1.CTCAGAACAGCTGCAC","SCP259","SCP259_N661",-2.05685708019253,-2.46094069803414,"1","#DC9E70"
"SCP_N661.LPA1.CTCAGAACATGTCTCC","SCP259","SCP259_N661",-5.34513470623012,-2.0811131986445,"5","#00BFC8"
"SCP_N661.LPA1.CTCATTACACCAGATT","SCP259","SCP259_N661",-5.00142333003994,-2.47447643602548,"5","#00BFC8"
"SCP_N661.LPA1.CTCCTAGAGTATGACA","SCP259","SCP259_N661",-0.776855439872702,-3.14241562212167,"1","#DC9E70"
"SCP_N661.LPA1.CTCCTAGGTAGTAGTA","SCP259","SCP259_N661",0.129804982810061,-1.58394871080575,"1","#DC9E70"
"SCP_N661.LPA1.CTCCTAGGTCTAACGT","SCP259","SCP259_N661",-0.0435755858134822,-1.54837904298959,"1","#DC9E70"
"SCP_N661.LPA1.CTCGAAATCAGCTCGG","SCP259","SCP259_N661",0.765950768260996,-1.80414901102243,"1","#DC9E70"
"SCP_N661.LPA1.CTCGAGGCAAGCCATT","SCP259","SCP259_N661",-1.23334011528011,-4.27137861574349,"1","#DC9E70"
"SCP_N661.LPA1.CTCGAGGGTCTAAACC","SCP259","SCP259_N661",-3.93459507915493,-2.77173290575204,"5","#00BFC8"
"SCP_N661.LPA1.CTCGGGACATTAGGCT","SCP259","SCP259_N661",-0.506374926300009,-2.02982936227975,"1","#DC9E70"
"SCP_N661.LPA1.CTCGTACCAGATGGGT","SCP259","SCP259_N661",-6.48189446422573,-2.20300636614022,"5","#00BFC8"
"SCP_N661.LPA1.CTCTACGTCAACCAAC","SCP259","SCP259_N661",-4.35812708827968,-2.92034921968637,"5","#00BFC8"
"SCP_N661.LPA1.CTCTGGTAGATGGGTC","SCP259","SCP259_N661",-4.92834946605678,-2.85555467928109,"5","#00BFC8"
"SCP_N661.LPA1.CTCTGGTGTTGGTAAA","SCP259","SCP259_N661",-6.94425484630581,-1.99203453386483,"5","#00BFC8"
"SCP_N661.LPA1.CTGAAACGTAGTACCT","SCP259","SCP259_N661",-3.88089796993252,-2.8139205964869,"5","#00BFC8"
"SCP_N661.LPA1.CTGAAGTTCCTAGGGC","SCP259","SCP259_N661",-4.98948189708706,-3.03935585344491,"5","#00BFC8"
"SCP_N661.LPA1.CTGATAGGTTTGTGTG","SCP259","SCP259_N661",-5.06745573970791,-2.95596514070687,"5","#00BFC8"
"SCP_N661.LPA1.CTGATCCTCGTTACGA","SCP259","SCP259_N661",0.990398674278299,-2.20027027452645,"1","#DC9E70"
"SCP_N661.LPA1.CTGCGGAGTCTAACGT","SCP259","SCP259_N661",-2.04702112171169,-3.16611156786141,"1","#DC9E70"
"SCP_N661.LPA1.CTGGTCTTCAGGTAAA","SCP259","SCP259_N661",-0.589449376792868,-2.24057088220773,"1","#DC9E70"
"SCP_N661.LPA1.CTGGTCTTCTGCTGTC","SCP259","SCP259_N661",-6.24135586711879,-2.34527526224313,"5","#00BFC8"
"SCP_N661.LPA1.CTGTGCTTCATTTGGG","SCP259","SCP259_N661",-4.77815625164028,-2.71156320894418,"5","#00BFC8"
"SCP_N661.LPA1.CTGTTTAGTGACGCCT","SCP259","SCP259_N661",-6.72428605052944,-2.53493724191842,"5","#00BFC8"
"SCP_N661.LPA1.CTTACCGCAGGCTGAA","SCP259","SCP259_N661",-1.10878154727932,-3.15137348497567,"1","#DC9E70"
"SCP_N661.LPA1.CTTAGGACAAGGCTCC","SCP259","SCP259_N661",-6.82041308376308,-2.09393368089852,"5","#00BFC8"
"SCP_N661.LPA1.CTTCTCTAGGATGTAT","SCP259","SCP259_N661",-1.77596053573604,-1.80180607164559,"1","#DC9E70"
"SCP_N661.LPA1.CTTCTCTCACTGTGTA","SCP259","SCP259_N661",1.43518045452122,-3.09412536943612,"1","#DC9E70"
"SCP_N661.LPA1.CTTTGCGGTAGGGTAC","SCP259","SCP259_N661",0.137464351027052,-1.67127452219186,"1","#DC9E70"
"SCP_N661.LPA1.CTTTGCGTCATTGCGA","SCP259","SCP259_N661",-0.887380451888998,-3.62844143236337,"1","#DC9E70"
"SCP_N661.LPA1.GAAATGAGTACACCGC","SCP259","SCP259_N661",-0.675482899875601,-3.43490181291757,"1","#DC9E70"
"SCP_N661.LPA1.GAAATGATCCCTAATT","SCP259","SCP259_N661",-0.428415388793905,-3.07337293947396,"1","#DC9E70"
"SCP_N661.LPA1.GAATAAGTCACCTCGT","SCP259","SCP259_N661",-0.713783294887503,-2.78730974519906,"1","#DC9E70"
"SCP_N661.LPA1.GAATGAAAGAGTAAGG","SCP259","SCP259_N661",-4.86251875850673,-2.04161463106332,"5","#00BFC8"
"SCP_N661.LPA1.GACAGAGTCATGCATG","SCP259","SCP259_N661",-3.06978461238857,-2.89668331468759,"5","#00BFC8"
"SCP_N661.LPA1.GACCAATTCCAAACTG","SCP259","SCP259_N661",-1.16867002937313,-4.04961166704354,"1","#DC9E70"
"SCP_N661.LPA1.GACCAATTCCAGTATG","SCP259","SCP259_N661",-4.28076836559292,-2.65230427110848,"5","#00BFC8"
"SCP_N661.LPA1.GACGCGTAGTGATCGG","SCP259","SCP259_N661",-2.31531807872768,-2.86380491579232,"5","#00BFC8"
"SCP_N661.LPA1.GACGGCTCAGGGCATA","SCP259","SCP259_N661",-1.31600532028194,-3.36449299181161,"1","#DC9E70"
"SCP_N661.LPA1.GACTAACAGGAGCGAG","SCP259","SCP259_N661",-4.06595990154262,-1.91938267076669,"1","#DC9E70"
"SCP_N661.LPA1.GACTAACCAAGTAGTA","SCP259","SCP259_N661",-4.56336638423916,-2.74101553285775,"5","#00BFC8"
"SCP_N661.LPA1.GACTACAAGAGTAATC","SCP259","SCP259_N661",-6.98318907711025,-2.1247242482966,"5","#00BFC8"
"SCP_N661.LPA1.GACTACATCCCGGATG","SCP259","SCP259_N661",-3.37632390949245,-2.85640726411996,"5","#00BFC8"
"SCP_N661.LPA1.GACTGCGCAATCGAAA","SCP259","SCP259_N661",0.24833137822036,-2.08084187830148,"1","#DC9E70"
"SCP_N661.LPA1.GACTGCGTCCCAGGTG","SCP259","SCP259_N661",-0.270570875139196,-2.9358368905848,"1","#DC9E70"
"SCP_N661.LPA1.GAGCAGAGTGGTGTAG","SCP259","SCP259_N661",-6.84731671306606,-2.01035557115731,"5","#00BFC8"
"SCP_N661.LPA1.GAGGTGAGTTCATGGT","SCP259","SCP259_N661",-0.279803664417227,-2.99454412782846,"1","#DC9E70"
"SCP_N661.LPA1.GATCAGTAGAAGGCCT","SCP259","SCP259_N661",-0.0411485144805507,-1.54538379038034,"1","#DC9E70"
"SCP_N661.LPA1.GATCGATTCACCATAG","SCP259","SCP259_N661",-0.996060700149496,-3.99133024538217,"1","#DC9E70"
"SCP_N661.LPA1.GATCGATTCGCTTGTC","SCP259","SCP259_N661",-0.999219746322592,-2.90280256593881,"1","#DC9E70"
"SCP_N661.LPA1.GATGAGGGTGTGAAAT","SCP259","SCP259_N661",-0.176041246385534,-1.76532469118295,"1","#DC9E70"
"SCP_N661.LPA1.GATGCTAGTGCCTGTG","SCP259","SCP259_N661",-0.328631550998648,-3.39212761247811,"1","#DC9E70"
"SCP_N661.LPA1.GATTCAGGTAGCGTCC","SCP259","SCP259_N661",-7.57608124706264,-1.71469149912057,"5","#00BFC8"
"SCP_N661.LPA1.GCAAACTAGCGTGAGT","SCP259","SCP259_N661",-6.49668976757046,-2.23944602335153,"5","#00BFC8"
"SCP_N661.LPA1.GCAAACTAGTGTACCT","SCP259","SCP259_N661",-4.81338736507412,-2.70677862489877,"5","#00BFC8"
"SCP_N661.LPA1.GCAATCACAAGTTGTC","SCP259","SCP259_N661",-5.23723837825771,-2.49089918459115,"5","#00BFC8"
"SCP_N661.LPA1.GCAATCATCCAGTATG","SCP259","SCP259_N661",-0.603828043670614,-3.14214096391854,"1","#DC9E70"
"SCP_N661.LPA1.GCACATAAGTGCGTGA","SCP259","SCP259_N661",-1.39869341346737,-4.17737160051522,"1","#DC9E70"
"SCP_N661.LPA1.GCACTCTGTCGTTGTA","SCP259","SCP259_N661",-1.20315131637569,-2.99941120470223,"1","#DC9E70"
"SCP_N661.LPA1.GCACTCTGTTCAGCGC","SCP259","SCP259_N661",-5.87417647335048,-2.24481306398568,"5","#00BFC8"
"SCP_N661.LPA1.GCAGCCATCAATACCG","SCP259","SCP259_N661",-2.3373772809219,-2.52888975465951,"1","#DC9E70"
"SCP_N661.LPA1.GCAGCCATCGCGTAGC","SCP259","SCP259_N661",-6.43166300746914,-2.26519069994149,"5","#00BFC8"
"SCP_N661.LPA1.GCATGATAGGCATGGT","SCP259","SCP259_N661",-3.66401693317409,-2.77271471346078,"5","#00BFC8"
"SCP_N661.LPA1.GCATGCGAGGGCTCTC","SCP259","SCP259_N661",-3.14460131618496,-2.92709408128915,"1","#DC9E70"
"SCP_N661.LPA1.GCATGCGGTCTTTCAT","SCP259","SCP259_N661",-2.56227824184414,-3.07307110155282,"5","#00BFC8"
"SCP_N661.LPA1.GCATGTAAGTTATCGC","SCP259","SCP259_N661",-5.25120636913296,-2.42557821596322,"5","#00BFC8"
"SCP_N661.LPA1.GCATGTATCCACGTTC","SCP259","SCP259_N661",-0.931586475105246,-3.8712411912745,"1","#DC9E70"
"SCP_N661.LPA1.GCCTCTAAGTTCGCAT","SCP259","SCP259_N661",-4.39089343044277,-2.73609981859384,"5","#00BFC8"
"SCP_N661.LPA1.GCCTCTATCAGCAACT","SCP259","SCP259_N661",0.149134232668917,-2.05143986070809,"1","#DC9E70"
"SCP_N661.LPA1.GCCTCTATCCACTCCA","SCP259","SCP259_N661",-4.59230992290493,-2.75009165132699,"5","#00BFC8"
"SCP_N661.LPA1.GCGACCACATCTCCCA","SCP259","SCP259_N661",0.271629407076876,-0.784212687856532,"1","#DC9E70"
"SCP_N661.LPA1.GCGACCAGTGCAGGTA","SCP259","SCP259_N661",-3.67407032939907,-3.01645860994515,"5","#00BFC8"
"SCP_N661.LPA1.GCGAGAAGTAGCGCTC","SCP259","SCP259_N661",-1.10672101470943,-3.73213157976327,"1","#DC9E70"
"SCP_N661.LPA1.GCGAGAAGTGTTAAGA","SCP259","SCP259_N661",-0.581455201835592,-2.86942062700448,"1","#DC9E70"
"SCP_N661.LPA1.GCGCAACCATGCTAGT","SCP259","SCP259_N661",-0.24152779671665,-3.29783497179208,"1","#DC9E70"
"SCP_N661.LPA1.GCGCAACGTAACGTTC","SCP259","SCP259_N661",-6.11798569652553,-2.37744460428414,"5","#00BFC8"
"SCP_N661.LPA1.GCGCCAAGTTCCACAA","SCP259","SCP259_N661",0.437137543230097,-2.86054525697885,"1","#DC9E70"
"SCP_N661.LPA1.GCGCGATCATCTATGG","SCP259","SCP259_N661",-6.86761900875088,-2.59600839937387,"7","#BB9DEA"
"SCP_N661.LPA1.GCGGGTTCACGAAAGC","SCP259","SCP259_N661",0.258667382417957,-1.49075446451364,"1","#DC9E70"
"SCP_N661.LPA1.GCGGGTTTCAGCTTAG","SCP259","SCP259_N661",-5.23447844478603,-2.07594261491952,"5","#00BFC8"
"SCP_N661.LPA1.GCTCTGTAGTTGTAGA","SCP259","SCP259_N661",-1.12642273399349,-4.60699520433602,"1","#DC9E70"
"SCP_N661.LPA1.GCTGCAGAGACGCTTT","SCP259","SCP259_N661",0.835628061561625,-2.59817705476937,"1","#DC9E70"
"SCP_N661.LPA1.GCTGCAGCAAGAGGCT","SCP259","SCP259_N661",-1.12285038921352,-4.53506908739266,"1","#DC9E70"
"SCP_N661.LPA1.GCTGCGAGTTCCACGG","SCP259","SCP259_N661",-4.64963433238979,-2.17054806078134,"5","#00BFC8"
"SCP_N661.LPA1.GCTTCCAGTCAGAATA","SCP259","SCP259_N661",-4.60182330104824,-2.66229734743295,"5","#00BFC8"
"SCP_N661.LPA1.GCTTCCATCTGTACGA","SCP259","SCP259_N661",0.394631995825808,-2.23222432459054,"1","#DC9E70"
"SCP_N661.LPA1.GCTTGAATCGTCCGTT","SCP259","SCP259_N661",-2.38358733150478,-1.70557604158578,"1","#DC9E70"
"SCP_N661.LPA1.GGAAAGCAGAGGGATA","SCP259","SCP259_N661",-5.14709851238247,-2.42238388384042,"5","#00BFC8"
"SCP_N661.LPA1.GGAACTTAGAGTCGGT","SCP259","SCP259_N661",-3.71740076038357,-2.79345903719125,"5","#00BFC8"
"SCP_N661.LPA1.GGACAGAAGATGTAAC","SCP259","SCP259_N661",-4.11390110942837,-2.99875078523812,"5","#00BFC8"
"SCP_N661.LPA1.GGACAGACACGGTAAG","SCP259","SCP259_N661",-5.17221924755092,-2.12021622980294,"5","#00BFC8"
"SCP_N661.LPA1.GGACAGAGTGCGCTTG","SCP259","SCP259_N661",-0.237467677326162,-2.9069667848414,"1","#DC9E70"
"SCP_N661.LPA1.GGACGTCCAGACGTAG","SCP259","SCP259_N661",-0.65731325838085,-1.79293213213143,"1","#DC9E70"
"SCP_N661.LPA1.GGACGTCGTTCAGGCC","SCP259","SCP259_N661",-4.44862362834926,-2.76543484056649,"5","#00BFC8"
"SCP_N661.LPA1.GGACGTCGTTTAGCTG","SCP259","SCP259_N661",-1.16332182380672,-4.57865248048959,"1","#DC9E70"
"SCP_N661.LPA1.GGAGCAAAGAACTCGG","SCP259","SCP259_N661",-7.60655352565761,-1.88385424936471,"5","#00BFC8"
"SCP_N661.LPA1.GGAGCAAAGTCAAGGC","SCP259","SCP259_N661",-7.37609717342373,-1.97808418596444,"5","#00BFC8"
"SCP_N661.LPA1.GGAGCAATCGCAAACT","SCP259","SCP259_N661",-6.75893017742153,-2.24746213281808,"5","#00BFC8"
"SCP_N661.LPA1.GGATGTTCAAGCTGAG","SCP259","SCP259_N661",-5.71960589382168,-2.54400573099313,"5","#00BFC8"
"SCP_N661.LPA1.GGATGTTTCATGTAGC","SCP259","SCP259_N661",1.1382110407639,-3.26320276582894,"1","#DC9E70"
"SCP_N661.LPA1.GGATTACCAATACGCT","SCP259","SCP259_N661",-0.115057558746298,-3.16338358247933,"1","#DC9E70"
"SCP_N661.LPA1.GGCAATTGTTACGACT","SCP259","SCP259_N661",-3.3898720452499,-2.88542995775399,"5","#00BFC8"
"SCP_N661.LPA1.GGCTCGACACGTGAGA","SCP259","SCP259_N661",-0.475540847511251,-3.20791254366098,"1","#DC9E70"
"SCP_N661.LPA1.GGCTCGATCCAAACTG","SCP259","SCP259_N661",-0.478876621456106,-0.880812028295375,"1","#DC9E70"
"SCP_N661.LPA1.GGCTGGTAGAACAATC","SCP259","SCP259_N661",-0.338876456947287,-1.87085995996652,"1","#DC9E70"
"SCP_N661.LPA1.GGGACCTAGGAGTCTG","SCP259","SCP259_N661",-0.421589166851004,-1.84433255518136,"1","#DC9E70"
"SCP_N661.LPA1.GGGAGATAGTCTCGGC","SCP259","SCP259_N661",-5.06541058513637,-2.9536238702601,"5","#00BFC8"
"SCP_N661.LPA1.GGGATGAAGCCCAGCT","SCP259","SCP259_N661",-1.75499162170406,-1.84243998850045,"1","#DC9E70"
"SCP_N661.LPA1.GGGATGAGTTGGTGGA","SCP259","SCP259_N661",-4.07455250713344,-2.9018980058497,"5","#00BFC8"
"SCP_N661.LPA1.GGGATGATCGTAGGAG","SCP259","SCP259_N661",-1.00906798336025,-1.73235307062326,"1","#DC9E70"
"SCP_N661.LPA1.GGGCACTCAATTCCTT","SCP259","SCP259_N661",-0.921438545913656,-1.70223865831552,"1","#DC9E70"
"SCP_N661.LPA1.GGGCACTTCGCCCTTA","SCP259","SCP259_N661",0.642905770807306,-2.74142036760507,"1","#DC9E70"
"SCP_N661.LPA1.GGGTCTGGTTCATGGT","SCP259","SCP259_N661",-1.28456220123287,-1.67982635820565,"1","#DC9E70"
"SCP_N661.LPA1.GGGTCTGTCACCACCT","SCP259","SCP259_N661",-7.13095995876308,-1.94184670770822,"5","#00BFC8"
"SCP_N661.LPA1.GGGTCTGTCACGCATA","SCP259","SCP259_N661",-2.9053680607986,-2.75774393404183,"5","#00BFC8"
"SCP_N661.LPA1.GGGTCTGTCTAACTGG","SCP259","SCP259_N661",-6.0306133935165,-2.447863677389,"5","#00BFC8"
"SCP_N661.LPA1.GGGTTGCTCGTTGCCT","SCP259","SCP259_N661",-0.255704850883444,-1.66706357324777,"1","#DC9E70"
"SCP_N661.LPA1.GGTATTGAGGTGCTTT","SCP259","SCP259_N661",-5.17282149288173,-2.36411557520089,"5","#00BFC8"
"SCP_N661.LPA1.GGTGAAGTCCTTGACC","SCP259","SCP259_N661",-0.172034651966055,-1.77251658762155,"1","#DC9E70"
"SCP_N661.LPA1.GGTGAAGTCCTTTCTC","SCP259","SCP259_N661",-6.40240284893032,-2.27401171053109,"5","#00BFC8"
"SCP_N661.LPA1.GGTGCGTCACGCCAGT","SCP259","SCP259_N661",-2.42405793163296,-2.42779765451608,"1","#DC9E70"
"SCP_N661.LPA1.GGTGTTAAGAGTAAGG","SCP259","SCP259_N661",0.821343212394754,-2.26575312936959,"1","#DC9E70"
"SCP_N661.LPA1.GTACTCCTCGGTTCGG","SCP259","SCP259_N661",-1.71815630886074,-3.11168489778695,"1","#DC9E70"
"SCP_N661.LPA1.GTATTCTCACCCAGTG","SCP259","SCP259_N661",0.386775015859644,-1.4869843515223,"1","#DC9E70"
"SCP_N661.LPA1.GTATTCTTCCCTAACC","SCP259","SCP259_N661",-5.33758065196987,-2.48091302240548,"5","#00BFC8"
"SCP_N661.LPA1.GTCACAAAGGTAAACT","SCP259","SCP259_N661",-4.38973948451992,-2.67216787660775,"5","#00BFC8"
"SCP_N661.LPA1.GTCACAATCAACACTG","SCP259","SCP259_N661",-0.865599245758017,-3.6927629503077,"1","#DC9E70"
"SCP_N661.LPA1.GTCACGGGTCGCGGTT","SCP259","SCP259_N661",-5.04436108562465,-2.55760846460519,"5","#00BFC8"
"SCP_N661.LPA1.GTCATTTCACAACGTT","SCP259","SCP259_N661",-0.812642187805136,-1.76359401071725,"1","#DC9E70"
"SCP_N661.LPA1.GTCCTCAAGGTAGCTG","SCP259","SCP259_N661",-1.21943578216549,-3.58154306734262,"1","#DC9E70"
"SCP_N661.LPA1.GTCCTCACAGCTGCTG","SCP259","SCP259_N661",-1.21350404712673,-2.94408283556161,"1","#DC9E70"
"SCP_N661.LPA1.GTCGGGTAGCTTATCG","SCP259","SCP259_N661",0.488293885259668,-1.2139667066401,"7","#BB9DEA"
"SCP_N661.LPA1.GTCGGGTGTCGATTGT","SCP259","SCP259_N661",0.709850042133371,-3.30245218599496,"1","#DC9E70"
"SCP_N661.LPA1.GTCGGGTGTCTCCCTA","SCP259","SCP259_N661",-1.21003577205654,-4.65159998262582,"1","#DC9E70"
"SCP_N661.LPA1.GTCGGGTGTGATGTCT","SCP259","SCP259_N661",-5.44532105419155,-2.84636555040536,"5","#00BFC8"
"SCP_N661.LPA1.GTCGTAATCTACTCAT","SCP259","SCP259_N661",-6.65869566890713,-2.26110110605416,"5","#00BFC8"
"SCP_N661.LPA1.GTCTCGTAGACACTAA","SCP259","SCP259_N661",-1.19203683826443,-2.70517692888436,"1","#DC9E70"
"SCP_N661.LPA1.GTCTCGTCACACCGAC","SCP259","SCP259_N661",-1.37733659240719,-1.70201430643258,"1","#DC9E70"
"SCP_N661.LPA1.GTGAAGGCACGTAAGG","SCP259","SCP259_N661",-0.0327478060435847,-2.78791294420419,"1","#DC9E70"
"SCP_N661.LPA1.GTGAAGGTCTATGTGG","SCP259","SCP259_N661",-1.0125322053146,-4.50075922334848,"1","#DC9E70"
"SCP_N661.LPA1.GTGCATAAGAGGACGG","SCP259","SCP259_N661",-1.02702149841305,-3.95187197054086,"1","#DC9E70"
"SCP_N661.LPA1.GTGCATACACGCCAGT","SCP259","SCP259_N661",-3.32499930355068,-2.85744104707894,"5","#00BFC8"
"SCP_N661.LPA1.GTGCATATCATCGCTC","SCP259","SCP259_N661",-2.57027790042873,-1.53552804315744,"1","#DC9E70"
"SCP_N661.LPA1.GTGCGGTCAAGGGTCA","SCP259","SCP259_N661",-1.05004987213131,-3.05853424394784,"1","#DC9E70"
"SCP_N661.LPA1.GTGCGGTTCCTAAGTG","SCP259","SCP259_N661",-0.468854994506796,-1.76572213495431,"1","#DC9E70"
"SCP_N661.LPA1.GTGCGGTTCTGGCGTG","SCP259","SCP259_N661",-0.463965923519094,-2.65483293855844,"1","#DC9E70"
"SCP_N661.LPA1.GTGGGTCAGACTACAA","SCP259","SCP259_N661",-0.970423431129415,-2.9388476404017,"1","#DC9E70"
"SCP_N661.LPA1.GTGGGTCAGGTGTTAA","SCP259","SCP259_N661",-6.55249306652065,-2.18882332170663,"5","#00BFC8"
"SCP_N661.LPA1.GTGGGTCGTCGAGTTT","SCP259","SCP259_N661",-1.54066774341579,-2.8020421060389,"1","#DC9E70"
"SCP_N661.LPA1.GTGGGTCGTGACTACT","SCP259","SCP259_N661",-4.77340504619594,-2.26689229334054,"5","#00BFC8"
"SCP_N661.LPA1.GTGGGTCGTGGTCTCG","SCP259","SCP259_N661",-5.38817831966396,-2.26172695482431,"5","#00BFC8"
"SCP_N661.LPA1.GTGTGCGTCGCAGGCT","SCP259","SCP259_N661",0.274372070102732,-2.86200008714852,"1","#DC9E70"
"SCP_N661.LPA1.GTTACAGCAAAGCAAT","SCP259","SCP259_N661",1.06837567594532,-2.05866775835214,"1","#DC9E70"
"SCP_N661.LPA1.GTTCTCGTCAATAAGG","SCP259","SCP259_N661",-2.27920433971401,-2.03268943155465,"1","#DC9E70"
"SCP_N661.LPA1.TAAGAGACAAGTTAAG","SCP259","SCP259_N661",-0.755043537349661,-2.08585772836862,"1","#DC9E70"
"SCP_N661.LPA1.TAAGAGAGTAAGGATT","SCP259","SCP259_N661",-4.31371638271328,-2.69984159792123,"5","#00BFC8"
"SCP_N661.LPA1.TAAGCGTCAGTTCCCT","SCP259","SCP259_N661",0.243562485097687,1.18589196180644,"1","#DC9E70"
"SCP_N661.LPA1.TAAGTGCCACAACGTT","SCP259","SCP259_N661",0.0581543883371755,-2.05543790186105,"1","#DC9E70"
"SCP_N661.LPA1.TACACGACATGTTGAC","SCP259","SCP259_N661",0.65707895067219,-3.09144983614144,"1","#DC9E70"
"SCP_N661.LPA1.TACAGTGAGAGGGCTT","SCP259","SCP259_N661",0.680771528749506,-3.02925453508554,"1","#DC9E70"
"SCP_N661.LPA1.TACAGTGTCATTTGGG","SCP259","SCP259_N661",-1.5456075379562,-4.16486034715829,"1","#DC9E70"
"SCP_N661.LPA1.TACCTATCACGGATAG","SCP259","SCP259_N661",-0.154563338489492,-1.49398479784188,"1","#DC9E70"
"SCP_N661.LPA1.TACCTATGTTATGCGT","SCP259","SCP259_N661",-1.68215593788143,-1.9787577184504,"1","#DC9E70"
"SCP_N661.LPA1.TACCTTAAGAATCTCC","SCP259","SCP259_N661",-0.0554685005855159,-3.10355339372811,"1","#DC9E70"
"SCP_N661.LPA1.TACCTTACACGGTTTA","SCP259","SCP259_N661",-6.88607165309902,-2.20152435625253,"5","#00BFC8"
"SCP_N661.LPA1.TACGGATAGGGCTTCC","SCP259","SCP259_N661",-0.843457431526144,-3.66953907335458,"1","#DC9E70"
"SCP_N661.LPA1.TACTCATGTATCAGTC","SCP259","SCP259_N661",-1.81551024410244,-2.13888988817391,"1","#DC9E70"
"SCP_N661.LPA1.TACTCGCCACATGACT","SCP259","SCP259_N661",-1.5228293845367,-3.10165319765267,"1","#DC9E70"
"SCP_N661.LPA1.TACTTACTCTGTTGAG","SCP259","SCP259_N661",0.291028014390509,-1.38549385393319,"1","#DC9E70"
"SCP_N661.LPA1.TACTTGTGTGGAAAGA","SCP259","SCP259_N661",-1.10041305515285,-3.81519279802499,"1","#DC9E70"
"SCP_N661.LPA1.TAGAGCTCAGCCTTTC","SCP259","SCP259_N661",-4.87328907939907,-2.43083820665536,"5","#00BFC8"
"SCP_N661.LPA1.TAGAGCTCAGCTGTTA","SCP259","SCP259_N661",-1.09086796733852,-2.5860210450953,"1","#DC9E70"
"SCP_N661.LPA1.TAGCCGGCATCTACGA","SCP259","SCP259_N661",-1.40621194335933,-2.92146549547372,"1","#DC9E70"
"SCP_N661.LPA1.TAGTTGGGTCCCTTGT","SCP259","SCP259_N661",-4.33596322032924,-2.48288641298471,"5","#00BFC8"
"SCP_N661.LPA1.TATCAGGCAGGCTGAA","SCP259","SCP259_N661",-5.10618159267421,-2.2739044221705,"5","#00BFC8"
"SCP_N661.LPA1.TATCTCAAGAATTCCC","SCP259","SCP259_N661",-1.15862986537929,-3.27474222505746,"1","#DC9E70"
"SCP_N661.LPA1.TATCTCATCGGGAGTA","SCP259","SCP259_N661",0.921354739933054,-1.19056735361276,"1","#DC9E70"
"SCP_N661.LPA1.TATTACCAGCACCGTC","SCP259","SCP259_N661",0.0196051588344975,-1.62625942552743,"1","#DC9E70"
"SCP_N661.LPA1.TATTACCGTCTTCTCG","SCP259","SCP259_N661",-4.5519494721603,-2.69897518480477,"5","#00BFC8"
"SCP_N661.LPA1.TCAATCTAGACTGGGT","SCP259","SCP259_N661",-1.4930214593124,-3.53288326585946,"1","#DC9E70"
"SCP_N661.LPA1.TCACAAGAGATATGGT","SCP259","SCP259_N661",-0.62161693069454,-2.86610422456918,"1","#DC9E70"
"SCP_N661.LPA1.TCACAAGCACACATGT","SCP259","SCP259_N661",-5.30264279338833,-2.0416456254786,"5","#00BFC8"
"SCP_N661.LPA1.TCACGAAGTTCCACAA","SCP259","SCP259_N661",-4.75724694225307,-2.01433310831246,"5","#00BFC8"
"SCP_N661.LPA1.TCACGAATCCTGTAGA","SCP259","SCP259_N661",-5.89188620540615,-2.21292672479806,"5","#00BFC8"
"SCP_N661.LPA1.TCACGAATCGGTCTAA","SCP259","SCP259_N661",0.454215466051142,-3.01865206087289,"1","#DC9E70"
"SCP_N661.LPA1.TCAGATGAGTGAACAT","SCP259","SCP259_N661",-6.50103852245327,-2.08288703287301,"5","#00BFC8"
"SCP_N661.LPA1.TCAGGATGTTCGGGCT","SCP259","SCP259_N661",-2.64859411212917,-2.88853130663095,"5","#00BFC8"
"SCP_N661.LPA1.TCAGGTACAGCGTCCA","SCP259","SCP259_N661",-7.19234129878994,-2.07000265443978,"5","#00BFC8"
"SCP_N661.LPA1.TCAGGTATCCCTCAGT","SCP259","SCP259_N661",-1.70933088752743,-1.79529891336618,"1","#DC9E70"
"SCP_N661.LPA1.TCATTACGTTCTCATT","SCP259","SCP259_N661",1.26027145889286,-1.96118126238046,"1","#DC9E70"
"SCP_N661.LPA1.TCCACACTCAACGAAA","SCP259","SCP259_N661",-1.50034138652798,-3.42537699068246,"1","#DC9E70"
"SCP_N661.LPA1.TCCCGATAGCTGCAAG","SCP259","SCP259_N661",-5.82224080059047,-2.07806573236642,"5","#00BFC8"
"SCP_N661.LPA1.TCCCGATCAAGTCATC","SCP259","SCP259_N661",-1.45297429058071,-3.63062486971078,"1","#DC9E70"
"SCP_N661.LPA1.TCGCGAGCAAGGACAC","SCP259","SCP259_N661",-0.476288826198538,-2.65547571504769,"1","#DC9E70"
"SCP_N661.LPA1.TCGCGAGCAAGGGTCA","SCP259","SCP259_N661",0.0199137767839833,-1.8217125924891,"1","#DC9E70"
"SCP_N661.LPA1.TCGTACCGTGCTGTAT","SCP259","SCP259_N661",-1.04458722564693,-3.88774643266854,"1","#DC9E70"
"SCP_N661.LPA1.TCTATTGAGGGTCGAT","SCP259","SCP259_N661",-1.2523626992416,-4.36669407213388,"1","#DC9E70"
"SCP_N661.LPA1.TCTCTAAGTAGAAAGG","SCP259","SCP259_N661",-0.993847222061117,-4.51900348985848,"1","#DC9E70"
"SCP_N661.LPA1.TCTGAGATCATGCAAC","SCP259","SCP259_N661",-4.55977818462368,-2.63110218370614,"5","#00BFC8"
"SCP_N661.LPA1.TCTGGAAGTCACACGC","SCP259","SCP259_N661",-5.02630040142055,-2.74120292986093,"5","#00BFC8"
"SCP_N661.LPA1.TCTTTCCCATACCATG","SCP259","SCP259_N661",-6.49392077419277,-2.26087246263681,"5","#00BFC8"
"SCP_N661.LPA1.TCTTTCCTCTTACCTA","SCP259","SCP259_N661",-4.77377507183071,-2.50949988687692,"5","#00BFC8"
"SCP_N661.LPA1.TGAAAGAAGCTACCTA","SCP259","SCP259_N661",-3.4490167805862,-2.86681185091195,"5","#00BFC8"
"SCP_N661.LPA1.TGACGGCAGAGGACGG","SCP259","SCP259_N661",0.969237475662272,-3.2517195733851,"1","#DC9E70"
"SCP_N661.LPA1.TGACGGCCAAGCCCAC","SCP259","SCP259_N661",-4.38628384563442,-1.81432137811837,"1","#DC9E70"
"SCP_N661.LPA1.TGACTTTAGGTGACCA","SCP259","SCP259_N661",-0.705081732006033,-2.28101835573373,"1","#DC9E70"
"SCP_N661.LPA1.TGACTTTTCTCGTATT","SCP259","SCP259_N661",-6.14435049983974,-2.41583214128671,"5","#00BFC8"
"SCP_N661.LPA1.TGAGCATGTTCCAACA","SCP259","SCP259_N661",0.0887674531031056,-3.06329593980966,"1","#DC9E70"
"SCP_N661.LPA1.TGAGGGAGTTCCACAA","SCP259","SCP259_N661",-5.95807406398769,-2.44122443521676,"5","#00BFC8"
"SCP_N661.LPA1.TGCACCTTCAACCATG","SCP259","SCP259_N661",-0.681057960720022,-3.24956569994149,"1","#DC9E70"
"SCP_N661.LPA1.TGCCCATAGCAATATG","SCP259","SCP259_N661",1.4243814041901,-2.13799748743234,"1","#DC9E70"
"SCP_N661.LPA1.TGCCCTAGTGTGAAAT","SCP259","SCP259_N661",-6.82097908946987,-2.03470692957101,"5","#00BFC8"
"SCP_N661.LPA1.TGCTACCGTCATACTG","SCP259","SCP259_N661",1.15162292030338,-2.68985567415414,"1","#DC9E70"
"SCP_N661.LPA1.TGGACGCAGAAGGGTA","SCP259","SCP259_N661",-4.50602290126796,-2.85983858431039,"5","#00BFC8"
"SCP_N661.LPA1.TGGACGCTCATGTAGC","SCP259","SCP259_N661",-0.215968878002127,-1.8239737542933,"1","#DC9E70"
"SCP_N661.LPA1.TGGCCAGGTTTACTCT","SCP259","SCP259_N661",-4.62940737697597,-2.75811014497933,"5","#00BFC8"
"SCP_N661.LPA1.TGGCGCAAGTACTTGC","SCP259","SCP259_N661",-0.643027634353598,-3.40297041261849,"1","#DC9E70"
"SCP_N661.LPA1.TGGCTGGTCTTCAACT","SCP259","SCP259_N661",-4.71518895122524,-2.46877703989205,"5","#00BFC8"
"SCP_N661.LPA1.TGGGAAGGTATTCGTG","SCP259","SCP259_N661",-4.20485970470424,-1.6768368276423,"1","#DC9E70"
"SCP_N661.LPA1.TGGTTAGTCGGCTACG","SCP259","SCP259_N661",-3.67161342594143,-2.69553671205697,"5","#00BFC8"
"SCP_N661.LPA1.TGGTTAGTCGTGGACC","SCP259","SCP259_N661",-1.63426801654812,-3.954699614889,"1","#DC9E70"
"SCP_N661.LPA1.TGTGTTTAGTGTACCT","SCP259","SCP259_N661",-0.166429848403891,-2.86585817659555,"1","#DC9E70"
"SCP_N661.LPA1.TGTTCCGCAACTGGCC","SCP259","SCP259_N661",-1.6348831364822,-1.80965195024667,"1","#DC9E70"
"SCP_N661.LPA1.TGTTCCGTCGCCAGCA","SCP259","SCP259_N661",-1.65057751628872,-2.01680360162911,"1","#DC9E70"
"SCP_N661.LPA1.TTAGGCACACGGATAG","SCP259","SCP259_N661",-5.02958628627773,-2.86531172121224,"5","#00BFC8"
"SCP_N661.LPA1.TTAGGCAGTGGTCCGT","SCP259","SCP259_N661",0.062587394385378,-3.16131077135263,"5","#00BFC8"
"SCP_N661.LPA1.TTAGTTCAGACCTTTG","SCP259","SCP259_N661",-6.92324921581264,-2.03171811426339,"5","#00BFC8"
"SCP_N661.LPA1.TTAGTTCCACTCAGGC","SCP259","SCP259_N661",-6.84885785076137,-2.3137026819056,"5","#00BFC8"
"SCP_N661.LPA1.TTCGAAGCACCAGATT","SCP259","SCP259_N661",-5.06654116603847,-2.66483841264901,"5","#00BFC8"
"SCP_N661.LPA1.TTCGAAGCATGGTCAT","SCP259","SCP259_N661",0.0639957627344533,-2.19019852007089,"1","#DC9E70"
"SCP_N661.LPA1.TTCGGTCGTCATATGC","SCP259","SCP259_N661",-1.68642255756374,-2.19142971361337,"1","#DC9E70"
"SCP_N661.LPA1.TTCGGTCTCACATGCA","SCP259","SCP259_N661",-6.95373961421963,-2.01156483019052,"5","#00BFC8"
"SCP_N661.LPA1.TTCTACAAGTTTCCTT","SCP259","SCP259_N661",-1.366464228363,-4.15193043077645,"1","#DC9E70"
"SCP_N661.LPA1.TTCTACACAGTACACT","SCP259","SCP259_N661",-4.17375800106045,-2.85758314455209,"5","#00BFC8"
"SCP_N661.LPA1.TTCTACACATTCCTCG","SCP259","SCP259_N661",-6.80624529811855,-1.93077025736032,"5","#00BFC8"
"SCP_N661.LPA1.TTCTACATCCCTCAGT","SCP259","SCP259_N661",0.0956130465555592,-3.15264759386239,"1","#DC9E70"
"SCP_N661.LPA1.TTCTCAACACATTAGC","SCP259","SCP259_N661",-1.02352568599697,-1.89627347315011,"1","#DC9E70"
"SCP_N661.LPA1.TTCTCAACATACCATG","SCP259","SCP259_N661",-6.17557332012172,-2.284773209936,"5","#00BFC8"
"SCP_N661.LPA1.TTCTCCTCACTGTGTA","SCP259","SCP259_N661",-1.44639298412319,-4.24173364961801,"1","#DC9E70"
"SCP_N661.LPA1.TTCTCCTGTAGTGAAT","SCP259","SCP259_N661",0.270272045402567,-1.56649623239694,"1","#DC9E70"
"SCP_N661.LPA1.TTCTTAGCAGTTCCCT","SCP259","SCP259_N661",0.808998196392099,-2.34248338068185,"1","#DC9E70"
"SCP_N661.LPA1.TTGACTTTCCAGTAGT","SCP259","SCP259_N661",1.26796987560276,-2.88249025667367,"1","#DC9E70"
"SCP_N661.LPA1.TTGGAACCAAGCTGTT","SCP259","SCP259_N661",-0.331549973220785,-3.09166584337411,"1","#DC9E70"
"SCP_N661.LPA1.TTGGCAACATGGATGG","SCP259","SCP259_N661",-6.86837384197231,-2.24206362093148,"5","#00BFC8"
"SCP_N661.LPA1.TTGTAGGAGCTAGGCA","SCP259","SCP259_N661",-2.29922124835964,-1.96193538034616,"1","#DC9E70"
"SCP_N661.LPA1.TTTACTGTCAGTTCGA","SCP259","SCP259_N661",-0.787537426681478,-1.65524278009591,"1","#DC9E70"
"SCP_N661.LPA1.TTTATGCGTAACGACG","SCP259","SCP259_N661",-4.96015450450893,-2.71780071581063,"5","#00BFC8"
"SCP_N661.LPA1.TTTATGCGTAGGCTGA","SCP259","SCP259_N661",-1.15199980232235,-4.49297008836923,"1","#DC9E70"
"SCP_N661.LPA1.TTTCCTCCAGGGTACA","SCP259","SCP259_N661",-6.67792841884609,-2.15122089708505,"5","#00BFC8"
"SCP_N661.LPA1.TTTGCGCAGTGGGCTA","SCP259","SCP259_N661",0.0121127953815862,-1.93569526994882,"1","#DC9E70"
"SCP_N661.LPA1.TTTGGTTGTTACGCGC","SCP259","SCP259_N661",-5.28252026531215,-2.90848455751596,"5","#00BFC8"
"SCP_N661.LPA1.TTTGTCACACGCCAGT","SCP259","SCP259_N661",-5.50497958156582,-2.759218314535,"5","#00BFC8"
"SCP_N661.LPA2.AAACCTGTCGCGCCAA","SCP259","SCP259_N661",-6.27088353130337,-2.25734625185189,"5","#00BFC8"
"SCP_N661.LPA2.AAAGCAATCACCGGGT","SCP259","SCP259_N661",-1.22805282566067,-3.87002668703256,"1","#DC9E70"
"SCP_N661.LPA2.AAAGCAATCTCGTATT","SCP259","SCP259_N661",-0.480627567501028,-0.237248996145106,"1","#DC9E70"
"SCP_N661.LPA2.AACACGTAGGAGCGTT","SCP259","SCP259_N661",-1.10586986038204,-6.74205694521127,"3","#7EBA68"
"SCP_N661.LPA2.AACTCAGTCTAGAGTC","SCP259","SCP259_N661",-0.942209691734274,-1.76653848016915,"1","#DC9E70"
"SCP_N661.LPA2.AACTCTTAGTCAAGGC","SCP259","SCP259_N661",-1.78089377376552,-3.01449404085336,"1","#DC9E70"
"SCP_N661.LPA2.AACTCTTAGTGACATA","SCP259","SCP259_N661",-5.41407439205166,-2.61200628603158,"5","#00BFC8"
"SCP_N661.LPA2.AACTCTTGTAGCAAAT","SCP259","SCP259_N661",-2.5842170426559,-2.93165932024179,"5","#00BFC8"
"SCP_N661.LPA2.AACTGGTAGGATGCGT","SCP259","SCP259_N661",-0.202074290246923,-3.20310840929208,"1","#DC9E70"
"SCP_N661.LPA2.AACTGGTAGTGGACGT","SCP259","SCP259_N661",-5.56512877437588,-2.79089126909432,"5","#00BFC8"
"SCP_N661.LPA2.AACTTTCAGCCTTGAT","SCP259","SCP259_N661",0.160524359910528,-2.72563228929696,"1","#DC9E70"
"SCP_N661.LPA2.AAGGAGCAGACCTTTG","SCP259","SCP259_N661",-1.00881883594509,-1.94698939645944,"1","#DC9E70"
"SCP_N661.LPA2.AAGGAGCCATTCCTGC","SCP259","SCP259_N661",-2.18982550594326,-2.60546741808114,"1","#DC9E70"
"SCP_N661.LPA2.AAGGTTCGTTATTCTC","SCP259","SCP259_N661",-3.73247787448879,-2.75866518343148,"5","#00BFC8"
"SCP_N661.LPA2.AAGGTTCTCCGTTGCT","SCP259","SCP259_N661",-7.0503682801437,-2.0237663778132,"5","#00BFC8"
"SCP_N661.LPA2.AAGTCTGTCGTTTATC","SCP259","SCP259_N661",-7.20926997158046,-2.01146946275888,"5","#00BFC8"
"SCP_N661.LPA2.AATCCAGAGATTACCC","SCP259","SCP259_N661",-0.400032491416891,-3.24320230806527,"1","#DC9E70"
"SCP_N661.LPA2.AATCCAGAGTTGTAGA","SCP259","SCP259_N661",0.64263284113888,-1.49210653627572,"1","#DC9E70"
"SCP_N661.LPA2.AATCCAGGTCCCGACA","SCP259","SCP259_N661",-1.11320576164242,-2.73705301607308,"1","#DC9E70"
"SCP_N661.LPA2.AATCCAGGTTAAGACA","SCP259","SCP259_N661",0.846056013374369,-1.88346085870919,"1","#DC9E70"
"SCP_N661.LPA2.AATCGGTCAGTCGATT","SCP259","SCP259_N661",0.570004670887034,-1.60477910364328,"1","#DC9E70"
"SCP_N661.LPA2.ACACCCTCACGACTCG","SCP259","SCP259_N661",-4.33312365505214,-2.848986724264,"5","#00BFC8"
"SCP_N661.LPA2.ACACCCTCAGGGTTAG","SCP259","SCP259_N661",-5.51164767238613,-2.9543767961329,"5","#00BFC8"
"SCP_N661.LPA2.ACACCGGAGACCTAGG","SCP259","SCP259_N661",-5.17313715908046,-2.49741635645089,"5","#00BFC8"
"SCP_N661.LPA2.ACACCGGCAGGATTGG","SCP259","SCP259_N661",-7.82982680294033,-1.85063705766854,"5","#00BFC8"
"SCP_N661.LPA2.ACACCGGCATTCCTCG","SCP259","SCP259_N661",-6.26531598064419,-2.32089267099557,"5","#00BFC8"
"SCP_N661.LPA2.ACACCGGGTAGATTAG","SCP259","SCP259_N661",-1.67863270732876,-3.29978618944345,"1","#DC9E70"
"SCP_N661.LPA2.ACACTGACACGCTTTC","SCP259","SCP259_N661",-1.44827255699154,-4.10442457521615,"1","#DC9E70"
"SCP_N661.LPA2.ACAGCCGCAGGGCATA","SCP259","SCP259_N661",0.180702420889179,-5.25583038652597,"1","#DC9E70"
"SCP_N661.LPA2.ACAGCCGCATGGTTGT","SCP259","SCP259_N661",-1.17221364471432,-2.69639787996469,"1","#DC9E70"
"SCP_N661.LPA2.ACAGCTATCGAGCCCA","SCP259","SCP259_N661",-1.24550756904598,-4.18855200136361,"1","#DC9E70"
"SCP_N661.LPA2.ACCAGTAAGAATAGGG","SCP259","SCP259_N661",-7.4513635346603,-1.90491566980538,"5","#00BFC8"
"SCP_N661.LPA2.ACCAGTAAGGGATCTG","SCP259","SCP259_N661",-0.130252213211019,-1.79730162943063,"1","#DC9E70"
"SCP_N661.LPA2.ACCAGTATCCTGCAGG","SCP259","SCP259_N661",-0.0991355786037044,-2.9518829377955,"1","#DC9E70"
"SCP_N661.LPA2.ACCGTAATCAGTTTGG","SCP259","SCP259_N661",0.237352299510281,-2.61059294069467,"1","#DC9E70"
"SCP_N661.LPA2.ACGAGCCTCGCGCCAA","SCP259","SCP259_N661",-5.3312668511581,-2.5560568364924,"5","#00BFC8"
"SCP_N661.LPA2.ACGAGGACATATACGC","SCP259","SCP259_N661",-0.0443800697040156,-1.83691583002267,"1","#DC9E70"
"SCP_N661.LPA2.ACGATACAGCCTATGT","SCP259","SCP259_N661",-4.11475417110439,-2.71565304125009,"5","#00BFC8"
"SCP_N661.LPA2.ACGATGTGTCCGTCAG","SCP259","SCP259_N661",0.178505639551918,-1.78277240122018,"1","#DC9E70"
"SCP_N661.LPA2.ACGATGTGTTAGTGGG","SCP259","SCP259_N661",-5.67253872844692,-2.86192236269174,"5","#00BFC8"
"SCP_N661.LPA2.ACGATGTTCAACGGCC","SCP259","SCP259_N661",-1.25518784019466,-4.09564647997079,"1","#DC9E70"
"SCP_N661.LPA2.ACGCAGCCATTATCTC","SCP259","SCP259_N661",-6.12172791454311,-2.26259622896371,"5","#00BFC8"
"SCP_N661.LPA2.ACGCCAGAGACAGGCT","SCP259","SCP259_N661",-1.19532892200466,-3.26477251375375,"1","#DC9E70"
"SCP_N661.LPA2.ACGGAGAGTTTAAGCC","SCP259","SCP259_N661",-0.0184922078561381,-2.0638943704432,"1","#DC9E70"
"SCP_N661.LPA2.ACGGCCAAGCTAGCCC","SCP259","SCP259_N661",0.138263723819296,-1.59413466776071,"1","#DC9E70"
"SCP_N661.LPA2.ACGGCCAGTCTAACGT","SCP259","SCP259_N661",-1.5850053736877,-2.95226297701058,"1","#DC9E70"
"SCP_N661.LPA2.ACGGGTCCAGCTGCAC","SCP259","SCP259_N661",0.836272387771647,-2.8105402978724,"1","#DC9E70"
"SCP_N661.LPA2.ACGGGTCGTAATTGGA","SCP259","SCP259_N661",0.334170720546286,-2.72020206773934,"1","#DC9E70"
"SCP_N661.LPA2.ACGGGTCGTCTCCACT","SCP259","SCP259_N661",1.36710706260685,-3.06140671098886,"1","#DC9E70"
"SCP_N661.LPA2.ACGGGTCGTCTCTTTA","SCP259","SCP259_N661",-0.139803887338598,-3.0365186723536,"1","#DC9E70"
"SCP_N661.LPA2.ACGTCAACACGTCTCT","SCP259","SCP259_N661",-2.13914367649074,-2.9605442079371,"1","#DC9E70"
"SCP_N661.LPA2.ACTGAACAGAGTGAGA","SCP259","SCP259_N661",-0.0200128266524867,-2.31127462709603,"1","#DC9E70"
"SCP_N661.LPA2.ACTGAACAGCTAAGAT","SCP259","SCP259_N661",1.48995008972172,-2.82921419466195,"1","#DC9E70"
"SCP_N661.LPA2.ACTGAACGTCAGCTAT","SCP259","SCP259_N661",-0.445667535991629,-1.92289672220407,"1","#DC9E70"
"SCP_N661.LPA2.ACTGAGTCAGGATCGA","SCP259","SCP259_N661",-0.460760326118429,-3.06087360704598,"1","#DC9E70"
"SCP_N661.LPA2.ACTGATGGTCGACTGC","SCP259","SCP259_N661",0.164695813326876,-2.56733880365548,"1","#DC9E70"
"SCP_N661.LPA2.ACTGTCCAGGCTAGGT","SCP259","SCP259_N661",-6.80575177165981,-1.94143138254342,"4","#1DC199"
"SCP_N661.LPA2.ACTTGTTAGCCCAACC","SCP259","SCP259_N661",-4.82561871501919,-2.12579331720529,"5","#00BFC8"
"SCP_N661.LPA2.ACTTTCAGTCATGCAT","SCP259","SCP259_N661",-1.49122724029537,-3.43862495744882,"1","#DC9E70"
"SCP_N661.LPA2.AGATCTGCAGCTGCTG","SCP259","SCP259_N661",-4.61690613719936,-2.96646271074472,"5","#00BFC8"
"SCP_N661.LPA2.AGATCTGTCCTATGTT","SCP259","SCP259_N661",-6.90855929347988,-2.23236070001779,"5","#00BFC8"
"SCP_N661.LPA2.AGATTGCTCCAGATCA","SCP259","SCP259_N661",-4.72660443279262,-2.49561987245736,"5","#00BFC8"
"SCP_N661.LPA2.AGCATACGTCTTCTCG","SCP259","SCP259_N661",0.0191548606443807,-1.22319064462838,"1","#DC9E70"
"SCP_N661.LPA2.AGCCTAAAGGGCTTCC","SCP259","SCP259_N661",-2.97767636272426,-2.8456326516932,"5","#00BFC8"
"SCP_N661.LPA2.AGCGTATAGACCTAGG","SCP259","SCP259_N661",-1.489440293045,-4.2021943124598,"1","#DC9E70"
"SCP_N661.LPA2.AGCGTATGTCATTAGC","SCP259","SCP259_N661",-4.51491972896572,-2.91588793123422,"5","#00BFC8"
"SCP_N661.LPA2.AGCGTATGTGTGCGTC","SCP259","SCP259_N661",-4.87370535823818,-3.00570497835336,"5","#00BFC8"
"SCP_N661.LPA2.AGCGTCGGTTAAGAAC","SCP259","SCP259_N661",0.174774474470656,-1.47666678751168,"1","#DC9E70"
"SCP_N661.LPA2.AGCTCCTGTTCCCTTG","SCP259","SCP259_N661",-4.24740168544765,-2.68087349260507,"5","#00BFC8"
"SCP_N661.LPA2.AGCTCTCAGGACGAAA","SCP259","SCP259_N661",-1.58764585945125,-2.71792993868051,"1","#DC9E70"
"SCP_N661.LPA2.AGCTTGACACGTGAGA","SCP259","SCP259_N661",-1.3169868895721,-3.06894312227426,"1","#DC9E70"
"SCP_N661.LPA2.AGCTTGATCTTGAGGT","SCP259","SCP259_N661",-1.38043758365627,-4.0891948732203,"1","#DC9E70"
"SCP_N661.LPA2.AGGCCACAGTACATGA","SCP259","SCP259_N661",0.105519465177099,-2.71591148698983,"1","#DC9E70"
"SCP_N661.LPA2.AGGGAGTTCCTCAACC","SCP259","SCP259_N661",-6.79569146129604,-2.16676912630258,"5","#00BFC8"
"SCP_N661.LPA2.AGGGATGGTCCAAGTT","SCP259","SCP259_N661",-6.33393666240688,-2.22802267397103,"5","#00BFC8"
"SCP_N661.LPA2.AGGGTGAGTCACCTAA","SCP259","SCP259_N661",0.0942987641382619,-5.07954845750985,"1","#DC9E70"
"SCP_N661.LPA2.AGGGTGATCATACGGT","SCP259","SCP259_N661",-4.74380156490322,-2.99196634615121,"5","#00BFC8"
"SCP_N661.LPA2.AGGTCATGTAATCGTC","SCP259","SCP259_N661",-1.83273574802395,-2.35154805505929,"1","#DC9E70"
"SCP_N661.LPA2.AGTCTTTTCAGCTCTC","SCP259","SCP259_N661",-0.204619259567221,-2.86005888307748,"1","#DC9E70"
"SCP_N661.LPA2.AGTGAGGCATCCAACA","SCP259","SCP259_N661",-1.14648196193691,-4.51895151460824,"1","#DC9E70"
"SCP_N661.LPA2.AGTGAGGTCCAATGGT","SCP259","SCP259_N661",-0.637859971256216,-2.5071841272181,"1","#DC9E70"
"SCP_N661.LPA2.AGTGTCAGTGAGGGTT","SCP259","SCP259_N661",-1.16708526107784,-3.40185890520272,"1","#DC9E70"
"SCP_N661.LPA2.ATAGACCGTCCGAACC","SCP259","SCP259_N661",-1.24988254997249,-4.5705352815455,"1","#DC9E70"
"SCP_N661.LPA2.ATAGACCGTTCCCTTG","SCP259","SCP259_N661",-5.12198111507412,-2.75672684038339,"5","#00BFC8"
"SCP_N661.LPA2.ATCATCTGTGTTAAGA","SCP259","SCP259_N661",-0.758318633766134,-3.08138952577767,"1","#DC9E70"
"SCP_N661.LPA2.ATCATGGGTCAGAATA","SCP259","SCP259_N661",0.613199978141825,-2.88021335924325,"1","#DC9E70"
"SCP_N661.LPA2.ATCGAGTGTGCAACTT","SCP259","SCP259_N661",0.238969916484098,-2.78619776094613,"1","#DC9E70"
"SCP_N661.LPA2.ATCTACTGTACCCAAT","SCP259","SCP259_N661",-4.40275952312465,-2.80328140581307,"5","#00BFC8"
"SCP_N661.LPA2.ATCTGCCAGAGGTAGA","SCP259","SCP259_N661",-1.20970639678951,-3.43890629137216,"1","#DC9E70"
"SCP_N661.LPA2.ATCTGCCCACAGCCCA","SCP259","SCP259_N661",-6.59087368938442,-2.06940112436471,"5","#00BFC8"
"SCP_N661.LPA2.ATCTGCCTCTCTTATG","SCP259","SCP259_N661",-0.500489384860952,-3.05719671571908,"1","#DC9E70"
"SCP_N661.LPA2.ATTACTCCAGCCAATT","SCP259","SCP259_N661",-5.28272911998745,-2.49671159113107,"5","#00BFC8"
"SCP_N661.LPA2.ATTGGACAGCTTCGCG","SCP259","SCP259_N661",-7.34449908229824,-1.52724180544076,"5","#00BFC8"
"SCP_N661.LPA2.ATTGGTGCATACGCCG","SCP259","SCP259_N661",0.262858523993532,-1.59133897150216,"1","#DC9E70"
"SCP_N661.LPA2.ATTGGTGCATGGGACA","SCP259","SCP259_N661",-1.36427995655056,-2.3905488046473,"1","#DC9E70"
"SCP_N661.LPA2.CAACCAAAGTACTTGC","SCP259","SCP259_N661",-7.3256745049667,-1.99455032671151,"5","#00BFC8"
"SCP_N661.LPA2.CAACCAAGTGTCGCTG","SCP259","SCP259_N661",0.0362875750351354,-2.09429226244149,"1","#DC9E70"
"SCP_N661.LPA2.CAACTAGAGTGAAGTT","SCP259","SCP259_N661",0.0695658763933583,-2.16329226816354,"1","#DC9E70"
"SCP_N661.LPA2.CAACTAGCAGGTGCCT","SCP259","SCP259_N661",-1.53589102718349,-4.27064857805429,"1","#DC9E70"
"SCP_N661.LPA2.CAACTAGGTACATGTC","SCP259","SCP259_N661",-5.3474440285873,-2.16703973138986,"5","#00BFC8"
"SCP_N661.LPA2.CAAGATCGTGAAAGAG","SCP259","SCP259_N661",-1.15587434265133,-4.61811170900521,"1","#DC9E70"
"SCP_N661.LPA2.CAAGGCCCACGGATAG","SCP259","SCP259_N661",-3.8757552811813,-2.83909759844003,"5","#00BFC8"
"SCP_N661.LPA2.CACAGGCAGCCATCGC","SCP259","SCP259_N661",0.0930470665979787,-1.57931909883676,"1","#DC9E70"
"SCP_N661.LPA2.CACAGTAGTTTGGCGC","SCP259","SCP259_N661",-4.07320734951015,-2.8243833574122,"5","#00BFC8"
"SCP_N661.LPA2.CACATAGCAATAAGCA","SCP259","SCP259_N661",-1.06911680194851,-4.61288271272836,"1","#DC9E70"
"SCP_N661.LPA2.CACATAGGTAAAGTCA","SCP259","SCP259_N661",-4.46043631526943,-2.76733742082772,"5","#00BFC8"
"SCP_N661.LPA2.CACCACTGTGCTTCTC","SCP259","SCP259_N661",0.41971060541157,-2.68426094377694,"1","#DC9E70"
"SCP_N661.LPA2.CACCTTGAGTGAACGC","SCP259","SCP259_N661",-0.258160860271414,-3.31037531221566,"1","#DC9E70"
"SCP_N661.LPA2.CACCTTGGTATATGGA","SCP259","SCP259_N661",-4.69947049114223,-2.71122989977059,"5","#00BFC8"
"SCP_N661.LPA2.CACTCCATCAGCTCGG","SCP259","SCP259_N661",-1.03046128246303,-2.51433906877694,"1","#DC9E70"
"SCP_N661.LPA2.CAGAGAGGTGTGCCTG","SCP259","SCP259_N661",-1.32521948310848,-4.05524216020761,"1","#DC9E70"
"SCP_N661.LPA2.CAGCATATCCTAGTGA","SCP259","SCP259_N661",-0.383033485145529,-2.71481619203744,"1","#DC9E70"
"SCP_N661.LPA2.CAGCGACCAGGATTGG","SCP259","SCP259_N661",-4.76309058162685,-2.75294695223031,"5","#00BFC8"
"SCP_N661.LPA2.CAGCTAACAGAGTGTG","SCP259","SCP259_N661",-0.99475130531307,-4.00044021928964,"1","#DC9E70"
"SCP_N661.LPA2.CAGCTAATCTTCGAGA","SCP259","SCP259_N661",0.858453123836557,-3.08185491884408,"1","#DC9E70"
"SCP_N661.LPA2.CAGCTAATCTTTACGT","SCP259","SCP259_N661",-1.89586517307277,-3.10239038789926,"1","#DC9E70"
"SCP_N661.LPA2.CAGGTGCGTCCGCTGA","SCP259","SCP259_N661",-4.61493918392177,-2.29086790407357,"5","#00BFC8"
"SCP_N661.LPA2.CAGGTGCGTGAGGGTT","SCP259","SCP259_N661",-2.059051246376,-2.82348881090341,"1","#DC9E70"
"SCP_N661.LPA2.CAGTAACCACTGTGTA","SCP259","SCP259_N661",-0.773187429637869,-3.88319216097055,"1","#DC9E70"
"SCP_N661.LPA2.CAGTAACGTCGAATCT","SCP259","SCP259_N661",-0.746911437244375,-3.55854235017953,"1","#DC9E70"
"SCP_N661.LPA2.CATCAAGCACGACTCG","SCP259","SCP259_N661",-0.311291904182394,-2.96702728594003,"1","#DC9E70"
"SCP_N661.LPA2.CATCAAGCAGGAATCG","SCP259","SCP259_N661",-1.1225288817596,-2.7322088273829,"1","#DC9E70"
"SCP_N661.LPA2.CATCAAGTCGGTGTTA","SCP259","SCP259_N661",1.28057530429844,-3.05671367967782,"1","#DC9E70"
"SCP_N661.LPA2.CATCCACAGCAGCCTC","SCP259","SCP259_N661",-0.931199044914205,-1.73376880014596,"1","#DC9E70"
"SCP_N661.LPA2.CATCCACGTCATATGC","SCP259","SCP259_N661",-0.520239920349081,-2.88553104723153,"1","#DC9E70"
"SCP_N661.LPA2.CATCCACGTGAGGGTT","SCP259","SCP259_N661",-0.464109451503714,-2.02771816576181,"1","#DC9E70"
"SCP_N661.LPA2.CATCGAACAGGGAGAG","SCP259","SCP259_N661",-1.11025807353969,-2.59484968507943,"1","#DC9E70"
"SCP_N661.LPA2.CATGCCTTCAACCAAC","SCP259","SCP259_N661",0.50597450044636,-1.42634592378793,"1","#DC9E70"
"SCP_N661.LPA2.CATGCCTTCCACGTGG","SCP259","SCP259_N661",-0.242645443410833,-2.74892435396371,"1","#DC9E70"
"SCP_N661.LPA2.CATGGCGTCCAATGGT","SCP259","SCP259_N661",-0.948667616577108,-2.84764156664071,"1","#DC9E70"
"SCP_N661.LPA2.CATGGCGTCGAACGGA","SCP259","SCP259_N661",-0.897616595954855,-4.18385515535531,"1","#DC9E70"
"SCP_N661.LPA2.CCAATCCCACAGACTT","SCP259","SCP259_N661",-3.63899919483181,-2.36001167619882,"5","#00BFC8"
"SCP_N661.LPA2.CCAGCGATCGCCGTGA","SCP259","SCP259_N661",-0.266740770072897,-2.73162660921273,"1","#DC9E70"
"SCP_N661.LPA2.CCATTCGGTCCTCCAT","SCP259","SCP259_N661",0.160642280249636,-2.99674902284799,"1","#DC9E70"
"SCP_N661.LPA2.CCATTCGGTTACCAGT","SCP259","SCP259_N661",-0.544898719520529,-1.06599483812509,"1","#DC9E70"
"SCP_N661.LPA2.CCCAGTTCAAGCGAGT","SCP259","SCP259_N661",-4.52462241146084,-2.85388717973886,"5","#00BFC8"
"SCP_N661.LPA2.CCCAGTTCACATGGGA","SCP259","SCP259_N661",-5.84551808330532,-2.21637997949777,"5","#00BFC8"
"SCP_N661.LPA2.CCCAGTTGTGCATCTA","SCP259","SCP259_N661",-6.18918177577968,-2.37168464983163,"5","#00BFC8"
"SCP_N661.LPA2.CCCATACGTGTAAGTA","SCP259","SCP259_N661",0.10672332253937,-3.05550775850473,"1","#DC9E70"
"SCP_N661.LPA2.CCCTCCTAGCCTATGT","SCP259","SCP259_N661",-6.98460957500454,-2.11357913339791,"5","#00BFC8"
"SCP_N661.LPA2.CCCTCCTTCGAATGGG","SCP259","SCP259_N661",-0.883750886650045,-2.50819192255197,"1","#DC9E70"
"SCP_N661.LPA2.CCGGTAGGTGAGCGAT","SCP259","SCP259_N661",-0.735612959594686,-2.93625126207528,"1","#DC9E70"
"SCP_N661.LPA2.CCGTACTAGAAGGACA","SCP259","SCP259_N661",-1.24373385402675,-1.72384677255807,"1","#DC9E70"
"SCP_N661.LPA2.CCGTACTGTTACGTCA","SCP259","SCP259_N661",-3.99971053096767,-2.6647244485682,"5","#00BFC8"
"SCP_N661.LPA2.CCGTGGAAGCGTGAGT","SCP259","SCP259_N661",-0.411837191314657,-1.74873552644906,"1","#DC9E70"
"SCP_N661.LPA2.CCGTGGACACTTACGA","SCP259","SCP259_N661",-1.24844226333614,-1.79240308130441,"1","#DC9E70"
"SCP_N661.LPA2.CCTAAAGCATGGGAAC","SCP259","SCP259_N661",-1.05856236907955,-2.32495675409494,"1","#DC9E70"
"SCP_N661.LPA2.CCTAAAGTCTTGCCGT","SCP259","SCP259_N661",-1.12051913234707,-3.79519663179574,"1","#DC9E70"
"SCP_N661.LPA2.CCTACACTCAAGCCTA","SCP259","SCP259_N661",-5.89816328975673,-2.03734455431161,"5","#00BFC8"
"SCP_N661.LPA2.CCTATTACACACGCTG","SCP259","SCP259_N661",-4.52379700633999,-2.81094274843392,"5","#00BFC8"
"SCP_N661.LPA2.CCTCAGTAGTGACTCT","SCP259","SCP259_N661",-0.651279003353079,-1.8097485097712,"1","#DC9E70"
"SCP_N661.LPA2.CCTCTGAAGTGCGTGA","SCP259","SCP259_N661",-4.76155611965175,-2.10386238420663,"5","#00BFC8"
"SCP_N661.LPA2.CCTTCCCCAAGGACTG","SCP259","SCP259_N661",-1.04978367778774,-4.05827675188241,"1","#DC9E70"
"SCP_N661.LPA2.CCTTCGAAGAATCTCC","SCP259","SCP259_N661",0.986402421264689,-2.74001369798837,"1","#DC9E70"
"SCP_N661.LPA2.CCTTCGATCCCTTGTG","SCP259","SCP259_N661",-0.508221299381216,-2.98520145738778,"1","#DC9E70"
"SCP_N661.LPA2.CCTTCGATCGTTTGCC","SCP259","SCP259_N661",-4.97605463954921,-2.59782228792367,"5","#00BFC8"
"SCP_N661.LPA2.CCTTTCTAGGTCATCT","SCP259","SCP259_N661",-1.33839914295193,-3.40528164232431,"1","#DC9E70"
"SCP_N661.LPA2.CCTTTCTCAGCTCCGA","SCP259","SCP259_N661",-2.68176028224941,-2.75843487108407,"5","#00BFC8"
"SCP_N661.LPA2.CGAACATCAGATCTGT","SCP259","SCP259_N661",-2.17433258983608,-2.92285833681283,"1","#DC9E70"
"SCP_N661.LPA2.CGAACATGTCTGGTCG","SCP259","SCP259_N661",-1.03083798381801,-3.8098341020411,"1","#DC9E70"
"SCP_N661.LPA2.CGAATGTTCCAAATGC","SCP259","SCP259_N661",-5.61852356883999,-2.82388887727914,"5","#00BFC8"
"SCP_N661.LPA2.CGAATGTTCCATGAAC","SCP259","SCP259_N661",-0.0142964729976253,-3.00089512193856,"1","#DC9E70"
"SCP_N661.LPA2.CGACCTTAGCGAGAAA","SCP259","SCP259_N661",-1.67356309387203,-2.42280350053964,"1","#DC9E70"
"SCP_N661.LPA2.CGAGCACTCCTAGGGC","SCP259","SCP259_N661",-0.0956140169810847,-2.81611547792611,"1","#DC9E70"
"SCP_N661.LPA2.CGAGCCACAGCCAATT","SCP259","SCP259_N661",-0.445527822704275,-2.49148855531869,"1","#DC9E70"
"SCP_N661.LPA2.CGATGGCGTATGAAAC","SCP259","SCP259_N661",-0.253784568042715,-2.13634929979501,"1","#DC9E70"
"SCP_N661.LPA2.CGATGGCGTTACCGAT","SCP259","SCP259_N661",-5.85762164089199,-2.16101870859323,"5","#00BFC8"
"SCP_N661.LPA2.CGATGTACAAGTCTGT","SCP259","SCP259_N661",-7.15408846828457,-1.97972784364877,"5","#00BFC8"
"SCP_N661.LPA2.CGATGTATCAAGGCTT","SCP259","SCP259_N661",-0.21212020608898,-3.09928856218515,"1","#DC9E70"
"SCP_N661.LPA2.CGCCAAGAGACCACGA","SCP259","SCP259_N661",-4.84804770442959,-3.00363550508676,"5","#00BFC8"
"SCP_N661.LPA2.CGCCAAGAGGCTCATT","SCP259","SCP259_N661",-6.72040793392177,-1.97046599710641,"5","#00BFC8"
"SCP_N661.LPA2.CGCGGTAGTCTTCGTC","SCP259","SCP259_N661",0.191904894082586,-1.46800217950997,"1","#DC9E70"
"SCP_N661.LPA2.CGCTATCTCCTGTACC","SCP259","SCP259_N661",0.11881191190962,-2.67071018541513,"1","#DC9E70"
"SCP_N661.LPA2.CGGACACTCTGTCAAG","SCP259","SCP259_N661",-7.35268446895595,-1.99029431665597,"5","#00BFC8"
"SCP_N661.LPA2.CGGAGCTGTAAATGAC","SCP259","SCP259_N661",-7.33024546596523,-1.77354941690621,"5","#00BFC8"
"SCP_N661.LPA2.CGGCTAGGTTAAGAAC","SCP259","SCP259_N661",-0.249249071807821,-1.75328145349679,"1","#DC9E70"
"SCP_N661.LPA2.CGGGTCAAGGACTGGT","SCP259","SCP259_N661",-6.71862313243862,-2.37537250841317,"5","#00BFC8"
"SCP_N661.LPA2.CGGGTCATCTCCAGGG","SCP259","SCP259_N661",-6.74711939785,-2.22078905428109,"5","#00BFC8"
"SCP_N661.LPA2.CGTAGGCGTGCGATAG","SCP259","SCP259_N661",-1.03368076774593,-4.0655656846827,"1","#DC9E70"
"SCP_N661.LPA2.CGTAGGCTCATGCTCC","SCP259","SCP259_N661",0.860823123722117,-1.66876564348397,"1","#DC9E70"
"SCP_N661.LPA2.CGTCACTCAGCTCCGA","SCP259","SCP259_N661",-5.5638107964706,-2.79329452837167,"5","#00BFC8"
"SCP_N661.LPA2.CGTCACTGTCTTTCAT","SCP259","SCP259_N661",-5.89786335918422,-2.53791532838998,"5","#00BFC8"
"SCP_N661.LPA2.CGTCAGGGTCTGCGGT","SCP259","SCP259_N661",-5.37274405452724,-2.6853748353785,"5","#00BFC8"
"SCP_N661.LPA2.CGTCCATTCAAGGTAA","SCP259","SCP259_N661",-5.00993439647671,-2.93696604097543,"5","#00BFC8"
"SCP_N661.LPA2.CGTCTACTCTAACTTC","SCP259","SCP259_N661",-3.84868428203579,-2.47306142175851,"5","#00BFC8"
"SCP_N661.LPA2.CGTGTAACACCCTATC","SCP259","SCP259_N661",-3.97366234752651,-2.75260219896493,"5","#00BFC8"
"SCP_N661.LPA2.CGTGTCTCACTGCCAG","SCP259","SCP259_N661",-0.73504820558544,-2.02850184763131,"1","#DC9E70"
"SCP_N661.LPA2.CGTTGGGTCCTGTAGA","SCP259","SCP259_N661",-1.32248672935482,-2.11205182398019,"1","#DC9E70"
"SCP_N661.LPA2.CTACATTGTAGTGAAT","SCP259","SCP259_N661",-0.213420690031011,-1.93007526720223,"1","#DC9E70"
"SCP_N661.LPA2.CTACATTGTGCTGTAT","SCP259","SCP259_N661",0.683032601146738,-3.0015917810267,"1","#DC9E70"
"SCP_N661.LPA2.CTACGTCCACTAGTAC","SCP259","SCP259_N661",0.294345750479738,-3.04800329530892,"1","#DC9E70"
"SCP_N661.LPA2.CTACGTCCATCGGACC","SCP259","SCP259_N661",-1.05344125720974,-4.23688135469613,"1","#DC9E70"
"SCP_N661.LPA2.CTAGAGTAGCTCCCAG","SCP259","SCP259_N661",-6.79660126659389,-2.11265001619515,"5","#00BFC8"
"SCP_N661.LPA2.CTAGCCTCATCGGGTC","SCP259","SCP259_N661",1.85929646995548,-4.71069488847909,"1","#DC9E70"
"SCP_N661.LPA2.CTAGCCTTCAACACAC","SCP259","SCP259_N661",-6.69492289516445,-1.98844323480783,"5","#00BFC8"
"SCP_N661.LPA2.CTCACACGTTTGACTG","SCP259","SCP259_N661",-2.24196598026272,-3.12830028856454,"5","#00BFC8"
"SCP_N661.LPA2.CTCAGAACAGCCACCA","SCP259","SCP259_N661",-6.67038485500332,-2.08107123697457,"5","#00BFC8"
"SCP_N661.LPA2.CTCAGAAGTTGAACTC","SCP259","SCP259_N661",1.31042280700688,-2.95410309160409,"1","#DC9E70"
"SCP_N661.LPA2.CTCATTAAGGGAGTAA","SCP259","SCP259_N661",-1.08521589729305,-4.17449865663705,"1","#DC9E70"
"SCP_N661.LPA2.CTCCTAGAGGAGTACC","SCP259","SCP259_N661",-6.60110661479946,-2.22197017992196,"5","#00BFC8"
"SCP_N661.LPA2.CTCGAAAAGATACACA","SCP259","SCP259_N661",-0.35056379529949,-1.63036308611093,"1","#DC9E70"
"SCP_N661.LPA2.CTCGAAATCGAATGGG","SCP259","SCP259_N661",0.78870108631138,-2.37208948457894,"1","#DC9E70"
"SCP_N661.LPA2.CTCGAAATCGCCGTGA","SCP259","SCP259_N661",-0.829719276161154,-3.46848593080697,"0","#ED90A4"
"SCP_N661.LPA2.CTCGAGGGTGTTCTTT","SCP259","SCP259_N661",0.280247426598112,-3.20759067857919,"1","#DC9E70"
"SCP_N661.LPA2.CTCGGAGTCAGCAACT","SCP259","SCP259_N661",-0.0127791622590617,-1.81731710756478,"1","#DC9E70"
"SCP_N661.LPA2.CTCGGGAAGGCGACAT","SCP259","SCP259_N661",-0.423854679794271,-3.05855617845712,"1","#DC9E70"
"SCP_N661.LPA2.CTCGGGAGTCTCTTTA","SCP259","SCP259_N661",-4.02360579463955,-2.73988495195565,"5","#00BFC8"
"SCP_N661.LPA2.CTCGTCAGTCGCATCG","SCP259","SCP259_N661",0.963287978439371,-1.67876754129586,"1","#DC9E70"
"SCP_N661.LPA2.CTCTACGTCACGCATA","SCP259","SCP259_N661",-7.7381386468124,-1.71373067224679,"5","#00BFC8"
"SCP_N661.LPA2.CTCTGGTAGACCTAGG","SCP259","SCP259_N661",0.184577188460867,-3.05981455171762,"1","#DC9E70"
"SCP_N661.LPA2.CTCTGGTCAAACCCAT","SCP259","SCP259_N661",-2.04506728145595,-2.80699024522958,"1","#DC9E70"
"SCP_N661.LPA2.CTCTGGTCAGGATCGA","SCP259","SCP259_N661",-0.744499833316763,-3.18736515367684,"1","#DC9E70"
"SCP_N661.LPA2.CTGAAACTCTCCTATA","SCP259","SCP259_N661",-4.78354260417934,-2.95983753526864,"5","#00BFC8"
"SCP_N661.LPA2.CTGAAACTCTGCCCTA","SCP259","SCP259_N661",0.630144565372507,-1.11494193399606,"1","#DC9E70"
"SCP_N661.LPA2.CTGAAGTAGTATCTCG","SCP259","SCP259_N661",0.0838496526766225,-1.9910994561976,"1","#DC9E70"
"SCP_N661.LPA2.CTGAAGTCACCACGTG","SCP259","SCP259_N661",0.63553866651539,-2.85205278719125,"1","#DC9E70"
"SCP_N661.LPA2.CTGATAGCAGGCTCAC","SCP259","SCP259_N661",-6.15060326549526,-2.22055707300363,"5","#00BFC8"
"SCP_N661.LPA2.CTGATAGGTCCAACTA","SCP259","SCP259_N661",0.221600289928506,-1.32758961046395,"1","#DC9E70"
"SCP_N661.LPA2.CTGCCTACAAGGTGTG","SCP259","SCP259_N661",-0.742332071990927,-3.36386785829721,"1","#DC9E70"
"SCP_N661.LPA2.CTGCCTAGTCCCTACT","SCP259","SCP259_N661",0.153941108851473,-2.9876814874476,"1","#DC9E70"
"SCP_N661.LPA2.CTGCCTAGTTCAGGCC","SCP259","SCP259_N661",-4.98466202709194,-2.55390439356027,"5","#00BFC8"
"SCP_N661.LPA2.CTGCCTATCGCGATCG","SCP259","SCP259_N661",-1.59827074501034,-1.7244909795588,"1","#DC9E70"
"SCP_N661.LPA2.CTGCTGTGTACTTCTT","SCP259","SCP259_N661",0.392207666306536,-1.42059359872994,"1","#DC9E70"
"SCP_N661.LPA2.CTGCTGTTCCTGCTTG","SCP259","SCP259_N661",-4.78268811199184,-2.15538821542916,"5","#00BFC8"
"SCP_N661.LPA2.CTGTGCTAGAGGTACC","SCP259","SCP259_N661",-0.761637122364004,-1.09557161653695,"1","#DC9E70"
"SCP_N661.LPA2.CTTAACTAGATGTGGC","SCP259","SCP259_N661",-4.80928942653652,-2.32886061990914,"5","#00BFC8"
"SCP_N661.LPA2.CTTACCGAGTGTGAAT","SCP259","SCP259_N661",-0.203665436239202,-3.12350282991586,"1","#DC9E70"
"SCP_N661.LPA2.CTTACCGCACTGTCGG","SCP259","SCP259_N661",-1.52266928646084,-4.14849338854013,"1","#DC9E70"
"SCP_N661.LPA2.CTTAGGAAGTGGTAAT","SCP259","SCP259_N661",-2.10598871204372,-1.79121051157174,"1","#DC9E70"
"SCP_N661.LPA2.CTTCTCTGTGTGAAAT","SCP259","SCP259_N661",-0.816667051048239,-2.46675453508554,"1","#DC9E70"
"SCP_N661.LPA2.CTTGGCTCAAGAAGAG","SCP259","SCP259_N661",-4.74410674068447,-2.18660650575814,"5","#00BFC8"
"SCP_N661.LPA2.CTTTGCGCACTGTTAG","SCP259","SCP259_N661",-0.640181154937704,-3.14315901125131,"1","#DC9E70"
"SCP_N661.LPA2.CTTTGCGGTTCCGGCA","SCP259","SCP259_N661",-1.2014628359985,-3.00001535738168,"1","#DC9E70"
"SCP_N661.LPA2.CTTTGCGTCATGTCCC","SCP259","SCP259_N661",-1.46611830684658,-3.10488043153939,"1","#DC9E70"
"SCP_N661.LPA2.GAAACTCTCGTAGGTT","SCP259","SCP259_N661",-1.71220681163784,-3.35833988512216,"1","#DC9E70"
"SCP_N661.LPA2.GAAATGAAGTACGTAA","SCP259","SCP259_N661",-6.78870722743984,-2.27303920114694,"5","#00BFC8"
"SCP_N661.LPA2.GAACATCCATGCAATC","SCP259","SCP259_N661",-0.99471148941036,-3.03954563463388,"1","#DC9E70"
"SCP_N661.LPA2.GAACCTACATATGAGA","SCP259","SCP259_N661",0.87099108007435,-3.21742925966439,"1","#DC9E70"
"SCP_N661.LPA2.GAACCTATCAGTTTGG","SCP259","SCP259_N661",-6.5516733834457,-2.13492522562203,"5","#00BFC8"
"SCP_N661.LPA2.GAACGGAAGATCTGCT","SCP259","SCP259_N661",-1.49441418144222,-1.79145775163827,"1","#DC9E70"
"SCP_N661.LPA2.GAACGGAAGATGAGAG","SCP259","SCP259_N661",-1.81907484027859,-1.81691346491036,"2","#B7AE50"
"SCP_N661.LPA2.GAAGCAGTCACGATGT","SCP259","SCP259_N661",0.393102674751322,-2.38049826944528,"1","#DC9E70"
"SCP_N661.LPA2.GAATAAGAGTACGACG","SCP259","SCP259_N661",-0.536657304496725,-3.67119179094491,"1","#DC9E70"
"SCP_N661.LPA2.GAATAAGCAAGTCATC","SCP259","SCP259_N661",-4.60997006389614,-2.81222544038949,"5","#00BFC8"
"SCP_N661.LPA2.GAATAAGTCTTATCTG","SCP259","SCP259_N661",-5.22434851619716,-2.01812157953439,"5","#00BFC8"
"SCP_N661.LPA2.GACCTGGAGGATGGAA","SCP259","SCP259_N661",-1.29948923084255,-4.24832496965585,"1","#DC9E70"
"SCP_N661.LPA2.GACCTGGGTGCTGTAT","SCP259","SCP259_N661",0.0299715092468663,-1.66008863771615,"1","#DC9E70"
"SCP_N661.LPA2.GACGCGTAGTCGCCGT","SCP259","SCP259_N661",1.33091369178776,-4.28300581300912,"1","#DC9E70"
"SCP_N661.LPA2.GACGGCTGTCTCAACA","SCP259","SCP259_N661",1.34774807003025,-3.0605140718287,"1","#DC9E70"
"SCP_N661.LPA2.GACGTTATCAGCCTAA","SCP259","SCP259_N661",-1.49840220901485,-3.33303366029916,"1","#DC9E70"
"SCP_N661.LPA2.GACTAACCACAGTCGC","SCP259","SCP259_N661",-5.53243634197231,-2.75964365328012,"5","#00BFC8"
"SCP_N661.LPA2.GACTAACGTTAAGACA","SCP259","SCP259_N661",0.531140564947168,-1.70968304002938,"1","#DC9E70"
"SCP_N661.LPA2.GACTAACTCCTACAGA","SCP259","SCP259_N661",-6.99030301067348,0.635438999288701,"4","#1DC199"
"SCP_N661.LPA2.GACTGCGCATATACGC","SCP259","SCP259_N661",-3.98180624935146,-2.68500051820932,"5","#00BFC8"
"SCP_N661.LPA2.GAGGTGAAGTCCGGTC","SCP259","SCP259_N661",-1.21544775459286,-4.590197661764,"1","#DC9E70"
"SCP_N661.LPA2.GAGGTGACAAGAGGCT","SCP259","SCP259_N661",-6.12452027294155,-2.35219273889718,"5","#00BFC8"
"SCP_N661.LPA2.GATCAGTGTCTTGCGG","SCP259","SCP259_N661",-1.45822653266903,-3.26884088838754,"1","#DC9E70"
"SCP_N661.LPA2.GATCGCGGTGACGCCT","SCP259","SCP259_N661",-1.27017423603054,-4.58210144365487,"1","#DC9E70"
"SCP_N661.LPA2.GATCGCGTCCGGGTGT","SCP259","SCP259_N661",-4.17982575389858,-2.84458790147958,"5","#00BFC8"
"SCP_N661.LPA2.GATCTAGTCGGTTAAC","SCP259","SCP259_N661",-1.33231160137173,-3.85470638597665,"1","#DC9E70"
"SCP_N661.LPA2.GATGAGGTCCCTTGTG","SCP259","SCP259_N661",-6.12486979457851,-2.29462967241464,"5","#00BFC8"
"SCP_N661.LPA2.GCAATCACACACAGAG","SCP259","SCP259_N661",-6.26614329311367,-2.28184137666879,"5","#00BFC8"
"SCP_N661.LPA2.GCAATCAGTCTTTCAT","SCP259","SCP259_N661",-0.349547357292135,-1.59072337473092,"1","#DC9E70"
"SCP_N661.LPA2.GCAATCATCATAAAGG","SCP259","SCP259_N661",-0.103634388179739,-2.01160703027902,"1","#DC9E70"
"SCP_N661.LPA2.GCACATAAGCGCTTAT","SCP259","SCP259_N661",-5.26816746685024,-2.35610590303598,"5","#00BFC8"
"SCP_N661.LPA2.GCACATAAGGACCACA","SCP259","SCP259_N661",-1.94145128223415,-1.91817746484933,"1","#DC9E70"
"SCP_N661.LPA2.GCACATACACCATGTA","SCP259","SCP259_N661",0.0147422095823689,-1.66321811998544,"1","#DC9E70"
"SCP_N661.LPA2.GCACATATCGCAAGCC","SCP259","SCP259_N661",0.628845333128016,-2.93646869981942,"1","#DC9E70"
"SCP_N661.LPA2.GCAGCCACATCGGAAG","SCP259","SCP259_N661",-5.38964316341396,-2.78636656130014,"5","#00BFC8"
"SCP_N661.LPA2.GCAGCCATCCATGAAC","SCP259","SCP259_N661",-1.16037783119198,-4.51890764558969,"1","#DC9E70"
"SCP_N661.LPA2.GCAGTTAAGTTCGCGC","SCP259","SCP259_N661",-1.0485269734573,-4.47322330797372,"1","#DC9E70"
"SCP_N661.LPA2.GCATACAGTTCAGACT","SCP259","SCP259_N661",-1.2843553731155,-3.75780639970956,"1","#DC9E70"
"SCP_N661.LPA2.GCATGATAGCGATGAC","SCP259","SCP259_N661",-0.451178700656851,-2.9339066537684,"1","#DC9E70"
"SCP_N661.LPA2.GCATGATGTATTCGTG","SCP259","SCP259_N661",-1.20491048786159,-4.0165687593287,"1","#DC9E70"
"SCP_N661.LPA2.GCATGATTCACTCTTA","SCP259","SCP259_N661",0.695495962171595,-3.13664541567025,"1","#DC9E70"
"SCP_N661.LPA2.GCATGATTCGCCATAA","SCP259","SCP259_N661",0.518481700687449,-3.2001567872828,"1","#DC9E70"
"SCP_N661.LPA2.GCATGTAAGAGCAATT","SCP259","SCP259_N661",-5.12495991680141,-2.6488348039454,"5","#00BFC8"
"SCP_N661.LPA2.GCATGTAGTCTTCGTC","SCP259","SCP259_N661",1.06756070163731,-2.30700335825143,"1","#DC9E70"
"SCP_N661.LPA2.GCCTCTACAAGAAGAG","SCP259","SCP259_N661",0.146458498208563,-2.99966202104745,"1","#DC9E70"
"SCP_N661.LPA2.GCCTCTAGTGAGTATA","SCP259","SCP259_N661",-0.723297745914419,-2.24940262163339,"1","#DC9E70"
"SCP_N661.LPA2.GCCTCTAGTGTGAATA","SCP259","SCP259_N661",-0.396806032390554,-3.38145075166879,"1","#DC9E70"
"SCP_N661.LPA2.GCCTCTATCACCCGAG","SCP259","SCP259_N661",-4.43226429912563,-2.74691353166757,"5","#00BFC8"
"SCP_N661.LPA2.GCGACCAAGTCAAGCG","SCP259","SCP259_N661",-1.06254980060573,-1.42803821886239,"1","#DC9E70"
"SCP_N661.LPA2.GCGCAACAGGCATGGT","SCP259","SCP259_N661",1.21257534530644,-3.12661037767587,"1","#DC9E70"
"SCP_N661.LPA2.GCGCAACGTGACAAAT","SCP259","SCP259_N661",-0.631691307754476,-3.23878679598031,"1","#DC9E70"
"SCP_N661.LPA2.GCGCAGTCAGTCAGAG","SCP259","SCP259_N661",-5.83686539623256,-2.43479166353402,"5","#00BFC8"
"SCP_N661.LPA2.GCGCCAACAATCACAC","SCP259","SCP259_N661",0.622322260408442,-1.32813463533578,"1","#DC9E70"
"SCP_N661.LPA2.GCGCGATAGTTAACGA","SCP259","SCP259_N661",-6.49558875057216,-2.12213430727182,"5","#00BFC8"
"SCP_N661.LPA2.GCGCGATCATGTCCTC","SCP259","SCP259_N661",0.722821830778162,-2.97322140062509,"1","#DC9E70"
"SCP_N661.LPA2.GCTCCTAGTAGAAGGA","SCP259","SCP259_N661",-0.429174811572988,0.88457288419547,"1","#DC9E70"
"SCP_N661.LPA2.GCTGCAGCAGCTGTAT","SCP259","SCP259_N661",1.09239026811604,-3.00549850786386,"1","#DC9E70"
"SCP_N661.LPA2.GCTGCAGTCCGATATG","SCP259","SCP259_N661",-6.22237250301357,-2.45534453714547,"5","#00BFC8"
"SCP_N661.LPA2.GCTGCGACAGTCGATT","SCP259","SCP259_N661",-2.22360584232326,-2.54660139406381,"1","#DC9E70"
"SCP_N661.LPA2.GCTGGGTAGACACGAC","SCP259","SCP259_N661",-2.63699504825588,-1.1043270620173,"1","#DC9E70"
"SCP_N661.LPA2.GGAAAGCTCGCCCTTA","SCP259","SCP259_N661",-1.40483316871639,-1.86297331178842,"1","#DC9E70"
"SCP_N661.LPA2.GGAACTTCACATTCGA","SCP259","SCP259_N661",-1.02983638736721,-3.99370155656991,"1","#DC9E70"
"SCP_N661.LPA2.GGACAGACAGTCACTA","SCP259","SCP259_N661",-0.821021766395529,-3.8563486131495,"1","#DC9E70"
"SCP_N661.LPA2.GGACGTCAGAGTAAGG","SCP259","SCP259_N661",-0.557881386012991,-3.30318127000985,"1","#DC9E70"
"SCP_N661.LPA2.GGACGTCCAGGTGGAT","SCP259","SCP259_N661",-0.852898688049276,-3.62623558366952,"1","#DC9E70"
"SCP_N661.LPA2.GGAGCAATCTATCGCC","SCP259","SCP259_N661",-0.738157541484793,-3.65535507524667,"1","#DC9E70"
"SCP_N661.LPA2.GGATGTTAGATTACCC","SCP259","SCP259_N661",-3.16507575008388,-2.80959329927621,"5","#00BFC8"
"SCP_N661.LPA2.GGATTACTCCCAAGTA","SCP259","SCP259_N661",-0.56529596540447,-3.09141931856332,"1","#DC9E70"
"SCP_N661.LPA2.GGCAATTAGGACTGGT","SCP259","SCP259_N661",-5.28035685512539,-2.38605127657113,"5","#00BFC8"
"SCP_N661.LPA2.GGCCGATTCGGGAGTA","SCP259","SCP259_N661",0.0405779769707127,-2.57834611261544,"1","#DC9E70"
"SCP_N661.LPA2.GGCTGGTAGCCACGCT","SCP259","SCP259_N661",0.137314184575121,-1.55797539079843,"1","#DC9E70"
"SCP_N661.LPA2.GGGACCTGTACAGACG","SCP259","SCP259_N661",-0.829535455436666,-3.09169016206918,"1","#DC9E70"
"SCP_N661.LPA2.GGGAGATAGTTTAGGA","SCP259","SCP259_N661",0.0985707333374425,-1.58389172876535,"1","#DC9E70"
"SCP_N661.LPA2.GGGAGATCATAAGACA","SCP259","SCP259_N661",-6.41805550548549,-2.10879359567819,"5","#00BFC8"
"SCP_N661.LPA2.GGGAGATTCAACCATG","SCP259","SCP259_N661",0.199176321743767,-2.50769195879159,"1","#DC9E70"
"SCP_N661.LPA2.GGGAGATTCTGCCCTA","SCP259","SCP259_N661",-4.85946843120571,-2.43182502115426,"5","#00BFC8"
"SCP_N661.LPA2.GGGATGAGTTATCGGT","SCP259","SCP259_N661",-1.87096092197414,-2.29466948831735,"1","#DC9E70"
"SCP_N661.LPA2.GGGCACTAGGATTCGG","SCP259","SCP259_N661",-0.420415134162863,-1.46376238191781,"0","#ED90A4"
"SCP_N661.LPA2.GGTGAAGAGAGCCCAA","SCP259","SCP259_N661",-1.21108588668819,-4.10220251405892,"1","#DC9E70"
"SCP_N661.LPA2.GGTGTTAAGGTAGCCA","SCP259","SCP259_N661",-1.05247184726711,-4.59290800417123,"1","#DC9E70"
"SCP_N661.LPA2.GGTGTTATCAAACGGG","SCP259","SCP259_N661",-1.48984488937374,-2.78108845079598,"1","#DC9E70"
"SCP_N661.LPA2.GTAACTGAGGCCCTTG","SCP259","SCP259_N661",0.68808731344227,-1.53127632463632,"1","#DC9E70"
"SCP_N661.LPA2.GTAACTGGTCGGATCC","SCP259","SCP259_N661",-4.02851674053188,-2.76332054460702,"5","#00BFC8"
"SCP_N661.LPA2.GTAACTGGTTCACCTC","SCP259","SCP259_N661",0.459930821328203,-1.4942606481379,"1","#DC9E70"
"SCP_N661.LPA2.GTACGTAAGAGACTAT","SCP259","SCP259_N661",0.0174941709328099,-3.12914619768319,"1","#DC9E70"
"SCP_N661.LPA2.GTACGTATCATGTCTT","SCP259","SCP259_N661",-4.39478489849087,-2.88185701692758,"5","#00BFC8"
"SCP_N661.LPA2.GTACTTTCATCCAACA","SCP259","SCP259_N661",0.31920730230097,-2.66599474275765,"1","#DC9E70"
"SCP_N661.LPA2.GTAGGCCAGCGTGAAC","SCP259","SCP259_N661",-1.17968818637844,-3.86060676897225,"1","#DC9E70"
"SCP_N661.LPA2.GTAGGCCAGTCTCCTC","SCP259","SCP259_N661",-4.93338629695888,-2.64342127168832,"5","#00BFC8"
"SCP_N661.LPA2.GTCAAGTAGCGTTGCC","SCP259","SCP259_N661",-2.96838733646389,-2.90850029314218,"5","#00BFC8"
"SCP_N661.LPA2.GTCAAGTGTGTTTGTG","SCP259","SCP259_N661",-1.27574965450283,-2.35969767893014,"1","#DC9E70"
"SCP_N661.LPA2.GTCACAAAGCCATCGC","SCP259","SCP259_N661",-0.271176935167272,-1.71424684847055,"1","#DC9E70"
"SCP_N661.LPA2.GTCACAATCAGTCCCT","SCP259","SCP259_N661",-7.0457935044479,-1.91907511079965,"5","#00BFC8"
"SCP_N661.LPA2.GTCCTCAGTCCGAACC","SCP259","SCP259_N661",-3.86446139308925,-2.72686682069955,"5","#00BFC8"
"SCP_N661.LPA2.GTCGGGTAGTTGTAGA","SCP259","SCP259_N661",-1.43454739543911,-4.0812865289515,"1","#DC9E70"
"SCP_N661.LPA2.GTCGGGTGTCACCCAG","SCP259","SCP259_N661",-2.70269844028469,-2.97651920641122,"5","#00BFC8"
"SCP_N661.LPA2.GTCGGGTGTCACTGGC","SCP259","SCP259_N661",-6.79472348186489,-2.37571297014413,"5","#00BFC8"
"SCP_N661.LPA2.GTCGTAAAGCAACGGT","SCP259","SCP259_N661",-4.3739800164413,-2.79589472139535,"5","#00BFC8"
"SCP_N661.LPA2.GTCGTAATCACTCCTG","SCP259","SCP259_N661",-4.67051360103603,-2.476832011587,"5","#00BFC8"
"SCP_N661.LPA2.GTCTCGTAGCTGATAA","SCP259","SCP259_N661",-1.4636652180862,-3.38393793428598,"1","#DC9E70"
"SCP_N661.LPA2.GTCTCGTAGTAGCCGA","SCP259","SCP259_N661",-0.252777309150656,-3.50818500841317,"1","#DC9E70"
"SCP_N661.LPA2.GTCTCGTCAGTAAGAT","SCP259","SCP259_N661",-0.801570267410238,-3.24632940614877,"1","#DC9E70"
"SCP_N661.LPA2.GTCTTCGCACAAGTAA","SCP259","SCP259_N661",1.06187161710743,-2.2586329969233,"1","#DC9E70"
"SCP_N661.LPA2.GTCTTCGTCATAGCAC","SCP259","SCP259_N661",0.38168658223633,-1.38047705019174,"1","#DC9E70"
"SCP_N661.LPA2.GTGAAGGAGAGTAATC","SCP259","SCP259_N661",0.103388345806639,-1.52223859155831,"1","#DC9E70"
"SCP_N661.LPA2.GTGAAGGAGTACTTGC","SCP259","SCP259_N661",0.568212448625605,-1.07074389780221,"1","#DC9E70"
"SCP_N661.LPA2.GTGCAGCCAGCAGTTT","SCP259","SCP259_N661",-4.31402966472622,-1.87518821085153,"5","#00BFC8"
"SCP_N661.LPA2.GTGCAGCTCATTGCCC","SCP259","SCP259_N661",-1.57151135894771,-1.96258530939279,"1","#DC9E70"
"SCP_N661.LPA2.GTGCGGTTCCATGAAC","SCP259","SCP259_N661",0.958579092292826,-2.84014997804818,"1","#DC9E70"
"SCP_N661.LPA2.GTGTGCGTCAACCATG","SCP259","SCP259_N661",-0.530642063350637,-2.86775646532235,"1","#DC9E70"
"SCP_N661.LPA2.GTTAAGCCAATGTTGC","SCP259","SCP259_N661",0.29371781554703,-1.52632699335275,"1","#DC9E70"
"SCP_N661.LPA2.GTTAAGCGTTCGTCTC","SCP259","SCP259_N661",-1.22616729232784,-4.53380260790048,"1","#DC9E70"
"SCP_N661.LPA2.GTTCTCGGTCACTGGC","SCP259","SCP259_N661",-1.29267546627041,-4.22851715410409,"1","#DC9E70"
"SCP_N661.LPA2.GTTCTCGTCGATGAGG","SCP259","SCP259_N661",-1.20973453018184,-4.19644651735482,"1","#DC9E70"
"SCP_N661.LPA2.GTTCTCGTCTAACTTC","SCP259","SCP259_N661",-1.82169076892849,-3.05939302766976,"1","#DC9E70"
"SCP_N661.LPA2.GTTTCTATCGCCAAAT","SCP259","SCP259_N661",-0.398611993522604,-3.4811249765223,"1","#DC9E70"
"SCP_N661.LPA2.TAAACCGTCTGTACGA","SCP259","SCP259_N661",-1.2620838591766,-4.20479498232064,"1","#DC9E70"
"SCP_N661.LPA2.TAAGAGATCCGTCAAA","SCP259","SCP259_N661",-4.17413374874111,-2.67455730760751,"5","#00BFC8"
"SCP_N661.LPA2.TAAGTGCCAGACGCAA","SCP259","SCP259_N661",-0.435686797828634,-2.7028742822474,"1","#DC9E70"
"SCP_N661.LPA2.TAAGTGCGTGTGGTTT","SCP259","SCP259_N661",-0.405373604030569,-1.88408122385202,"1","#DC9E70"
"SCP_N661.LPA2.TACAGTGGTCTCTTTA","SCP259","SCP259_N661",-5.04001042339321,-2.79240045870004,"5","#00BFC8"
"SCP_N661.LPA2.TACCTATTCGGATGTT","SCP259","SCP259_N661",-0.907041043968161,-2.3241072686976,"1","#DC9E70"
"SCP_N661.LPA2.TACGGATCAAAGCGGT","SCP259","SCP259_N661",-4.91704890224453,-2.39418635690866,"5","#00BFC8"
"SCP_N661.LPA2.TACGGATTCATGTCTT","SCP259","SCP259_N661",-1.56935438606258,-1.95053301180062,"1","#DC9E70"
"SCP_N661.LPA2.TACGGGCAGTCCGGTC","SCP259","SCP259_N661",-0.971709580154379,-3.75845537508187,"1","#DC9E70"
"SCP_N661.LPA2.TACGGGCGTCACTTCC","SCP259","SCP259_N661",-6.68957612010952,-2.27205143297372,"5","#00BFC8"
"SCP_N661.LPA2.TACGGTACATGACATC","SCP259","SCP259_N661",-0.659640164108236,-2.61093054140267,"1","#DC9E70"
"SCP_N661.LPA2.TACTCATTCGTAGGTT","SCP259","SCP259_N661",-5.33778664562221,-2.69707928026376,"5","#00BFC8"
"SCP_N661.LPA2.TACTCGCAGGCATGTG","SCP259","SCP259_N661",-1.52062580081936,-2.15676198328195,"1","#DC9E70"
"SCP_N661.LPA2.TACTTACAGAGCTGGT","SCP259","SCP259_N661",-4.50631043407436,-2.31229458177743,"5","#00BFC8"
"SCP_N661.LPA2.TACTTACCAACACCTA","SCP259","SCP259_N661",0.293239868252318,-3.21896229112802,"1","#DC9E70"
"SCP_N661.LPA2.TACTTGTCACGGTTTA","SCP259","SCP259_N661",-0.0419608065795497,-2.99880371416268,"1","#DC9E70"
"SCP_N661.LPA2.TACTTGTTCCTTTCGG","SCP259","SCP259_N661",-3.8910231301498,-2.87235269869027,"5","#00BFC8"
"SCP_N661.LPA2.TAGACCACAGTGAGTG","SCP259","SCP259_N661",0.612163125543635,-2.76003990495858,"1","#DC9E70"
"SCP_N661.LPA2.TAGACCAGTCTCGTTC","SCP259","SCP259_N661",-1.16709992382046,-3.81286678636727,"1","#DC9E70"
"SCP_N661.LPA2.TAGACCAGTTTGTTTC","SCP259","SCP259_N661",-1.38394913169857,-3.02260790193734,"1","#DC9E70"
"SCP_N661.LPA2.TAGGCATAGGGCACTA","SCP259","SCP259_N661",-0.837010831565817,-2.44592151964364,"1","#DC9E70"
"SCP_N661.LPA2.TAGTGGTGTTACTGAC","SCP259","SCP259_N661",-0.766138107509573,-3.69937239015756,"1","#DC9E70"
"SCP_N661.LPA2.TAGTTGGGTTCGTGAT","SCP259","SCP259_N661",1.42224398162846,-2.89452944124398,"1","#DC9E70"
"SCP_N661.LPA2.TATCAGGTCGCGCCAA","SCP259","SCP259_N661",-2.42741343471523,-2.73769483888803,"5","#00BFC8"
"SCP_N661.LPA2.TATCTCACAGTAAGCG","SCP259","SCP259_N661",1.62657263782505,-2.75661430681405,"1","#DC9E70"
"SCP_N661.LPA2.TATGCCCAGGACACCA","SCP259","SCP259_N661",-7.48202607128139,-1.86691770876107,"5","#00BFC8"
"SCP_N661.LPA2.TATGCCCCAGTTTACG","SCP259","SCP259_N661",-4.48006054851528,-2.73655281389413,"5","#00BFC8"
"SCP_N661.LPA2.TCAACGAGTCAATACC","SCP259","SCP259_N661",-2.97120210620876,-2.85845241869149,"5","#00BFC8"
"SCP_N661.LPA2.TCAGCAAAGGTGTTAA","SCP259","SCP259_N661",-0.716229827136953,-3.74933586443124,"1","#DC9E70"
"SCP_N661.LPA2.TCAGCTCGTGCACCAC","SCP259","SCP259_N661",0.282068691222708,-2.38623557413278,"1","#DC9E70"
"SCP_N661.LPA2.TCAGGATAGATAGCAT","SCP259","SCP259_N661",-0.965540022582968,-1.64792046869454,"1","#DC9E70"
"SCP_N661.LPA2.TCATTACGTGTAACGG","SCP259","SCP259_N661",-0.572994620532949,-0.202910998708583,"1","#DC9E70"
"SCP_N661.LPA2.TCGAGGCAGACGCTTT","SCP259","SCP259_N661",-6.81288048717495,-1.99206481302438,"5","#00BFC8"
"SCP_N661.LPA2.TCGAGGCCATACCATG","SCP259","SCP259_N661",-4.70684716197963,-2.89093265855966,"5","#00BFC8"
"SCP_N661.LPA2.TCGCGAGGTAGGACAC","SCP259","SCP259_N661",0.0773592284012242,-2.98635111177621,"1","#DC9E70"
"SCP_N661.LPA2.TCGCGAGGTTCCCTTG","SCP259","SCP259_N661",0.0347706219244405,-1.44326482141671,"1","#DC9E70"
"SCP_N661.LPA2.TCGCGTTAGGAGTACC","SCP259","SCP259_N661",0.977162032394449,-2.76131687486825,"1","#DC9E70"
"SCP_N661.LPA2.TCGGGACGTGTTCGAT","SCP259","SCP259_N661",-2.94560214969631,-2.75098238313851,"5","#00BFC8"
"SCP_N661.LPA2.TCGGGACTCGGAGGTA","SCP259","SCP259_N661",-0.697322518558462,-2.8710175546473,"1","#DC9E70"
"SCP_N661.LPA2.TCGGTAACACTGTGTA","SCP259","SCP259_N661",-5.17693945857998,-2.64903078401742,"5","#00BFC8"
"SCP_N661.LPA2.TCGGTAAGTAATCACC","SCP259","SCP259_N661",0.332785866229574,-1.80720553720651,"1","#DC9E70"
"SCP_N661.LPA2.TCGGTAAGTGTTCGAT","SCP259","SCP259_N661",-3.77046892139431,-2.65592441881356,"5","#00BFC8"
"SCP_N661.LPA2.TCGTACCCATGCTAGT","SCP259","SCP259_N661",-6.99360844585415,-1.95600853288827,"5","#00BFC8"
"SCP_N661.LPA2.TCGTACCCATGGGACA","SCP259","SCP259_N661",0.850017159252207,-2.271265605337,"1","#DC9E70"
"SCP_N661.LPA2.TCTATTGAGTTCGATC","SCP259","SCP259_N661",-7.85982844326015,-1.76342926347909,"5","#00BFC8"
"SCP_N661.LPA2.TCTGGAAAGATCCGAG","SCP259","SCP259_N661",0.10853828397278,-1.59288273180184,"1","#DC9E70"
"SCP_N661.LPA2.TCTGGAATCTATCCCG","SCP259","SCP259_N661",0.266961812047999,-3.05554495180307,"1","#DC9E70"
"SCP_N661.LPA2.TCTTTCCAGGCTAGAC","SCP259","SCP259_N661",-5.72716328594204,-2.17150960291085,"5","#00BFC8"
"SCP_N661.LPA2.TGAAAGAGTAGATTAG","SCP259","SCP259_N661",-7.41854855510708,-1.83960709894357,"5","#00BFC8"
"SCP_N661.LPA2.TGACGGCAGGTACTCT","SCP259","SCP259_N661",0.473478659062426,-3.07440052354989,"1","#DC9E70"
"SCP_N661.LPA2.TGACGGCTCATCACCC","SCP259","SCP259_N661",-5.93889376613613,-2.21984801614938,"5","#00BFC8"
"SCP_N661.LPA2.TGACTAGAGAGGTTAT","SCP259","SCP259_N661",0.772844641475718,-2.9013024362391,"1","#DC9E70"
"SCP_N661.LPA2.TGACTAGCACGACGAA","SCP259","SCP259_N661",-4.81360480281826,-2.96932230318246,"5","#00BFC8"
"SCP_N661.LPA2.TGACTAGCATCTATGG","SCP259","SCP259_N661",-7.43113419506069,-2.02726397836862,"5","#00BFC8"
"SCP_N661.LPA2.TGAGAGGCAAGCCCAC","SCP259","SCP259_N661",-4.58879563304897,-2.55423055017648,"5","#00BFC8"
"SCP_N661.LPA2.TGAGAGGGTATATCCG","SCP259","SCP259_N661",0.247204604564945,-2.47320542658029,"1","#DC9E70"
"SCP_N661.LPA2.TGAGAGGTCCTTGCCA","SCP259","SCP259_N661",-4.51880166027065,-1.87225351656137,"5","#00BFC8"
"SCP_N661.LPA2.TGAGCATAGAGTGACC","SCP259","SCP259_N661",-0.475915939540823,-2.06089125002084,"1","#DC9E70"
"SCP_N661.LPA2.TGAGCATCAAGTAGTA","SCP259","SCP259_N661",-0.856386751861532,-3.83075008714852,"1","#DC9E70"
"SCP_N661.LPA2.TGAGGGAAGGACATTA","SCP259","SCP259_N661",-5.75254580471035,-2.46813640917001,"5","#00BFC8"
"SCP_N661.LPA2.TGAGGGAAGGGTATCG","SCP259","SCP259_N661",-1.15144381019588,-3.94730339372811,"1","#DC9E70"
"SCP_N661.LPA2.TGAGGGACAGACAGGT","SCP259","SCP259_N661",-7.33755442592617,-1.66910801256356,"4","#1DC199"
"SCP_N661.LPA2.TGAGGGAGTACAGCAG","SCP259","SCP259_N661",0.112414895563166,-1.7130962404078,"1","#DC9E70"
"SCP_N661.LPA2.TGCACCTAGTCGATAA","SCP259","SCP259_N661",-0.574084729881246,-1.13338194215951,"1","#DC9E70"
"SCP_N661.LPA2.TGCCCATAGTGCGATG","SCP259","SCP259_N661",-0.267651171417196,-2.97701559389291,"1","#DC9E70"
"SCP_N661.LPA2.TGCGCAGAGTCAATAG","SCP259","SCP259_N661",-4.02510115596767,-2.84514198625741,"5","#00BFC8"
"SCP_N661.LPA2.TGCGGGTAGTAGGTGC","SCP259","SCP259_N661",-6.89066454860683,-2.10638866747079,"5","#00BFC8"
"SCP_N661.LPA2.TGCGTGGCAATAGAGT","SCP259","SCP259_N661",-0.14153885933872,-1.55447087610421,"1","#DC9E70"
"SCP_N661.LPA2.TGCTACCAGTTGTCGT","SCP259","SCP259_N661",-0.853750080795248,-2.65314350450692,"1","#DC9E70"
"SCP_N661.LPA2.TGGCCAGGTGACAAAT","SCP259","SCP259_N661",-5.82545325252529,-2.20490513170419,"5","#00BFC8"
"SCP_N661.LPA2.TGGCGCAAGACTTGAA","SCP259","SCP259_N661",-0.1881300220203,-2.78390226686654,"1","#DC9E70"
"SCP_N661.LPA2.TGGCGCAAGCTTTGGT","SCP259","SCP259_N661",-0.752341599197348,-2.09350715006051,"1","#DC9E70"
"SCP_N661.LPA2.TGGCTGGTCACCCGAG","SCP259","SCP259_N661",-6.78582856151577,-1.88201890314279,"5","#00BFC8"
"SCP_N661.LPA2.TGGTTCCCATCACCCT","SCP259","SCP259_N661",-0.847190947265585,-3.42517099703012,"1","#DC9E70"
"SCP_N661.LPA2.TGTATTCCATCCCATC","SCP259","SCP259_N661",-5.05647465679165,-2.96311531389413,"5","#00BFC8"
"SCP_N661.LPA2.TGTATTCGTCATGCCG","SCP259","SCP259_N661",1.3109952500153,-5.02288303697763,"1","#DC9E70"
"SCP_N661.LPA2.TGTGTTTGTGTGTGCC","SCP259","SCP259_N661",0.6096094539452,-3.00073824251351,"1","#DC9E70"
"SCP_N661.LPA2.TGTTCCGGTCGCGTGT","SCP259","SCP259_N661",-4.8012580582809,-2.06500015581307,"5","#00BFC8"
"SCP_N661.LPA2.TGTTCCGTCTGCTGCT","SCP259","SCP259_N661",-1.70246645900722,-1.73614940965829,"1","#DC9E70"
"SCP_N661.LPA2.TTAACTCTCCAACCAA","SCP259","SCP259_N661",-0.852614254684408,-2.18191228235421,"1","#DC9E70"
"SCP_N661.LPA2.TTAGGCAAGTGGTAAT","SCP259","SCP259_N661",-1.26540729495998,-4.25690231645761,"1","#DC9E70"
"SCP_N661.LPA2.TTAGGCACAAACTGCT","SCP259","SCP259_N661",-1.177952260704,-3.99560556734262,"1","#DC9E70"
"SCP_N661.LPA2.TTAGGCAGTCCCTACT","SCP259","SCP259_N661",-0.668663949699362,-2.89931831682382,"1","#DC9E70"
"SCP_N661.LPA2.TTCGAAGTCACAGTAC","SCP259","SCP259_N661",-0.578120739192923,-2.87819967592416,"1","#DC9E70"
"SCP_N661.LPA2.TTCGGTCAGCTGAACG","SCP259","SCP259_N661",-1.44266566726681,-3.4519935640162,"1","#DC9E70"
"SCP_N661.LPA2.TTCTCAAGTCGCATAT","SCP259","SCP259_N661",-5.56005713436123,-2.67846546495614,"5","#00BFC8"
"SCP_N661.LPA2.TTCTCCTTCAGTTAGC","SCP259","SCP259_N661",-0.732811302871664,-4.10540638292489,"1","#DC9E70"
"SCP_N661.LPA2.TTCTTAGAGATAGCAT","SCP259","SCP259_N661",-0.509348900051077,-1.72781524980722,"1","#DC9E70"
"SCP_N661.LPA2.TTGAACGTCAACACGT","SCP259","SCP259_N661",-1.13362166378017,-3.90315924013314,"1","#DC9E70"
"SCP_N661.LPA2.TTGACTTGTTCCGGCA","SCP259","SCP259_N661",-1.20450207683559,-3.02726707781015,"1","#DC9E70"
"SCP_N661.LPA2.TTGCCGTAGGAGCGTT","SCP259","SCP259_N661",1.13894632366184,-2.28844080293832,"1","#DC9E70"
"SCP_N661.LPA2.TTGCGTCTCCCTTGTG","SCP259","SCP259_N661",-1.65820071193691,-2.17817769373117,"1","#DC9E70"
"SCP_N661.LPA2.TTTACTGAGAAGAAGC","SCP259","SCP259_N661",-5.43450877162929,-2.14409957254586,"5","#00BFC8"
"SCP_N661.LPA2.TTTACTGCACGCATCG","SCP259","SCP259_N661",0.925442128448526,-2.4290112050837,"1","#DC9E70"
"SCP_N661.LPA2.TTTACTGCAGGAATGC","SCP259","SCP259_N661",-7.66961142513271,-1.8590227159327,"5","#00BFC8"
"SCP_N661.LPA2.TTTATGCTCTATCGCC","SCP259","SCP259_N661",-4.65690323802944,-2.11919436777291,"5","#00BFC8"
"SCP_N661.LPA2.TTTCCTCTCTGAGTGT","SCP259","SCP259_N661",-4.77955290767666,-2.23660931909738,"5","#00BFC8"
"SCP_N661.LPA2.TTTGCGCTCGATAGAA","SCP259","SCP259_N661",-1.04963514301296,-2.85731802309213,"1","#DC9E70"
"SCP_N661.LPA2.TTTGGTTGTCATACTG","SCP259","SCP259_N661",-0.519841165275534,-3.17139396989999,"1","#DC9E70"
"SCP_N661.LPA2.TTTGGTTGTTCTCATT","SCP259","SCP259_N661",1.25761726406101,-3.10065279329476,"1","#DC9E70"
"SCP_N661.LPA2.TTTGTCACAGGTGCCT","SCP259","SCP259_N661",-1.88335225078579,-2.57398877466378,"1","#DC9E70"
"SCP_N44.EpiA.AAACGGGCAGGTTTCA","SCP259","SCP259_N44",-0.436206073493917,1.22223534261527,"1","#DC9E70"
"SCP_N44.EpiA.AAAGTAGAGAGTAATC","SCP259","SCP259_N44",0.0321221938419743,-0.170267442113734,"1","#DC9E70"
"SCP_N44.EpiA.AAAGTAGTCATCGATG","SCP259","SCP259_N44",-0.342833728523214,1.77364524280372,"1","#DC9E70"
"SCP_N44.EpiA.AAATGCCTCGGTCTAA","SCP259","SCP259_N44",-2.25821873638149,-0.0112588199442394,"1","#DC9E70"
"SCP_N44.EpiA.AACACGTCACCATGTA","SCP259","SCP259_N44",-0.504810781211813,1.85788907682242,"1","#DC9E70"
"SCP_N44.EpiA.AACTCCCGTGCGAAAC","SCP259","SCP259_N44",-0.287553817958792,1.5279544574553,"1","#DC9E70"
"SCP_N44.EpiA.AACTCTTCACCGAATT","SCP259","SCP259_N44",-2.27814599964138,0.162992617242955,"2","#B7AE50"
"SCP_N44.EpiA.AACTGGTCACCATCCT","SCP259","SCP259_N44",-0.706797690124472,1.52489784186425,"1","#DC9E70"
"SCP_N44.EpiA.AACTGGTCAGAGTGTG","SCP259","SCP259_N44",-0.626077325077017,0.575270017736577,"1","#DC9E70"
"SCP_N44.EpiA.AACTGGTGTCATACTG","SCP259","SCP259_N44",-0.474009723396261,0.792173406236791,"1","#DC9E70"
"SCP_N44.EpiA.AAGCCGCTCGTCCGTT","SCP259","SCP259_N44",-1.51579210254665,-0.212868789083339,"1","#DC9E70"
"SCP_N44.EpiA.AAGGAGCGTGCCTGCA","SCP259","SCP259_N44",-0.108104259700735,0.10975815927329,"1","#DC9E70"
"SCP_N44.EpiA.AAGGCAGAGCTGAAAT","SCP259","SCP259_N44",-0.76465401145931,0.82220681583228,"1","#DC9E70"
"SCP_N44.EpiA.AAGGTTCGTTCCACAA","SCP259","SCP259_N44",-0.430955857963522,0.545351823919439,"1","#DC9E70"
"SCP_N44.EpiA.ACATACGTCCAAGTAC","SCP259","SCP259_N44",-3.29292914363857,-0.000977733976221806,"1","#DC9E70"
"SCP_N44.EpiA.ACCAGTATCGAATGCT","SCP259","SCP259_N44",3.0071120550919,8.14842214261832,"2","#B7AE50"
"SCP_N44.EpiA.ACCCACTTCATTTGGG","SCP259","SCP259_N44",-2.30974361392971,-0.0800353082483776,"1","#DC9E70"
"SCP_N44.EpiA.ACCCACTTCTCCCTGA","SCP259","SCP259_N44",0.109747110872309,-0.194613316900111,"1","#DC9E70"
"SCP_N44.EpiA.ACGGCCAAGGCGACAT","SCP259","SCP259_N44",-0.369419724674185,1.68461211597266,"1","#DC9E70"
"SCP_N44.EpiA.ACGGCCACACAGCCCA","SCP259","SCP259_N44",-5.50943848583217,-1.64447031343637,"6","#6FB1E7"
"SCP_N44.EpiA.ACGGGTCCAAGTCTGT","SCP259","SCP259_N44",-0.503228516311605,1.44247072389069,"1","#DC9E70"
"SCP_N44.EpiA.ACGTCAAGTTCTCATT","SCP259","SCP259_N44",-0.323412747116049,0.453947147482061,"1","#DC9E70"
"SCP_N44.EpiA.ACTTTCAAGAAGGTGA","SCP259","SCP259_N44",-3.13361546489712,0.0294183698827259,"2","#B7AE50"
"SCP_N44.EpiA.ACTTTCAGTCTAAACC","SCP259","SCP259_N44",-0.260839135379751,0.933632156007909,"1","#DC9E70"
"SCP_N44.EpiA.AGAATAGAGTGGTAAT","SCP259","SCP259_N44",-6.71368500682827,-2.39949117029367,"5","#00BFC8"
"SCP_N44.EpiA.AGAGCGAAGTGGGTTG","SCP259","SCP259_N44",-0.664176673622091,1.69174828206839,"1","#DC9E70"
"SCP_N44.EpiA.AGAGTGGCACTTACGA","SCP259","SCP259_N44",-0.786819429130514,1.03368865525069,"1","#DC9E70"
"SCP_N44.EpiA.AGCATACCACGGTGTC","SCP259","SCP259_N44",-0.306805939407308,1.41262774740996,"1","#DC9E70"
"SCP_N44.EpiA.AGCATACCATTCCTGC","SCP259","SCP259_N44",-0.695017070503195,0.744215687864446,"1","#DC9E70"
"SCP_N44.EpiA.AGCGTATTCGTTTGCC","SCP259","SCP259_N44",0.095467745332758,-0.111519435293055,"1","#DC9E70"
"SCP_N44.EpiA.AGCGTCGTCTTGCAAG","SCP259","SCP259_N44",-0.694976718158682,1.28356993769946,"1","#DC9E70"
"SCP_N44.EpiA.AGCTTGAGTCTGATTG","SCP259","SCP259_N44",0.559625922708551,-0.335324862844325,"1","#DC9E70"
"SCP_N44.EpiA.AGGCCGTTCGCCCTTA","SCP259","SCP259_N44",-0.625661940307577,1.54887195503058,"1","#DC9E70"
"SCP_N44.EpiA.AGTGAGGAGGACAGAA","SCP259","SCP259_N44",-0.566642434329946,1.89766611730399,"1","#DC9E70"
"SCP_N44.EpiA.AGTGAGGAGGTTACCT","SCP259","SCP259_N44",-2.27914473506923,-0.0635202916925914,"1","#DC9E70"
"SCP_N44.EpiA.AGTGTCAAGTCTCGGC","SCP259","SCP259_N44",-0.313106329174002,0.649306019895696,"1","#DC9E70"
"SCP_N44.EpiA.ATGAGGGCATTTGCTT","SCP259","SCP259_N44",-2.30846425983425,-0.236934998876429,"1","#DC9E70"
"SCP_N44.EpiA.ATGCGATGTCATGCCG","SCP259","SCP259_N44",-0.67060294839855,1.60430706118884,"1","#DC9E70"
"SCP_N44.EpiA.ATTACTCTCGGTTAAC","SCP259","SCP259_N44",-0.345762343139608,0.991490950935506,"1","#DC9E70"
"SCP_N44.EpiA.ATTATCCTCTAACGGT","SCP259","SCP259_N44",-1.281059474678,0.479798754804754,"1","#DC9E70"
"SCP_N44.EpiA.ATTCTACAGGCTCAGA","SCP259","SCP259_N44",-0.451434523792227,0.195591112726354,"1","#DC9E70"
"SCP_N44.EpiA.ATTGGACGTCGAATCT","SCP259","SCP259_N44",-0.509764940471609,0.649440607183599,"1","#DC9E70"
"SCP_N44.EpiA.ATTTCTGTCCCTCTTT","SCP259","SCP259_N44",-1.24705097171779,0.478768071287297,"1","#DC9E70"
"SCP_N44.EpiA.CAACCAAGTCTAAACC","SCP259","SCP259_N44",-0.612706513137777,1.52690961038413,"1","#DC9E70"
"SCP_N44.EpiA.CAACCTCAGGATGTAT","SCP259","SCP259_N44",-0.260174334974249,1.36736391311231,"1","#DC9E70"
"SCP_N44.EpiA.CAAGAAATCATTATCC","SCP259","SCP259_N44",-0.703940064640005,1.92376043474021,"1","#DC9E70"
"SCP_N44.EpiA.CAAGATCGTCTCCATC","SCP259","SCP259_N44",-3.08902904483791,0.205691715829992,"6","#6FB1E7"
"SCP_N44.EpiA.CAAGATCGTCTGCAAT","SCP259","SCP259_N44",-1.56073996517177,0.0597038475209706,"1","#DC9E70"
"SCP_N44.EpiA.CACACAAAGATGTCGG","SCP259","SCP259_N44",-0.427359611720999,1.16209409212413,"1","#DC9E70"
"SCP_N44.EpiA.CACAGGCTCTCTAAGG","SCP259","SCP259_N44",-3.47861382457729,0.0212619510823719,"5","#00BFC8"
"SCP_N44.EpiA.CACAGTATCGTCACGG","SCP259","SCP259_N44",-0.954835743637045,0.19551243459525,"1","#DC9E70"
"SCP_N44.EpiA.CACCTTGAGTTCCACA","SCP259","SCP259_N44",-0.745093972415884,1.56185071741881,"1","#DC9E70"
"SCP_N44.EpiA.CAGATCATCTCTAAGG","SCP259","SCP259_N44",-0.47087743970867,1.55816045975032,"1","#DC9E70"
"SCP_N44.EpiA.CAGCAGCAGATGGCGT","SCP259","SCP259_N44",-0.532064528198202,1.27239940141978,"1","#DC9E70"
"SCP_N44.EpiA.CAGCCGATCTTCTGGC","SCP259","SCP259_N44",-0.256466330022772,1.61399299477878,"7","#BB9DEA"
"SCP_N44.EpiA.CAGTCCTGTCAACATC","SCP259","SCP259_N44",-5.72305914852138,-1.99585924471078,"5","#00BFC8"
"SCP_N44.EpiA.CATATGGTCGGAAACG","SCP259","SCP259_N44",-0.373613805503805,0.739465972536229,"1","#DC9E70"
"SCP_N44.EpiA.CATCAAGAGCAATCTC","SCP259","SCP259_N44",-1.1381390998077,0.614057144277715,"1","#DC9E70"
"SCP_N44.EpiA.CATCCACAGTCATGCT","SCP259","SCP259_N44",-5.73840805980678,-2.03197155321298,"5","#00BFC8"
"SCP_N44.EpiA.CATCGAATCCTAGTGA","SCP259","SCP259_N44",-1.26167222949978,-0.556364634878016,"1","#DC9E70"
"SCP_N44.EpiA.CATCGGGAGAAGGTGA","SCP259","SCP259_N44",-0.578261525363882,1.60963732575717,"1","#DC9E70"
"SCP_N44.EpiA.CCAATCCCAAAGAATC","SCP259","SCP259_N44",-0.500776977271994,-0.174367049581385,"1","#DC9E70"
"SCP_N44.EpiA.CCATTCGGTACGCTGC","SCP259","SCP259_N44",-0.67077419254299,1.82488372003379,"1","#DC9E70"
"SCP_N44.EpiA.CCATTCGGTATAGGGC","SCP259","SCP259_N44",-7.47694394084926,-0.759301999456263,"5","#00BFC8"
"SCP_N44.EpiA.CCCAATCTCAGTTTGG","SCP259","SCP259_N44",0.0155703118133946,1.54128769611659,"1","#DC9E70"
"SCP_N44.EpiA.CCCAGTTAGCTAAGAT","SCP259","SCP259_N44",0.208344343124668,-0.142727712041713,"1","#DC9E70"
"SCP_N44.EpiA.CCGTGGAAGCCTATGT","SCP259","SCP259_N44",-0.528542012901266,1.1804232356483,"1","#DC9E70"
"SCP_N44.EpiA.CCTACCAAGTATTGGA","SCP259","SCP259_N44",-1.91983220073696,-0.542161324865199,"1","#DC9E70"
"SCP_N44.EpiA.CCTTCGACAGCCAATT","SCP259","SCP259_N44",-0.377292723388632,1.7958833185369,"1","#DC9E70"
"SCP_N44.EpiA.CCTTTCTTCCTTGGTC","SCP259","SCP259_N44",-0.320707173080404,1.53193192755523,"1","#DC9E70"
"SCP_N44.EpiA.CGAACATTCTCTGCTG","SCP259","SCP259_N44",-3.26447555515285,0.116505643480443,"2","#B7AE50"
"SCP_N44.EpiA.CGAGCCAAGAGCTTCT","SCP259","SCP259_N44",-0.574232668609579,1.15172412072959,"1","#DC9E70"
"SCP_N44.EpiA.CGAGCCAAGTGTACTC","SCP259","SCP259_N44",-0.317275018424948,0.138486286752843,"1","#DC9E70"
"SCP_N44.EpiA.CGCGTTTCAGGATCGA","SCP259","SCP259_N44",-0.382578403682669,1.43245127809884,"1","#DC9E70"
"SCP_N44.EpiA.CGCTATCCACGAGGTA","SCP259","SCP259_N44",-0.789565057487448,1.69350322162452,"1","#DC9E70"
"SCP_N44.EpiA.CGGCTAGTCTGTCTAT","SCP259","SCP259_N44",-1.40673264953609,-1.81430802667794,"0","#ED90A4"
"SCP_N44.EpiA.CGTAGCGCAGATGGGT","SCP259","SCP259_N44",-1.72790548297878,-0.144086578733302,"1","#DC9E70"
"SCP_N44.EpiA.CGTCAGGAGAGCCTAG","SCP259","SCP259_N44",-0.408441753120382,0.623919626825475,"1","#DC9E70"
"SCP_N44.EpiA.CGTCAGGCAGGGAGAG","SCP259","SCP259_N44",-1.30093249771114,0.836210867517614,"1","#DC9E70"
"SCP_N44.EpiA.CGTCTACTCAAGATCC","SCP259","SCP259_N44",-0.515867740840872,0.292253872507238,"1","#DC9E70"
"SCP_N44.EpiA.CGTGTAACAGTAAGCG","SCP259","SCP259_N44",-0.623855502338369,0.911403825634145,"1","#DC9E70"
"SCP_N44.EpiA.CTAATGGGTGACCAAG","SCP259","SCP259_N44",-2.35063144657131,0.0781327692204945,"1","#DC9E70"
"SCP_N44.EpiA.CTACACCGTGTTCGAT","SCP259","SCP259_N44",-0.795548171730001,1.71481030260863,"1","#DC9E70"
"SCP_N44.EpiA.CTAGCCTCAGTGAGTG","SCP259","SCP259_N44",-0.236471355886419,1.60970506643596,"1","#DC9E70"
"SCP_N44.EpiA.CTCACACTCGGCGCAT","SCP259","SCP259_N44",-2.10205337497707,0.0995016304189198,"1","#DC9E70"
"SCP_N44.EpiA.CTCGAAAAGACTAGGC","SCP259","SCP259_N44",-0.837804407806356,0.613821884744786,"1","#DC9E70"
"SCP_N44.EpiA.CTCGAAAAGTGTACCT","SCP259","SCP259_N44",-1.83918568584438,-0.111567476636744,"1","#DC9E70"
"SCP_N44.EpiA.CTCGGGAAGTATCGAA","SCP259","SCP259_N44",-0.429639250965078,1.52909896349254,"1","#DC9E70"
"SCP_N44.EpiA.CTCGTACAGAAGGTGA","SCP259","SCP259_N44",-5.6457428643417,-1.82006893480477,"5","#00BFC8"
"SCP_N44.EpiA.CTCTAATGTCTGATCA","SCP259","SCP259_N44",-0.590680272312124,1.75432031428161,"1","#DC9E70"
"SCP_N44.EpiA.CTGATCCCATGACGGA","SCP259","SCP259_N44",-0.413243026466329,0.663371881597661,"1","#DC9E70"
"SCP_N44.EpiA.CTTAACTTCTTTAGTC","SCP259","SCP259_N44",-0.310890466899832,1.40131157532985,"1","#DC9E70"
"SCP_N44.EpiA.CTTACCGGTGAGGCTA","SCP259","SCP259_N44",-0.706932396621664,0.967031410091542,"1","#DC9E70"
"SCP_N44.EpiA.CTTAGGAGTCTCAACA","SCP259","SCP259_N44",-0.688824743957479,1.12341134821715,"0","#ED90A4"
"SCP_N44.EpiA.CTTGGCTAGATAGTCA","SCP259","SCP259_N44",-0.438087911338766,0.17595472013297,"1","#DC9E70"
"SCP_N44.EpiA.CTTGGCTTCGGAATCT","SCP259","SCP259_N44",-1.56197783443447,-4.31285677278695,"1","#DC9E70"
"SCP_N44.EpiA.CTTTGCGGTATGCTTG","SCP259","SCP259_N44",-0.560276777477224,1.92867895042243,"1","#DC9E70"
"SCP_N44.EpiA.GAACGGATCCCTGACT","SCP259","SCP259_N44",-0.748031825752218,0.866466125600957,"1","#DC9E70"
"SCP_N44.EpiA.GAATAAGAGCCATCGC","SCP259","SCP259_N44",-1.3105753371429,-0.766253331548548,"7","#BB9DEA"
"SCP_N44.EpiA.GACACGCGTAGAGCTG","SCP259","SCP259_N44",-3.0921368310165,0.0422415939504139,"2","#B7AE50"
"SCP_N44.EpiA.GACAGAGCATAGTAAG","SCP259","SCP259_N44",-2.27158042881008,-0.166722753888942,"1","#DC9E70"
"SCP_N44.EpiA.GACGGCTTCACAATGC","SCP259","SCP259_N44",-0.533345074386557,0.680031558626317,"1","#DC9E70"
"SCP_N44.EpiA.GACTAACAGAGTAATC","SCP259","SCP259_N44",-0.50535157415386,0.97463031684699,"1","#DC9E70"
"SCP_N44.EpiA.GACTGCGAGATCACGG","SCP259","SCP259_N44",-0.239232332439382,1.30455978041234,"1","#DC9E70"
"SCP_N44.EpiA.GAGGTGAGTACCATCA","SCP259","SCP259_N44",-0.440793485374411,-3.38235626543222,"1","#DC9E70"
"SCP_N44.EpiA.GATCAGTCAAGCCTAT","SCP259","SCP259_N44",-0.603772551746328,1.86854850327315,"1","#DC9E70"
"SCP_N44.EpiA.GATCGCGCACGCTTTC","SCP259","SCP259_N44",-0.531294555396994,1.53353566502871,"1","#DC9E70"
"SCP_N44.EpiA.GATGAAACACACTGCG","SCP259","SCP259_N44",-0.642096371383627,1.94453974639716,"1","#DC9E70"
"SCP_N44.EpiA.GATTCAGGTACTTAGC","SCP259","SCP259_N44",-0.759251446456869,1.16614270781817,"1","#DC9E70"
"SCP_N44.EpiA.GCACATAGTAGGCATG","SCP259","SCP259_N44",-2.24780413600918,0.126304289453649,"1","#DC9E70"
"SCP_N44.EpiA.GCATGATTCGTTTGCC","SCP259","SCP259_N44",-0.62472710105892,1.8445204106504,"1","#DC9E70"
"SCP_N44.EpiA.GCCAAATGTGACGGTA","SCP259","SCP259_N44",-1.04622826072689,0.743952235334539,"1","#DC9E70"
"SCP_N44.EpiA.GCCTCTAAGAGCCCAA","SCP259","SCP259_N44",-0.167262584896048,1.05782341038527,"0","#ED90A4"
"SCP_N44.EpiA.GCGACCACAAGCCGCT","SCP259","SCP259_N44",-7.4995321938705,-0.888605454809047,"5","#00BFC8"
"SCP_N44.EpiA.GCGCCAAGTTGGTAAA","SCP259","SCP259_N44",-0.817314715118368,1.54565580760779,"1","#DC9E70"
"SCP_N44.EpiA.GCGGGTTGTATTCGTG","SCP259","SCP259_N44",-0.539380044670065,1.88646482502761,"1","#DC9E70"
"SCP_N44.EpiA.GCGGGTTTCTCCTATA","SCP259","SCP259_N44",-7.23794218990322,-0.310895303136683,"5","#00BFC8"
"SCP_N44.EpiA.GCTGCAGCACTTAACG","SCP259","SCP259_N44",-0.25908807012554,1.23959518050494,"1","#DC9E70"
"SCP_N44.EpiA.GCTGCGACATTAACCG","SCP259","SCP259_N44",-0.394058913917501,1.4424540159637,"1","#DC9E70"
"SCP_N44.EpiA.GGAATAAAGGTGTGGT","SCP259","SCP259_N44",-1.97379300090786,-0.129558661825038,"1","#DC9E70"
"SCP_N44.EpiA.GGACAAGTCTTTACAC","SCP259","SCP259_N44",-0.761572570533712,0.656560083978795,"1","#DC9E70"
"SCP_N44.EpiA.GGATGTTAGGACGAAA","SCP259","SCP259_N44",-0.674422116012533,1.74125604903045,"1","#DC9E70"
"SCP_N44.EpiA.GGCTGGTAGGATGGAA","SCP259","SCP259_N44",-0.933914394111593,0.882099351041936,"1","#DC9E70"
"SCP_N44.EpiA.GGCTGGTGTGGTTTCA","SCP259","SCP259_N44",-1.08858665916439,-0.136749366170741,"1","#DC9E70"
"SCP_N44.EpiA.GGGAATGGTCCAAGTT","SCP259","SCP259_N44",-0.196317822666128,1.24089442765059,"1","#DC9E70"
"SCP_N44.EpiA.GGGCACTTCGATAGAA","SCP259","SCP259_N44",-0.714021057815512,1.77839257394614,"1","#DC9E70"
"SCP_N44.EpiA.GGGCATCTCATTGCGA","SCP259","SCP259_N44",-0.550289005966146,1.78201528465094,"1","#DC9E70"
"SCP_N44.EpiA.GGGTCTGAGATGGGTC","SCP259","SCP259_N44",-0.377124101848562,1.27547441994491,"1","#DC9E70"
"SCP_N44.EpiA.GGTATTGGTAGCGATG","SCP259","SCP259_N44",-0.660847992629965,1.80134063040557,"1","#DC9E70"
"SCP_N44.EpiA.GTACGTATCCCATTTA","SCP259","SCP259_N44",-3.90471407863613,0.345582982652807,"6","#6FB1E7"
"SCP_N44.EpiA.GTACTTTAGTCAAGGC","SCP259","SCP259_N44",-5.653622598381,-1.9610255750483,"5","#00BFC8"
"SCP_N44.EpiA.GTAGTCAAGAGAACAG","SCP259","SCP259_N44",-0.607168168754537,0.911017617338323,"1","#DC9E70"
"SCP_N44.EpiA.GTAGTCAGTGACTACT","SCP259","SCP259_N44",-0.560652405948599,1.83106504952254,"1","#DC9E70"
"SCP_N44.EpiA.GTATCTTAGGAATGGA","SCP259","SCP259_N44",-2.00509187671657,-0.15149364793954,"1","#DC9E70"
"SCP_N44.EpiA.GTCAAGTAGAGGACGG","SCP259","SCP259_N44",-4.61338612529751,0.113968512170934,"6","#6FB1E7"
"SCP_N44.EpiA.GTCAAGTTCGCTTGTC","SCP259","SCP259_N44",-0.462273390026052,1.39144066920223,"1","#DC9E70"
"SCP_N44.EpiA.GTCACAACACGTCAGC","SCP259","SCP259_N44",-2.50662919971462,-0.225318292028285,"1","#DC9E70"
"SCP_N44.EpiA.GTCGTAACACTGTCGG","SCP259","SCP259_N44",-0.83058258983608,1.03285436903777,"1","#DC9E70"
"SCP_N44.EpiA.GTGAAGGGTCTCCATC","SCP259","SCP259_N44",-0.711103231639822,1.54238728260341,"1","#DC9E70"
"SCP_N44.EpiA.GTGCAGCGTCACAAGG","SCP259","SCP259_N44",-0.3909067818832,1.35853185703697,"1","#DC9E70"
"SCP_N44.EpiA.GTGCATATCTCAAACG","SCP259","SCP259_N44",-5.25837513896938,-1.73853979433236,"5","#00BFC8"
"SCP_N44.EpiA.GTGTGCGGTTCACGGC","SCP259","SCP259_N44",-0.431373448104818,1.6069399771625,"1","#DC9E70"
"SCP_N44.EpiA.GTTCTCGTCTCGTATT","SCP259","SCP259_N44",-1.85436913463589,-0.0521989854639537,"1","#DC9E70"
"SCP_N44.EpiA.GTTTCTACATGCAACT","SCP259","SCP259_N44",-0.327719659538229,1.75183009182753,"1","#DC9E70"
"SCP_N44.EpiA.TAAACCGTCAGCGATT","SCP259","SCP259_N44",-4.43115088436123,-0.146322706586695,"6","#6FB1E7"
"SCP_N44.EpiA.TAAGCGTTCAGCAACT","SCP259","SCP259_N44",-0.190735490055044,1.5728363600904,"1","#DC9E70"
"SCP_N44.EpiA.TAAGTGCTCAGCAACT","SCP259","SCP259_N44",-5.47415253612514,-1.80225215280709,"5","#00BFC8"
"SCP_N44.EpiA.TACACGAGTCCGTGAC","SCP259","SCP259_N44",-0.558090836734732,1.99951418315711,"1","#DC9E70"
"SCP_N44.EpiA.TACAGTGCAAGAGGCT","SCP259","SCP259_N44",-0.534217626781423,1.84733190213981,"1","#DC9E70"
"SCP_N44.EpiA.TACAGTGTCGCCATAA","SCP259","SCP259_N44",-0.01037205848213,-0.298509219533778,"1","#DC9E70"
"SCP_N44.EpiA.TACCTATCATGTTGAC","SCP259","SCP259_N44",-0.36122635099407,1.74595504080596,"1","#DC9E70"
"SCP_N44.EpiA.TACGGGCCAGCCAGAA","SCP259","SCP259_N44",-7.55822369548794,-0.698531010991908,"5","#00BFC8"
"SCP_N44.EpiA.TACGGGCTCTCGCTTG","SCP259","SCP259_N44",-0.592927009792288,1.36614587729516,"1","#DC9E70"
"SCP_N44.EpiA.TACTCATGTAACGCGA","SCP259","SCP259_N44",-0.547308714122732,1.889054915064,"1","#DC9E70"
"SCP_N44.EpiA.TACTCGCCACACCGAC","SCP259","SCP259_N44",-0.680428714485128,1.82871710335555,"1","#DC9E70"
"SCP_N44.EpiA.TAGAGCTGTCCAGTGC","SCP259","SCP259_N44",-0.411951513023336,1.30434467469993,"1","#DC9E70"
"SCP_N44.EpiA.TAGGCATCAGGAATGC","SCP259","SCP259_N44",-0.458794862956961,1.90238039767089,"1","#DC9E70"
"SCP_N44.EpiA.TAGTGGTAGCCTCGTG","SCP259","SCP259_N44",-2.55385109874721,0.0490911213094227,"1","#DC9E70"
"SCP_N44.EpiA.TAGTTGGAGCCGCCTA","SCP259","SCP259_N44",-0.918635697097738,0.794656654947423,"1","#DC9E70"
"SCP_N44.EpiA.TCAGCTCGTGTCGCTG","SCP259","SCP259_N44",-0.544427902431448,0.0384068695241444,"1","#DC9E70"
"SCP_N44.EpiA.TCAGCTCGTTAAGTAG","SCP259","SCP259_N44",-0.352682502002676,0.701607724779271,"1","#DC9E70"
"SCP_N44.EpiA.TCATTACTCCAGAGGA","SCP259","SCP259_N44",-0.714471907348593,1.61699037825408,"1","#DC9E70"
"SCP_N44.EpiA.TCGAGGCGTTATTCTC","SCP259","SCP259_N44",-2.06118366214748,-0.152443269140101,"1","#DC9E70"
"SCP_N44.EpiA.TCGAGGCTCCGCGCAA","SCP259","SCP259_N44",-0.654432387084921,0.423560401552343,"1","#DC9E70"
"SCP_N44.EpiA.TCGGGACCAACGATGG","SCP259","SCP259_N44",-0.255161375732382,1.30924115156474,"1","#DC9E70"
"SCP_N44.EpiA.TCGGGACCAGCGTTCG","SCP259","SCP259_N44",-0.784316868514975,1.23762164091411,"7","#BB9DEA"
"SCP_N44.EpiA.TCTTCGGTCGTGACAT","SCP259","SCP259_N44",-5.86317440959926,-2.00088939989266,"5","#00BFC8"
"SCP_N44.EpiA.TGACAACAGACTCGGA","SCP259","SCP259_N44",-0.635441930026968,1.96991517221274,"1","#DC9E70"
"SCP_N44.EpiA.TGACAACAGCGCCTCA","SCP259","SCP259_N44",-7.56114718410488,-0.869861701375819,"5","#00BFC8"
"SCP_N44.EpiA.TGACGGCCAGCTCCGA","SCP259","SCP259_N44",-1.03540167304989,0.774130543821477,"1","#DC9E70"
"SCP_N44.EpiA.TGACTAGGTTTCGCTC","SCP259","SCP259_N44",-0.422998041839559,1.57011999761405,"1","#DC9E70"
"SCP_N44.EpiA.TGACTTTCAATGAATG","SCP259","SCP259_N44",-0.727064103813131,1.58728033875766,"1","#DC9E70"
"SCP_N44.EpiA.TGAGAGGCATTCCTCG","SCP259","SCP259_N44",-1.06495103332516,-0.308759430295802,"1","#DC9E70"
"SCP_N44.EpiA.TGAGCCGTCGTTGACA","SCP259","SCP259_N44",-0.594848246307333,1.90660299932303,"1","#DC9E70"
"SCP_N44.EpiA.TGAGGGACATCGGTTA","SCP259","SCP259_N44",-0.748197407455404,1.71725662624183,"1","#DC9E70"
"SCP_N44.EpiA.TGCACCTGTCAGTGGA","SCP259","SCP259_N44",-0.566181213588674,1.88179188048186,"1","#DC9E70"
"SCP_N44.EpiA.TGCACCTTCCCATTAT","SCP259","SCP259_N44",-0.247528315515478,1.53600761865916,"1","#DC9E70"
"SCP_N44.EpiA.TGCCCATTCGTAGATC","SCP259","SCP259_N44",-0.624428004951437,1.89261703764739,"1","#DC9E70"
"SCP_N44.EpiA.TGCGGGTAGACGCACA","SCP259","SCP259_N44",-1.32221350166317,-0.0573503764933116,"1","#DC9E70"
"SCP_N44.EpiA.TGCTACCTCCTGCCAT","SCP259","SCP259_N44",-1.57337483856197,0.993924847000264,"2","#B7AE50"
"SCP_N44.EpiA.TGGCTGGAGACTAGGC","SCP259","SCP259_N44",-1.74720737430569,0.319704791658544,"1","#DC9E70"
"SCP_N44.EpiA.TGGGCGTTCCGTTGTC","SCP259","SCP259_N44",0.176295085816424,-0.0289201530283458,"1","#DC9E70"
"SCP_N44.EpiA.TGGTTCCCACGACTCG","SCP259","SCP259_N44",-0.130034686059912,-0.0796117576426036,"1","#DC9E70"
"SCP_N44.EpiA.TGTATTCTCGCAAACT","SCP259","SCP259_N44",-0.778969616622885,1.76909085189643,"1","#DC9E70"
"SCP_N44.EpiA.TGTCCCAAGATTACCC","SCP259","SCP259_N44",-2.19718906375881,0.129429360979223,"1","#DC9E70"
"SCP_N44.EpiA.TTCCCAGAGCAAATCA","SCP259","SCP259_N44",-0.278230042190512,0.354742786043309,"1","#DC9E70"
"SCP_N44.EpiA.TTCCCAGCACGAGAGT","SCP259","SCP259_N44",-0.828927726478537,-0.126131871587611,"1","#DC9E70"
"SCP_N44.EpiA.TTCGAAGGTTCTGAAC","SCP259","SCP259_N44",-5.04382178279873,0.346774121873998,"6","#6FB1E7"
"SCP_N44.EpiA.TTCTCAAGTCGGCTCA","SCP259","SCP259_N44",-2.21638771984096,-0.165328601247645,"1","#DC9E70"
"SCP_N44.EpiA.TTCTCCTGTCAGCTAT","SCP259","SCP259_N44",-0.161262662143667,-0.0934098752802379,"1","#DC9E70"
"SCP_N44.EpiA.TTGCGTCCAGCTGCAC","SCP259","SCP259_N44",-0.00658351275440017,-0.146702268964625,"1","#DC9E70"
"SCP_N44.EpiA.TTGGCAAAGGACAGCT","SCP259","SCP259_N44",-6.18678090068813,-2.52533350313363,"5","#00BFC8"
"SCP_N44.EpiA.TTTATGCCATTAACCG","SCP259","SCP259_N44",-0.499019474716146,1.59212358867469,"1","#DC9E70"
"SCP_N44.EpiA.TTTCCTCCAGCCACCA","SCP259","SCP259_N44",-7.48651549312588,-0.993634560949183,"5","#00BFC8"
"SCP_N44.LPB.CTTGGCTAGCCCGAAA","SCP259","SCP259_N44",-3.69891521427151,-4.05036363924203,"4","#1DC199"
"SCP_N44.LPB.GAAATGATCATCATTC","SCP259","SCP259_N44",2.23764279392246,-0.97556362474618,"1","#DC9E70"
"SCP_N44.LPB.TGGGAAGTCCTACAGA","SCP259","SCP259_N44",-3.42410013172146,-4.21243629778085,"4","#1DC199"
"SCP_N44.LPA.AAAGTAGGTCGGCTCA","SCP259","SCP259_N44",-3.72176572772976,-2.3237238916224,"5","#00BFC8"
"SCP_N44.LPA.AAATGCCTCACCACCT","SCP259","SCP259_N44",0.104578091769259,-0.436628440267421,"1","#DC9E70"
"SCP_N44.LPA.AACTTTCGTCTCATCC","SCP259","SCP259_N44",0.7435046127129,-4.07090769136605,"1","#DC9E70"
"SCP_N44.LPA.AAGACCTAGCTAAGAT","SCP259","SCP259_N44",0.489630757837336,-3.2610584291285,"3","#7EBA68"
"SCP_N44.LPA.AATCGGTGTCCGAGTC","SCP259","SCP259_N44",-1.33989974948879,-2.8998843225306,"1","#DC9E70"
"SCP_N44.LPA.AATCGGTGTGTTGGGA","SCP259","SCP259_N44",-0.813960880966146,-6.1985641511744,"1","#DC9E70"
"SCP_N44.LPA.ACACCGGTCAACACGT","SCP259","SCP259_N44",-4.36931607219692,-2.15977845514474,"5","#00BFC8"
"SCP_N44.LPA.ACGGAGAGTGCAACGA","SCP259","SCP259_N44",-0.356682033271749,-1.63713679636178,"1","#DC9E70"
"SCP_N44.LPA.AGATCTGAGTCCTCCT","SCP259","SCP259_N44",1.01787909772877,-1.55269656503854,"1","#DC9E70"
"SCP_N44.LPA.AGCTCTCTCTTTACAC","SCP259","SCP259_N44",1.46174481418614,-2.12217650736032,"1","#DC9E70"
"SCP_N44.LPA.AGGCCGTAGCTACCTA","SCP259","SCP259_N44",-3.92310425731655,-2.44386563623605,"5","#00BFC8"
"SCP_N44.LPA.AGTGTCACACGGTAAG","SCP259","SCP259_N44",-2.91158601734157,-1.31849632585702,"4","#1DC199"
"SCP_N44.LPA.ATAAGAGTCCTCAACC","SCP259","SCP259_N44",-2.34800216648098,-0.301936009771205,"1","#DC9E70"
"SCP_N44.LPA.ATCTACTCAGATTGCT","SCP259","SCP259_N44",-1.34283670875545,-2.56860123003182,"1","#DC9E70"
"SCP_N44.LPA.ATGGGAGGTGTAAGTA","SCP259","SCP259_N44",1.57435300853733,-4.94203005159555,"3","#7EBA68"
"SCP_N44.LPA.CAACCAAAGTGACATA","SCP259","SCP259_N44",-4.72148367855068,-1.96903786981759,"5","#00BFC8"
"SCP_N44.LPA.CAACCAAGTGCACTTA","SCP259","SCP259_N44",-1.13374480697628,-2.63980493868051,"1","#DC9E70"
"SCP_N44.LPA.CAACCTCCAAGCGAGT","SCP259","SCP259_N44",0.812483101158182,-2.82282171571908,"1","#DC9E70"
"SCP_N44.LPA.CAAGTTGGTTGAGGTG","SCP259","SCP259_N44",-0.428721339435537,-1.67055473650155,"1","#DC9E70"
"SCP_N44.LPA.CACACAAAGATGCCTT","SCP259","SCP259_N44",-3.53804990741726,-2.47308979356942,"5","#00BFC8"
"SCP_N44.LPA.CACACTCGTTGGTAAA","SCP259","SCP259_N44",-5.5371002862167,-2.07715449655709,"5","#00BFC8"
"SCP_N44.LPA.CAGATCAAGACCGGAT","SCP259","SCP259_N44",1.54453828838352,-5.12054977739511,"3","#7EBA68"
"SCP_N44.LPA.CAGCTGGAGACTCGGA","SCP259","SCP259_N44",-4.31514117214199,-2.07368240678964,"5","#00BFC8"
"SCP_N44.LPA.CAGCTGGGTAGCAAAT","SCP259","SCP259_N44",-3.06430432292934,-2.85896072710214,"5","#00BFC8"
"SCP_N44.LPA.CATCCACCATCTGGTA","SCP259","SCP259_N44",-4.96383902523037,-2.59975300157723,"5","#00BFC8"
"SCP_N44.LPA.CATCGAACAGTACACT","SCP259","SCP259_N44",-0.884714336128195,-2.80049715364633,"1","#DC9E70"
"SCP_N44.LPA.CATCGGGCAGACGCTC","SCP259","SCP259_N44",0.206708771182935,-1.31104312265573,"1","#DC9E70"
"SCP_N44.LPA.CCACTACGTACCAGTT","SCP259","SCP259_N44",-0.661760778160055,-6.54898844087777,"3","#7EBA68"
"SCP_N44.LPA.CCACTACTCCAAAGTC","SCP259","SCP259_N44",-3.93943211528774,-2.47126231516061,"5","#00BFC8"
"SCP_N44.LPA.CCTAAAGTCACCGGGT","SCP259","SCP259_N44",-5.98554131481167,-2.16202316606698,"5","#00BFC8"
"SCP_N44.LPA.CCTACCACAGGCGATA","SCP259","SCP259_N44",-1.42570838424679,-4.12328777635751,"1","#DC9E70"
"SCP_N44.LPA.CCTAGCTCATCGATGT","SCP259","SCP259_N44",0.495171993045847,-0.905347207433558,"1","#DC9E70"
"SCP_N44.LPA.CGAATGTCAATGGATA","SCP259","SCP259_N44",-0.733721704215963,-2.53977117860971,"1","#DC9E70"
"SCP_N44.LPA.CGACTTCCATGACATC","SCP259","SCP259_N44",-0.336073727340658,0.561611315363073,"1","#DC9E70"
"SCP_N44.LPA.CGCCAAGGTCACCTAA","SCP259","SCP259_N44",-0.702712089748342,-2.73889265382943,"1","#DC9E70"
"SCP_N44.LPA.CGCCAAGGTCCGAACC","SCP259","SCP259_N44",-2.42332097980495,-0.481565216428614,"1","#DC9E70"
"SCP_N44.LPA.CGGACACTCAGCACAT","SCP259","SCP259_N44",-4.88201472255703,-2.22696576440988,"5","#00BFC8"
"SCP_N44.LPA.CGGACGTCAGTACACT","SCP259","SCP259_N44",-6.54593464824672,-2.10265813196359,"5","#00BFC8"
"SCP_N44.LPA.CGGACGTTCCAGAAGG","SCP259","SCP259_N44",-0.858751148910482,-0.851839402562953,"1","#DC9E70"
"SCP_N44.LPA.CTAACTTTCTCAAGTG","SCP259","SCP259_N44",1.13629165199284,-4.50542984331307,"3","#7EBA68"
"SCP_N44.LPA.CTACACCTCGGGAGTA","SCP259","SCP259_N44",1.15385994222645,-1.93336639726815,"1","#DC9E70"
"SCP_N44.LPA.CTACCCACAGCATGAG","SCP259","SCP259_N44",-1.30431315395351,-2.66058359468637,"1","#DC9E70"
"SCP_N44.LPA.CTAGTGACAAATTGCC","SCP259","SCP259_N44",-1.08127340766903,-2.86486540163217,"1","#DC9E70"
"SCP_N44.LPA.CTCAGAACATGATCCA","SCP259","SCP259_N44",-1.50254759284969,-4.24920616472421,"1","#DC9E70"
"SCP_N44.LPA.CTCATTACACGCGAAA","SCP259","SCP259_N44",-1.57405123207088,-3.02827654207406,"1","#DC9E70"
"SCP_N44.LPA.CTCCTAGCACAACTGT","SCP259","SCP259_N44",-3.82208201381679,-2.48379717195687,"5","#00BFC8"
"SCP_N44.LPA.CTCGGGAGTGACTACT","SCP259","SCP259_N44",1.79204276111607,-5.1631694825953,"1","#DC9E70"
"SCP_N44.LPA.CTCGTACCAGGGTTAG","SCP259","SCP259_N44",-0.6186620304298,-1.64964280450997,"5","#00BFC8"
"SCP_N44.LPA.CTGCCTATCTCGAGTA","SCP259","SCP259_N44",-1.32179269287105,-3.3959804567164,"1","#DC9E70"
"SCP_N44.LPA.CTGGTCTCATATACCG","SCP259","SCP259_N44",-3.77505275699611,-3.80245504701791,"4","#1DC199"
"SCP_N44.LPA.CTGTGCTCATGACATC","SCP259","SCP259_N44",-3.39626929256435,-2.54654798830209,"5","#00BFC8"
"SCP_N44.LPA.CTGTGCTTCAGGTTCA","SCP259","SCP259_N44",0.627069144516031,-2.26922855699716,"1","#DC9E70"
"SCP_N44.LPA.CTTGGCTCAATTCCTT","SCP259","SCP259_N44",-1.36880454513546,-4.21840534532723,"1","#DC9E70"
"SCP_N44.LPA.GAACATCTCAGCGACC","SCP259","SCP259_N44",1.21553590801243,-3.59941015566049,"1","#DC9E70"
"SCP_N44.LPA.GACGCGTCAGCGTAAG","SCP259","SCP259_N44",1.13560107257847,-3.77640924776254,"1","#DC9E70"
"SCP_N44.LPA.GACTAACTCACCACCT","SCP259","SCP259_N44",2.0712958863068,-3.43144426668344,"3","#7EBA68"
"SCP_N44.LPA.GACTAACTCTGGTTCC","SCP259","SCP259_N44",-3.11193344089504,-2.88234577501473,"5","#00BFC8"
"SCP_N44.LPA.GAGTCCGGTCATATGC","SCP259","SCP259_N44",-0.70549258682247,-2.80673370683847,"1","#DC9E70"
"SCP_N44.LPA.GATCGTACAAGAGTCG","SCP259","SCP259_N44",-0.353685528964956,-0.773540833837367,"1","#DC9E70"
"SCP_N44.LPA.GCAATCATCTCCGGTT","SCP259","SCP259_N44",0.0410682400751515,-2.92923508012948,"1","#DC9E70"
"SCP_N44.LPA.GCACTCTCACGGTGTC","SCP259","SCP259_N44",-4.98392483684536,-2.41647968614755,"5","#00BFC8"
"SCP_N44.LPA.GCAGCCACAGCTATTG","SCP259","SCP259_N44",-0.844282955856283,-1.15945158327279,"1","#DC9E70"
"SCP_N44.LPA.GCAGTTATCCGCAAGC","SCP259","SCP259_N44",0.916342287330668,-3.22599611604867,"1","#DC9E70"
"SCP_N44.LPA.GCATACAAGAAACGAG","SCP259","SCP259_N44",-5.62073227855678,-2.28113589609323,"5","#00BFC8"
"SCP_N44.LPA.GCGCGATAGCGAAGGG","SCP259","SCP259_N44",-5.91744992229458,-2.46536431635079,"5","#00BFC8"
"SCP_N44.LPA.GCTGCAGCATGCCTTC","SCP259","SCP259_N44",-6.65043971035,-2.14151726091561,"5","#00BFC8"
"SCP_N44.LPA.GCTGCAGGTCATTAGC","SCP259","SCP259_N44",-1.74927482101436,-3.22351465547738,"1","#DC9E70"
"SCP_N44.LPA.GGACAAGGTAATCGTC","SCP259","SCP259_N44",-0.546984822483023,-3.67077789629159,"1","#DC9E70"
"SCP_N44.LPA.GGCCGATAGCACAGGT","SCP259","SCP259_N44",-0.952857107849081,-1.07238278711495,"1","#DC9E70"
"SCP_N44.LPA.GGGCACTGTCGCTTTC","SCP259","SCP259_N44",0.293801470665972,-0.885324815160609,"1","#DC9E70"
"SCP_N44.LPA.GTAACGTTCGTTGCCT","SCP259","SCP259_N44",0.834115176467936,-3.59754762972055,"1","#DC9E70"
"SCP_N44.LPA.GTTACAGAGAGTCGGT","SCP259","SCP259_N44",-4.30620667430874,-2.65029106462655,"5","#00BFC8"
"SCP_N44.LPA.GTTTCTAAGGTGCTAG","SCP259","SCP259_N44",0.618826686410944,-3.11709032381234,"1","#DC9E70"
"SCP_N44.LPA.TACTCATTCTCGCTTG","SCP259","SCP259_N44",-1.03813430759426,-1.65996871317086,"1","#DC9E70"
"SCP_N44.LPA.TAGCCGGTCAACGAAA","SCP259","SCP259_N44",-5.25344225856777,-2.05497775400338,"5","#00BFC8"
"SCP_N44.LPA.TCAGCTCGTAGCGCTC","SCP259","SCP259_N44",-3.86611840221401,-2.30285034502206,"5","#00BFC8"
"SCP_N44.LPA.TCAGCTCGTGCGATAG","SCP259","SCP259_N44",-0.525751681060751,-3.04510078752694,"1","#DC9E70"
"SCP_N44.LPA.TCAGGATCAAGAGGCT","SCP259","SCP259_N44",-1.46108183357235,-3.93054447496591,"1","#DC9E70"
"SCP_N44.LPA.TCGGGACAGAGATGAG","SCP259","SCP259_N44",-3.56086871120449,-1.88580832803903,"4","#1DC199"
"SCP_N44.LPA.TCTGGAAGTCTCTCGT","SCP259","SCP259_N44",-3.39787265750881,-2.47254286134896,"5","#00BFC8"
"SCP_N44.LPA.TCTTTCCCAAGTACCT","SCP259","SCP259_N44",0.126417665748636,-5.35725126588998,"3","#7EBA68"
"SCP_N44.LPA.TGACGGCAGGATGTAT","SCP259","SCP259_N44",-1.3435320565414,-3.54405985201058,"1","#DC9E70"
"SCP_N44.LPA.TGAGCCGAGCTGGAAC","SCP259","SCP259_N44",-0.550206930370291,-1.5679775270289,"1","#DC9E70"
"SCP_N44.LPA.TGGCTGGCACGGTAAG","SCP259","SCP259_N44",-3.7934570023727,-2.77398548448739,"5","#00BFC8"
"SCP_N44.LPA.TGTCCCAAGTGGTAAT","SCP259","SCP259_N44",-1.20610639545437,-4.0959578546351,"1","#DC9E70"
"SCP_N44.LPA.TGTGGTATCGTCGTTC","SCP259","SCP259_N44",-1.34089467021938,-4.20165167177377,"1","#DC9E70"
"SCP_N44.LPA.TTATGCTGTTCGGGCT","SCP259","SCP259_N44",-3.06309244129177,-2.96918020570932,"5","#00BFC8"
"SCP_N44.LPA.TTCGGTCCAGGGTATG","SCP259","SCP259_N44",-0.393101544113119,-3.57099876726327,"1","#DC9E70"
"SCP_N44.LPA.TTGAACGTCTGTCAAG","SCP259","SCP259_N44",-3.33724019023891,-2.87510929430184,"1","#DC9E70"
"SCP_N49.EpiA.AACTCCCGTAGCGTCC","SCP259","SCP259_N49",-1.13540229293819,0.80245812808814,"1","#DC9E70"
"SCP_N49.LPA.AAGGTTCAGTCCGGTC","SCP259","SCP259_N49",-0.540319235057791,-7.45249090517221,"3","#7EBA68"
"SCP_N49.LPA.AAGGTTCAGTCTCGGC","SCP259","SCP259_N49",0.478719114332239,-7.10732660616098,"3","#7EBA68"
"SCP_N49.LPA.AGCGGTCCATAGGATA","SCP259","SCP259_N49",0.255832287489216,-7.25115881288705,"3","#7EBA68"
"SCP_N49.LPA.AGTTGGTTCTGGTGTA","SCP259","SCP259_N49",-0.243371666402777,-7.47623834932504,"3","#7EBA68"
"SCP_N49.LPA.ATAACGCCAGCATGAG","SCP259","SCP259_N49",-0.589001805515249,-7.52963838899789,"3","#7EBA68"
"SCP_N49.LPA.ATAGACCTCCTAGTGA","SCP259","SCP259_N49",0.0232382407474919,-6.86931143129525,"3","#7EBA68"
"SCP_N49.LPA.ATCGAGTAGACCACGA","SCP259","SCP259_N49",-0.734162540168722,-7.42117700899301,"3","#7EBA68"
"SCP_N49.LPA.ATCGAGTCATTCGACA","SCP259","SCP259_N49",-0.750172645778616,-7.61850939119515,"3","#7EBA68"
"SCP_N49.LPA.CACATAGCAGTATAAG","SCP259","SCP259_N49",-0.236378164024313,-7.41331587160287,"3","#7EBA68"
"SCP_N49.LPA.CATGCCTAGCGATTCT","SCP259","SCP259_N49",2.29978969600681,-4.80486545885263,"1","#DC9E70"
"SCP_N49.LPA.CCAGCGAGTGGTCCGT","SCP259","SCP259_N49",-0.931429595680197,-7.62140570009408,"3","#7EBA68"
"SCP_N49.LPA.CCTCAGTCAGGGAGAG","SCP259","SCP259_N49",-0.925144524307211,-7.65633306825814,"3","#7EBA68"
"SCP_N49.LPA.CGGACTGAGGGAAACA","SCP259","SCP259_N49",0.0881958147573872,-7.34497080171762,"3","#7EBA68"
"SCP_N49.LPA.CTCGTACTCTACTTAC","SCP259","SCP259_N49",0.450487463741343,-7.23803816164193,"3","#7EBA68"
"SCP_N49.LPA.CTCTACGCATCCGCGA","SCP259","SCP259_N49",2.08681753185276,-5.28249178255258,"3","#7EBA68"
"SCP_N49.LPA.GACACGCCATCGGTTA","SCP259","SCP259_N49",0.257461871026795,-7.32873926485238,"3","#7EBA68"
"SCP_N49.LPA.GATCAGTTCTAACGGT","SCP259","SCP259_N49",-0.525826604099234,-7.452089408285,"3","#7EBA68"
"SCP_N49.LPA.GCACATAGTGATGTGG","SCP259","SCP259_N49",-0.693897814483602,-7.60491190279183,"3","#7EBA68"
"SCP_N49.LPA.GCAGTTAAGTACGACG","SCP259","SCP259_N49",-1.05047497245785,-7.59692583406625,"3","#7EBA68"
"SCP_N49.LPA.GCCAAATAGTCAAGCG","SCP259","SCP259_N49",0.393899573950808,-7.11630258882699,"3","#7EBA68"
"SCP_N49.LPA.GCTGCAGAGAGGTACC","SCP259","SCP259_N49",-0.203913242549856,-7.10501203859506,"3","#7EBA68"
"SCP_N49.LPA.GGTGCGTAGAAACGAG","SCP259","SCP259_N49",0.70182695892338,-6.80683813417611,"3","#7EBA68"
"SCP_N49.LPA.GTCATTTTCAAACCAC","SCP259","SCP259_N49",0.167714024900238,-7.08501158083139,"3","#7EBA68"
"SCP_N49.LPA.GTCATTTTCTCTAAGG","SCP259","SCP259_N49",-0.683615894050558,-7.45156488741098,"3","#7EBA68"
"SCP_N49.LPA.GTTACAGTCGGACAAG","SCP259","SCP259_N49",-1.11808380577083,-7.65545568788705,"3","#7EBA68"
"SCP_N49.LPA.TACTTGTGTACTCGCG","SCP259","SCP259_N49",0.691809891729395,-6.87216959322152,"3","#7EBA68"
"SCP_N49.LPA.TATCTCACAGCTGCTG","SCP259","SCP259_N49",-0.232554615468939,-7.48491869295297,"3","#7EBA68"
"SCP_N49.LPA.TCAACGACAAGTCTAC","SCP259","SCP259_N49",-1.15638706180569,-7.59824190462289,"3","#7EBA68"
"SCP_N49.LPA.TCATTACTCGGTCCGA","SCP259","SCP259_N49",0.0130802383709355,-7.0245877298182,"3","#7EBA68"
"SCP_N49.LPA.TGCGGGTAGATCTGCT","SCP259","SCP259_N49",1.14610090759281,-6.24442539537606,"3","#7EBA68"
"SCP_N49.LPA.TTCTCCTTCTTAGCCC","SCP259","SCP259_N49",-0.355195255012472,-7.45950994814096,"3","#7EBA68"
"SCP_N49.LPA.TTGTAGGGTGTTGAGG","SCP259","SCP259_N49",-0.672455460758169,-7.4111434015101,"3","#7EBA68"
"SCP_N49.LPB.AAAGATGCAAGGGTCA","SCP259","SCP259_N49",1.02422436979298,-5.39748535478768,"3","#7EBA68"
"SCP_N49.LPB.AAAGATGCAAGTCATC","SCP259","SCP259_N49",-1.1383478352737,-6.27741155946908,"3","#7EBA68"
"SCP_N49.LPB.AAAGATGGTAGGAGTC","SCP259","SCP259_N49",-0.779676527709921,-5.64457474077401,"3","#7EBA68"
"SCP_N49.LPB.AAAGATGTCTGGTATG","SCP259","SCP259_N49",0.641718595294993,-5.45967541063485,"3","#7EBA68"
"SCP_N49.LPB.AAAGTAGAGCTAGTCT","SCP259","SCP259_N49",-1.00425025913235,-5.81350241029916,"3","#7EBA68"
"SCP_N49.LPB.AAAGTAGTCATGGTCA","SCP259","SCP259_N49",1.50011435058598,-5.12978134477792,"3","#7EBA68"
"SCP_N49.LPB.AAATGCCCAGACGCCT","SCP259","SCP259_N49",-0.339544028968771,-5.68401394212899,"3","#7EBA68"
"SCP_N49.LPB.AAATGCCGTTATCGGT","SCP259","SCP259_N49",-0.566887469024618,-6.18559942568002,"3","#7EBA68"
"SCP_N49.LPB.AACCATGAGCGATATA","SCP259","SCP259_N49",-4.86875578853603,-2.49814305627999,"5","#00BFC8"
"SCP_N49.LPB.AACCGCGTCAAAGACA","SCP259","SCP259_N49",1.43249979522709,-3.89065466249642,"1","#DC9E70"
"SCP_N49.LPB.AACGTTGGTGGTGTAG","SCP259","SCP259_N49",-0.244297088117559,-6.06590805376229,"3","#7EBA68"
"SCP_N49.LPB.AACTCCCGTCCCGACA","SCP259","SCP259_N49",1.62478390243534,-4.99207887972055,"3","#7EBA68"
"SCP_N49.LPB.AACTCTTCACGACGAA","SCP259","SCP259_N49",-0.637599796981771,-6.35663853014169,"3","#7EBA68"
"SCP_N49.LPB.AACTTTCTCTGCAAGT","SCP259","SCP259_N49",1.34953072574619,-5.03600797975717,"3","#7EBA68"
"SCP_N49.LPB.AAGACCTGTATCAGTC","SCP259","SCP259_N49",0.129924117593805,-5.41810236299691,"3","#7EBA68"
"SCP_N49.LPB.AAGGCAGAGTGCAAGC","SCP259","SCP259_N49",1.16530343797688,-5.00347147310433,"1","#DC9E70"
"SCP_N49.LPB.AAGGTTCGTTGAGGTG","SCP259","SCP259_N49",1.5979882767487,-4.89470110262094,"3","#7EBA68"
"SCP_N49.LPB.ACACTGACAGATCTGT","SCP259","SCP259_N49",-1.17315706703182,-6.7438488992518,"3","#7EBA68"
"SCP_N49.LPB.ACAGCCGCAGCGATCC","SCP259","SCP259_N49",1.44297614601139,-5.19202766740975,"3","#7EBA68"
"SCP_N49.LPB.ACAGCCGGTTTGCATG","SCP259","SCP259_N49",-1.01762530300136,-6.79429827058969,"1","#DC9E70"
"SCP_N49.LPB.ACAGCCGTCCCAACGG","SCP259","SCP259_N49",-0.929261178703268,-5.76495943391976,"3","#7EBA68"
"SCP_N49.LPB.ACATACGGTTGATTGC","SCP259","SCP259_N49",0.49250695016865,-5.43384132707772,"3","#7EBA68"
"SCP_N49.LPB.ACATCAGCAACGCACC","SCP259","SCP259_N49",-7.08310219738003,-1.86864791238961,"5","#00BFC8"
"SCP_N49.LPB.ACATCAGCACGTCAGC","SCP259","SCP259_N49",-0.866825551719625,-5.89035568559823,"3","#7EBA68"
"SCP_N49.LPB.ACATCAGCAGTATGCT","SCP259","SCP259_N49",1.21646395233158,-4.33561764085946,"3","#7EBA68"
"SCP_N49.LPB.ACATGGTTCGTCCAGG","SCP259","SCP259_N49",0.701318739919703,-4.85823688829598,"3","#7EBA68"
"SCP_N49.LPB.ACCCACTCAACACGCC","SCP259","SCP259_N49",1.68850722816471,-5.21546087587533,"3","#7EBA68"
"SCP_N49.LPB.ACCGTAAAGGGCTTCC","SCP259","SCP259_N49",1.79929116275791,-4.68234787309823,"3","#7EBA68"
"SCP_N49.LPB.ACCGTAACACATAACC","SCP259","SCP259_N49",1.35976198223118,-5.21869287813363,"3","#7EBA68"
"SCP_N49.LPB.ACCTTTACAGATGGGT","SCP259","SCP259_N49",-0.588556260795553,-6.08048210466561,"3","#7EBA68"
"SCP_N49.LPB.ACGAGCCAGATCCGAG","SCP259","SCP259_N49",-0.789308876724203,-6.12912617052255,"3","#7EBA68"
"SCP_N49.LPB.ACGAGGACACTTGGAT","SCP259","SCP259_N49",-1.44962641689297,-6.33543024385629,"3","#7EBA68"
"SCP_N49.LPB.ACGATACCATCCGTGG","SCP259","SCP259_N49",0.843704312114756,-5.58119831407723,"3","#7EBA68"
"SCP_N49.LPB.ACGATGTCAAGCTGTT","SCP259","SCP259_N49",1.21651652362827,-4.25218592012582,"3","#7EBA68"
"SCP_N49.LPB.ACGATGTCATATACGC","SCP259","SCP259_N49",-4.98618266078945,-2.06672225320993,"5","#00BFC8"
"SCP_N49.LPB.ACGCCAGCACTAGTAC","SCP259","SCP259_N49",-0.121325016946752,-5.80138407076058,"3","#7EBA68"
"SCP_N49.LPB.ACGCCGACACTGTCGG","SCP259","SCP259_N49",1.65643122699742,-4.19943437898812,"3","#7EBA68"
"SCP_N49.LPB.ACGGCCAAGTTGAGTA","SCP259","SCP259_N49",0.911103217868845,-5.25766001070199,"3","#7EBA68"
"SCP_N49.LPB.ACGGCCACAAAGGCGT","SCP259","SCP259_N49",0.126967473893206,-5.17150888765512,"3","#7EBA68"
"SCP_N49.LPB.ACGGGTCAGGTGTGGT","SCP259","SCP259_N49",1.10800853279118,-4.27584419573007,"3","#7EBA68"
"SCP_N49.LPB.ACGGGTCCACCTTGTC","SCP259","SCP259_N49",1.23075619247441,-4.93436918581185,"3","#7EBA68"
"SCP_N49.LPB.ACGGGTCCATGCATGT","SCP259","SCP259_N49",-1.28835794422146,-6.24641428316293,"3","#7EBA68"
"SCP_N49.LPB.ACGTCAAAGATAGGAG","SCP259","SCP259_N49",-6.01784035655971,-2.30292759264169,"5","#00BFC8"
"SCP_N49.LPB.ACTATCTCAGCTCGCA","SCP259","SCP259_N49",1.39918127563481,-4.09142837846932,"3","#7EBA68"
"SCP_N49.LPB.ACTATCTGTCATATCG","SCP259","SCP259_N49",-1.23039278480526,-6.0407763513392,"3","#7EBA68"
"SCP_N49.LPB.ACTGATGGTCAAGCGA","SCP259","SCP259_N49",1.41248086002354,-5.27404175127206,"3","#7EBA68"
"SCP_N49.LPB.ACTGTCCCACGGCCAT","SCP259","SCP259_N49",-1.13283738586422,-6.0588804277247,"3","#7EBA68"
"SCP_N49.LPB.ACTTACTTCAGCTGGC","SCP259","SCP259_N49",0.560074388055842,-5.4775267633265,"3","#7EBA68"
"SCP_N49.LPB.ACTTGTTTCACTTATC","SCP259","SCP259_N49",-1.23993119689937,-6.24404917085824,"3","#7EBA68"
"SCP_N49.LPB.ACTTTCACAGTCTTCC","SCP259","SCP259_N49",1.42812707927708,-4.16488561952767,"3","#7EBA68"
"SCP_N49.LPB.ACTTTCAGTGTTTGGT","SCP259","SCP259_N49",1.13706496265415,-4.8685875924891,"3","#7EBA68"
"SCP_N49.LPB.AGAATAGGTTCCCGAG","SCP259","SCP259_N49",-0.837425918312033,-6.61874876344857,"3","#7EBA68"
"SCP_N49.LPB.AGAGCTTCATGCATGT","SCP259","SCP259_N49",-1.20399686786648,-6.01105175340829,"3","#7EBA68"
"SCP_N49.LPB.AGAGTGGAGGGTTCCC","SCP259","SCP259_N49",-0.945139856071432,-5.62289104784188,"3","#7EBA68"
"SCP_N49.LPB.AGCAGCCCAAGCCATT","SCP259","SCP259_N49",1.66286876705174,-4.28115663850961,"1","#DC9E70"
"SCP_N49.LPB.AGCCTAACAGTCAGAG","SCP259","SCP259_N49",1.43232276943211,-5.13212547624765,"3","#7EBA68"
"SCP_N49.LPB.AGCGTATAGGAGTACC","SCP259","SCP259_N49",-0.908648819656332,-6.48708877885995,"3","#7EBA68"
"SCP_N49.LPB.AGCGTATTCCATGAGT","SCP259","SCP259_N49",-0.0350241670322017,-5.85634765947518,"3","#7EBA68"
"SCP_N49.LPB.AGCGTCGCAGCGTAAG","SCP259","SCP259_N49",0.711095868616144,-5.42075548494515,"3","#7EBA68"
"SCP_N49.LPB.AGCTCTCTCGGCGCTA","SCP259","SCP259_N49",0.066087155609171,-5.11820278490243,"4","#1DC199"
"SCP_N49.LPB.AGCTTGAAGCGATTCT","SCP259","SCP259_N49",0.0837122043657704,-5.49871025407968,"3","#7EBA68"
"SCP_N49.LPB.AGGGATGAGAACTCGG","SCP259","SCP259_N49",-1.49723133537288,-6.37423334444223,"3","#7EBA68"
"SCP_N49.LPB.AGGGATGTCAAGGTAA","SCP259","SCP259_N49",0.0759161552477284,-5.55499754274545,"3","#7EBA68"
"SCP_N49.LPB.AGGGTGAAGATGCCAG","SCP259","SCP259_N49",-1.05937382671352,-5.679055789358,"3","#7EBA68"
"SCP_N49.LPB.AGGTCCGTCACTCCTG","SCP259","SCP259_N49",-0.99157235118862,-5.85834417665658,"3","#7EBA68"
"SCP_N49.LPB.AGGTCCGTCCCTAACC","SCP259","SCP259_N49",0.814487784175913,-4.86877022112069,"3","#7EBA68"
"SCP_N49.LPB.AGTCTTTTCAGAGCTT","SCP259","SCP259_N49",-1.25466427299496,-6.01161442125497,"3","#7EBA68"
"SCP_N49.LPB.AGTCTTTTCCACGAAT","SCP259","SCP259_N49",-0.436847002239187,-6.1219998391932,"3","#7EBA68"
"SCP_N49.LPB.AGTCTTTTCCGGCACA","SCP259","SCP259_N49",-1.31842574569698,-6.15734110201058,"3","#7EBA68"
"SCP_N49.LPB.AGTGGGAAGCGTAATA","SCP259","SCP259_N49",-4.88313433620449,-2.05738888109384,"5","#00BFC8"
"SCP_N49.LPB.AGTTGGTTCGGCGCAT","SCP259","SCP259_N49",1.3526474526215,-5.19610557878671,"3","#7EBA68"
"SCP_N49.LPB.ATAGACCAGGGAGTAA","SCP259","SCP259_N49",1.46572199371342,-3.98128042543588,"3","#7EBA68"
"SCP_N49.LPB.ATAGACCGTTCGAATC","SCP259","SCP259_N49",-0.239445895881613,-5.60922441805062,"3","#7EBA68"
"SCP_N49.LPB.ATCACGAGTAAGGATT","SCP259","SCP259_N49",-0.38360753747936,-6.05076608980355,"3","#7EBA68"
"SCP_N49.LPB.ATCATGGCAAGGTTTC","SCP259","SCP259_N49",0.969860224990885,-4.66208658540902,"3","#7EBA68"
"SCP_N49.LPB.ATCGAGTTCTGGCGAC","SCP259","SCP259_N49",1.65181425121311,-3.92915067995248,"3","#7EBA68"
"SCP_N49.LPB.ATCTACTCATCCCATC","SCP259","SCP259_N49",0.736375062732737,-5.31300983751473,"3","#7EBA68"
"SCP_N49.LPB.ATGGGAGTCAGTTCGA","SCP259","SCP259_N49",0.61695614364628,-5.30834827745614,"3","#7EBA68"
"SCP_N49.LPB.ATTACTCAGAAACGCC","SCP259","SCP259_N49",-1.46956107112881,-6.12658272112069,"3","#7EBA68"
"SCP_N49.LPB.ATTACTCGTGAAGGCT","SCP259","SCP259_N49",1.03338816669468,-5.44951114977059,"3","#7EBA68"
"SCP_N49.LPB.ATTACTCGTGCAGGTA","SCP259","SCP259_N49",1.57275667694096,-5.12766180360971,"3","#7EBA68"
"SCP_N49.LPB.ATTATCCTCGCCCTTA","SCP259","SCP259_N49",0.0448179831791325,-5.27482757890878,"3","#7EBA68"
"SCP_N49.LPB.ATTGGACGTACCGCTG","SCP259","SCP259_N49",-1.37205073329922,-6.15037546480355,"3","#7EBA68"
"SCP_N49.LPB.ATTTCTGAGTCCATAC","SCP259","SCP259_N49",0.949681191711466,-5.09774647081552,"3","#7EBA68"
"SCP_N49.LPB.CAACCAAGTCATGCAT","SCP259","SCP259_N49",0.277866146533529,-5.6674157174891,"3","#7EBA68"
"SCP_N49.LPB.CAACCAAGTTCAGACT","SCP259","SCP259_N49",1.07968756464009,-5.35104904497323,"3","#7EBA68"
"SCP_N49.LPB.CAACCTCTCTCGTATT","SCP259","SCP259_N49",-0.831683726043661,-6.53170643175302,"3","#7EBA68"
"SCP_N49.LPB.CAACTAGAGCCACCTG","SCP259","SCP259_N49",-0.0611295411300258,-5.51190052354989,"3","#7EBA68"
"SCP_N49.LPB.CAACTAGCAATGGAAT","SCP259","SCP259_N49",0.75794336107258,-4.73891458833871,"3","#7EBA68"
"SCP_N49.LPB.CAAGAAAGTTTGGGCC","SCP259","SCP259_N49",-0.42222032043453,-5.53081856096444,"3","#7EBA68"
"SCP_N49.LPB.CAAGAAATCCAAGCCG","SCP259","SCP259_N49",-0.23975041601177,-5.54447231615243,"3","#7EBA68"
"SCP_N49.LPB.CAAGATCAGCGGCTTC","SCP259","SCP259_N49",0.736419647007029,-5.47548780763803,"3","#7EBA68"
"SCP_N49.LPB.CACAAACAGCTACCGC","SCP259","SCP259_N49",-0.895668358535726,-5.96658287370858,"3","#7EBA68"
"SCP_N49.LPB.CACAAACAGGCTATCT","SCP259","SCP259_N49",-1.06030973884579,-6.11226139391122,"3","#7EBA68"
"SCP_N49.LPB.CACAAACAGTTGAGTA","SCP259","SCP259_N49",-1.42180439922329,-6.36474285448251,"3","#7EBA68"
"SCP_N49.LPB.CACACAATCCCAACGG","SCP259","SCP259_N49",0.793524830608408,-4.70143614137826,"3","#7EBA68"
"SCP_N49.LPB.CACACCTTCTAGAGTC","SCP259","SCP259_N49",-4.94857022258754,-2.16082916582284,"5","#00BFC8"
"SCP_N49.LPB.CACAGTACATGTCTCC","SCP259","SCP259_N49",0.672725259332697,-5.43530998552499,"3","#7EBA68"
"SCP_N49.LPB.CACATAGAGAGTTGGC","SCP259","SCP259_N49",0.205880486412685,-5.58129844988046,"3","#7EBA68"
"SCP_N49.LPB.CACATTTCAAAGTGCG","SCP259","SCP259_N49",-0.532455415458639,-6.41456232393441,"3","#7EBA68"
"SCP_N49.LPB.CACATTTTCCAAACAC","SCP259","SCP259_N49",-0.539736301631887,-5.82186518037973,"3","#7EBA68"
"SCP_N49.LPB.CACATTTTCCAATGGT","SCP259","SCP259_N49",-1.417094797821,-6.24581966722665,"3","#7EBA68"
"SCP_N49.LPB.CACATTTTCTTCATGT","SCP259","SCP259_N49",-0.608675927848776,-5.9343572648829,"3","#7EBA68"
"SCP_N49.LPB.CACCAGGAGTTTCCTT","SCP259","SCP259_N49",0.246443855582516,-5.75950250948129,"3","#7EBA68"
"SCP_N49.LPB.CACTCCATCTACCAGA","SCP259","SCP259_N49",1.25903132465367,-5.2403760942286,"1","#DC9E70"
"SCP_N49.LPB.CACTCCATCTTACCGC","SCP259","SCP259_N49",0.924951880245249,-5.34531746233163,"3","#7EBA68"
"SCP_N49.LPB.CAGAATCGTCACCCAG","SCP259","SCP259_N49",1.16806837823872,-5.24362001741586,"3","#7EBA68"
"SCP_N49.LPB.CAGCATAAGTCATCCA","SCP259","SCP259_N49",-0.760639996261557,-5.69676122987924,"3","#7EBA68"
"SCP_N49.LPB.CAGCATACATGTAAGA","SCP259","SCP259_N49",2.22137835529331,-3.48223409975228,"3","#7EBA68"
"SCP_N49.LPB.CAGCATATCATCTGTT","SCP259","SCP259_N49",0.982708423404734,-5.14212713564096,"3","#7EBA68"
"SCP_N49.LPB.CAGCATATCGGTTAAC","SCP259","SCP259_N49",-0.169874937267263,-5.5845995935267,"3","#7EBA68"
"SCP_N49.LPB.CAGCCGAAGGGAACGG","SCP259","SCP259_N49",0.0560297658729955,-5.47816429460702,"3","#7EBA68"
"SCP_N49.LPB.CAGCTAAAGCGTGAGT","SCP259","SCP259_N49",0.661483793525736,-4.93673334444223,"3","#7EBA68"
"SCP_N49.LPB.CAGCTAACATTCTTAC","SCP259","SCP259_N49",0.429751141934435,-5.73745689714608,"3","#7EBA68"
"SCP_N49.LPB.CAGCTGGAGAAGCCCA","SCP259","SCP259_N49",0.195238239138167,-5.43350181902108,"3","#7EBA68"
"SCP_N49.LPB.CAGCTGGAGATATACG","SCP259","SCP259_N49",-0.218461693258245,-5.997339824087,"3","#7EBA68"
"SCP_N49.LPB.CAGCTGGTCGTCTGCT","SCP259","SCP259_N49",-1.00288257095333,-5.8504835161036,"3","#7EBA68"
"SCP_N49.LPB.CAGGTGCCACCGAAAG","SCP259","SCP259_N49",-0.943950504989584,-5.79630813921151,"3","#7EBA68"
"SCP_N49.LPB.CATATGGAGGAGTTTA","SCP259","SCP259_N49",1.40776792076115,-4.71585951173959,"3","#7EBA68"
"SCP_N49.LPB.CATATGGAGTGGGTTG","SCP259","SCP259_N49",1.38644233253483,-5.18252096498666,"3","#7EBA68"
"SCP_N49.LPB.CATATGGCACTTAAGC","SCP259","SCP259_N49",0.984100430278818,-5.2699547799891,"3","#7EBA68"
"SCP_N49.LPB.CATATGGCATCCTAGA","SCP259","SCP259_N49",-1.34567710849758,-6.25985393846688,"3","#7EBA68"
"SCP_N49.LPB.CATATGGTCATCTGCC","SCP259","SCP259_N49",1.15930083301548,-5.29753551805673,"3","#7EBA68"
"SCP_N49.LPB.CATATGGTCTCGCTTG","SCP259","SCP259_N49",-0.718172580928762,-5.4833017381495,"3","#7EBA68"
"SCP_N49.LPB.CATATTCCACCGAATT","SCP259","SCP259_N49",-0.184088886709173,-5.87521992052255,"3","#7EBA68"
"SCP_N49.LPB.CATCAAGCAGCATGAG","SCP259","SCP259_N49",1.2018758347321,-5.093362429983,"3","#7EBA68"
"SCP_N49.LPB.CATCCACCATATGAGA","SCP259","SCP259_N49",-0.541266650886496,-5.47073660219369,"3","#7EBA68"
"SCP_N49.LPB.CATCCACGTGTGACCC","SCP259","SCP259_N49",1.3159225275803,-4.95297632539926,"3","#7EBA68"
"SCP_N49.LPB.CATCGGGAGGATGCGT","SCP259","SCP259_N49",-0.673022181720694,-6.11787519777474,"3","#7EBA68"
"SCP_N49.LPB.CATGACAAGTTCGCAT","SCP259","SCP259_N49",2.15451779869084,-3.6070376428431,"3","#7EBA68"
"SCP_N49.LPB.CATTATCAGGCCATAG","SCP259","SCP259_N49",-1.12911352607723,-6.16819677675424,"3","#7EBA68"
"SCP_N49.LPB.CATTCGCGTCTCAACA","SCP259","SCP259_N49",-0.59306845161434,-5.49919233644662,"3","#7EBA68"
"SCP_N49.LPB.CCACGGAAGTGGAGTC","SCP259","SCP259_N49",-0.971628517837484,-5.65933714235482,"3","#7EBA68"
"SCP_N49.LPB.CCATTCGCATGGGACA","SCP259","SCP259_N49",1.61489513423924,-4.99620542848764,"3","#7EBA68"
"SCP_N49.LPB.CCCAGTTGTGAGGCTA","SCP259","SCP259_N49",-0.569333703250845,-6.27684460008798,"3","#7EBA68"
"SCP_N49.LPB.CCCTCCTAGCTATGCT","SCP259","SCP259_N49",-0.291734368534048,-5.46575413072763,"5","#00BFC8"
"SCP_N49.LPB.CCCTCCTCAATCCAAC","SCP259","SCP259_N49",1.33602157142643,-4.4613142999476,"3","#7EBA68"
"SCP_N49.LPB.CCGGGATCAATGGATA","SCP259","SCP259_N49",1.21523949411396,-4.87270222032723,"3","#7EBA68"
"SCP_N49.LPB.CCGGGATCAGGATTGG","SCP259","SCP259_N49",0.266895513056557,-5.51463518465219,"3","#7EBA68"
"SCP_N49.LPB.CCGTACTTCCTTAATC","SCP259","SCP259_N49",-0.534905762405355,-6.34124288881478,"3","#7EBA68"
"SCP_N49.LPB.CCGTGGAGTAGCACGA","SCP259","SCP259_N49",-1.24270293209072,-5.71347484911141,"3","#7EBA68"
"SCP_N49.LPB.CCGTGGAGTGACGGTA","SCP259","SCP259_N49",1.47700455692295,-5.12210760439096,"3","#7EBA68"
"SCP_N49.LPB.CCTAAAGGTTTGACTG","SCP259","SCP259_N49",-0.494477004737814,-6.2078004869288,"3","#7EBA68"
"SCP_N49.LPB.CCTACACTCTCAAACG","SCP259","SCP259_N49",1.53216519859318,-4.00625191057382,"3","#7EBA68"
"SCP_N49.LPB.CCTACCAAGACTTGAA","SCP259","SCP259_N49",0.0142351230669423,-5.31617508257089,"3","#7EBA68"
"SCP_N49.LPB.CCTATTAGTGTTTGGT","SCP259","SCP259_N49",-0.7894344041061,-5.61310444200692,"3","#7EBA68"
"SCP_N49.LPB.CCTCAGTAGCCCAACC","SCP259","SCP259_N49",1.32681563404087,-4.35572586382089,"3","#7EBA68"
"SCP_N49.LPB.CCTCAGTCAATAACGA","SCP259","SCP259_N49",1.62608554866795,-4.4860363992518,"3","#7EBA68"
"SCP_N49.LPB.CCTCAGTCACTGAAGG","SCP259","SCP259_N49",-0.0790157923411922,-5.42329321230111,"3","#7EBA68"
"SCP_N49.LPB.CCTCTGAAGACTACAA","SCP259","SCP259_N49",0.147587067453901,-5.49435959184823,"3","#7EBA68"
"SCP_N49.LPB.CCTCTGAAGCGAGAAA","SCP259","SCP259_N49",-1.39511272403713,-6.76568899477182,"3","#7EBA68"
"SCP_N49.LPB.CCTTACGCATGTAAGA","SCP259","SCP259_N49",-4.82311245891567,-2.0978344472712,"5","#00BFC8"
"SCP_N49.LPB.CCTTCCCCATGGGAAC","SCP259","SCP259_N49",1.18437859323506,-4.18186626756845,"3","#7EBA68"
"SCP_N49.LPB.CGAATGTCAATAAGCA","SCP259","SCP259_N49",-0.813178152770956,-5.58989916170297,"3","#7EBA68"
"SCP_N49.LPB.CGACTTCCAAGTTGTC","SCP259","SCP259_N49",-0.655167193145712,-5.5480309518641,"3","#7EBA68"
"SCP_N49.LPB.CGACTTCGTAGTACCT","SCP259","SCP259_N49",1.38138475921635,-4.73145685518441,"3","#7EBA68"
"SCP_N49.LPB.CGAGAAGAGCCAGTAG","SCP259","SCP259_N49",-0.511325509281118,-5.58958683336434,"3","#7EBA68"
"SCP_N49.LPB.CGAGCCACAATCGGTT","SCP259","SCP259_N49",-0.401066810817678,-5.75438843095956,"3","#7EBA68"
"SCP_N49.LPB.CGATGGCAGAAGGGTA","SCP259","SCP259_N49",-0.342251391143759,-5.95143709505258,"3","#7EBA68"
"SCP_N49.LPB.CGATGTAAGTCACGCC","SCP259","SCP259_N49",-0.988318176002462,-6.46190080965219,"3","#7EBA68"
"SCP_N49.LPB.CGATTGATCATGGTCA","SCP259","SCP259_N49",-1.32773551437374,-6.12044058168588,"3","#7EBA68"
"SCP_N49.LPB.CGCGGTAAGAGGTTGC","SCP259","SCP259_N49",1.26420071628575,-5.24015770281015,"3","#7EBA68"
"SCP_N49.LPB.CGCGGTAAGGGATACC","SCP259","SCP259_N49",0.00137460139278611,-5.80047521913705,"3","#7EBA68"
"SCP_N49.LPB.CGCGGTATCCTCGCAT","SCP259","SCP259_N49",0.0702192923117085,-5.35904512727914,"3","#7EBA68"
"SCP_N49.LPB.CGCTGGAAGGTGGGTT","SCP259","SCP259_N49",-1.22572037670131,-6.17182073915658,"3","#7EBA68"
"SCP_N49.LPB.CGGACACAGTGACTCT","SCP259","SCP259_N49",0.542594700126688,-5.28371296251473,"3","#7EBA68"
"SCP_N49.LPB.CGGACACTCGCCTGTT","SCP259","SCP259_N49",-5.10100504848476,-2.66065655077157,"5","#00BFC8"
"SCP_N49.LPB.CGGACGTGTTTCCACC","SCP259","SCP259_N49",-5.0624942490768,-2.23136720979867,"5","#00BFC8"
"SCP_N49.LPB.CGGACTGCAGATGGGT","SCP259","SCP259_N49",-1.45367154571529,-6.99649439180551,"3","#7EBA68"
"SCP_N49.LPB.CGGAGCTCAGCTTAAC","SCP259","SCP259_N49",-0.951028556556662,-5.86341772401986,"3","#7EBA68"
"SCP_N49.LPB.CGGCTAGAGTTCGCGC","SCP259","SCP259_N49",0.52907812502865,-5.17010984743295,"3","#7EBA68"
"SCP_N49.LPB.CGGGTCAAGTGGCACA","SCP259","SCP259_N49",0.278393096296827,-5.23897085512338,"3","#7EBA68"
"SCP_N49.LPB.CGGGTCAGTTACGTCA","SCP259","SCP259_N49",-1.19760021659847,-6.14485416734872,"3","#7EBA68"
"SCP_N49.LPB.CGGTTAATCACAATGC","SCP259","SCP259_N49",-0.707133145065267,-5.54507551515756,"3","#7EBA68"
"SCP_N49.LPB.CGTCACTAGATGCCTT","SCP259","SCP259_N49",1.28083780315403,-4.54885206545053,"3","#7EBA68"
"SCP_N49.LPB.CGTCAGGGTCTGCAAT","SCP259","SCP259_N49",1.53829196002964,-4.06896410310922,"3","#7EBA68"
"SCP_N49.LPB.CGTCAGGGTTAAAGTG","SCP259","SCP259_N49",0.230974715209345,-5.90553388918099,"3","#7EBA68"
"SCP_N49.LPB.CGTCAGGTCTGATTCT","SCP259","SCP259_N49",-0.788603276939352,-6.54474363649545,"3","#7EBA68"
"SCP_N49.LPB.CGTCCATTCAATCTCT","SCP259","SCP259_N49",1.96023419406895,-3.75633011186776,"3","#7EBA68"
"SCP_N49.LPB.CGTCCATTCACATAGC","SCP259","SCP259_N49",0.285600285052101,-5.33103285158334,"3","#7EBA68"
"SCP_N49.LPB.CGTGAGCAGTAACCCT","SCP259","SCP259_N49",0.711488633422892,-5.2925263437098,"3","#7EBA68"
"SCP_N49.LPB.CGTGAGCGTCAGAGGT","SCP259","SCP259_N49",-0.0470006475162105,-5.44910297716317,"3","#7EBA68"
"SCP_N49.LPB.CGTGTCTAGACTTTCG","SCP259","SCP259_N49",-0.599558205337484,-6.24770412767587,"3","#7EBA68"
"SCP_N49.LPB.CGTGTCTTCAGTTTGG","SCP259","SCP259_N49",1.33941796329502,-5.11147270525155,"3","#7EBA68"
"SCP_N49.LPB.CGTTAGAAGCTAGTTC","SCP259","SCP259_N49",1.47363760974888,-5.07300482118783,"3","#7EBA68"
"SCP_N49.LPB.CGTTCTGGTCATGCCG","SCP259","SCP259_N49",1.63846340682987,-5.31616745317636,"3","#7EBA68"
"SCP_N49.LPB.CGTTCTGTCTTAGAGC","SCP259","SCP259_N49",1.51003661659245,-4.05423269594369,"3","#7EBA68"
"SCP_N49.LPB.CTAACTTCAATAACGA","SCP259","SCP259_N49",0.619326799182932,-5.1921583207911,"3","#7EBA68"
"SCP_N49.LPB.CTAACTTCATGTAAGA","SCP259","SCP259_N49",-0.257891149253805,-5.63582096422372,"3","#7EBA68"
"SCP_N49.LPB.CTAATGGCACAAGCCC","SCP259","SCP259_N49",0.0151738813209935,-5.13433370912728,"3","#7EBA68"
"SCP_N49.LPB.CTAATGGCAGGATCGA","SCP259","SCP259_N49",1.54205623176579,-4.25547371233163,"3","#7EBA68"
"SCP_N49.LPB.CTACCCAAGCCTCGTG","SCP259","SCP259_N49",1.58326879051212,-4.96038875902352,"3","#7EBA68"
"SCP_N49.LPB.CTACGTCTCGTCACGG","SCP259","SCP259_N49",0.180117717950384,-5.74571667040048,"3","#7EBA68"
"SCP_N49.LPB.CTAGAGTCAGTTAACC","SCP259","SCP259_N49",0.896085827617685,-4.79931888902841,"3","#7EBA68"
"SCP_N49.LPB.CTAGCCTAGCCCAGCT","SCP259","SCP259_N49",0.208495145669918,-5.47624073351083,"3","#7EBA68"
"SCP_N49.LPB.CTCACACTCCGTAGGC","SCP259","SCP259_N49",1.59590795543675,-5.01762161577401,"3","#7EBA68"
"SCP_N49.LPB.CTCAGAATCATGCTCC","SCP259","SCP259_N49",-0.83661720249172,-5.99736938799081,"3","#7EBA68"
"SCP_N49.LPB.CTCATTAGTTATCGGT","SCP259","SCP259_N49",-1.01347515079494,-5.80189285600839,"3","#7EBA68"
"SCP_N49.LPB.CTCCTAGCAATACGCT","SCP259","SCP259_N49",0.728888898162882,-5.51043663347421,"3","#7EBA68"
"SCP_N49.LPB.CTCCTAGCACGGTAAG","SCP259","SCP259_N49",-0.173142761917074,-5.4942561181849,"3","#7EBA68"
"SCP_N49.LPB.CTCCTAGCAGTGGGAT","SCP259","SCP259_N49",1.08260133769993,-5.35301981294808,"3","#7EBA68"
"SCP_N49.LPB.CTCGGGACACCGAAAG","SCP259","SCP259_N49",-1.12368783447262,-6.07706795061288,"3","#7EBA68"
"SCP_N49.LPB.CTCGTACCAGATCTGT","SCP259","SCP259_N49",0.78616830614094,-5.69517288530526,"3","#7EBA68"
"SCP_N49.LPB.CTCTACGGTAAACACA","SCP259","SCP259_N49",1.29701593425755,-5.29355106676278,"3","#7EBA68"
"SCP_N49.LPB.CTCTGGTCAAGGACAC","SCP259","SCP259_N49",1.14061495569233,-4.36982593858895,"3","#7EBA68"
"SCP_N49.LPB.CTCTGGTGTAGAGTGC","SCP259","SCP259_N49",1.40729227569584,-4.279885867483,"3","#7EBA68"
"SCP_N49.LPB.CTGAAACGTTGGGACA","SCP259","SCP259_N49",-1.02172526809688,-6.4785557779139,"3","#7EBA68"
"SCP_N49.LPB.CTGAAACTCTACCTGC","SCP259","SCP259_N49",0.504167555837671,-5.04279146516976,"3","#7EBA68"
"SCP_N49.LPB.CTGATAGAGCGTCTAT","SCP259","SCP259_N49",-0.9387024352264,-6.3629199060267,"3","#7EBA68"
"SCP_N49.LPB.CTGATCCCATCCGCGA","SCP259","SCP259_N49",-0.446652204723318,-6.17511854494271,"3","#7EBA68"
"SCP_N49.LPB.CTGATCCGTGACAAAT","SCP259","SCP259_N49",0.444669692783396,-5.40152511919198,"3","#7EBA68"
"SCP_N49.LPB.CTGCGGATCCTGTAGA","SCP259","SCP259_N49",0.691248713998835,-4.93051967943368,"3","#7EBA68"
"SCP_N49.LPB.CTGCGGATCGAGCCCA","SCP259","SCP259_N49",-1.05194160434719,-5.74659071291146,"3","#7EBA68"
"SCP_N49.LPB.CTGTGCTTCACGACTA","SCP259","SCP259_N49",1.33439186122898,-5.16956482256112,"3","#7EBA68"
"SCP_N49.LPB.CTGTGCTTCGGCATCG","SCP259","SCP259_N49",1.61318376567845,-4.55059156740365,"3","#7EBA68"
"SCP_N49.LPB.CTGTTTAAGTATTGGA","SCP259","SCP259_N49",0.801623015670817,-5.43902597749887,"3","#7EBA68"
"SCP_N49.LPB.CTTACCGGTAAGCACG","SCP259","SCP259_N49",-4.8136567780685,-2.2376049550837,"5","#00BFC8"
"SCP_N49.LPB.CTTCTCTGTCTACCTC","SCP259","SCP259_N49",-0.214516372413595,-5.7348304780787,"3","#7EBA68"
"SCP_N49.LPB.CTTGGCTTCGCCTGTT","SCP259","SCP259_N49",-0.135833264322241,-5.69032869661508,"3","#7EBA68"
"SCP_N49.LPB.GAAACTCAGATCACGG","SCP259","SCP259_N49",-1.57519432994839,-6.88611612642465,"3","#7EBA68"
"SCP_N49.LPB.GAAACTCAGTTACCCA","SCP259","SCP259_N49",0.537284969358484,-4.85378370607553,"3","#7EBA68"
"SCP_N49.LPB.GAAACTCCAGCTGGCT","SCP259","SCP259_N49",-0.0346779236507014,-5.72827921236215,"3","#7EBA68"
"SCP_N49.LPB.GAAATGAAGGACGAAA","SCP259","SCP259_N49",-1.41919359657284,-6.46738968218026,"3","#7EBA68"
"SCP_N49.LPB.GAACGGAGTCGCCATG","SCP259","SCP259_N49",1.60669794586186,-5.09355697954354,"1","#DC9E70"
"SCP_N49.LPB.GAAGCAGGTTCACCTC","SCP259","SCP259_N49",1.05787101295475,-4.76782045686898,"3","#7EBA68"
"SCP_N49.LPB.GAATGAAAGTTAGGTA","SCP259","SCP259_N49",0.917325465946238,-4.81029758775888,"3","#7EBA68"
"SCP_N49.LPB.GAATGAACAGCGTAAG","SCP259","SCP259_N49",0.300677991478483,-5.1476026567286,"3","#7EBA68"
"SCP_N49.LPB.GAATGAAGTGATGATA","SCP259","SCP259_N49",0.949343292980234,-5.35051975572763,"3","#7EBA68"
"SCP_N49.LPB.GACAGAGAGGGTGTGT","SCP259","SCP259_N49",-0.836821408004721,-6.53521404588876,"3","#7EBA68"
"SCP_N49.LPB.GACAGAGGTGTCGCTG","SCP259","SCP259_N49",-4.77733084651943,-2.66582546556649,"5","#00BFC8"
"SCP_N49.LPB.GACCTGGGTTCGGGCT","SCP259","SCP259_N49",-0.818510861129721,-6.42099247301278,"3","#7EBA68"
"SCP_N49.LPB.GACCTGGGTTGGTTTG","SCP259","SCP259_N49",-0.810925097198446,-6.45946703279672,"3","#7EBA68"
"SCP_N49.LPB.GACCTGGTCCCTTGCA","SCP259","SCP259_N49",-0.117238969535787,-5.52367649400888,"3","#7EBA68"
"SCP_N49.LPB.GACGCGTAGAGTAATC","SCP259","SCP259_N49",0.966820209293406,-5.24222288454232,"3","#7EBA68"
"SCP_N49.LPB.GACGCGTGTGTTCGAT","SCP259","SCP259_N49",0.495370506315271,-4.78436432207284,"3","#7EBA68"
"SCP_N49.LPB.GACGTTATCTCTGTCG","SCP259","SCP259_N49",-0.404624433250387,-5.5730405839747,"3","#7EBA68"
"SCP_N49.LPB.GACTAACGTCGGATCC","SCP259","SCP259_N49",1.0115984370995,-4.0949436219996,"3","#7EBA68"
"SCP_N49.LPB.GACTGCGAGATCACGG","SCP259","SCP259_N49",-1.29377862903591,-6.58669481599984,"3","#7EBA68"
"SCP_N49.LPB.GACTGCGAGATCCCGC","SCP259","SCP259_N49",2.05738285091404,-3.49632845247445,"3","#7EBA68"
"SCP_N49.LPB.GACTGCGCACGAAAGC","SCP259","SCP259_N49",-1.31598171684261,-6.21793375337777,"3","#7EBA68"
"SCP_N49.LPB.GACTGCGCATCTCCCA","SCP259","SCP259_N49",1.4828291228104,-4.02355251634774,"3","#7EBA68"
"SCP_N49.LPB.GAGCAGATCGCACTCT","SCP259","SCP259_N49",1.35608783271794,-4.16301784837899,"3","#7EBA68"
"SCP_N49.LPB.GAGGTGATCGGCTACG","SCP259","SCP259_N49",0.777151196270029,-5.36165867174325,"3","#7EBA68"
"SCP_N49.LPB.GATCAGTGTGTATGGG","SCP259","SCP259_N49",0.268583259551565,-5.15271196687875,"3","#7EBA68"
"SCP_N49.LPB.GATCGATAGAGAGCTC","SCP259","SCP259_N49",-1.19433841201778,-6.54616556490121,"3","#7EBA68"
"SCP_N49.LPB.GATCGATGTTGAGTTC","SCP259","SCP259_N49",-0.621842057437857,-6.01454744661508,"3","#7EBA68"
"SCP_N49.LPB.GATCGCGTCTTTAGGG","SCP259","SCP259_N49",1.48637238052372,-4.20713959062753,"3","#7EBA68"
"SCP_N49.LPB.GATCTAGCATTACCTT","SCP259","SCP259_N49",0.806698351173441,-4.9406877549952,"3","#7EBA68"
"SCP_N49.LPB.GATCTAGGTGTCAATC","SCP259","SCP259_N49",-4.93195864650722,-2.23151383722482,"5","#00BFC8"
"SCP_N49.LPB.GCAAACTTCAGTCCCT","SCP259","SCP259_N49",1.31927457359318,-4.21681175554452,"3","#7EBA68"
"SCP_N49.LPB.GCAATCATCGGCGCTA","SCP259","SCP259_N49",-0.686952562065084,-6.38438949907479,"3","#7EBA68"
"SCP_N49.LPB.GCATACATCCTTAATC","SCP259","SCP259_N49",0.0644167652416631,-5.01449976289926,"3","#7EBA68"
"SCP_N49.LPB.GCCAAATCAATGACCT","SCP259","SCP259_N49",0.976915269165079,-5.52985821092782,"3","#7EBA68"
"SCP_N49.LPB.GCCTCTACAAACCCAT","SCP259","SCP259_N49",1.19351407793049,-4.38392744386849,"3","#7EBA68"
"SCP_N49.LPB.GCGAGAACAATGGTCT","SCP259","SCP259_N49",1.39955285099034,-4.16858873689828,"3","#7EBA68"
"SCP_N49.LPB.GCGCAACAGAGGACGG","SCP259","SCP259_N49",-0.814440936775167,-5.70743522966561,"3","#7EBA68"
"SCP_N49.LPB.GCGCAACCAGAGCCAA","SCP259","SCP259_N49",1.12709477451328,-5.49534044588265,"3","#7EBA68"
"SCP_N49.LPB.GCGGGTTAGTGTTAGA","SCP259","SCP259_N49",0.539470105438273,-5.10326395357308,"3","#7EBA68"
"SCP_N49.LPB.GCTGCAGAGCGCTTAT","SCP259","SCP259_N49",0.197522458626668,-5.40408525789437,"3","#7EBA68"
"SCP_N49.LPB.GCTGCGAGTCCAAGTT","SCP259","SCP259_N49",-0.465260297985037,-5.24883137071786,"1","#DC9E70"
"SCP_N49.LPB.GCTGCTTAGGCCGAAT","SCP259","SCP259_N49",1.09881213214878,-5.1293240579432,"3","#7EBA68"
"SCP_N49.LPB.GCTGCTTCACAGGCCT","SCP259","SCP259_N49",-0.0157653847646312,-5.61632976854501,"3","#7EBA68"
"SCP_N49.LPB.GCTGGGTCATCGGTTA","SCP259","SCP259_N49",0.56794565823559,-5.02223310793099,"3","#7EBA68"
"SCP_N49.LPB.GCTGGGTGTGTTGGGA","SCP259","SCP259_N49",1.42959907558445,-4.21668825472055,"3","#7EBA68"
"SCP_N49.LPB.GCTTGAAAGATCACGG","SCP259","SCP259_N49",-0.241297037334402,-5.96090708101449,"3","#7EBA68"
"SCP_N49.LPB.GCTTGAAAGCCTTGAT","SCP259","SCP259_N49",0.653761892585795,-5.11158953035531,"3","#7EBA68"
"SCP_N49.LPB.GGAACTTAGCCATCGC","SCP259","SCP259_N49",-0.398101598949392,-5.68052873933969,"3","#7EBA68"
"SCP_N49.LPB.GGAACTTCATCCGGGT","SCP259","SCP259_N49",1.23257794883732,-4.97807178819833,"3","#7EBA68"
"SCP_N49.LPB.GGAACTTGTCTTTCAT","SCP259","SCP259_N49",1.26814427879337,-4.32946405733285,"3","#7EBA68"
"SCP_N49.LPB.GGAATAATCATCATTC","SCP259","SCP259_N49",-0.2546563455772,-5.92956266725717,"3","#7EBA68"
"SCP_N49.LPB.GGACAGACAGTTAACC","SCP259","SCP259_N49",0.332931510179083,-5.194924929983,"3","#7EBA68"
"SCP_N49.LPB.GGACAGATCGCATGGC","SCP259","SCP259_N49",-0.37506285402294,-5.74586782777963,"3","#7EBA68"
"SCP_N49.LPB.GGACAGATCTTGCCGT","SCP259","SCP259_N49",0.622971176176111,-5.48485908830819,"3","#7EBA68"
"SCP_N49.LPB.GGACGTCTCTATCCCG","SCP259","SCP259_N49",1.79603341129307,-3.61984787309823,"3","#7EBA68"
"SCP_N49.LPB.GGATGTTCAAGCGAGT","SCP259","SCP259_N49",1.41256418731693,-4.08598194444833,"3","#7EBA68"
"SCP_N49.LPB.GGATGTTCACAAGCCC","SCP259","SCP259_N49",-0.588313610286673,-5.64851293886361,"3","#7EBA68"
"SCP_N49.LPB.GGATTACCACCGATAT","SCP259","SCP259_N49",1.33112278488163,-4.90115366304574,"3","#7EBA68"
"SCP_N49.LPB.GGCAATTAGGCACATG","SCP259","SCP259_N49",-0.0739533314418391,-5.54343519533334,"3","#7EBA68"
"SCP_N49.LPB.GGCTGGTTCGGTTAAC","SCP259","SCP259_N49",1.3937155297089,-5.18238983476815,"3","#7EBA68"
"SCP_N49.LPB.GGGAATGGTTTGTTTC","SCP259","SCP259_N49",-0.201001913280447,-5.81287966097055,"3","#7EBA68"
"SCP_N49.LPB.GGGACCTGTTTCCACC","SCP259","SCP259_N49",-0.660227091045339,-6.06286201799569,"3","#7EBA68"
"SCP_N49.LPB.GGGACCTTCTTATCTG","SCP259","SCP259_N49",2.17280927207951,-3.57849226320443,"3","#7EBA68"
"SCP_N49.LPB.GGGAGATCATGGGACA","SCP259","SCP259_N49",0.835091679363291,-4.71941147173104,"3","#7EBA68"
"SCP_N49.LPB.GGGATGAAGATTACCC","SCP259","SCP259_N49",1.4462890913773,-4.44890604341683,"3","#7EBA68"
"SCP_N49.LPB.GGGATGAGTCGGCTCA","SCP259","SCP259_N49",-0.106707782478292,-5.54882488573251,"3","#7EBA68"
"SCP_N49.LPB.GGGCACTAGCTATGCT","SCP259","SCP259_N49",0.185837271629612,-5.27802429521737,"3","#7EBA68"
"SCP_N49.LPB.GGGCACTCAGGATTGG","SCP259","SCP259_N49",-0.940667838783224,-5.7074924501246,"3","#7EBA68"
"SCP_N49.LPB.GGGCATCCACGCATCG","SCP259","SCP259_N49",1.37840941455845,-4.87608156526742,"3","#7EBA68"
"SCP_N49.LPB.GGGCATCGTTCATGGT","SCP259","SCP259_N49",0.447194679646532,-5.3291851075953,"3","#7EBA68"
"SCP_N49.LPB.GGGCATCTCCTGTAGA","SCP259","SCP259_N49",-0.889650435180624,-6.24580059374032,"3","#7EBA68"
"SCP_N49.LPB.GGGTCTGTCACTTACT","SCP259","SCP259_N49",1.74646821525578,-4.92213068330941,"3","#7EBA68"
"SCP_N49.LPB.GGGTTGCCAATCGAAA","SCP259","SCP259_N49",1.47489359882359,-4.48717890108285,"3","#7EBA68"
"SCP_N49.LPB.GGTATTGCATCTCCCA","SCP259","SCP259_N49",-0.585460037918051,-5.93455181444345,"3","#7EBA68"
"SCP_N49.LPB.GGTGTTACAGCAGTTT","SCP259","SCP259_N49",-0.418925196857412,-6.12342796648202,"3","#7EBA68"
"SCP_N49.LPB.GGTGTTATCTAACTTC","SCP259","SCP259_N49",0.515257476835291,-5.55435381258187,"3","#7EBA68"
"SCP_N49.LPB.GTAGGCCTCTTCGGTC","SCP259","SCP259_N49",-1.47429725620266,-6.41426906908212,"3","#7EBA68"
"SCP_N49.LPB.GTATCTTTCTTCGGTC","SCP259","SCP259_N49",1.29333451297764,-4.35185633028207,"3","#7EBA68"
"SCP_N49.LPB.GTATTCTCACAACGCC","SCP259","SCP259_N49",2.18053999450688,-3.53411636675057,"3","#7EBA68"
"SCP_N49.LPB.GTATTCTCAGGTCTCG","SCP259","SCP259_N49",0.843973188667338,-4.69349298799691,"3","#7EBA68"
"SCP_N49.LPB.GTATTCTGTGAAATCA","SCP259","SCP259_N49",-1.14725384208675,-6.05119142854867,"3","#7EBA68"
"SCP_N49.LPB.GTCACGGAGTGTTTGC","SCP259","SCP259_N49",1.36834481266026,-5.1946431192225,"3","#7EBA68"
"SCP_N49.LPB.GTCACGGCACGTAAGG","SCP259","SCP259_N49",2.12108495738987,-3.51011572206674,"3","#7EBA68"
"SCP_N49.LPB.GTCACGGTCCTTTCTC","SCP259","SCP259_N49",-0.268129230470617,-6.18907604540048,"3","#7EBA68"
"SCP_N49.LPB.GTCGGGTGTCTAGAGG","SCP259","SCP259_N49",-2.7484085271072,-4.033068755514,"4","#1DC199"
"SCP_N49.LPB.GTCGTAAAGAACAACT","SCP259","SCP259_N49",-0.811261744232138,-6.61066637361703,"3","#7EBA68"
"SCP_N49.LPB.GTCGTAAAGTGATCGG","SCP259","SCP259_N49",1.74979212787632,-3.85252294862924,"1","#DC9E70"
"SCP_N49.LPB.GTCGTAACACCTATCC","SCP259","SCP259_N49",-1.2007896611404,-6.82810888612924,"3","#7EBA68"
"SCP_N49.LPB.GTCTCGTGTGGGTCAA","SCP259","SCP259_N49",-1.03439340087887,-5.90419159258065,"3","#7EBA68"
"SCP_N49.LPB.GTCTTCGCATATGCTG","SCP259","SCP259_N49",0.99290761259083,-4.90259895647225,"3","#7EBA68"
"SCP_N49.LPB.GTGAAGGTCAATCACG","SCP259","SCP259_N49",-0.557803542346914,-6.03873405779061,"3","#7EBA68"
"SCP_N49.LPB.GTGCTTCTCTCGAGTA","SCP259","SCP259_N49",-0.0962409088325099,-5.72290716493783,"3","#7EBA68"
"SCP_N49.LPB.GTTAAGCGTAGCGTCC","SCP259","SCP259_N49",-1.03862807247158,-5.93991098726449,"3","#7EBA68"
"SCP_N49.LPB.GTTAAGCTCGCCGTGA","SCP259","SCP259_N49",-0.315792710514028,-5.56007681215463,"3","#7EBA68"
"SCP_N49.LPB.GTTCATTAGCGATAGC","SCP259","SCP259_N49",-0.517486006946524,-6.16322384203134,"3","#7EBA68"
"SCP_N49.LPB.GTTCGGGAGCTTATCG","SCP259","SCP259_N49",0.211152958689968,-5.24393282259164,"3","#7EBA68"
"SCP_N49.LPB.GTTTCTACAGATGGGT","SCP259","SCP259_N49",-1.02950558158871,-5.42060528124032,"3","#7EBA68"
"SCP_N49.LPB.TAAGAGACAGTCTTCC","SCP259","SCP259_N49",-0.595371515483816,-5.82097683275399,"3","#7EBA68"
"SCP_N49.LPB.TACCTATCATATACGC","SCP259","SCP259_N49",1.19363132026676,-4.11807260835824,"3","#7EBA68"
"SCP_N49.LPB.TACCTTATCCTCAACC","SCP259","SCP259_N49",0.555812715559046,-4.75343809450326,"3","#7EBA68"
"SCP_N49.LPB.TACGGATAGCGTGAGT","SCP259","SCP259_N49",-0.642937094898184,-6.51438389146981,"3","#7EBA68"
"SCP_N49.LPB.TACGGGCGTAGATTAG","SCP259","SCP259_N49",1.32560935523991,-5.27506218279061,"3","#7EBA68"
"SCP_N49.LPB.TACGGGCTCGGTCCGA","SCP259","SCP259_N49",-1.22988173458095,-6.26111135805307,"3","#7EBA68"
"SCP_N49.LPB.TACGGTAAGCTGTTCA","SCP259","SCP259_N49",-1.08629188034054,-6.88808641756234,"3","#7EBA68"
"SCP_N49.LPB.TACGGTAGTCGCGGTT","SCP259","SCP259_N49",0.382594331173937,-5.30990276659188,"3","#7EBA68"
"SCP_N49.LPB.TACTCATGTGATGTCT","SCP259","SCP259_N49",-0.623664767475088,-6.55444059694467,"3","#7EBA68"
"SCP_N49.LPB.TACTCATTCGATAGAA","SCP259","SCP259_N49",-0.311129421920736,-6.27449140871224,"3","#7EBA68"
"SCP_N49.LPB.TACTCGCCAATGCCAT","SCP259","SCP259_N49",-0.000873670906980428,-6.06949053133187,"3","#7EBA68"
"SCP_N49.LPB.TACTCGCGTCCGTCAG","SCP259","SCP259_N49",-0.76193538400646,-6.59476290071664,"3","#7EBA68"
"SCP_N49.LPB.TACTTACAGATGTAAC","SCP259","SCP259_N49",-0.780755133361776,-6.4724842103785,"3","#7EBA68"
"SCP_N49.LPB.TACTTGTAGGACACCA","SCP259","SCP259_N49",-6.6957277962875,-2.16430864656625,"5","#00BFC8"
"SCP_N49.LPB.TAGAGCTCAGTGAGTG","SCP259","SCP259_N49",-1.26275953742977,-5.97932396257577,"3","#7EBA68"
"SCP_N49.LPB.TAGAGCTGTACCATCA","SCP259","SCP259_N49",-4.26156756374355,-2.4430447610682,"5","#00BFC8"
"SCP_N49.LPB.TATGCCCAGGCCCGTT","SCP259","SCP259_N49",0.534746198921244,-5.32070455873666,"3","#7EBA68"
"SCP_N49.LPB.TCAACGAGTTCGTCTC","SCP259","SCP259_N49",-1.13353595230099,-7.13060770357308,"3","#7EBA68"
"SCP_N49.LPB.TCAACGATCACCTTAT","SCP259","SCP259_N49",-0.817922801704367,-6.34563932741342,"3","#7EBA68"
"SCP_N49.LPB.TCAACGATCAGGCAAG","SCP259","SCP259_N49",-1.23929879161831,-6.89769468630014,"3","#7EBA68"
"SCP_N49.LPB.TCACGAAGTCGGCACT","SCP259","SCP259_N49",0.58425938990597,-4.64401970232186,"3","#7EBA68"
"SCP_N49.LPB.TCAGATGAGTACGCGA","SCP259","SCP259_N49",-0.760965318412741,-6.42201814974008,"3","#7EBA68"
"SCP_N49.LPB.TCAGCAATCACAACGT","SCP259","SCP259_N49",0.565912692813913,-4.83034477556405,"3","#7EBA68"
"SCP_N49.LPB.TCAGCTCCAAGCTGTT","SCP259","SCP259_N49",-0.817796439857443,-5.59051094377694,"3","#7EBA68"
"SCP_N49.LPB.TCAGGATAGTGTACCT","SCP259","SCP259_N49",1.15646377113346,-4.4348603280848,"3","#7EBA68"
"SCP_N49.LPB.TCAGGTATCACATAGC","SCP259","SCP259_N49",0.669925867586176,-4.81823835695443,"3","#7EBA68"
"SCP_N49.LPB.TCATTACTCCTGTACC","SCP259","SCP259_N49",0.454152747063677,-5.04723797167001,"3","#7EBA68"
"SCP_N49.LPB.TCATTTGTCCAGTATG","SCP259","SCP259_N49",-0.582434863777121,-6.35831032121835,"3","#7EBA68"
"SCP_N49.LPB.TCCACACAGCTTATCG","SCP259","SCP259_N49",-0.742254764766653,-5.68343077028451,"3","#7EBA68"
"SCP_N49.LPB.TCCCGATCAGGACCCT","SCP259","SCP259_N49",1.44548109081272,-4.65015850389657,"3","#7EBA68"
"SCP_N49.LPB.TCGAGGCAGACTAAGT","SCP259","SCP259_N49",-0.601454050273855,-5.64798651064096,"3","#7EBA68"
"SCP_N49.LPB.TCGCGTTCAGATGAGC","SCP259","SCP259_N49",0.185488860129158,-5.40419349992929,"3","#7EBA68"
"SCP_N49.LPB.TCGGTAAAGATATGCA","SCP259","SCP259_N49",1.31462004688267,-4.64292154634652,"3","#7EBA68"
"SCP_N49.LPB.TCTATTGGTGTTGAGG","SCP259","SCP259_N49",-0.224052132101019,-5.99337921465097,"3","#7EBA68"
"SCP_N49.LPB.TCTCATATCGAACTGT","SCP259","SCP259_N49",1.14412698057179,-4.89254246080575,"3","#7EBA68"
"SCP_N49.LPB.TCTCTAAAGCTCCTCT","SCP259","SCP259_N49",-0.972542733879049,-5.84490070665536,"3","#7EBA68"
"SCP_N49.LPB.TCTCTAACATGCCACG","SCP259","SCP259_N49",0.758214979438822,-5.01484594667611,"3","#7EBA68"
"SCP_N49.LPB.TCTGAGAAGCTAGTCT","SCP259","SCP259_N49",-0.702028722495993,-6.35204897249398,"3","#7EBA68"
"SCP_N49.LPB.TCTGGAATCCATGAGT","SCP259","SCP259_N49",-1.15206906291958,-6.83607588136849,"3","#7EBA68"
"SCP_N49.LPB.TCTTCGGCACGAGGTA","SCP259","SCP259_N49",0.969898669986765,-4.9242459329432,"3","#7EBA68"
"SCP_N49.LPB.TCTTTCCCAAGACGTG","SCP259","SCP259_N49",1.59754088428501,-5.31386003816781,"3","#7EBA68"
"SCP_N49.LPB.TGACGGCGTTCGCGAC","SCP259","SCP259_N49",-1.28346464130398,-6.38477335298715,"3","#7EBA68"
"SCP_N49.LPB.TGACGGCTCCAGAAGG","SCP259","SCP259_N49",-0.370918662280996,-5.57277498567758,"3","#7EBA68"
"SCP_N49.LPB.TGACTAGTCGCTGATA","SCP259","SCP259_N49",1.36165705230717,-4.81614456499276,"3","#7EBA68"
"SCP_N49.LPB.TGACTTTCAAGGCTCC","SCP259","SCP259_N49",0.844987540512125,-5.5831233056849,"3","#7EBA68"
"SCP_N49.LPB.TGACTTTCACACGCTG","SCP259","SCP259_N49",-0.711866230697592,-6.34811029756723,"3","#7EBA68"
"SCP_N49.LPB.TGACTTTGTGCATCTA","SCP259","SCP259_N49",1.53539255168919,-4.01286993349252,"3","#7EBA68"
"SCP_N49.LPB.TGAGCATAGGTGATAT","SCP259","SCP259_N49",1.65798416641239,-5.11966762865243,"3","#7EBA68"
"SCP_N49.LPB.TGAGCCGTCACAACGT","SCP259","SCP259_N49",-0.646337599487265,-6.15500889146981,"3","#7EBA68"
"SCP_N49.LPB.TGAGGGAGTACGCACC","SCP259","SCP259_N49",1.81810882595066,-3.6333786042994,"1","#DC9E70"
"SCP_N49.LPB.TGATTTCCATCCGGGT","SCP259","SCP259_N49",1.44558599498753,-4.16350565279183,"3","#7EBA68"
"SCP_N49.LPB.TGCACCTAGGGTCTCC","SCP259","SCP259_N49",0.182588058530132,-4.88942537630258,"3","#7EBA68"
"SCP_N49.LPB.TGCACCTGTGCACTTA","SCP259","SCP259_N49",0.653317927389185,-5.13641701067147,"3","#7EBA68"
"SCP_N49.LPB.TGCCAAATCGGAGGTA","SCP259","SCP259_N49",-0.849691362113912,-6.56561622942147,"3","#7EBA68"
"SCP_N49.LPB.TGCTACCAGAGAACAG","SCP259","SCP259_N49",1.3334949305344,-4.61263141954598,"3","#7EBA68"
"SCP_N49.LPB.TGGACGCTCAAGATCC","SCP259","SCP259_N49",1.46367612388615,-5.05242929781137,"3","#7EBA68"
"SCP_N49.LPB.TGGCCAGAGTGGTAAT","SCP259","SCP259_N49",0.112004331319372,-5.53314886415658,"3","#7EBA68"
"SCP_N49.LPB.TGGCCAGGTAGCGTGA","SCP259","SCP259_N49",0.887015133171122,-5.22596702898202,"3","#7EBA68"
"SCP_N49.LPB.TGGCGCAGTAAGTGTA","SCP259","SCP259_N49",0.329556605784933,-5.52217588747201,"3","#7EBA68"
"SCP_N49.LPB.TGGCGCATCGTTTAGG","SCP259","SCP259_N49",-1.39061293098446,-6.80179415071664,"3","#7EBA68"
"SCP_N49.LPB.TGGCTGGGTCGAAAGC","SCP259","SCP259_N49",1.07045635488514,-4.53136263216195,"3","#7EBA68"
"SCP_N49.LPB.TGGCTGGTCACCTCGT","SCP259","SCP259_N49",1.4631405165482,-5.01596794450936,"3","#7EBA68"
"SCP_N49.LPB.TGGGCGTGTGCTCTTC","SCP259","SCP259_N49",0.500309168367426,-5.05653295839486,"3","#7EBA68"
"SCP_N49.LPB.TGGTTAGTCCAAACAC","SCP259","SCP259_N49",1.50407341030125,-5.15402613008676,"3","#7EBA68"
"SCP_N49.LPB.TGTCCCATCCCTAATT","SCP259","SCP259_N49",1.64277842548374,-5.03348074281869,"3","#7EBA68"
"SCP_N49.LPB.TGTGTTTGTAGAAGGA","SCP259","SCP259_N49",0.493946819572489,-5.28381643617807,"3","#7EBA68"
"SCP_N49.LPB.TGTTCCGTCTTTACAC","SCP259","SCP259_N49",0.209867070435326,-4.75986347521005,"3","#7EBA68"
"SCP_N49.LPB.TTAACTCTCAAGATCC","SCP259","SCP259_N49",0.0711523136187001,-5.63954124773202,"3","#7EBA68"
"SCP_N49.LPB.TTAGGACAGCGCCTCA","SCP259","SCP259_N49",1.41512492206577,-5.14914093340097,"3","#7EBA68"
"SCP_N49.LPB.TTAGGACCATCGTCGG","SCP259","SCP259_N49",-0.851044864387472,-5.49115000093637,"3","#7EBA68"
"SCP_N49.LPB.TTAGGACTCATGCATG","SCP259","SCP259_N49",-0.959845871658285,-5.53948126161752,"3","#7EBA68"
"SCP_N49.LPB.TTAGGCAAGCTAGCCC","SCP259","SCP259_N49",0.751031725673716,-4.92380295122323,"3","#7EBA68"
"SCP_N49.LPB.TTAGGCACATGGTCTA","SCP259","SCP259_N49",-0.293084056110342,-5.89388571108041,"3","#7EBA68"
"SCP_N49.LPB.TTAGGCATCCGAGCCA","SCP259","SCP259_N49",-1.21158477756496,-6.07793722475228,"3","#7EBA68"
"SCP_N49.LPB.TTAGTTCAGACGCAAC","SCP259","SCP259_N49",1.31971326377873,-5.14099321687875,"3","#7EBA68"
"SCP_N49.LPB.TTAGTTCGTCCAACTA","SCP259","SCP259_N49",0.159834629862349,-5.49944267595468,"3","#7EBA68"
"SCP_N49.LPB.TTATGCTTCTACTATC","SCP259","SCP259_N49",-1.19091996643062,-6.00904093111215,"3","#7EBA68"
"SCP_N49.LPB.TTCCCAGGTAATTGGA","SCP259","SCP259_N49",-1.0324821183395,-6.74492750490365,"3","#7EBA68"
"SCP_N49.LPB.TTCGAAGAGGATTCGG","SCP259","SCP259_N49",0.982326953678171,-5.17103681886849,"3","#7EBA68"
"SCP_N49.LPB.TTCGGTCTCAACACCA","SCP259","SCP259_N49",-1.12393722030636,-7.0499840768641,"3","#7EBA68"
"SCP_N49.LPB.TTCTACAGTCCAAGTT","SCP259","SCP259_N49",-0.220936388702352,-5.87377701128182,"3","#7EBA68"
"SCP_N49.LPB.TTCTTAGGTGAGTGAC","SCP259","SCP259_N49",0.470208837657015,-5.08196554506478,"3","#7EBA68"
"SCP_N49.LPB.TTGAACGCAGACACTT","SCP259","SCP259_N49",-0.791569800109823,-5.94585523927865,"3","#7EBA68"
"SCP_N49.LPB.TTGAACGGTTGTCTTT","SCP259","SCP259_N49",-0.00128400418277541,-5.22664366090951,"3","#7EBA68"
"SCP_N49.LPB.TTGCGTCAGAGCTTCT","SCP259","SCP259_N49",1.26127031353001,-3.99214611375985,"3","#7EBA68"
"SCP_N49.LPB.TTGCGTCAGCTTCGCG","SCP259","SCP259_N49",-0.400066525669058,-6.12309608781991,"3","#7EBA68"
"SCP_N49.LPB.TTGGAACGTCTGATTG","SCP259","SCP259_N49",-0.177710206241568,-6.23555813158212,"3","#7EBA68"
"SCP_N49.LPB.TTGGCAAAGTGGCACA","SCP259","SCP259_N49",-0.0440142461967067,-5.72708473528085,"3","#7EBA68"
"SCP_N49.LPB.TTGGCAACAGTCGATT","SCP259","SCP259_N49",1.60180476215367,-4.08626852358041,"3","#7EBA68"
"SCP_N49.LPB.TTGTAGGAGCCAGGAT","SCP259","SCP259_N49",1.33849766757969,-5.20359859789071,"3","#7EBA68"
"SCP_N49.LPB.TTTATGCTCTTACCTA","SCP259","SCP259_N49",-0.144964755506475,-5.00368414247689,"1","#DC9E70"
"SCP_N49.LPB.TTTGGTTGTCAGCTAT","SCP259","SCP259_N49",-0.748788029880484,-5.61131868684945,"3","#7EBA68"
"SCP_N49.LPB.TTTGTCAAGCCGCCTA","SCP259","SCP259_N49",-1.20821079704281,-6.13642177904306,"3","#7EBA68"
"SCP_N50.EpiA.ACAGCCGTCAACACCA","SCP259","SCP259_N50",-1.00661251041408,-0.169348219282008,"6","#6FB1E7"
"SCP_N50.EpiA.ACATCAGAGGACAGAA","SCP259","SCP259_N50",-0.564874441356619,-0.147495129949427,"1","#DC9E70"
"SCP_N50.EpiA.AGCGGTCTCCAAGTAC","SCP259","SCP259_N50",-3.16604349109646,1.14213447844329,"6","#6FB1E7"
"SCP_N50.EpiA.ATCCACCAGTATGACA","SCP259","SCP259_N50",-0.195019365282019,0.0599274841481678,"1","#DC9E70"
"SCP_N50.EpiA.ATCCGAACAAGAGTCG","SCP259","SCP259_N50",-0.186560005874594,0.361308237665319,"1","#DC9E70"
"SCP_N50.EpiA.CAAGTTGAGTGTTTGC","SCP259","SCP259_N50",-3.10885378810879,1.0205189195806,"6","#6FB1E7"
"SCP_N50.EpiA.CAGCTAATCAGGCCCA","SCP259","SCP259_N50",0.643651186494867,-0.116528848058558,"1","#DC9E70"
"SCP_N50.EpiA.CCATTCGCAGCCTATA","SCP259","SCP259_N50",-0.688724488944967,0.815038165205144,"1","#DC9E70"
"SCP_N50.EpiA.CCTACACCAATGGTCT","SCP259","SCP259_N50",0.528585492639582,-0.0567838939493663,"1","#DC9E70"
"SCP_N50.EpiA.CGCTGGAGTAAGGGCT","SCP259","SCP259_N50",-0.15182396862026,0.0592922178441517,"1","#DC9E70"
"SCP_N50.EpiA.CGCTTCAGTTCAGTAC","SCP259","SCP259_N50",0.441852717666666,0.884417852514409,"1","#DC9E70"
"SCP_N50.EpiA.CGGGTCATCCCACTTG","SCP259","SCP259_N50",0.278971976606886,0.917704155796193,"1","#DC9E70"
"SCP_N50.EpiA.CGTGTCTAGTGACTCT","SCP259","SCP259_N50",0.056863619952242,0.830169757955693,"1","#DC9E70"
"SCP_N50.EpiA.CTGCCTAGTTCGTGAT","SCP259","SCP259_N50",-1.00781807395931,0.457824727647924,"1","#DC9E70"
"SCP_N50.EpiA.GAACGGACATCTCCCA","SCP259","SCP259_N50",0.511220573453943,0.112130781763219,"1","#DC9E70"
"SCP_N50.EpiA.GACGCGTCAAGTCTAC","SCP259","SCP259_N50",-0.60456964466091,0.528398534410619,"1","#DC9E70"
"SCP_N50.EpiA.GACGTTAAGTGAACAT","SCP259","SCP259_N50",-2.09253427478786,0.526965042703771,"6","#6FB1E7"
"SCP_N50.EpiA.GATCAGTAGGAGTCTG","SCP259","SCP259_N50",-0.57540133687969,0.435175856702947,"1","#DC9E70"
"SCP_N50.EpiA.GGATGTTGTCAGAATA","SCP259","SCP259_N50",-0.970287174911459,0.584365924947881,"1","#DC9E70"
"SCP_N50.EpiA.GGATTACCAACACCTA","SCP259","SCP259_N50",-0.342707247467001,0.66041459714713,"1","#DC9E70"
"SCP_N50.EpiA.GGGAATGTCGCATGGC","SCP259","SCP259_N50",0.758272795944254,-0.341011980420924,"1","#DC9E70"
"SCP_N50.EpiA.GTCGTAACATCGACGC","SCP259","SCP259_N50",0.477153091697733,0.764765164011144,"1","#DC9E70"
"SCP_N50.EpiA.TCGGTAAAGGCTAGCA","SCP259","SCP259_N50",0.164770073263685,0.0853038040334217,"1","#DC9E70"
"SCP_N50.EpiA.TCGTAGAGTATGAAAC","SCP259","SCP259_N50",-1.45181915256496,0.247618815057897,"6","#6FB1E7"
"SCP_N50.EpiA.TCTATTGCACCGAAAG","SCP259","SCP259_N50",-1.4170070597839,0.442536553495549,"6","#6FB1E7"
"SCP_N50.EpiA.TCTCATAAGTAATCCC","SCP259","SCP259_N50",0.152532300918142,0.702066799753331,"1","#DC9E70"
"SCP_N50.EpiA.TGACTAGTCCTGCAGG","SCP259","SCP259_N50",-3.51851102802273,1.33852657502236,"6","#6FB1E7"
"SCP_N50.EpiA.TTCTCCTTCCAAACTG","SCP259","SCP259_N50",0.208450820303301,0.392930051439428,"1","#DC9E70"
"SCP_N50.EpiB.AAACGGGCACACAGAG","SCP259","SCP259_N50",-0.797626228065451,0.285032173746251,"1","#DC9E70"
"SCP_N50.EpiB.AAAGATGCAAGCTGAG","SCP259","SCP259_N50",-1.13792094680782,0.3830152956182,"1","#DC9E70"
"SCP_N50.EpiB.AACGTTGAGTCTCCTC","SCP259","SCP259_N50",-1.51704403850551,0.956070831173085,"2","#B7AE50"
"SCP_N50.EpiB.ACGATACAGCTGAAAT","SCP259","SCP259_N50",-0.978701204986532,0.307121655100011,"1","#DC9E70"
"SCP_N50.EpiB.ACGATACGTGGGTCAA","SCP259","SCP259_N50",-1.02292451354976,0.376967927568578,"1","#DC9E70"
"SCP_N50.EpiB.ACGATGTAGTGGTAAT","SCP259","SCP259_N50",-0.152457715005834,0.0524752346211903,"1","#DC9E70"
"SCP_N50.EpiB.AGACGTTCATCCCACT","SCP259","SCP259_N50",-0.449423999519308,0.263477346056127,"1","#DC9E70"
"SCP_N50.EpiB.AGAGCGATCTGCGACG","SCP259","SCP259_N50",-0.258757413358648,-0.651473382360316,"1","#DC9E70"
"SCP_N50.EpiB.AGATCTGTCGGAGCAA","SCP259","SCP259_N50",-0.34444955083843,0.142135402315282,"1","#DC9E70"
"SCP_N50.EpiB.AGCGTATCACCGTTGG","SCP259","SCP259_N50",-0.259405882091482,0.036351939790868,"1","#DC9E70"
"SCP_N50.EpiB.AGGGAGTAGCCAACAG","SCP259","SCP259_N50",0.287618323235552,-0.115230182058192,"1","#DC9E70"
"SCP_N50.EpiB.AGGGATGTCATCGATG","SCP259","SCP259_N50",-0.69885036441799,0.140543004625463,"1","#DC9E70"
"SCP_N50.EpiB.CACACCTTCCAAACAC","SCP259","SCP259_N50",-0.360730619163473,0.25816371118369,"1","#DC9E70"
"SCP_N50.EpiB.CATCAGAGTAGCACGA","SCP259","SCP259_N50",-0.325415820808371,0.993632933252477,"1","#DC9E70"
"SCP_N50.EpiB.CATCCACGTACCATCA","SCP259","SCP259_N50",-1.43925330135341,0.966802289837026,"2","#B7AE50"
"SCP_N50.EpiB.CATCGAACAATCTACG","SCP259","SCP259_N50",-0.501440973014791,-0.173375466710902,"1","#DC9E70"
"SCP_N50.EpiB.CCATTCGCAGGCGATA","SCP259","SCP259_N50",-0.570048124523123,0.951340427749776,"1","#DC9E70"
"SCP_N50.EpiB.CCGTGGACATCGATTG","SCP259","SCP259_N50",-1.45948502513881,1.05173756753745,"2","#B7AE50"
"SCP_N50.EpiB.CCTAAAGAGATATACG","SCP259","SCP259_N50",-1.69790896865841,1.13331299101653,"2","#B7AE50"
"SCP_N50.EpiB.CGAATGTAGTTCGCGC","SCP259","SCP259_N50",-1.27713808509823,0.189031740778112,"1","#DC9E70"
"SCP_N50.EpiB.CGAGAAGGTACCGGCT","SCP259","SCP259_N50",-0.604654819698294,0.105701586359166,"1","#DC9E70"
"SCP_N50.EpiB.CGATTGACATCTGGTA","SCP259","SCP259_N50",-1.84126994106289,0.133321186655187,"1","#DC9E70"
"SCP_N50.EpiB.CGTCTACAGACGCACA","SCP259","SCP259_N50",-0.864613265724142,0.128110906236791,"1","#DC9E70"
"SCP_N50.EpiB.CTAAGACTCTAACTCT","SCP259","SCP259_N50",-0.754827172489126,0.238155743234777,"1","#DC9E70"
"SCP_N50.EpiB.CTACGTCAGATCACGG","SCP259","SCP259_N50",-0.326315016479452,-0.080442527181483,"1","#DC9E70"
"SCP_N50.EpiB.CTGATAGAGTCTTGCA","SCP259","SCP259_N50",-1.57913228961941,1.12760092889609,"2","#B7AE50"
"SCP_N50.EpiB.CTGGTCTCATAAGACA","SCP259","SCP259_N50",-0.361362428398092,0.0900238958531849,"1","#DC9E70"
"SCP_N50.EpiB.CTGTTTAGTTGCGCAC","SCP259","SCP259_N50",-0.859989852638204,0.0630116668874257,"1","#DC9E70"
"SCP_N50.EpiB.GACCTGGAGTGTTGAA","SCP259","SCP259_N50",-0.1637339303207,-0.217147806531764,"1","#DC9E70"
"SCP_N50.EpiB.GCAGCCAAGTCCCACG","SCP259","SCP259_N50",-0.604419858188589,0.139675399416112,"1","#DC9E70"
"SCP_N50.EpiB.GCATGCGTCAGGCCCA","SCP259","SCP259_N50",-0.899632901878317,0.0594382492238514,"1","#DC9E70"
"SCP_N50.EpiB.GCATGTATCGGAAATA","SCP259","SCP259_N50",-1.34404298755642,1.00680481468978,"2","#B7AE50"
"SCP_N50.EpiB.GGACAGAAGCAGCCTC","SCP259","SCP259_N50",-0.775438697071035,-0.0404822620218761,"1","#DC9E70"
"SCP_N50.EpiB.GGGCACTGTTAAAGAC","SCP259","SCP259_N50",-0.0408013770293788,0.0380271879369252,"1","#DC9E70"
"SCP_N50.EpiB.GTCGGGTCACGGATAG","SCP259","SCP259_N50",-0.659220845432241,0.186827561014318,"1","#DC9E70"
"SCP_N50.EpiB.GTTCTCGCAGTCTTCC","SCP259","SCP259_N50",-0.510050625534017,0.182290813081884,"1","#DC9E70"
"SCP_N50.EpiB.TACCTATCATCACAAC","SCP259","SCP259_N50",-0.468216032714804,0.147919913881444,"1","#DC9E70"
"SCP_N50.EpiB.TACTCATTCAGCTCTC","SCP259","SCP259_N50",1.27729669120793,-2.15431294763742,"1","#DC9E70"
"SCP_N50.EpiB.TACTTGTAGCAGCCTC","SCP259","SCP259_N50",-7.09544083568569,0.684837183111333,"4","#1DC199"
"SCP_N50.EpiB.TAGGCATCAAGCGAGT","SCP259","SCP259_N50",-0.445215375156362,0.899123152845525,"1","#DC9E70"
"SCP_N50.EpiB.TAGGCATCAATGGAGC","SCP259","SCP259_N50",-0.899107904167135,0.669351538770818,"1","#DC9E70"
"SCP_N50.EpiB.TCAACGACATAAAGGT","SCP259","SCP259_N50",-1.51180455181118,1.05966024672332,"2","#B7AE50"
"SCP_N50.EpiB.TCAATCTTCACAATGC","SCP259","SCP259_N50",-0.322217912406881,0.366000076883458,"1","#DC9E70"
"SCP_N50.EpiB.TCAGATGTCTAACTCT","SCP259","SCP259_N50",-0.133992941112478,0.320106765382909,"1","#DC9E70"
"SCP_N50.EpiB.TCATTACAGTGTCCCG","SCP259","SCP259_N50",-0.489056677551229,0.471109112852239,"1","#DC9E70"
"SCP_N50.EpiB.TCTGGAACAGCTGTTA","SCP259","SCP259_N50",-0.57796493265148,0.328815361612462,"1","#DC9E70"
"SCP_N50.EpiB.TGACTTTCAAAGAATC","SCP259","SCP259_N50",1.11765280273442,-1.89887724245248,"1","#DC9E70"
"SCP_N50.EpiB.TGTATTCCAAGTAATG","SCP259","SCP259_N50",-0.687461585731466,-0.0022655519312389,"1","#DC9E70"
"SCP_N50.EpiB.TTCTACATCAACACCA","SCP259","SCP259_N50",-0.882653445930441,0.375538369768285,"1","#DC9E70"
"SCP_N50.EpiB.TTGCGTCCATTAGCCA","SCP259","SCP259_N50",0.278828374116461,-0.701135733968592,"1","#DC9E70"
"SCP_N50.EpiB.TTTACTGCACACGCTG","SCP259","SCP259_N50",-1.53726527187343,1.13808043872657,"2","#B7AE50"
"SCP_N50.EpiB.TTTCCTCGTATTCTCT","SCP259","SCP259_N50",-0.784146399230917,0.477803429716253,"1","#DC9E70"
"SCP_N50.EpiB.TTTGTCACAGGATTGG","SCP259","SCP259_N50",-0.751600713462789,-0.0266865285700328,"1","#DC9E70"
"SCP_N50.LPA.AAACGGGAGCCCTAAT","SCP259","SCP259_N50",2.22377303150181,-4.83155451143441,"3","#7EBA68"
"SCP_N50.LPA.AAACGGGGTACCATCA","SCP259","SCP259_N50",2.24351504352574,-3.96282968843637,"3","#7EBA68"
"SCP_N50.LPA.AACACGTAGCGTGAAC","SCP259","SCP259_N50",0.734425156383555,-6.6297598871058,"3","#7EBA68"
"SCP_N50.LPA.AACACGTTCGAGCCCA","SCP259","SCP259_N50",-0.162983120412786,-7.18257246339974,"3","#7EBA68"
"SCP_N50.LPA.AACCGCGAGTAGGCCA","SCP259","SCP259_N50",2.40540483501438,-3.68408546770272,"3","#7EBA68"
"SCP_N50.LPA.AACCGCGAGTCCGGTC","SCP259","SCP259_N50",2.12363746669773,-3.8531542810267,"3","#7EBA68"
"SCP_N50.LPA.AACTCAGCAGCTTAAC","SCP259","SCP259_N50",1.26711347606663,-6.29496584261117,"3","#7EBA68"
"SCP_N50.LPA.AACTCAGGTTGCGCAC","SCP259","SCP259_N50",1.5175952008057,-5.67933998430429,"3","#7EBA68"
"SCP_N50.LPA.AACTGGTTCGAGCCCA","SCP259","SCP259_N50",-0.722405285568197,-7.19529638612924,"3","#7EBA68"
"SCP_N50.LPA.AAGCCGCTCACGACTA","SCP259","SCP259_N50",-1.2490234086227,-7.40810213411508,"3","#7EBA68"
"SCP_N50.LPA.AAGGTTCGTACCGGCT","SCP259","SCP259_N50",0.747705369262735,-6.72893820131478,"3","#7EBA68"
"SCP_N50.LPA.AAGTCTGGTGCGATAG","SCP259","SCP259_N50",-0.467751235694845,-7.12222204530892,"3","#7EBA68"
"SCP_N50.LPA.AATCCAGAGCTCCCAG","SCP259","SCP259_N50",2.3328013708878,-3.67901144350228,"3","#7EBA68"
"SCP_N50.LPA.AATCCAGAGTGTCCAT","SCP259","SCP259_N50",0.89075586107258,-6.61053190553842,"3","#7EBA68"
"SCP_N50.LPA.AATCCAGCATCCTTGC","SCP259","SCP259_N50",0.572336970834772,-6.50830087984262,"3","#7EBA68"
"SCP_N50.LPA.ACACCAATCTAACTGG","SCP259","SCP259_N50",0.84563103225712,-5.90424022997079,"3","#7EBA68"
"SCP_N50.LPA.ACACCCTAGCTAACTC","SCP259","SCP259_N50",0.0681065311718388,-6.83349142397103,"3","#7EBA68"
"SCP_N50.LPA.ACACCCTGTCGTTGTA","SCP259","SCP259_N50",-0.881319732398947,-7.20659265840707,"3","#7EBA68"
"SCP_N50.LPA.ACACCCTTCCTAAGTG","SCP259","SCP259_N50",-0.309764535160025,-7.21288214052377,"3","#7EBA68"
"SCP_N50.LPA.ACACCGGTCCAGTAGT","SCP259","SCP259_N50",0.860554604797403,-5.26528225267587,"3","#7EBA68"
"SCP_N50.LPA.ACACTGACACAAGTAA","SCP259","SCP259_N50",1.99530270603184,-5.64654932344613,"3","#7EBA68"
"SCP_N50.LPA.ACACTGAGTTGTACAC","SCP259","SCP259_N50",2.06641092803959,-3.93799267137704,"3","#7EBA68"
"SCP_N50.LPA.ACAGCTAAGTCGTACT","SCP259","SCP259_N50",-0.0323659786891536,-6.80277929628549,"3","#7EBA68"
"SCP_N50.LPA.ACAGCTAGTATAGGTA","SCP259","SCP259_N50",1.2504962971497,-6.01931391084848,"3","#7EBA68"
"SCP_N50.LPA.ACATACGCAAGCTGGA","SCP259","SCP259_N50",2.23402264621739,-4.17476282442269,"3","#7EBA68"
"SCP_N50.LPA.ACATACGTCCCATTTA","SCP259","SCP259_N50",1.61329749134068,-4.86373339021859,"3","#7EBA68"
"SCP_N50.LPA.ACATCAGAGCGTCAAG","SCP259","SCP259_N50",1.79842319992069,-4.18176040971932,"1","#DC9E70"
"SCP_N50.LPA.ACATCAGTCACATACG","SCP259","SCP259_N50",-1.33303722831722,-7.15886888826547,"3","#7EBA68"
"SCP_N50.LPA.ACATGGTCATTCTTAC","SCP259","SCP259_N50",0.641271024017374,-6.5125461610621,"3","#7EBA68"
"SCP_N50.LPA.ACCAGTAAGATGCGAC","SCP259","SCP259_N50",-0.796497554511984,-7.02122030580697,"3","#7EBA68"
"SCP_N50.LPA.ACCAGTAAGGGTTCCC","SCP259","SCP259_N50",0.836479156284372,-6.87326250398812,"3","#7EBA68"
"SCP_N50.LPA.ACCAGTACACATTTCT","SCP259","SCP259_N50",0.556050329475443,-6.80751715028939,"3","#7EBA68"
"SCP_N50.LPA.ACCAGTATCGGTGTCG","SCP259","SCP259_N50",2.28571441677098,-3.68570289934335,"3","#7EBA68"
"SCP_N50.LPA.ACCCACTCAGCCTTTC","SCP259","SCP259_N50",0.578902958898584,-6.42882690752206,"3","#7EBA68"
"SCP_N50.LPA.ACCCACTTCTGCTGCT","SCP259","SCP259_N50",-1.59361347648617,-6.7983389886683,"3","#7EBA68"
"SCP_N50.LPA.ACCGTAACACGAAAGC","SCP259","SCP259_N50",-0.223938495845755,-7.00434789980111,"3","#7EBA68"
"SCP_N50.LPA.ACCGTAAGTGCTAGCC","SCP259","SCP259_N50",1.06872364786152,-6.2638307603663,"3","#7EBA68"
"SCP_N50.LPA.ACGAGCCCAACCGCCA","SCP259","SCP259_N50",2.01570406463627,-4.52243576372323,"3","#7EBA68"
"SCP_N50.LPA.ACGAGGATCGGCCGAT","SCP259","SCP259_N50",0.695091038017313,-6.94160662019906,"3","#7EBA68"
"SCP_N50.LPA.ACGATACTCAGTGCAT","SCP259","SCP259_N50",-1.46465012523647,-7.31987486208139,"3","#7EBA68"
"SCP_N50.LPA.ACGCCAGAGCTACCGC","SCP259","SCP259_N50",2.1845406582642,-3.8879066499537,"3","#7EBA68"
"SCP_N50.LPA.ACGCCAGTCAGGTAAA","SCP259","SCP259_N50",0.539400636224787,-6.57966623628793,"3","#7EBA68"
"SCP_N50.LPA.ACGGCCACAAACTGCT","SCP259","SCP259_N50",-0.2154777655315,-7.1699791940516,"3","#7EBA68"
"SCP_N50.LPA.ACGGGCTCACCAGGTC","SCP259","SCP259_N50",-1.41839155647274,-6.26219187105355,"3","#7EBA68"
"SCP_N50.LPA.ACGGGCTTCAGAGACG","SCP259","SCP259_N50",-1.04065224620815,-7.02076540315805,"3","#7EBA68"
"SCP_N50.LPA.ACGTCAAAGATCCCAT","SCP259","SCP259_N50",-1.13524457904812,-6.7727795633143,"3","#7EBA68"
"SCP_N50.LPA.ACGTCAATCTACCAGA","SCP259","SCP259_N50",0.474783807067911,-7.0569592508143,"3","#7EBA68"
"SCP_N50.LPA.ACTGAGTAGAGTGAGA","SCP259","SCP259_N50",0.384343891410868,-6.71327886903939,"3","#7EBA68"
"SCP_N50.LPA.ACTGATGCAATCGGTT","SCP259","SCP259_N50",2.35421898868565,-3.68082199419198,"3","#7EBA68"
"SCP_N50.LPA.ACTGCTCCACCCTATC","SCP259","SCP259_N50",-1.42545434925075,-6.57844887102304,"3","#7EBA68"
"SCP_N50.LPA.ACTTTCACAGCTGTTA","SCP259","SCP259_N50",2.21222427394871,-3.9301110299891,"3","#7EBA68"
"SCP_N50.LPA.AGACGTTTCTACCTGC","SCP259","SCP259_N50",0.73262324836735,-6.95345506990609,"3","#7EBA68"
"SCP_N50.LPA.AGAGCGACAGCTGGCT","SCP259","SCP259_N50",2.17279031780247,-5.24785290086923,"3","#7EBA68"
"SCP_N50.LPA.AGAGCGATCTGTTGAG","SCP259","SCP259_N50",0.18676375877742,-6.97051248872933,"3","#7EBA68"
"SCP_N50.LPA.AGCAGCCAGAAGGCCT","SCP259","SCP259_N50",-1.37275227996822,-7.34297285402474,"3","#7EBA68"
"SCP_N50.LPA.AGCAGCCGTACTCTCC","SCP259","SCP259_N50",1.47401073482517,-6.14466867769418,"3","#7EBA68"
"SCP_N50.LPA.AGCATACAGCTAAACA","SCP259","SCP259_N50",0.802360682754557,-7.01020822847543,"3","#7EBA68"
"SCP_N50.LPA.AGCATACCACATCCAA","SCP259","SCP259_N50",2.3787145903397,-3.6764226945704,"3","#7EBA68"
"SCP_N50.LPA.AGCGGTCAGACTTTCG","SCP259","SCP259_N50",-1.53109452220913,-7.27704344118295,"3","#7EBA68"
"SCP_N50.LPA.AGCGTATTCGGCGGTT","SCP259","SCP259_N50",2.18682363536839,-3.65231762254891,"3","#7EBA68"
"SCP_N50.LPA.AGCTCTCCAGTGGAGT","SCP259","SCP259_N50",0.708156852989237,-6.96547899568734,"3","#7EBA68"
"SCP_N50.LPA.AGCTTGAAGCTGCAAG","SCP259","SCP259_N50",1.76094105747227,-5.57992420519052,"3","#7EBA68"
"SCP_N50.LPA.AGGCCGTAGAAGGGTA","SCP259","SCP259_N50",1.53315284755711,-6.05181131685433,"3","#7EBA68"
"SCP_N50.LPA.AGGCCGTGTCAGCTAT","SCP259","SCP259_N50",0.247966569854657,-7.09855375612435,"3","#7EBA68"
"SCP_N50.LPA.AGGCCGTTCCGCGGTA","SCP259","SCP259_N50",0.0272697499084874,-6.90414724672494,"3","#7EBA68"
"SCP_N50.LPA.AGGGTGATCTTCTGGC","SCP259","SCP259_N50",2.00596251991276,-5.47487936342416,"3","#7EBA68"
"SCP_N50.LPA.AGTAGTCAGGATTCGG","SCP259","SCP259_N50",2.08643177059178,-5.41252527559457,"3","#7EBA68"
"SCP_N50.LPA.AGTAGTCTCACTCTTA","SCP259","SCP259_N50",-1.20739361736294,-7.26781759584603,"3","#7EBA68"
"SCP_N50.LPA.AGTCTTTCATTGTGCA","SCP259","SCP259_N50",-0.235764504404028,-7.09160909975228,"3","#7EBA68"
"SCP_N50.LPA.AGTCTTTGTTGGGACA","SCP259","SCP259_N50",1.76041641738896,-5.58396444643197,"3","#7EBA68"
"SCP_N50.LPA.AGTGGGAGTAAGAGGA","SCP259","SCP259_N50",0.640834390192072,-6.08194647157846,"3","#7EBA68"
"SCP_N50.LPA.AGTTGGTGTCTTGATG","SCP259","SCP259_N50",-0.574425728054006,-7.16022692049203,"3","#7EBA68"
"SCP_N50.LPA.ATAACGCAGATACACA","SCP259","SCP259_N50",0.69757383969311,-6.84780607546029,"3","#7EBA68"
"SCP_N50.LPA.ATAGACCGTTAAGAAC","SCP259","SCP259_N50",-1.39764449092861,-6.48113594377694,"3","#7EBA68"
"SCP_N50.LPA.ATCACGACAAGACACG","SCP259","SCP259_N50",0.126128456561606,-7.21669493044076,"3","#7EBA68"
"SCP_N50.LPA.ATCATCTCAAGTCATC","SCP259","SCP259_N50",0.0834946623135014,-7.25424108827767,"3","#7EBA68"
"SCP_N50.LPA.ATCCACCCACCCATTC","SCP259","SCP259_N50",2.20567181613926,-3.5747848542994,"3","#7EBA68"
"SCP_N50.LPA.ATCCACCCAGTGGAGT","SCP259","SCP259_N50",0.460889234213869,-6.38601503694711,"3","#7EBA68"
"SCP_N50.LPA.ATCTACTTCAGGCCCA","SCP259","SCP259_N50",0.0476985713529988,-7.24591741884408,"3","#7EBA68"
"SCP_N50.LPA.ATCTGCCAGTCCGGTC","SCP259","SCP259_N50",-1.15646454784389,-5.96061621034799,"3","#7EBA68"
"SCP_N50.LPA.ATCTGCCGTCGACTAT","SCP259","SCP259_N50",2.22442153003697,-4.183703521139,"3","#7EBA68"
"SCP_N50.LPA.ATGCGATGTTAAGAAC","SCP259","SCP259_N50",0.538364707498591,-6.271509745962,"3","#7EBA68"
"SCP_N50.LPA.ATTACTCTCCTTTCGG","SCP259","SCP259_N50",0.379801585345308,-7.22455225313363,"3","#7EBA68"
"SCP_N50.LPA.ATTATCCTCCGAACGC","SCP259","SCP259_N50",0.553476720123331,-6.32645712221322,"3","#7EBA68"
"SCP_N50.LPA.ATTGGACCAAGTCTAC","SCP259","SCP259_N50",-1.31740972492214,-7.38097105348764,"3","#7EBA68"
"SCP_N50.LPA.ATTTCTGGTAAGAGGA","SCP259","SCP259_N50",1.10064664390568,-6.1402054818934,"3","#7EBA68"
"SCP_N50.LPA.ATTTCTGGTCTGATCA","SCP259","SCP259_N50",1.50913920906071,-4.79842720354257,"3","#7EBA68"
"SCP_N50.LPA.CAACTAGAGGACATTA","SCP259","SCP259_N50",0.668949841527979,-6.60631952608285,"3","#7EBA68"
"SCP_N50.LPA.CAACTAGCATAAGACA","SCP259","SCP259_N50",0.181844900368492,-7.26986036623178,"3","#7EBA68"
"SCP_N50.LPA.CAACTAGGTGCGGTAA","SCP259","SCP259_N50",-1.15790626499172,-7.39206228578744,"3","#7EBA68"
"SCP_N50.LPA.CACAGGCGTGATGATA","SCP259","SCP259_N50",-0.407336027355154,-7.18344889009652,"3","#7EBA68"
"SCP_N50.LPA.CACAGTAGTTCAGTAC","SCP259","SCP259_N50",0.652584045200388,-7.08652696932015,"3","#7EBA68"
"SCP_N50.LPA.CACATTTGTGACGCCT","SCP259","SCP259_N50",2.27606680896763,-3.80473146761117,"3","#7EBA68"
"SCP_N50.LPA.CACCACTAGTGCGATG","SCP259","SCP259_N50",2.08790412452702,-5.56725845659432,"3","#7EBA68"
"SCP_N50.LPA.CACCAGGGTCTTCAAG","SCP259","SCP259_N50",0.378160073428194,-6.61650381410775,"3","#7EBA68"
"SCP_N50.LPA.CAGATCAAGCGTTGCC","SCP259","SCP259_N50",2.21221652534489,-4.56033525789437,"3","#7EBA68"
"SCP_N50.LPA.CAGCCGACATCGGAAG","SCP259","SCP259_N50",1.67611947563175,-5.65923033083139,"3","#7EBA68"
"SCP_N50.LPA.CAGCCGATCACCTTAT","SCP259","SCP259_N50",2.13409176376347,-5.24245987260995,"3","#7EBA68"
"SCP_N50.LPA.CAGTCCTGTACATGTC","SCP259","SCP259_N50",-0.592427940101583,-6.71325311983285,"3","#7EBA68"
"SCP_N50.LPA.CATATGGTCTTCGAGA","SCP259","SCP259_N50",0.48995870259289,-6.48705492342172,"3","#7EBA68"
"SCP_N50.LPA.CATATTCTCTTCTGGC","SCP259","SCP259_N50",0.751086144714396,-6.91067800844369,"3","#7EBA68"
"SCP_N50.LPA.CATCAAGCATATGAGA","SCP259","SCP259_N50",0.418497337966005,-6.83754358614144,"3","#7EBA68"
"SCP_N50.LPA.CATCAAGGTCGAGATG","SCP259","SCP259_N50",2.27146127727513,-3.64117679918466,"3","#7EBA68"
"SCP_N50.LPA.CATCCACAGCTAACAA","SCP259","SCP259_N50",1.94439902809147,-4.62549410188851,"3","#7EBA68"
"SCP_N50.LPA.CATCGAATCGCTTAGA","SCP259","SCP259_N50",-0.175720901222189,-7.07087145174203,"3","#7EBA68"
"SCP_N50.LPA.CATCGGGAGATCCGAG","SCP259","SCP259_N50",2.23694184329991,-4.74694309557138,"3","#7EBA68"
"SCP_N50.LPA.CATCGGGTCACCAGGC","SCP259","SCP259_N50",0.734187214641611,-6.60206804598031,"3","#7EBA68"
"SCP_N50.LPA.CATCGGGTCCCAAGTA","SCP259","SCP259_N50",-1.3234828421783,-7.02585707033334,"3","#7EBA68"
"SCP_N50.LPA.CATGACAGTCTAGAGG","SCP259","SCP259_N50",-1.18717190715786,-7.22578058565316,"3","#7EBA68"
"SCP_N50.LPA.CATGACAGTGGACGAT","SCP259","SCP259_N50",0.551187126903574,-6.72151098573861,"3","#7EBA68"
"SCP_N50.LPA.CATGACATCCTTGACC","SCP259","SCP259_N50",-0.94764825794216,-7.23991499269662,"3","#7EBA68"
"SCP_N50.LPA.CATGCCTGTTCATGGT","SCP259","SCP259_N50",0.965533941059153,-5.90011225069223,"3","#7EBA68"
"SCP_N50.LPA.CATTCGCCACTACAGT","SCP259","SCP259_N50",-1.09461948368069,-6.83566294038949,"3","#7EBA68"
"SCP_N50.LPA.CCACTACAGCACGCCT","SCP259","SCP259_N50",0.935631065635721,-5.29129848802743,"3","#7EBA68"
"SCP_N50.LPA.CCAGCGAAGGGATGGG","SCP259","SCP259_N50",-1.45006987545009,-7.32078657472787,"3","#7EBA68"
"SCP_N50.LPA.CCATGTCAGAAGATTC","SCP259","SCP259_N50",0.986158340244333,-6.50382528627572,"3","#7EBA68"
"SCP_N50.LPA.CCATGTCTCCTCAACC","SCP259","SCP259_N50",2.04237106349949,-5.52250919664559,"3","#7EBA68"
"SCP_N50.LPA.CCATTCGCAGCTCGCA","SCP259","SCP259_N50",-1.49175152275081,-6.58388672197518,"3","#7EBA68"
"SCP_N50.LPA.CCCAATCAGATAGGAG","SCP259","SCP259_N50",0.624927549629252,-6.462915995962,"3","#7EBA68"
"SCP_N50.LPA.CCCAGTTAGAAGATTC","SCP259","SCP259_N50",0.386406301527063,-6.7061873468226,"3","#7EBA68"
"SCP_N50.LPA.CCCATACAGCAGATCG","SCP259","SCP259_N50",0.28233370464925,-6.78944120729623,"3","#7EBA68"
"SCP_N50.LPA.CCCATACTCCTTGACC","SCP259","SCP259_N50",1.7868480971146,-5.01688537920175,"3","#7EBA68"
"SCP_N50.LPA.CCGGGATCAGTCAGAG","SCP259","SCP259_N50",0.832492201595347,-6.69163141573129,"3","#7EBA68"
"SCP_N50.LPA.CCGGTAGAGGTAGCCA","SCP259","SCP259_N50",1.56857910659794,-4.69991026247201,"3","#7EBA68"
"SCP_N50.LPA.CCGGTAGCATTTGCTT","SCP259","SCP259_N50",-0.719487638206442,-7.04008589113412,"3","#7EBA68"
"SCP_N50.LPA.CCGGTAGGTTAAGACA","SCP259","SCP259_N50",0.61991915014271,-6.87489614809213,"3","#7EBA68"
"SCP_N50.LPA.CCGTTCAGTCGCTTTC","SCP259","SCP259_N50",1.88474383857731,-4.01108274782357,"1","#DC9E70"
"SCP_N50.LPA.CCTAAAGTCACTGGGC","SCP259","SCP259_N50",2.36366870906834,-3.72930965746102,"3","#7EBA68"
"SCP_N50.LPA.CCTACACAGAGATGAG","SCP259","SCP259_N50",-0.280639202327688,-7.2469302209681,"3","#7EBA68"
"SCP_N50.LPA.CCTACCACACCGATAT","SCP259","SCP259_N50",2.28166630771641,-4.99349699342904,"3","#7EBA68"
"SCP_N50.LPA.CCTAGCTAGACAAAGG","SCP259","SCP259_N50",-0.52207657787319,-7.23372183168588,"3","#7EBA68"
"SCP_N50.LPA.CCTCTGACATCGGTTA","SCP259","SCP259_N50",2.40222480800633,-3.73538933122811,"3","#7EBA68"
"SCP_N50.LPA.CCTTACGAGCCATCGC","SCP259","SCP259_N50",2.08993080165867,-4.89670000398812,"3","#7EBA68"
"SCP_N50.LPA.CCTTACGTCCAGTAGT","SCP259","SCP259_N50",2.27585771587376,-4.87930450761972,"3","#7EBA68"
"SCP_N50.LPA.CCTTCCCAGTTACGGG","SCP259","SCP259_N50",1.08010330703739,-6.25146684969125,"3","#7EBA68"
"SCP_N50.LPA.CCTTCCCTCCTCAATT","SCP259","SCP259_N50",1.76355507877354,-4.25987491930184,"3","#7EBA68"
"SCP_N50.LPA.CCTTCGAAGCTTATCG","SCP259","SCP259_N50",0.525891273288767,-6.41858158434091,"3","#7EBA68"
"SCP_N50.LPA.CCTTTCTGTAAATACG","SCP259","SCP259_N50",2.21605136898045,-3.76390323961434,"3","#7EBA68"
"SCP_N50.LPA.CGAACATGTAGAGTGC","SCP259","SCP259_N50",-0.393943996162374,-7.1375552209681,"3","#7EBA68"
"SCP_N50.LPA.CGAACATTCACGACTA","SCP259","SCP259_N50",0.96790829208378,-6.11176357591806,"3","#7EBA68"
"SCP_N50.LPA.CGAGAAGGTGATGCCC","SCP259","SCP259_N50",1.86045256164555,-5.65923891390023,"3","#7EBA68"
"SCP_N50.LPA.CGCCAAGGTATCACCA","SCP259","SCP259_N50",2.27063992527012,-3.84271774614511,"3","#7EBA68"
"SCP_N50.LPA.CGCGGTACAATGGATA","SCP259","SCP259_N50",2.28852346446995,-3.73833380068002,"3","#7EBA68"
"SCP_N50.LPA.CGCGTTTTCATCTGTT","SCP259","SCP259_N50",-1.26109895202633,-7.33169470155892,"3","#7EBA68"
"SCP_N50.LPA.CGCTGGATCCTATGTT","SCP259","SCP259_N50",-1.31590554210659,-7.35778818453012,"3","#7EBA68"
"SCP_N50.LPA.CGCTGGATCTCTGCTG","SCP259","SCP259_N50",-1.03922030422207,-7.0709801706141,"3","#7EBA68"
"SCP_N50.LPA.CGGACGTAGTGTCCAT","SCP259","SCP259_N50",-1.33842358085628,-7.38792238557992,"3","#7EBA68"
"SCP_N50.LPA.CGGACGTCAAAGGTGC","SCP259","SCP259_N50",2.09578350093846,-3.65897951448617,"3","#7EBA68"
"SCP_N50.LPA.CGGACGTCATCTGGTA","SCP259","SCP259_N50",0.400050207047503,-7.27373705232797,"3","#7EBA68"
"SCP_N50.LPA.CGGACTGCAAGCTGGA","SCP259","SCP259_N50",0.309649578301947,-7.255969146139,"3","#7EBA68"
"SCP_N50.LPA.CGGAGCTGTTGGTAAA","SCP259","SCP259_N50",0.628054230480234,-6.5973006280726,"3","#7EBA68"
"SCP_N50.LPA.CGGAGCTTCAGGTTCA","SCP259","SCP259_N50",-1.04545769187923,-6.90602693880258,"3","#7EBA68"
"SCP_N50.LPA.CGGAGTCAGCACCGCT","SCP259","SCP259_N50",-0.636510104865988,-7.1960850747889,"3","#7EBA68"
"SCP_N50.LPA.CGGAGTCAGCGGCTTC","SCP259","SCP259_N50",1.84406366851811,-5.69883261049447,"3","#7EBA68"
"SCP_N50.LPA.CGGAGTCGTTGCGCAC","SCP259","SCP259_N50",-1.4660758683395,-7.11501512849984,"3","#7EBA68"
"SCP_N50.LPA.CGGCTAGAGGCGTACA","SCP259","SCP259_N50",-1.32505795452114,-6.92842207277474,"3","#7EBA68"
"SCP_N50.LPA.CGGCTAGCAGGAACGT","SCP259","SCP259_N50",0.416778667836229,-6.50337992036996,"3","#7EBA68"
"SCP_N50.LPA.CGTCACTAGCTCCTTC","SCP259","SCP259_N50",0.0198478540468617,-6.90713415468392,"3","#7EBA68"
"SCP_N50.LPA.CGTCACTCAAGAAGAG","SCP259","SCP259_N50",1.18233212736134,-5.6957040818995,"3","#7EBA68"
"SCP_N50.LPA.CGTCACTGTAATAGCA","SCP259","SCP259_N50",1.60751154926304,-4.7296076806849,"3","#7EBA68"
"SCP_N50.LPA.CGTCAGGGTTCTGGTA","SCP259","SCP259_N50",2.05509522464756,-5.44938574159799,"3","#7EBA68"
"SCP_N50.LPA.CGTCTACGTTCAGCGC","SCP259","SCP259_N50",-0.108428836793859,-6.9036274942225,"3","#7EBA68"
"SCP_N50.LPA.CGTCTACTCGGTCCGA","SCP259","SCP259_N50",1.11598572042469,-6.08218250597177,"3","#7EBA68"
"SCP_N50.LPA.CGTGTAATCTTGCATT","SCP259","SCP259_N50",0.33113636729006,-6.92724809969125,"3","#7EBA68"
"SCP_N50.LPA.CGTTAGAAGTCAAGCG","SCP259","SCP259_N50",2.17584863212589,-3.36547050798593,"3","#7EBA68"
"SCP_N50.LPA.CGTTAGACACAACGTT","SCP259","SCP259_N50",0.519346057443659,-6.97229776704965,"3","#7EBA68"
"SCP_N50.LPA.CGTTAGATCCGCGGTA","SCP259","SCP259_N50",0.345258905558626,-7.17516146028695,"3","#7EBA68"
"SCP_N50.LPA.CGTTGGGAGCATGGCA","SCP259","SCP259_N50",0.526836841373484,-6.59074793184457,"3","#7EBA68"
"SCP_N50.LPA.CGTTGGGCAAGCTGGA","SCP259","SCP259_N50",0.363322346477549,-7.10775099123178,"3","#7EBA68"
"SCP_N50.LPA.CGTTGGGGTCCAGTTA","SCP259","SCP259_N50",-1.36199054214474,-5.98953686083016,"3","#7EBA68"
"SCP_N50.LPA.CTAACTTTCTTCAACT","SCP259","SCP259_N50",1.66469707992558,-5.90954790437875,"3","#7EBA68"
"SCP_N50.LPA.CTACCCAGTTCTCATT","SCP259","SCP259_N50",-0.475402564735372,-7.09244833315072,"3","#7EBA68"
"SCP_N50.LPA.CTACGTCGTACAGCAG","SCP259","SCP259_N50",0.473943947820704,-6.52293548906503,"3","#7EBA68"
"SCP_N50.LPA.CTAGCCTGTATTACCG","SCP259","SCP259_N50",-0.423355371684988,-7.02668676698861,"3","#7EBA68"
"SCP_N50.LPA.CTCATTAAGAGGGATA","SCP259","SCP259_N50",-0.81748136970516,-7.13916788423715,"3","#7EBA68"
"SCP_N50.LPA.CTCGAAACATACTCTT","SCP259","SCP259_N50",0.154019317595999,-6.97445307100473,"3","#7EBA68"
"SCP_N50.LPA.CTCGAGGGTAGCACGA","SCP259","SCP259_N50",0.283094122080843,-7.16956339204965,"3","#7EBA68"
"SCP_N50.LPA.CTCGGGACATTTGCTT","SCP259","SCP259_N50",1.38826301601414,-6.11294327104745,"3","#7EBA68"
"SCP_N50.LPA.CTCGTCAGTCGCATCG","SCP259","SCP259_N50",-1.00979170295711,-7.03581724489389,"3","#7EBA68"
"SCP_N50.LPA.CTCGTCATCTGCAGTA","SCP259","SCP259_N50",0.606680183677713,-7.08279238069711,"3","#7EBA68"
"SCP_N50.LPA.CTCTAATGTAGCGTGA","SCP259","SCP259_N50",0.430616005330126,-6.95395765627084,"3","#7EBA68"
"SCP_N50.LPA.CTCTGGTGTTGTTTGG","SCP259","SCP259_N50",2.23053362873081,-4.73398027742562,"3","#7EBA68"
"SCP_N50.LPA.CTGATAGCAAGGTGTG","SCP259","SCP259_N50",1.98524370697025,-5.45686588609872,"3","#7EBA68"
"SCP_N50.LPA.CTGATAGGTTCAGACT","SCP259","SCP259_N50",-1.21565160247799,-7.05571375215707,"3","#7EBA68"
"SCP_N50.LPA.CTGATAGTCCTCTAGC","SCP259","SCP259_N50",0.674754112033884,-7.07711325014291,"3","#7EBA68"
"SCP_N50.LPA.CTGATCCGTGTTCTTT","SCP259","SCP259_N50",2.33760931995396,-3.70980272615609,"3","#7EBA68"
"SCP_N50.LPA.CTGCCTACACGACTCG","SCP259","SCP259_N50",0.309083751409094,-7.30416403139291,"3","#7EBA68"
"SCP_N50.LPA.CTGCCTAGTTGTACAC","SCP259","SCP259_N50",0.364628835587542,-6.78271208131967,"3","#7EBA68"
"SCP_N50.LPA.CTGCCTATCCGTCATC","SCP259","SCP259_N50",1.61010590103153,-5.87534199083505,"3","#7EBA68"
"SCP_N50.LPA.CTGTGCTAGCACAGGT","SCP259","SCP259_N50",-0.399204225273092,-7.13830957735238,"3","#7EBA68"
"SCP_N50.LPA.CTGTGCTTCTATCCCG","SCP259","SCP259_N50",0.907240300445597,-6.50354824388681,"3","#7EBA68"
"SCP_N50.LPA.CTTACCGCATCCAACA","SCP259","SCP259_N50",2.18031421211247,-5.17585048998056,"3","#7EBA68"
"SCP_N50.LPA.CTTGGCTCAAGTTCTG","SCP259","SCP259_N50",1.57476380374912,-5.99890718782601,"3","#7EBA68"
"SCP_N50.LPA.GAAATGAAGCACAGGT","SCP259","SCP259_N50",0.858218221931498,-5.80762920702157,"3","#7EBA68"
"SCP_N50.LPA.GAACCTACAGCGTAAG","SCP259","SCP259_N50",1.78051200416569,-5.66291437471566,"3","#7EBA68"
"SCP_N50.LPA.GAACGGAAGGTGCACA","SCP259","SCP259_N50",0.682754515676539,-7.00131235445199,"3","#7EBA68"
"SCP_N50.LPA.GAAGCAGTCCAAACAC","SCP259","SCP259_N50",-1.249774069519,-7.15945921266732,"3","#7EBA68"
"SCP_N50.LPA.GAATAAGAGCGAGAAA","SCP259","SCP259_N50",-1.47806832286831,-7.30544672334848,"3","#7EBA68"
"SCP_N50.LPA.GAATAAGTCACCCGAG","SCP259","SCP259_N50",2.3085925867844,-3.70232735002694,"3","#7EBA68"
"SCP_N50.LPA.GAATGAACAGTCCTTC","SCP259","SCP259_N50",0.818987815647165,-6.93028841341195,"3","#7EBA68"
"SCP_N50.LPA.GAATGAAGTATTACCG","SCP259","SCP259_N50",-1.49314841720577,-7.41637907350717,"3","#7EBA68"
"SCP_N50.LPA.GACGTGCGTACCATCA","SCP259","SCP259_N50",0.475419430999796,-6.05582199419198,"3","#7EBA68"
"SCP_N50.LPA.GACTAACAGTATCGAA","SCP259","SCP259_N50",2.0003787567902,-4.28982887590585,"3","#7EBA68"
"SCP_N50.LPA.GACTAACTCACATAGC","SCP259","SCP259_N50",1.03210350778584,-6.50766859377084,"3","#7EBA68"
"SCP_N50.LPA.GACTAACTCCACGACG","SCP259","SCP259_N50",-0.389499814243277,-7.08797178590951,"3","#7EBA68"
"SCP_N50.LPA.GAGGTGAAGCTAACTC","SCP259","SCP259_N50",2.27246406581883,-4.72554836595712,"3","#7EBA68"
"SCP_N50.LPA.GATCGCGGTATTCTCT","SCP259","SCP259_N50",0.464647634892504,-6.88265810335336,"3","#7EBA68"
"SCP_N50.LPA.GATCGTAGTACCATCA","SCP259","SCP259_N50",0.0547345718431874,-6.96918306673226,"3","#7EBA68"
"SCP_N50.LPA.GATCTAGGTCAATACC","SCP259","SCP259_N50",0.659281908540766,-6.24959860170541,"3","#7EBA68"
"SCP_N50.LPA.GATGAAAAGATCTGCT","SCP259","SCP259_N50",1.26181879547123,-6.24901399934945,"3","#7EBA68"
"SCP_N50.LPA.GATGAAACACGTCAGC","SCP259","SCP259_N50",0.757586984901468,-5.98368892992196,"3","#7EBA68"
"SCP_N50.LPA.GATGAAAGTCTACCTC","SCP259","SCP259_N50",0.895363836555521,-6.09229860628305,"3","#7EBA68"
"SCP_N50.LPA.GATGAGGGTCGAAAGC","SCP259","SCP259_N50",0.786679654388468,-6.5426426919764,"3","#7EBA68"
"SCP_N50.LPA.GATTCAGAGAAGCCCA","SCP259","SCP259_N50",2.09659364727024,-4.22820577943978,"3","#7EBA68"
"SCP_N50.LPA.GATTCAGAGTCGTACT","SCP259","SCP259_N50",1.16513231304173,-6.4254256280726,"3","#7EBA68"
"SCP_N50.LPA.GCAAACTGTACCGTAT","SCP259","SCP259_N50",0.647921501665155,-7.10405168855844,"3","#7EBA68"
"SCP_N50.LPA.GCAATCAAGGTACTCT","SCP259","SCP259_N50",-1.12925943824764,-6.98813543642221,"3","#7EBA68"
"SCP_N50.LPA.GCAATCAAGTGGTAAT","SCP259","SCP259_N50",0.565089016227762,-6.96892271364389,"3","#7EBA68"
"SCP_N50.LPA.GCAATCAAGTTAAGTG","SCP259","SCP259_N50",-1.11388537380215,-7.04761419618783,"3","#7EBA68"
"SCP_N50.LPA.GCACTCTTCTTCGAGA","SCP259","SCP259_N50",0.637131153612177,-5.98200903261361,"3","#7EBA68"
"SCP_N50.LPA.GCAGCCAGTCATATGC","SCP259","SCP259_N50",0.989647834568064,-6.18035087907968,"3","#7EBA68"
"SCP_N50.LPA.GCAGTTAAGGTACTCT","SCP259","SCP259_N50",1.27853718307499,-6.07952175462899,"3","#7EBA68"
"SCP_N50.LPA.GCAGTTAAGTCGCCGT","SCP259","SCP259_N50",-1.52892550918575,-6.82351789797006,"3","#7EBA68"
"SCP_N50.LPA.GCAGTTATCCACTCCA","SCP259","SCP259_N50",1.94673433807377,-5.47186956728158,"3","#7EBA68"
"SCP_N50.LPA.GCATGATCAGGAATGC","SCP259","SCP259_N50",0.83207198884968,-6.05485401476083,"3","#7EBA68"
"SCP_N50.LPA.GCCAAATAGGTGGGTT","SCP259","SCP259_N50",1.92976763751988,-5.47199354494271,"3","#7EBA68"
"SCP_N50.LPA.GCCAAATGTTGTCGCG","SCP259","SCP259_N50",0.299453697173636,-7.24587259615121,"3","#7EBA68"
"SCP_N50.LPA.GCCAAATTCTGAAAGA","SCP259","SCP259_N50",0.0795644363451405,-7.30378828371224,"3","#7EBA68"
"SCP_N50.LPA.GCGCAACGTCTGGAGA","SCP259","SCP259_N50",0.363082244067232,-6.62263498628793,"3","#7EBA68"
"SCP_N50.LPA.GCGCCAACAGCCTTTC","SCP259","SCP259_N50",1.75241616275791,-4.10246477449594,"3","#7EBA68"
"SCP_N50.LPA.GCGCGATGTTTGTGTG","SCP259","SCP259_N50",-1.32077548000332,-6.92797861421762,"3","#7EBA68"
"SCP_N50.LPA.GCTTCCAGTAATCACC","SCP259","SCP259_N50",0.0255613615799352,-6.86731539095101,"3","#7EBA68"
"SCP_N50.LPA.GCTTCCAGTCGGCACT","SCP259","SCP259_N50",-1.28554973098751,-7.43144140566049,"3","#7EBA68"
"SCP_N50.LPA.GCTTCCATCAGCGACC","SCP259","SCP259_N50",2.11664119270329,-4.20740614259896,"3","#7EBA68"
"SCP_N50.LPA.GCTTGAAGTTCCGGCA","SCP259","SCP259_N50",1.89219096210484,-3.92871246660409,"3","#7EBA68"
"SCP_N50.LPA.GGAACTTGTTAGTGGG","SCP259","SCP259_N50",-0.797430486412008,-7.11177454317269,"3","#7EBA68"
"SCP_N50.LPA.GGAATAAGTTTGTTGG","SCP259","SCP259_N50",2.11440005805973,-5.01839838350473,"3","#7EBA68"
"SCP_N50.LPA.GGACAAGGTGAAATCA","SCP259","SCP259_N50",2.33573534992222,-3.68559656465707,"3","#7EBA68"
"SCP_N50.LPA.GGAGCAAAGTTCGCAT","SCP259","SCP259_N50",2.17707505729679,-3.7005172761744,"3","#7EBA68"
"SCP_N50.LPA.GGAGCAACAAGTAATG","SCP259","SCP259_N50",2.25042155292515,-3.50817499483285,"3","#7EBA68"
"SCP_N50.LPA.GGAGCAAGTCCGACGT","SCP259","SCP259_N50",1.53560557868962,-5.66155777300057,"3","#7EBA68"
"SCP_N50.LPA.GGATTACAGCCTTGAT","SCP259","SCP259_N50",0.352149664430658,-6.94977293337045,"3","#7EBA68"
"SCP_N50.LPA.GGCAATTAGAGTACAT","SCP259","SCP259_N50",0.390284060506861,-7.04513750398812,"3","#7EBA68"
"SCP_N50.LPA.GGCAATTCATGTTCCC","SCP259","SCP259_N50",0.699840514926951,-7.01218328798471,"3","#7EBA68"
"SCP_N50.LPA.GGCCGATGTAGCTAAA","SCP259","SCP259_N50",1.59680464771275,-5.93064890230355,"3","#7EBA68"
"SCP_N50.LPA.GGCCGATGTCGCATCG","SCP259","SCP259_N50",-1.455659956665,-6.49845085466561,"3","#7EBA68"
"SCP_N50.LPA.GGCCGATTCCTCGCAT","SCP259","SCP259_N50",0.750118403701822,-6.97834406221566,"3","#7EBA68"
"SCP_N50.LPA.GGGAATGAGGAGCGAG","SCP259","SCP259_N50",0.633759676485102,-6.95056352937875,"3","#7EBA68"
"SCP_N50.LPA.GGGAATGCAAGCTGGA","SCP259","SCP259_N50",0.372350363998453,-7.0304471048182,"3","#7EBA68"
"SCP_N50.LPA.GGGAGATGTACATGTC","SCP259","SCP259_N50",-0.601173491210897,-7.13073931062875,"3","#7EBA68"
"SCP_N50.LPA.GGGATGAAGCGCCTCA","SCP259","SCP259_N50",0.773770957260172,-6.50799427354989,"3","#7EBA68"
"SCP_N50.LPA.GGGCATCCAGGGCATA","SCP259","SCP259_N50",-1.45981964561458,-7.45089254701791,"3","#7EBA68"
"SCP_N50.LPA.GGGCATCGTTGATTCG","SCP259","SCP259_N50",0.969530134468119,-5.25754175508676,"3","#7EBA68"
"SCP_N50.LPA.GGGCATCTCCTCTAGC","SCP259","SCP259_N50",1.99372509029392,-4.80686102235971,"3","#7EBA68"
"SCP_N50.LPA.GGGTCTGGTCTGGTCG","SCP259","SCP259_N50",-1.40926048252102,-6.29635773027597,"3","#7EBA68"
"SCP_N50.LPA.GGGTCTGTCAGCTCTC","SCP259","SCP259_N50",2.18726435211186,-3.61584863985238,"3","#7EBA68"
"SCP_N50.LPA.GGTGAAGGTGCCTGTG","SCP259","SCP259_N50",1.51845756080631,-5.95436296785531,"3","#7EBA68"
"SCP_N50.LPA.GGTGAAGGTTCAGACT","SCP259","SCP259_N50",2.14445522335056,-4.71522913301644,"3","#7EBA68"
"SCP_N50.LPA.GTAGTCAGTACCATCA","SCP259","SCP259_N50",0.591598509817164,-6.75450239504037,"3","#7EBA68"
"SCP_N50.LPA.GTAGTCAGTCGCGTGT","SCP259","SCP259_N50",2.22641828563694,-4.90676746690927,"3","#7EBA68"
"SCP_N50.LPA.GTATCTTAGAGGTAGA","SCP259","SCP259_N50",2.0238117268372,-3.73626289690194,"3","#7EBA68"
"SCP_N50.LPA.GTATTCTTCCGTACAA","SCP259","SCP259_N50",-1.31820055934902,-7.16088400209603,"3","#7EBA68"
"SCP_N50.LPA.GTATTCTTCGTTACAG","SCP259","SCP259_N50",2.02443614509587,-4.82030830705819,"3","#7EBA68"
"SCP_N50.LPA.GTCAAGTGTGGAAAGA","SCP259","SCP259_N50",-0.874598116607626,-7.11217317903695,"3","#7EBA68"
"SCP_N50.LPA.GTCAAGTTCTTGCATT","SCP259","SCP259_N50",1.8473676731873,-4.23701773012338,"3","#7EBA68"
"SCP_N50.LPA.GTCACAATCAGGATCT","SCP259","SCP259_N50",-1.30535230133053,-7.24759970033822,"3","#7EBA68"
"SCP_N50.LPA.GTCACGGGTAGAGCTG","SCP259","SCP259_N50",2.41110208538059,-3.7101574930018,"3","#7EBA68"
"SCP_N50.LPA.GTCATTTCAATGGAAT","SCP259","SCP259_N50",0.991597323684733,-6.14653501833139,"3","#7EBA68"
"SCP_N50.LPA.GTCCTCAAGAGCAATT","SCP259","SCP259_N50",2.34825423267369,-3.64657268846688,"3","#7EBA68"
"SCP_N50.LPA.GTCCTCAGTCGCATAT","SCP259","SCP259_N50",0.424185483722727,-6.96443376863656,"3","#7EBA68"
"SCP_N50.LPA.GTCGGGTCACGTAAGG","SCP259","SCP259_N50",2.28186657932285,-4.80566797578988,"3","#7EBA68"
"SCP_N50.LPA.GTCGTAACACTGTTAG","SCP259","SCP259_N50",0.859062640934031,-6.0759211572474,"3","#7EBA68"
"SCP_N50.LPA.GTCTCGTAGAGTCTGG","SCP259","SCP259_N50",1.79689302948002,-5.57378588045297,"3","#7EBA68"
"SCP_N50.LPA.GTCTTCGCATCGACGC","SCP259","SCP259_N50",0.0127019872951909,-5.99128160799203,"3","#7EBA68"
"SCP_N50.LPA.GTGCAGCAGAATTCCC","SCP259","SCP259_N50",0.340896717278998,-6.89592848146615,"3","#7EBA68"
"SCP_N50.LPA.GTGCAGCGTTGGACCC","SCP259","SCP259_N50",0.744165985851328,-5.87312755907235,"3","#7EBA68"
"SCP_N50.LPA.GTGCAGCTCAGCAACT","SCP259","SCP259_N50",0.246847120119969,-6.96952925050912,"3","#7EBA68"
"SCP_N50.LPA.GTGCGGTTCACTTATC","SCP259","SCP259_N50",0.168527374981682,-7.0800248178309,"3","#7EBA68"
"SCP_N50.LPA.GTGCGGTTCATTATCC","SCP259","SCP259_N50",0.491361319093744,-6.20255766237435,"3","#7EBA68"
"SCP_N50.LPA.GTGCTTCAGATCTGCT","SCP259","SCP259_N50",0.769269793300669,-6.86550436342416,"3","#7EBA68"
"SCP_N50.LPA.GTGCTTCGTCTAGTCA","SCP259","SCP259_N50",2.36565592792515,-3.7872625383204,"3","#7EBA68"
"SCP_N50.LPA.GTGGGTCAGAAACGAG","SCP259","SCP259_N50",2.25554922130589,-3.72673092210946,"3","#7EBA68"
"SCP_N50.LPA.GTGGGTCTCCGCATCT","SCP259","SCP259_N50",0.911429076461832,-6.40372715318856,"3","#7EBA68"
"SCP_N50.LPA.GTGTGCGTCGGAAATA","SCP259","SCP259_N50",0.229284703272174,-6.1313615831202,"3","#7EBA68"
"SCP_N50.LPA.GTGTTAGCAGCATACT","SCP259","SCP259_N50",0.518738507299463,-6.82391176546273,"3","#7EBA68"
"SCP_N50.LPA.GTTACAGGTCTGGTCG","SCP259","SCP259_N50",0.622157840995829,-6.49077711427865,"3","#7EBA68"
"SCP_N50.LPA.GTTCATTCATTACGAC","SCP259","SCP259_N50",-0.552642316551168,-6.82056818330941,"3","#7EBA68"
"SCP_N50.LPA.GTTCGGGGTCGGCTCA","SCP259","SCP259_N50",-1.342427701683,-6.66651830995736,"3","#7EBA68"
"SCP_N50.LPA.GTTCTCGAGTGTACCT","SCP259","SCP259_N50",2.27451279666905,-4.70320520723519,"3","#7EBA68"
"SCP_N50.LPA.GTTCTCGGTACAGTGG","SCP259","SCP259_N50",-0.639654428691824,-7.06464777315316,"3","#7EBA68"
"SCP_N50.LPA.GTTTCTAGTTCGGGCT","SCP259","SCP259_N50",0.930951624183695,-6.29136095369515,"3","#7EBA68"
"SCP_N50.LPA.TAAGAGAAGGTGGGTT","SCP259","SCP259_N50",0.180328185676376,-6.99009332979379,"3","#7EBA68"
"SCP_N50.LPA.TAAGAGAGTTCGAATC","SCP259","SCP259_N50",0.733544855384867,-6.83413610780892,"3","#7EBA68"
"SCP_N50.LPA.TAAGAGAGTTGACGTT","SCP259","SCP259_N50",0.440414651303331,-7.30418787325082,"3","#7EBA68"
"SCP_N50.LPA.TAAGCGTCATCTCCCA","SCP259","SCP259_N50",-0.328605980606039,-6.99871359193978,"3","#7EBA68"
"SCP_N50.LPA.TACACGAAGTCCCACG","SCP259","SCP259_N50",0.16362981405739,-6.97779951418099,"3","#7EBA68"
"SCP_N50.LPA.TACAGTGGTCCAAGTT","SCP259","SCP259_N50",-0.206485361785849,-7.01413832033334,"3","#7EBA68"
"SCP_N50.LPA.TACCTATGTAGGGTAC","SCP259","SCP259_N50",-0.751365871162374,-7.21357450807748,"3","#7EBA68"
"SCP_N50.LPA.TACCTTACAGATGGCA","SCP259","SCP259_N50",2.24777701404576,-3.86809263551889,"3","#7EBA68"
"SCP_N50.LPA.TACGGATCAAGTCATC","SCP259","SCP259_N50",-1.21229502651211,-7.34641466463265,"3","#7EBA68"
"SCP_N50.LPA.TACGGGCGTTTGGGCC","SCP259","SCP259_N50",0.786952762870829,-6.58206281984506,"3","#7EBA68"
"SCP_N50.LPA.TACGGGCTCTTAGAGC","SCP259","SCP259_N50",0.49954047706608,-7.17008028352914,"3","#7EBA68"
"SCP_N50.LPA.TACTCATAGGCAATTA","SCP259","SCP259_N50",-0.166912169189413,-7.06786260927377,"3","#7EBA68"
"SCP_N50.LPA.TACTCATGTCTAACGT","SCP259","SCP259_N50",0.415322794585268,-7.21965227449594,"3","#7EBA68"
"SCP_N50.LPA.TACTCATGTGTTTGTG","SCP259","SCP259_N50",-0.0549944648456172,-6.94080934847055,"3","#7EBA68"
"SCP_N50.LPA.TACTCGCCAGGGCATA","SCP259","SCP259_N50",0.651716022758524,-6.9794741662806,"3","#7EBA68"
"SCP_N50.LPA.TACTTACGTTTCGCTC","SCP259","SCP259_N50",0.251576435758512,-6.83409128511605,"3","#7EBA68"
"SCP_N50.LPA.TAGGCATTCCGCAGTG","SCP259","SCP259_N50",2.2355842879105,-4.69775925005136,"3","#7EBA68"
"SCP_N50.LPA.TAGTGGTAGGACCACA","SCP259","SCP259_N50",1.01923379209522,-5.71908722246347,"3","#7EBA68"
"SCP_N50.LPA.TAGTGGTTCATGTAGC","SCP259","SCP259_N50",0.269276387064497,-7.30185804689584,"3","#7EBA68"
"SCP_N50.LPA.TAGTTGGAGATGTTAG","SCP259","SCP259_N50",1.21179005411152,-5.27624473894296,"3","#7EBA68"
"SCP_N50.LPA.TAGTTGGAGTACGACG","SCP259","SCP259_N50",2.15222957637791,-4.79592285478768,"3","#7EBA68"
"SCP_N50.LPA.TAGTTGGCACATCCAA","SCP259","SCP259_N50",1.00254622009281,-6.3680468591517,"3","#7EBA68"
"SCP_N50.LPA.TATCTCACAATCCAAC","SCP259","SCP259_N50",0.543412207632105,-7.07805548036752,"3","#7EBA68"
"SCP_N50.LPA.TATTACCGTTCCGTCT","SCP259","SCP259_N50",2.25785043743138,-4.27585563982186,"3","#7EBA68"
"SCP_N50.LPA.TCAATCTAGCTGTTCA","SCP259","SCP259_N50",0.316003455786745,-7.00269804323373,"3","#7EBA68"
"SCP_N50.LPA.TCAATCTCAAGCGATG","SCP259","SCP259_N50",0.43723006453995,-6.48529110277352,"3","#7EBA68"
"SCP_N50.LPA.TCAATCTCATAGGATA","SCP259","SCP259_N50",0.995900361805002,-6.37442407930551,"3","#7EBA68"
"SCP_N50.LPA.TCACAAGTCAGAGGTG","SCP259","SCP259_N50",1.9582302859116,-5.45679436052499,"3","#7EBA68"
"SCP_N50.LPA.TCAGATGAGTCCATAC","SCP259","SCP259_N50",-0.109196097583731,-7.14845285738168,"3","#7EBA68"
"SCP_N50.LPA.TCAGATGTCACCATAG","SCP259","SCP259_N50",1.60247710254673,-4.77847490633187,"3","#7EBA68"
"SCP_N50.LPA.TCATTACGTTCAGCGC","SCP259","SCP259_N50",0.736089198856394,-6.91212663973031,"3","#7EBA68"
"SCP_N50.LPA.TCATTTGAGATGGGTC","SCP259","SCP259_N50",1.97407808807377,-5.55980310762582,"3","#7EBA68"
"SCP_N50.LPA.TCATTTGAGCATCATC","SCP259","SCP259_N50",-0.927021236152609,-7.02308283174691,"3","#7EBA68"
"SCP_N50.LPA.TCCCGATTCCCATTAT","SCP259","SCP259_N50",0.659159540205042,-6.96836862886605,"3","#7EBA68"
"SCP_N50.LPA.TCGAGGCCAGGGTATG","SCP259","SCP259_N50",-0.443028540344198,-6.90497217500863,"3","#7EBA68"
"SCP_N50.LPA.TCGCGAGGTCTCGTTC","SCP259","SCP259_N50",2.3672514250565,-3.74833450639901,"3","#7EBA68"
"SCP_N50.LPA.TCGGTAACAATGGTCT","SCP259","SCP259_N50",-1.19776865932461,-7.3300715478724,"3","#7EBA68"
"SCP_N50.LPA.TCGTACCAGGAGCGAG","SCP259","SCP259_N50",0.674099593429606,-6.19048986757455,"3","#7EBA68"
"SCP_N50.LPA.TCGTACCCACATGACT","SCP259","SCP259_N50",0.536982296972315,-6.44186077440438,"3","#7EBA68"
"SCP_N50.LPA.TCGTAGAGTTAAGTAG","SCP259","SCP259_N50",-1.48200675937649,-6.98075590456185,"3","#7EBA68"
"SCP_N50.LPA.TCGTAGATCTGCGTAA","SCP259","SCP259_N50",0.653139292268793,-6.5183793100184,"3","#7EBA68"
"SCP_N50.LPA.TCTATTGCAGCAGTTT","SCP259","SCP259_N50",0.516216753988306,-6.45859966600595,"3","#7EBA68"
"SCP_N50.LPA.TCTATTGTCATTGCGA","SCP259","SCP259_N50",2.25214031246189,-4.92763099992929,"3","#7EBA68"
"SCP_N50.LPA.TCTGAGACAGGGCATA","SCP259","SCP259_N50",-1.09891101810451,-7.29042826021371,"3","#7EBA68"
"SCP_N50.LPA.TCTGAGATCTATCCTA","SCP259","SCP259_N50",0.575029133825342,-6.76448164308724,"3","#7EBA68"
"SCP_N50.LPA.TCTTCGGTCGGCATCG","SCP259","SCP259_N50",-1.59097501728054,-6.99475202882943,"3","#7EBA68"
"SCP_N50.LPA.TCTTCGGTCTCATTCA","SCP259","SCP259_N50",2.33235457447056,-3.59659586275277,"3","#7EBA68"
"SCP_N50.LPA.TGAAAGAAGTACGTTC","SCP259","SCP259_N50",1.67836967018131,-5.94205150926766,"3","#7EBA68"
"SCP_N50.LPA.TGACAACCAATGAAAC","SCP259","SCP259_N50",-1.24485108348842,-7.1105776819056,"3","#7EBA68"
"SCP_N50.LPA.TGACGGCAGGTGCTAG","SCP259","SCP259_N50",2.2778742602158,-4.64923439348397,"3","#7EBA68"
"SCP_N50.LPA.TGACTAGCAAGCTGTT","SCP259","SCP259_N50",-1.42812082263943,-7.25113211000619,"3","#7EBA68"
"SCP_N50.LPA.TGACTAGCAGGGAGAG","SCP259","SCP259_N50",1.19626507070545,-4.8654080423182,"3","#7EBA68"
"SCP_N50.LPA.TGAGCATCACGGTGTC","SCP259","SCP259_N50",0.707833766012232,-7.07718000734506,"3","#7EBA68"
"SCP_N50.LPA.TGAGGGAAGCGAAGGG","SCP259","SCP259_N50",-1.12092241737362,-7.16185579622445,"3","#7EBA68"
"SCP_N50.LPA.TGATTTCTCATGCATG","SCP259","SCP259_N50",0.925338177948038,-5.49641857469735,"3","#7EBA68"
"SCP_N50.LPA.TGCCAAAGTAACGTTC","SCP259","SCP259_N50",0.215298920876126,-6.90235624635873,"3","#7EBA68"
"SCP_N50.LPA.TGCCAAAGTCGTCTTC","SCP259","SCP259_N50",1.30710795429234,-6.16496382082162,"3","#7EBA68"
"SCP_N50.LPA.TGCCCATAGTTGTAGA","SCP259","SCP259_N50",1.33863297012333,-5.51260147417245,"3","#7EBA68"
"SCP_N50.LPA.TGCCCATTCCGCTGTT","SCP259","SCP259_N50",-0.306040734977682,-7.05440912569223,"3","#7EBA68"
"SCP_N50.LPA.TGCGCAGAGTCCGTAT","SCP259","SCP259_N50",-1.17231640312191,-5.896585086233,"3","#7EBA68"
"SCP_N50.LPA.TGCGCAGCAGGAACGT","SCP259","SCP259_N50",-1.33563467952724,-6.54484377229867,"3","#7EBA68"
"SCP_N50.LPA.TGCGCAGTCCTTTCGG","SCP259","SCP259_N50",-0.290447027416189,-6.36214552248178,"3","#7EBA68"
"SCP_N50.LPA.TGCGGGTTCAAACCAC","SCP259","SCP259_N50",0.521829306154291,-6.84501180971322,"3","#7EBA68"
"SCP_N50.LPA.TGCGTGGAGGGTGTTG","SCP259","SCP259_N50",1.98491838481907,-5.42384538973031,"3","#7EBA68"
"SCP_N50.LPA.TGCTACCAGATTACCC","SCP259","SCP259_N50",-1.08548268768307,-7.22104463899789,"3","#7EBA68"
"SCP_N50.LPA.TGCTACCAGTGCCAGA","SCP259","SCP259_N50",0.136994278996031,-7.1843253167933,"3","#7EBA68"
"SCP_N50.LPA.TGCTACCGTCTAGCCG","SCP259","SCP259_N50",0.810839383869211,-6.6007185968226,"3","#7EBA68"
"SCP_N50.LPA.TGGACGCCAGTCGTGC","SCP259","SCP259_N50",0.801663010387461,-6.72168360078988,"3","#7EBA68"
"SCP_N50.LPA.TGGCCAGGTGGCTCCA","SCP259","SCP259_N50",2.22844627407078,-3.81525621736703,"3","#7EBA68"
"SCP_N50.LPA.TGGCGCACATTCGACA","SCP259","SCP259_N50",-1.45981690380092,-7.35313902223764,"3","#7EBA68"
"SCP_N50.LPA.TGGCTGGCACGTGAGA","SCP259","SCP259_N50",-1.32270750495907,-6.99700937593637,"3","#7EBA68"
"SCP_N50.LPA.TGGGCGTAGCGATATA","SCP259","SCP259_N50",0.679402976303141,-7.09724150026498,"3","#7EBA68"
"SCP_N50.LPA.TGGTTAGCAATAGCGG","SCP259","SCP259_N50",1.5921391537476,-5.69159374559579,"3","#7EBA68"
"SCP_N50.LPA.TGGTTCCAGCCTCGTG","SCP259","SCP259_N50",1.71510532405857,-5.79240522707162,"3","#7EBA68"
"SCP_N50.LPA.TGGTTCCTCTCGTTTA","SCP259","SCP259_N50",2.16746619251255,-5.26155910814462,"3","#7EBA68"
"SCP_N50.LPA.TGTCCCAAGCCCGAAA","SCP259","SCP259_N50",-0.0436408230971889,-6.86839685762582,"3","#7EBA68"
"SCP_N50.LPA.TGTGGTACACCACCAG","SCP259","SCP259_N50",-1.14702245685573,-7.37199316347299,"3","#7EBA68"
"SCP_N50.LPA.TGTTCCGGTCTCCATC","SCP259","SCP259_N50",1.35603490379337,-4.33728704775033,"3","#7EBA68"
"SCP_N50.LPA.TTAACTCGTCCTGCTT","SCP259","SCP259_N50",0.813608734874765,-6.59111652696786,"3","#7EBA68"
"SCP_N50.LPA.TTAGTTCCACCGAATT","SCP259","SCP259_N50",0.196406248031895,-7.13014517152963,"3","#7EBA68"
"SCP_N50.LPA.TTCCCAGGTAACGTTC","SCP259","SCP259_N50",0.468701063661615,-6.52686128938851,"3","#7EBA68"
"SCP_N50.LPA.TTCGAAGTCGGATGGA","SCP259","SCP259_N50",2.27364542987827,-3.77214870775399,"3","#7EBA68"
"SCP_N50.LPA.TTCGAAGTCGTTTATC","SCP259","SCP259_N50",1.23799481895451,-5.15032158220468,"3","#7EBA68"
"SCP_N50.LPA.TTCTCAACAGCTGTAT","SCP259","SCP259_N50",-1.089200348587,-6.9621573480433,"3","#7EBA68"
"SCP_N50.LPA.TTCTCAAGTCTCTCTG","SCP259","SCP259_N50",-0.84677824470516,-7.1187563928431,"3","#7EBA68"
"SCP_N50.LPA.TTCTTAGAGTGTACCT","SCP259","SCP259_N50",2.35098460224156,-3.67788372362313,"3","#7EBA68"
"SCP_N50.LPA.TTGACTTAGCCACGCT","SCP259","SCP259_N50",0.716009556322138,-6.44372043932138,"3","#7EBA68"
"SCP_N50.LPA.TTGGAACCATCCAACA","SCP259","SCP259_N50",0.567894249229471,-6.56599817598519,"3","#7EBA68"
"SCP_N50.LPA.TTGTAGGTCCGCGGTA","SCP259","SCP259_N50",-1.51591226551052,-7.04849253023324,"3","#7EBA68"
"SCP_N50.LPA.TTTACTGAGTGCTGCC","SCP259","SCP259_N50",2.24730613735203,-4.88716564500985,"3","#7EBA68"
"SCP_N50.LPA.TTTATGCCACATAACC","SCP259","SCP259_N50",2.12368205097202,-3.60457048738656,"3","#7EBA68"
"SCP_N50.LPA.TTTATGCGTACCTACA","SCP259","SCP259_N50",1.0211934140015,-6.16689215028939,"3","#7EBA68"
"SCP_N50.LPA.TTTATGCTCCTTGCCA","SCP259","SCP259_N50",2.17349412944798,-3.57029877031503,"3","#7EBA68"
"SCP_N50.LPA.TTTCCTCCATTACGAC","SCP259","SCP259_N50",-1.44730231258388,-6.93369303072152,"3","#7EBA68"
"SCP_N50.LPA.TTTCCTCGTCCGACGT","SCP259","SCP259_N50",0.739947705535929,-5.88308677995858,"3","#7EBA68"
"SCP_N50.LPA.TTTGGTTCAATGTTGC","SCP259","SCP259_N50",0.28806663957123,-7.01842794740853,"3","#7EBA68"
"SCP_N50.LPA.TTTGTCAGTTAAAGAC","SCP259","SCP259_N50",1.85443296936039,-4.14080009782968,"3","#7EBA68"
"SCP_N50.LPB.AAACGGGTCTTAGAGC","SCP259","SCP259_N50",1.35625091102604,-5.7456480058497,"3","#7EBA68"
"SCP_N50.LPB.AAAGCAAAGATGTCGG","SCP259","SCP259_N50",1.99389281776432,-4.5528555902308,"3","#7EBA68"
"SCP_N50.LPB.AACACGTTCTCAAGTG","SCP259","SCP259_N50",0.974759130744974,-5.81030140245614,"3","#7EBA68"
"SCP_N50.LPB.AACGTTGAGATGGCGT","SCP259","SCP259_N50",0.671734600334208,-5.57694540346322,"3","#7EBA68"
"SCP_N50.LPB.AACGTTGTCTCACATT","SCP259","SCP259_N50",0.514874934225123,-6.12881479585824,"3","#7EBA68"
"SCP_N50.LPB.AATCGGTCAGCCTGTG","SCP259","SCP259_N50",1.22563794162754,-5.21449432695565,"3","#7EBA68"
"SCP_N50.LPB.ACACCAAAGCAATCTC","SCP259","SCP259_N50",2.30796530750279,-3.70247993791757,"3","#7EBA68"
"SCP_N50.LPB.ACACCAACAGACGCAA","SCP259","SCP259_N50",1.75342276599888,-5.48966322267709,"3","#7EBA68"
"SCP_N50.LPB.ACACCGGAGAGACTTA","SCP259","SCP259_N50",0.568818389444391,-6.38094625795541,"3","#7EBA68"
"SCP_N50.LPB.ACACTGACAGGGTATG","SCP259","SCP259_N50",-1.57866177055355,-6.58066997850595,"3","#7EBA68"
"SCP_N50.LPB.ACCAGTAAGGCTAGCA","SCP259","SCP259_N50",0.908075421123545,-6.2724429162806,"3","#7EBA68"
"SCP_N50.LPB.ACCCACTGTCCGACGT","SCP259","SCP259_N50",-1.48624548408504,-6.73356924379525,"3","#7EBA68"
"SCP_N50.LPB.ACCGTAATCAGCTCGG","SCP259","SCP259_N50",0.361124335794489,-5.8363028558558,"3","#7EBA68"
"SCP_N50.LPB.ACCTTTAGTGAAATCA","SCP259","SCP259_N50",1.99131348636631,-5.20319042528329,"3","#7EBA68"
"SCP_N50.LPB.ACGAGCCGTGAGGCTA","SCP259","SCP259_N50",0.58593654540066,-6.15059910143075,"3","#7EBA68"
"SCP_N50.LPB.ACGAGGAAGTTACCCA","SCP259","SCP259_N50",-1.62611362430569,-6.8314028772181,"3","#7EBA68"
"SCP_N50.LPB.ACGCCAGTCTACTCAT","SCP259","SCP259_N50",2.1539888670731,-4.6418767961329,"3","#7EBA68"
"SCP_N50.LPB.ACTGAGTAGACCCACC","SCP259","SCP259_N50",-1.5965518662643,-6.89755068147836,"3","#7EBA68"
"SCP_N50.LPB.ACTGAGTCAGCTCGAC","SCP259","SCP259_N50",0.251320426358621,-5.67438373888192,"3","#7EBA68"
"SCP_N50.LPB.AGATCTGGTCATGCAT","SCP259","SCP259_N50",0.277136529802124,-6.36931763017831,"3","#7EBA68"
"SCP_N50.LPB.AGATCTGTCCGTTGCT","SCP259","SCP259_N50",-1.52171883079525,-6.57801637972055,"3","#7EBA68"
"SCP_N50.LPB.AGCGGTCCACAGGTTT","SCP259","SCP259_N50",-0.130151362152059,-6.39881573045907,"5","#00BFC8"
"SCP_N50.LPB.AGCTCCTGTAAGGGAA","SCP259","SCP259_N50",0.69304376748089,-5.24903879488168,"3","#7EBA68"
"SCP_N50.LPB.AGCTTGAAGGCAGTCA","SCP259","SCP259_N50",-1.65975818130489,-6.66226015413461,"3","#7EBA68"
"SCP_N50.LPB.AGGCCACGTAGCGCAA","SCP259","SCP259_N50",0.641650258569758,-6.0606738122767,"3","#7EBA68"
"SCP_N50.LPB.AGGGTGAAGTCTCGGC","SCP259","SCP259_N50",-1.54058835002895,-7.00067434633432,"3","#7EBA68"
"SCP_N50.LPB.AGGTCATGTGCGGTAA","SCP259","SCP259_N50",-1.32449731323238,-6.93208990419564,"3","#7EBA68"
"SCP_N50.LPB.AGTCTTTAGATGTTAG","SCP259","SCP259_N50",-1.3869069525909,-6.71946916902719,"3","#7EBA68"
"SCP_N50.LPB.AGTCTTTTCGAATGCT","SCP259","SCP259_N50",1.95834401157383,-5.42613277757821,"3","#7EBA68"
"SCP_N50.LPB.ATAAGAGCAATGAAAC","SCP259","SCP259_N50",-1.48530086967464,-7.15364656770883,"3","#7EBA68"
"SCP_N50.LPB.ATAGACCGTTCCACGG","SCP259","SCP259_N50",1.2638110211182,-4.98085031831918,"3","#7EBA68"
"SCP_N50.LPB.ATCATCTGTGCAGTAG","SCP259","SCP259_N50",2.22006967571263,-3.69424448335824,"3","#7EBA68"
"SCP_N50.LPB.ATCATGGGTACAGACG","SCP259","SCP259_N50",-1.67430684062954,-6.79259310091195,"3","#7EBA68"
"SCP_N50.LPB.ATCTACTAGCCCAGCT","SCP259","SCP259_N50",1.44482496288304,-4.27650270784555,"3","#7EBA68"
"SCP_N50.LPB.ATGTGTGCACATGACT","SCP259","SCP259_N50",1.83147123363499,-4.9281145128077,"3","#7EBA68"
"SCP_N50.LPB.ATTATCCGTCCGAATT","SCP259","SCP259_N50",0.674632965593378,-6.09051094377694,"3","#7EBA68"
"SCP_N50.LPB.ATTATCCTCTTGTATC","SCP259","SCP259_N50",0.69707021024708,-5.46216736162362,"3","#7EBA68"
"SCP_N50.LPB.ATTGGACGTTAGGGTG","SCP259","SCP259_N50",0.782043247489969,-6.14873752916513,"3","#7EBA68"
"SCP_N50.LPB.ATTTCTGAGATGTGGC","SCP259","SCP259_N50",-1.56699547264095,-6.80634985292611,"3","#7EBA68"
"SCP_N50.LPB.CAAGATCCAAGCTGAG","SCP259","SCP259_N50",-0.972303838462789,-7.16847334230599,"3","#7EBA68"
"SCP_N50.LPB.CAAGTTGGTACTTCTT","SCP259","SCP259_N50",1.56363251712803,-5.11197195375619,"3","#7EBA68"
"SCP_N50.LPB.CACAGTAAGTTGAGAT","SCP259","SCP259_N50",0.806726663379709,-6.10018024767098,"3","#7EBA68"
"SCP_N50.LPB.CACAGTACACAACGCC","SCP259","SCP259_N50",-0.88907298538204,-6.71784410799203,"3","#7EBA68"
"SCP_N50.LPB.CACCTTGAGGAACTGC","SCP259","SCP259_N50",-0.360910386772116,-6.88556299532113,"3","#7EBA68"
"SCP_N50.LPB.CAGCATACAACAACCT","SCP259","SCP259_N50",2.23083189037327,-3.58252678239999,"3","#7EBA68"
"SCP_N50.LPB.CAGTCCTAGCCCAACC","SCP259","SCP259_N50",-1.43360468837734,-7.18103800142465,"3","#7EBA68"
"SCP_N50.LPB.CATATGGGTCGAACAG","SCP259","SCP259_N50",0.0358284851599141,-6.42940578783212,"3","#7EBA68"
"SCP_N50.LPB.CATATTCCAAACAACA","SCP259","SCP259_N50",0.892576604156534,-4.99512014711557,"3","#7EBA68"
"SCP_N50.LPB.CATCAGACAAGCGTAG","SCP259","SCP259_N50",-1.57302627059933,-6.58798275316415,"3","#7EBA68"
"SCP_N50.LPB.CATCGAAGTAGCAAAT","SCP259","SCP259_N50",0.975432901649515,-5.59682474458871,"3","#7EBA68"
"SCP_N50.LPB.CATCGGGCAGCGATCC","SCP259","SCP259_N50",-1.53287407848354,-6.97257528627572,"3","#7EBA68"
"SCP_N50.LPB.CCAATCCCAGGGTACA","SCP259","SCP259_N50",-1.55873987171169,-6.50400982225595,"3","#7EBA68"
"SCP_N50.LPB.CCACCTAAGATTACCC","SCP259","SCP259_N50",-1.08765515777584,-6.19327030504403,"3","#7EBA68"
"SCP_N50.LPB.CCATTCGGTGAAATCA","SCP259","SCP259_N50",1.8064055731583,-5.12129841173348,"3","#7EBA68"
"SCP_N50.LPB.CGAACATCACAGAGGT","SCP259","SCP259_N50",1.97118714359287,-5.25544843996224,"3","#7EBA68"
"SCP_N50.LPB.CGAACATTCAGGATCT","SCP259","SCP259_N50",2.122145562439,-4.40967760408578,"3","#7EBA68"
"SCP_N50.LPB.CGAATGTAGCAGCCTC","SCP259","SCP259_N50",0.106599903671782,-6.29952297533212,"3","#7EBA68"
"SCP_N50.LPB.CGAATGTTCGCCGTGA","SCP259","SCP259_N50",0.308010346262495,-6.44332704866586,"3","#7EBA68"
"SCP_N50.LPB.CGACCTTGTCGACTGC","SCP259","SCP259_N50",-1.42409584018703,-6.51172647798715,"3","#7EBA68"
"SCP_N50.LPB.CGACTTCGTGTGACGA","SCP259","SCP259_N50",0.35493458714966,-5.83020124757943,"3","#7EBA68"
"SCP_N50.LPB.CGAGAAGGTAGCCTCG","SCP259","SCP259_N50",-0.0656190523814754,-5.91263590181527,"3","#7EBA68"
"SCP_N50.LPB.CGAGAAGGTCCGAATT","SCP259","SCP259_N50",1.98761394527439,-3.47045669878182,"3","#7EBA68"
"SCP_N50.LPB.CGCGTTTAGGAGTTGC","SCP259","SCP259_N50",2.07970705535893,-4.21233139360604,"3","#7EBA68"
"SCP_N50.LPB.CGCGTTTCAACTGGCC","SCP259","SCP259_N50",2.09674027469639,-3.75995693529306,"3","#7EBA68"
"SCP_N50.LPB.CGCTGGATCGTTTGCC","SCP259","SCP259_N50",-1.25373706314083,-6.87704382265267,"3","#7EBA68"
"SCP_N50.LPB.CGCTTCAGTTTGACTG","SCP259","SCP259_N50",1.20390602853779,-5.45895777071176,"3","#7EBA68"
"SCP_N50.LPB.CGGAGTCAGCTACCTA","SCP259","SCP259_N50",-1.59750172588344,-7.23347006166635,"3","#7EBA68"
"SCP_N50.LPB.CGTAGCGAGGTCGGAT","SCP259","SCP259_N50",-1.51784214469906,-6.55940828645883,"3","#7EBA68"
"SCP_N50.LPB.CGTAGCGTCTAACGGT","SCP259","SCP259_N50",-1.81189152690883,-6.63014898622689,"3","#7EBA68"
"SCP_N50.LPB.CTAAGACAGGCATGGT","SCP259","SCP259_N50",-1.60884699317928,-6.37164030397592,"3","#7EBA68"
"SCP_N50.LPB.CTACCCACAACACCCG","SCP259","SCP259_N50",-1.45560237857815,-6.87780866945443,"3","#7EBA68"
"SCP_N50.LPB.CTAGCCTTCGTAGATC","SCP259","SCP259_N50",-1.32749173137661,-6.12045965517221,"3","#7EBA68"
"SCP_N50.LPB.CTCAGAAGTTCTCATT","SCP259","SCP259_N50",1.34478214290623,-3.74978599870858,"1","#DC9E70"
"SCP_N50.LPB.CTCGAAAGTAGAGGAA","SCP259","SCP259_N50",-1.26358780357357,-6.71640978182015,"3","#7EBA68"
"SCP_N50.LPB.CTCGAAATCTACTTAC","SCP259","SCP259_N50",-1.418071360321,-6.93621359193978,"3","#7EBA68"
"SCP_N50.LPB.CTGAAACGTGCTTCTC","SCP259","SCP259_N50",-1.35156437847133,-6.94754515016732,"3","#7EBA68"
"SCP_N50.LPB.CTGTGCTGTCAAACTC","SCP259","SCP259_N50",-1.47575983497616,-7.02004251802621,"3","#7EBA68"
"SCP_N50.LPB.CTTAACTGTCCGACGT","SCP259","SCP259_N50",0.920222370891611,-5.6322160753077,"3","#7EBA68"
"SCP_N50.LPB.CTTAGGAGTCATACTG","SCP259","SCP259_N50",0.051618828444521,-6.40773353899179,"3","#7EBA68"
"SCP_N50.LPB.CTTCTCTAGGAGTTTA","SCP259","SCP259_N50",1.20075538661961,-6.02285681093392,"3","#7EBA68"
"SCP_N50.LPB.GAAATGAAGTGTACGG","SCP259","SCP259_N50",0.177325732080977,-6.36257801378427,"3","#7EBA68"
"SCP_N50.LPB.GAACATCGTACCAGTT","SCP259","SCP259_N50",0.914301841526072,-5.98894367540536,"3","#7EBA68"
"SCP_N50.LPB.GAAGCAGCATGCAACT","SCP259","SCP259_N50",0.844913392334025,-5.1580482515162,"3","#7EBA68"
"SCP_N50.LPB.GAATGAATCCAGTAGT","SCP259","SCP259_N50",0.773286431102793,-5.80528889024911,"3","#7EBA68"
"SCP_N50.LPB.GACGGCTAGGACAGCT","SCP259","SCP259_N50",-0.00693999323364058,-6.56269321764169,"3","#7EBA68"
"SCP_N50.LPB.GACGTGCGTGGTCTCG","SCP259","SCP259_N50",-1.53530141803737,-7.30595693910775,"3","#7EBA68"
"SCP_N50.LPB.GACTACAAGCTAAGAT","SCP259","SCP259_N50",-1.59161040279384,-6.76495371187387,"3","#7EBA68"
"SCP_N50.LPB.GACTGCGGTTCACCTC","SCP259","SCP259_N50",1.63099411037449,-3.93196068132577,"3","#7EBA68"
"SCP_N50.LPB.GAGGTGACACCGCTAG","SCP259","SCP259_N50",1.32575288322453,-5.0634289773768,"3","#7EBA68"
"SCP_N50.LPB.GAGTCCGCACACCGAC","SCP259","SCP259_N50",-0.962452859611471,-6.87281046236215,"3","#7EBA68"
"SCP_N50.LPB.GATCGCGAGCTGTCTA","SCP259","SCP259_N50",-1.44419261905666,-6.5161853822535,"3","#7EBA68"
"SCP_N50.LPB.GCAAACTAGAGTCGGT","SCP259","SCP259_N50",0.555673479108851,-5.3576332124537,"3","#7EBA68"
"SCP_N50.LPB.GCAAACTTCTATCGCC","SCP259","SCP259_N50",1.74584832695011,-5.34987268770394,"3","#7EBA68"
"SCP_N50.LPB.GCATACAGTCCGAACC","SCP259","SCP259_N50",-1.45936665031429,-6.35485086763558,"3","#7EBA68"
"SCP_N50.LPB.GCATGATAGATGCGAC","SCP259","SCP259_N50",0.915671198635141,-6.01240644777474,"3","#7EBA68"
"SCP_N50.LPB.GCATGCGGTCGAGATG","SCP259","SCP259_N50",-1.70990154239651,-6.85239992464242,"3","#7EBA68"
"SCP_N50.LPB.GCATGTAGTAGCACGA","SCP259","SCP259_N50",-3.63558718654629,-1.92410025919137,"2","#B7AE50"
"SCP_N50.LPB.GCCTCTACAAGTAGTA","SCP259","SCP259_N50",0.764076321392099,-6.4161196740931,"3","#7EBA68"
"SCP_N50.LPB.GCGACCATCAGGATCT","SCP259","SCP259_N50",-1.56863519641872,-6.43827019060311,"3","#7EBA68"
"SCP_N50.LPB.GCGACCATCAGTCAGT","SCP259","SCP259_N50",-0.719830305309256,-5.9430185350245,"3","#7EBA68"
"SCP_N50.LPB.GCGCAACCAGTACACT","SCP259","SCP259_N50",-1.46663352939602,-6.22190294588265,"3","#7EBA68"
"SCP_N50.LPB.GCTGCAGAGAATTCCC","SCP259","SCP259_N50",-1.04479095432277,-5.75962124193368,"3","#7EBA68"
"SCP_N50.LPB.GCTTCCAAGGTGCACA","SCP259","SCP259_N50",1.64867201354984,-5.45043335283456,"3","#7EBA68"
"SCP_N50.LPB.GCTTGAATCCATGAAC","SCP259","SCP259_N50",-1.46025714370724,-6.15244255388436,"3","#7EBA68"
"SCP_N50.LPB.GCTTGAATCCTTGGTC","SCP259","SCP259_N50",-1.4808075139236,-6.22763643587289,"3","#7EBA68"
"SCP_N50.LPB.GGACAGAGTGCACTTA","SCP259","SCP259_N50",2.05762210395817,-4.7548967393702,"3","#7EBA68"
"SCP_N50.LPB.GGCCGATTCGAGCCCA","SCP259","SCP259_N50",0.430538385181467,-6.36609993303475,"3","#7EBA68"
"SCP_N50.LPB.GGGAGATTCAGAGACG","SCP259","SCP259_N50",-1.61052033397671,-6.65533171022592,"3","#7EBA68"
"SCP_N50.LPB.GTAGGCCTCATGTCCC","SCP259","SCP259_N50",-1.33446762058254,-7.09445772493539,"3","#7EBA68"
"SCP_N50.LPB.GTATTCTAGACAGACC","SCP259","SCP259_N50",-1.27469155284878,-6.87804708803353,"3","#7EBA68"
"SCP_N50.LPB.GTCACGGCAGATCCAT","SCP259","SCP259_N50",-1.10164877864834,-5.94417105043588,"3","#7EBA68"
"SCP_N50.LPB.GTCATTTGTCACCCAG","SCP259","SCP259_N50",-0.416340858669241,-5.75713692033944,"3","#7EBA68"
"SCP_N50.LPB.GTCCTCACACCTATCC","SCP259","SCP259_N50",-1.53763362857815,-6.56403789842782,"3","#7EBA68"
"SCP_N50.LPB.GTGAAGGCAATGGACG","SCP259","SCP259_N50",-1.59071573707577,-6.87240801180062,"3","#7EBA68"
"SCP_N50.LPB.GTGCATATCTAGCACA","SCP259","SCP259_N50",0.468759357004206,-6.17939625108895,"3","#7EBA68"
"SCP_N50.LPB.GTGGGTCCACCAGATT","SCP259","SCP259_N50",-1.02366444561001,-6.20419178331552,"3","#7EBA68"
"SCP_N50.LPB.GTGGGTCGTATTACCG","SCP259","SCP259_N50",2.23212745693211,-3.57171783769784,"3","#7EBA68"
"SCP_N50.LPB.GTTACAGTCAGTTAGC","SCP259","SCP259_N50",1.96164265182499,-5.08058653200326,"3","#7EBA68"
"SCP_N50.LPB.TACGGTACATTAACCG","SCP259","SCP259_N50",-1.62282475921627,-6.71198377931771,"3","#7EBA68"
"SCP_N50.LPB.TAGAGCTCAAGAGGCT","SCP259","SCP259_N50",0.61147820857052,-5.43708143556771,"3","#7EBA68"
"SCP_N50.LPB.TAGGCATTCAGTTAGC","SCP259","SCP259_N50",-0.700676710338552,-6.71894846285043,"3","#7EBA68"
"SCP_N50.LPB.TATCTCAGTAACGTTC","SCP259","SCP259_N50",-0.673740179271658,-6.35052023256478,"3","#7EBA68"
"SCP_N50.LPB.TATTACCTCAGAGGTG","SCP259","SCP259_N50",0.893230526714365,-5.68856058443246,"3","#7EBA68"
"SCP_N50.LPB.TCAATCTTCTAACGGT","SCP259","SCP259_N50",-1.49175724479671,-6.44028721178231,"3","#7EBA68"
"SCP_N50.LPB.TCAGCTCCAACTGGCC","SCP259","SCP259_N50",0.914770572452585,-6.26766977632699,"3","#7EBA68"
"SCP_N50.LPB.TCCACACTCGAACGGA","SCP259","SCP259_N50",0.833293824462931,-6.02248154009042,"3","#7EBA68"
"SCP_N50.LPB.TCGCGTTCAAGCTGTT","SCP259","SCP259_N50",2.04724672344212,-4.74195061052499,"3","#7EBA68"
"SCP_N50.LPB.TCGGTAAGTTAGATGA","SCP259","SCP259_N50",-1.4640965172958,-6.34924850786386,"3","#7EBA68"
"SCP_N50.LPB.TCTGAGAGTCGTGGCT","SCP259","SCP259_N50",-1.61834332439419,-6.52702055299935,"3","#7EBA68"
"SCP_N50.LPB.TGAAAGATCGCGGATC","SCP259","SCP259_N50",1.41646376159672,-5.29823026979623,"3","#7EBA68"
"SCP_N50.LPB.TGAGCATCACATGTGT","SCP259","SCP259_N50",0.619098155765574,-5.59492884004769,"3","#7EBA68"
"SCP_N50.LPB.TGCACCTCATCGGAAG","SCP259","SCP259_N50",0.763589887886088,-5.98449335420785,"3","#7EBA68"
"SCP_N50.LPB.TGCGGGTTCAAACCGT","SCP259","SCP259_N50",-1.44886550399776,-6.52753029192147,"3","#7EBA68"
"SCP_N50.LPB.TGGCGCACAGCATGAG","SCP259","SCP259_N50",0.928853183059733,-5.85136328066049,"3","#7EBA68"
"SCP_N50.LPB.TGGCTGGAGAAACCTA","SCP259","SCP259_N50",0.816881387500803,-5.42794618929086,"3","#7EBA68"
"SCP_N50.LPB.TGGGCGTGTAGTGAAT","SCP259","SCP259_N50",-7.04035946819301,-1.98555240953622,"5","#00BFC8"
"SCP_N50.LPB.TGTATTCCATGTCGAT","SCP259","SCP259_N50",1.79333963897709,-5.41742477739511,"3","#7EBA68"
"SCP_N50.LPB.TGTATTCGTGCGCTTG","SCP259","SCP259_N50",-1.57230755779262,-6.56563911760507,"3","#7EBA68"
"SCP_N50.LPB.TGTTCCGAGCGAGAAA","SCP259","SCP259_N50",-1.46265491935726,-6.80098162019906,"3","#7EBA68"
"SCP_N50.LPB.TTAGGCAGTGTCCTCT","SCP259","SCP259_N50",0.0365190198707982,-6.31233892763314,"5","#00BFC8"
"SCP_N50.LPB.TTGAACGCATGGAATA","SCP259","SCP259_N50",-1.58295831176754,-6.52601633394418,"3","#7EBA68"
"SCP_N50.LPB.TTGCCGTAGGTGATTA","SCP259","SCP259_N50",0.86174580362324,-5.59843025530038,"3","#7EBA68"
"SCP_N50.LPB.TTGCGTCAGGTGCTTT","SCP259","SCP259_N50",-1.56586334201809,-7.11076650942025,"3","#7EBA68"
"SCP_N50.LPB.TTGGAACTCCGCGTTT","SCP259","SCP259_N50",0.629445224075358,-6.17806730592904,"3","#7EBA68"
"SCP_N50.LPB.TTTATGCGTGTTTGGT","SCP259","SCP259_N50",-1.66024574729915,-6.95742521608529,"3","#7EBA68"
"SCP_N106.EpiB.ACACCGGTCGGTCTAA","SCP259","SCP259_N106",-5.68792721721645,0.98650159513297,"6","#6FB1E7"
"SCP_N106.EpiB.ACAGCTATCGAGAGCA","SCP259","SCP259_N106",0.86300894525532,-0.275906065351344,"1","#DC9E70"
"SCP_N106.EpiB.ACATACGCACAACGTT","SCP259","SCP259_N106",1.20317551401142,-0.313990810758448,"0","#ED90A4"
"SCP_N106.EpiB.ACGGAGATCGTTTATC","SCP259","SCP259_N106",-1.36365470382686,-0.527112463361598,"6","#6FB1E7"
"SCP_N106.EpiB.ACGGCCACAAGGCTCC","SCP259","SCP259_N106",0.614091544418375,0.568006476514959,"1","#DC9E70"
"SCP_N106.EpiB.ACTATCTCAATCGGTT","SCP259","SCP259_N106",1.32373061683659,-1.43252764070687,"1","#DC9E70"
"SCP_N106.EpiB.ACTTACTCACATCTTT","SCP259","SCP259_N106",-0.544935376377066,1.45097093483152,"0","#ED90A4"
"SCP_N106.EpiB.AGAGCGAGTCACAAGG","SCP259","SCP259_N106",1.52189579513554,-2.28927717531381,"1","#DC9E70"
"SCP_N106.EpiB.AGCGTATCAGAGTGTG","SCP259","SCP259_N106",-1.3238650271606,1.24956882571521,"2","#B7AE50"
"SCP_N106.EpiB.AGCTCCTAGTCAAGGC","SCP259","SCP259_N106",0.149462952284853,-0.409252384549952,"6","#6FB1E7"
"SCP_N106.EpiB.ATCACGACATCAGTCA","SCP259","SCP259_N106",-7.31961628887172,-0.241722920781947,"5","#00BFC8"
"SCP_N106.EpiB.ATGAGGGTCGCCTGTT","SCP259","SCP259_N106",1.11270311382298,-0.248732307798243,"0","#ED90A4"
"SCP_N106.EpiB.ATTGGACGTCGAAAGC","SCP259","SCP259_N106",-1.2976073929977,-0.952900269872523,"0","#ED90A4"
"SCP_N106.EpiB.CAAGAAACACCTGGTG","SCP259","SCP259_N106",-7.65534684154506,-0.427090743429042,"5","#00BFC8"
"SCP_N106.EpiB.CACAGTATCTCTAGGA","SCP259","SCP259_N106",-0.893681139678915,-0.814783194906092,"1","#DC9E70"
"SCP_N106.EpiB.CACCTTGTCGCCGTGA","SCP259","SCP259_N106",1.16494718101505,-0.570292094594813,"1","#DC9E70"
"SCP_N106.EpiB.CAGTCCTAGAGGTTGC","SCP259","SCP259_N106",-4.43142125102993,0.92449574744048,"6","#6FB1E7"
"SCP_N106.EpiB.CATGGCGCAACTTGAC","SCP259","SCP259_N106",-0.711004645557363,-0.35372970426736,"6","#6FB1E7"
"SCP_N106.EpiB.CCCTCCTAGCGGCTTC","SCP259","SCP259_N106",1.11038830783848,-0.545770862943507,"1","#DC9E70"
"SCP_N106.EpiB.CCTACCACACGAAGCA","SCP259","SCP259_N106",0.816704778938334,-0.50139472807107,"1","#DC9E70"
"SCP_N106.EpiB.CGGCTAGCAGCAGTTT","SCP259","SCP259_N106",-1.81923529598232,-0.168215731031276,"6","#6FB1E7"
"SCP_N106.EpiB.CTCACACGTCTGGAGA","SCP259","SCP259_N106",0.623335688381235,0.446500858419561,"1","#DC9E70"
"SCP_N106.EpiB.CTCGGAGTCTTGGGTA","SCP259","SCP259_N106",0.766741185455362,1.05781557237449,"0","#ED90A4"
"SCP_N106.EpiB.GAAATGATCTCACATT","SCP259","SCP259_N106",-1.27638849708553,-0.729879001027919,"1","#DC9E70"
"SCP_N106.EpiB.GACCTGGGTTCTGAAC","SCP259","SCP259_N106",-1.51474270317074,-0.318051317579127,"6","#6FB1E7"
"SCP_N106.EpiB.GAGTCCGTCTGCTGCT","SCP259","SCP259_N106",-1.33627006504055,-0.763315060979701,"1","#DC9E70"
"SCP_N106.EpiB.GATCAGTGTAATTGGA","SCP259","SCP259_N106",-1.91397187206264,-0.0901741775339611,"6","#6FB1E7"
"SCP_N106.EpiB.GCATGCGTCAGGATCT","SCP259","SCP259_N106",-0.0725793549727992,-0.00510738218483997,"1","#DC9E70"
"SCP_N106.EpiB.GCGCCAAGTCCGTCAG","SCP259","SCP259_N106",-0.855303854675253,-0.392166117078639,"6","#6FB1E7"
"SCP_N106.EpiB.GCTCCTAAGAAACGAG","SCP259","SCP259_N106",-7.81317469570156,-0.563956240064479,"5","#00BFC8"
"SCP_N106.EpiB.GCTCCTATCGCCTGTT","SCP259","SCP259_N106",-5.94555184337612,0.874483129137182,"6","#6FB1E7"
"SCP_N106.EpiB.GGACATTGTCCGAAGA","SCP259","SCP259_N106",-6.49404904338833,-0.559422829992152,"4","#1DC199"
"SCP_N106.EpiB.GGCAATTGTTCCACAA","SCP259","SCP259_N106",-1.2513484666061,-0.25884650076089,"6","#6FB1E7"
"SCP_N106.EpiB.GGCTCGAAGCGTAATA","SCP259","SCP259_N106",4.06370952632908,0.289651414507055,"1","#DC9E70"
"SCP_N106.EpiB.GGGAGATTCCTGCTTG","SCP259","SCP259_N106",0.461762442259829,-0.142644265539027,"1","#DC9E70"
"SCP_N106.EpiB.GGTGTTACAAGAAGAG","SCP259","SCP259_N106",0.286762713460962,0.0821378437215321,"1","#DC9E70"
"SCP_N106.EpiB.GTCAAGTTCCTATGTT","SCP259","SCP259_N106",-1.75013265106197,-0.125959137327052,"6","#6FB1E7"
"SCP_N106.EpiB.GTCCTCATCTCGTATT","SCP259","SCP259_N106",-1.62689158412929,-0.83878383958993,"0","#ED90A4"
"SCP_N106.EpiB.GTCGTAAAGTCAAGCG","SCP259","SCP259_N106",-1.19281491729732,-1.21952090585885,"0","#ED90A4"
"SCP_N106.EpiB.GTGCATACATATGAGA","SCP259","SCP259_N106",0.589342742233317,0.258748313539647,"0","#ED90A4"
"SCP_N106.EpiB.GTGGGTCTCTGCGGCA","SCP259","SCP259_N106",-1.50674566719051,-0.404575804120875,"6","#6FB1E7"
"SCP_N106.EpiB.GTTCATTTCTGATACG","SCP259","SCP259_N106",1.25789299514775,-1.40358338678536,"1","#DC9E70"
"SCP_N106.EpiB.TAAGAGACACTAGTAC","SCP259","SCP259_N106",-1.41726097557064,-0.216401914007045,"6","#6FB1E7"
"SCP_N106.EpiB.TAGACCAGTAGCTGCC","SCP259","SCP259_N106",-0.742184312076528,-0.531606891996241,"1","#DC9E70"
"SCP_N106.EpiB.TAGAGCTAGCGTCAAG","SCP259","SCP259_N106",-0.930643410415609,-0.350625136739589,"6","#6FB1E7"
"SCP_N106.EpiB.TAGAGCTCATTCACTT","SCP259","SCP259_N106",-0.542041094036062,-0.382086852437831,"6","#6FB1E7"
"SCP_N106.EpiB.TAGTTGGGTTCACCTC","SCP259","SCP259_N106",0.247200704186003,0.026961824052953,"1","#DC9E70"
"SCP_N106.EpiB.TCAGATGCAATGTAAG","SCP259","SCP259_N106",-1.35301503631588,-0.75605736101327,"1","#DC9E70"
"SCP_N106.EpiB.TCTCATAAGTGTCCAT","SCP259","SCP259_N106",-7.57136294338222,-0.344450930005885,"5","#00BFC8"
"SCP_N106.EpiB.TCTTTCCTCACCACCT","SCP259","SCP259_N106",-0.381161422462423,0.963558098428869,"0","#ED90A4"
"SCP_N106.EpiB.TGACGGCGTGCGAAAC","SCP259","SCP259_N106",-7.42426297161098,-0.328891375905848,"5","#00BFC8"
"SCP_N106.EpiB.TGCCAAATCAAACCGT","SCP259","SCP259_N106",-1.71155259105678,-0.226807573682643,"6","#6FB1E7"
"SCP_N106.EpiB.TTAACTCGTTGAGGTG","SCP259","SCP259_N106",-1.07349571678158,-0.670173266774989,"6","#6FB1E7"
"SCP_N106.EpiB.TTAGGACAGGCCCTCA","SCP259","SCP259_N106",1.38868763950352,-2.04713402116952,"1","#DC9E70"
"SCP_N106.EpiB.TTTCCTCTCACAAACC","SCP259","SCP259_N106",-1.33540889713283,-0.57976935232339,"6","#6FB1E7"
"SCP_N106.EpiA.CATGGCGTCTCGCTTG","SCP259","SCP259_N106",0.914949445991556,0.316066881769323,"1","#DC9E70"
"SCP_N106.EpiA.CGTCCATAGAAGAAGC","SCP259","SCP259_N106",3.66446831729893,1.3340316173965,"0","#ED90A4"
"SCP_N106.EpiA.GCGACCAAGCCAGGAT","SCP259","SCP259_N106",-3.08544251415249,1.22025333916488,"6","#6FB1E7"
"SCP_N106.EpiA.GGTATTGCATGTTGAC","SCP259","SCP259_N106",-3.28620979282375,1.32834961091819,"6","#6FB1E7"
"SCP_N106.EpiA.GGTATTGTCAACGGGA","SCP259","SCP259_N106",-1.50639340373989,-0.190485099202967,"6","#6FB1E7"
"SCP_N106.EpiA.GGTGTTAAGGCTCTTA","SCP259","SCP259_N106",3.93590119388584,1.60612047290149,"0","#ED90A4"
"SCP_N106.EpiA.TTTCCTCGTAAATGTG","SCP259","SCP259_N106",-3.1469795415115,1.3215193135077,"6","#6FB1E7"
"SCP_N106.LPB.AAACCTGGTCCAGTGC","SCP259","SCP259_N106",1.08765420225147,-2.04227385843453,"1","#DC9E70"
"SCP_N106.LPB.AAACGGGCATCCTTGC","SCP259","SCP259_N106",-0.337060839862783,1.44162741129937,"0","#ED90A4"
"SCP_N106.LPB.AAACGGGTCCCTCAGT","SCP259","SCP259_N106",-2.61159941646572,-1.7369433435267,"4","#1DC199"
"SCP_N106.LPB.AAAGCAATCCCTGACT","SCP259","SCP259_N106",-3.28116318675991,-1.48752913797555,"4","#1DC199"
"SCP_N106.LPB.AACCATGGTTAGGGTG","SCP259","SCP259_N106",-1.45206365081783,-0.959373811132289,"1","#DC9E70"
"SCP_N106.LPB.AACGTTGAGTTAACGA","SCP259","SCP259_N106",1.22856882122044,-2.04109988535104,"1","#DC9E70"
"SCP_N106.LPB.AACGTTGTCCACGCAG","SCP259","SCP259_N106",-2.40437314006801,-1.61667142236886,"4","#1DC199"
"SCP_N106.LPB.AACTCAGAGAATTCCC","SCP259","SCP259_N106",-7.30496260616298,0.97787379299941,"4","#1DC199"
"SCP_N106.LPB.AACTCAGAGAGCTGGT","SCP259","SCP259_N106",0.759561805992167,-1.43874464357553,"1","#DC9E70"
"SCP_N106.LPB.AACTCTTAGTGGGCTA","SCP259","SCP259_N106",-1.04473313781734,-6.79089937532601,"1","#DC9E70"
"SCP_N106.LPB.AACTGGTAGACAATAC","SCP259","SCP259_N106",0.614303617744486,-1.13031039560494,"1","#DC9E70"
"SCP_N106.LPB.AAGGAGCAGGCCGAAT","SCP259","SCP259_N106",1.54226735141758,-1.2587722333735,"1","#DC9E70"
"SCP_N106.LPB.AATCCAGAGGCCCTTG","SCP259","SCP259_N106",-2.8915764996719,-1.2704692872828,"4","#1DC199"
"SCP_N106.LPB.AATCCAGCACCAGTTA","SCP259","SCP259_N106",-3.59683033916469,-2.26324186647592,"5","#00BFC8"
"SCP_N106.LPB.AATCCAGGTGTGCCTG","SCP259","SCP259_N106",-1.74295029136654,-2.6130829843348,"4","#1DC199"
"SCP_N106.LPB.ACACCAAGTTCCTCCA","SCP259","SCP259_N106",-0.307362050743063,-1.2472337278193,"1","#DC9E70"
"SCP_N106.LPB.ACACCCTTCCTTCAAT","SCP259","SCP259_N106",-4.6324953744125,-1.90251336420236,"5","#00BFC8"
"SCP_N106.LPB.ACACTGAGTCACTGGC","SCP259","SCP259_N106",-3.32507607433315,-1.74628482187448,"4","#1DC199"
"SCP_N106.LPB.ACACTGAGTTATGCGT","SCP259","SCP259_N106",-5.61082121822353,-2.03243074739633,"5","#00BFC8"
"SCP_N106.LPB.ACACTGAGTTTGTTTC","SCP259","SCP259_N106",0.630615978508036,-0.890025714284755,"1","#DC9E70"
"SCP_N106.LPB.ACAGCCGTCAGAGACG","SCP259","SCP259_N106",-1.95877239200588,-1.27661071146188,"4","#1DC199"
"SCP_N106.LPB.ACATGGTTCATATCGG","SCP259","SCP259_N106",-2.73922225925442,-1.86932192171273,"4","#1DC199"
"SCP_N106.LPB.ACCAGTAAGTTGTAGA","SCP259","SCP259_N106",-3.51086208316799,-2.01348982179818,"4","#1DC199"
"SCP_N106.LPB.ACCGTAAGTGCATCTA","SCP259","SCP259_N106",1.6125077297974,-2.15964708650765,"1","#DC9E70"
"SCP_N106.LPB.ACCGTAATCTATCGCC","SCP259","SCP259_N106",0.639395087032358,-0.967946389562464,"1","#DC9E70"
"SCP_N106.LPB.ACGATACGTTCACGGC","SCP259","SCP259_N106",-2.47385332080837,-1.34491596544442,"4","#1DC199"
"SCP_N106.LPB.ACGCAGCAGTTATCGC","SCP259","SCP259_N106",-3.64941069576259,-3.38264570558724,"4","#1DC199"
"SCP_N106.LPB.ACGCAGCCATATACGC","SCP259","SCP259_N106",-0.000235454173047933,-0.394176700956202,"1","#DC9E70"
"SCP_N106.LPB.ACGGAGAGTTCAGTAC","SCP259","SCP259_N106",-1.73224875423427,-1.87757978761849,"4","#1DC199"
"SCP_N106.LPB.ACGGAGATCCTTAATC","SCP259","SCP259_N106",-3.84038540813442,-1.47997794473825,"1","#DC9E70"
"SCP_N106.LPB.ACGGGTCGTCGTCTTC","SCP259","SCP259_N106",0.443861528306048,-0.726068833715297,"1","#DC9E70"
"SCP_N106.LPB.ACTGAGTAGGGTGTTG","SCP259","SCP259_N106",0.787012427120249,-1.13507590616403,"1","#DC9E70"
"SCP_N106.LPB.ACTGTCCCATAGACTC","SCP259","SCP259_N106",-0.835422486991842,-1.31080279672799,"1","#DC9E70"
"SCP_N106.LPB.ACTTACTCAAACGTGG","SCP259","SCP259_N106",1.44546237495426,-0.458829739934779,"1","#DC9E70"
"SCP_N106.LPB.ACTTACTGTATATGAG","SCP259","SCP259_N106",1.38548055198673,-2.18824706400094,"1","#DC9E70"
"SCP_N106.LPB.ACTTGTTCAGCTCCGA","SCP259","SCP259_N106",0.794182091026346,-0.853679993993617,"1","#DC9E70"
"SCP_N106.LPB.AGAATAGGTCAAAGAT","SCP259","SCP259_N106",-1.44326195213314,-2.25533614481149,"0","#ED90A4"
"SCP_N106.LPB.AGAGCTTGTAAGCACG","SCP259","SCP259_N106",-3.4833037564468,-2.18065367067514,"4","#1DC199"
"SCP_N106.LPB.AGAGTGGCAAGCTGTT","SCP259","SCP259_N106",1.25012078788761,-1.01536641443429,"1","#DC9E70"
"SCP_N106.LPB.AGCCTAACATGAGCGA","SCP259","SCP259_N106",1.62963905838017,-0.746384957677699,"1","#DC9E70"
"SCP_N106.LPB.AGCGTCGTCTGTACGA","SCP259","SCP259_N106",-1.1763413855743,-3.92281589830575,"1","#DC9E70"
"SCP_N106.LPB.AGCTCTCCAACTGGCC","SCP259","SCP259_N106",0.483448951511423,-0.79661140764413,"1","#DC9E70"
"SCP_N106.LPB.AGGGAGTCACTGAAGG","SCP259","SCP259_N106",-3.17505356761928,-1.81807813966928,"4","#1DC199"
"SCP_N106.LPB.AGGGAGTGTGGTCTCG","SCP259","SCP259_N106",1.15380754974369,-2.01481590593515,"1","#DC9E70"
"SCP_N106.LPB.AGGGAGTGTTGTACAC","SCP259","SCP259_N106",-1.88889524433132,-1.43971500719247,"1","#DC9E70"
"SCP_N106.LPB.AGGGATGGTTCAGCGC","SCP259","SCP259_N106",1.53166547325138,-1.13927278841195,"1","#DC9E70"
"SCP_N106.LPB.AGGTCATAGACATAAC","SCP259","SCP259_N106",-1.27929052803036,-0.952892640477992,"1","#DC9E70"
"SCP_N106.LPB.AGGTCATGTCCATCCT","SCP259","SCP259_N106",-4.32557818386074,-1.65621433580575,"5","#00BFC8"
"SCP_N106.LPB.AGGTCATTCTTTCCTC","SCP259","SCP259_N106",-0.312589080066641,-1.40982542360482,"0","#ED90A4"
"SCP_N106.LPB.AGTAGTCGTAGAGTGC","SCP259","SCP259_N106",1.61262586620335,-0.926856854802943,"1","#DC9E70"
"SCP_N106.LPB.AGTCTTTCACCTGGTG","SCP259","SCP259_N106",-1.47149250003811,-4.33245907152352,"1","#DC9E70"
"SCP_N106.LPB.AGTGGGACATGTCGAT","SCP259","SCP259_N106",0.81860843208317,-1.03194985712228,"1","#DC9E70"
"SCP_N106.LPB.ATAACGCGTGCGAAAC","SCP259","SCP259_N106",0.61780550983433,-0.975125411397792,"1","#DC9E70"
"SCP_N106.LPB.ATCATCTAGTGGTCCC","SCP259","SCP259_N106",-2.4836904713821,-2.83464441621957,"4","#1DC199"
"SCP_N106.LPB.ATCATCTGTATGGTTC","SCP259","SCP259_N106",-1.46609827968593,-3.57644472444711,"0","#ED90A4"
"SCP_N106.LPB.ATCATCTTCGTACCGG","SCP259","SCP259_N106",-1.02808043453213,-1.15357313478646,"1","#DC9E70"
"SCP_N106.LPB.ATCCGAAAGCGTTTAC","SCP259","SCP259_N106",0.0905866464662953,-0.921952823049403,"1","#DC9E70"
"SCP_N106.LPB.ATCTGCCTCACGCGGT","SCP259","SCP259_N106",-3.29710933658596,-1.72700963342843,"4","#1DC199"
"SCP_N106.LPB.ATGCGATAGAAGGGTA","SCP259","SCP259_N106",-1.36432430240627,-2.20488915765939,"0","#ED90A4"
"SCP_N106.LPB.ATGGGAGAGCCCTAAT","SCP259","SCP259_N106",-1.63254281970974,-1.16286096895394,"1","#DC9E70"
"SCP_N106.LPB.ATGGGAGAGGGCACTA","SCP259","SCP259_N106",-1.89632889720913,-1.52963719690499,"1","#DC9E70"
"SCP_N106.LPB.ATGGGAGAGTCCGTAT","SCP259","SCP259_N106",-1.34085390064235,-1.31367621744332,"1","#DC9E70"
"SCP_N106.LPB.ATTACTCAGATCGATA","SCP259","SCP259_N106",2.35110834148411,-0.0518574508493908,"0","#ED90A4"
"SCP_N106.LPB.ATTACTCTCTAAGCCA","SCP259","SCP259_N106",-0.0557291218947963,-0.250694015867091,"1","#DC9E70"
"SCP_N106.LPB.ATTCTACGTAGGACAC","SCP259","SCP259_N106",-0.0298149594974116,-2.16399965608773,"1","#DC9E70"
"SCP_N106.LPB.ATTCTACTCTCTTATG","SCP259","SCP259_N106",1.22477927711491,-0.854415515310145,"1","#DC9E70"
"SCP_N106.LPB.ATTGGACGTAAAGGAG","SCP259","SCP259_N106",0.463698520331423,-1.08867845857797,"1","#DC9E70"
"SCP_N106.LPB.ATTGGACGTCTTTCAT","SCP259","SCP259_N106",-2.37748143169399,-0.895785191900111,"4","#1DC199"
"SCP_N106.LPB.ATTTCTGCACATTAGC","SCP259","SCP259_N106",-1.96531745883938,-1.6799295934504,"4","#1DC199"
"SCP_N106.LPB.CAACCAAAGTTCGCGC","SCP259","SCP259_N106",-7.85927245113369,-0.645996907598353,"5","#00BFC8"
"SCP_N106.LPB.CAACCAAGTGCAGACA","SCP259","SCP259_N106",-1.40026983711239,-1.83407864893136,"0","#ED90A4"
"SCP_N106.LPB.CAACCAAGTGTGACGA","SCP259","SCP259_N106",1.19074776676182,-1.92067799890695,"1","#DC9E70"
"SCP_N106.LPB.CAACTAGAGAAGGCCT","SCP259","SCP259_N106",-2.03056976291652,-1.3283728154963,"4","#1DC199"
"SCP_N106.LPB.CACAAACGTGCCTTGG","SCP259","SCP259_N106",-1.53034696075435,-1.66099009836373,"0","#ED90A4"
"SCP_N106.LPB.CACACCTAGCTAAACA","SCP259","SCP259_N106",-0.838309139938314,-1.47245130861459,"0","#ED90A4"
"SCP_N106.LPB.CACAGGCAGCCGGTAA","SCP259","SCP259_N106",-2.75987359973903,-1.29852710092721,"4","#1DC199"
"SCP_N106.LPB.CAGCAGCTCCCTCAGT","SCP259","SCP259_N106",0.892471401958506,-1.27832851732431,"1","#DC9E70"
"SCP_N106.LPB.CAGCATATCGGTCTAA","SCP259","SCP259_N106",-1.32302913162227,-1.16433248842416,"1","#DC9E70"
"SCP_N106.LPB.CAGCATATCGTGACAT","SCP259","SCP259_N106",0.147299497394602,-1.12480578745065,"1","#DC9E70"
"SCP_N106.LPB.CAGCTGGGTGACAAAT","SCP259","SCP259_N106",1.73492017295841,-0.404954412824488,"1","#DC9E70"
"SCP_N106.LPB.CAGGTGCCAGGTCCAC","SCP259","SCP259_N106",-4.85180232021328,-2.29248771989999,"5","#00BFC8"
"SCP_N106.LPB.CAGGTGCCAGGTTTCA","SCP259","SCP259_N106",1.38457944896702,-0.748566487676478,"1","#DC9E70"
"SCP_N106.LPB.CAGGTGCTCTGCCAGG","SCP259","SCP259_N106",1.23989882972721,-0.620871880895472,"1","#DC9E70"
"SCP_N106.LPB.CAGTAACTCAACACCA","SCP259","SCP259_N106",0.310429616837542,-1.31287656152902,"1","#DC9E70"
"SCP_N106.LPB.CAGTCCTGTGTGCGTC","SCP259","SCP259_N106",-1.45916268321987,-2.1501239332026,"0","#ED90A4"
"SCP_N106.LPB.CATATGGAGCCCAGCT","SCP259","SCP259_N106",0.798994510440867,-0.768684008962489,"1","#DC9E70"
"SCP_N106.LPB.CATATGGGTACGCTGC","SCP259","SCP259_N106",1.56794062164311,-0.918590882665492,"1","#DC9E70"
"SCP_N106.LPB.CATATTCTCTTCAACT","SCP259","SCP259_N106",0.827017395763437,-1.57678256357369,"1","#DC9E70"
"SCP_N106.LPB.CATCAAGTCTGCAGTA","SCP259","SCP259_N106",-1.49383089038845,-1.7771786245173,"0","#ED90A4"
"SCP_N106.LPB.CATCCACGTCTGCCAG","SCP259","SCP259_N106",-0.111844600172003,-1.63387523019967,"1","#DC9E70"
"SCP_N106.LPB.CATCGAAAGGAACTGC","SCP259","SCP259_N106",0.97511854675297,-0.974330047017909,"1","#DC9E70"
"SCP_N106.LPB.CATCGAACAATGTAAG","SCP259","SCP259_N106",0.842695384292643,-0.944035628682948,"1","#DC9E70"
"SCP_N106.LPB.CATCGAAGTGGCAAAC","SCP259","SCP259_N106",-2.79034230205532,-1.58546219194589,"4","#1DC199"
"SCP_N106.LPB.CATCGAATCATGTCTT","SCP259","SCP259_N106",-1.27678987476345,-2.88166580522714,"0","#ED90A4"
"SCP_N106.LPB.CATCGGGAGAAGAAGC","SCP259","SCP259_N106",1.29790654685978,-2.63136015260873,"1","#DC9E70"
"SCP_N106.LPB.CATGGCGAGCGGCTTC","SCP259","SCP259_N106",-0.158985824317892,-1.11553321207223,"1","#DC9E70"
"SCP_N106.LPB.CCAATCCCATTTCAGG","SCP259","SCP259_N106",0.319763093261759,-1.16512141550241,"1","#DC9E70"
"SCP_N106.LPB.CCAATCCGTTTAAGCC","SCP259","SCP259_N106",1.30220797565464,-1.20201835954843,"1","#DC9E70"
"SCP_N106.LPB.CCACCTAAGAGCCTAG","SCP259","SCP259_N106",1.21848550346379,-1.37863836610971,"1","#DC9E70"
"SCP_N106.LPB.CCACCTAGTTACGACT","SCP259","SCP259_N106",0.719054370193522,-1.08938966119943,"1","#DC9E70"
"SCP_N106.LPB.CCACGGAGTGGTAACG","SCP259","SCP259_N106",1.57023396995548,-5.09771213854013,"3","#7EBA68"
"SCP_N106.LPB.CCAGCGAAGATAGTCA","SCP259","SCP259_N106",1.55617549922947,-2.03298745477853,"1","#DC9E70"
"SCP_N106.LPB.CCAGCGACATCACCCT","SCP259","SCP259_N106",0.805848686962168,-0.652017691976405,"1","#DC9E70"
"SCP_N106.LPB.CCATGTCGTGAAAGAG","SCP259","SCP259_N106",-2.53929588291164,-1.35168896043954,"4","#1DC199"
"SCP_N106.LPB.CCATTCGCATTTCAGG","SCP259","SCP259_N106",1.526104836731,-1.83591828668771,"1","#DC9E70"
"SCP_N106.LPB.CCATTCGTCAGCTGGC","SCP259","SCP259_N106",1.61602440383915,-0.829876998311854,"1","#DC9E70"
"SCP_N106.LPB.CCCAATCCACGTCTCT","SCP259","SCP259_N106",1.50982645061497,-2.1396168264216,"1","#DC9E70"
"SCP_N106.LPB.CCCAGTTGTTCTCATT","SCP259","SCP259_N106",-0.0208139428805904,-1.71231041277108,"1","#DC9E70"
"SCP_N106.LPB.CCCTCCTGTAGCGATG","SCP259","SCP259_N106",-1.6715476224136,-1.55741701448617,"1","#DC9E70"
"SCP_N106.LPB.CCCTCCTTCCAAATGC","SCP259","SCP259_N106",1.17638495471958,-1.088976958639,"1","#DC9E70"
"SCP_N106.LPB.CCCTCCTTCGTGGTCG","SCP259","SCP259_N106",-2.28787276241298,-1.21299300516305,"4","#1DC199"
"SCP_N106.LPB.CCGGTAGGTCTTGCGG","SCP259","SCP259_N106",-0.398389966220816,-3.32286558473764,"1","#DC9E70"
"SCP_N106.LPB.CCGGTAGTCGCGCCAA","SCP259","SCP259_N106",-0.389958710403402,-1.86168465936837,"1","#DC9E70"
"SCP_N106.LPB.CCGTACTTCTCTTGAT","SCP259","SCP259_N106",-1.02873715850826,-0.795480349904872,"1","#DC9E70"
"SCP_N106.LPB.CCTATTATCAAGGCTT","SCP259","SCP259_N106",-3.64699909183498,-2.69225178087411,"4","#1DC199"
"SCP_N106.LPB.CCTCAGTCACCATCCT","SCP259","SCP259_N106",-0.110279203386267,-1.0037992986506,"1","#DC9E70"
"SCP_N106.LPB.CCTCTGACATAGAAAC","SCP259","SCP259_N106",1.31863751914982,-2.4572528394526,"1","#DC9E70"
"SCP_N106.LPB.CCTTCCCGTAACGCGA","SCP259","SCP259_N106",1.37529399898533,-1.90274129236398,"1","#DC9E70"
"SCP_N106.LPB.CGAATGTCAAGTCTGT","SCP259","SCP259_N106",-2.64044520351406,-1.28167209947763,"4","#1DC199"
"SCP_N106.LPB.CGAATGTCACAAGCCC","SCP259","SCP259_N106",1.12156006601338,-1.94915662134347,"1","#DC9E70"
"SCP_N106.LPB.CGACCTTAGTGGAGAA","SCP259","SCP259_N106",0.737538485794108,-1.22139153803048,"1","#DC9E70"
"SCP_N106.LPB.CGACCTTCATGAGCGA","SCP259","SCP259_N106",-1.35016009304043,-1.82059297884164,"0","#ED90A4"
"SCP_N106.LPB.CGACCTTTCGTACCGG","SCP259","SCP259_N106",1.61324062850956,-2.29373965585885,"1","#DC9E70"
"SCP_N106.LPB.CGACTTCTCCGAATGT","SCP259","SCP259_N106",-3.12807199451443,-1.99525389993844,"4","#1DC199"
"SCP_N106.LPB.CGACTTCTCTTGAGGT","SCP259","SCP259_N106",0.0965958675432607,-0.959397891408778,"1","#DC9E70"
"SCP_N106.LPB.CGAGCCATCTGATTCT","SCP259","SCP259_N106",-3.36146351787563,-2.098977664358,"4","#1DC199"
"SCP_N106.LPB.CGATGGCTCCGTAGTA","SCP259","SCP259_N106",1.40972855594639,-0.503386596090174,"1","#DC9E70"
"SCP_N106.LPB.CGATGGCTCTTCATGT","SCP259","SCP259_N106",-1.4381856629562,-4.08292732561288,"1","#DC9E70"
"SCP_N106.LPB.CGATTGAAGCTCCTTC","SCP259","SCP259_N106",-2.10333606693264,-1.19415245378671,"4","#1DC199"
"SCP_N106.LPB.CGCGGTAAGCTACCGC","SCP259","SCP259_N106",0.44536347594742,-1.19261226976571,"1","#DC9E70"
"SCP_N106.LPB.CGCGTTTCATAAAGGT","SCP259","SCP259_N106",0.178163084207813,-2.91637668932138,"1","#DC9E70"
"SCP_N106.LPB.CGCGTTTCATCACGTA","SCP259","SCP259_N106",-0.683011800975759,-1.9506941827601,"0","#ED90A4"
"SCP_N106.LPB.CGCTGGATCGTTTATC","SCP259","SCP259_N106",1.41773000267033,-1.03514705026803,"1","#DC9E70"
"SCP_N106.LPB.CGCTTCACACCAGCAC","SCP259","SCP259_N106",-1.51936897727962,-2.06729708040414,"0","#ED90A4"
"SCP_N106.LPB.CGCTTCACATGGGAAC","SCP259","SCP259_N106",1.52767053153996,-0.801308015233851,"1","#DC9E70"
"SCP_N106.LPB.CGCTTCAGTGGGTATG","SCP259","SCP259_N106",-2.31755563709255,-1.30058465326486,"4","#1DC199"
"SCP_N106.LPB.CGCTTCATCCAACCAA","SCP259","SCP259_N106",-1.46372136566158,-2.18476281488595,"0","#ED90A4"
"SCP_N106.LPB.CGGACGTTCCAGGGCT","SCP259","SCP259_N106",-2.35203215572353,-1.34778485620675,"4","#1DC199"
"SCP_N106.LPB.CGGACTGCAGTGACAG","SCP259","SCP259_N106",-0.188165248365362,-1.33381018961129,"1","#DC9E70"
"SCP_N106.LPB.CGGAGCTAGATGTAAC","SCP259","SCP259_N106",1.65943971183781,-2.44970593774972,"1","#DC9E70"
"SCP_N106.LPB.CGGAGCTGTGGTCTCG","SCP259","SCP259_N106",0.548303394584696,-0.929854968435145,"1","#DC9E70"
"SCP_N106.LPB.CGGGTCACAAGCGTAG","SCP259","SCP259_N106",0.766129761009256,-1.62492857301889,"1","#DC9E70"
"SCP_N106.LPB.CGGGTCAGTCACAAGG","SCP259","SCP259_N106",-1.5290869185638,-4.11954222047982,"0","#ED90A4"
"SCP_N106.LPB.CGGGTCAGTTGTGGAG","SCP259","SCP259_N106",-2.33376476261135,-1.64362845743356,"4","#1DC199"
"SCP_N106.LPB.CGGTTAAAGGTCGGAT","SCP259","SCP259_N106",1.04798898008351,-0.628759959585047,"1","#DC9E70"
"SCP_N106.LPB.CGTCACTAGGGATGGG","SCP259","SCP259_N106",1.65668752696995,-2.66076813066659,"1","#DC9E70"
"SCP_N106.LPB.CGTCACTGTAGCGTGA","SCP259","SCP259_N106",-0.753638298244436,-0.772835591680384,"1","#DC9E70"
"SCP_N106.LPB.CGTGTAACAATGGTCT","SCP259","SCP259_N106",-0.625036389560659,-1.9884778055018,"1","#DC9E70"
"SCP_N106.LPB.CGTGTCTCATCTACGA","SCP259","SCP259_N106",-0.516877503128012,-0.271035292989589,"1","#DC9E70"
"SCP_N106.LPB.CGTTAGACAGCTGCTG","SCP259","SCP259_N106",1.4485057881165,-2.28802404726205,"1","#DC9E70"
"SCP_N106.LPB.CGTTCTGAGCTCCCAG","SCP259","SCP259_N106",-4.53692671749111,-1.5307723077601,"4","#1DC199"
"SCP_N106.LPB.CGTTCTGAGGGAAACA","SCP259","SCP259_N106",-1.24851331207271,-2.14871368730722,"0","#ED90A4"
"SCP_N106.LPB.CTAAGACAGGTCATCT","SCP259","SCP259_N106",0.528402327566187,-0.984213450795985,"1","#DC9E70"
"SCP_N106.LPB.CTAAGACCAAAGAATC","SCP259","SCP259_N106",1.32400324848179,-1.89578328455148,"1","#DC9E70"
"SCP_N106.LPB.CTAGTGACAATGGATA","SCP259","SCP259_N106",1.58587077167515,-0.786181786901332,"1","#DC9E70"
"SCP_N106.LPB.CTAGTGACAGTAACGG","SCP259","SCP259_N106",0.0594879379558965,-1.42596397722421,"0","#ED90A4"
"SCP_N106.LPB.CTCATTAAGGATGGAA","SCP259","SCP259_N106",1.15036293771748,-1.21280012453256,"1","#DC9E70"
"SCP_N106.LPB.CTCATTAGTCGATTGT","SCP259","SCP259_N106",-0.377901644439657,-1.33049879396615,"1","#DC9E70"
"SCP_N106.LPB.CTCATTATCCAAAGTC","SCP259","SCP259_N106",-1.48206600639339,-1.87339101160226,"0","#ED90A4"
"SCP_N106.LPB.CTCATTATCTTGTCAT","SCP259","SCP259_N106",-0.866290778846701,-1.26107797945199,"1","#DC9E70"
"SCP_N106.LPB.CTCGAAAAGCTCCTCT","SCP259","SCP259_N106",1.31486740615849,-0.908213237172938,"1","#DC9E70"
"SCP_N106.LPB.CTCGTCAGTTGTGGCC","SCP259","SCP259_N106",-3.10583373996731,-2.0173707994288,"4","#1DC199"
"SCP_N106.LPB.CTGAAACCAGCGTAAG","SCP259","SCP259_N106",-3.17435190174099,-1.71598396623788,"4","#1DC199"
"SCP_N106.LPB.CTGAAGTCAAACGCGA","SCP259","SCP259_N106",2.38433149364475,0.0337175337010853,"0","#ED90A4"
"SCP_N106.LPB.CTGATCCAGTCTTGCA","SCP259","SCP259_N106",-1.9564208695602,-2.094587663061,"4","#1DC199"
"SCP_N106.LPB.CTGCTGTGTAGGAGTC","SCP259","SCP259_N106",0.779455392627756,-0.892830232030726,"1","#DC9E70"
"SCP_N106.LPB.CTGGTCTGTTCGCGAC","SCP259","SCP259_N106",-1.50289067718502,-2.56471739137826,"0","#ED90A4"
"SCP_N106.LPB.CTGTGCTAGAGCTGGT","SCP259","SCP259_N106",-2.51568648311611,-1.71131477678475,"4","#1DC199"
"SCP_N106.LPB.CTGTGCTCACCAGGTC","SCP259","SCP259_N106",1.53233233001713,-0.684270480520106,"1","#DC9E70"
"SCP_N106.LPB.CTTAACTGTACAGACG","SCP259","SCP259_N106",-0.969986767501791,-1.65172181451974,"0","#ED90A4"
"SCP_N106.LPB.CTTAGGACACTAGTAC","SCP259","SCP259_N106",-2.05611369106289,-1.09852824533639,"1","#DC9E70"
"SCP_N106.LPB.CTTAGGACATAGACTC","SCP259","SCP259_N106",-2.25016924831386,-1.29794631326852,"4","#1DC199"
"SCP_N106.LPB.CTTAGGATCCGCATAA","SCP259","SCP259_N106",1.8014315655518,-3.32726202333627,"1","#DC9E70"
"SCP_N106.LPB.CTTCTCTGTTCCCGAG","SCP259","SCP259_N106",-3.00276872608181,-1.73422417963204,"4","#1DC199"
"SCP_N106.LPB.CTTCTCTTCCAGTATG","SCP259","SCP259_N106",-1.08463844749447,-1.84812507951913,"0","#ED90A4"
"SCP_N106.LPB.CTTGGCTAGTCCATAC","SCP259","SCP259_N106",0.599049179821055,-1.25602207506356,"1","#DC9E70"
"SCP_N106.LPB.CTTGGCTTCCTTCAAT","SCP259","SCP259_N106",-3.03116533252712,-2.04315553034005,"4","#1DC199"
"SCP_N106.LPB.GAAACTCAGGAGTTGC","SCP259","SCP259_N106",0.481432585983317,-1.04697618807015,"1","#DC9E70"
"SCP_N106.LPB.GAAATGAGTGAAATCA","SCP259","SCP259_N106",1.44518390205387,-0.64012775743661,"1","#DC9E70"
"SCP_N106.LPB.GAACATCGTTTCCACC","SCP259","SCP259_N106",-0.0474492022704677,-0.406539061910487,"1","#DC9E70"
"SCP_N106.LPB.GAACGGACACTGTGTA","SCP259","SCP259_N106",0.96067693737034,-1.21125064218698,"1","#DC9E70"
"SCP_N106.LPB.GAATGAATCTAAGCCA","SCP259","SCP259_N106",1.1771747758675,-1.50997505510507,"1","#DC9E70"
"SCP_N106.LPB.GACAGAGCATAAAGGT","SCP259","SCP259_N106",1.55477157142643,-2.79314098680673,"1","#DC9E70"
"SCP_N106.LPB.GACGCGTCAAGCGATG","SCP259","SCP259_N106",-1.40635427925106,-4.48065481508432,"1","#DC9E70"
"SCP_N106.LPB.GACGCGTGTAGAGGAA","SCP259","SCP259_N106",-3.3055464932632,-1.36240110719857,"4","#1DC199"
"SCP_N106.LPB.GACGGCTAGGACATTA","SCP259","SCP259_N106",-1.47744557353969,-2.19214067781625,"0","#ED90A4"
"SCP_N106.LPB.GACGTTAAGCTCAACT","SCP259","SCP259_N106",1.08156385925297,-0.931782344228602,"1","#DC9E70"
"SCP_N106.LPB.GACGTTATCATGCTCC","SCP259","SCP259_N106",-2.57008811923977,-1.44347677553353,"4","#1DC199"
"SCP_N106.LPB.GACTACAAGACACTAA","SCP259","SCP259_N106",1.18535300996784,-2.70847425783334,"1","#DC9E70"
"SCP_N106.LPB.GACTGCGAGTGCGTGA","SCP259","SCP259_N106",-0.645055324764212,-0.464730957395411,"1","#DC9E70"
"SCP_N106.LPB.GACTGCGCAGTCTTCC","SCP259","SCP259_N106",1.54412320163731,-2.20931825960336,"1","#DC9E70"
"SCP_N106.LPB.GACTGCGGTTATCACG","SCP259","SCP259_N106",0.43439736869816,-1.13122520769296,"1","#DC9E70"
"SCP_N106.LPB.GAGCAGACACAGGTTT","SCP259","SCP259_N106",-0.845707506866415,-2.07549891794381,"0","#ED90A4"
"SCP_N106.LPB.GAGCAGACACCCATTC","SCP259","SCP259_N106",-1.32621929141994,-1.96844659174142,"0","#ED90A4"
"SCP_N106.LPB.GAGGTGACATCGGGTC","SCP259","SCP259_N106",-1.27634045574184,-4.45424709642587,"1","#DC9E70"
"SCP_N106.LPB.GAGGTGAGTCTTCGTC","SCP259","SCP259_N106",0.332812502055208,-0.994624236471034,"1","#DC9E70"
"SCP_N106.LPB.GATCAGTCAATACGCT","SCP259","SCP259_N106",-2.37906572315212,-1.34435472810922,"4","#1DC199"
"SCP_N106.LPB.GATCGATGTAAGGATT","SCP259","SCP259_N106",1.41978195217137,-0.995151618368006,"1","#DC9E70"
"SCP_N106.LPB.GATCGATGTGAGGCTA","SCP259","SCP259_N106",-0.630857736797293,-1.68000111902413,"4","#1DC199"
"SCP_N106.LPB.GATCGCGCAATGGAAT","SCP259","SCP259_N106",-1.07093283626552,-1.41414699876962,"1","#DC9E70"
"SCP_N106.LPB.GATCTAGGTCGCATAT","SCP259","SCP259_N106",-1.51097759696956,-2.51277146661935,"0","#ED90A4"
"SCP_N106.LPB.GATCTAGTCGAATGGG","SCP259","SCP259_N106",0.364275141625444,-1.1827109845942,"1","#DC9E70"
"SCP_N106.LPB.GATGAAAGTCCGACGT","SCP259","SCP259_N106",1.6511013796616,-1.50373730982003,"1","#DC9E70"
"SCP_N106.LPB.GATGAAATCAACTCTT","SCP259","SCP259_N106",1.66467121150974,-2.79540644014535,"1","#DC9E70"
"SCP_N106.LPB.GATGCTATCTCTAAGG","SCP259","SCP259_N106",-1.28145501110073,-4.24569044435678,"1","#DC9E70"
"SCP_N106.LPB.GCACATAAGAAGGACA","SCP259","SCP259_N106",1.07454529312138,-0.939042666799403,"1","#DC9E70"
"SCP_N106.LPB.GCACATATCCGTAGGC","SCP259","SCP259_N106",-4.07331034633632,-2.32344160402474,"5","#00BFC8"
"SCP_N106.LPB.GCACTCTGTCGTCTTC","SCP259","SCP259_N106",1.52793779876713,-2.23187671030221,"1","#DC9E70"
"SCP_N106.LPB.GCAGCCACAAGTCTAC","SCP259","SCP259_N106",1.591872124939,-2.05850777948556,"1","#DC9E70"
"SCP_N106.LPB.GCAGCCAGTCATCCCT","SCP259","SCP259_N106",1.3741170456696,-1.57171426141915,"1","#DC9E70"
"SCP_N106.LPB.GCAGCCATCAACTCTT","SCP259","SCP259_N106",1.47714844253544,-2.34788141573129,"1","#DC9E70"
"SCP_N106.LPB.GCAGTTAGTGGTTTCA","SCP259","SCP259_N106",-0.798314184875448,-1.75180373514352,"0","#ED90A4"
"SCP_N106.LPB.GCATACAAGTGGACGT","SCP259","SCP259_N106",1.06516316440586,-1.14688358629403,"1","#DC9E70"
"SCP_N106.LPB.GCATACATCTGGTTCC","SCP259","SCP259_N106",-1.82656046840664,-2.00073013628182,"0","#ED90A4"
"SCP_N106.LPB.GCATGCGCACCAGGTC","SCP259","SCP259_N106",1.41929975059513,-1.72345767343698,"1","#DC9E70"
"SCP_N106.LPB.GCATGCGGTCACCCAG","SCP259","SCP259_N106",1.00008144882206,-1.40137062395272,"1","#DC9E70"
"SCP_N106.LPB.GCCAAATAGGTACTCT","SCP259","SCP259_N106",-1.57478210422512,-2.0767220052546,"0","#ED90A4"
"SCP_N106.LPB.GCCTCTACATATGGTC","SCP259","SCP259_N106",1.37308862712864,-1.93025884950814,"1","#DC9E70"
"SCP_N106.LPB.GCGCAGTGTCTTGATG","SCP259","SCP259_N106",-5.06798502895351,-1.61313805902658,"4","#1DC199"
"SCP_N106.LPB.GCGCCAAGTGAGGGAG","SCP259","SCP259_N106",3.04086473491673,-1.12630162561593,"0","#ED90A4"
"SCP_N106.LPB.GCGCGATTCCGCTGTT","SCP259","SCP259_N106",-2.28225442859646,-1.43095431650338,"4","#1DC199"
"SCP_N106.LPB.GCTCCTACAGTGACAG","SCP259","SCP259_N106",1.47442737129215,-2.76156149233041,"1","#DC9E70"
"SCP_N106.LPB.GCTCTGTAGTGGAGTC","SCP259","SCP259_N106",0.576376467018168,-0.986343243963099,"1","#DC9E70"
"SCP_N106.LPB.GCTCTGTCAGCTGCAC","SCP259","SCP259_N106",-0.110339314670523,-1.17896972025094,"1","#DC9E70"
"SCP_N106.LPB.GCTTCCATCAAGATCC","SCP259","SCP259_N106",-0.419399172992666,-2.24587736452279,"1","#DC9E70"
"SCP_N106.LPB.GCTTCCATCTGGGCCA","SCP259","SCP259_N106",1.38151565101628,-0.752011636144496,"1","#DC9E70"
"SCP_N106.LPB.GGACAAGTCTGACCTC","SCP259","SCP259_N106",-3.11414620372768,-1.71431289041696,"4","#1DC199"
"SCP_N106.LPB.GGACATTAGGATGTAT","SCP259","SCP259_N106",-1.38919398281093,-2.54030595148263,"0","#ED90A4"
"SCP_N106.LPB.GGAGCAAAGGACGAAA","SCP259","SCP259_N106",-3.95702836009975,-3.63432941759286,"4","#1DC199"
"SCP_N106.LPB.GGAGCAAGTAGTACCT","SCP259","SCP259_N106",1.6499491026688,-2.76060972536264,"1","#DC9E70"
"SCP_N106.LPB.GGATGTTAGCGATAGC","SCP259","SCP259_N106",1.55802538898472,-2.27449450815377,"1","#DC9E70"
"SCP_N106.LPB.GGCCGATGTCGTGGCT","SCP259","SCP259_N106",-1.35098144504543,-1.87230024660287,"0","#ED90A4"
"SCP_N106.LPB.GGCGACTGTCTAGTCA","SCP259","SCP259_N106",1.46219971683506,-0.876615384466029,"1","#DC9E70"
"SCP_N106.LPB.GGCGTGTAGGATGGAA","SCP259","SCP259_N106",-1.32653245422359,-3.16629944170175,"2","#B7AE50"
"SCP_N106.LPB.GGCTCGAGTAAGGATT","SCP259","SCP259_N106",-3.820605725975,-1.49282489145455,"1","#DC9E70"
"SCP_N106.LPB.GGGACCTAGAAGGCCT","SCP259","SCP259_N106",-1.26914748641964,-1.89295683229623,"0","#ED90A4"
"SCP_N106.LPB.GGGATGAAGCCCAACC","SCP259","SCP259_N106",-1.73487362358089,-0.636897900945521,"1","#DC9E70"
"SCP_N106.LPB.GGGCATCAGGCGCTCT","SCP259","SCP259_N106",1.27392974403385,-1.27327332819161,"1","#DC9E70"
"SCP_N106.LPB.GGGTCTGTCTACGAGT","SCP259","SCP259_N106",1.15411332157139,-1.83065185869393,"1","#DC9E70"
"SCP_N106.LPB.GGGTTGCAGTAATCCC","SCP259","SCP259_N106",-0.402969212264975,-1.74443087900338,"1","#DC9E70"
"SCP_N106.LPB.GGGTTGCGTTCTGTTT","SCP259","SCP259_N106",-3.96852490398403,-3.93040476167855,"4","#1DC199"
"SCP_N106.LPB.GGTATTGAGGGATCTG","SCP259","SCP259_N106",-1.96029731723781,-1.15408430422006,"1","#DC9E70"
"SCP_N106.LPB.GGTGCGTAGGCATGGT","SCP259","SCP259_N106",1.07688078191761,-1.51898346269784,"1","#DC9E70"
"SCP_N106.LPB.GTAGTCACAGCGATCC","SCP259","SCP259_N106",-3.00141379329677,-1.42946706140695,"4","#1DC199"
"SCP_N106.LPB.GTATCTTTCACCCGAG","SCP259","SCP259_N106",0.719905286102335,-0.855484584218837,"1","#DC9E70"
"SCP_N106.LPB.GTATTCTAGAGCCTAG","SCP259","SCP259_N106",0.222644309461362,-1.08900080049691,"1","#DC9E70"
"SCP_N106.LPB.GTATTCTCAATGGAAT","SCP259","SCP259_N106",-2.90929457637783,-1.79460296953378,"4","#1DC199"
"SCP_N106.LPB.GTCAAGTCACAGGCCT","SCP259","SCP259_N106",1.12293270137791,-0.582483628637172,"1","#DC9E70"
"SCP_N106.LPB.GTCACAACATGCAATC","SCP259","SCP259_N106",0.650960980920832,-0.861627677327967,"1","#DC9E70"
"SCP_N106.LPB.GTCACAATCTACCAGA","SCP259","SCP259_N106",-4.89374539348598,-2.07694301927743,"5","#00BFC8"
"SCP_N106.LPB.GTCACGGAGCCATCGC","SCP259","SCP259_N106",1.40181484725956,-0.838668444997645,"1","#DC9E70"
"SCP_N106.LPB.GTCATTTGTCCATCCT","SCP259","SCP259_N106",-2.58538052532192,-1.44077310884652,"4","#1DC199"
"SCP_N106.LPB.GTGCTTCGTAAATGTG","SCP259","SCP259_N106",1.4071901133347,-1.20030007684884,"1","#DC9E70"
"SCP_N106.LPB.GTGCTTCGTCATCCCT","SCP259","SCP259_N106",0.457735463051836,1.45682343667092,"1","#DC9E70"
"SCP_N106.LPB.GTGCTTCGTGCACCAC","SCP259","SCP259_N106",0.238125228329341,-1.18841491068063,"1","#DC9E70"
"SCP_N106.LPB.GTGGGTCTCTACGAGT","SCP259","SCP259_N106",0.14743851777796,-1.16701541269479,"1","#DC9E70"
"SCP_N106.LPB.GTGTGCGAGCGTGAAC","SCP259","SCP259_N106",-1.04749485942837,-0.645374396688319,"1","#DC9E70"
"SCP_N106.LPB.GTGTGCGAGCGTTCCG","SCP259","SCP259_N106",1.20872059371952,-2.54612908685861,"1","#DC9E70"
"SCP_N106.LPB.GTGTTAGCAGTCGATT","SCP259","SCP259_N106",0.482266425161402,-0.9565843137568,"1","#DC9E70"
"SCP_N106.LPB.GTTAAGCAGACTAGAT","SCP259","SCP259_N106",-1.70756074878689,-1.79256043756661,"0","#ED90A4"
"SCP_N106.LPB.GTTACAGAGAAGAAGC","SCP259","SCP259_N106",0.817045777111094,-1.83853421533761,"1","#DC9E70"
"SCP_N106.LPB.GTTCATTTCTTACCTA","SCP259","SCP259_N106",-0.758990854949911,-1.13086781824288,"1","#DC9E70"
"SCP_N106.LPB.GTTCGGGCAGCCTGTG","SCP259","SCP259_N106",-3.96878954860683,-3.99259100282846,"4","#1DC199"
"SCP_N106.LPB.GTTCGGGGTCGACTAT","SCP259","SCP259_N106",0.669482289819758,-0.667246917135096,"1","#DC9E70"
"SCP_N106.LPB.GTTTCTACACGGATAG","SCP259","SCP259_N106",0.96430471446995,-2.47761998499093,"1","#DC9E70"
"SCP_N106.LPB.TAAGTGCTCTTGCCGT","SCP259","SCP259_N106",-0.501054258079489,-3.55766020143685,"0","#ED90A4"
"SCP_N106.LPB.TACAGTGAGCCTCGTG","SCP259","SCP259_N106",1.14499375131611,-2.0822437795466,"1","#DC9E70"
"SCP_N106.LPB.TACCTATGTGTATGGG","SCP259","SCP259_N106",-2.09689852687832,-1.36624727571664,"1","#DC9E70"
"SCP_N106.LPB.TACCTATTCGCCGTGA","SCP259","SCP259_N106",-3.63293406459804,-2.210390189535,"5","#00BFC8"
"SCP_N106.LPB.TACCTTACATCCGGGT","SCP259","SCP259_N106",-1.89077779743191,-1.15729818666635,"1","#DC9E70"
"SCP_N106.LPB.TACGGTAAGAGTAATC","SCP259","SCP259_N106",-1.35303434822079,-3.74247846925912,"1","#DC9E70"
"SCP_N106.LPB.TACTCATTCCACGAAT","SCP259","SCP259_N106",0.905968277721445,-1.07751498544869,"1","#DC9E70"
"SCP_N106.LPB.TACTTACCACGCGAAA","SCP259","SCP259_N106",-2.63762447330471,-1.56395087564645,"4","#1DC199"
"SCP_N106.LPB.TACTTGTAGAGCCCAA","SCP259","SCP259_N106",-2.71214315387722,-1.48907647455392,"4","#1DC199"
"SCP_N106.LPB.TAGCCGGCATGCAATC","SCP259","SCP259_N106",-0.363592297763784,-2.21072206819711,"1","#DC9E70"
"SCP_N106.LPB.TAGGCATAGGATGCGT","SCP259","SCP259_N106",-1.82785555812832,-2.40410123193917,"4","#1DC199"
"SCP_N106.LPB.TAGTGGTAGTGAATTG","SCP259","SCP259_N106",-1.64048191997524,-1.17665157640634,"4","#1DC199"
"SCP_N106.LPB.TAGTGGTCAATGGAGC","SCP259","SCP259_N106",1.19680878427509,-0.968527415639735,"1","#DC9E70"
"SCP_N106.LPB.TATGCCCCACATGACT","SCP259","SCP259_N106",1.33135333564762,-0.856490472204066,"1","#DC9E70"
"SCP_N106.LPB.TATTACCGTCGCCATG","SCP259","SCP259_N106",-1.44585308525081,-2.03249178255258,"0","#ED90A4"
"SCP_N106.LPB.TCAACGACATACTCTT","SCP259","SCP259_N106",-2.6644503781509,-1.5908616575068,"4","#1DC199"
"SCP_N106.LPB.TCAATCTCATGGAATA","SCP259","SCP259_N106",-1.15247199031826,-2.21921954477487,"0","#ED90A4"
"SCP_N106.LPB.TCACGAAAGTTTGCGT","SCP259","SCP259_N106",1.49613442924504,-1.29858479822335,"1","#DC9E70"
"SCP_N106.LPB.TCAGCAATCATGTCCC","SCP259","SCP259_N106",1.02570858505253,-0.712787726766444,"1","#DC9E70"
"SCP_N106.LPB.TCAGCTCTCCAGTAGT","SCP259","SCP259_N106",-1.09267374965664,-1.47827134454904,"1","#DC9E70"
"SCP_N106.LPB.TCATTACAGCTACCGC","SCP259","SCP259_N106",1.56053450611119,-2.53684768999276,"1","#DC9E70"
"SCP_N106.LPB.TCATTACGTGCGGTAA","SCP259","SCP259_N106",-1.69513878318783,-1.18761787737069,"1","#DC9E70"
"SCP_N106.LPB.TCATTTGCATAGGATA","SCP259","SCP259_N106",-1.21511480304714,-4.35858879411874,"1","#DC9E70"
"SCP_N106.LPB.TCATTTGGTCCCTACT","SCP259","SCP259_N106",1.17958125379566,-0.670458653814173,"1","#DC9E70"
"SCP_N106.LPB.TCCACACGTTAGATGA","SCP259","SCP259_N106",-1.46408519241329,-2.13150320375619,"0","#ED90A4"
"SCP_N106.LPB.TCCCGATAGCGCCTTG","SCP259","SCP259_N106",-2.84876749011989,-0.982832053548671,"4","#1DC199"
"SCP_N106.LPB.TCGAGGCGTCCGTCAG","SCP259","SCP259_N106",1.72272482421879,-2.89988575304208,"1","#DC9E70"
"SCP_N106.LPB.TCGCGTTGTGTTCTTT","SCP259","SCP259_N106",0.5033081760693,-2.62151775682626,"1","#DC9E70"
"SCP_N106.LPB.TCGGTAACATTACCTT","SCP259","SCP259_N106",-1.23288974258419,-4.42673740709481,"1","#DC9E70"
"SCP_N106.LPB.TCTCTAATCGAGAGCA","SCP259","SCP259_N106",0.92136767414097,-1.25642047250924,"1","#DC9E70"
"SCP_N106.LPB.TCTGAGAAGAGAGCTC","SCP259","SCP259_N106",0.824101536541025,0.638632437341832,"1","#DC9E70"
"SCP_N106.LPB.TCTGAGAAGAGTAATC","SCP259","SCP259_N106",-3.48996326419826,-1.64825735414682,"4","#1DC199"
"SCP_N106.LPB.TCTTTCCGTCTTGCGG","SCP259","SCP259_N106",-3.24881455394741,-2.05365023935494,"4","#1DC199"
"SCP_N106.LPB.TCTTTCCTCCACTCCA","SCP259","SCP259_N106",-4.00705573055263,-1.29986820543466,"4","#1DC199"
"SCP_N106.LPB.TGAAAGATCAACACGT","SCP259","SCP259_N106",0.198632941587607,-1.22916803682504,"1","#DC9E70"
"SCP_N106.LPB.TGAAAGATCTACCTGC","SCP259","SCP259_N106",1.52147355583195,-2.10259733522592,"1","#DC9E70"
"SCP_N106.LPB.TGACTTTTCCTCAATT","SCP259","SCP259_N106",1.26079538372044,-2.47875962579904,"1","#DC9E70"
"SCP_N106.LPB.TGAGAGGCACCCATGG","SCP259","SCP259_N106",1.3722585728455,-1.47669301355538,"1","#DC9E70"
"SCP_N106.LPB.TGCACCTCAGGTGGAT","SCP259","SCP259_N106",1.2277797749329,-0.742103913671351,"1","#DC9E70"
"SCP_N106.LPB.TGCCAAAGTAAGTGGC","SCP259","SCP259_N106",1.75266221073155,-2.6525116952723,"1","#DC9E70"
"SCP_N106.LPB.TGCCCATCATCCAACA","SCP259","SCP259_N106",-2.89022299739834,-1.83799205148873,"4","#1DC199"
"SCP_N106.LPB.TGCCCTAGTCGGCATC","SCP259","SCP259_N106",0.45840714779381,-0.887206891424037,"1","#DC9E70"
"SCP_N106.LPB.TGCCCTATCGCCCTTA","SCP259","SCP259_N106",0.881693630485575,-1.03951630914865,"1","#DC9E70"
"SCP_N106.LPB.TGCGCAGTCATAGCAC","SCP259","SCP259_N106",0.500341980724375,-1.18323645914254,"1","#DC9E70"
"SCP_N106.LPB.TGCGTGGTCAGCAACT","SCP259","SCP259_N106",-2.01067754718777,-1.22171173418222,"1","#DC9E70"
"SCP_N106.LPB.TGGACGCTCTGGTGTA","SCP259","SCP259_N106",-1.44147202465053,-1.82472238863168,"0","#ED90A4"
"SCP_N106.LPB.TGGCGCAGTCCTCCAT","SCP259","SCP259_N106",-3.57177135440822,-1.89166794145761,"4","#1DC199"
"SCP_N106.LPB.TGGCTGGAGGATGCGT","SCP259","SCP259_N106",0.402675538330118,-1.65382442796884,"1","#DC9E70"
"SCP_N106.LPB.TGGTTAGCAATGGAAT","SCP259","SCP259_N106",1.68280985858921,-2.35461864793954,"1","#DC9E70"
"SCP_N106.LPB.TGGTTCCTCTACTATC","SCP259","SCP259_N106",-0.425339133472402,-2.55584893549142,"1","#DC9E70"
"SCP_N106.LPB.TGTCCCATCAACGAAA","SCP259","SCP259_N106",0.99589559343342,-0.670311787969447,"1","#DC9E70"
"SCP_N106.LPB.TGTGGTAAGGCCATAG","SCP259","SCP259_N106",-1.21242067310329,-1.16966448152719,"1","#DC9E70"
"SCP_N106.LPB.TTAGGACAGAGGTTAT","SCP259","SCP259_N106",-2.16128990146633,-1.25413642252145,"4","#1DC199"
"SCP_N106.LPB.TTCCCAGCAGGCAGTA","SCP259","SCP259_N106",1.01450040843968,-0.93425355280099,"1","#DC9E70"
"SCP_N106.LPB.TTCCCAGCAGGTGCCT","SCP259","SCP259_N106",-1.68687865230556,-1.95378980959115,"0","#ED90A4"
"SCP_N106.LPB.TTCCCAGTCAAACCGT","SCP259","SCP259_N106",-1.58559224102016,-2.03392682398019,"0","#ED90A4"
"SCP_N106.LPB.TTCGAAGCACCACCAG","SCP259","SCP259_N106",-1.11464080307003,-4.10515652025399,"1","#DC9E70"
"SCP_N106.LPB.TTCTCAAGTCCGACGT","SCP259","SCP259_N106",1.1723553231049,-1.19550977075753,"1","#DC9E70"
"SCP_N106.LPB.TTCTCAATCAAGGCTT","SCP259","SCP259_N106",-3.87142846080776,-1.15265808427987,"4","#1DC199"
"SCP_N106.LPB.TTCTTAGAGTACCGGA","SCP259","SCP259_N106",0.974480717449228,-1.11651382768807,"1","#DC9E70"
"SCP_N106.LPB.TTCTTAGCATGTTGAC","SCP259","SCP259_N106",0.407176761894266,-0.983364203817225,"1","#DC9E70"
"SCP_N106.LPB.TTCTTAGGTAACGACG","SCP259","SCP259_N106",-2.59297773334499,-1.19770179117379,"4","#1DC199"
"SCP_N106.LPB.TTGAACGAGTAACCCT","SCP259","SCP259_N106",-1.21460482570644,-1.19664607370553,"1","#DC9E70"
"SCP_N106.LPB.TTGAACGTCGCCTGTT","SCP259","SCP259_N106",-0.750613600940664,-1.59118542993722,"0","#ED90A4"
"SCP_N106.LPB.TTGGAACGTGTAATGA","SCP259","SCP259_N106",-1.82548615428921,-2.16626773203073,"4","#1DC199"
"SCP_N106.LPB.TTGGAACTCCTAAGTG","SCP259","SCP259_N106",0.776579349308054,-1.08653269136605,"1","#DC9E70"
"SCP_N106.LPB.TTGGCAAGTGCAGTAG","SCP259","SCP259_N106",-1.69289884063717,-2.25351200426278,"0","#ED90A4"
"SCP_N106.LPB.TTGTAGGTCGGCATCG","SCP259","SCP259_N106",1.14872404840473,-0.827640870458461,"1","#DC9E70"
"SCP_N106.LPB.TTTACTGCAGTTCATG","SCP259","SCP259_N106",1.15260419157032,-0.838600495702601,"1","#DC9E70"
"SCP_N106.LPB.TTTATGCCAGGCTGAA","SCP259","SCP259_N106",-2.26778861972805,-1.35358295763192,"4","#1DC199"
"SCP_N106.LPB.TTTATGCTCACAAACC","SCP259","SCP259_N106",1.19252529647831,-0.809491494542933,"1","#DC9E70"
"SCP_N106.LPB.TTTATGCTCACTGGGC","SCP259","SCP259_N106",1.31093040016178,-0.864179232961512,"1","#DC9E70"
"SCP_N106.LPB.TTTCCTCAGCATCATC","SCP259","SCP259_N106",1.74427047279362,-0.980423549062587,"1","#DC9E70"
"SCP_N106.LPB.TTTGTCACAGCTGCAC","SCP259","SCP259_N106",-3.46635815593715,-1.4741030725306,"4","#1DC199"
"SCP_N106.LPA.ACGGAGATCCCTAACC","SCP259","SCP259_N106",5.7543249419022,0.861215194814824,"0","#ED90A4"
"SCP_N106.LPA.AGGGATGAGCTGCAAG","SCP259","SCP259_N106",1.49311247375492,1.59859550570788,"0","#ED90A4"
"SCP_N106.LPA.CAGCCGATCGTTTATC","SCP259","SCP259_N106",5.80349162128453,0.56787480985465,"0","#ED90A4"
"SCP_N106.LPA.CCGTTCACATGGTCAT","SCP259","SCP259_N106",1.20226433780674,1.54839028989615,"0","#ED90A4"
"SCP_N106.LPA.CGATGGCAGATCCCAT","SCP259","SCP259_N106",2.00693717506413,0.0146339145833485,"0","#ED90A4"
"SCP_N106.LPA.CGTAGCGTCAAGCCTA","SCP259","SCP259_N106",2.59526899364475,0.401211759203099,"0","#ED90A4"
"SCP_N106.LPA.GCAGTTACAGCTCGCA","SCP259","SCP259_N106",-0.518767089576681,-7.51756964052377,"3","#7EBA68"
"SCP_N106.LPA.GCGAGAAAGGACAGCT","SCP259","SCP259_N106",-0.0201748618793086,-0.327378848440028,"1","#DC9E70"
"SCP_N106.LPA.GCTCTGTCAACAACCT","SCP259","SCP259_N106",4.00214126613621,0.989392539613866,"0","#ED90A4"
"SCP_N106.LPA.GGGTTGCCAATGAAAC","SCP259","SCP259_N106",3.82262208965306,0.902240952604436,"0","#ED90A4"
"SCP_N106.LPA.GTGCAGCCACTTCGAA","SCP259","SCP259_N106",0.633296607999842,-1.10502419794259,"1","#DC9E70"
"SCP_N106.LPA.GTGCGGTCATCTGGTA","SCP259","SCP259_N106",4.46832755115513,0.937550297134542,"0","#ED90A4"
"SCP_N539.EpiA.AAACGGGGTTGCGTTA","SCP259","SCP259_N539",-2.52076289150234,1.20864242886844,"6","#6FB1E7"
"SCP_N539.EpiA.AAAGATGAGCTCCTCT","SCP259","SCP259_N539",-2.81587788555141,1.50026617770734,"6","#6FB1E7"
"SCP_N539.EpiA.AAATGCCTCCGCGGTA","SCP259","SCP259_N539",-2.86667940113064,1.79946034228148,"6","#6FB1E7"
"SCP_N539.EpiA.AACCATGTCTTTACGT","SCP259","SCP259_N539",-2.77287885639187,2.62026943837943,"6","#6FB1E7"
"SCP_N539.EpiA.AACGTTGGTCTCCACT","SCP259","SCP259_N539",-2.79248473140713,1.37089275395217,"6","#6FB1E7"
"SCP_N539.EpiA.AACTCCCCAGCGAACA","SCP259","SCP259_N539",-3.37998482677456,2.55919756566825,"6","#6FB1E7"
"SCP_N539.EpiA.AACTCCCGTGATGATA","SCP259","SCP259_N539",-2.852921218605,1.63401820337119,"6","#6FB1E7"
"SCP_N539.EpiA.AACTCTTTCCAAGTAC","SCP259","SCP259_N539",-2.69461485836025,1.42681655114236,"6","#6FB1E7"
"SCP_N539.EpiA.AATCCAGGTTGGTTTG","SCP259","SCP259_N539",-1.30515453311916,-1.27920208299813,"0","#ED90A4"
"SCP_N539.EpiA.ACACCGGCATCCTAGA","SCP259","SCP259_N539",-2.92639324161526,1.22339568113627,"6","#6FB1E7"
"SCP_N539.EpiA.ACATACGTCCATGAAC","SCP259","SCP259_N539",-3.20486089679714,2.01595356141868,"6","#6FB1E7"
"SCP_N539.EpiA.ACATGGTGTAGAAGGA","SCP259","SCP259_N539",-3.02806374523159,2.32881965314689,"6","#6FB1E7"
"SCP_N539.EpiA.ACCAGTAAGAATTCCC","SCP259","SCP259_N539",-0.938954801292379,0.911832055204534,"1","#DC9E70"
"SCP_N539.EpiA.ACCGTAAAGGCACATG","SCP259","SCP259_N539",-2.39817473384853,1.29993815546575,"6","#6FB1E7"
"SCP_N539.EpiA.ACCGTAACAAGTTCTG","SCP259","SCP259_N539",-3.99046608898159,1.92576082622352,"6","#6FB1E7"
"SCP_N539.EpiA.ACCGTAACAATGAAAC","SCP259","SCP259_N539",-3.75735899898525,0.444221934431218,"6","#6FB1E7"
"SCP_N539.EpiA.ACGAGGATCGTAGATC","SCP259","SCP259_N539",-1.4378924081039,0.857122263067388,"6","#6FB1E7"
"SCP_N539.EpiA.ACGATGTAGCCGGTAA","SCP259","SCP259_N539",-2.22053238842006,1.25994359528365,"6","#6FB1E7"
"SCP_N539.EpiA.ACGCCAGCACGAAGCA","SCP259","SCP259_N539",-4.24872776958462,1.74676697527709,"6","#6FB1E7"
"SCP_N539.EpiA.ACGCCAGCAGGAATGC","SCP259","SCP259_N539",-1.27246233913418,0.913874527567052,"1","#DC9E70"
"SCP_N539.EpiA.ACGGGCTGTCACCTAA","SCP259","SCP259_N539",-3.34454342815395,2.4897012916738,"6","#6FB1E7"
"SCP_N539.EpiA.ACGGGCTGTCTCCACT","SCP259","SCP259_N539",-2.90955683681484,2.37141521846595,"6","#6FB1E7"
"SCP_N539.EpiA.ACGGGTCAGAAGGTTT","SCP259","SCP259_N539",-1.63641020748134,0.120347758882665,"6","#6FB1E7"
"SCP_N539.EpiA.ACTGATGCAACGATCT","SCP259","SCP259_N539",-0.519955427379568,1.07953976666274,"1","#DC9E70"
"SCP_N539.EpiA.ACTGTCCCACAAGCCC","SCP259","SCP259_N539",-3.61379167530056,2.06955780660453,"6","#6FB1E7"
"SCP_N539.EpiA.ACTTACTAGCTAACTC","SCP259","SCP259_N539",-1.96767804119106,0.779416641348027,"6","#6FB1E7"
"SCP_N539.EpiA.ACTTGTTTCTACCTGC","SCP259","SCP259_N539",-3.37923786136623,1.87959816133323,"2","#B7AE50"
"SCP_N539.EpiA.AGAGCGATCATTCACT","SCP259","SCP259_N539",-2.96104547473903,1.24997468864264,"6","#6FB1E7"
"SCP_N539.EpiA.AGCATACCAGTAAGAT","SCP259","SCP259_N539",-3.22361943218227,2.5389607158834,"6","#6FB1E7"
"SCP_N539.EpiA.AGCCTAAGTACAGTGG","SCP259","SCP259_N539",-4.57540604564663,1.79392217671218,"6","#6FB1E7"
"SCP_N539.EpiA.AGCGTATCAGCATACT","SCP259","SCP259_N539",-2.95197054836269,1.57765323495212,"6","#6FB1E7"
"SCP_N539.EpiA.AGCTCTCAGTTGAGTA","SCP259","SCP259_N539",-1.47331807109829,0.672006270044469,"1","#DC9E70"
"SCP_N539.EpiA.AGTAGTCAGCTGAACG","SCP259","SCP259_N539",-2.91061875316616,2.69803776418509,"6","#6FB1E7"
"SCP_N539.EpiA.AGTCTTTAGACAAGCC","SCP259","SCP259_N539",0.357328428893129,0.112632772081517,"1","#DC9E70"
"SCP_N539.EpiA.AGTCTTTGTCTGCAAT","SCP259","SCP259_N539",-3.47836753818508,2.45397307550254,"6","#6FB1E7"
"SCP_N539.EpiA.AGTCTTTGTTTGACTG","SCP259","SCP259_N539",-0.839122147293051,-0.251396158582545,"6","#6FB1E7"
"SCP_N539.EpiA.AGTGTCAGTAGAGCTG","SCP259","SCP259_N539",0.454556553630869,0.012726565950536,"1","#DC9E70"
"SCP_N539.EpiA.AGTTGGTAGTGACATA","SCP259","SCP259_N539",-3.08345624896999,2.58678688680472,"6","#6FB1E7"
"SCP_N539.EpiA.AGTTGGTCAATGTAAG","SCP259","SCP259_N539",-2.73616215679165,2.43302693044486,"6","#6FB1E7"
"SCP_N539.EpiA.ATCACGACACCATGTA","SCP259","SCP259_N539",0.00967262592796525,0.900287469976568,"1","#DC9E70"
"SCP_N539.EpiA.ATCATGGTCAAGAAGT","SCP259","SCP259_N539",-2.9373414227676,2.51631118928733,"6","#6FB1E7"
"SCP_N539.EpiA.ATCATGGTCATGTGGT","SCP259","SCP259_N539",-4.40340325328823,1.83983295237365,"6","#6FB1E7"
"SCP_N539.EpiA.ATCGAGTAGGTGCTAG","SCP259","SCP259_N539",-1.15019938442226,-0.370345333463526,"1","#DC9E70"
"SCP_N539.EpiA.ATTACTCAGGCGACAT","SCP259","SCP259_N539",-3.03274986240383,2.65669026052298,"6","#6FB1E7"
"SCP_N539.EpiA.ATTATCCAGGTGATTA","SCP259","SCP259_N539",-3.25413629505153,2.13609888231101,"6","#6FB1E7"
"SCP_N539.EpiA.ATTATCCTCAACGAAA","SCP259","SCP259_N539",0.604790150194208,1.18015719031634,"1","#DC9E70"
"SCP_N539.EpiA.ATTCTACGTTCATGGT","SCP259","SCP259_N539",-0.540843696327169,0.880945703142308,"1","#DC9E70"
"SCP_N539.EpiA.ATTGGACGTCGACTGC","SCP259","SCP259_N539",-2.72788760158535,1.69201924478354,"6","#6FB1E7"
"SCP_N539.EpiA.ATTGGACTCCGGCACA","SCP259","SCP259_N539",0.0510674109745427,0.885197600477361,"1","#DC9E70"
"SCP_N539.EpiA.ATTGGTGGTGTTTGTG","SCP259","SCP259_N539",-2.1902539441299,0.922650298231267,"6","#6FB1E7"
"SCP_N539.EpiA.CAACTAGCAGTCGTGC","SCP259","SCP259_N539",-3.26641652080532,2.1986971107656,"6","#6FB1E7"
"SCP_N539.EpiA.CAAGAAAAGATCGATA","SCP259","SCP259_N539",0.383750407962839,0.0640540329152577,"1","#DC9E70"
"SCP_N539.EpiA.CAAGAAATCCACGACG","SCP259","SCP259_N539",0.0449414243984624,0.272001406305455,"1","#DC9E70"
"SCP_N539.EpiA.CAAGGCCGTCAACTGT","SCP259","SCP259_N539",-3.03079149219509,2.61356248533072,"6","#6FB1E7"
"SCP_N539.EpiA.CACAAACAGCCACGCT","SCP259","SCP259_N539",-2.76811239215847,2.60991801893058,"6","#6FB1E7"
"SCP_N539.EpiA.CACACTCCACAGGCCT","SCP259","SCP259_N539",-2.92427155467983,1.74050234829726,"6","#6FB1E7"
"SCP_N539.EpiA.CACACTCTCCTCCTAG","SCP259","SCP259_N539",-3.29828688594814,2.44508149301352,"6","#6FB1E7"
"SCP_N539.EpiA.CACAGGCGTATAGGGC","SCP259","SCP259_N539",-2.82812520954128,1.96864034807029,"6","#6FB1E7"
"SCP_N539.EpiA.CACATTTAGACCGGAT","SCP259","SCP259_N539",0.450146018533747,1.5294417647058,"1","#DC9E70"
"SCP_N539.EpiA.CACATTTTCGCTTGTC","SCP259","SCP259_N539",-3.39149448368069,1.82964657818618,"6","#6FB1E7"
"SCP_N539.EpiA.CACCACTAGACTGTAA","SCP259","SCP259_N539",-3.3182384679031,2.46031465207877,"6","#6FB1E7"
"SCP_N539.EpiA.CAGATCACACGTAAGG","SCP259","SCP259_N539",0.183838783769648,0.734422883146428,"1","#DC9E70"
"SCP_N539.EpiA.CAGCCGAAGTTAGGTA","SCP259","SCP259_N539",-4.23797938320156,1.94553049480262,"6","#6FB1E7"
"SCP_N539.EpiA.CAGCGACAGAAACCGC","SCP259","SCP259_N539",-3.01226112339016,1.9951654282743,"6","#6FB1E7"
"SCP_N539.EpiA.CAGCGACCAGCCAGAA","SCP259","SCP259_N539",-2.93155834171291,0.309292337053441,"6","#6FB1E7"
"SCP_N539.EpiA.CAGCGACTCCTAGTGA","SCP259","SCP259_N539",-2.14585730525966,0.916822960727834,"6","#6FB1E7"
"SCP_N539.EpiA.CAGTAACCAATACGCT","SCP259","SCP259_N539",-3.70352575275417,1.84545906459632,"6","#6FB1E7"
"SCP_N539.EpiA.CAGTAACCATACTCTT","SCP259","SCP259_N539",-2.80420085880276,1.71462779318633,"6","#6FB1E7"
"SCP_N539.EpiA.CATATTCAGGACAGCT","SCP259","SCP259_N539",0.452269910841028,0.12097527658286,"1","#DC9E70"
"SCP_N539.EpiA.CATATTCCAGTTCATG","SCP259","SCP259_N539",-3.19327423068996,2.28600676929297,"6","#6FB1E7"
"SCP_N539.EpiA.CATCCACTCTATCGCC","SCP259","SCP259_N539",0.290480754344503,0.464793941133641,"1","#DC9E70"
"SCP_N539.EpiA.CATTCGCCAGACTCGC","SCP259","SCP259_N539",-1.62040409538265,-0.0310727151697643,"6","#6FB1E7"
"SCP_N539.EpiA.CCAATCCGTATTCGTG","SCP259","SCP259_N539",-0.259153009386022,-0.0586085113352306,"0","#ED90A4"
"SCP_N539.EpiA.CCACGGAAGATCGGGT","SCP259","SCP259_N539",-2.7703652093124,2.62744989072623,"6","#6FB1E7"
"SCP_N539.EpiA.CCACGGACACCGAAAG","SCP259","SCP259_N539",-1.69669339153286,0.0738585201436512,"6","#6FB1E7"
"SCP_N539.EpiA.CCCTCCTTCCCTTGCA","SCP259","SCP259_N539",-3.19505021068569,2.59966101323905,"6","#6FB1E7"
"SCP_N539.EpiA.CCGGGATTCTCTTGAT","SCP259","SCP259_N539",-3.07932111713405,1.56594679331126,"6","#6FB1E7"
"SCP_N539.EpiA.CCGGTAGAGTGGACGT","SCP259","SCP259_N539",-3.26738521549221,2.04445703899207,"6","#6FB1E7"
"SCP_N539.EpiA.CCGTTCACACCCTATC","SCP259","SCP259_N539",-2.94414445850368,2.7685862985784,"6","#6FB1E7"
"SCP_N539.EpiA.CCTAAAGCAGCTCGAC","SCP259","SCP259_N539",-2.65403816196438,1.53838800465407,"6","#6FB1E7"
"SCP_N539.EpiA.CCTACCAAGGGAACGG","SCP259","SCP259_N539",-2.9348795125198,2.75511791383567,"6","#6FB1E7"
"SCP_N539.EpiA.CCTAGCTGTAAGTTCC","SCP259","SCP259_N539",-2.65361473056789,1.54970329081359,"6","#6FB1E7"
"SCP_N539.EpiA.CCTAGCTGTAGGCTGA","SCP259","SCP259_N539",-1.88456866237636,0.672089180105352,"6","#6FB1E7"
"SCP_N539.EpiA.CCTAGCTTCCTGTACC","SCP259","SCP259_N539",-2.05054923984524,1.00633045112433,"6","#6FB1E7"
"SCP_N539.EpiA.CCTCAGTGTGGTACAG","SCP259","SCP259_N539",-2.95508620235439,1.68600218569579,"6","#6FB1E7"
"SCP_N539.EpiA.CCTCTGATCGGCGCAT","SCP259","SCP259_N539",-2.79604289028164,1.70044066583457,"6","#6FB1E7"
"SCP_N539.EpiA.CCTTACGCACTTCTGC","SCP259","SCP259_N539",-0.526512415142019,0.603055557363652,"1","#DC9E70"
"SCP_N539.EpiA.CCTTTCTTCTAACCGA","SCP259","SCP259_N539",-3.29472801181789,1.85197018658461,"6","#6FB1E7"
"SCP_N539.EpiA.CGAACATAGCACCGCT","SCP259","SCP259_N539",-3.30508253070827,2.40316029464545,"6","#6FB1E7"
"SCP_N539.EpiA.CGAACATCATGTCGAT","SCP259","SCP259_N539",-3.23109600040432,2.60580541765037,"6","#6FB1E7"
"SCP_N539.EpiA.CGAACATGTATATGGA","SCP259","SCP259_N539",-2.69187638256069,1.33346851741614,"6","#6FB1E7"
"SCP_N539.EpiA.CGAATGTGTTCGAATC","SCP259","SCP259_N539",-2.2907292554092,1.15470272874179,"6","#6FB1E7"
"SCP_N539.EpiA.CGAATGTTCTTACCGC","SCP259","SCP259_N539",-2.55723854991909,1.34108913516345,"6","#6FB1E7"
"SCP_N539.EpiA.CGAGAAGAGAAGGTTT","SCP259","SCP259_N539",-3.63431260082241,2.38966508781257,"6","#6FB1E7"
"SCP_N539.EpiA.CGAGAAGGTATTCGTG","SCP259","SCP259_N539",-0.557219297618826,0.968068441503667,"1","#DC9E70"
"SCP_N539.EpiA.CGAGCACTCTACCAGA","SCP259","SCP259_N539",-2.77617570850368,1.79304536258521,"6","#6FB1E7"
"SCP_N539.EpiA.CGATCGGCAGCTCGAC","SCP259","SCP259_N539",-4.47537419292446,1.73078431760611,"6","#6FB1E7"
"SCP_N539.EpiA.CGATGGCAGTTGAGAT","SCP259","SCP259_N539",-1.44603797885891,-0.913679459936,"0","#ED90A4"
"SCP_N539.EpiA.CGCCAAGGTTGAGTTC","SCP259","SCP259_N539",-4.16498372051235,1.86668684160056,"6","#6FB1E7"
"SCP_N539.EpiA.CGCCAAGTCATCGATG","SCP259","SCP259_N539",-3.37046977970119,1.9076113310987,"6","#6FB1E7"
"SCP_N539.EpiA.CGCTTCAAGAAACGAG","SCP259","SCP259_N539",-1.85829064342495,0.400358578317785,"6","#6FB1E7"
"SCP_N539.EpiA.CGCTTCACATGCCCGA","SCP259","SCP259_N539",0.312793946831266,0.691601118200444,"1","#DC9E70"
"SCP_N539.EpiA.CGGACACCATATACGC","SCP259","SCP259_N539",-0.604581088752706,-0.133725503331996,"6","#6FB1E7"
"SCP_N539.EpiA.CGGACGTTCTACTTAC","SCP259","SCP259_N539",-1.36987373325344,-0.494706371671534,"1","#DC9E70"
"SCP_N539.EpiA.CGGCTAGAGAGATGAG","SCP259","SCP259_N539",-3.00569745990749,2.71264078294578,"6","#6FB1E7"
"SCP_N539.EpiA.CGGGTCAAGCCACGTC","SCP259","SCP259_N539",-3.11835548374172,1.8831353691751,"6","#6FB1E7"
"SCP_N539.EpiA.CGGTTAATCGATCCCT","SCP259","SCP259_N539",-3.60920330974575,1.45694773843231,"6","#6FB1E7"
"SCP_N539.EpiA.CGTCCATTCCGATATG","SCP259","SCP259_N539",-3.29403683635708,2.21391441499534,"6","#6FB1E7"
"SCP_N539.EpiA.CGTGAGCGTGCATCTA","SCP259","SCP259_N539",-3.93888089153286,1.68464129244628,"6","#6FB1E7"
"SCP_N539.EpiA.CGTTAGAGTCAAAGCG","SCP259","SCP259_N539",-2.90305587741848,2.76397659456077,"6","#6FB1E7"
"SCP_N539.EpiA.CTACGTCGTGCATCTA","SCP259","SCP259_N539",-1.53667828533169,-0.341994026548243,"0","#ED90A4"
"SCP_N539.EpiA.CTAGCCTTCGTTACGA","SCP259","SCP259_N539",-2.98073741886135,1.77515464102569,"6","#6FB1E7"
"SCP_N539.EpiA.CTCCTAGTCCACGTGG","SCP259","SCP259_N539",-3.35946247074123,2.13363732969108,"6","#6FB1E7"
"SCP_N539.EpiA.CTCGGAGTCGGAGGTA","SCP259","SCP259_N539",-3.55695983860012,2.36962546979728,"6","#6FB1E7"
"SCP_N539.EpiA.CTCGGGACAAAGCGGT","SCP259","SCP259_N539",-3.15597006771084,1.92847993051352,"6","#6FB1E7"
"SCP_N539.EpiA.CTCGTACGTCGCGGTT","SCP259","SCP259_N539",-1.00817379447933,-0.21605024660287,"6","#6FB1E7"
"SCP_N539.EpiA.CTCTACGAGAAACGAG","SCP259","SCP259_N539",-2.24272081348415,1.1656799522573,"6","#6FB1E7"
"SCP_N539.EpiA.CTCTACGAGAGCTTCT","SCP259","SCP259_N539",-2.79220840427395,1.56154257630649,"6","#6FB1E7"
"SCP_N539.EpiA.CTCTGGTTCGCAAACT","SCP259","SCP259_N539",-3.3458354184341,2.46041669523063,"6","#6FB1E7"
"SCP_N539.EpiA.CTGAAACGTCCCGACA","SCP259","SCP259_N539",0.34880810883526,0.922700664156102,"1","#DC9E70"
"SCP_N539.EpiA.CTGGTCTTCATCATTC","SCP259","SCP259_N539",-1.94286176654812,0.688786348455571,"6","#6FB1E7"
"SCP_N539.EpiA.CTGTGCTGTTTGACAC","SCP259","SCP259_N539",-2.07567879650112,0.827219149225377,"6","#6FB1E7"
"SCP_N539.EpiA.CTGTGCTTCACATAGC","SCP259","SCP259_N539",-2.66746398899074,1.52922362660708,"6","#6FB1E7"
"SCP_N539.EpiA.CTGTTTAAGACCCACC","SCP259","SCP259_N539",-4.4536919305038,1.78094913636985,"6","#6FB1E7"
"SCP_N539.EpiA.CTGTTTATCACCCGAG","SCP259","SCP259_N539",-2.96313402149196,1.66547398840728,"6","#6FB1E7"
"SCP_N539.EpiA.CTTAGGAGTTATCCGA","SCP259","SCP259_N539",-2.7614049622726,1.48216662382426,"6","#6FB1E7"
"SCP_N539.EpiA.CTTCTCTGTGATGCCC","SCP259","SCP259_N539",0.50716075208668,0.547539016359472,"1","#DC9E70"
"SCP_N539.EpiA.GAATAAGGTCGGGTCT","SCP259","SCP259_N539",-2.94665595981594,1.54559130048098,"6","#6FB1E7"
"SCP_N539.EpiA.GACCAATAGCCTATGT","SCP259","SCP259_N539",-1.43892130348202,-0.939310410863734,"0","#ED90A4"
"SCP_N539.EpiA.GACCAATTCTTATCTG","SCP259","SCP259_N539",-3.01992890331264,2.77066399728599,"6","#6FB1E7"
"SCP_N539.EpiA.GACGTGCCAAGTAATG","SCP259","SCP259_N539",-3.65094944927212,1.44227163692655,"6","#6FB1E7"
"SCP_N539.EpiA.GACTAACCACAGAGGT","SCP259","SCP259_N539",-1.95844385120388,0.0858807769948475,"6","#6FB1E7"
"SCP_N539.EpiA.GACTACATCAGCTCGG","SCP259","SCP259_N539",-2.95543143245693,2.48985387956443,"6","#6FB1E7"
"SCP_N539.EpiA.GAGGTGAGTTAAAGAC","SCP259","SCP259_N539",0.202503317042033,0.263240596407079,"1","#DC9E70"
"SCP_N539.EpiA.GAGTCCGAGGCTATCT","SCP259","SCP259_N539",-2.90532013866421,2.78210010206046,"6","#6FB1E7"
"SCP_N539.EpiA.GAGTCCGGTCTTCAAG","SCP259","SCP259_N539",-1.55881771537777,-0.659960606939173,"0","#ED90A4"
"SCP_N539.EpiA.GATGAGGCACATCTTT","SCP259","SCP259_N539",-3.12701580020901,2.12862785732093,"6","#6FB1E7"
"SCP_N539.EpiA.GATTCAGAGCTACCGC","SCP259","SCP259_N539",-3.46793791744228,1.56429710065665,"6","#6FB1E7"
"SCP_N539.EpiA.GATTCAGCACGTTGGC","SCP259","SCP259_N539",-3.17973300907131,2.30616589462104,"6","#6FB1E7"
"SCP_N539.EpiA.GCAGCCATCTCACATT","SCP259","SCP259_N539",-2.72255250904079,1.6945572403604,"6","#6FB1E7"
"SCP_N539.EpiA.GCATACACAAGTACCT","SCP259","SCP259_N539",-1.10242876502987,1.53549397563281,"1","#DC9E70"
"SCP_N539.EpiA.GCATACATCACCGGGT","SCP259","SCP259_N539",-1.88551351520534,0.682381173723363,"6","#6FB1E7"
"SCP_N539.EpiA.GCCTCTATCCCAAGAT","SCP259","SCP259_N539",-3.70031449291225,2.15866037284675,"6","#6FB1E7"
"SCP_N539.EpiA.GCGAGAACACCAGCAC","SCP259","SCP259_N539",-1.92282435390468,2.13578834211173,"6","#6FB1E7"
"SCP_N539.EpiA.GCGCAACTCCGTACAA","SCP259","SCP259_N539",-2.66563984844204,1.81729890977683,"6","#6FB1E7"
"SCP_N539.EpiA.GCGCCAACAATCGAAA","SCP259","SCP259_N539",-2.46666047069546,1.52481299465241,"6","#6FB1E7"
"SCP_N539.EpiA.GCTCTGTGTAAACACA","SCP259","SCP259_N539",-4.62876889202114,1.74749307905974,"6","#6FB1E7"
"SCP_N539.EpiA.GGACAAGAGTGACATA","SCP259","SCP259_N539",-3.88128277751919,1.88847609435859,"6","#6FB1E7"
"SCP_N539.EpiA.GGACAAGGTCCGAAGA","SCP259","SCP259_N539",-4.24254605266567,-2.64449653948007,"5","#00BFC8"
"SCP_N539.EpiA.GGACAGATCGAATGCT","SCP259","SCP259_N539",-0.640321821899374,-0.055941441900111,"1","#DC9E70"
"SCP_N539.EpiA.GGACATTTCACCAGGC","SCP259","SCP259_N539",-3.01563045475002,1.29293013935628,"6","#6FB1E7"
"SCP_N539.EpiA.GGACGTCTCAAGCCTA","SCP259","SCP259_N539",-1.79246065113064,0.814360162370824,"6","#6FB1E7"
"SCP_N539.EpiA.GGATGTTAGAGGTACC","SCP259","SCP259_N539",-3.35984346363064,1.62147604500594,"6","#6FB1E7"
"SCP_N539.EpiA.GGCGTGTAGTACGATA","SCP259","SCP259_N539",-3.31997963878628,2.12825032150092,"6","#6FB1E7"
"SCP_N539.EpiA.GGGAATGCACCGGAAA","SCP259","SCP259_N539",-3.14117595645901,1.33485551004949,"6","#6FB1E7"
"SCP_N539.EpiA.GGGATGAGTCAAAGCG","SCP259","SCP259_N539",0.320929548709433,0.898411950224065,"1","#DC9E70"
"SCP_N539.EpiA.GGGATGAGTCATTAGC","SCP259","SCP259_N539",-0.887066573829611,1.08612345730605,"1","#DC9E70"
"SCP_N539.EpiA.GGGTCTGTCCTAGAAC","SCP259","SCP259_N539",-3.22746726963039,1.45892539074364,"6","#6FB1E7"
"SCP_N539.EpiA.GGTGAAGAGATGAGAG","SCP259","SCP259_N539",-0.626171560020407,0.769711693876409,"1","#DC9E70"
"SCP_N539.EpiA.GTAACTGAGCACAGGT","SCP259","SCP259_N539",-3.97210261318203,1.9985245672399,"6","#6FB1E7"
"SCP_N539.EpiA.GTAACTGCAGATCTGT","SCP259","SCP259_N539",-2.80387112590786,1.38042248053195,"6","#6FB1E7"
"SCP_N539.EpiA.GTCACGGCAGTCGTGC","SCP259","SCP259_N539",-2.74521109554287,2.57465364610495,"6","#6FB1E7"
"SCP_N539.EpiA.GTCGGGTTCGTCTGAA","SCP259","SCP259_N539",-2.76589390727993,1.74954553520026,"6","#6FB1E7"
"SCP_N539.EpiA.GTCGTAAGTATAGTAG","SCP259","SCP259_N539",-2.90821406337734,2.7107386795217,"6","#6FB1E7"
"SCP_N539.EpiA.GTGCAGCAGAGTGAGA","SCP259","SCP259_N539",-3.15334531757351,2.03922726785483,"6","#6FB1E7"
"SCP_N539.EpiA.GTGCAGCGTTCTGTTT","SCP259","SCP259_N539",0.0923038562822743,0.635137638204717,"1","#DC9E70"
"SCP_N539.EpiA.GTGGGTCAGGTAGCCA","SCP259","SCP259_N539",0.411811157136004,0.0826533046895497,"1","#DC9E70"
"SCP_N539.EpiA.GTGTGCGCAAGGGTCA","SCP259","SCP259_N539",-2.92031404468532,2.59615709459128,"6","#6FB1E7"
"SCP_N539.EpiA.GTGTGCGTCCGCAGTG","SCP259","SCP259_N539",0.730040042667429,1.02694036638083,"1","#DC9E70"
"SCP_N539.EpiA.TAAACCGTCTGCTGTC","SCP259","SCP259_N539",-3.20284482929226,1.99353649293723,"6","#6FB1E7"
"SCP_N539.EpiA.TAAGAGAGTATCAGTC","SCP259","SCP259_N539",-3.08367964717861,1.47423346167149,"6","#6FB1E7"
"SCP_N539.EpiA.TACAGTGTCAAACCGT","SCP259","SCP259_N539",0.431625365285914,0.660744866483831,"1","#DC9E70"
"SCP_N539.EpiA.TACAGTGTCTGTGCAA","SCP259","SCP259_N539",-2.06322047206875,0.948186567180776,"6","#6FB1E7"
"SCP_N539.EpiA.TACCTTAAGCCAGGAT","SCP259","SCP259_N539",-3.15069481822964,2.63106133615317,"6","#6FB1E7"
"SCP_N539.EpiA.TACCTTAGTGTGCCTG","SCP259","SCP259_N539",-2.48666092845913,1.62157622551265,"6","#6FB1E7"
"SCP_N539.EpiA.TACGGATGTACGACCC","SCP259","SCP259_N539",-3.28285142871853,1.61429834937396,"6","#6FB1E7"
"SCP_N539.EpiA.TACGGGCGTGCGCTTG","SCP259","SCP259_N539",-0.305281252593954,-0.121885279065943,"1","#DC9E70"
"SCP_N539.EpiA.TACTCATTCCAGATCA","SCP259","SCP259_N539",-2.30111834499355,2.09406854783835,"6","#6FB1E7"
"SCP_N539.EpiA.TAGACCATCTTTAGGG","SCP259","SCP259_N539",-2.62574216815944,1.75628717815223,"6","#6FB1E7"
"SCP_N539.EpiA.TAGCCGGGTTCGTGAT","SCP259","SCP259_N539",-0.956709594459494,1.13961400663199,"1","#DC9E70"
"SCP_N539.EpiA.TATCTCACAGGTTTCA","SCP259","SCP259_N539",0.0271525522756978,0.645101806276464,"1","#DC9E70"
"SCP_N539.EpiA.TATTACCAGTTACGGG","SCP259","SCP259_N539",-2.68581816646572,1.59412770544829,"6","#6FB1E7"
"SCP_N539.EpiA.TATTACCGTAAGGATT","SCP259","SCP259_N539",0.439254312782328,0.147286554926061,"1","#DC9E70"
"SCP_N539.EpiA.TCACGAATCCGTAGTA","SCP259","SCP259_N539",-0.290048272342642,0.740060052030706,"1","#DC9E70"
"SCP_N539.EpiA.TCAGCAACAATGAAAC","SCP259","SCP259_N539",-2.15794798824306,1.50908417826238,"6","#6FB1E7"
"SCP_N539.EpiA.TCAGGTACACCAGCAC","SCP259","SCP259_N539",-2.63430425617214,1.84189881955924,"6","#6FB1E7"
"SCP_N539.EpiA.TCATTTGAGCTTTGGT","SCP259","SCP259_N539",-2.45962712261196,2.32492097293677,"6","#6FB1E7"
"SCP_N539.EpiA.TCGCGAGAGTACGCGA","SCP259","SCP259_N539",-2.91950509044643,2.76908137475791,"6","#6FB1E7"
"SCP_N539.EpiA.TCGCGAGTCATGGTCA","SCP259","SCP259_N539",0.414413391618769,0.617207011335515,"1","#DC9E70"
"SCP_N539.EpiA.TCGCGTTGTAGCTTGT","SCP259","SCP259_N539",-1.89982625934597,0.533561011903905,"6","#6FB1E7"
"SCP_N539.EpiA.TCGGGACAGAAGCCCA","SCP259","SCP259_N539",-2.08508774730678,0.909420212858342,"6","#6FB1E7"
"SCP_N539.EpiA.TCTCATAGTCAGAAGC","SCP259","SCP259_N539",-2.62482115718838,2.51932146226706,"6","#6FB1E7"
"SCP_N539.EpiA.TCTGAGATCAGTACGT","SCP259","SCP259_N539",-2.92780801746364,2.6424591747457,"6","#6FB1E7"
"SCP_N539.EpiA.TCTGGAAAGGGCTTGA","SCP259","SCP259_N539",-2.72051665279384,2.51209189569297,"6","#6FB1E7"
"SCP_N539.EpiA.TCTTCGGCAAGACACG","SCP259","SCP259_N539",-2.09589430782314,0.703530391805791,"6","#6FB1E7"
"SCP_N539.EpiA.TCTTTCCAGAGTGACC","SCP259","SCP259_N539",-2.83138868305202,2.63726355706992,"6","#6FB1E7"
"SCP_N539.EpiA.TGACTAGGTCTGCCAG","SCP259","SCP259_N539",-1.99907228443142,0.694043478124761,"6","#6FB1E7"
"SCP_N539.EpiA.TGACTTTCAGGATTGG","SCP259","SCP259_N539",-3.34973761531826,2.51235308324637,"6","#6FB1E7"
"SCP_N539.EpiA.TGAGCATTCATGTGGT","SCP259","SCP259_N539",-1.60272070857998,-0.694320538884974,"0","#ED90A4"
"SCP_N539.EpiA.TGCACCTTCCACGTGG","SCP259","SCP259_N539",-0.855335087509115,-0.27069244707284,"6","#6FB1E7"
"SCP_N539.EpiA.TGCACCTTCTTGACGA","SCP259","SCP259_N539",-2.93461892101284,2.71265902196708,"6","#6FB1E7"
"SCP_N539.EpiA.TGCCAAACATGCAACT","SCP259","SCP259_N539",-0.390746445388754,0.72520335590186,"1","#DC9E70"
"SCP_N539.EpiA.TGCGGGTTCACGGTTA","SCP259","SCP259_N539",-4.41937252971645,1.88380672609153,"6","#6FB1E7"
"SCP_N539.EpiA.TGCGTGGGTGCTAGCC","SCP259","SCP259_N539",-3.55052659008022,2.46242823278251,"6","#6FB1E7"
"SCP_N539.EpiA.TGCTACCCAAGCTGAG","SCP259","SCP259_N539",-1.83791014644619,0.693147262685918,"6","#6FB1E7"
"SCP_N539.EpiA.TGGCCAGCATGTAAGA","SCP259","SCP259_N539",-1.99730059597011,0.397917768114232,"6","#6FB1E7"
"SCP_N539.EpiA.TGGCGCATCAATACCG","SCP259","SCP259_N539",-1.46777615043636,-0.389223078138209,"0","#ED90A4"
"SCP_N539.EpiA.TGGGAAGAGGCTAGAC","SCP259","SCP259_N539",-2.77099129650112,1.59366396641078,"6","#6FB1E7"
"SCP_N539.EpiA.TGTGTTTCAACTGCTA","SCP259","SCP259_N539",-3.27897569629665,2.52685465490165,"6","#6FB1E7"
"SCP_N539.EpiA.TTAGGCAAGTAGCCGA","SCP259","SCP259_N539",-2.76013609859463,1.40379470238647,"6","#6FB1E7"
"SCP_N539.EpiA.TTAGTTCAGCTCCTCT","SCP259","SCP259_N539",0.515595792799036,0.451247831934118,"1","#DC9E70"
"SCP_N539.EpiA.TTCGAAGCAGGTCTCG","SCP259","SCP259_N539",-3.10329386684414,2.62900342618766,"6","#6FB1E7"
"SCP_N539.EpiA.TTCTCCTGTATAAACG","SCP259","SCP259_N539",-3.19031497928615,2.49529924070182,"6","#6FB1E7"
"SCP_N539.EpiA.TTCTTAGGTCAGTGGA","SCP259","SCP259_N539",-4.01094099971767,1.85302146350684,"6","#6FB1E7"
"SCP_N539.EpiA.TTGACTTAGATCGGGT","SCP259","SCP259_N539",-1.15175315830227,0.86057557737174,"1","#DC9E70"
"SCP_N539.EpiA.TTGACTTTCGCTTGTC","SCP259","SCP259_N539",-2.036998719902,0.857598444574498,"6","#6FB1E7"
"SCP_N539.EpiA.TTGGAACAGTTCGATC","SCP259","SCP259_N539",-3.38593146297451,1.675844809168,"6","#6FB1E7"
"SCP_N539.EpiA.TTGTAGGGTTGAACTC","SCP259","SCP259_N539",-3.38178631755825,2.16468610441031,"6","#6FB1E7"
"SCP_N539.EpiA.TTTACTGCACGAAGCA","SCP259","SCP259_N539",-3.43900677654262,2.49078275834861,"6","#6FB1E7"
"SCP_N539.EpiA.TTTATGCGTGATGATA","SCP259","SCP259_N539",-3.20411416980739,1.69078083907905,"6","#6FB1E7"
"SCP_N539.EpiA.TTTATGCTCATTCACT","SCP259","SCP259_N539",-2.35954114887234,1.32224955236258,"6","#6FB1E7"
"SCP_N539.EpiA.TTTATGCTCCAGAAGG","SCP259","SCP259_N539",-0.187253207893331,0.705036303156041,"1","#DC9E70"
"SCP_N539.EpiA.TTTGTCATCTCACATT","SCP259","SCP259_N539",-1.8376829335403,1.11156760727706,"6","#6FB1E7"
"SCP_N539.EpiB.AACTGGTGTTATTCTC","SCP259","SCP259_N539",-2.57647010776516,1.65000966762843,"6","#6FB1E7"
"SCP_N539.EpiB.AAGGAGCTCATGCAAC","SCP259","SCP259_N539",-2.87476536724087,1.29003120785298,"6","#6FB1E7"
"SCP_N539.EpiB.ACACCAATCTCGTTTA","SCP259","SCP259_N539",-2.55120918247219,2.26952846919837,"6","#6FB1E7"
"SCP_N539.EpiB.ACAGCTACAGTAAGAT","SCP259","SCP259_N539",-2.55944845172878,2.20740564739051,"6","#6FB1E7"
"SCP_N539.EpiB.ACATACGCACGAGGTA","SCP259","SCP259_N539",-3.25709769222256,1.86035897409263,"6","#6FB1E7"
"SCP_N539.EpiB.ACGTCAAGTTCGCTAA","SCP259","SCP259_N539",-2.44535181018825,2.35585447227302,"6","#6FB1E7"
"SCP_N539.EpiB.AGAGCGAAGTTTCCTT","SCP259","SCP259_N539",-3.47790572139736,1.69134788786712,"6","#6FB1E7"
"SCP_N539.EpiB.AGCGGTCGTGGTCCGT","SCP259","SCP259_N539",-2.40252420398708,2.32278432523551,"6","#6FB1E7"
"SCP_N539.EpiB.AGTGTCATCCGCTGTT","SCP259","SCP259_N539",-2.53621003124233,2.15064700519385,"6","#6FB1E7"
"SCP_N539.EpiB.CAACCTCTCACCATAG","SCP259","SCP259_N539",-0.364844591350515,0.592907508962774,"1","#DC9E70"
"SCP_N539.EpiB.CAAGGCCTCTGTCCGT","SCP259","SCP259_N539",-2.39987585041042,2.32769086038413,"6","#6FB1E7"
"SCP_N539.EpiB.CACTCCAGTTCAGGCC","SCP259","SCP259_N539",2.33156087902073,0.373539945238256,"0","#ED90A4"
"SCP_N539.EpiB.CAGATCAAGACAGAGA","SCP259","SCP259_N539",-2.68563267681118,2.61251415883841,"6","#6FB1E7"
"SCP_N539.EpiB.CATCAGATCCCTTGCA","SCP259","SCP259_N539",-2.77791974040981,1.87869282638373,"6","#6FB1E7"
"SCP_N539.EpiB.CATGGCGTCCGATATG","SCP259","SCP259_N539",-2.63737484905239,2.28142800008597,"6","#6FB1E7"
"SCP_N539.EpiB.CCGTACTAGGTAGCTG","SCP259","SCP259_N539",-3.11395713779445,1.16249444162192,"6","#6FB1E7"
"SCP_N539.EpiB.CCTACCACAGGTGGAT","SCP259","SCP259_N539",-2.14924833271023,0.72975589906516,"6","#6FB1E7"
"SCP_N539.EpiB.CCTCTGATCCTAGTGA","SCP259","SCP259_N539",-2.64780971500393,2.40143235599341,"6","#6FB1E7"
"SCP_N539.EpiB.CCTTCCCTCATTATCC","SCP259","SCP259_N539",-2.85329267475124,1.30031242793145,"6","#6FB1E7"
"SCP_N539.EpiB.CGAGCCACAATGCCAT","SCP259","SCP259_N539",-1.46970304939266,1.90228005325141,"1","#DC9E70"
"SCP_N539.EpiB.CGTCTACCAAGTCTAC","SCP259","SCP259_N539",-4.58815428707119,1.59983438824954,"6","#6FB1E7"
"SCP_N539.EpiB.CGTCTACCACCACGTG","SCP259","SCP259_N539",0.0644158860731526,0.139931460970067,"1","#DC9E70"
"SCP_N539.EpiB.CTACATTAGTGTACCT","SCP259","SCP259_N539",-2.62147113773342,2.4515366760427,"6","#6FB1E7"
"SCP_N539.EpiB.CTCTGGTGTTTAAGCC","SCP259","SCP259_N539",-2.615456790657,2.16898938094916,"2","#B7AE50"
"SCP_N539.EpiB.CTTACCGAGGACATTA","SCP259","SCP259_N539",-1.42949327919002,1.8634575513536,"1","#DC9E70"
"SCP_N539.EpiB.CTTACCGTCTCCTATA","SCP259","SCP259_N539",-2.6711482712936,2.42519416486564,"6","#6FB1E7"
"SCP_N539.EpiB.CTTAGGAGTTCTCATT","SCP259","SCP259_N539",-3.14213225337978,2.4811324087316,"6","#6FB1E7"
"SCP_N539.EpiB.GAATAAGCATACTACG","SCP259","SCP259_N539",-1.89537760707851,0.798461457842015,"6","#6FB1E7"
"SCP_N539.EpiB.GAATAAGGTCGGATCC","SCP259","SCP259_N539",-2.55466315242763,2.33873303806128,"6","#6FB1E7"
"SCP_N539.EpiB.GACGTGCCATAGGATA","SCP259","SCP259_N539",-1.44150790664669,1.90624620591941,"1","#DC9E70"
"SCP_N539.EpiB.GATTCAGAGTCCCACG","SCP259","SCP259_N539",-3.30351516696926,1.81529488241019,"6","#6FB1E7"
"SCP_N539.EpiB.GCAATCAGTAGCGTGA","SCP259","SCP259_N539",-2.56838080379482,2.37705995714011,"6","#6FB1E7"
"SCP_N539.EpiB.GCGACCACAACGATCT","SCP259","SCP259_N539",-1.45571205112453,1.84656085645499,"1","#DC9E70"
"SCP_N539.EpiB.GCTTGAACACTGAAGG","SCP259","SCP259_N539",-3.10873434040066,1.59595102643313,"6","#6FB1E7"
"SCP_N539.EpiB.GGACAAGGTTCGCGAC","SCP259","SCP259_N539",-2.43832084629055,2.24922045146766,"6","#6FB1E7"
"SCP_N539.EpiB.GGACGTCTCAACTCTT","SCP259","SCP259_N539",-2.58534213993069,2.46815719281974,"6","#6FB1E7"
"SCP_N539.EpiB.GGGCACTTCATCTGTT","SCP259","SCP259_N539",-2.93293306324001,1.04702349578681,"6","#6FB1E7"
"SCP_N539.EpiB.GTAGGCCCATTAGCCA","SCP259","SCP259_N539",-2.4973566243362,2.32528903161826,"6","#6FB1E7"
"SCP_N539.EpiB.TACAGTGGTAAGGATT","SCP259","SCP259_N539",-2.41590878459926,2.3392034975225,"6","#6FB1E7"
"SCP_N539.EpiB.TACCTATAGCAGATCG","SCP259","SCP259_N539",-2.20903369876858,2.24026640331092,"6","#6FB1E7"
"SCP_N539.EpiB.TATTACCGTGAACCTT","SCP259","SCP259_N539",-2.62116071674343,2.25297625934424,"6","#6FB1E7"
"SCP_N539.EpiB.TCAGGTAGTCAGAAGC","SCP259","SCP259_N539",-2.50627181026455,2.42713560735526,"6","#6FB1E7"
"SCP_N539.EpiB.TCGGTAACACATCCGG","SCP259","SCP259_N539",5.77250626590733,0.260905763261937,"0","#ED90A4"
"SCP_N539.EpiB.TCGGTAACACGGCCAT","SCP259","SCP259_N539",-1.65154227706905,2.01656707202735,"6","#6FB1E7"
"SCP_N539.EpiB.TGAAAGAAGTCTTGCA","SCP259","SCP259_N539",-2.49263641330715,2.31057121431174,"6","#6FB1E7"
"SCP_N539.EpiB.TGACAACTCCGCATAA","SCP259","SCP259_N539",-2.93213102313991,1.556200927251,"6","#6FB1E7"
"SCP_N539.EpiB.TGCTGCTGTCAGCTAT","SCP259","SCP259_N539",-1.76889738533016,2.0623383132154,"6","#6FB1E7"
"SCP_N539.EpiB.TGTGGTAGTACGAAAT","SCP259","SCP259_N539",-2.61829778644558,2.32583423530402,"6","#6FB1E7"
"SCP_N539.EpiB.TTCTTAGTCCCTCTTT","SCP259","SCP259_N539",-1.40114614459987,1.872244617098,"1","#DC9E70"
"SCP_N539.EpiB.TTTACTGTCTGTCTCG","SCP259","SCP259_N539",-1.4844251582336,-0.764021972066737,"0","#ED90A4"
"SCP_N539.EpiB.TTTATGCGTAGGGACT","SCP259","SCP259_N539",-3.44618055316921,1.6434117761785,"6","#6FB1E7"
"SCP_N539.LPA.GCGCAGTTCCACGAAT","SCP259","SCP259_N539",0.902353136806528,1.44069655811133,"0","#ED90A4"
"SCP_N539.LPB.ACGGGCTAGCCAACAG","SCP259","SCP259_N539",-4.43948122951504,-2.15691218698678,"5","#00BFC8"
"SCP_N539.LPB.GACTGCGTCCTGTACC","SCP259","SCP259_N539",-2.29903647396084,1.24814554130378,"6","#6FB1E7"
"SCP_N539.LPB.GCTGCAGTCAAACGGG","SCP259","SCP259_N539",-1.53197130653377,-1.43093548143563,"0","#ED90A4"
"SCP_N539.LPB.GGGTTGCAGCTAGGCA","SCP259","SCP259_N539",-1.55827984306331,-1.20534906709848,"0","#ED90A4"
"SCP_N539.LPB.TAAACCGCAGTGGGAT","SCP259","SCP259_N539",-3.84641453716274,-1.38086567247567,"4","#1DC199"
"SCP_N110.EpiA.TGACTAGCACACCGCA","SCP259","SCP259_N110",2.65239003208164,0.226566573732518,"0","#ED90A4"
"SCP_N110.LPA.CGTCTACAGTCTCGGC","SCP259","SCP259_N110",-3.84537741634365,-4.39103517854867,"4","#1DC199"
"SCP_N110.LPB.ACCTTTAAGACGCTTT","SCP259","SCP259_N110",-2.57371255847927,2.31522949611487,"6","#6FB1E7"
"SCP_N110.LPB.CATTATCAGACCGGAT","SCP259","SCP259_N110",0.26243187394623,3.93563451444449,"0","#ED90A4"
"SCP_N110.LPB.CTCTAATCAGTTCCCT","SCP259","SCP259_N110",-4.1208119103622,-4.65329704607186,"4","#1DC199"
"SCP_N110.LPB.GGGCACTCAGCGTCCA","SCP259","SCP259_N110",2.58250692394261,0.275928517931127,"0","#ED90A4"
"SCP_N110.LPB.TTGGCAATCCGTAGGC","SCP259","SCP259_N110",-1.65385279151913,-2.30122933710275,"2","#B7AE50"
