gart_threshold,min_cells,expression_threshold,source,interaction_name,omitted_donor,median_difference,positive_direction,n
1,10,0.05,Endothelial,MIF_CD74_CD44,SCP259_N106,0.0104781329000592,TRUE,11
1,10,0.05,Endothelial,MIF_CD74_CD44,SCP259_N111,0.0090012487905426,TRUE,11
1,10,0.05,Endothelial,MIF_CD74_CD44,SCP259_N23,0.0090012487905426,TRUE,11
1,10,0.05,Endothelial,MIF_CD74_CD44,SCP259_N24,0.0090012487905426,TRUE,11
1,10,0.05,Endothelial,MIF_CD74_CD44,SCP259_N44,0.0104781329000592,TRUE,11
1,10,0.05,Endothelial,MIF_CD74_CD44,SCP259_N49,0.0104781329000592,TRUE,11
1,10,0.05,Endothelial,MIF_CD74_CD44,SCP259_N50,0.0104781329000592,TRUE,11
1,10,0.05,Endothelial,MIF_CD74_CD44,SCP259_N52,0.0104781329000592,TRUE,11
1,10,0.05,Endothelial,MIF_CD74_CD44,SCP259_N539,0.0090012487905426,TRUE,11
1,10,0.05,Endothelial,MIF_CD74_CD44,SCP259_N58,0.0090012487905426,TRUE,11
1,10,0.05,Endothelial,MIF_CD74_CD44,SCP259_N661,0.0090012487905426,TRUE,11
1,10,0.05,Endothelial,MIF_CD74_CD44,SCP259_N9,0.0104781329000592,TRUE,11
2,10,0.05,Endothelial,MIF_CD74_CD44,SCP259_N106,0.0140060868518101,TRUE,10
2,10,0.05,Endothelial,MIF_CD74_CD44,SCP259_N111,0.012394455102441,TRUE,10
2,10,0.05,Endothelial,MIF_CD74_CD44,SCP259_N23,0.012394455102441,TRUE,10
2,10,0.05,Endothelial,MIF_CD74_CD44,SCP259_N24,0.012394455102441,TRUE,10
2,10,0.05,Endothelial,MIF_CD74_CD44,SCP259_N44,0.0140060868518101,TRUE,10
2,10,0.05,Endothelial,MIF_CD74_CD44,SCP259_N49,0.0140060868518101,TRUE,10
2,10,0.05,Endothelial,MIF_CD74_CD44,SCP259_N50,0.0140060868518101,TRUE,10
2,10,0.05,Endothelial,MIF_CD74_CD44,SCP259_N539,0.012394455102441,TRUE,10
2,10,0.05,Endothelial,MIF_CD74_CD44,SCP259_N58,0.0140060868518101,TRUE,10
2,10,0.05,Endothelial,MIF_CD74_CD44,SCP259_N661,0.012394455102441,TRUE,10
2,10,0.05,Endothelial,MIF_CD74_CD44,SCP259_N9,0.0137347233856683,TRUE,10
1,20,0.05,Endothelial,MIF_CD74_CD44,SCP259_N106,0.0104977783580785,TRUE,10
1,20,0.05,Endothelial,MIF_CD74_CD44,SCP259_N111,0.00787699748370669,TRUE,10
1,20,0.05,Endothelial,MIF_CD74_CD44,SCP259_N23,0.00787699748370669,TRUE,10
1,20,0.05,Endothelial,MIF_CD74_CD44,SCP259_N24,0.00787699748370669,TRUE,10
1,20,0.05,Endothelial,MIF_CD74_CD44,SCP259_N44,0.0104977783580785,TRUE,10
1,20,0.05,Endothelial,MIF_CD74_CD44,SCP259_N49,0.0104977783580785,TRUE,10
1,20,0.05,Endothelial,MIF_CD74_CD44,SCP259_N50,0.0104977783580785,TRUE,10
1,20,0.05,Endothelial,MIF_CD74_CD44,SCP259_N539,0.00787699748370669,TRUE,10
1,20,0.05,Endothelial,MIF_CD74_CD44,SCP259_N58,0.00789664294172594,TRUE,10
1,20,0.05,Endothelial,MIF_CD74_CD44,SCP259_N661,0.00787699748370669,TRUE,10
1,20,0.05,Endothelial,MIF_CD74_CD44,SCP259_N9,0.0104977783580785,TRUE,10
2,20,0.05,Endothelial,MIF_CD74_CD44,SCP259_N106,0.0140060868518101,TRUE,10
2,20,0.05,Endothelial,MIF_CD74_CD44,SCP259_N111,0.012394455102441,TRUE,10
2,20,0.05,Endothelial,MIF_CD74_CD44,SCP259_N23,0.012394455102441,TRUE,10
2,20,0.05,Endothelial,MIF_CD74_CD44,SCP259_N24,0.012394455102441,TRUE,10
2,20,0.05,Endothelial,MIF_CD74_CD44,SCP259_N44,0.0140060868518101,TRUE,10
2,20,0.05,Endothelial,MIF_CD74_CD44,SCP259_N49,0.0140060868518101,TRUE,10
2,20,0.05,Endothelial,MIF_CD74_CD44,SCP259_N50,0.0140060868518101,TRUE,10
2,20,0.05,Endothelial,MIF_CD74_CD44,SCP259_N539,0.012394455102441,TRUE,10
2,20,0.05,Endothelial,MIF_CD74_CD44,SCP259_N58,0.0140060868518101,TRUE,10
2,20,0.05,Endothelial,MIF_CD74_CD44,SCP259_N661,0.012394455102441,TRUE,10
2,20,0.05,Endothelial,MIF_CD74_CD44,SCP259_N9,0.0137347233856683,TRUE,10
1,30,0.05,Endothelial,MIF_CD74_CD44,SCP259_N106,0.0104977783580785,TRUE,10
1,30,0.05,Endothelial,MIF_CD74_CD44,SCP259_N111,0.00787699748370669,TRUE,10
1,30,0.05,Endothelial,MIF_CD74_CD44,SCP259_N23,0.00787699748370669,TRUE,10
1,30,0.05,Endothelial,MIF_CD74_CD44,SCP259_N24,0.00787699748370669,TRUE,10
1,30,0.05,Endothelial,MIF_CD74_CD44,SCP259_N44,0.0104977783580785,TRUE,10
1,30,0.05,Endothelial,MIF_CD74_CD44,SCP259_N49,0.0104977783580785,TRUE,10
1,30,0.05,Endothelial,MIF_CD74_CD44,SCP259_N50,0.0104977783580785,TRUE,10
1,30,0.05,Endothelial,MIF_CD74_CD44,SCP259_N539,0.00787699748370669,TRUE,10
1,30,0.05,Endothelial,MIF_CD74_CD44,SCP259_N58,0.00789664294172594,TRUE,10
1,30,0.05,Endothelial,MIF_CD74_CD44,SCP259_N661,0.00787699748370669,TRUE,10
1,30,0.05,Endothelial,MIF_CD74_CD44,SCP259_N9,0.0104977783580785,TRUE,10
2,30,0.05,Endothelial,MIF_CD74_CD44,SCP259_N106,0.0126658185685828,TRUE,9
2,30,0.05,Endothelial,MIF_CD74_CD44,SCP259_N111,0.0121230916362991,TRUE,9
2,30,0.05,Endothelial,MIF_CD74_CD44,SCP259_N23,0.0121230916362991,TRUE,9
2,30,0.05,Endothelial,MIF_CD74_CD44,SCP259_N24,0.0121230916362991,TRUE,9
2,30,0.05,Endothelial,MIF_CD74_CD44,SCP259_N44,0.0126658185685828,TRUE,9
2,30,0.05,Endothelial,MIF_CD74_CD44,SCP259_N49,0.0126658185685828,TRUE,9
2,30,0.05,Endothelial,MIF_CD74_CD44,SCP259_N50,0.0126658185685828,TRUE,9
2,30,0.05,Endothelial,MIF_CD74_CD44,SCP259_N58,0.0126658185685828,TRUE,9
2,30,0.05,Endothelial,MIF_CD74_CD44,SCP259_N661,0.0121230916362991,TRUE,9
2,30,0.05,Endothelial,MIF_CD74_CD44,SCP259_N9,0.0121230916362991,TRUE,9
1,10,0.1,Endothelial,MIF_CD74_CD44,SCP259_N106,0.0104781329000592,TRUE,11
1,10,0.1,Endothelial,MIF_CD74_CD44,SCP259_N111,0.0090012487905426,TRUE,11
1,10,0.1,Endothelial,MIF_CD74_CD44,SCP259_N23,0.0090012487905426,TRUE,11
1,10,0.1,Endothelial,MIF_CD74_CD44,SCP259_N24,0.0090012487905426,TRUE,11
1,10,0.1,Endothelial,MIF_CD74_CD44,SCP259_N44,0.0104781329000592,TRUE,11
1,10,0.1,Endothelial,MIF_CD74_CD44,SCP259_N49,0.0104781329000592,TRUE,11
1,10,0.1,Endothelial,MIF_CD74_CD44,SCP259_N50,0.0104781329000592,TRUE,11
1,10,0.1,Endothelial,MIF_CD74_CD44,SCP259_N52,0.0104781329000592,TRUE,11
1,10,0.1,Endothelial,MIF_CD74_CD44,SCP259_N539,0.0090012487905426,TRUE,11
1,10,0.1,Endothelial,MIF_CD74_CD44,SCP259_N58,0.0090012487905426,TRUE,11
1,10,0.1,Endothelial,MIF_CD74_CD44,SCP259_N661,0.0090012487905426,TRUE,11
1,10,0.1,Endothelial,MIF_CD74_CD44,SCP259_N9,0.0104781329000592,TRUE,11
2,10,0.1,Endothelial,MIF_CD74_CD44,SCP259_N106,0.0140060868518101,TRUE,10
2,10,0.1,Endothelial,MIF_CD74_CD44,SCP259_N111,0.012394455102441,TRUE,10
2,10,0.1,Endothelial,MIF_CD74_CD44,SCP259_N23,0.012394455102441,TRUE,10
2,10,0.1,Endothelial,MIF_CD74_CD44,SCP259_N24,0.012394455102441,TRUE,10
2,10,0.1,Endothelial,MIF_CD74_CD44,SCP259_N44,0.0140060868518101,TRUE,10
2,10,0.1,Endothelial,MIF_CD74_CD44,SCP259_N49,0.0140060868518101,TRUE,10
2,10,0.1,Endothelial,MIF_CD74_CD44,SCP259_N50,0.0140060868518101,TRUE,10
2,10,0.1,Endothelial,MIF_CD74_CD44,SCP259_N539,0.012394455102441,TRUE,10
2,10,0.1,Endothelial,MIF_CD74_CD44,SCP259_N58,0.0140060868518101,TRUE,10
2,10,0.1,Endothelial,MIF_CD74_CD44,SCP259_N661,0.012394455102441,TRUE,10
2,10,0.1,Endothelial,MIF_CD74_CD44,SCP259_N9,0.0137347233856683,TRUE,10
1,20,0.1,Endothelial,MIF_CD74_CD44,SCP259_N106,0.0104977783580785,TRUE,10
1,20,0.1,Endothelial,MIF_CD74_CD44,SCP259_N111,0.00787699748370669,TRUE,10
1,20,0.1,Endothelial,MIF_CD74_CD44,SCP259_N23,0.00787699748370669,TRUE,10
1,20,0.1,Endothelial,MIF_CD74_CD44,SCP259_N24,0.00787699748370669,TRUE,10
1,20,0.1,Endothelial,MIF_CD74_CD44,SCP259_N44,0.0104977783580785,TRUE,10
1,20,0.1,Endothelial,MIF_CD74_CD44,SCP259_N49,0.0104977783580785,TRUE,10
1,20,0.1,Endothelial,MIF_CD74_CD44,SCP259_N50,0.0104977783580785,TRUE,10
1,20,0.1,Endothelial,MIF_CD74_CD44,SCP259_N539,0.00787699748370669,TRUE,10
1,20,0.1,Endothelial,MIF_CD74_CD44,SCP259_N58,0.00789664294172594,TRUE,10
1,20,0.1,Endothelial,MIF_CD74_CD44,SCP259_N661,0.00787699748370669,TRUE,10
1,20,0.1,Endothelial,MIF_CD74_CD44,SCP259_N9,0.0104977783580785,TRUE,10
2,20,0.1,Endothelial,MIF_CD74_CD44,SCP259_N106,0.0140060868518101,TRUE,10
2,20,0.1,Endothelial,MIF_CD74_CD44,SCP259_N111,0.012394455102441,TRUE,10
2,20,0.1,Endothelial,MIF_CD74_CD44,SCP259_N23,0.012394455102441,TRUE,10
2,20,0.1,Endothelial,MIF_CD74_CD44,SCP259_N24,0.012394455102441,TRUE,10
2,20,0.1,Endothelial,MIF_CD74_CD44,SCP259_N44,0.0140060868518101,TRUE,10
2,20,0.1,Endothelial,MIF_CD74_CD44,SCP259_N49,0.0140060868518101,TRUE,10
2,20,0.1,Endothelial,MIF_CD74_CD44,SCP259_N50,0.0140060868518101,TRUE,10
2,20,0.1,Endothelial,MIF_CD74_CD44,SCP259_N539,0.012394455102441,TRUE,10
2,20,0.1,Endothelial,MIF_CD74_CD44,SCP259_N58,0.0140060868518101,TRUE,10
2,20,0.1,Endothelial,MIF_CD74_CD44,SCP259_N661,0.012394455102441,TRUE,10
2,20,0.1,Endothelial,MIF_CD74_CD44,SCP259_N9,0.0137347233856683,TRUE,10
1,30,0.1,Endothelial,MIF_CD74_CD44,SCP259_N106,0.0104977783580785,TRUE,10
1,30,0.1,Endothelial,MIF_CD74_CD44,SCP259_N111,0.00787699748370669,TRUE,10
1,30,0.1,Endothelial,MIF_CD74_CD44,SCP259_N23,0.00787699748370669,TRUE,10
1,30,0.1,Endothelial,MIF_CD74_CD44,SCP259_N24,0.00787699748370669,TRUE,10
1,30,0.1,Endothelial,MIF_CD74_CD44,SCP259_N44,0.0104977783580785,TRUE,10
1,30,0.1,Endothelial,MIF_CD74_CD44,SCP259_N49,0.0104977783580785,TRUE,10
1,30,0.1,Endothelial,MIF_CD74_CD44,SCP259_N50,0.0104977783580785,TRUE,10
1,30,0.1,Endothelial,MIF_CD74_CD44,SCP259_N539,0.00787699748370669,TRUE,10
1,30,0.1,Endothelial,MIF_CD74_CD44,SCP259_N58,0.00789664294172594,TRUE,10
1,30,0.1,Endothelial,MIF_CD74_CD44,SCP259_N661,0.00787699748370669,TRUE,10
1,30,0.1,Endothelial,MIF_CD74_CD44,SCP259_N9,0.0104977783580785,TRUE,10
2,30,0.1,Endothelial,MIF_CD74_CD44,SCP259_N106,0.0126658185685828,TRUE,9
2,30,0.1,Endothelial,MIF_CD74_CD44,SCP259_N111,0.0121230916362991,TRUE,9
2,30,0.1,Endothelial,MIF_CD74_CD44,SCP259_N23,0.0121230916362991,TRUE,9
2,30,0.1,Endothelial,MIF_CD74_CD44,SCP259_N24,0.0121230916362991,TRUE,9
2,30,0.1,Endothelial,MIF_CD74_CD44,SCP259_N44,0.0126658185685828,TRUE,9
2,30,0.1,Endothelial,MIF_CD74_CD44,SCP259_N49,0.0126658185685828,TRUE,9
2,30,0.1,Endothelial,MIF_CD74_CD44,SCP259_N50,0.0126658185685828,TRUE,9
2,30,0.1,Endothelial,MIF_CD74_CD44,SCP259_N58,0.0126658185685828,TRUE,9
2,30,0.1,Endothelial,MIF_CD74_CD44,SCP259_N661,0.0121230916362991,TRUE,9
2,30,0.1,Endothelial,MIF_CD74_CD44,SCP259_N9,0.0121230916362991,TRUE,9
1,10,0.2,Endothelial,MIF_CD74_CD44,SCP259_N106,0.00975933630332016,TRUE,10
1,10,0.2,Endothelial,MIF_CD74_CD44,SCP259_N111,0.00713855542894838,TRUE,10
1,10,0.2,Endothelial,MIF_CD74_CD44,SCP259_N23,0.00713855542894838,TRUE,10
1,10,0.2,Endothelial,MIF_CD74_CD44,SCP259_N24,0.00713855542894838,TRUE,10
1,10,0.2,Endothelial,MIF_CD74_CD44,SCP259_N44,0.00975933630332016,TRUE,10
1,10,0.2,Endothelial,MIF_CD74_CD44,SCP259_N49,0.00975933630332016,TRUE,10
1,10,0.2,Endothelial,MIF_CD74_CD44,SCP259_N50,0.00975933630332016,TRUE,10
1,10,0.2,Endothelial,MIF_CD74_CD44,SCP259_N52,0.00789664294172594,TRUE,10
1,10,0.2,Endothelial,MIF_CD74_CD44,SCP259_N539,0.00713855542894838,TRUE,10
1,10,0.2,Endothelial,MIF_CD74_CD44,SCP259_N661,0.00713855542894838,TRUE,10
1,10,0.2,Endothelial,MIF_CD74_CD44,SCP259_N9,0.00975933630332016,TRUE,10
2,10,0.2,Endothelial,MIF_CD74_CD44,SCP259_N106,0.0153463551350374,TRUE,9
2,10,0.2,Endothelial,MIF_CD74_CD44,SCP259_N111,0.0126658185685828,TRUE,9
2,10,0.2,Endothelial,MIF_CD74_CD44,SCP259_N23,0.0126658185685828,TRUE,9
2,10,0.2,Endothelial,MIF_CD74_CD44,SCP259_N24,0.0126658185685828,TRUE,9
2,10,0.2,Endothelial,MIF_CD74_CD44,SCP259_N44,0.0153463551350374,TRUE,9
2,10,0.2,Endothelial,MIF_CD74_CD44,SCP259_N49,0.0153463551350374,TRUE,9
2,10,0.2,Endothelial,MIF_CD74_CD44,SCP259_N50,0.0153463551350374,TRUE,9
2,10,0.2,Endothelial,MIF_CD74_CD44,SCP259_N539,0.0126658185685828,TRUE,9
2,10,0.2,Endothelial,MIF_CD74_CD44,SCP259_N661,0.0126658185685828,TRUE,9
2,10,0.2,Endothelial,MIF_CD74_CD44,SCP259_N9,0.0153463551350374,TRUE,9
1,20,0.2,Endothelial,MIF_CD74_CD44,SCP259_N106,0.0105174238160977,TRUE,9
1,20,0.2,Endothelial,MIF_CD74_CD44,SCP259_N111,0.00527586206735416,TRUE,9
1,20,0.2,Endothelial,MIF_CD74_CD44,SCP259_N23,0.00527586206735416,TRUE,9
1,20,0.2,Endothelial,MIF_CD74_CD44,SCP259_N24,0.00527586206735416,TRUE,9
1,20,0.2,Endothelial,MIF_CD74_CD44,SCP259_N44,0.0105174238160977,TRUE,9
1,20,0.2,Endothelial,MIF_CD74_CD44,SCP259_N49,0.0105174238160977,TRUE,9
1,20,0.2,Endothelial,MIF_CD74_CD44,SCP259_N50,0.0105174238160977,TRUE,9
1,20,0.2,Endothelial,MIF_CD74_CD44,SCP259_N539,0.00527586206735416,TRUE,9
1,20,0.2,Endothelial,MIF_CD74_CD44,SCP259_N661,0.00527586206735416,TRUE,9
1,20,0.2,Endothelial,MIF_CD74_CD44,SCP259_N9,0.0105174238160977,TRUE,9
2,20,0.2,Endothelial,MIF_CD74_CD44,SCP259_N106,0.0153463551350374,TRUE,9
2,20,0.2,Endothelial,MIF_CD74_CD44,SCP259_N111,0.0126658185685828,TRUE,9
2,20,0.2,Endothelial,MIF_CD74_CD44,SCP259_N23,0.0126658185685828,TRUE,9
2,20,0.2,Endothelial,MIF_CD74_CD44,SCP259_N24,0.0126658185685828,TRUE,9
2,20,0.2,Endothelial,MIF_CD74_CD44,SCP259_N44,0.0153463551350374,TRUE,9
2,20,0.2,Endothelial,MIF_CD74_CD44,SCP259_N49,0.0153463551350374,TRUE,9
2,20,0.2,Endothelial,MIF_CD74_CD44,SCP259_N50,0.0153463551350374,TRUE,9
2,20,0.2,Endothelial,MIF_CD74_CD44,SCP259_N539,0.0126658185685828,TRUE,9
2,20,0.2,Endothelial,MIF_CD74_CD44,SCP259_N661,0.0126658185685828,TRUE,9
2,20,0.2,Endothelial,MIF_CD74_CD44,SCP259_N9,0.0153463551350374,TRUE,9
1,30,0.2,Endothelial,MIF_CD74_CD44,SCP259_N106,0.0105174238160977,TRUE,9
1,30,0.2,Endothelial,MIF_CD74_CD44,SCP259_N111,0.00527586206735416,TRUE,9
1,30,0.2,Endothelial,MIF_CD74_CD44,SCP259_N23,0.00527586206735416,TRUE,9
1,30,0.2,Endothelial,MIF_CD74_CD44,SCP259_N24,0.00527586206735416,TRUE,9
1,30,0.2,Endothelial,MIF_CD74_CD44,SCP259_N44,0.0105174238160977,TRUE,9
1,30,0.2,Endothelial,MIF_CD74_CD44,SCP259_N49,0.0105174238160977,TRUE,9
1,30,0.2,Endothelial,MIF_CD74_CD44,SCP259_N50,0.0105174238160977,TRUE,9
1,30,0.2,Endothelial,MIF_CD74_CD44,SCP259_N539,0.00527586206735416,TRUE,9
1,30,0.2,Endothelial,MIF_CD74_CD44,SCP259_N661,0.00527586206735416,TRUE,9
1,30,0.2,Endothelial,MIF_CD74_CD44,SCP259_N9,0.0105174238160977,TRUE,9
2,30,0.2,Endothelial,MIF_CD74_CD44,SCP259_N106,0.0140226828297209,TRUE,8
2,30,0.2,Endothelial,MIF_CD74_CD44,SCP259_N111,0.00959866748049316,TRUE,8
2,30,0.2,Endothelial,MIF_CD74_CD44,SCP259_N23,0.00959866748049316,TRUE,8
2,30,0.2,Endothelial,MIF_CD74_CD44,SCP259_N24,0.00959866748049316,TRUE,8
2,30,0.2,Endothelial,MIF_CD74_CD44,SCP259_N44,0.0140226828297209,TRUE,8
2,30,0.2,Endothelial,MIF_CD74_CD44,SCP259_N49,0.0140226828297209,TRUE,8
2,30,0.2,Endothelial,MIF_CD74_CD44,SCP259_N50,0.0140226828297209,TRUE,8
2,30,0.2,Endothelial,MIF_CD74_CD44,SCP259_N661,0.00959866748049316,TRUE,8
2,30,0.2,Endothelial,MIF_CD74_CD44,SCP259_N9,0.0109555317416313,TRUE,8
1,10,0.05,Fibroblast,MIF_CD74_CD44,SCP259_N106,0.0100806734757703,TRUE,11
1,10,0.05,Fibroblast,MIF_CD74_CD44,SCP259_N111,0.00842926342920694,TRUE,11
1,10,0.05,Fibroblast,MIF_CD74_CD44,SCP259_N23,0.00842926342920694,TRUE,11
1,10,0.05,Fibroblast,MIF_CD74_CD44,SCP259_N24,0.00842926342920694,TRUE,11
1,10,0.05,Fibroblast,MIF_CD74_CD44,SCP259_N44,0.0100806734757703,TRUE,11
1,10,0.05,Fibroblast,MIF_CD74_CD44,SCP259_N49,0.0100806734757703,TRUE,11
1,10,0.05,Fibroblast,MIF_CD74_CD44,SCP259_N50,0.0100806734757703,TRUE,11
1,10,0.05,Fibroblast,MIF_CD74_CD44,SCP259_N52,0.0100806734757703,TRUE,11
1,10,0.05,Fibroblast,MIF_CD74_CD44,SCP259_N539,0.00842926342920694,TRUE,11
1,10,0.05,Fibroblast,MIF_CD74_CD44,SCP259_N58,0.00842926342920694,TRUE,11
1,10,0.05,Fibroblast,MIF_CD74_CD44,SCP259_N661,0.00842926342920694,TRUE,11
1,10,0.05,Fibroblast,MIF_CD74_CD44,SCP259_N9,0.0100806734757703,TRUE,11
2,10,0.05,Fibroblast,MIF_CD74_CD44,SCP259_N106,0.0160743206714083,TRUE,10
2,10,0.05,Fibroblast,MIF_CD74_CD44,SCP259_N111,0.0138061032355211,TRUE,10
2,10,0.05,Fibroblast,MIF_CD74_CD44,SCP259_N23,0.0138061032355211,TRUE,10
2,10,0.05,Fibroblast,MIF_CD74_CD44,SCP259_N24,0.0138061032355211,TRUE,10
2,10,0.05,Fibroblast,MIF_CD74_CD44,SCP259_N44,0.0160743206714083,TRUE,10
2,10,0.05,Fibroblast,MIF_CD74_CD44,SCP259_N49,0.0160743206714083,TRUE,10
2,10,0.05,Fibroblast,MIF_CD74_CD44,SCP259_N50,0.0160743206714083,TRUE,10
2,10,0.05,Fibroblast,MIF_CD74_CD44,SCP259_N539,0.0138061032355211,TRUE,10
2,10,0.05,Fibroblast,MIF_CD74_CD44,SCP259_N58,0.0160743206714083,TRUE,10
2,10,0.05,Fibroblast,MIF_CD74_CD44,SCP259_N661,0.0138061032355211,TRUE,10
2,10,0.05,Fibroblast,MIF_CD74_CD44,SCP259_N9,0.0139322528135518,TRUE,10
1,20,0.05,Fibroblast,MIF_CD74_CD44,SCP259_N106,0.0105816034037669,TRUE,10
1,20,0.05,Fibroblast,MIF_CD74_CD44,SCP259_N111,0.00815447844136012,TRUE,10
1,20,0.05,Fibroblast,MIF_CD74_CD44,SCP259_N23,0.00815447844136012,TRUE,10
1,20,0.05,Fibroblast,MIF_CD74_CD44,SCP259_N24,0.00815447844136012,TRUE,10
1,20,0.05,Fibroblast,MIF_CD74_CD44,SCP259_N44,0.0105816034037669,TRUE,10
1,20,0.05,Fibroblast,MIF_CD74_CD44,SCP259_N49,0.0105816034037669,TRUE,10
1,20,0.05,Fibroblast,MIF_CD74_CD44,SCP259_N50,0.0105816034037669,TRUE,10
1,20,0.05,Fibroblast,MIF_CD74_CD44,SCP259_N539,0.00815447844136012,TRUE,10
1,20,0.05,Fibroblast,MIF_CD74_CD44,SCP259_N58,0.00865540836935674,TRUE,10
1,20,0.05,Fibroblast,MIF_CD74_CD44,SCP259_N661,0.00815447844136012,TRUE,10
1,20,0.05,Fibroblast,MIF_CD74_CD44,SCP259_N9,0.0105816034037669,TRUE,10
2,20,0.05,Fibroblast,MIF_CD74_CD44,SCP259_N106,0.0160743206714083,TRUE,10
2,20,0.05,Fibroblast,MIF_CD74_CD44,SCP259_N111,0.0138061032355211,TRUE,10
2,20,0.05,Fibroblast,MIF_CD74_CD44,SCP259_N23,0.0138061032355211,TRUE,10
2,20,0.05,Fibroblast,MIF_CD74_CD44,SCP259_N24,0.0138061032355211,TRUE,10
2,20,0.05,Fibroblast,MIF_CD74_CD44,SCP259_N44,0.0160743206714083,TRUE,10
2,20,0.05,Fibroblast,MIF_CD74_CD44,SCP259_N49,0.0160743206714083,TRUE,10
2,20,0.05,Fibroblast,MIF_CD74_CD44,SCP259_N50,0.0160743206714083,TRUE,10
2,20,0.05,Fibroblast,MIF_CD74_CD44,SCP259_N539,0.0138061032355211,TRUE,10
2,20,0.05,Fibroblast,MIF_CD74_CD44,SCP259_N58,0.0160743206714083,TRUE,10
2,20,0.05,Fibroblast,MIF_CD74_CD44,SCP259_N661,0.0138061032355211,TRUE,10
2,20,0.05,Fibroblast,MIF_CD74_CD44,SCP259_N9,0.0139322528135518,TRUE,10
1,30,0.05,Fibroblast,MIF_CD74_CD44,SCP259_N106,0.0105816034037669,TRUE,10
1,30,0.05,Fibroblast,MIF_CD74_CD44,SCP259_N111,0.00815447844136012,TRUE,10
1,30,0.05,Fibroblast,MIF_CD74_CD44,SCP259_N23,0.00815447844136012,TRUE,10
1,30,0.05,Fibroblast,MIF_CD74_CD44,SCP259_N24,0.00815447844136012,TRUE,10
1,30,0.05,Fibroblast,MIF_CD74_CD44,SCP259_N44,0.0105816034037669,TRUE,10
1,30,0.05,Fibroblast,MIF_CD74_CD44,SCP259_N49,0.0105816034037669,TRUE,10
1,30,0.05,Fibroblast,MIF_CD74_CD44,SCP259_N50,0.0105816034037669,TRUE,10
1,30,0.05,Fibroblast,MIF_CD74_CD44,SCP259_N539,0.00815447844136012,TRUE,10
1,30,0.05,Fibroblast,MIF_CD74_CD44,SCP259_N58,0.00865540836935674,TRUE,10
1,30,0.05,Fibroblast,MIF_CD74_CD44,SCP259_N661,0.00815447844136012,TRUE,10
1,30,0.05,Fibroblast,MIF_CD74_CD44,SCP259_N9,0.0105816034037669,TRUE,10
2,30,0.05,Fibroblast,MIF_CD74_CD44,SCP259_N106,0.0159481710933775,TRUE,9
2,30,0.05,Fibroblast,MIF_CD74_CD44,SCP259_N111,0.0116640353776646,TRUE,9
2,30,0.05,Fibroblast,MIF_CD74_CD44,SCP259_N23,0.0116640353776646,TRUE,9
2,30,0.05,Fibroblast,MIF_CD74_CD44,SCP259_N24,0.0116640353776646,TRUE,9
2,30,0.05,Fibroblast,MIF_CD74_CD44,SCP259_N44,0.0159481710933775,TRUE,9
2,30,0.05,Fibroblast,MIF_CD74_CD44,SCP259_N49,0.0159481710933775,TRUE,9
2,30,0.05,Fibroblast,MIF_CD74_CD44,SCP259_N50,0.0159481710933775,TRUE,9
2,30,0.05,Fibroblast,MIF_CD74_CD44,SCP259_N58,0.0159481710933775,TRUE,9
2,30,0.05,Fibroblast,MIF_CD74_CD44,SCP259_N661,0.0116640353776646,TRUE,9
2,30,0.05,Fibroblast,MIF_CD74_CD44,SCP259_N9,0.0116640353776646,TRUE,9
1,10,0.1,Fibroblast,MIF_CD74_CD44,SCP259_N106,0.0100806734757703,TRUE,11
1,10,0.1,Fibroblast,MIF_CD74_CD44,SCP259_N111,0.00842926342920694,TRUE,11
1,10,0.1,Fibroblast,MIF_CD74_CD44,SCP259_N23,0.00842926342920694,TRUE,11
1,10,0.1,Fibroblast,MIF_CD74_CD44,SCP259_N24,0.00842926342920694,TRUE,11
1,10,0.1,Fibroblast,MIF_CD74_CD44,SCP259_N44,0.0100806734757703,TRUE,11
1,10,0.1,Fibroblast,MIF_CD74_CD44,SCP259_N49,0.0100806734757703,TRUE,11
1,10,0.1,Fibroblast,MIF_CD74_CD44,SCP259_N50,0.0100806734757703,TRUE,11
1,10,0.1,Fibroblast,MIF_CD74_CD44,SCP259_N52,0.0100806734757703,TRUE,11
1,10,0.1,Fibroblast,MIF_CD74_CD44,SCP259_N539,0.00842926342920694,TRUE,11
1,10,0.1,Fibroblast,MIF_CD74_CD44,SCP259_N58,0.00842926342920694,TRUE,11
1,10,0.1,Fibroblast,MIF_CD74_CD44,SCP259_N661,0.00842926342920694,TRUE,11
1,10,0.1,Fibroblast,MIF_CD74_CD44,SCP259_N9,0.0100806734757703,TRUE,11
2,10,0.1,Fibroblast,MIF_CD74_CD44,SCP259_N106,0.0160743206714083,TRUE,10
2,10,0.1,Fibroblast,MIF_CD74_CD44,SCP259_N111,0.0138061032355211,TRUE,10
2,10,0.1,Fibroblast,MIF_CD74_CD44,SCP259_N23,0.0138061032355211,TRUE,10
2,10,0.1,Fibroblast,MIF_CD74_CD44,SCP259_N24,0.0138061032355211,TRUE,10
2,10,0.1,Fibroblast,MIF_CD74_CD44,SCP259_N44,0.0160743206714083,TRUE,10
2,10,0.1,Fibroblast,MIF_CD74_CD44,SCP259_N49,0.0160743206714083,TRUE,10
2,10,0.1,Fibroblast,MIF_CD74_CD44,SCP259_N50,0.0160743206714083,TRUE,10
2,10,0.1,Fibroblast,MIF_CD74_CD44,SCP259_N539,0.0138061032355211,TRUE,10
2,10,0.1,Fibroblast,MIF_CD74_CD44,SCP259_N58,0.0160743206714083,TRUE,10
2,10,0.1,Fibroblast,MIF_CD74_CD44,SCP259_N661,0.0138061032355211,TRUE,10
2,10,0.1,Fibroblast,MIF_CD74_CD44,SCP259_N9,0.0139322528135518,TRUE,10
1,20,0.1,Fibroblast,MIF_CD74_CD44,SCP259_N106,0.0105816034037669,TRUE,10
1,20,0.1,Fibroblast,MIF_CD74_CD44,SCP259_N111,0.00815447844136012,TRUE,10
1,20,0.1,Fibroblast,MIF_CD74_CD44,SCP259_N23,0.00815447844136012,TRUE,10
1,20,0.1,Fibroblast,MIF_CD74_CD44,SCP259_N24,0.00815447844136012,TRUE,10
1,20,0.1,Fibroblast,MIF_CD74_CD44,SCP259_N44,0.0105816034037669,TRUE,10
1,20,0.1,Fibroblast,MIF_CD74_CD44,SCP259_N49,0.0105816034037669,TRUE,10
1,20,0.1,Fibroblast,MIF_CD74_CD44,SCP259_N50,0.0105816034037669,TRUE,10
1,20,0.1,Fibroblast,MIF_CD74_CD44,SCP259_N539,0.00815447844136012,TRUE,10
1,20,0.1,Fibroblast,MIF_CD74_CD44,SCP259_N58,0.00865540836935674,TRUE,10
1,20,0.1,Fibroblast,MIF_CD74_CD44,SCP259_N661,0.00815447844136012,TRUE,10
1,20,0.1,Fibroblast,MIF_CD74_CD44,SCP259_N9,0.0105816034037669,TRUE,10
2,20,0.1,Fibroblast,MIF_CD74_CD44,SCP259_N106,0.0160743206714083,TRUE,10
2,20,0.1,Fibroblast,MIF_CD74_CD44,SCP259_N111,0.0138061032355211,TRUE,10
2,20,0.1,Fibroblast,MIF_CD74_CD44,SCP259_N23,0.0138061032355211,TRUE,10
2,20,0.1,Fibroblast,MIF_CD74_CD44,SCP259_N24,0.0138061032355211,TRUE,10
2,20,0.1,Fibroblast,MIF_CD74_CD44,SCP259_N44,0.0160743206714083,TRUE,10
2,20,0.1,Fibroblast,MIF_CD74_CD44,SCP259_N49,0.0160743206714083,TRUE,10
2,20,0.1,Fibroblast,MIF_CD74_CD44,SCP259_N50,0.0160743206714083,TRUE,10
2,20,0.1,Fibroblast,MIF_CD74_CD44,SCP259_N539,0.0138061032355211,TRUE,10
2,20,0.1,Fibroblast,MIF_CD74_CD44,SCP259_N58,0.0160743206714083,TRUE,10
2,20,0.1,Fibroblast,MIF_CD74_CD44,SCP259_N661,0.0138061032355211,TRUE,10
2,20,0.1,Fibroblast,MIF_CD74_CD44,SCP259_N9,0.0139322528135518,TRUE,10
1,30,0.1,Fibroblast,MIF_CD74_CD44,SCP259_N106,0.0105816034037669,TRUE,10
1,30,0.1,Fibroblast,MIF_CD74_CD44,SCP259_N111,0.00815447844136012,TRUE,10
1,30,0.1,Fibroblast,MIF_CD74_CD44,SCP259_N23,0.00815447844136012,TRUE,10
1,30,0.1,Fibroblast,MIF_CD74_CD44,SCP259_N24,0.00815447844136012,TRUE,10
1,30,0.1,Fibroblast,MIF_CD74_CD44,SCP259_N44,0.0105816034037669,TRUE,10
1,30,0.1,Fibroblast,MIF_CD74_CD44,SCP259_N49,0.0105816034037669,TRUE,10
1,30,0.1,Fibroblast,MIF_CD74_CD44,SCP259_N50,0.0105816034037669,TRUE,10
1,30,0.1,Fibroblast,MIF_CD74_CD44,SCP259_N539,0.00815447844136012,TRUE,10
1,30,0.1,Fibroblast,MIF_CD74_CD44,SCP259_N58,0.00865540836935674,TRUE,10
1,30,0.1,Fibroblast,MIF_CD74_CD44,SCP259_N661,0.00815447844136012,TRUE,10
1,30,0.1,Fibroblast,MIF_CD74_CD44,SCP259_N9,0.0105816034037669,TRUE,10
2,30,0.1,Fibroblast,MIF_CD74_CD44,SCP259_N106,0.0159481710933775,TRUE,9
2,30,0.1,Fibroblast,MIF_CD74_CD44,SCP259_N111,0.0116640353776646,TRUE,9
2,30,0.1,Fibroblast,MIF_CD74_CD44,SCP259_N23,0.0116640353776646,TRUE,9
2,30,0.1,Fibroblast,MIF_CD74_CD44,SCP259_N24,0.0116640353776646,TRUE,9
2,30,0.1,Fibroblast,MIF_CD74_CD44,SCP259_N44,0.0159481710933775,TRUE,9
2,30,0.1,Fibroblast,MIF_CD74_CD44,SCP259_N49,0.0159481710933775,TRUE,9
2,30,0.1,Fibroblast,MIF_CD74_CD44,SCP259_N50,0.0159481710933775,TRUE,9
2,30,0.1,Fibroblast,MIF_CD74_CD44,SCP259_N58,0.0159481710933775,TRUE,9
2,30,0.1,Fibroblast,MIF_CD74_CD44,SCP259_N661,0.0116640353776646,TRUE,9
2,30,0.1,Fibroblast,MIF_CD74_CD44,SCP259_N9,0.0116640353776646,TRUE,9
1,10,0.2,Fibroblast,MIF_CD74_CD44,SCP259_N106,0.00975589838048522,TRUE,10
1,10,0.2,Fibroblast,MIF_CD74_CD44,SCP259_N111,0.00732877341807846,TRUE,10
1,10,0.2,Fibroblast,MIF_CD74_CD44,SCP259_N23,0.00732877341807846,TRUE,10
1,10,0.2,Fibroblast,MIF_CD74_CD44,SCP259_N24,0.00732877341807846,TRUE,10
1,10,0.2,Fibroblast,MIF_CD74_CD44,SCP259_N44,0.00975589838048522,TRUE,10
1,10,0.2,Fibroblast,MIF_CD74_CD44,SCP259_N49,0.00975589838048522,TRUE,10
1,10,0.2,Fibroblast,MIF_CD74_CD44,SCP259_N50,0.00975589838048522,TRUE,10
1,10,0.2,Fibroblast,MIF_CD74_CD44,SCP259_N52,0.00865540836935674,TRUE,10
1,10,0.2,Fibroblast,MIF_CD74_CD44,SCP259_N539,0.00732877341807846,TRUE,10
1,10,0.2,Fibroblast,MIF_CD74_CD44,SCP259_N661,0.00732877341807846,TRUE,10
1,10,0.2,Fibroblast,MIF_CD74_CD44,SCP259_N9,0.00975589838048522,TRUE,10
2,10,0.2,Fibroblast,MIF_CD74_CD44,SCP259_N106,0.016200470249439,TRUE,9
2,10,0.2,Fibroblast,MIF_CD74_CD44,SCP259_N111,0.0159481710933775,TRUE,9
2,10,0.2,Fibroblast,MIF_CD74_CD44,SCP259_N23,0.0159481710933775,TRUE,9
2,10,0.2,Fibroblast,MIF_CD74_CD44,SCP259_N24,0.0159481710933775,TRUE,9
2,10,0.2,Fibroblast,MIF_CD74_CD44,SCP259_N44,0.016200470249439,TRUE,9
2,10,0.2,Fibroblast,MIF_CD74_CD44,SCP259_N49,0.016200470249439,TRUE,9
2,10,0.2,Fibroblast,MIF_CD74_CD44,SCP259_N50,0.016200470249439,TRUE,9
2,10,0.2,Fibroblast,MIF_CD74_CD44,SCP259_N539,0.0159481710933775,TRUE,9
2,10,0.2,Fibroblast,MIF_CD74_CD44,SCP259_N661,0.0159481710933775,TRUE,9
2,10,0.2,Fibroblast,MIF_CD74_CD44,SCP259_N9,0.016200470249439,TRUE,9
1,20,0.2,Fibroblast,MIF_CD74_CD44,SCP259_N106,0.0110825333317635,TRUE,9
1,20,0.2,Fibroblast,MIF_CD74_CD44,SCP259_N111,0.00622828340694998,TRUE,9
1,20,0.2,Fibroblast,MIF_CD74_CD44,SCP259_N23,0.00622828340694998,TRUE,9
1,20,0.2,Fibroblast,MIF_CD74_CD44,SCP259_N24,0.00622828340694998,TRUE,9
1,20,0.2,Fibroblast,MIF_CD74_CD44,SCP259_N44,0.0110825333317635,TRUE,9
1,20,0.2,Fibroblast,MIF_CD74_CD44,SCP259_N49,0.0110825333317635,TRUE,9
1,20,0.2,Fibroblast,MIF_CD74_CD44,SCP259_N50,0.0110825333317635,TRUE,9
1,20,0.2,Fibroblast,MIF_CD74_CD44,SCP259_N539,0.00622828340694998,TRUE,9
1,20,0.2,Fibroblast,MIF_CD74_CD44,SCP259_N661,0.00622828340694998,TRUE,9
1,20,0.2,Fibroblast,MIF_CD74_CD44,SCP259_N9,0.0110825333317635,TRUE,9
2,20,0.2,Fibroblast,MIF_CD74_CD44,SCP259_N106,0.016200470249439,TRUE,9
2,20,0.2,Fibroblast,MIF_CD74_CD44,SCP259_N111,0.0159481710933775,TRUE,9
2,20,0.2,Fibroblast,MIF_CD74_CD44,SCP259_N23,0.0159481710933775,TRUE,9
2,20,0.2,Fibroblast,MIF_CD74_CD44,SCP259_N24,0.0159481710933775,TRUE,9
2,20,0.2,Fibroblast,MIF_CD74_CD44,SCP259_N44,0.016200470249439,TRUE,9
2,20,0.2,Fibroblast,MIF_CD74_CD44,SCP259_N49,0.016200470249439,TRUE,9
2,20,0.2,Fibroblast,MIF_CD74_CD44,SCP259_N50,0.016200470249439,TRUE,9
2,20,0.2,Fibroblast,MIF_CD74_CD44,SCP259_N539,0.0159481710933775,TRUE,9
2,20,0.2,Fibroblast,MIF_CD74_CD44,SCP259_N661,0.0159481710933775,TRUE,9
2,20,0.2,Fibroblast,MIF_CD74_CD44,SCP259_N9,0.016200470249439,TRUE,9
1,30,0.2,Fibroblast,MIF_CD74_CD44,SCP259_N106,0.0110825333317635,TRUE,9
1,30,0.2,Fibroblast,MIF_CD74_CD44,SCP259_N111,0.00622828340694998,TRUE,9
1,30,0.2,Fibroblast,MIF_CD74_CD44,SCP259_N23,0.00622828340694998,TRUE,9
1,30,0.2,Fibroblast,MIF_CD74_CD44,SCP259_N24,0.00622828340694998,TRUE,9
1,30,0.2,Fibroblast,MIF_CD74_CD44,SCP259_N44,0.0110825333317635,TRUE,9
1,30,0.2,Fibroblast,MIF_CD74_CD44,SCP259_N49,0.0110825333317635,TRUE,9
1,30,0.2,Fibroblast,MIF_CD74_CD44,SCP259_N50,0.0110825333317635,TRUE,9
1,30,0.2,Fibroblast,MIF_CD74_CD44,SCP259_N539,0.00622828340694998,TRUE,9
1,30,0.2,Fibroblast,MIF_CD74_CD44,SCP259_N661,0.00622828340694998,TRUE,9
1,30,0.2,Fibroblast,MIF_CD74_CD44,SCP259_N9,0.0110825333317635,TRUE,9
2,30,0.2,Fibroblast,MIF_CD74_CD44,SCP259_N106,0.0160743206714083,TRUE,8
2,30,0.2,Fibroblast,MIF_CD74_CD44,SCP259_N111,0.0107348882402399,TRUE,8
2,30,0.2,Fibroblast,MIF_CD74_CD44,SCP259_N23,0.0107348882402399,TRUE,8
2,30,0.2,Fibroblast,MIF_CD74_CD44,SCP259_N24,0.0107348882402399,TRUE,8
2,30,0.2,Fibroblast,MIF_CD74_CD44,SCP259_N44,0.0160743206714083,TRUE,8
2,30,0.2,Fibroblast,MIF_CD74_CD44,SCP259_N49,0.0160743206714083,TRUE,8
2,30,0.2,Fibroblast,MIF_CD74_CD44,SCP259_N50,0.0160743206714083,TRUE,8
2,30,0.2,Fibroblast,MIF_CD74_CD44,SCP259_N661,0.0107348882402399,TRUE,8
2,30,0.2,Fibroblast,MIF_CD74_CD44,SCP259_N9,0.0108610378182707,TRUE,8
1,10,0.05,Myeloid,MIF_CD74_CD44,SCP259_N106,0.00507567104103131,TRUE,11
1,10,0.05,Myeloid,MIF_CD74_CD44,SCP259_N111,0.0036573743291564,TRUE,11
1,10,0.05,Myeloid,MIF_CD74_CD44,SCP259_N23,0.0036573743291564,TRUE,11
1,10,0.05,Myeloid,MIF_CD74_CD44,SCP259_N24,0.00507567104103131,TRUE,11
1,10,0.05,Myeloid,MIF_CD74_CD44,SCP259_N44,0.00507567104103131,TRUE,11
1,10,0.05,Myeloid,MIF_CD74_CD44,SCP259_N49,0.00507567104103131,TRUE,11
1,10,0.05,Myeloid,MIF_CD74_CD44,SCP259_N50,0.00507567104103131,TRUE,11
1,10,0.05,Myeloid,MIF_CD74_CD44,SCP259_N52,0.0036573743291564,TRUE,11
1,10,0.05,Myeloid,MIF_CD74_CD44,SCP259_N539,0.0036573743291564,TRUE,11
1,10,0.05,Myeloid,MIF_CD74_CD44,SCP259_N58,0.0036573743291564,TRUE,11
1,10,0.05,Myeloid,MIF_CD74_CD44,SCP259_N661,0.0036573743291564,TRUE,11
1,10,0.05,Myeloid,MIF_CD74_CD44,SCP259_N9,0.00507567104103131,TRUE,11
2,10,0.05,Myeloid,MIF_CD74_CD44,SCP259_N106,0.00828270195266223,TRUE,10
2,10,0.05,Myeloid,MIF_CD74_CD44,SCP259_N111,0.00598714466212428,TRUE,10
2,10,0.05,Myeloid,MIF_CD74_CD44,SCP259_N23,0.00598714466212428,TRUE,10
2,10,0.05,Myeloid,MIF_CD74_CD44,SCP259_N24,0.00828270195266223,TRUE,10
2,10,0.05,Myeloid,MIF_CD74_CD44,SCP259_N44,0.00828270195266223,TRUE,10
2,10,0.05,Myeloid,MIF_CD74_CD44,SCP259_N49,0.00828270195266223,TRUE,10
2,10,0.05,Myeloid,MIF_CD74_CD44,SCP259_N50,0.00828270195266223,TRUE,10
2,10,0.05,Myeloid,MIF_CD74_CD44,SCP259_N539,0.00598714466212428,TRUE,10
2,10,0.05,Myeloid,MIF_CD74_CD44,SCP259_N58,0.00598714466212428,TRUE,10
2,10,0.05,Myeloid,MIF_CD74_CD44,SCP259_N661,0.00682547513034051,TRUE,10
2,10,0.05,Myeloid,MIF_CD74_CD44,SCP259_N9,0.00598714466212428,TRUE,10
1,20,0.05,Myeloid,MIF_CD74_CD44,SCP259_N106,0.00436652268509386,TRUE,10
1,20,0.05,Myeloid,MIF_CD74_CD44,SCP259_N111,0.00360044999192761,TRUE,10
1,20,0.05,Myeloid,MIF_CD74_CD44,SCP259_N23,0.00360044999192761,TRUE,10
1,20,0.05,Myeloid,MIF_CD74_CD44,SCP259_N24,0.00436652268509386,TRUE,10
1,20,0.05,Myeloid,MIF_CD74_CD44,SCP259_N44,0.00430959834786506,TRUE,10
1,20,0.05,Myeloid,MIF_CD74_CD44,SCP259_N49,0.00436652268509386,TRUE,10
1,20,0.05,Myeloid,MIF_CD74_CD44,SCP259_N50,0.00436652268509386,TRUE,10
1,20,0.05,Myeloid,MIF_CD74_CD44,SCP259_N539,0.00360044999192761,TRUE,10
1,20,0.05,Myeloid,MIF_CD74_CD44,SCP259_N58,0.00360044999192761,TRUE,10
1,20,0.05,Myeloid,MIF_CD74_CD44,SCP259_N661,0.00360044999192761,TRUE,10
1,20,0.05,Myeloid,MIF_CD74_CD44,SCP259_N9,0.00436652268509386,TRUE,10
2,20,0.05,Myeloid,MIF_CD74_CD44,SCP259_N106,0.00828270195266223,TRUE,10
2,20,0.05,Myeloid,MIF_CD74_CD44,SCP259_N111,0.00598714466212428,TRUE,10
2,20,0.05,Myeloid,MIF_CD74_CD44,SCP259_N23,0.00598714466212428,TRUE,10
2,20,0.05,Myeloid,MIF_CD74_CD44,SCP259_N24,0.00828270195266223,TRUE,10
2,20,0.05,Myeloid,MIF_CD74_CD44,SCP259_N44,0.00828270195266223,TRUE,10
2,20,0.05,Myeloid,MIF_CD74_CD44,SCP259_N49,0.00828270195266223,TRUE,10
2,20,0.05,Myeloid,MIF_CD74_CD44,SCP259_N50,0.00828270195266223,TRUE,10
2,20,0.05,Myeloid,MIF_CD74_CD44,SCP259_N539,0.00598714466212428,TRUE,10
2,20,0.05,Myeloid,MIF_CD74_CD44,SCP259_N58,0.00598714466212428,TRUE,10
2,20,0.05,Myeloid,MIF_CD74_CD44,SCP259_N661,0.00682547513034051,TRUE,10
2,20,0.05,Myeloid,MIF_CD74_CD44,SCP259_N9,0.00598714466212428,TRUE,10
1,30,0.05,Myeloid,MIF_CD74_CD44,SCP259_N106,0.00436652268509386,TRUE,10
1,30,0.05,Myeloid,MIF_CD74_CD44,SCP259_N111,0.00360044999192761,TRUE,10
1,30,0.05,Myeloid,MIF_CD74_CD44,SCP259_N23,0.00360044999192761,TRUE,10
1,30,0.05,Myeloid,MIF_CD74_CD44,SCP259_N24,0.00436652268509386,TRUE,10
1,30,0.05,Myeloid,MIF_CD74_CD44,SCP259_N44,0.00430959834786506,TRUE,10
1,30,0.05,Myeloid,MIF_CD74_CD44,SCP259_N49,0.00436652268509386,TRUE,10
1,30,0.05,Myeloid,MIF_CD74_CD44,SCP259_N50,0.00436652268509386,TRUE,10
1,30,0.05,Myeloid,MIF_CD74_CD44,SCP259_N539,0.00360044999192761,TRUE,10
1,30,0.05,Myeloid,MIF_CD74_CD44,SCP259_N58,0.00360044999192761,TRUE,10
1,30,0.05,Myeloid,MIF_CD74_CD44,SCP259_N661,0.00360044999192761,TRUE,10
1,30,0.05,Myeloid,MIF_CD74_CD44,SCP259_N9,0.00436652268509386,TRUE,10
2,30,0.05,Myeloid,MIF_CD74_CD44,SCP259_N106,0.007444371484446,TRUE,9
2,30,0.05,Myeloid,MIF_CD74_CD44,SCP259_N111,0.00452991783980256,TRUE,9
2,30,0.05,Myeloid,MIF_CD74_CD44,SCP259_N23,0.00452991783980256,TRUE,9
2,30,0.05,Myeloid,MIF_CD74_CD44,SCP259_N24,0.007444371484446,TRUE,9
2,30,0.05,Myeloid,MIF_CD74_CD44,SCP259_N44,0.007444371484446,TRUE,9
2,30,0.05,Myeloid,MIF_CD74_CD44,SCP259_N49,0.007444371484446,TRUE,9
2,30,0.05,Myeloid,MIF_CD74_CD44,SCP259_N50,0.007444371484446,TRUE,9
2,30,0.05,Myeloid,MIF_CD74_CD44,SCP259_N58,0.00452991783980256,TRUE,9
2,30,0.05,Myeloid,MIF_CD74_CD44,SCP259_N661,0.00452991783980256,TRUE,9
2,30,0.05,Myeloid,MIF_CD74_CD44,SCP259_N9,0.00452991783980256,TRUE,9
1,10,0.1,Myeloid,MIF_CD74_CD44,SCP259_N106,0.00507567104103131,TRUE,11
1,10,0.1,Myeloid,MIF_CD74_CD44,SCP259_N111,0.0036573743291564,TRUE,11
1,10,0.1,Myeloid,MIF_CD74_CD44,SCP259_N23,0.0036573743291564,TRUE,11
1,10,0.1,Myeloid,MIF_CD74_CD44,SCP259_N24,0.00507567104103131,TRUE,11
1,10,0.1,Myeloid,MIF_CD74_CD44,SCP259_N44,0.00507567104103131,TRUE,11
1,10,0.1,Myeloid,MIF_CD74_CD44,SCP259_N49,0.00507567104103131,TRUE,11
1,10,0.1,Myeloid,MIF_CD74_CD44,SCP259_N50,0.00507567104103131,TRUE,11
1,10,0.1,Myeloid,MIF_CD74_CD44,SCP259_N52,0.0036573743291564,TRUE,11
1,10,0.1,Myeloid,MIF_CD74_CD44,SCP259_N539,0.0036573743291564,TRUE,11
1,10,0.1,Myeloid,MIF_CD74_CD44,SCP259_N58,0.0036573743291564,TRUE,11
1,10,0.1,Myeloid,MIF_CD74_CD44,SCP259_N661,0.0036573743291564,TRUE,11
1,10,0.1,Myeloid,MIF_CD74_CD44,SCP259_N9,0.00507567104103131,TRUE,11
2,10,0.1,Myeloid,MIF_CD74_CD44,SCP259_N106,0.00828270195266223,TRUE,10
2,10,0.1,Myeloid,MIF_CD74_CD44,SCP259_N111,0.00598714466212428,TRUE,10
2,10,0.1,Myeloid,MIF_CD74_CD44,SCP259_N23,0.00598714466212428,TRUE,10
2,10,0.1,Myeloid,MIF_CD74_CD44,SCP259_N24,0.00828270195266223,TRUE,10
2,10,0.1,Myeloid,MIF_CD74_CD44,SCP259_N44,0.00828270195266223,TRUE,10
2,10,0.1,Myeloid,MIF_CD74_CD44,SCP259_N49,0.00828270195266223,TRUE,10
2,10,0.1,Myeloid,MIF_CD74_CD44,SCP259_N50,0.00828270195266223,TRUE,10
2,10,0.1,Myeloid,MIF_CD74_CD44,SCP259_N539,0.00598714466212428,TRUE,10
2,10,0.1,Myeloid,MIF_CD74_CD44,SCP259_N58,0.00598714466212428,TRUE,10
2,10,0.1,Myeloid,MIF_CD74_CD44,SCP259_N661,0.00682547513034051,TRUE,10
2,10,0.1,Myeloid,MIF_CD74_CD44,SCP259_N9,0.00598714466212428,TRUE,10
1,20,0.1,Myeloid,MIF_CD74_CD44,SCP259_N106,0.00436652268509386,TRUE,10
1,20,0.1,Myeloid,MIF_CD74_CD44,SCP259_N111,0.00360044999192761,TRUE,10
1,20,0.1,Myeloid,MIF_CD74_CD44,SCP259_N23,0.00360044999192761,TRUE,10
1,20,0.1,Myeloid,MIF_CD74_CD44,SCP259_N24,0.00436652268509386,TRUE,10
1,20,0.1,Myeloid,MIF_CD74_CD44,SCP259_N44,0.00430959834786506,TRUE,10
1,20,0.1,Myeloid,MIF_CD74_CD44,SCP259_N49,0.00436652268509386,TRUE,10
1,20,0.1,Myeloid,MIF_CD74_CD44,SCP259_N50,0.00436652268509386,TRUE,10
1,20,0.1,Myeloid,MIF_CD74_CD44,SCP259_N539,0.00360044999192761,TRUE,10
1,20,0.1,Myeloid,MIF_CD74_CD44,SCP259_N58,0.00360044999192761,TRUE,10
1,20,0.1,Myeloid,MIF_CD74_CD44,SCP259_N661,0.00360044999192761,TRUE,10
1,20,0.1,Myeloid,MIF_CD74_CD44,SCP259_N9,0.00436652268509386,TRUE,10
2,20,0.1,Myeloid,MIF_CD74_CD44,SCP259_N106,0.00828270195266223,TRUE,10
2,20,0.1,Myeloid,MIF_CD74_CD44,SCP259_N111,0.00598714466212428,TRUE,10
2,20,0.1,Myeloid,MIF_CD74_CD44,SCP259_N23,0.00598714466212428,TRUE,10
2,20,0.1,Myeloid,MIF_CD74_CD44,SCP259_N24,0.00828270195266223,TRUE,10
2,20,0.1,Myeloid,MIF_CD74_CD44,SCP259_N44,0.00828270195266223,TRUE,10
2,20,0.1,Myeloid,MIF_CD74_CD44,SCP259_N49,0.00828270195266223,TRUE,10
2,20,0.1,Myeloid,MIF_CD74_CD44,SCP259_N50,0.00828270195266223,TRUE,10
2,20,0.1,Myeloid,MIF_CD74_CD44,SCP259_N539,0.00598714466212428,TRUE,10
2,20,0.1,Myeloid,MIF_CD74_CD44,SCP259_N58,0.00598714466212428,TRUE,10
2,20,0.1,Myeloid,MIF_CD74_CD44,SCP259_N661,0.00682547513034051,TRUE,10
2,20,0.1,Myeloid,MIF_CD74_CD44,SCP259_N9,0.00598714466212428,TRUE,10
1,30,0.1,Myeloid,MIF_CD74_CD44,SCP259_N106,0.00436652268509386,TRUE,10
1,30,0.1,Myeloid,MIF_CD74_CD44,SCP259_N111,0.00360044999192761,TRUE,10
1,30,0.1,Myeloid,MIF_CD74_CD44,SCP259_N23,0.00360044999192761,TRUE,10
1,30,0.1,Myeloid,MIF_CD74_CD44,SCP259_N24,0.00436652268509386,TRUE,10
1,30,0.1,Myeloid,MIF_CD74_CD44,SCP259_N44,0.00430959834786506,TRUE,10
1,30,0.1,Myeloid,MIF_CD74_CD44,SCP259_N49,0.00436652268509386,TRUE,10
1,30,0.1,Myeloid,MIF_CD74_CD44,SCP259_N50,0.00436652268509386,TRUE,10
1,30,0.1,Myeloid,MIF_CD74_CD44,SCP259_N539,0.00360044999192761,TRUE,10
1,30,0.1,Myeloid,MIF_CD74_CD44,SCP259_N58,0.00360044999192761,TRUE,10
1,30,0.1,Myeloid,MIF_CD74_CD44,SCP259_N661,0.00360044999192761,TRUE,10
1,30,0.1,Myeloid,MIF_CD74_CD44,SCP259_N9,0.00436652268509386,TRUE,10
2,30,0.1,Myeloid,MIF_CD74_CD44,SCP259_N106,0.007444371484446,TRUE,9
2,30,0.1,Myeloid,MIF_CD74_CD44,SCP259_N111,0.00452991783980256,TRUE,9
2,30,0.1,Myeloid,MIF_CD74_CD44,SCP259_N23,0.00452991783980256,TRUE,9
2,30,0.1,Myeloid,MIF_CD74_CD44,SCP259_N24,0.007444371484446,TRUE,9
2,30,0.1,Myeloid,MIF_CD74_CD44,SCP259_N44,0.007444371484446,TRUE,9
2,30,0.1,Myeloid,MIF_CD74_CD44,SCP259_N49,0.007444371484446,TRUE,9
2,30,0.1,Myeloid,MIF_CD74_CD44,SCP259_N50,0.007444371484446,TRUE,9
2,30,0.1,Myeloid,MIF_CD74_CD44,SCP259_N58,0.00452991783980256,TRUE,9
2,30,0.1,Myeloid,MIF_CD74_CD44,SCP259_N661,0.00452991783980256,TRUE,9
2,30,0.1,Myeloid,MIF_CD74_CD44,SCP259_N9,0.00452991783980256,TRUE,9
1,10,0.2,Myeloid,MIF_CD74_CD44,SCP259_N106,0.00360044999192761,TRUE,6
1,10,0.2,Myeloid,MIF_CD74_CD44,SCP259_N111,0.00289144380463436,TRUE,6
1,10,0.2,Myeloid,MIF_CD74_CD44,SCP259_N23,0.00289144380463436,TRUE,6
1,10,0.2,Myeloid,MIF_CD74_CD44,SCP259_N44,0.00289144380463436,TRUE,6
1,10,0.2,Myeloid,MIF_CD74_CD44,SCP259_N49,0.00360044999192761,TRUE,6
1,10,0.2,Myeloid,MIF_CD74_CD44,SCP259_N50,0.00360044999192761,TRUE,6
1,10,0.2,Myeloid,MIF_CD74_CD44,SCP259_N9,0.00294836814186316,TRUE,6
2,10,0.2,Myeloid,MIF_CD74_CD44,SCP259_N106,0.00682547513034051,TRUE,6
2,10,0.2,Myeloid,MIF_CD74_CD44,SCP259_N111,0.00291066037650822,TRUE,6
2,10,0.2,Myeloid,MIF_CD74_CD44,SCP259_N23,0.00291066037650822,TRUE,6
2,10,0.2,Myeloid,MIF_CD74_CD44,SCP259_N44,0.00520621766704617,TRUE,6
2,10,0.2,Myeloid,MIF_CD74_CD44,SCP259_N49,0.00682547513034051,TRUE,6
2,10,0.2,Myeloid,MIF_CD74_CD44,SCP259_N50,0.00682547513034051,TRUE,6
2,10,0.2,Myeloid,MIF_CD74_CD44,SCP259_N9,0.00291066037650822,TRUE,6
1,20,0.2,Myeloid,MIF_CD74_CD44,SCP259_N106,0.00360044999192761,TRUE,6
1,20,0.2,Myeloid,MIF_CD74_CD44,SCP259_N111,0.00289144380463436,TRUE,6
1,20,0.2,Myeloid,MIF_CD74_CD44,SCP259_N23,0.00289144380463436,TRUE,6
1,20,0.2,Myeloid,MIF_CD74_CD44,SCP259_N44,0.00289144380463436,TRUE,6
1,20,0.2,Myeloid,MIF_CD74_CD44,SCP259_N49,0.00360044999192761,TRUE,6
1,20,0.2,Myeloid,MIF_CD74_CD44,SCP259_N50,0.00360044999192761,TRUE,6
1,20,0.2,Myeloid,MIF_CD74_CD44,SCP259_N9,0.00294836814186316,TRUE,6
2,20,0.2,Myeloid,MIF_CD74_CD44,SCP259_N106,0.00682547513034051,TRUE,6
2,20,0.2,Myeloid,MIF_CD74_CD44,SCP259_N111,0.00291066037650822,TRUE,6
2,20,0.2,Myeloid,MIF_CD74_CD44,SCP259_N23,0.00291066037650822,TRUE,6
2,20,0.2,Myeloid,MIF_CD74_CD44,SCP259_N44,0.00520621766704617,TRUE,6
2,20,0.2,Myeloid,MIF_CD74_CD44,SCP259_N49,0.00682547513034051,TRUE,6
2,20,0.2,Myeloid,MIF_CD74_CD44,SCP259_N50,0.00682547513034051,TRUE,6
2,20,0.2,Myeloid,MIF_CD74_CD44,SCP259_N9,0.00291066037650822,TRUE,6
1,30,0.2,Myeloid,MIF_CD74_CD44,SCP259_N106,0.00360044999192761,TRUE,6
1,30,0.2,Myeloid,MIF_CD74_CD44,SCP259_N111,0.00289144380463436,TRUE,6
1,30,0.2,Myeloid,MIF_CD74_CD44,SCP259_N23,0.00289144380463436,TRUE,6
1,30,0.2,Myeloid,MIF_CD74_CD44,SCP259_N44,0.00289144380463436,TRUE,6
1,30,0.2,Myeloid,MIF_CD74_CD44,SCP259_N49,0.00360044999192761,TRUE,6
1,30,0.2,Myeloid,MIF_CD74_CD44,SCP259_N50,0.00360044999192761,TRUE,6
1,30,0.2,Myeloid,MIF_CD74_CD44,SCP259_N9,0.00294836814186316,TRUE,6
2,30,0.2,Myeloid,MIF_CD74_CD44,SCP259_N106,0.00682547513034051,TRUE,6
2,30,0.2,Myeloid,MIF_CD74_CD44,SCP259_N111,0.00291066037650822,TRUE,6
2,30,0.2,Myeloid,MIF_CD74_CD44,SCP259_N23,0.00291066037650822,TRUE,6
2,30,0.2,Myeloid,MIF_CD74_CD44,SCP259_N44,0.00520621766704617,TRUE,6
2,30,0.2,Myeloid,MIF_CD74_CD44,SCP259_N49,0.00682547513034051,TRUE,6
2,30,0.2,Myeloid,MIF_CD74_CD44,SCP259_N50,0.00682547513034051,TRUE,6
2,30,0.2,Myeloid,MIF_CD74_CD44,SCP259_N9,0.00291066037650822,TRUE,6
1,10,0.05,Other epithelial,MIF_CD74_CD44,SCP259_N106,0.0124307010490078,TRUE,11
1,10,0.05,Other epithelial,MIF_CD74_CD44,SCP259_N111,0.0110253794662811,TRUE,11
1,10,0.05,Other epithelial,MIF_CD74_CD44,SCP259_N23,0.0110253794662811,TRUE,11
1,10,0.05,Other epithelial,MIF_CD74_CD44,SCP259_N24,0.0124307010490078,TRUE,11
1,10,0.05,Other epithelial,MIF_CD74_CD44,SCP259_N44,0.0124307010490078,TRUE,11
1,10,0.05,Other epithelial,MIF_CD74_CD44,SCP259_N49,0.0124307010490078,TRUE,11
1,10,0.05,Other epithelial,MIF_CD74_CD44,SCP259_N50,0.0124307010490078,TRUE,11
1,10,0.05,Other epithelial,MIF_CD74_CD44,SCP259_N52,0.0110253794662811,TRUE,11
1,10,0.05,Other epithelial,MIF_CD74_CD44,SCP259_N539,0.0110253794662811,TRUE,11
1,10,0.05,Other epithelial,MIF_CD74_CD44,SCP259_N58,0.0110253794662811,TRUE,11
1,10,0.05,Other epithelial,MIF_CD74_CD44,SCP259_N661,0.0110253794662811,TRUE,11
1,10,0.05,Other epithelial,MIF_CD74_CD44,SCP259_N9,0.0124307010490078,TRUE,11
2,10,0.05,Other epithelial,MIF_CD74_CD44,SCP259_N106,0.0178741569482883,TRUE,10
2,10,0.05,Other epithelial,MIF_CD74_CD44,SCP259_N111,0.0147066244661973,TRUE,10
2,10,0.05,Other epithelial,MIF_CD74_CD44,SCP259_N23,0.0147066244661973,TRUE,10
2,10,0.05,Other epithelial,MIF_CD74_CD44,SCP259_N24,0.0173183741705691,TRUE,10
2,10,0.05,Other epithelial,MIF_CD74_CD44,SCP259_N44,0.0178741569482883,TRUE,10
2,10,0.05,Other epithelial,MIF_CD74_CD44,SCP259_N49,0.0178741569482883,TRUE,10
2,10,0.05,Other epithelial,MIF_CD74_CD44,SCP259_N50,0.0178741569482883,TRUE,10
2,10,0.05,Other epithelial,MIF_CD74_CD44,SCP259_N539,0.0147066244661973,TRUE,10
2,10,0.05,Other epithelial,MIF_CD74_CD44,SCP259_N58,0.0147066244661973,TRUE,10
2,10,0.05,Other epithelial,MIF_CD74_CD44,SCP259_N661,0.0147066244661973,TRUE,10
2,10,0.05,Other epithelial,MIF_CD74_CD44,SCP259_N9,0.0178741569482883,TRUE,10
1,20,0.05,Other epithelial,MIF_CD74_CD44,SCP259_N106,0.0125327456819259,TRUE,10
1,20,0.05,Other epithelial,MIF_CD74_CD44,SCP259_N111,0.00914074574183454,TRUE,10
1,20,0.05,Other epithelial,MIF_CD74_CD44,SCP259_N23,0.00914074574183454,TRUE,10
1,20,0.05,Other epithelial,MIF_CD74_CD44,SCP259_N24,0.0106481119574793,TRUE,10
1,20,0.05,Other epithelial,MIF_CD74_CD44,SCP259_N44,0.0125327456819259,TRUE,10
1,20,0.05,Other epithelial,MIF_CD74_CD44,SCP259_N49,0.0125327456819259,TRUE,10
1,20,0.05,Other epithelial,MIF_CD74_CD44,SCP259_N50,0.0125327456819259,TRUE,10
1,20,0.05,Other epithelial,MIF_CD74_CD44,SCP259_N539,0.00914074574183454,TRUE,10
1,20,0.05,Other epithelial,MIF_CD74_CD44,SCP259_N58,0.00914074574183454,TRUE,10
1,20,0.05,Other epithelial,MIF_CD74_CD44,SCP259_N661,0.00914074574183454,TRUE,10
1,20,0.05,Other epithelial,MIF_CD74_CD44,SCP259_N9,0.0125327456819259,TRUE,10
2,20,0.05,Other epithelial,MIF_CD74_CD44,SCP259_N106,0.0178741569482883,TRUE,10
2,20,0.05,Other epithelial,MIF_CD74_CD44,SCP259_N111,0.0147066244661973,TRUE,10
2,20,0.05,Other epithelial,MIF_CD74_CD44,SCP259_N23,0.0147066244661973,TRUE,10
2,20,0.05,Other epithelial,MIF_CD74_CD44,SCP259_N24,0.0173183741705691,TRUE,10
2,20,0.05,Other epithelial,MIF_CD74_CD44,SCP259_N44,0.0178741569482883,TRUE,10
2,20,0.05,Other epithelial,MIF_CD74_CD44,SCP259_N49,0.0178741569482883,TRUE,10
2,20,0.05,Other epithelial,MIF_CD74_CD44,SCP259_N50,0.0178741569482883,TRUE,10
2,20,0.05,Other epithelial,MIF_CD74_CD44,SCP259_N539,0.0147066244661973,TRUE,10
2,20,0.05,Other epithelial,MIF_CD74_CD44,SCP259_N58,0.0147066244661973,TRUE,10
2,20,0.05,Other epithelial,MIF_CD74_CD44,SCP259_N661,0.0147066244661973,TRUE,10
2,20,0.05,Other epithelial,MIF_CD74_CD44,SCP259_N9,0.0178741569482883,TRUE,10
1,30,0.05,Other epithelial,MIF_CD74_CD44,SCP259_N106,0.0125327456819259,TRUE,10
1,30,0.05,Other epithelial,MIF_CD74_CD44,SCP259_N111,0.00914074574183454,TRUE,10
1,30,0.05,Other epithelial,MIF_CD74_CD44,SCP259_N23,0.00914074574183454,TRUE,10
1,30,0.05,Other epithelial,MIF_CD74_CD44,SCP259_N24,0.0106481119574793,TRUE,10
1,30,0.05,Other epithelial,MIF_CD74_CD44,SCP259_N44,0.0125327456819259,TRUE,10
1,30,0.05,Other epithelial,MIF_CD74_CD44,SCP259_N49,0.0125327456819259,TRUE,10
1,30,0.05,Other epithelial,MIF_CD74_CD44,SCP259_N50,0.0125327456819259,TRUE,10
1,30,0.05,Other epithelial,MIF_CD74_CD44,SCP259_N539,0.00914074574183454,TRUE,10
1,30,0.05,Other epithelial,MIF_CD74_CD44,SCP259_N58,0.00914074574183454,TRUE,10
1,30,0.05,Other epithelial,MIF_CD74_CD44,SCP259_N661,0.00914074574183454,TRUE,10
1,30,0.05,Other epithelial,MIF_CD74_CD44,SCP259_N9,0.0125327456819259,TRUE,10
2,30,0.05,Other epithelial,MIF_CD74_CD44,SCP259_N106,0.0152624072439166,TRUE,9
2,30,0.05,Other epithelial,MIF_CD74_CD44,SCP259_N111,0.0141508416884781,TRUE,9
2,30,0.05,Other epithelial,MIF_CD74_CD44,SCP259_N23,0.0141508416884781,TRUE,9
2,30,0.05,Other epithelial,MIF_CD74_CD44,SCP259_N24,0.0141508416884781,TRUE,9
2,30,0.05,Other epithelial,MIF_CD74_CD44,SCP259_N44,0.0152624072439166,TRUE,9
2,30,0.05,Other epithelial,MIF_CD74_CD44,SCP259_N49,0.0152624072439166,TRUE,9
2,30,0.05,Other epithelial,MIF_CD74_CD44,SCP259_N50,0.0152624072439166,TRUE,9
2,30,0.05,Other epithelial,MIF_CD74_CD44,SCP259_N58,0.0141508416884781,TRUE,9
2,30,0.05,Other epithelial,MIF_CD74_CD44,SCP259_N661,0.0141508416884781,TRUE,9
2,30,0.05,Other epithelial,MIF_CD74_CD44,SCP259_N9,0.0152624072439166,TRUE,9
1,10,0.1,Other epithelial,MIF_CD74_CD44,SCP259_N106,0.0124307010490078,TRUE,11
1,10,0.1,Other epithelial,MIF_CD74_CD44,SCP259_N111,0.0110253794662811,TRUE,11
1,10,0.1,Other epithelial,MIF_CD74_CD44,SCP259_N23,0.0110253794662811,TRUE,11
1,10,0.1,Other epithelial,MIF_CD74_CD44,SCP259_N24,0.0124307010490078,TRUE,11
1,10,0.1,Other epithelial,MIF_CD74_CD44,SCP259_N44,0.0124307010490078,TRUE,11
1,10,0.1,Other epithelial,MIF_CD74_CD44,SCP259_N49,0.0124307010490078,TRUE,11
1,10,0.1,Other epithelial,MIF_CD74_CD44,SCP259_N50,0.0124307010490078,TRUE,11
1,10,0.1,Other epithelial,MIF_CD74_CD44,SCP259_N52,0.0110253794662811,TRUE,11
1,10,0.1,Other epithelial,MIF_CD74_CD44,SCP259_N539,0.0110253794662811,TRUE,11
1,10,0.1,Other epithelial,MIF_CD74_CD44,SCP259_N58,0.0110253794662811,TRUE,11
1,10,0.1,Other epithelial,MIF_CD74_CD44,SCP259_N661,0.0110253794662811,TRUE,11
1,10,0.1,Other epithelial,MIF_CD74_CD44,SCP259_N9,0.0124307010490078,TRUE,11
2,10,0.1,Other epithelial,MIF_CD74_CD44,SCP259_N106,0.0178741569482883,TRUE,10
2,10,0.1,Other epithelial,MIF_CD74_CD44,SCP259_N111,0.0147066244661973,TRUE,10
2,10,0.1,Other epithelial,MIF_CD74_CD44,SCP259_N23,0.0147066244661973,TRUE,10
2,10,0.1,Other epithelial,MIF_CD74_CD44,SCP259_N24,0.0173183741705691,TRUE,10
2,10,0.1,Other epithelial,MIF_CD74_CD44,SCP259_N44,0.0178741569482883,TRUE,10
2,10,0.1,Other epithelial,MIF_CD74_CD44,SCP259_N49,0.0178741569482883,TRUE,10
2,10,0.1,Other epithelial,MIF_CD74_CD44,SCP259_N50,0.0178741569482883,TRUE,10
2,10,0.1,Other epithelial,MIF_CD74_CD44,SCP259_N539,0.0147066244661973,TRUE,10
2,10,0.1,Other epithelial,MIF_CD74_CD44,SCP259_N58,0.0147066244661973,TRUE,10
2,10,0.1,Other epithelial,MIF_CD74_CD44,SCP259_N661,0.0147066244661973,TRUE,10
2,10,0.1,Other epithelial,MIF_CD74_CD44,SCP259_N9,0.0178741569482883,TRUE,10
1,20,0.1,Other epithelial,MIF_CD74_CD44,SCP259_N106,0.0125327456819259,TRUE,10
1,20,0.1,Other epithelial,MIF_CD74_CD44,SCP259_N111,0.00914074574183454,TRUE,10
1,20,0.1,Other epithelial,MIF_CD74_CD44,SCP259_N23,0.00914074574183454,TRUE,10
1,20,0.1,Other epithelial,MIF_CD74_CD44,SCP259_N24,0.0106481119574793,TRUE,10
1,20,0.1,Other epithelial,MIF_CD74_CD44,SCP259_N44,0.0125327456819259,TRUE,10
1,20,0.1,Other epithelial,MIF_CD74_CD44,SCP259_N49,0.0125327456819259,TRUE,10
1,20,0.1,Other epithelial,MIF_CD74_CD44,SCP259_N50,0.0125327456819259,TRUE,10
1,20,0.1,Other epithelial,MIF_CD74_CD44,SCP259_N539,0.00914074574183454,TRUE,10
1,20,0.1,Other epithelial,MIF_CD74_CD44,SCP259_N58,0.00914074574183454,TRUE,10
1,20,0.1,Other epithelial,MIF_CD74_CD44,SCP259_N661,0.00914074574183454,TRUE,10
1,20,0.1,Other epithelial,MIF_CD74_CD44,SCP259_N9,0.0125327456819259,TRUE,10
2,20,0.1,Other epithelial,MIF_CD74_CD44,SCP259_N106,0.0178741569482883,TRUE,10
2,20,0.1,Other epithelial,MIF_CD74_CD44,SCP259_N111,0.0147066244661973,TRUE,10
2,20,0.1,Other epithelial,MIF_CD74_CD44,SCP259_N23,0.0147066244661973,TRUE,10
2,20,0.1,Other epithelial,MIF_CD74_CD44,SCP259_N24,0.0173183741705691,TRUE,10
2,20,0.1,Other epithelial,MIF_CD74_CD44,SCP259_N44,0.0178741569482883,TRUE,10
2,20,0.1,Other epithelial,MIF_CD74_CD44,SCP259_N49,0.0178741569482883,TRUE,10
2,20,0.1,Other epithelial,MIF_CD74_CD44,SCP259_N50,0.0178741569482883,TRUE,10
2,20,0.1,Other epithelial,MIF_CD74_CD44,SCP259_N539,0.0147066244661973,TRUE,10
2,20,0.1,Other epithelial,MIF_CD74_CD44,SCP259_N58,0.0147066244661973,TRUE,10
2,20,0.1,Other epithelial,MIF_CD74_CD44,SCP259_N661,0.0147066244661973,TRUE,10
2,20,0.1,Other epithelial,MIF_CD74_CD44,SCP259_N9,0.0178741569482883,TRUE,10
1,30,0.1,Other epithelial,MIF_CD74_CD44,SCP259_N106,0.0125327456819259,TRUE,10
1,30,0.1,Other epithelial,MIF_CD74_CD44,SCP259_N111,0.00914074574183454,TRUE,10
1,30,0.1,Other epithelial,MIF_CD74_CD44,SCP259_N23,0.00914074574183454,TRUE,10
1,30,0.1,Other epithelial,MIF_CD74_CD44,SCP259_N24,0.0106481119574793,TRUE,10
1,30,0.1,Other epithelial,MIF_CD74_CD44,SCP259_N44,0.0125327456819259,TRUE,10
1,30,0.1,Other epithelial,MIF_CD74_CD44,SCP259_N49,0.0125327456819259,TRUE,10
1,30,0.1,Other epithelial,MIF_CD74_CD44,SCP259_N50,0.0125327456819259,TRUE,10
1,30,0.1,Other epithelial,MIF_CD74_CD44,SCP259_N539,0.00914074574183454,TRUE,10
1,30,0.1,Other epithelial,MIF_CD74_CD44,SCP259_N58,0.00914074574183454,TRUE,10
1,30,0.1,Other epithelial,MIF_CD74_CD44,SCP259_N661,0.00914074574183454,TRUE,10
1,30,0.1,Other epithelial,MIF_CD74_CD44,SCP259_N9,0.0125327456819259,TRUE,10
2,30,0.1,Other epithelial,MIF_CD74_CD44,SCP259_N106,0.0152624072439166,TRUE,9
2,30,0.1,Other epithelial,MIF_CD74_CD44,SCP259_N111,0.0141508416884781,TRUE,9
2,30,0.1,Other epithelial,MIF_CD74_CD44,SCP259_N23,0.0141508416884781,TRUE,9
2,30,0.1,Other epithelial,MIF_CD74_CD44,SCP259_N24,0.0141508416884781,TRUE,9
2,30,0.1,Other epithelial,MIF_CD74_CD44,SCP259_N44,0.0152624072439166,TRUE,9
2,30,0.1,Other epithelial,MIF_CD74_CD44,SCP259_N49,0.0152624072439166,TRUE,9
2,30,0.1,Other epithelial,MIF_CD74_CD44,SCP259_N50,0.0152624072439166,TRUE,9
2,30,0.1,Other epithelial,MIF_CD74_CD44,SCP259_N58,0.0141508416884781,TRUE,9
2,30,0.1,Other epithelial,MIF_CD74_CD44,SCP259_N661,0.0141508416884781,TRUE,9
2,30,0.1,Other epithelial,MIF_CD74_CD44,SCP259_N9,0.0152624072439166,TRUE,9
1,10,0.2,Other epithelial,MIF_CD74_CD44,SCP259_N106,0.0124307010490078,TRUE,11
1,10,0.2,Other epithelial,MIF_CD74_CD44,SCP259_N111,0.0110253794662811,TRUE,11
1,10,0.2,Other epithelial,MIF_CD74_CD44,SCP259_N23,0.0110253794662811,TRUE,11
1,10,0.2,Other epithelial,MIF_CD74_CD44,SCP259_N24,0.0124307010490078,TRUE,11
1,10,0.2,Other epithelial,MIF_CD74_CD44,SCP259_N44,0.0124307010490078,TRUE,11
1,10,0.2,Other epithelial,MIF_CD74_CD44,SCP259_N49,0.0124307010490078,TRUE,11
1,10,0.2,Other epithelial,MIF_CD74_CD44,SCP259_N50,0.0124307010490078,TRUE,11
1,10,0.2,Other epithelial,MIF_CD74_CD44,SCP259_N52,0.0110253794662811,TRUE,11
1,10,0.2,Other epithelial,MIF_CD74_CD44,SCP259_N539,0.0110253794662811,TRUE,11
1,10,0.2,Other epithelial,MIF_CD74_CD44,SCP259_N58,0.0110253794662811,TRUE,11
1,10,0.2,Other epithelial,MIF_CD74_CD44,SCP259_N661,0.0110253794662811,TRUE,11
1,10,0.2,Other epithelial,MIF_CD74_CD44,SCP259_N9,0.0124307010490078,TRUE,11
2,10,0.2,Other epithelial,MIF_CD74_CD44,SCP259_N106,0.0178741569482883,TRUE,10
2,10,0.2,Other epithelial,MIF_CD74_CD44,SCP259_N111,0.0147066244661973,TRUE,10
2,10,0.2,Other epithelial,MIF_CD74_CD44,SCP259_N23,0.0147066244661973,TRUE,10
2,10,0.2,Other epithelial,MIF_CD74_CD44,SCP259_N24,0.0173183741705691,TRUE,10
2,10,0.2,Other epithelial,MIF_CD74_CD44,SCP259_N44,0.0178741569482883,TRUE,10
2,10,0.2,Other epithelial,MIF_CD74_CD44,SCP259_N49,0.0178741569482883,TRUE,10
2,10,0.2,Other epithelial,MIF_CD74_CD44,SCP259_N50,0.0178741569482883,TRUE,10
2,10,0.2,Other epithelial,MIF_CD74_CD44,SCP259_N539,0.0147066244661973,TRUE,10
2,10,0.2,Other epithelial,MIF_CD74_CD44,SCP259_N58,0.0147066244661973,TRUE,10
2,10,0.2,Other epithelial,MIF_CD74_CD44,SCP259_N661,0.0147066244661973,TRUE,10
2,10,0.2,Other epithelial,MIF_CD74_CD44,SCP259_N9,0.0178741569482883,TRUE,10
1,20,0.2,Other epithelial,MIF_CD74_CD44,SCP259_N106,0.0125327456819259,TRUE,10
1,20,0.2,Other epithelial,MIF_CD74_CD44,SCP259_N111,0.00914074574183454,TRUE,10
1,20,0.2,Other epithelial,MIF_CD74_CD44,SCP259_N23,0.00914074574183454,TRUE,10
1,20,0.2,Other epithelial,MIF_CD74_CD44,SCP259_N24,0.0106481119574793,TRUE,10
1,20,0.2,Other epithelial,MIF_CD74_CD44,SCP259_N44,0.0125327456819259,TRUE,10
1,20,0.2,Other epithelial,MIF_CD74_CD44,SCP259_N49,0.0125327456819259,TRUE,10
1,20,0.2,Other epithelial,MIF_CD74_CD44,SCP259_N50,0.0125327456819259,TRUE,10
1,20,0.2,Other epithelial,MIF_CD74_CD44,SCP259_N539,0.00914074574183454,TRUE,10
1,20,0.2,Other epithelial,MIF_CD74_CD44,SCP259_N58,0.00914074574183454,TRUE,10
1,20,0.2,Other epithelial,MIF_CD74_CD44,SCP259_N661,0.00914074574183454,TRUE,10
1,20,0.2,Other epithelial,MIF_CD74_CD44,SCP259_N9,0.0125327456819259,TRUE,10
2,20,0.2,Other epithelial,MIF_CD74_CD44,SCP259_N106,0.0178741569482883,TRUE,10
2,20,0.2,Other epithelial,MIF_CD74_CD44,SCP259_N111,0.0147066244661973,TRUE,10
2,20,0.2,Other epithelial,MIF_CD74_CD44,SCP259_N23,0.0147066244661973,TRUE,10
2,20,0.2,Other epithelial,MIF_CD74_CD44,SCP259_N24,0.0173183741705691,TRUE,10
2,20,0.2,Other epithelial,MIF_CD74_CD44,SCP259_N44,0.0178741569482883,TRUE,10
2,20,0.2,Other epithelial,MIF_CD74_CD44,SCP259_N49,0.0178741569482883,TRUE,10
2,20,0.2,Other epithelial,MIF_CD74_CD44,SCP259_N50,0.0178741569482883,TRUE,10
2,20,0.2,Other epithelial,MIF_CD74_CD44,SCP259_N539,0.0147066244661973,TRUE,10
2,20,0.2,Other epithelial,MIF_CD74_CD44,SCP259_N58,0.0147066244661973,TRUE,10
2,20,0.2,Other epithelial,MIF_CD74_CD44,SCP259_N661,0.0147066244661973,TRUE,10
2,20,0.2,Other epithelial,MIF_CD74_CD44,SCP259_N9,0.0178741569482883,TRUE,10
1,30,0.2,Other epithelial,MIF_CD74_CD44,SCP259_N106,0.0125327456819259,TRUE,10
1,30,0.2,Other epithelial,MIF_CD74_CD44,SCP259_N111,0.00914074574183454,TRUE,10
1,30,0.2,Other epithelial,MIF_CD74_CD44,SCP259_N23,0.00914074574183454,TRUE,10
1,30,0.2,Other epithelial,MIF_CD74_CD44,SCP259_N24,0.0106481119574793,TRUE,10
1,30,0.2,Other epithelial,MIF_CD74_CD44,SCP259_N44,0.0125327456819259,TRUE,10
1,30,0.2,Other epithelial,MIF_CD74_CD44,SCP259_N49,0.0125327456819259,TRUE,10
1,30,0.2,Other epithelial,MIF_CD74_CD44,SCP259_N50,0.0125327456819259,TRUE,10
1,30,0.2,Other epithelial,MIF_CD74_CD44,SCP259_N539,0.00914074574183454,TRUE,10
1,30,0.2,Other epithelial,MIF_CD74_CD44,SCP259_N58,0.00914074574183454,TRUE,10
1,30,0.2,Other epithelial,MIF_CD74_CD44,SCP259_N661,0.00914074574183454,TRUE,10
1,30,0.2,Other epithelial,MIF_CD74_CD44,SCP259_N9,0.0125327456819259,TRUE,10
2,30,0.2,Other epithelial,MIF_CD74_CD44,SCP259_N106,0.0152624072439166,TRUE,9
2,30,0.2,Other epithelial,MIF_CD74_CD44,SCP259_N111,0.0141508416884781,TRUE,9
2,30,0.2,Other epithelial,MIF_CD74_CD44,SCP259_N23,0.0141508416884781,TRUE,9
2,30,0.2,Other epithelial,MIF_CD74_CD44,SCP259_N24,0.0141508416884781,TRUE,9
2,30,0.2,Other epithelial,MIF_CD74_CD44,SCP259_N44,0.0152624072439166,TRUE,9
2,30,0.2,Other epithelial,MIF_CD74_CD44,SCP259_N49,0.0152624072439166,TRUE,9
2,30,0.2,Other epithelial,MIF_CD74_CD44,SCP259_N50,0.0152624072439166,TRUE,9
2,30,0.2,Other epithelial,MIF_CD74_CD44,SCP259_N58,0.0141508416884781,TRUE,9
2,30,0.2,Other epithelial,MIF_CD74_CD44,SCP259_N661,0.0141508416884781,TRUE,9
2,30,0.2,Other epithelial,MIF_CD74_CD44,SCP259_N9,0.0152624072439166,TRUE,9
1,10,0.05,T/NK,MIF_CD74_CD44,SCP259_N106,0.00758725935632313,TRUE,11
1,10,0.05,T/NK,MIF_CD74_CD44,SCP259_N111,0.00581695660200612,TRUE,11
1,10,0.05,T/NK,MIF_CD74_CD44,SCP259_N23,0.00581695660200612,TRUE,11
1,10,0.05,T/NK,MIF_CD74_CD44,SCP259_N24,0.00758725935632313,TRUE,11
1,10,0.05,T/NK,MIF_CD74_CD44,SCP259_N44,0.00758725935632313,TRUE,11
1,10,0.05,T/NK,MIF_CD74_CD44,SCP259_N49,0.00758725935632313,TRUE,11
1,10,0.05,T/NK,MIF_CD74_CD44,SCP259_N50,0.00758725935632313,TRUE,11
1,10,0.05,T/NK,MIF_CD74_CD44,SCP259_N52,0.00581695660200612,TRUE,11
1,10,0.05,T/NK,MIF_CD74_CD44,SCP259_N539,0.00581695660200612,TRUE,11
1,10,0.05,T/NK,MIF_CD74_CD44,SCP259_N58,0.00581695660200612,TRUE,11
1,10,0.05,T/NK,MIF_CD74_CD44,SCP259_N661,0.00581695660200612,TRUE,11
1,10,0.05,T/NK,MIF_CD74_CD44,SCP259_N9,0.00758725935632313,TRUE,11
2,10,0.05,T/NK,MIF_CD74_CD44,SCP259_N106,0.0117664886380824,TRUE,10
2,10,0.05,T/NK,MIF_CD74_CD44,SCP259_N111,0.0093759243251424,TRUE,10
2,10,0.05,T/NK,MIF_CD74_CD44,SCP259_N23,0.0093759243251424,TRUE,10
2,10,0.05,T/NK,MIF_CD74_CD44,SCP259_N24,0.0117664886380824,TRUE,10
2,10,0.05,T/NK,MIF_CD74_CD44,SCP259_N44,0.0117664886380824,TRUE,10
2,10,0.05,T/NK,MIF_CD74_CD44,SCP259_N49,0.0117664886380824,TRUE,10
2,10,0.05,T/NK,MIF_CD74_CD44,SCP259_N50,0.0117664886380824,TRUE,10
2,10,0.05,T/NK,MIF_CD74_CD44,SCP259_N539,0.0093759243251424,TRUE,10
2,10,0.05,T/NK,MIF_CD74_CD44,SCP259_N58,0.0093759243251424,TRUE,10
2,10,0.05,T/NK,MIF_CD74_CD44,SCP259_N661,0.0093759243251424,TRUE,10
2,10,0.05,T/NK,MIF_CD74_CD44,SCP259_N9,0.010461071753619,TRUE,10
1,20,0.05,T/NK,MIF_CD74_CD44,SCP259_N106,0.00729843539888055,TRUE,10
1,20,0.05,T/NK,MIF_CD74_CD44,SCP259_N111,0.00498567008942448,TRUE,10
1,20,0.05,T/NK,MIF_CD74_CD44,SCP259_N23,0.00498567008942448,TRUE,10
1,20,0.05,T/NK,MIF_CD74_CD44,SCP259_N24,0.00646714888629891,TRUE,10
1,20,0.05,T/NK,MIF_CD74_CD44,SCP259_N44,0.00729843539888055,TRUE,10
1,20,0.05,T/NK,MIF_CD74_CD44,SCP259_N49,0.00729843539888055,TRUE,10
1,20,0.05,T/NK,MIF_CD74_CD44,SCP259_N50,0.00729843539888055,TRUE,10
1,20,0.05,T/NK,MIF_CD74_CD44,SCP259_N539,0.00498567008942448,TRUE,10
1,20,0.05,T/NK,MIF_CD74_CD44,SCP259_N58,0.00498567008942448,TRUE,10
1,20,0.05,T/NK,MIF_CD74_CD44,SCP259_N661,0.00498567008942448,TRUE,10
1,20,0.05,T/NK,MIF_CD74_CD44,SCP259_N9,0.00729843539888055,TRUE,10
2,20,0.05,T/NK,MIF_CD74_CD44,SCP259_N106,0.0117664886380824,TRUE,10
2,20,0.05,T/NK,MIF_CD74_CD44,SCP259_N111,0.0093759243251424,TRUE,10
2,20,0.05,T/NK,MIF_CD74_CD44,SCP259_N23,0.0093759243251424,TRUE,10
2,20,0.05,T/NK,MIF_CD74_CD44,SCP259_N24,0.0117664886380824,TRUE,10
2,20,0.05,T/NK,MIF_CD74_CD44,SCP259_N44,0.0117664886380824,TRUE,10
2,20,0.05,T/NK,MIF_CD74_CD44,SCP259_N49,0.0117664886380824,TRUE,10
2,20,0.05,T/NK,MIF_CD74_CD44,SCP259_N50,0.0117664886380824,TRUE,10
2,20,0.05,T/NK,MIF_CD74_CD44,SCP259_N539,0.0093759243251424,TRUE,10
2,20,0.05,T/NK,MIF_CD74_CD44,SCP259_N58,0.0093759243251424,TRUE,10
2,20,0.05,T/NK,MIF_CD74_CD44,SCP259_N661,0.0093759243251424,TRUE,10
2,20,0.05,T/NK,MIF_CD74_CD44,SCP259_N9,0.010461071753619,TRUE,10
1,30,0.05,T/NK,MIF_CD74_CD44,SCP259_N106,0.00729843539888055,TRUE,10
1,30,0.05,T/NK,MIF_CD74_CD44,SCP259_N111,0.00498567008942448,TRUE,10
1,30,0.05,T/NK,MIF_CD74_CD44,SCP259_N23,0.00498567008942448,TRUE,10
1,30,0.05,T/NK,MIF_CD74_CD44,SCP259_N24,0.00646714888629891,TRUE,10
1,30,0.05,T/NK,MIF_CD74_CD44,SCP259_N44,0.00729843539888055,TRUE,10
1,30,0.05,T/NK,MIF_CD74_CD44,SCP259_N49,0.00729843539888055,TRUE,10
1,30,0.05,T/NK,MIF_CD74_CD44,SCP259_N50,0.00729843539888055,TRUE,10
1,30,0.05,T/NK,MIF_CD74_CD44,SCP259_N539,0.00498567008942448,TRUE,10
1,30,0.05,T/NK,MIF_CD74_CD44,SCP259_N58,0.00498567008942448,TRUE,10
1,30,0.05,T/NK,MIF_CD74_CD44,SCP259_N661,0.00498567008942448,TRUE,10
1,30,0.05,T/NK,MIF_CD74_CD44,SCP259_N9,0.00729843539888055,TRUE,10
2,30,0.05,T/NK,MIF_CD74_CD44,SCP259_N106,0.0106813412096058,TRUE,9
2,30,0.05,T/NK,MIF_CD74_CD44,SCP259_N111,0.00807050744067902,TRUE,9
2,30,0.05,T/NK,MIF_CD74_CD44,SCP259_N23,0.00807050744067902,TRUE,9
2,30,0.05,T/NK,MIF_CD74_CD44,SCP259_N24,0.0106813412096058,TRUE,9
2,30,0.05,T/NK,MIF_CD74_CD44,SCP259_N44,0.0106813412096058,TRUE,9
2,30,0.05,T/NK,MIF_CD74_CD44,SCP259_N49,0.0106813412096058,TRUE,9
2,30,0.05,T/NK,MIF_CD74_CD44,SCP259_N50,0.0106813412096058,TRUE,9
2,30,0.05,T/NK,MIF_CD74_CD44,SCP259_N58,0.00807050744067902,TRUE,9
2,30,0.05,T/NK,MIF_CD74_CD44,SCP259_N661,0.00807050744067902,TRUE,9
2,30,0.05,T/NK,MIF_CD74_CD44,SCP259_N9,0.00807050744067902,TRUE,9
1,10,0.1,T/NK,MIF_CD74_CD44,SCP259_N106,0.00758725935632313,TRUE,11
1,10,0.1,T/NK,MIF_CD74_CD44,SCP259_N111,0.00581695660200612,TRUE,11
1,10,0.1,T/NK,MIF_CD74_CD44,SCP259_N23,0.00581695660200612,TRUE,11
1,10,0.1,T/NK,MIF_CD74_CD44,SCP259_N24,0.00758725935632313,TRUE,11
1,10,0.1,T/NK,MIF_CD74_CD44,SCP259_N44,0.00758725935632313,TRUE,11
1,10,0.1,T/NK,MIF_CD74_CD44,SCP259_N49,0.00758725935632313,TRUE,11
1,10,0.1,T/NK,MIF_CD74_CD44,SCP259_N50,0.00758725935632313,TRUE,11
1,10,0.1,T/NK,MIF_CD74_CD44,SCP259_N52,0.00581695660200612,TRUE,11
1,10,0.1,T/NK,MIF_CD74_CD44,SCP259_N539,0.00581695660200612,TRUE,11
1,10,0.1,T/NK,MIF_CD74_CD44,SCP259_N58,0.00581695660200612,TRUE,11
1,10,0.1,T/NK,MIF_CD74_CD44,SCP259_N661,0.00581695660200612,TRUE,11
1,10,0.1,T/NK,MIF_CD74_CD44,SCP259_N9,0.00758725935632313,TRUE,11
2,10,0.1,T/NK,MIF_CD74_CD44,SCP259_N106,0.0117664886380824,TRUE,10
2,10,0.1,T/NK,MIF_CD74_CD44,SCP259_N111,0.0093759243251424,TRUE,10
2,10,0.1,T/NK,MIF_CD74_CD44,SCP259_N23,0.0093759243251424,TRUE,10
2,10,0.1,T/NK,MIF_CD74_CD44,SCP259_N24,0.0117664886380824,TRUE,10
2,10,0.1,T/NK,MIF_CD74_CD44,SCP259_N44,0.0117664886380824,TRUE,10
2,10,0.1,T/NK,MIF_CD74_CD44,SCP259_N49,0.0117664886380824,TRUE,10
2,10,0.1,T/NK,MIF_CD74_CD44,SCP259_N50,0.0117664886380824,TRUE,10
2,10,0.1,T/NK,MIF_CD74_CD44,SCP259_N539,0.0093759243251424,TRUE,10
2,10,0.1,T/NK,MIF_CD74_CD44,SCP259_N58,0.0093759243251424,TRUE,10
2,10,0.1,T/NK,MIF_CD74_CD44,SCP259_N661,0.0093759243251424,TRUE,10
2,10,0.1,T/NK,MIF_CD74_CD44,SCP259_N9,0.010461071753619,TRUE,10
1,20,0.1,T/NK,MIF_CD74_CD44,SCP259_N106,0.00729843539888055,TRUE,10
1,20,0.1,T/NK,MIF_CD74_CD44,SCP259_N111,0.00498567008942448,TRUE,10
1,20,0.1,T/NK,MIF_CD74_CD44,SCP259_N23,0.00498567008942448,TRUE,10
1,20,0.1,T/NK,MIF_CD74_CD44,SCP259_N24,0.00646714888629891,TRUE,10
1,20,0.1,T/NK,MIF_CD74_CD44,SCP259_N44,0.00729843539888055,TRUE,10
1,20,0.1,T/NK,MIF_CD74_CD44,SCP259_N49,0.00729843539888055,TRUE,10
1,20,0.1,T/NK,MIF_CD74_CD44,SCP259_N50,0.00729843539888055,TRUE,10
1,20,0.1,T/NK,MIF_CD74_CD44,SCP259_N539,0.00498567008942448,TRUE,10
1,20,0.1,T/NK,MIF_CD74_CD44,SCP259_N58,0.00498567008942448,TRUE,10
1,20,0.1,T/NK,MIF_CD74_CD44,SCP259_N661,0.00498567008942448,TRUE,10
1,20,0.1,T/NK,MIF_CD74_CD44,SCP259_N9,0.00729843539888055,TRUE,10
2,20,0.1,T/NK,MIF_CD74_CD44,SCP259_N106,0.0117664886380824,TRUE,10
2,20,0.1,T/NK,MIF_CD74_CD44,SCP259_N111,0.0093759243251424,TRUE,10
2,20,0.1,T/NK,MIF_CD74_CD44,SCP259_N23,0.0093759243251424,TRUE,10
2,20,0.1,T/NK,MIF_CD74_CD44,SCP259_N24,0.0117664886380824,TRUE,10
2,20,0.1,T/NK,MIF_CD74_CD44,SCP259_N44,0.0117664886380824,TRUE,10
2,20,0.1,T/NK,MIF_CD74_CD44,SCP259_N49,0.0117664886380824,TRUE,10
2,20,0.1,T/NK,MIF_CD74_CD44,SCP259_N50,0.0117664886380824,TRUE,10
2,20,0.1,T/NK,MIF_CD74_CD44,SCP259_N539,0.0093759243251424,TRUE,10
2,20,0.1,T/NK,MIF_CD74_CD44,SCP259_N58,0.0093759243251424,TRUE,10
2,20,0.1,T/NK,MIF_CD74_CD44,SCP259_N661,0.0093759243251424,TRUE,10
2,20,0.1,T/NK,MIF_CD74_CD44,SCP259_N9,0.010461071753619,TRUE,10
1,30,0.1,T/NK,MIF_CD74_CD44,SCP259_N106,0.00729843539888055,TRUE,10
1,30,0.1,T/NK,MIF_CD74_CD44,SCP259_N111,0.00498567008942448,TRUE,10
1,30,0.1,T/NK,MIF_CD74_CD44,SCP259_N23,0.00498567008942448,TRUE,10
1,30,0.1,T/NK,MIF_CD74_CD44,SCP259_N24,0.00646714888629891,TRUE,10
1,30,0.1,T/NK,MIF_CD74_CD44,SCP259_N44,0.00729843539888055,TRUE,10
1,30,0.1,T/NK,MIF_CD74_CD44,SCP259_N49,0.00729843539888055,TRUE,10
1,30,0.1,T/NK,MIF_CD74_CD44,SCP259_N50,0.00729843539888055,TRUE,10
1,30,0.1,T/NK,MIF_CD74_CD44,SCP259_N539,0.00498567008942448,TRUE,10
1,30,0.1,T/NK,MIF_CD74_CD44,SCP259_N58,0.00498567008942448,TRUE,10
1,30,0.1,T/NK,MIF_CD74_CD44,SCP259_N661,0.00498567008942448,TRUE,10
1,30,0.1,T/NK,MIF_CD74_CD44,SCP259_N9,0.00729843539888055,TRUE,10
2,30,0.1,T/NK,MIF_CD74_CD44,SCP259_N106,0.0106813412096058,TRUE,9
2,30,0.1,T/NK,MIF_CD74_CD44,SCP259_N111,0.00807050744067902,TRUE,9
2,30,0.1,T/NK,MIF_CD74_CD44,SCP259_N23,0.00807050744067902,TRUE,9
2,30,0.1,T/NK,MIF_CD74_CD44,SCP259_N24,0.0106813412096058,TRUE,9
2,30,0.1,T/NK,MIF_CD74_CD44,SCP259_N44,0.0106813412096058,TRUE,9
2,30,0.1,T/NK,MIF_CD74_CD44,SCP259_N49,0.0106813412096058,TRUE,9
2,30,0.1,T/NK,MIF_CD74_CD44,SCP259_N50,0.0106813412096058,TRUE,9
2,30,0.1,T/NK,MIF_CD74_CD44,SCP259_N58,0.00807050744067902,TRUE,9
2,30,0.1,T/NK,MIF_CD74_CD44,SCP259_N661,0.00807050744067902,TRUE,9
2,30,0.1,T/NK,MIF_CD74_CD44,SCP259_N9,0.00807050744067902,TRUE,9
1,10,0.2,T/NK,MIF_CD74_CD44,SCP259_N106,0.00646714888629891,TRUE,4
1,10,0.2,T/NK,MIF_CD74_CD44,SCP259_N23,0.0025017699929471,TRUE,4
1,10,0.2,T/NK,MIF_CD74_CD44,SCP259_N49,0.00646714888629891,TRUE,4
1,10,0.2,T/NK,MIF_CD74_CD44,SCP259_N661,0.0025017699929471,TRUE,4
1,10,0.2,T/NK,MIF_CD74_CD44,SCP259_N9,0.00481453530240317,TRUE,4
2,10,0.2,T/NK,MIF_CD74_CD44,SCP259_N106,0.0117664886380824,TRUE,4
2,10,0.2,T/NK,MIF_CD74_CD44,SCP259_N23,0.00609856333273311,TRUE,4
2,10,0.2,T/NK,MIF_CD74_CD44,SCP259_N49,0.0117664886380824,TRUE,4
2,10,0.2,T/NK,MIF_CD74_CD44,SCP259_N661,0.00609856333273311,TRUE,4
2,10,0.2,T/NK,MIF_CD74_CD44,SCP259_N9,0.00718371076120973,TRUE,4
1,20,0.2,T/NK,MIF_CD74_CD44,SCP259_N106,0.00646714888629891,TRUE,4
1,20,0.2,T/NK,MIF_CD74_CD44,SCP259_N23,0.0025017699929471,TRUE,4
1,20,0.2,T/NK,MIF_CD74_CD44,SCP259_N49,0.00646714888629891,TRUE,4
1,20,0.2,T/NK,MIF_CD74_CD44,SCP259_N661,0.0025017699929471,TRUE,4
1,20,0.2,T/NK,MIF_CD74_CD44,SCP259_N9,0.00481453530240317,TRUE,4
2,20,0.2,T/NK,MIF_CD74_CD44,SCP259_N106,0.0117664886380824,TRUE,4
2,20,0.2,T/NK,MIF_CD74_CD44,SCP259_N23,0.00609856333273311,TRUE,4
2,20,0.2,T/NK,MIF_CD74_CD44,SCP259_N49,0.0117664886380824,TRUE,4
2,20,0.2,T/NK,MIF_CD74_CD44,SCP259_N661,0.00609856333273311,TRUE,4
2,20,0.2,T/NK,MIF_CD74_CD44,SCP259_N9,0.00718371076120973,TRUE,4
1,30,0.2,T/NK,MIF_CD74_CD44,SCP259_N106,0.00646714888629891,TRUE,4
1,30,0.2,T/NK,MIF_CD74_CD44,SCP259_N23,0.0025017699929471,TRUE,4
1,30,0.2,T/NK,MIF_CD74_CD44,SCP259_N49,0.00646714888629891,TRUE,4
1,30,0.2,T/NK,MIF_CD74_CD44,SCP259_N661,0.0025017699929471,TRUE,4
1,30,0.2,T/NK,MIF_CD74_CD44,SCP259_N9,0.00481453530240317,TRUE,4
2,30,0.2,T/NK,MIF_CD74_CD44,SCP259_N106,0.0117664886380824,TRUE,4
2,30,0.2,T/NK,MIF_CD74_CD44,SCP259_N23,0.00609856333273311,TRUE,4
2,30,0.2,T/NK,MIF_CD74_CD44,SCP259_N49,0.0117664886380824,TRUE,4
2,30,0.2,T/NK,MIF_CD74_CD44,SCP259_N661,0.00609856333273311,TRUE,4
2,30,0.2,T/NK,MIF_CD74_CD44,SCP259_N9,0.00718371076120973,TRUE,4
1,10,0.05,Endothelial,MIF_CD74_CXCR4,SCP259_N106,0.0024291586893193,TRUE,6
1,10,0.05,Endothelial,MIF_CD74_CXCR4,SCP259_N111,0.0024291586893193,TRUE,6
1,10,0.05,Endothelial,MIF_CD74_CXCR4,SCP259_N44,0.00015887785770154,TRUE,6
1,10,0.05,Endothelial,MIF_CD74_CXCR4,SCP259_N49,0.00015887785770154,TRUE,6
1,10,0.05,Endothelial,MIF_CD74_CXCR4,SCP259_N50,0.00179721412917004,TRUE,6
1,10,0.05,Endothelial,MIF_CD74_CXCR4,SCP259_N52,0.0024291586893193,TRUE,6
1,10,0.05,Endothelial,MIF_CD74_CXCR4,SCP259_N9,0.00015887785770154,TRUE,6
2,10,0.05,Endothelial,MIF_CD74_CXCR4,SCP259_N106,0.00315667728110829,TRUE,4
2,10,0.05,Endothelial,MIF_CD74_CXCR4,SCP259_N44,-0.00112982104582543,FALSE,4
2,10,0.05,Endothelial,MIF_CD74_CXCR4,SCP259_N49,0.00278787510787904,TRUE,4
2,10,0.05,Endothelial,MIF_CD74_CXCR4,SCP259_N50,0.00315667728110829,TRUE,4
2,10,0.05,Endothelial,MIF_CD74_CXCR4,SCP259_N9,-0.00112982104582543,FALSE,4
1,20,0.05,Endothelial,MIF_CD74_CXCR4,SCP259_N106,0.00406749496078779,TRUE,5
1,20,0.05,Endothelial,MIF_CD74_CXCR4,SCP259_N111,0.00406749496078779,TRUE,5
1,20,0.05,Endothelial,MIF_CD74_CXCR4,SCP259_N44,0.000790822417850799,TRUE,5
1,20,0.05,Endothelial,MIF_CD74_CXCR4,SCP259_N49,0.000790822417850799,TRUE,5
1,20,0.05,Endothelial,MIF_CD74_CXCR4,SCP259_N50,0.00406749496078779,TRUE,5
1,20,0.05,Endothelial,MIF_CD74_CXCR4,SCP259_N9,0.000790822417850799,TRUE,5
2,20,0.05,Endothelial,MIF_CD74_CXCR4,SCP259_N106,0.00315667728110829,TRUE,4
2,20,0.05,Endothelial,MIF_CD74_CXCR4,SCP259_N44,-0.00112982104582543,FALSE,4
2,20,0.05,Endothelial,MIF_CD74_CXCR4,SCP259_N49,0.00278787510787904,TRUE,4
2,20,0.05,Endothelial,MIF_CD74_CXCR4,SCP259_N50,0.00315667728110829,TRUE,4
2,20,0.05,Endothelial,MIF_CD74_CXCR4,SCP259_N9,-0.00112982104582543,FALSE,4
1,30,0.05,Endothelial,MIF_CD74_CXCR4,SCP259_N106,0.00406749496078779,TRUE,5
1,30,0.05,Endothelial,MIF_CD74_CXCR4,SCP259_N111,0.00406749496078779,TRUE,5
1,30,0.05,Endothelial,MIF_CD74_CXCR4,SCP259_N44,0.000790822417850799,TRUE,5
1,30,0.05,Endothelial,MIF_CD74_CXCR4,SCP259_N49,0.000790822417850799,TRUE,5
1,30,0.05,Endothelial,MIF_CD74_CXCR4,SCP259_N50,0.00406749496078779,TRUE,5
1,30,0.05,Endothelial,MIF_CD74_CXCR4,SCP259_N9,0.000790822417850799,TRUE,5
2,30,0.05,Endothelial,MIF_CD74_CXCR4,SCP259_N106,0.00315667728110829,TRUE,4
2,30,0.05,Endothelial,MIF_CD74_CXCR4,SCP259_N44,-0.00112982104582543,FALSE,4
2,30,0.05,Endothelial,MIF_CD74_CXCR4,SCP259_N49,0.00278787510787904,TRUE,4
2,30,0.05,Endothelial,MIF_CD74_CXCR4,SCP259_N50,0.00315667728110829,TRUE,4
2,30,0.05,Endothelial,MIF_CD74_CXCR4,SCP259_N9,-0.00112982104582543,FALSE,4
1,10,0.1,Endothelial,MIF_CD74_CXCR4,SCP259_N44,0.00406749496078779,TRUE,3
1,10,0.1,Endothelial,MIF_CD74_CXCR4,SCP259_N49,0.00406749496078779,TRUE,3
1,10,0.1,Endothelial,MIF_CD74_CXCR4,SCP259_N50,0.00673087029422238,TRUE,3
1,10,0.1,Endothelial,MIF_CD74_CXCR4,SCP259_N9,0.00673087029422238,TRUE,3
2,10,0.1,Endothelial,MIF_CD74_CXCR4,SCP259_N106,0.00315667728110829,TRUE,4
2,10,0.1,Endothelial,MIF_CD74_CXCR4,SCP259_N44,-0.00112982104582543,FALSE,4
2,10,0.1,Endothelial,MIF_CD74_CXCR4,SCP259_N49,0.00278787510787904,TRUE,4
2,10,0.1,Endothelial,MIF_CD74_CXCR4,SCP259_N50,0.00315667728110829,TRUE,4
2,10,0.1,Endothelial,MIF_CD74_CXCR4,SCP259_N9,-0.00112982104582543,FALSE,4
1,20,0.1,Endothelial,MIF_CD74_CXCR4,SCP259_N44,0.00406749496078779,TRUE,3
1,20,0.1,Endothelial,MIF_CD74_CXCR4,SCP259_N49,0.00406749496078779,TRUE,3
1,20,0.1,Endothelial,MIF_CD74_CXCR4,SCP259_N50,0.00673087029422238,TRUE,3
1,20,0.1,Endothelial,MIF_CD74_CXCR4,SCP259_N9,0.00673087029422238,TRUE,3
2,20,0.1,Endothelial,MIF_CD74_CXCR4,SCP259_N106,0.00315667728110829,TRUE,4
2,20,0.1,Endothelial,MIF_CD74_CXCR4,SCP259_N44,-0.00112982104582543,FALSE,4
2,20,0.1,Endothelial,MIF_CD74_CXCR4,SCP259_N49,0.00278787510787904,TRUE,4
2,20,0.1,Endothelial,MIF_CD74_CXCR4,SCP259_N50,0.00315667728110829,TRUE,4
2,20,0.1,Endothelial,MIF_CD74_CXCR4,SCP259_N9,-0.00112982104582543,FALSE,4
1,30,0.1,Endothelial,MIF_CD74_CXCR4,SCP259_N44,0.00406749496078779,TRUE,3
1,30,0.1,Endothelial,MIF_CD74_CXCR4,SCP259_N49,0.00406749496078779,TRUE,3
1,30,0.1,Endothelial,MIF_CD74_CXCR4,SCP259_N50,0.00673087029422238,TRUE,3
1,30,0.1,Endothelial,MIF_CD74_CXCR4,SCP259_N9,0.00673087029422238,TRUE,3
2,30,0.1,Endothelial,MIF_CD74_CXCR4,SCP259_N106,0.00315667728110829,TRUE,4
2,30,0.1,Endothelial,MIF_CD74_CXCR4,SCP259_N44,-0.00112982104582543,FALSE,4
2,30,0.1,Endothelial,MIF_CD74_CXCR4,SCP259_N49,0.00278787510787904,TRUE,4
2,30,0.1,Endothelial,MIF_CD74_CXCR4,SCP259_N50,0.00315667728110829,TRUE,4
2,30,0.1,Endothelial,MIF_CD74_CXCR4,SCP259_N9,-0.00112982104582543,FALSE,4
1,10,0.2,Endothelial,MIF_CD74_CXCR4,SCP259_N49,0.000790822417850799,TRUE,1
1,10,0.2,Endothelial,MIF_CD74_CXCR4,SCP259_N50,0.0076559325206105,TRUE,1
2,10,0.2,Endothelial,MIF_CD74_CXCR4,SCP259_N49,-0.00210027039790767,FALSE,1
2,10,0.2,Endothelial,MIF_CD74_CXCR4,SCP259_N50,-0.000761018872596178,FALSE,1
1,20,0.2,Endothelial,MIF_CD74_CXCR4,SCP259_N49,0.000790822417850799,TRUE,1
1,20,0.2,Endothelial,MIF_CD74_CXCR4,SCP259_N50,0.0076559325206105,TRUE,1
2,20,0.2,Endothelial,MIF_CD74_CXCR4,SCP259_N49,-0.00210027039790767,FALSE,1
2,20,0.2,Endothelial,MIF_CD74_CXCR4,SCP259_N50,-0.000761018872596178,FALSE,1
1,30,0.2,Endothelial,MIF_CD74_CXCR4,SCP259_N49,0.000790822417850799,TRUE,1
1,30,0.2,Endothelial,MIF_CD74_CXCR4,SCP259_N50,0.0076559325206105,TRUE,1
2,30,0.2,Endothelial,MIF_CD74_CXCR4,SCP259_N49,-0.00210027039790767,FALSE,1
2,30,0.2,Endothelial,MIF_CD74_CXCR4,SCP259_N50,-0.000761018872596178,FALSE,1
1,10,0.05,Fibroblast,MIF_CD74_CXCR4,SCP259_N106,0.00311255239738015,TRUE,6
1,10,0.05,Fibroblast,MIF_CD74_CXCR4,SCP259_N111,0.00311255239738015,TRUE,6
1,10,0.05,Fibroblast,MIF_CD74_CXCR4,SCP259_N44,0.000230604490765415,TRUE,6
1,10,0.05,Fibroblast,MIF_CD74_CXCR4,SCP259_N49,0.000230604490765415,TRUE,6
1,10,0.05,Fibroblast,MIF_CD74_CXCR4,SCP259_N50,0.00244004725234363,TRUE,6
1,10,0.05,Fibroblast,MIF_CD74_CXCR4,SCP259_N52,0.00311255239738015,TRUE,6
1,10,0.05,Fibroblast,MIF_CD74_CXCR4,SCP259_N9,0.000230604490765415,TRUE,6
2,10,0.05,Fibroblast,MIF_CD74_CXCR4,SCP259_N106,0.00287460960855284,TRUE,4
2,10,0.05,Fibroblast,MIF_CD74_CXCR4,SCP259_N44,-0.00140570625390444,FALSE,4
2,10,0.05,Fibroblast,MIF_CD74_CXCR4,SCP259_N49,0.00226630033518604,TRUE,4
2,10,0.05,Fibroblast,MIF_CD74_CXCR4,SCP259_N50,0.00287460960855284,TRUE,4
2,10,0.05,Fibroblast,MIF_CD74_CXCR4,SCP259_N9,-0.00140570625390444,FALSE,4
1,20,0.05,Fibroblast,MIF_CD74_CXCR4,SCP259_N106,0.00532199515895837,TRUE,5
1,20,0.05,Fibroblast,MIF_CD74_CXCR4,SCP259_N111,0.00532199515895837,TRUE,5
1,20,0.05,Fibroblast,MIF_CD74_CXCR4,SCP259_N44,0.000903109635801931,TRUE,5
1,20,0.05,Fibroblast,MIF_CD74_CXCR4,SCP259_N49,0.000903109635801931,TRUE,5
1,20,0.05,Fibroblast,MIF_CD74_CXCR4,SCP259_N50,0.00532199515895837,TRUE,5
1,20,0.05,Fibroblast,MIF_CD74_CXCR4,SCP259_N9,0.000903109635801931,TRUE,5
2,20,0.05,Fibroblast,MIF_CD74_CXCR4,SCP259_N106,0.00287460960855284,TRUE,4
2,20,0.05,Fibroblast,MIF_CD74_CXCR4,SCP259_N44,-0.00140570625390444,FALSE,4
2,20,0.05,Fibroblast,MIF_CD74_CXCR4,SCP259_N49,0.00226630033518604,TRUE,4
2,20,0.05,Fibroblast,MIF_CD74_CXCR4,SCP259_N50,0.00287460960855284,TRUE,4
2,20,0.05,Fibroblast,MIF_CD74_CXCR4,SCP259_N9,-0.00140570625390444,FALSE,4
1,30,0.05,Fibroblast,MIF_CD74_CXCR4,SCP259_N106,0.00532199515895837,TRUE,5
1,30,0.05,Fibroblast,MIF_CD74_CXCR4,SCP259_N111,0.00532199515895837,TRUE,5
1,30,0.05,Fibroblast,MIF_CD74_CXCR4,SCP259_N44,0.000903109635801931,TRUE,5
1,30,0.05,Fibroblast,MIF_CD74_CXCR4,SCP259_N49,0.000903109635801931,TRUE,5
1,30,0.05,Fibroblast,MIF_CD74_CXCR4,SCP259_N50,0.00532199515895837,TRUE,5
1,30,0.05,Fibroblast,MIF_CD74_CXCR4,SCP259_N9,0.000903109635801931,TRUE,5
2,30,0.05,Fibroblast,MIF_CD74_CXCR4,SCP259_N106,0.00287460960855284,TRUE,4
2,30,0.05,Fibroblast,MIF_CD74_CXCR4,SCP259_N44,-0.00140570625390444,FALSE,4
2,30,0.05,Fibroblast,MIF_CD74_CXCR4,SCP259_N49,0.00226630033518604,TRUE,4
2,30,0.05,Fibroblast,MIF_CD74_CXCR4,SCP259_N50,0.00287460960855284,TRUE,4
2,30,0.05,Fibroblast,MIF_CD74_CXCR4,SCP259_N9,-0.00140570625390444,FALSE,4
1,10,0.1,Fibroblast,MIF_CD74_CXCR4,SCP259_N44,0.00532199515895837,TRUE,3
1,10,0.1,Fibroblast,MIF_CD74_CXCR4,SCP259_N49,0.00532199515895837,TRUE,3
1,10,0.1,Fibroblast,MIF_CD74_CXCR4,SCP259_N50,0.00556602967553915,TRUE,3
1,10,0.1,Fibroblast,MIF_CD74_CXCR4,SCP259_N9,0.00556602967553915,TRUE,3
2,10,0.1,Fibroblast,MIF_CD74_CXCR4,SCP259_N106,0.00287460960855284,TRUE,4
2,10,0.1,Fibroblast,MIF_CD74_CXCR4,SCP259_N44,-0.00140570625390444,FALSE,4
2,10,0.1,Fibroblast,MIF_CD74_CXCR4,SCP259_N49,0.00226630033518604,TRUE,4
2,10,0.1,Fibroblast,MIF_CD74_CXCR4,SCP259_N50,0.00287460960855284,TRUE,4
2,10,0.1,Fibroblast,MIF_CD74_CXCR4,SCP259_N9,-0.00140570625390444,FALSE,4
1,20,0.1,Fibroblast,MIF_CD74_CXCR4,SCP259_N44,0.00532199515895837,TRUE,3
1,20,0.1,Fibroblast,MIF_CD74_CXCR4,SCP259_N49,0.00532199515895837,TRUE,3
1,20,0.1,Fibroblast,MIF_CD74_CXCR4,SCP259_N50,0.00556602967553915,TRUE,3
1,20,0.1,Fibroblast,MIF_CD74_CXCR4,SCP259_N9,0.00556602967553915,TRUE,3
2,20,0.1,Fibroblast,MIF_CD74_CXCR4,SCP259_N106,0.00287460960855284,TRUE,4
2,20,0.1,Fibroblast,MIF_CD74_CXCR4,SCP259_N44,-0.00140570625390444,FALSE,4
2,20,0.1,Fibroblast,MIF_CD74_CXCR4,SCP259_N49,0.00226630033518604,TRUE,4
2,20,0.1,Fibroblast,MIF_CD74_CXCR4,SCP259_N50,0.00287460960855284,TRUE,4
2,20,0.1,Fibroblast,MIF_CD74_CXCR4,SCP259_N9,-0.00140570625390444,FALSE,4
1,30,0.1,Fibroblast,MIF_CD74_CXCR4,SCP259_N44,0.00532199515895837,TRUE,3
1,30,0.1,Fibroblast,MIF_CD74_CXCR4,SCP259_N49,0.00532199515895837,TRUE,3
1,30,0.1,Fibroblast,MIF_CD74_CXCR4,SCP259_N50,0.00556602967553915,TRUE,3
1,30,0.1,Fibroblast,MIF_CD74_CXCR4,SCP259_N9,0.00556602967553915,TRUE,3
2,30,0.1,Fibroblast,MIF_CD74_CXCR4,SCP259_N106,0.00287460960855284,TRUE,4
2,30,0.1,Fibroblast,MIF_CD74_CXCR4,SCP259_N44,-0.00140570625390444,FALSE,4
2,30,0.1,Fibroblast,MIF_CD74_CXCR4,SCP259_N49,0.00226630033518604,TRUE,4
2,30,0.1,Fibroblast,MIF_CD74_CXCR4,SCP259_N50,0.00287460960855284,TRUE,4
2,30,0.1,Fibroblast,MIF_CD74_CXCR4,SCP259_N9,-0.00140570625390444,FALSE,4
1,10,0.2,Fibroblast,MIF_CD74_CXCR4,SCP259_N49,0.000903109635801931,TRUE,1
1,10,0.2,Fibroblast,MIF_CD74_CXCR4,SCP259_N50,0.00801813936173912,TRUE,1
2,10,0.2,Fibroblast,MIF_CD74_CXCR4,SCP259_N49,-0.00239958496571061,FALSE,1
2,10,0.2,Fibroblast,MIF_CD74_CXCR4,SCP259_N50,-0.000797396980537643,FALSE,1
1,20,0.2,Fibroblast,MIF_CD74_CXCR4,SCP259_N49,0.000903109635801931,TRUE,1
1,20,0.2,Fibroblast,MIF_CD74_CXCR4,SCP259_N50,0.00801813936173912,TRUE,1
2,20,0.2,Fibroblast,MIF_CD74_CXCR4,SCP259_N49,-0.00239958496571061,FALSE,1
2,20,0.2,Fibroblast,MIF_CD74_CXCR4,SCP259_N50,-0.000797396980537643,FALSE,1
1,30,0.2,Fibroblast,MIF_CD74_CXCR4,SCP259_N49,0.000903109635801931,TRUE,1
1,30,0.2,Fibroblast,MIF_CD74_CXCR4,SCP259_N50,0.00801813936173912,TRUE,1
2,30,0.2,Fibroblast,MIF_CD74_CXCR4,SCP259_N49,-0.00239958496571061,FALSE,1
2,30,0.2,Fibroblast,MIF_CD74_CXCR4,SCP259_N50,-0.000797396980537643,FALSE,1
1,10,0.05,Myeloid,MIF_CD74_CXCR4,SCP259_N106,0.00166080953512093,TRUE,6
1,10,0.05,Myeloid,MIF_CD74_CXCR4,SCP259_N111,0.00166080953512093,TRUE,6
1,10,0.05,Myeloid,MIF_CD74_CXCR4,SCP259_N44,8.4291372036964e-05,TRUE,6
1,10,0.05,Myeloid,MIF_CD74_CXCR4,SCP259_N49,8.4291372036964e-05,TRUE,6
1,10,0.05,Myeloid,MIF_CD74_CXCR4,SCP259_N50,0.00124426931139835,TRUE,6
1,10,0.05,Myeloid,MIF_CD74_CXCR4,SCP259_N52,0.00166080953512093,TRUE,6
1,10,0.05,Myeloid,MIF_CD74_CXCR4,SCP259_N9,8.4291372036964e-05,TRUE,6
2,10,0.05,Myeloid,MIF_CD74_CXCR4,SCP259_N106,0.00224219131410529,TRUE,4
2,10,0.05,Myeloid,MIF_CD74_CXCR4,SCP259_N44,-0.000877566951324446,FALSE,4
2,10,0.05,Myeloid,MIF_CD74_CXCR4,SCP259_N49,0.00179117788658558,TRUE,4
2,10,0.05,Myeloid,MIF_CD74_CXCR4,SCP259_N50,0.00224219131410529,TRUE,4
2,10,0.05,Myeloid,MIF_CD74_CXCR4,SCP259_N9,-0.000877566951324446,FALSE,4
1,20,0.05,Myeloid,MIF_CD74_CXCR4,SCP259_N106,0.00282078747448232,TRUE,5
1,20,0.05,Myeloid,MIF_CD74_CXCR4,SCP259_N111,0.00282078747448232,TRUE,5
1,20,0.05,Myeloid,MIF_CD74_CXCR4,SCP259_N44,0.000500831595759546,TRUE,5
1,20,0.05,Myeloid,MIF_CD74_CXCR4,SCP259_N49,0.000500831595759546,TRUE,5
1,20,0.05,Myeloid,MIF_CD74_CXCR4,SCP259_N50,0.00282078747448232,TRUE,5
1,20,0.05,Myeloid,MIF_CD74_CXCR4,SCP259_N9,0.000500831595759546,TRUE,5
2,20,0.05,Myeloid,MIF_CD74_CXCR4,SCP259_N106,0.00224219131410529,TRUE,4
2,20,0.05,Myeloid,MIF_CD74_CXCR4,SCP259_N44,-0.000877566951324446,FALSE,4
2,20,0.05,Myeloid,MIF_CD74_CXCR4,SCP259_N49,0.00179117788658558,TRUE,4
2,20,0.05,Myeloid,MIF_CD74_CXCR4,SCP259_N50,0.00224219131410529,TRUE,4
2,20,0.05,Myeloid,MIF_CD74_CXCR4,SCP259_N9,-0.000877566951324446,FALSE,4
1,30,0.05,Myeloid,MIF_CD74_CXCR4,SCP259_N106,0.00282078747448232,TRUE,5
1,30,0.05,Myeloid,MIF_CD74_CXCR4,SCP259_N111,0.00282078747448232,TRUE,5
1,30,0.05,Myeloid,MIF_CD74_CXCR4,SCP259_N44,0.000500831595759546,TRUE,5
1,30,0.05,Myeloid,MIF_CD74_CXCR4,SCP259_N49,0.000500831595759546,TRUE,5
1,30,0.05,Myeloid,MIF_CD74_CXCR4,SCP259_N50,0.00282078747448232,TRUE,5
1,30,0.05,Myeloid,MIF_CD74_CXCR4,SCP259_N9,0.000500831595759546,TRUE,5
2,30,0.05,Myeloid,MIF_CD74_CXCR4,SCP259_N106,0.00224219131410529,TRUE,4
2,30,0.05,Myeloid,MIF_CD74_CXCR4,SCP259_N44,-0.000877566951324446,FALSE,4
2,30,0.05,Myeloid,MIF_CD74_CXCR4,SCP259_N49,0.00179117788658558,TRUE,4
2,30,0.05,Myeloid,MIF_CD74_CXCR4,SCP259_N50,0.00224219131410529,TRUE,4
2,30,0.05,Myeloid,MIF_CD74_CXCR4,SCP259_N9,-0.000877566951324446,FALSE,4
1,10,0.1,Myeloid,MIF_CD74_CXCR4,SCP259_N44,0.00282078747448232,TRUE,3
1,10,0.1,Myeloid,MIF_CD74_CXCR4,SCP259_N49,0.00282078747448232,TRUE,3
1,10,0.1,Myeloid,MIF_CD74_CXCR4,SCP259_N50,0.00430901852529158,TRUE,3
1,10,0.1,Myeloid,MIF_CD74_CXCR4,SCP259_N9,0.00430901852529158,TRUE,3
2,10,0.1,Myeloid,MIF_CD74_CXCR4,SCP259_N106,0.00224219131410529,TRUE,4
2,10,0.1,Myeloid,MIF_CD74_CXCR4,SCP259_N44,-0.000877566951324446,FALSE,4
2,10,0.1,Myeloid,MIF_CD74_CXCR4,SCP259_N49,0.00179117788658558,TRUE,4
2,10,0.1,Myeloid,MIF_CD74_CXCR4,SCP259_N50,0.00224219131410529,TRUE,4
2,10,0.1,Myeloid,MIF_CD74_CXCR4,SCP259_N9,-0.000877566951324446,FALSE,4
1,20,0.1,Myeloid,MIF_CD74_CXCR4,SCP259_N44,0.00282078747448232,TRUE,3
1,20,0.1,Myeloid,MIF_CD74_CXCR4,SCP259_N49,0.00282078747448232,TRUE,3
1,20,0.1,Myeloid,MIF_CD74_CXCR4,SCP259_N50,0.00430901852529158,TRUE,3
1,20,0.1,Myeloid,MIF_CD74_CXCR4,SCP259_N9,0.00430901852529158,TRUE,3
2,20,0.1,Myeloid,MIF_CD74_CXCR4,SCP259_N106,0.00224219131410529,TRUE,4
2,20,0.1,Myeloid,MIF_CD74_CXCR4,SCP259_N44,-0.000877566951324446,FALSE,4
2,20,0.1,Myeloid,MIF_CD74_CXCR4,SCP259_N49,0.00179117788658558,TRUE,4
2,20,0.1,Myeloid,MIF_CD74_CXCR4,SCP259_N50,0.00224219131410529,TRUE,4
2,20,0.1,Myeloid,MIF_CD74_CXCR4,SCP259_N9,-0.000877566951324446,FALSE,4
1,30,0.1,Myeloid,MIF_CD74_CXCR4,SCP259_N44,0.00282078747448232,TRUE,3
1,30,0.1,Myeloid,MIF_CD74_CXCR4,SCP259_N49,0.00282078747448232,TRUE,3
1,30,0.1,Myeloid,MIF_CD74_CXCR4,SCP259_N50,0.00430901852529158,TRUE,3
1,30,0.1,Myeloid,MIF_CD74_CXCR4,SCP259_N9,0.00430901852529158,TRUE,3
2,30,0.1,Myeloid,MIF_CD74_CXCR4,SCP259_N106,0.00224219131410529,TRUE,4
2,30,0.1,Myeloid,MIF_CD74_CXCR4,SCP259_N44,-0.000877566951324446,FALSE,4
2,30,0.1,Myeloid,MIF_CD74_CXCR4,SCP259_N49,0.00179117788658558,TRUE,4
2,30,0.1,Myeloid,MIF_CD74_CXCR4,SCP259_N50,0.00224219131410529,TRUE,4
2,30,0.1,Myeloid,MIF_CD74_CXCR4,SCP259_N9,-0.000877566951324446,FALSE,4
1,10,0.2,Myeloid,MIF_CD74_CXCR4,SCP259_N49,0.000500831595759546,TRUE,1
1,10,0.2,Myeloid,MIF_CD74_CXCR4,SCP259_N50,0.00430901852529158,TRUE,1
2,10,0.2,Myeloid,MIF_CD74_CXCR4,SCP259_N49,-0.00132858037884416,FALSE,1
2,10,0.2,Myeloid,MIF_CD74_CXCR4,SCP259_N50,-0.000426553523804732,FALSE,1
1,20,0.2,Myeloid,MIF_CD74_CXCR4,SCP259_N49,0.000500831595759546,TRUE,1
1,20,0.2,Myeloid,MIF_CD74_CXCR4,SCP259_N50,0.00430901852529158,TRUE,1
2,20,0.2,Myeloid,MIF_CD74_CXCR4,SCP259_N49,-0.00132858037884416,FALSE,1
2,20,0.2,Myeloid,MIF_CD74_CXCR4,SCP259_N50,-0.000426553523804732,FALSE,1
1,30,0.2,Myeloid,MIF_CD74_CXCR4,SCP259_N49,0.000500831595759546,TRUE,1
1,30,0.2,Myeloid,MIF_CD74_CXCR4,SCP259_N50,0.00430901852529158,TRUE,1
2,30,0.2,Myeloid,MIF_CD74_CXCR4,SCP259_N49,-0.00132858037884416,FALSE,1
2,30,0.2,Myeloid,MIF_CD74_CXCR4,SCP259_N50,-0.000426553523804732,FALSE,1
1,10,0.05,Other epithelial,MIF_CD74_CXCR4,SCP259_N106,0.00274015494519575,TRUE,6
1,10,0.05,Other epithelial,MIF_CD74_CXCR4,SCP259_N111,0.00274015494519575,TRUE,6
1,10,0.05,Other epithelial,MIF_CD74_CXCR4,SCP259_N44,9.75483532982928e-05,TRUE,6
1,10,0.05,Other epithelial,MIF_CD74_CXCR4,SCP259_N49,9.75483532982928e-05,TRUE,6
1,10,0.05,Other epithelial,MIF_CD74_CXCR4,SCP259_N50,0.00197924133505267,TRUE,6
1,10,0.05,Other epithelial,MIF_CD74_CXCR4,SCP259_N52,0.00274015494519575,TRUE,6
1,10,0.05,Other epithelial,MIF_CD74_CXCR4,SCP259_N9,9.75483532982928e-05,TRUE,6
2,10,0.05,Other epithelial,MIF_CD74_CXCR4,SCP259_N106,0.00354734478676752,TRUE,4
2,10,0.05,Other epithelial,MIF_CD74_CXCR4,SCP259_N44,-0.00161036990720776,FALSE,4
2,10,0.05,Other epithelial,MIF_CD74_CXCR4,SCP259_N49,0.00287717825581184,TRUE,4
2,10,0.05,Other epithelial,MIF_CD74_CXCR4,SCP259_N50,0.00354734478676752,TRUE,4
2,10,0.05,Other epithelial,MIF_CD74_CXCR4,SCP259_N9,-0.00161036990720776,FALSE,4
1,20,0.05,Other epithelial,MIF_CD74_CXCR4,SCP259_N106,0.00462184792695013,TRUE,5
1,20,0.05,Other epithelial,MIF_CD74_CXCR4,SCP259_N111,0.00462184792695013,TRUE,5
1,20,0.05,Other epithelial,MIF_CD74_CXCR4,SCP259_N44,0.000858461963441366,TRUE,5
1,20,0.05,Other epithelial,MIF_CD74_CXCR4,SCP259_N49,0.000858461963441366,TRUE,5
1,20,0.05,Other epithelial,MIF_CD74_CXCR4,SCP259_N50,0.00462184792695013,TRUE,5
1,20,0.05,Other epithelial,MIF_CD74_CXCR4,SCP259_N9,0.000858461963441366,TRUE,5
2,20,0.05,Other epithelial,MIF_CD74_CXCR4,SCP259_N106,0.00354734478676752,TRUE,4
2,20,0.05,Other epithelial,MIF_CD74_CXCR4,SCP259_N44,-0.00161036990720776,FALSE,4
2,20,0.05,Other epithelial,MIF_CD74_CXCR4,SCP259_N49,0.00287717825581184,TRUE,4
2,20,0.05,Other epithelial,MIF_CD74_CXCR4,SCP259_N50,0.00354734478676752,TRUE,4
2,20,0.05,Other epithelial,MIF_CD74_CXCR4,SCP259_N9,-0.00161036990720776,FALSE,4
1,30,0.05,Other epithelial,MIF_CD74_CXCR4,SCP259_N106,0.00462184792695013,TRUE,5
1,30,0.05,Other epithelial,MIF_CD74_CXCR4,SCP259_N111,0.00462184792695013,TRUE,5
1,30,0.05,Other epithelial,MIF_CD74_CXCR4,SCP259_N44,0.000858461963441366,TRUE,5
1,30,0.05,Other epithelial,MIF_CD74_CXCR4,SCP259_N49,0.000858461963441366,TRUE,5
1,30,0.05,Other epithelial,MIF_CD74_CXCR4,SCP259_N50,0.00462184792695013,TRUE,5
1,30,0.05,Other epithelial,MIF_CD74_CXCR4,SCP259_N9,0.000858461963441366,TRUE,5
2,30,0.05,Other epithelial,MIF_CD74_CXCR4,SCP259_N106,0.00354734478676752,TRUE,4
2,30,0.05,Other epithelial,MIF_CD74_CXCR4,SCP259_N44,-0.00161036990720776,FALSE,4
2,30,0.05,Other epithelial,MIF_CD74_CXCR4,SCP259_N49,0.00287717825581184,TRUE,4
2,30,0.05,Other epithelial,MIF_CD74_CXCR4,SCP259_N50,0.00354734478676752,TRUE,4
2,30,0.05,Other epithelial,MIF_CD74_CXCR4,SCP259_N9,-0.00161036990720776,FALSE,4
1,10,0.1,Other epithelial,MIF_CD74_CXCR4,SCP259_N44,0.00462184792695013,TRUE,3
1,10,0.1,Other epithelial,MIF_CD74_CXCR4,SCP259_N49,0.00462184792695013,TRUE,3
1,10,0.1,Other epithelial,MIF_CD74_CXCR4,SCP259_N50,0.00943637247508736,TRUE,3
1,10,0.1,Other epithelial,MIF_CD74_CXCR4,SCP259_N9,0.00943637247508736,TRUE,3
2,10,0.1,Other epithelial,MIF_CD74_CXCR4,SCP259_N106,0.00354734478676752,TRUE,4
2,10,0.1,Other epithelial,MIF_CD74_CXCR4,SCP259_N44,-0.00161036990720776,FALSE,4
2,10,0.1,Other epithelial,MIF_CD74_CXCR4,SCP259_N49,0.00287717825581184,TRUE,4
2,10,0.1,Other epithelial,MIF_CD74_CXCR4,SCP259_N50,0.00354734478676752,TRUE,4
2,10,0.1,Other epithelial,MIF_CD74_CXCR4,SCP259_N9,-0.00161036990720776,FALSE,4
1,20,0.1,Other epithelial,MIF_CD74_CXCR4,SCP259_N44,0.00462184792695013,TRUE,3
1,20,0.1,Other epithelial,MIF_CD74_CXCR4,SCP259_N49,0.00462184792695013,TRUE,3
1,20,0.1,Other epithelial,MIF_CD74_CXCR4,SCP259_N50,0.00943637247508736,TRUE,3
1,20,0.1,Other epithelial,MIF_CD74_CXCR4,SCP259_N9,0.00943637247508736,TRUE,3
2,20,0.1,Other epithelial,MIF_CD74_CXCR4,SCP259_N106,0.00354734478676752,TRUE,4
2,20,0.1,Other epithelial,MIF_CD74_CXCR4,SCP259_N44,-0.00161036990720776,FALSE,4
2,20,0.1,Other epithelial,MIF_CD74_CXCR4,SCP259_N49,0.00287717825581184,TRUE,4
2,20,0.1,Other epithelial,MIF_CD74_CXCR4,SCP259_N50,0.00354734478676752,TRUE,4
2,20,0.1,Other epithelial,MIF_CD74_CXCR4,SCP259_N9,-0.00161036990720776,FALSE,4
1,30,0.1,Other epithelial,MIF_CD74_CXCR4,SCP259_N44,0.00462184792695013,TRUE,3
1,30,0.1,Other epithelial,MIF_CD74_CXCR4,SCP259_N49,0.00462184792695013,TRUE,3
1,30,0.1,Other epithelial,MIF_CD74_CXCR4,SCP259_N50,0.00943637247508736,TRUE,3
1,30,0.1,Other epithelial,MIF_CD74_CXCR4,SCP259_N9,0.00943637247508736,TRUE,3
2,30,0.1,Other epithelial,MIF_CD74_CXCR4,SCP259_N106,0.00354734478676752,TRUE,4
2,30,0.1,Other epithelial,MIF_CD74_CXCR4,SCP259_N44,-0.00161036990720776,FALSE,4
2,30,0.1,Other epithelial,MIF_CD74_CXCR4,SCP259_N49,0.00287717825581184,TRUE,4
2,30,0.1,Other epithelial,MIF_CD74_CXCR4,SCP259_N50,0.00354734478676752,TRUE,4
2,30,0.1,Other epithelial,MIF_CD74_CXCR4,SCP259_N9,-0.00161036990720776,FALSE,4
1,10,0.2,Other epithelial,MIF_CD74_CXCR4,SCP259_N49,0.000858461963441366,TRUE,1
1,10,0.2,Other epithelial,MIF_CD74_CXCR4,SCP259_N50,0.00943637247508736,TRUE,1
2,10,0.2,Other epithelial,MIF_CD74_CXCR4,SCP259_N49,-0.00228053643816344,FALSE,1
2,10,0.2,Other epithelial,MIF_CD74_CXCR4,SCP259_N50,-0.000940203376252086,FALSE,1
1,20,0.2,Other epithelial,MIF_CD74_CXCR4,SCP259_N49,0.000858461963441366,TRUE,1
1,20,0.2,Other epithelial,MIF_CD74_CXCR4,SCP259_N50,0.00943637247508736,TRUE,1
2,20,0.2,Other epithelial,MIF_CD74_CXCR4,SCP259_N49,-0.00228053643816344,FALSE,1
2,20,0.2,Other epithelial,MIF_CD74_CXCR4,SCP259_N50,-0.000940203376252086,FALSE,1
1,30,0.2,Other epithelial,MIF_CD74_CXCR4,SCP259_N49,0.000858461963441366,TRUE,1
1,30,0.2,Other epithelial,MIF_CD74_CXCR4,SCP259_N50,0.00943637247508736,TRUE,1
2,30,0.2,Other epithelial,MIF_CD74_CXCR4,SCP259_N49,-0.00228053643816344,FALSE,1
2,30,0.2,Other epithelial,MIF_CD74_CXCR4,SCP259_N50,-0.000940203376252086,FALSE,1
1,10,0.05,T/NK,MIF_CD74_CXCR4,SCP259_N106,0.001887977579949,TRUE,6
1,10,0.05,T/NK,MIF_CD74_CXCR4,SCP259_N111,0.001887977579949,TRUE,6
1,10,0.05,T/NK,MIF_CD74_CXCR4,SCP259_N44,1.12448526511282e-05,TRUE,6
1,10,0.05,T/NK,MIF_CD74_CXCR4,SCP259_N49,1.12448526511282e-05,TRUE,6
1,10,0.05,T/NK,MIF_CD74_CXCR4,SCP259_N50,0.00148042316262616,TRUE,6
1,10,0.05,T/NK,MIF_CD74_CXCR4,SCP259_N52,0.001887977579949,TRUE,6
1,10,0.05,T/NK,MIF_CD74_CXCR4,SCP259_N9,1.12448526511282e-05,TRUE,6
2,10,0.05,T/NK,MIF_CD74_CXCR4,SCP259_N106,0.00199060350611367,TRUE,4
2,10,0.05,T/NK,MIF_CD74_CXCR4,SCP259_N44,-0.000808105651743954,FALSE,4
2,10,0.05,T/NK,MIF_CD74_CXCR4,SCP259_N49,0.00168809247019279,TRUE,4
2,10,0.05,T/NK,MIF_CD74_CXCR4,SCP259_N50,0.00199060350611367,TRUE,4
2,10,0.05,T/NK,MIF_CD74_CXCR4,SCP259_N9,-0.000808105651743954,FALSE,4
1,20,0.05,T/NK,MIF_CD74_CXCR4,SCP259_N106,0.00335715588992403,TRUE,5
1,20,0.05,T/NK,MIF_CD74_CXCR4,SCP259_N111,0.00335715588992403,TRUE,5
1,20,0.05,T/NK,MIF_CD74_CXCR4,SCP259_N44,0.000418799269973961,TRUE,5
1,20,0.05,T/NK,MIF_CD74_CXCR4,SCP259_N49,0.000418799269973961,TRUE,5
1,20,0.05,T/NK,MIF_CD74_CXCR4,SCP259_N50,0.00335715588992403,TRUE,5
1,20,0.05,T/NK,MIF_CD74_CXCR4,SCP259_N9,0.000418799269973961,TRUE,5
2,20,0.05,T/NK,MIF_CD74_CXCR4,SCP259_N106,0.00199060350611367,TRUE,4
2,20,0.05,T/NK,MIF_CD74_CXCR4,SCP259_N44,-0.000808105651743954,FALSE,4
2,20,0.05,T/NK,MIF_CD74_CXCR4,SCP259_N49,0.00168809247019279,TRUE,4
2,20,0.05,T/NK,MIF_CD74_CXCR4,SCP259_N50,0.00199060350611367,TRUE,4
2,20,0.05,T/NK,MIF_CD74_CXCR4,SCP259_N9,-0.000808105651743954,FALSE,4
1,30,0.05,T/NK,MIF_CD74_CXCR4,SCP259_N106,0.00335715588992403,TRUE,5
1,30,0.05,T/NK,MIF_CD74_CXCR4,SCP259_N111,0.00335715588992403,TRUE,5
1,30,0.05,T/NK,MIF_CD74_CXCR4,SCP259_N44,0.000418799269973961,TRUE,5
1,30,0.05,T/NK,MIF_CD74_CXCR4,SCP259_N49,0.000418799269973961,TRUE,5
1,30,0.05,T/NK,MIF_CD74_CXCR4,SCP259_N50,0.00335715588992403,TRUE,5
1,30,0.05,T/NK,MIF_CD74_CXCR4,SCP259_N9,0.000418799269973961,TRUE,5
2,30,0.05,T/NK,MIF_CD74_CXCR4,SCP259_N106,0.00199060350611367,TRUE,4
2,30,0.05,T/NK,MIF_CD74_CXCR4,SCP259_N44,-0.000808105651743954,FALSE,4
2,30,0.05,T/NK,MIF_CD74_CXCR4,SCP259_N49,0.00168809247019279,TRUE,4
2,30,0.05,T/NK,MIF_CD74_CXCR4,SCP259_N50,0.00199060350611367,TRUE,4
2,30,0.05,T/NK,MIF_CD74_CXCR4,SCP259_N9,-0.000808105651743954,FALSE,4
1,10,0.1,T/NK,MIF_CD74_CXCR4,SCP259_N44,0.00335715588992403,TRUE,3
1,10,0.1,T/NK,MIF_CD74_CXCR4,SCP259_N49,0.00335715588992403,TRUE,3
1,10,0.1,T/NK,MIF_CD74_CXCR4,SCP259_N50,0.00381349715999258,TRUE,3
1,10,0.1,T/NK,MIF_CD74_CXCR4,SCP259_N9,0.00381349715999258,TRUE,3
2,10,0.1,T/NK,MIF_CD74_CXCR4,SCP259_N106,0.00199060350611367,TRUE,4
2,10,0.1,T/NK,MIF_CD74_CXCR4,SCP259_N44,-0.000808105651743954,FALSE,4
2,10,0.1,T/NK,MIF_CD74_CXCR4,SCP259_N49,0.00168809247019279,TRUE,4
2,10,0.1,T/NK,MIF_CD74_CXCR4,SCP259_N50,0.00199060350611367,TRUE,4
2,10,0.1,T/NK,MIF_CD74_CXCR4,SCP259_N9,-0.000808105651743954,FALSE,4
1,20,0.1,T/NK,MIF_CD74_CXCR4,SCP259_N44,0.00335715588992403,TRUE,3
1,20,0.1,T/NK,MIF_CD74_CXCR4,SCP259_N49,0.00335715588992403,TRUE,3
1,20,0.1,T/NK,MIF_CD74_CXCR4,SCP259_N50,0.00381349715999258,TRUE,3
1,20,0.1,T/NK,MIF_CD74_CXCR4,SCP259_N9,0.00381349715999258,TRUE,3
2,20,0.1,T/NK,MIF_CD74_CXCR4,SCP259_N106,0.00199060350611367,TRUE,4
2,20,0.1,T/NK,MIF_CD74_CXCR4,SCP259_N44,-0.000808105651743954,FALSE,4
2,20,0.1,T/NK,MIF_CD74_CXCR4,SCP259_N49,0.00168809247019279,TRUE,4
2,20,0.1,T/NK,MIF_CD74_CXCR4,SCP259_N50,0.00199060350611367,TRUE,4
2,20,0.1,T/NK,MIF_CD74_CXCR4,SCP259_N9,-0.000808105651743954,FALSE,4
1,30,0.1,T/NK,MIF_CD74_CXCR4,SCP259_N44,0.00335715588992403,TRUE,3
1,30,0.1,T/NK,MIF_CD74_CXCR4,SCP259_N49,0.00335715588992403,TRUE,3
1,30,0.1,T/NK,MIF_CD74_CXCR4,SCP259_N50,0.00381349715999258,TRUE,3
1,30,0.1,T/NK,MIF_CD74_CXCR4,SCP259_N9,0.00381349715999258,TRUE,3
2,30,0.1,T/NK,MIF_CD74_CXCR4,SCP259_N106,0.00199060350611367,TRUE,4
2,30,0.1,T/NK,MIF_CD74_CXCR4,SCP259_N44,-0.000808105651743954,FALSE,4
2,30,0.1,T/NK,MIF_CD74_CXCR4,SCP259_N49,0.00168809247019279,TRUE,4
2,30,0.1,T/NK,MIF_CD74_CXCR4,SCP259_N50,0.00199060350611367,TRUE,4
2,30,0.1,T/NK,MIF_CD74_CXCR4,SCP259_N9,-0.000808105651743954,FALSE,4
1,10,0.2,T/NK,MIF_CD74_CXCR4,SCP259_N49,,,0
2,10,0.2,T/NK,MIF_CD74_CXCR4,SCP259_N49,,,0
1,20,0.2,T/NK,MIF_CD74_CXCR4,SCP259_N49,,,0
2,20,0.2,T/NK,MIF_CD74_CXCR4,SCP259_N49,,,0
1,30,0.2,T/NK,MIF_CD74_CXCR4,SCP259_N49,,,0
2,30,0.2,T/NK,MIF_CD74_CXCR4,SCP259_N49,,,0
1,10,0.05,Endothelial,MIF_CD74_FAMILY,SCP259_N106,0.0105174238160977,TRUE,11
1,10,0.05,Endothelial,MIF_CD74_FAMILY,SCP259_N111,0.0104781329000592,TRUE,11
1,10,0.05,Endothelial,MIF_CD74_FAMILY,SCP259_N23,0.0104781329000592,TRUE,11
1,10,0.05,Endothelial,MIF_CD74_FAMILY,SCP259_N24,0.0104781329000592,TRUE,11
1,10,0.05,Endothelial,MIF_CD74_FAMILY,SCP259_N44,0.0104781329000592,TRUE,11
1,10,0.05,Endothelial,MIF_CD74_FAMILY,SCP259_N49,0.0105174238160977,TRUE,11
1,10,0.05,Endothelial,MIF_CD74_FAMILY,SCP259_N50,0.0105174238160977,TRUE,11
1,10,0.05,Endothelial,MIF_CD74_FAMILY,SCP259_N52,0.0105174238160977,TRUE,11
1,10,0.05,Endothelial,MIF_CD74_FAMILY,SCP259_N539,0.0104781329000592,TRUE,11
1,10,0.05,Endothelial,MIF_CD74_FAMILY,SCP259_N58,0.0105174238160977,TRUE,11
1,10,0.05,Endothelial,MIF_CD74_FAMILY,SCP259_N661,0.0104781329000592,TRUE,11
1,10,0.05,Endothelial,MIF_CD74_FAMILY,SCP259_N9,0.0105174238160977,TRUE,11
2,10,0.05,Endothelial,MIF_CD74_FAMILY,SCP259_N106,0.0153629511129482,TRUE,10
2,10,0.05,Endothelial,MIF_CD74_FAMILY,SCP259_N111,0.0148963956324781,TRUE,10
2,10,0.05,Endothelial,MIF_CD74_FAMILY,SCP259_N23,0.0148963956324781,TRUE,10
2,10,0.05,Endothelial,MIF_CD74_FAMILY,SCP259_N24,0.0148963956324781,TRUE,10
2,10,0.05,Endothelial,MIF_CD74_FAMILY,SCP259_N44,0.0153629511129482,TRUE,10
2,10,0.05,Endothelial,MIF_CD74_FAMILY,SCP259_N49,0.0153629511129482,TRUE,10
2,10,0.05,Endothelial,MIF_CD74_FAMILY,SCP259_N50,0.0153629511129482,TRUE,10
2,10,0.05,Endothelial,MIF_CD74_FAMILY,SCP259_N539,0.0149129916103889,TRUE,10
2,10,0.05,Endothelial,MIF_CD74_FAMILY,SCP259_N58,0.0153629511129482,TRUE,10
2,10,0.05,Endothelial,MIF_CD74_FAMILY,SCP259_N661,0.0148963956324781,TRUE,10
2,10,0.05,Endothelial,MIF_CD74_FAMILY,SCP259_N9,0.0148963956324781,TRUE,10
1,20,0.05,Endothelial,MIF_CD74_FAMILY,SCP259_N106,0.0105274285976414,TRUE,10
1,20,0.05,Endothelial,MIF_CD74_FAMILY,SCP259_N111,0.0104977783580785,TRUE,10
1,20,0.05,Endothelial,MIF_CD74_FAMILY,SCP259_N23,0.0104977783580785,TRUE,10
1,20,0.05,Endothelial,MIF_CD74_FAMILY,SCP259_N24,0.0104977783580785,TRUE,10
1,20,0.05,Endothelial,MIF_CD74_FAMILY,SCP259_N44,0.0104977783580785,TRUE,10
1,20,0.05,Endothelial,MIF_CD74_FAMILY,SCP259_N49,0.0105274285976414,TRUE,10
1,20,0.05,Endothelial,MIF_CD74_FAMILY,SCP259_N50,0.0105274285976414,TRUE,10
1,20,0.05,Endothelial,MIF_CD74_FAMILY,SCP259_N539,0.0104977783580785,TRUE,10
1,20,0.05,Endothelial,MIF_CD74_FAMILY,SCP259_N58,0.0105274285976414,TRUE,10
1,20,0.05,Endothelial,MIF_CD74_FAMILY,SCP259_N661,0.0105077831396221,TRUE,10
1,20,0.05,Endothelial,MIF_CD74_FAMILY,SCP259_N9,0.0105274285976414,TRUE,10
2,20,0.05,Endothelial,MIF_CD74_FAMILY,SCP259_N106,0.0153629511129482,TRUE,10
2,20,0.05,Endothelial,MIF_CD74_FAMILY,SCP259_N111,0.0148963956324781,TRUE,10
2,20,0.05,Endothelial,MIF_CD74_FAMILY,SCP259_N23,0.0148963956324781,TRUE,10
2,20,0.05,Endothelial,MIF_CD74_FAMILY,SCP259_N24,0.0148963956324781,TRUE,10
2,20,0.05,Endothelial,MIF_CD74_FAMILY,SCP259_N44,0.0153629511129482,TRUE,10
2,20,0.05,Endothelial,MIF_CD74_FAMILY,SCP259_N49,0.0153629511129482,TRUE,10
2,20,0.05,Endothelial,MIF_CD74_FAMILY,SCP259_N50,0.0153629511129482,TRUE,10
2,20,0.05,Endothelial,MIF_CD74_FAMILY,SCP259_N539,0.0149129916103889,TRUE,10
2,20,0.05,Endothelial,MIF_CD74_FAMILY,SCP259_N58,0.0153629511129482,TRUE,10
2,20,0.05,Endothelial,MIF_CD74_FAMILY,SCP259_N661,0.0148963956324781,TRUE,10
2,20,0.05,Endothelial,MIF_CD74_FAMILY,SCP259_N9,0.0148963956324781,TRUE,10
1,30,0.05,Endothelial,MIF_CD74_FAMILY,SCP259_N106,0.0105274285976414,TRUE,10
1,30,0.05,Endothelial,MIF_CD74_FAMILY,SCP259_N111,0.0104977783580785,TRUE,10
1,30,0.05,Endothelial,MIF_CD74_FAMILY,SCP259_N23,0.0104977783580785,TRUE,10
1,30,0.05,Endothelial,MIF_CD74_FAMILY,SCP259_N24,0.0104977783580785,TRUE,10
1,30,0.05,Endothelial,MIF_CD74_FAMILY,SCP259_N44,0.0104977783580785,TRUE,10
1,30,0.05,Endothelial,MIF_CD74_FAMILY,SCP259_N49,0.0105274285976414,TRUE,10
1,30,0.05,Endothelial,MIF_CD74_FAMILY,SCP259_N50,0.0105274285976414,TRUE,10
1,30,0.05,Endothelial,MIF_CD74_FAMILY,SCP259_N539,0.0104977783580785,TRUE,10
1,30,0.05,Endothelial,MIF_CD74_FAMILY,SCP259_N58,0.0105274285976414,TRUE,10
1,30,0.05,Endothelial,MIF_CD74_FAMILY,SCP259_N661,0.0105077831396221,TRUE,10
1,30,0.05,Endothelial,MIF_CD74_FAMILY,SCP259_N9,0.0105274285976414,TRUE,10
2,30,0.05,Endothelial,MIF_CD74_FAMILY,SCP259_N106,0.015379547090859,TRUE,9
2,30,0.05,Endothelial,MIF_CD74_FAMILY,SCP259_N111,0.0144464361299188,TRUE,9
2,30,0.05,Endothelial,MIF_CD74_FAMILY,SCP259_N23,0.0144464361299188,TRUE,9
2,30,0.05,Endothelial,MIF_CD74_FAMILY,SCP259_N24,0.0144464361299188,TRUE,9
2,30,0.05,Endothelial,MIF_CD74_FAMILY,SCP259_N44,0.015379547090859,TRUE,9
2,30,0.05,Endothelial,MIF_CD74_FAMILY,SCP259_N49,0.015379547090859,TRUE,9
2,30,0.05,Endothelial,MIF_CD74_FAMILY,SCP259_N50,0.015379547090859,TRUE,9
2,30,0.05,Endothelial,MIF_CD74_FAMILY,SCP259_N58,0.015379547090859,TRUE,9
2,30,0.05,Endothelial,MIF_CD74_FAMILY,SCP259_N661,0.0144464361299188,TRUE,9
2,30,0.05,Endothelial,MIF_CD74_FAMILY,SCP259_N9,0.0144464361299188,TRUE,9
1,10,0.1,Endothelial,MIF_CD74_FAMILY,SCP259_N106,0.0105174238160977,TRUE,11
1,10,0.1,Endothelial,MIF_CD74_FAMILY,SCP259_N111,0.0104781329000592,TRUE,11
1,10,0.1,Endothelial,MIF_CD74_FAMILY,SCP259_N23,0.0104781329000592,TRUE,11
1,10,0.1,Endothelial,MIF_CD74_FAMILY,SCP259_N24,0.0104781329000592,TRUE,11
1,10,0.1,Endothelial,MIF_CD74_FAMILY,SCP259_N44,0.0104781329000592,TRUE,11
1,10,0.1,Endothelial,MIF_CD74_FAMILY,SCP259_N49,0.0105174238160977,TRUE,11
1,10,0.1,Endothelial,MIF_CD74_FAMILY,SCP259_N50,0.0105174238160977,TRUE,11
1,10,0.1,Endothelial,MIF_CD74_FAMILY,SCP259_N52,0.0105174238160977,TRUE,11
1,10,0.1,Endothelial,MIF_CD74_FAMILY,SCP259_N539,0.0104781329000592,TRUE,11
1,10,0.1,Endothelial,MIF_CD74_FAMILY,SCP259_N58,0.0105174238160977,TRUE,11
1,10,0.1,Endothelial,MIF_CD74_FAMILY,SCP259_N661,0.0104781329000592,TRUE,11
1,10,0.1,Endothelial,MIF_CD74_FAMILY,SCP259_N9,0.0105174238160977,TRUE,11
2,10,0.1,Endothelial,MIF_CD74_FAMILY,SCP259_N106,0.0153629511129482,TRUE,10
2,10,0.1,Endothelial,MIF_CD74_FAMILY,SCP259_N111,0.0148963956324781,TRUE,10
2,10,0.1,Endothelial,MIF_CD74_FAMILY,SCP259_N23,0.0148963956324781,TRUE,10
2,10,0.1,Endothelial,MIF_CD74_FAMILY,SCP259_N24,0.0148963956324781,TRUE,10
2,10,0.1,Endothelial,MIF_CD74_FAMILY,SCP259_N44,0.0153629511129482,TRUE,10
2,10,0.1,Endothelial,MIF_CD74_FAMILY,SCP259_N49,0.0153629511129482,TRUE,10
2,10,0.1,Endothelial,MIF_CD74_FAMILY,SCP259_N50,0.0153629511129482,TRUE,10
2,10,0.1,Endothelial,MIF_CD74_FAMILY,SCP259_N539,0.0149129916103889,TRUE,10
2,10,0.1,Endothelial,MIF_CD74_FAMILY,SCP259_N58,0.0153629511129482,TRUE,10
2,10,0.1,Endothelial,MIF_CD74_FAMILY,SCP259_N661,0.0148963956324781,TRUE,10
2,10,0.1,Endothelial,MIF_CD74_FAMILY,SCP259_N9,0.0148963956324781,TRUE,10
1,20,0.1,Endothelial,MIF_CD74_FAMILY,SCP259_N106,0.0108436225436132,TRUE,10
1,20,0.1,Endothelial,MIF_CD74_FAMILY,SCP259_N111,0.0104977783580785,TRUE,10
1,20,0.1,Endothelial,MIF_CD74_FAMILY,SCP259_N23,0.0104977783580785,TRUE,10
1,20,0.1,Endothelial,MIF_CD74_FAMILY,SCP259_N24,0.0104977783580785,TRUE,10
1,20,0.1,Endothelial,MIF_CD74_FAMILY,SCP259_N44,0.0104977783580785,TRUE,10
1,20,0.1,Endothelial,MIF_CD74_FAMILY,SCP259_N49,0.0108436225436132,TRUE,10
1,20,0.1,Endothelial,MIF_CD74_FAMILY,SCP259_N50,0.0108436225436132,TRUE,10
1,20,0.1,Endothelial,MIF_CD74_FAMILY,SCP259_N539,0.0104977783580785,TRUE,10
1,20,0.1,Endothelial,MIF_CD74_FAMILY,SCP259_N58,0.0108436225436132,TRUE,10
1,20,0.1,Endothelial,MIF_CD74_FAMILY,SCP259_N661,0.010823977085594,TRUE,10
1,20,0.1,Endothelial,MIF_CD74_FAMILY,SCP259_N9,0.0108436225436132,TRUE,10
2,20,0.1,Endothelial,MIF_CD74_FAMILY,SCP259_N106,0.0153629511129482,TRUE,10
2,20,0.1,Endothelial,MIF_CD74_FAMILY,SCP259_N111,0.0148963956324781,TRUE,10
2,20,0.1,Endothelial,MIF_CD74_FAMILY,SCP259_N23,0.0148963956324781,TRUE,10
2,20,0.1,Endothelial,MIF_CD74_FAMILY,SCP259_N24,0.0148963956324781,TRUE,10
2,20,0.1,Endothelial,MIF_CD74_FAMILY,SCP259_N44,0.0153629511129482,TRUE,10
2,20,0.1,Endothelial,MIF_CD74_FAMILY,SCP259_N49,0.0153629511129482,TRUE,10
2,20,0.1,Endothelial,MIF_CD74_FAMILY,SCP259_N50,0.0153629511129482,TRUE,10
2,20,0.1,Endothelial,MIF_CD74_FAMILY,SCP259_N539,0.0149129916103889,TRUE,10
2,20,0.1,Endothelial,MIF_CD74_FAMILY,SCP259_N58,0.0153629511129482,TRUE,10
2,20,0.1,Endothelial,MIF_CD74_FAMILY,SCP259_N661,0.0148963956324781,TRUE,10
2,20,0.1,Endothelial,MIF_CD74_FAMILY,SCP259_N9,0.0148963956324781,TRUE,10
1,30,0.1,Endothelial,MIF_CD74_FAMILY,SCP259_N106,0.0108436225436132,TRUE,10
1,30,0.1,Endothelial,MIF_CD74_FAMILY,SCP259_N111,0.0104977783580785,TRUE,10
1,30,0.1,Endothelial,MIF_CD74_FAMILY,SCP259_N23,0.0104977783580785,TRUE,10
1,30,0.1,Endothelial,MIF_CD74_FAMILY,SCP259_N24,0.0104977783580785,TRUE,10
1,30,0.1,Endothelial,MIF_CD74_FAMILY,SCP259_N44,0.0104977783580785,TRUE,10
1,30,0.1,Endothelial,MIF_CD74_FAMILY,SCP259_N49,0.0108436225436132,TRUE,10
1,30,0.1,Endothelial,MIF_CD74_FAMILY,SCP259_N50,0.0108436225436132,TRUE,10
1,30,0.1,Endothelial,MIF_CD74_FAMILY,SCP259_N539,0.0104977783580785,TRUE,10
1,30,0.1,Endothelial,MIF_CD74_FAMILY,SCP259_N58,0.0108436225436132,TRUE,10
1,30,0.1,Endothelial,MIF_CD74_FAMILY,SCP259_N661,0.010823977085594,TRUE,10
1,30,0.1,Endothelial,MIF_CD74_FAMILY,SCP259_N9,0.0108436225436132,TRUE,10
2,30,0.1,Endothelial,MIF_CD74_FAMILY,SCP259_N106,0.015379547090859,TRUE,9
2,30,0.1,Endothelial,MIF_CD74_FAMILY,SCP259_N111,0.0144464361299188,TRUE,9
2,30,0.1,Endothelial,MIF_CD74_FAMILY,SCP259_N23,0.0144464361299188,TRUE,9
2,30,0.1,Endothelial,MIF_CD74_FAMILY,SCP259_N24,0.0144464361299188,TRUE,9
2,30,0.1,Endothelial,MIF_CD74_FAMILY,SCP259_N44,0.015379547090859,TRUE,9
2,30,0.1,Endothelial,MIF_CD74_FAMILY,SCP259_N49,0.015379547090859,TRUE,9
2,30,0.1,Endothelial,MIF_CD74_FAMILY,SCP259_N50,0.015379547090859,TRUE,9
2,30,0.1,Endothelial,MIF_CD74_FAMILY,SCP259_N58,0.015379547090859,TRUE,9
2,30,0.1,Endothelial,MIF_CD74_FAMILY,SCP259_N661,0.0144464361299188,TRUE,9
2,30,0.1,Endothelial,MIF_CD74_FAMILY,SCP259_N9,0.0144464361299188,TRUE,9
1,10,0.2,Endothelial,MIF_CD74_FAMILY,SCP259_N106,0.00975933630332016,TRUE,10
1,10,0.2,Endothelial,MIF_CD74_FAMILY,SCP259_N111,0.00894749985996656,TRUE,10
1,10,0.2,Endothelial,MIF_CD74_FAMILY,SCP259_N23,0.00894749985996656,TRUE,10
1,10,0.2,Endothelial,MIF_CD74_FAMILY,SCP259_N24,0.00894749985996656,TRUE,10
1,10,0.2,Endothelial,MIF_CD74_FAMILY,SCP259_N44,0.00975933630332016,TRUE,10
1,10,0.2,Endothelial,MIF_CD74_FAMILY,SCP259_N49,0.00975933630332016,TRUE,10
1,10,0.2,Endothelial,MIF_CD74_FAMILY,SCP259_N50,0.00975933630332016,TRUE,10
1,10,0.2,Endothelial,MIF_CD74_FAMILY,SCP259_N52,0.00970558737274412,TRUE,10
1,10,0.2,Endothelial,MIF_CD74_FAMILY,SCP259_N539,0.00894749985996656,TRUE,10
1,10,0.2,Endothelial,MIF_CD74_FAMILY,SCP259_N661,0.00894749985996656,TRUE,10
1,10,0.2,Endothelial,MIF_CD74_FAMILY,SCP259_N9,0.00975933630332016,TRUE,10
2,10,0.2,Endothelial,MIF_CD74_FAMILY,SCP259_N106,0.0153463551350374,TRUE,9
2,10,0.2,Endothelial,MIF_CD74_FAMILY,SCP259_N111,0.0126658185685828,TRUE,9
2,10,0.2,Endothelial,MIF_CD74_FAMILY,SCP259_N23,0.0126658185685828,TRUE,9
2,10,0.2,Endothelial,MIF_CD74_FAMILY,SCP259_N24,0.0126658185685828,TRUE,9
2,10,0.2,Endothelial,MIF_CD74_FAMILY,SCP259_N44,0.0153463551350374,TRUE,9
2,10,0.2,Endothelial,MIF_CD74_FAMILY,SCP259_N49,0.0153463551350374,TRUE,9
2,10,0.2,Endothelial,MIF_CD74_FAMILY,SCP259_N50,0.0153463551350374,TRUE,9
2,10,0.2,Endothelial,MIF_CD74_FAMILY,SCP259_N539,0.0126658185685828,TRUE,9
2,10,0.2,Endothelial,MIF_CD74_FAMILY,SCP259_N661,0.0126658185685828,TRUE,9
2,10,0.2,Endothelial,MIF_CD74_FAMILY,SCP259_N9,0.0153463551350374,TRUE,9
1,20,0.2,Endothelial,MIF_CD74_FAMILY,SCP259_N106,0.0105174238160977,TRUE,9
1,20,0.2,Endothelial,MIF_CD74_FAMILY,SCP259_N111,0.00889375092939053,TRUE,9
1,20,0.2,Endothelial,MIF_CD74_FAMILY,SCP259_N23,0.00889375092939053,TRUE,9
1,20,0.2,Endothelial,MIF_CD74_FAMILY,SCP259_N24,0.00889375092939053,TRUE,9
1,20,0.2,Endothelial,MIF_CD74_FAMILY,SCP259_N44,0.0105174238160977,TRUE,9
1,20,0.2,Endothelial,MIF_CD74_FAMILY,SCP259_N49,0.0105174238160977,TRUE,9
1,20,0.2,Endothelial,MIF_CD74_FAMILY,SCP259_N50,0.0105174238160977,TRUE,9
1,20,0.2,Endothelial,MIF_CD74_FAMILY,SCP259_N539,0.00889375092939053,TRUE,9
1,20,0.2,Endothelial,MIF_CD74_FAMILY,SCP259_N661,0.00889375092939053,TRUE,9
1,20,0.2,Endothelial,MIF_CD74_FAMILY,SCP259_N9,0.0105174238160977,TRUE,9
2,20,0.2,Endothelial,MIF_CD74_FAMILY,SCP259_N106,0.0153463551350374,TRUE,9
2,20,0.2,Endothelial,MIF_CD74_FAMILY,SCP259_N111,0.0126658185685828,TRUE,9
2,20,0.2,Endothelial,MIF_CD74_FAMILY,SCP259_N23,0.0126658185685828,TRUE,9
2,20,0.2,Endothelial,MIF_CD74_FAMILY,SCP259_N24,0.0126658185685828,TRUE,9
2,20,0.2,Endothelial,MIF_CD74_FAMILY,SCP259_N44,0.0153463551350374,TRUE,9
2,20,0.2,Endothelial,MIF_CD74_FAMILY,SCP259_N49,0.0153463551350374,TRUE,9
2,20,0.2,Endothelial,MIF_CD74_FAMILY,SCP259_N50,0.0153463551350374,TRUE,9
2,20,0.2,Endothelial,MIF_CD74_FAMILY,SCP259_N539,0.0126658185685828,TRUE,9
2,20,0.2,Endothelial,MIF_CD74_FAMILY,SCP259_N661,0.0126658185685828,TRUE,9
2,20,0.2,Endothelial,MIF_CD74_FAMILY,SCP259_N9,0.0153463551350374,TRUE,9
1,30,0.2,Endothelial,MIF_CD74_FAMILY,SCP259_N106,0.0105174238160977,TRUE,9
1,30,0.2,Endothelial,MIF_CD74_FAMILY,SCP259_N111,0.00889375092939053,TRUE,9
1,30,0.2,Endothelial,MIF_CD74_FAMILY,SCP259_N23,0.00889375092939053,TRUE,9
1,30,0.2,Endothelial,MIF_CD74_FAMILY,SCP259_N24,0.00889375092939053,TRUE,9
1,30,0.2,Endothelial,MIF_CD74_FAMILY,SCP259_N44,0.0105174238160977,TRUE,9
1,30,0.2,Endothelial,MIF_CD74_FAMILY,SCP259_N49,0.0105174238160977,TRUE,9
1,30,0.2,Endothelial,MIF_CD74_FAMILY,SCP259_N50,0.0105174238160977,TRUE,9
1,30,0.2,Endothelial,MIF_CD74_FAMILY,SCP259_N539,0.00889375092939053,TRUE,9
1,30,0.2,Endothelial,MIF_CD74_FAMILY,SCP259_N661,0.00889375092939053,TRUE,9
1,30,0.2,Endothelial,MIF_CD74_FAMILY,SCP259_N9,0.0105174238160977,TRUE,9
2,30,0.2,Endothelial,MIF_CD74_FAMILY,SCP259_N106,0.0140226828297209,TRUE,8
2,30,0.2,Endothelial,MIF_CD74_FAMILY,SCP259_N111,0.00959866748049316,TRUE,8
2,30,0.2,Endothelial,MIF_CD74_FAMILY,SCP259_N23,0.00959866748049316,TRUE,8
2,30,0.2,Endothelial,MIF_CD74_FAMILY,SCP259_N24,0.00959866748049316,TRUE,8
2,30,0.2,Endothelial,MIF_CD74_FAMILY,SCP259_N44,0.0140226828297209,TRUE,8
2,30,0.2,Endothelial,MIF_CD74_FAMILY,SCP259_N49,0.0140226828297209,TRUE,8
2,30,0.2,Endothelial,MIF_CD74_FAMILY,SCP259_N50,0.0140226828297209,TRUE,8
2,30,0.2,Endothelial,MIF_CD74_FAMILY,SCP259_N661,0.00959866748049316,TRUE,8
2,30,0.2,Endothelial,MIF_CD74_FAMILY,SCP259_N9,0.0109555317416313,TRUE,8
1,10,0.05,Fibroblast,MIF_CD74_FAMILY,SCP259_N106,0.0110825333317635,TRUE,11
1,10,0.05,Fibroblast,MIF_CD74_FAMILY,SCP259_N111,0.0100806734757703,TRUE,11
1,10,0.05,Fibroblast,MIF_CD74_FAMILY,SCP259_N23,0.0100806734757703,TRUE,11
1,10,0.05,Fibroblast,MIF_CD74_FAMILY,SCP259_N24,0.0100806734757703,TRUE,11
1,10,0.05,Fibroblast,MIF_CD74_FAMILY,SCP259_N44,0.0110825333317635,TRUE,11
1,10,0.05,Fibroblast,MIF_CD74_FAMILY,SCP259_N49,0.0110825333317635,TRUE,11
1,10,0.05,Fibroblast,MIF_CD74_FAMILY,SCP259_N50,0.0110825333317635,TRUE,11
1,10,0.05,Fibroblast,MIF_CD74_FAMILY,SCP259_N52,0.0110825333317635,TRUE,11
1,10,0.05,Fibroblast,MIF_CD74_FAMILY,SCP259_N539,0.0100806734757703,TRUE,11
1,10,0.05,Fibroblast,MIF_CD74_FAMILY,SCP259_N58,0.0110825333317635,TRUE,11
1,10,0.05,Fibroblast,MIF_CD74_FAMILY,SCP259_N661,0.0100806734757703,TRUE,11
1,10,0.05,Fibroblast,MIF_CD74_FAMILY,SCP259_N9,0.0100806734757703,TRUE,11
2,10,0.05,Fibroblast,MIF_CD74_FAMILY,SCP259_N106,0.0164134133172008,TRUE,10
2,10,0.05,Fibroblast,MIF_CD74_FAMILY,SCP259_N111,0.0141343459170923,TRUE,10
2,10,0.05,Fibroblast,MIF_CD74_FAMILY,SCP259_N23,0.0141343459170923,TRUE,10
2,10,0.05,Fibroblast,MIF_CD74_FAMILY,SCP259_N24,0.0141343459170923,TRUE,10
2,10,0.05,Fibroblast,MIF_CD74_FAMILY,SCP259_N44,0.0164134133172008,TRUE,10
2,10,0.05,Fibroblast,MIF_CD74_FAMILY,SCP259_N49,0.0164134133172008,TRUE,10
2,10,0.05,Fibroblast,MIF_CD74_FAMILY,SCP259_N50,0.0164134133172008,TRUE,10
2,10,0.05,Fibroblast,MIF_CD74_FAMILY,SCP259_N539,0.0141343459170923,TRUE,10
2,10,0.05,Fibroblast,MIF_CD74_FAMILY,SCP259_N58,0.0164134133172008,TRUE,10
2,10,0.05,Fibroblast,MIF_CD74_FAMILY,SCP259_N661,0.0143472889848541,TRUE,10
2,10,0.05,Fibroblast,MIF_CD74_FAMILY,SCP259_N9,0.0141343459170923,TRUE,10
1,20,0.05,Fibroblast,MIF_CD74_FAMILY,SCP259_N106,0.0111762868372338,TRUE,10
1,20,0.05,Fibroblast,MIF_CD74_FAMILY,SCP259_N111,0.0105816034037669,TRUE,10
1,20,0.05,Fibroblast,MIF_CD74_FAMILY,SCP259_N23,0.0105816034037669,TRUE,10
1,20,0.05,Fibroblast,MIF_CD74_FAMILY,SCP259_N24,0.0105816034037669,TRUE,10
1,20,0.05,Fibroblast,MIF_CD74_FAMILY,SCP259_N44,0.0111762868372338,TRUE,10
1,20,0.05,Fibroblast,MIF_CD74_FAMILY,SCP259_N49,0.0111762868372338,TRUE,10
1,20,0.05,Fibroblast,MIF_CD74_FAMILY,SCP259_N50,0.0111762868372338,TRUE,10
1,20,0.05,Fibroblast,MIF_CD74_FAMILY,SCP259_N539,0.0105816034037669,TRUE,10
1,20,0.05,Fibroblast,MIF_CD74_FAMILY,SCP259_N58,0.0111762868372338,TRUE,10
1,20,0.05,Fibroblast,MIF_CD74_FAMILY,SCP259_N661,0.0106753569092372,TRUE,10
1,20,0.05,Fibroblast,MIF_CD74_FAMILY,SCP259_N9,0.0105816034037669,TRUE,10
2,20,0.05,Fibroblast,MIF_CD74_FAMILY,SCP259_N106,0.0164134133172008,TRUE,10
2,20,0.05,Fibroblast,MIF_CD74_FAMILY,SCP259_N111,0.0141343459170923,TRUE,10
2,20,0.05,Fibroblast,MIF_CD74_FAMILY,SCP259_N23,0.0141343459170923,TRUE,10
2,20,0.05,Fibroblast,MIF_CD74_FAMILY,SCP259_N24,0.0141343459170923,TRUE,10
2,20,0.05,Fibroblast,MIF_CD74_FAMILY,SCP259_N44,0.0164134133172008,TRUE,10
2,20,0.05,Fibroblast,MIF_CD74_FAMILY,SCP259_N49,0.0164134133172008,TRUE,10
2,20,0.05,Fibroblast,MIF_CD74_FAMILY,SCP259_N50,0.0164134133172008,TRUE,10
2,20,0.05,Fibroblast,MIF_CD74_FAMILY,SCP259_N539,0.0141343459170923,TRUE,10
2,20,0.05,Fibroblast,MIF_CD74_FAMILY,SCP259_N58,0.0164134133172008,TRUE,10
2,20,0.05,Fibroblast,MIF_CD74_FAMILY,SCP259_N661,0.0143472889848541,TRUE,10
2,20,0.05,Fibroblast,MIF_CD74_FAMILY,SCP259_N9,0.0141343459170923,TRUE,10
1,30,0.05,Fibroblast,MIF_CD74_FAMILY,SCP259_N106,0.0111762868372338,TRUE,10
1,30,0.05,Fibroblast,MIF_CD74_FAMILY,SCP259_N111,0.0105816034037669,TRUE,10
1,30,0.05,Fibroblast,MIF_CD74_FAMILY,SCP259_N23,0.0105816034037669,TRUE,10
1,30,0.05,Fibroblast,MIF_CD74_FAMILY,SCP259_N24,0.0105816034037669,TRUE,10
1,30,0.05,Fibroblast,MIF_CD74_FAMILY,SCP259_N44,0.0111762868372338,TRUE,10
1,30,0.05,Fibroblast,MIF_CD74_FAMILY,SCP259_N49,0.0111762868372338,TRUE,10
1,30,0.05,Fibroblast,MIF_CD74_FAMILY,SCP259_N50,0.0111762868372338,TRUE,10
1,30,0.05,Fibroblast,MIF_CD74_FAMILY,SCP259_N539,0.0105816034037669,TRUE,10
1,30,0.05,Fibroblast,MIF_CD74_FAMILY,SCP259_N58,0.0111762868372338,TRUE,10
1,30,0.05,Fibroblast,MIF_CD74_FAMILY,SCP259_N661,0.0106753569092372,TRUE,10
1,30,0.05,Fibroblast,MIF_CD74_FAMILY,SCP259_N9,0.0105816034037669,TRUE,10
2,30,0.05,Fibroblast,MIF_CD74_FAMILY,SCP259_N106,0.016200470249439,TRUE,9
2,30,0.05,Fibroblast,MIF_CD74_FAMILY,SCP259_N111,0.0120682215847456,TRUE,9
2,30,0.05,Fibroblast,MIF_CD74_FAMILY,SCP259_N23,0.0120682215847456,TRUE,9
2,30,0.05,Fibroblast,MIF_CD74_FAMILY,SCP259_N24,0.0120682215847456,TRUE,9
2,30,0.05,Fibroblast,MIF_CD74_FAMILY,SCP259_N44,0.016200470249439,TRUE,9
2,30,0.05,Fibroblast,MIF_CD74_FAMILY,SCP259_N49,0.016200470249439,TRUE,9
2,30,0.05,Fibroblast,MIF_CD74_FAMILY,SCP259_N50,0.016200470249439,TRUE,9
2,30,0.05,Fibroblast,MIF_CD74_FAMILY,SCP259_N58,0.016200470249439,TRUE,9
2,30,0.05,Fibroblast,MIF_CD74_FAMILY,SCP259_N661,0.0120682215847456,TRUE,9
2,30,0.05,Fibroblast,MIF_CD74_FAMILY,SCP259_N9,0.0120682215847456,TRUE,9
1,10,0.1,Fibroblast,MIF_CD74_FAMILY,SCP259_N106,0.0110825333317635,TRUE,11
1,10,0.1,Fibroblast,MIF_CD74_FAMILY,SCP259_N111,0.0100806734757703,TRUE,11
1,10,0.1,Fibroblast,MIF_CD74_FAMILY,SCP259_N23,0.0100806734757703,TRUE,11
1,10,0.1,Fibroblast,MIF_CD74_FAMILY,SCP259_N24,0.0100806734757703,TRUE,11
1,10,0.1,Fibroblast,MIF_CD74_FAMILY,SCP259_N44,0.0110825333317635,TRUE,11
1,10,0.1,Fibroblast,MIF_CD74_FAMILY,SCP259_N49,0.0110825333317635,TRUE,11
1,10,0.1,Fibroblast,MIF_CD74_FAMILY,SCP259_N50,0.0110825333317635,TRUE,11
1,10,0.1,Fibroblast,MIF_CD74_FAMILY,SCP259_N52,0.0110825333317635,TRUE,11
1,10,0.1,Fibroblast,MIF_CD74_FAMILY,SCP259_N539,0.0100806734757703,TRUE,11
1,10,0.1,Fibroblast,MIF_CD74_FAMILY,SCP259_N58,0.0110825333317635,TRUE,11
1,10,0.1,Fibroblast,MIF_CD74_FAMILY,SCP259_N661,0.0100806734757703,TRUE,11
1,10,0.1,Fibroblast,MIF_CD74_FAMILY,SCP259_N9,0.0100806734757703,TRUE,11
2,10,0.1,Fibroblast,MIF_CD74_FAMILY,SCP259_N106,0.0164134133172008,TRUE,10
2,10,0.1,Fibroblast,MIF_CD74_FAMILY,SCP259_N111,0.0141343459170923,TRUE,10
2,10,0.1,Fibroblast,MIF_CD74_FAMILY,SCP259_N23,0.0141343459170923,TRUE,10
2,10,0.1,Fibroblast,MIF_CD74_FAMILY,SCP259_N24,0.0141343459170923,TRUE,10
2,10,0.1,Fibroblast,MIF_CD74_FAMILY,SCP259_N44,0.0164134133172008,TRUE,10
2,10,0.1,Fibroblast,MIF_CD74_FAMILY,SCP259_N49,0.0164134133172008,TRUE,10
2,10,0.1,Fibroblast,MIF_CD74_FAMILY,SCP259_N50,0.0164134133172008,TRUE,10
2,10,0.1,Fibroblast,MIF_CD74_FAMILY,SCP259_N539,0.0141343459170923,TRUE,10
2,10,0.1,Fibroblast,MIF_CD74_FAMILY,SCP259_N58,0.0164134133172008,TRUE,10
2,10,0.1,Fibroblast,MIF_CD74_FAMILY,SCP259_N661,0.0143472889848541,TRUE,10
2,10,0.1,Fibroblast,MIF_CD74_FAMILY,SCP259_N9,0.0141343459170923,TRUE,10
1,20,0.1,Fibroblast,MIF_CD74_FAMILY,SCP259_N106,0.0113164059488359,TRUE,10
1,20,0.1,Fibroblast,MIF_CD74_FAMILY,SCP259_N111,0.0105816034037669,TRUE,10
1,20,0.1,Fibroblast,MIF_CD74_FAMILY,SCP259_N23,0.0105816034037669,TRUE,10
1,20,0.1,Fibroblast,MIF_CD74_FAMILY,SCP259_N24,0.0105816034037669,TRUE,10
1,20,0.1,Fibroblast,MIF_CD74_FAMILY,SCP259_N44,0.0113164059488359,TRUE,10
1,20,0.1,Fibroblast,MIF_CD74_FAMILY,SCP259_N49,0.0113164059488359,TRUE,10
1,20,0.1,Fibroblast,MIF_CD74_FAMILY,SCP259_N50,0.0113164059488359,TRUE,10
1,20,0.1,Fibroblast,MIF_CD74_FAMILY,SCP259_N539,0.0105816034037669,TRUE,10
1,20,0.1,Fibroblast,MIF_CD74_FAMILY,SCP259_N58,0.0113164059488359,TRUE,10
1,20,0.1,Fibroblast,MIF_CD74_FAMILY,SCP259_N661,0.0108154760208393,TRUE,10
1,20,0.1,Fibroblast,MIF_CD74_FAMILY,SCP259_N9,0.0105816034037669,TRUE,10
2,20,0.1,Fibroblast,MIF_CD74_FAMILY,SCP259_N106,0.0164134133172008,TRUE,10
2,20,0.1,Fibroblast,MIF_CD74_FAMILY,SCP259_N111,0.0141343459170923,TRUE,10
2,20,0.1,Fibroblast,MIF_CD74_FAMILY,SCP259_N23,0.0141343459170923,TRUE,10
2,20,0.1,Fibroblast,MIF_CD74_FAMILY,SCP259_N24,0.0141343459170923,TRUE,10
2,20,0.1,Fibroblast,MIF_CD74_FAMILY,SCP259_N44,0.0164134133172008,TRUE,10
2,20,0.1,Fibroblast,MIF_CD74_FAMILY,SCP259_N49,0.0164134133172008,TRUE,10
2,20,0.1,Fibroblast,MIF_CD74_FAMILY,SCP259_N50,0.0164134133172008,TRUE,10
2,20,0.1,Fibroblast,MIF_CD74_FAMILY,SCP259_N539,0.0141343459170923,TRUE,10
2,20,0.1,Fibroblast,MIF_CD74_FAMILY,SCP259_N58,0.0164134133172008,TRUE,10
2,20,0.1,Fibroblast,MIF_CD74_FAMILY,SCP259_N661,0.0143472889848541,TRUE,10
2,20,0.1,Fibroblast,MIF_CD74_FAMILY,SCP259_N9,0.0141343459170923,TRUE,10
1,30,0.1,Fibroblast,MIF_CD74_FAMILY,SCP259_N106,0.0113164059488359,TRUE,10
1,30,0.1,Fibroblast,MIF_CD74_FAMILY,SCP259_N111,0.0105816034037669,TRUE,10
1,30,0.1,Fibroblast,MIF_CD74_FAMILY,SCP259_N23,0.0105816034037669,TRUE,10
1,30,0.1,Fibroblast,MIF_CD74_FAMILY,SCP259_N24,0.0105816034037669,TRUE,10
1,30,0.1,Fibroblast,MIF_CD74_FAMILY,SCP259_N44,0.0113164059488359,TRUE,10
1,30,0.1,Fibroblast,MIF_CD74_FAMILY,SCP259_N49,0.0113164059488359,TRUE,10
1,30,0.1,Fibroblast,MIF_CD74_FAMILY,SCP259_N50,0.0113164059488359,TRUE,10
1,30,0.1,Fibroblast,MIF_CD74_FAMILY,SCP259_N539,0.0105816034037669,TRUE,10
1,30,0.1,Fibroblast,MIF_CD74_FAMILY,SCP259_N58,0.0113164059488359,TRUE,10
1,30,0.1,Fibroblast,MIF_CD74_FAMILY,SCP259_N661,0.0108154760208393,TRUE,10
1,30,0.1,Fibroblast,MIF_CD74_FAMILY,SCP259_N9,0.0105816034037669,TRUE,10
2,30,0.1,Fibroblast,MIF_CD74_FAMILY,SCP259_N106,0.016200470249439,TRUE,9
2,30,0.1,Fibroblast,MIF_CD74_FAMILY,SCP259_N111,0.0120682215847456,TRUE,9
2,30,0.1,Fibroblast,MIF_CD74_FAMILY,SCP259_N23,0.0120682215847456,TRUE,9
2,30,0.1,Fibroblast,MIF_CD74_FAMILY,SCP259_N24,0.0120682215847456,TRUE,9
2,30,0.1,Fibroblast,MIF_CD74_FAMILY,SCP259_N44,0.016200470249439,TRUE,9
2,30,0.1,Fibroblast,MIF_CD74_FAMILY,SCP259_N49,0.016200470249439,TRUE,9
2,30,0.1,Fibroblast,MIF_CD74_FAMILY,SCP259_N50,0.016200470249439,TRUE,9
2,30,0.1,Fibroblast,MIF_CD74_FAMILY,SCP259_N58,0.016200470249439,TRUE,9
2,30,0.1,Fibroblast,MIF_CD74_FAMILY,SCP259_N661,0.0120682215847456,TRUE,9
2,30,0.1,Fibroblast,MIF_CD74_FAMILY,SCP259_N9,0.0120682215847456,TRUE,9
1,10,0.2,Fibroblast,MIF_CD74_FAMILY,SCP259_N106,0.0101958076715683,TRUE,10
1,10,0.2,Fibroblast,MIF_CD74_FAMILY,SCP259_N111,0.00886917272029001,TRUE,10
1,10,0.2,Fibroblast,MIF_CD74_FAMILY,SCP259_N23,0.00886917272029001,TRUE,10
1,10,0.2,Fibroblast,MIF_CD74_FAMILY,SCP259_N24,0.00886917272029001,TRUE,10
1,10,0.2,Fibroblast,MIF_CD74_FAMILY,SCP259_N44,0.0101958076715683,TRUE,10
1,10,0.2,Fibroblast,MIF_CD74_FAMILY,SCP259_N49,0.00975589838048522,TRUE,10
1,10,0.2,Fibroblast,MIF_CD74_FAMILY,SCP259_N50,0.0101958076715683,TRUE,10
1,10,0.2,Fibroblast,MIF_CD74_FAMILY,SCP259_N52,0.0101958076715683,TRUE,10
1,10,0.2,Fibroblast,MIF_CD74_FAMILY,SCP259_N539,0.00886917272029001,TRUE,10
1,10,0.2,Fibroblast,MIF_CD74_FAMILY,SCP259_N661,0.00886917272029001,TRUE,10
1,10,0.2,Fibroblast,MIF_CD74_FAMILY,SCP259_N9,0.0101958076715683,TRUE,10
2,10,0.2,Fibroblast,MIF_CD74_FAMILY,SCP259_N106,0.016200470249439,TRUE,9
2,10,0.2,Fibroblast,MIF_CD74_FAMILY,SCP259_N111,0.0159481710933775,TRUE,9
2,10,0.2,Fibroblast,MIF_CD74_FAMILY,SCP259_N23,0.0159481710933775,TRUE,9
2,10,0.2,Fibroblast,MIF_CD74_FAMILY,SCP259_N24,0.0159481710933775,TRUE,9
2,10,0.2,Fibroblast,MIF_CD74_FAMILY,SCP259_N44,0.016200470249439,TRUE,9
2,10,0.2,Fibroblast,MIF_CD74_FAMILY,SCP259_N49,0.016200470249439,TRUE,9
2,10,0.2,Fibroblast,MIF_CD74_FAMILY,SCP259_N50,0.016200470249439,TRUE,9
2,10,0.2,Fibroblast,MIF_CD74_FAMILY,SCP259_N539,0.0159481710933775,TRUE,9
2,10,0.2,Fibroblast,MIF_CD74_FAMILY,SCP259_N661,0.0159481710933775,TRUE,9
2,10,0.2,Fibroblast,MIF_CD74_FAMILY,SCP259_N9,0.016200470249439,TRUE,9
1,20,0.2,Fibroblast,MIF_CD74_FAMILY,SCP259_N106,0.0110825333317635,TRUE,9
1,20,0.2,Fibroblast,MIF_CD74_FAMILY,SCP259_N111,0.00930908201137308,TRUE,9
1,20,0.2,Fibroblast,MIF_CD74_FAMILY,SCP259_N23,0.00930908201137308,TRUE,9
1,20,0.2,Fibroblast,MIF_CD74_FAMILY,SCP259_N24,0.00930908201137308,TRUE,9
1,20,0.2,Fibroblast,MIF_CD74_FAMILY,SCP259_N44,0.0110825333317635,TRUE,9
1,20,0.2,Fibroblast,MIF_CD74_FAMILY,SCP259_N49,0.0110825333317635,TRUE,9
1,20,0.2,Fibroblast,MIF_CD74_FAMILY,SCP259_N50,0.0110825333317635,TRUE,9
1,20,0.2,Fibroblast,MIF_CD74_FAMILY,SCP259_N539,0.00930908201137308,TRUE,9
1,20,0.2,Fibroblast,MIF_CD74_FAMILY,SCP259_N661,0.00930908201137308,TRUE,9
1,20,0.2,Fibroblast,MIF_CD74_FAMILY,SCP259_N9,0.0110825333317635,TRUE,9
2,20,0.2,Fibroblast,MIF_CD74_FAMILY,SCP259_N106,0.016200470249439,TRUE,9
2,20,0.2,Fibroblast,MIF_CD74_FAMILY,SCP259_N111,0.0159481710933775,TRUE,9
2,20,0.2,Fibroblast,MIF_CD74_FAMILY,SCP259_N23,0.0159481710933775,TRUE,9
2,20,0.2,Fibroblast,MIF_CD74_FAMILY,SCP259_N24,0.0159481710933775,TRUE,9
2,20,0.2,Fibroblast,MIF_CD74_FAMILY,SCP259_N44,0.016200470249439,TRUE,9
2,20,0.2,Fibroblast,MIF_CD74_FAMILY,SCP259_N49,0.016200470249439,TRUE,9
2,20,0.2,Fibroblast,MIF_CD74_FAMILY,SCP259_N50,0.016200470249439,TRUE,9
2,20,0.2,Fibroblast,MIF_CD74_FAMILY,SCP259_N539,0.0159481710933775,TRUE,9
2,20,0.2,Fibroblast,MIF_CD74_FAMILY,SCP259_N661,0.0159481710933775,TRUE,9
2,20,0.2,Fibroblast,MIF_CD74_FAMILY,SCP259_N9,0.016200470249439,TRUE,9
1,30,0.2,Fibroblast,MIF_CD74_FAMILY,SCP259_N106,0.0110825333317635,TRUE,9
1,30,0.2,Fibroblast,MIF_CD74_FAMILY,SCP259_N111,0.00930908201137308,TRUE,9
1,30,0.2,Fibroblast,MIF_CD74_FAMILY,SCP259_N23,0.00930908201137308,TRUE,9
1,30,0.2,Fibroblast,MIF_CD74_FAMILY,SCP259_N24,0.00930908201137308,TRUE,9
1,30,0.2,Fibroblast,MIF_CD74_FAMILY,SCP259_N44,0.0110825333317635,TRUE,9
1,30,0.2,Fibroblast,MIF_CD74_FAMILY,SCP259_N49,0.0110825333317635,TRUE,9
1,30,0.2,Fibroblast,MIF_CD74_FAMILY,SCP259_N50,0.0110825333317635,TRUE,9
1,30,0.2,Fibroblast,MIF_CD74_FAMILY,SCP259_N539,0.00930908201137308,TRUE,9
1,30,0.2,Fibroblast,MIF_CD74_FAMILY,SCP259_N661,0.00930908201137308,TRUE,9
1,30,0.2,Fibroblast,MIF_CD74_FAMILY,SCP259_N9,0.0110825333317635,TRUE,9
2,30,0.2,Fibroblast,MIF_CD74_FAMILY,SCP259_N106,0.0160743206714083,TRUE,8
2,30,0.2,Fibroblast,MIF_CD74_FAMILY,SCP259_N111,0.0107348882402399,TRUE,8
2,30,0.2,Fibroblast,MIF_CD74_FAMILY,SCP259_N23,0.0107348882402399,TRUE,8
2,30,0.2,Fibroblast,MIF_CD74_FAMILY,SCP259_N24,0.0107348882402399,TRUE,8
2,30,0.2,Fibroblast,MIF_CD74_FAMILY,SCP259_N44,0.0160743206714083,TRUE,8
2,30,0.2,Fibroblast,MIF_CD74_FAMILY,SCP259_N49,0.0160743206714083,TRUE,8
2,30,0.2,Fibroblast,MIF_CD74_FAMILY,SCP259_N50,0.0160743206714083,TRUE,8
2,30,0.2,Fibroblast,MIF_CD74_FAMILY,SCP259_N661,0.0107348882402399,TRUE,8
2,30,0.2,Fibroblast,MIF_CD74_FAMILY,SCP259_N9,0.0108610378182707,TRUE,8
1,10,0.05,Myeloid,MIF_CD74_FAMILY,SCP259_N106,0.00636431312918114,TRUE,11
1,10,0.05,Myeloid,MIF_CD74_FAMILY,SCP259_N111,0.00606125826762001,TRUE,11
1,10,0.05,Myeloid,MIF_CD74_FAMILY,SCP259_N23,0.00606125826762001,TRUE,11
1,10,0.05,Myeloid,MIF_CD74_FAMILY,SCP259_N24,0.00636431312918114,TRUE,11
1,10,0.05,Myeloid,MIF_CD74_FAMILY,SCP259_N44,0.00606125826762001,TRUE,11
1,10,0.05,Myeloid,MIF_CD74_FAMILY,SCP259_N49,0.00636431312918114,TRUE,11
1,10,0.05,Myeloid,MIF_CD74_FAMILY,SCP259_N50,0.00636431312918114,TRUE,11
1,10,0.05,Myeloid,MIF_CD74_FAMILY,SCP259_N52,0.00636431312918114,TRUE,11
1,10,0.05,Myeloid,MIF_CD74_FAMILY,SCP259_N539,0.00606125826762001,TRUE,11
1,10,0.05,Myeloid,MIF_CD74_FAMILY,SCP259_N58,0.00606125826762001,TRUE,11
1,10,0.05,Myeloid,MIF_CD74_FAMILY,SCP259_N661,0.00636431312918114,TRUE,11
1,10,0.05,Myeloid,MIF_CD74_FAMILY,SCP259_N9,0.00606125826762001,TRUE,11
2,10,0.05,Myeloid,MIF_CD74_FAMILY,SCP259_N106,0.0102005871787064,TRUE,10
2,10,0.05,Myeloid,MIF_CD74_FAMILY,SCP259_N111,0.00861834099440618,TRUE,10
2,10,0.05,Myeloid,MIF_CD74_FAMILY,SCP259_N23,0.00861834099440618,TRUE,10
2,10,0.05,Myeloid,MIF_CD74_FAMILY,SCP259_N24,0.0102005871787064,TRUE,10
2,10,0.05,Myeloid,MIF_CD74_FAMILY,SCP259_N44,0.00902661766874621,TRUE,10
2,10,0.05,Myeloid,MIF_CD74_FAMILY,SCP259_N49,0.0102005871787064,TRUE,10
2,10,0.05,Myeloid,MIF_CD74_FAMILY,SCP259_N50,0.0102005871787064,TRUE,10
2,10,0.05,Myeloid,MIF_CD74_FAMILY,SCP259_N539,0.00861834099440618,TRUE,10
2,10,0.05,Myeloid,MIF_CD74_FAMILY,SCP259_N58,0.00861834099440618,TRUE,10
2,10,0.05,Myeloid,MIF_CD74_FAMILY,SCP259_N661,0.0102005871787064,TRUE,10
2,10,0.05,Myeloid,MIF_CD74_FAMILY,SCP259_N9,0.00861834099440618,TRUE,10
1,20,0.05,Myeloid,MIF_CD74_FAMILY,SCP259_N106,0.00708057690574107,TRUE,10
1,20,0.05,Myeloid,MIF_CD74_FAMILY,SCP259_N111,0.00571999208510623,TRUE,10
1,20,0.05,Myeloid,MIF_CD74_FAMILY,SCP259_N23,0.00571999208510623,TRUE,10
1,20,0.05,Myeloid,MIF_CD74_FAMILY,SCP259_N24,0.00708057690574107,TRUE,10
1,20,0.05,Myeloid,MIF_CD74_FAMILY,SCP259_N44,0.00571999208510623,TRUE,10
1,20,0.05,Myeloid,MIF_CD74_FAMILY,SCP259_N49,0.00708057690574107,TRUE,10
1,20,0.05,Myeloid,MIF_CD74_FAMILY,SCP259_N50,0.00708057690574107,TRUE,10
1,20,0.05,Myeloid,MIF_CD74_FAMILY,SCP259_N539,0.00571999208510623,TRUE,10
1,20,0.05,Myeloid,MIF_CD74_FAMILY,SCP259_N58,0.00571999208510623,TRUE,10
1,20,0.05,Myeloid,MIF_CD74_FAMILY,SCP259_N661,0.00708057690574107,TRUE,10
1,20,0.05,Myeloid,MIF_CD74_FAMILY,SCP259_N9,0.00643625586166615,TRUE,10
2,20,0.05,Myeloid,MIF_CD74_FAMILY,SCP259_N106,0.0102005871787064,TRUE,10
2,20,0.05,Myeloid,MIF_CD74_FAMILY,SCP259_N111,0.00861834099440618,TRUE,10
2,20,0.05,Myeloid,MIF_CD74_FAMILY,SCP259_N23,0.00861834099440618,TRUE,10
2,20,0.05,Myeloid,MIF_CD74_FAMILY,SCP259_N24,0.0102005871787064,TRUE,10
2,20,0.05,Myeloid,MIF_CD74_FAMILY,SCP259_N44,0.00902661766874621,TRUE,10
2,20,0.05,Myeloid,MIF_CD74_FAMILY,SCP259_N49,0.0102005871787064,TRUE,10
2,20,0.05,Myeloid,MIF_CD74_FAMILY,SCP259_N50,0.0102005871787064,TRUE,10
2,20,0.05,Myeloid,MIF_CD74_FAMILY,SCP259_N539,0.00861834099440618,TRUE,10
2,20,0.05,Myeloid,MIF_CD74_FAMILY,SCP259_N58,0.00861834099440618,TRUE,10
2,20,0.05,Myeloid,MIF_CD74_FAMILY,SCP259_N661,0.0102005871787064,TRUE,10
2,20,0.05,Myeloid,MIF_CD74_FAMILY,SCP259_N9,0.00861834099440618,TRUE,10
1,30,0.05,Myeloid,MIF_CD74_FAMILY,SCP259_N106,0.00708057690574107,TRUE,10
1,30,0.05,Myeloid,MIF_CD74_FAMILY,SCP259_N111,0.00571999208510623,TRUE,10
1,30,0.05,Myeloid,MIF_CD74_FAMILY,SCP259_N23,0.00571999208510623,TRUE,10
1,30,0.05,Myeloid,MIF_CD74_FAMILY,SCP259_N24,0.00708057690574107,TRUE,10
1,30,0.05,Myeloid,MIF_CD74_FAMILY,SCP259_N44,0.00571999208510623,TRUE,10
1,30,0.05,Myeloid,MIF_CD74_FAMILY,SCP259_N49,0.00708057690574107,TRUE,10
1,30,0.05,Myeloid,MIF_CD74_FAMILY,SCP259_N50,0.00708057690574107,TRUE,10
1,30,0.05,Myeloid,MIF_CD74_FAMILY,SCP259_N539,0.00571999208510623,TRUE,10
1,30,0.05,Myeloid,MIF_CD74_FAMILY,SCP259_N58,0.00571999208510623,TRUE,10
1,30,0.05,Myeloid,MIF_CD74_FAMILY,SCP259_N661,0.00708057690574107,TRUE,10
1,30,0.05,Myeloid,MIF_CD74_FAMILY,SCP259_N9,0.00643625586166615,TRUE,10
2,30,0.05,Myeloid,MIF_CD74_FAMILY,SCP259_N106,0.00979231050436637,TRUE,9
2,30,0.05,Myeloid,MIF_CD74_FAMILY,SCP259_N111,0.007444371484446,TRUE,9
2,30,0.05,Myeloid,MIF_CD74_FAMILY,SCP259_N23,0.007444371484446,TRUE,9
2,30,0.05,Myeloid,MIF_CD74_FAMILY,SCP259_N24,0.00979231050436637,TRUE,9
2,30,0.05,Myeloid,MIF_CD74_FAMILY,SCP259_N44,0.007444371484446,TRUE,9
2,30,0.05,Myeloid,MIF_CD74_FAMILY,SCP259_N49,0.00979231050436637,TRUE,9
2,30,0.05,Myeloid,MIF_CD74_FAMILY,SCP259_N50,0.00979231050436637,TRUE,9
2,30,0.05,Myeloid,MIF_CD74_FAMILY,SCP259_N58,0.007444371484446,TRUE,9
2,30,0.05,Myeloid,MIF_CD74_FAMILY,SCP259_N661,0.00979231050436637,TRUE,9
2,30,0.05,Myeloid,MIF_CD74_FAMILY,SCP259_N9,0.007444371484446,TRUE,9
1,10,0.1,Myeloid,MIF_CD74_FAMILY,SCP259_N106,0.00639350711930562,TRUE,11
1,10,0.1,Myeloid,MIF_CD74_FAMILY,SCP259_N111,0.00636431312918114,TRUE,11
1,10,0.1,Myeloid,MIF_CD74_FAMILY,SCP259_N23,0.00636431312918114,TRUE,11
1,10,0.1,Myeloid,MIF_CD74_FAMILY,SCP259_N24,0.00639350711930562,TRUE,11
1,10,0.1,Myeloid,MIF_CD74_FAMILY,SCP259_N44,0.00636431312918114,TRUE,11
1,10,0.1,Myeloid,MIF_CD74_FAMILY,SCP259_N49,0.00639350711930562,TRUE,11
1,10,0.1,Myeloid,MIF_CD74_FAMILY,SCP259_N50,0.00639350711930562,TRUE,11
1,10,0.1,Myeloid,MIF_CD74_FAMILY,SCP259_N52,0.00636431312918114,TRUE,11
1,10,0.1,Myeloid,MIF_CD74_FAMILY,SCP259_N539,0.00636431312918114,TRUE,11
1,10,0.1,Myeloid,MIF_CD74_FAMILY,SCP259_N58,0.00636431312918114,TRUE,11
1,10,0.1,Myeloid,MIF_CD74_FAMILY,SCP259_N661,0.00639350711930562,TRUE,11
1,10,0.1,Myeloid,MIF_CD74_FAMILY,SCP259_N9,0.00639350711930562,TRUE,11
2,10,0.1,Myeloid,MIF_CD74_FAMILY,SCP259_N106,0.0102005871787064,TRUE,10
2,10,0.1,Myeloid,MIF_CD74_FAMILY,SCP259_N111,0.00861834099440618,TRUE,10
2,10,0.1,Myeloid,MIF_CD74_FAMILY,SCP259_N23,0.00861834099440618,TRUE,10
2,10,0.1,Myeloid,MIF_CD74_FAMILY,SCP259_N24,0.0102005871787064,TRUE,10
2,10,0.1,Myeloid,MIF_CD74_FAMILY,SCP259_N44,0.00902661766874621,TRUE,10
2,10,0.1,Myeloid,MIF_CD74_FAMILY,SCP259_N49,0.0102005871787064,TRUE,10
2,10,0.1,Myeloid,MIF_CD74_FAMILY,SCP259_N50,0.0102005871787064,TRUE,10
2,10,0.1,Myeloid,MIF_CD74_FAMILY,SCP259_N539,0.00861834099440618,TRUE,10
2,10,0.1,Myeloid,MIF_CD74_FAMILY,SCP259_N58,0.00861834099440618,TRUE,10
2,10,0.1,Myeloid,MIF_CD74_FAMILY,SCP259_N661,0.0102005871787064,TRUE,10
2,10,0.1,Myeloid,MIF_CD74_FAMILY,SCP259_N9,0.00861834099440618,TRUE,10
1,20,0.1,Myeloid,MIF_CD74_FAMILY,SCP259_N106,0.00708057690574107,TRUE,10
1,20,0.1,Myeloid,MIF_CD74_FAMILY,SCP259_N111,0.00571999208510623,TRUE,10
1,20,0.1,Myeloid,MIF_CD74_FAMILY,SCP259_N23,0.00571999208510623,TRUE,10
1,20,0.1,Myeloid,MIF_CD74_FAMILY,SCP259_N24,0.00708057690574107,TRUE,10
1,20,0.1,Myeloid,MIF_CD74_FAMILY,SCP259_N44,0.00571999208510623,TRUE,10
1,20,0.1,Myeloid,MIF_CD74_FAMILY,SCP259_N49,0.00708057690574107,TRUE,10
1,20,0.1,Myeloid,MIF_CD74_FAMILY,SCP259_N50,0.00708057690574107,TRUE,10
1,20,0.1,Myeloid,MIF_CD74_FAMILY,SCP259_N539,0.00571999208510623,TRUE,10
1,20,0.1,Myeloid,MIF_CD74_FAMILY,SCP259_N58,0.00571999208510623,TRUE,10
1,20,0.1,Myeloid,MIF_CD74_FAMILY,SCP259_N661,0.00708057690574107,TRUE,10
1,20,0.1,Myeloid,MIF_CD74_FAMILY,SCP259_N9,0.00643625586166615,TRUE,10
2,20,0.1,Myeloid,MIF_CD74_FAMILY,SCP259_N106,0.0102005871787064,TRUE,10
2,20,0.1,Myeloid,MIF_CD74_FAMILY,SCP259_N111,0.00861834099440618,TRUE,10
2,20,0.1,Myeloid,MIF_CD74_FAMILY,SCP259_N23,0.00861834099440618,TRUE,10
2,20,0.1,Myeloid,MIF_CD74_FAMILY,SCP259_N24,0.0102005871787064,TRUE,10
2,20,0.1,Myeloid,MIF_CD74_FAMILY,SCP259_N44,0.00902661766874621,TRUE,10
2,20,0.1,Myeloid,MIF_CD74_FAMILY,SCP259_N49,0.0102005871787064,TRUE,10
2,20,0.1,Myeloid,MIF_CD74_FAMILY,SCP259_N50,0.0102005871787064,TRUE,10
2,20,0.1,Myeloid,MIF_CD74_FAMILY,SCP259_N539,0.00861834099440618,TRUE,10
2,20,0.1,Myeloid,MIF_CD74_FAMILY,SCP259_N58,0.00861834099440618,TRUE,10
2,20,0.1,Myeloid,MIF_CD74_FAMILY,SCP259_N661,0.0102005871787064,TRUE,10
2,20,0.1,Myeloid,MIF_CD74_FAMILY,SCP259_N9,0.00861834099440618,TRUE,10
1,30,0.1,Myeloid,MIF_CD74_FAMILY,SCP259_N106,0.00708057690574107,TRUE,10
1,30,0.1,Myeloid,MIF_CD74_FAMILY,SCP259_N111,0.00571999208510623,TRUE,10
1,30,0.1,Myeloid,MIF_CD74_FAMILY,SCP259_N23,0.00571999208510623,TRUE,10
1,30,0.1,Myeloid,MIF_CD74_FAMILY,SCP259_N24,0.00708057690574107,TRUE,10
1,30,0.1,Myeloid,MIF_CD74_FAMILY,SCP259_N44,0.00571999208510623,TRUE,10
1,30,0.1,Myeloid,MIF_CD74_FAMILY,SCP259_N49,0.00708057690574107,TRUE,10
1,30,0.1,Myeloid,MIF_CD74_FAMILY,SCP259_N50,0.00708057690574107,TRUE,10
1,30,0.1,Myeloid,MIF_CD74_FAMILY,SCP259_N539,0.00571999208510623,TRUE,10
1,30,0.1,Myeloid,MIF_CD74_FAMILY,SCP259_N58,0.00571999208510623,TRUE,10
1,30,0.1,Myeloid,MIF_CD74_FAMILY,SCP259_N661,0.00708057690574107,TRUE,10
1,30,0.1,Myeloid,MIF_CD74_FAMILY,SCP259_N9,0.00643625586166615,TRUE,10
2,30,0.1,Myeloid,MIF_CD74_FAMILY,SCP259_N106,0.00979231050436637,TRUE,9
2,30,0.1,Myeloid,MIF_CD74_FAMILY,SCP259_N111,0.007444371484446,TRUE,9
2,30,0.1,Myeloid,MIF_CD74_FAMILY,SCP259_N23,0.007444371484446,TRUE,9
2,30,0.1,Myeloid,MIF_CD74_FAMILY,SCP259_N24,0.00979231050436637,TRUE,9
2,30,0.1,Myeloid,MIF_CD74_FAMILY,SCP259_N44,0.007444371484446,TRUE,9
2,30,0.1,Myeloid,MIF_CD74_FAMILY,SCP259_N49,0.00979231050436637,TRUE,9
2,30,0.1,Myeloid,MIF_CD74_FAMILY,SCP259_N50,0.00979231050436637,TRUE,9
2,30,0.1,Myeloid,MIF_CD74_FAMILY,SCP259_N58,0.007444371484446,TRUE,9
2,30,0.1,Myeloid,MIF_CD74_FAMILY,SCP259_N661,0.00979231050436637,TRUE,9
2,30,0.1,Myeloid,MIF_CD74_FAMILY,SCP259_N9,0.007444371484446,TRUE,9
1,10,0.2,Myeloid,MIF_CD74_FAMILY,SCP259_N106,0.00434488280372091,TRUE,6
1,10,0.2,Myeloid,MIF_CD74_FAMILY,SCP259_N111,0.00360044999192761,TRUE,6
1,10,0.2,Myeloid,MIF_CD74_FAMILY,SCP259_N23,0.00360044999192761,TRUE,6
1,10,0.2,Myeloid,MIF_CD74_FAMILY,SCP259_N44,0.00428795846649211,TRUE,6
1,10,0.2,Myeloid,MIF_CD74_FAMILY,SCP259_N49,0.00360044999192761,TRUE,6
1,10,0.2,Myeloid,MIF_CD74_FAMILY,SCP259_N50,0.00434488280372091,TRUE,6
1,10,0.2,Myeloid,MIF_CD74_FAMILY,SCP259_N9,0.00434488280372091,TRUE,6
2,10,0.2,Myeloid,MIF_CD74_FAMILY,SCP259_N106,0.00682547513034051,TRUE,6
2,10,0.2,Myeloid,MIF_CD74_FAMILY,SCP259_N111,0.00269738361460586,TRUE,6
2,10,0.2,Myeloid,MIF_CD74_FAMILY,SCP259_N23,0.00269738361460586,TRUE,6
2,10,0.2,Myeloid,MIF_CD74_FAMILY,SCP259_N44,0.00499294090514381,TRUE,6
2,10,0.2,Myeloid,MIF_CD74_FAMILY,SCP259_N49,0.00682547513034051,TRUE,6
2,10,0.2,Myeloid,MIF_CD74_FAMILY,SCP259_N50,0.00682547513034051,TRUE,6
2,10,0.2,Myeloid,MIF_CD74_FAMILY,SCP259_N9,0.00269738361460586,TRUE,6
1,20,0.2,Myeloid,MIF_CD74_FAMILY,SCP259_N106,0.00434488280372091,TRUE,6
1,20,0.2,Myeloid,MIF_CD74_FAMILY,SCP259_N111,0.00360044999192761,TRUE,6
1,20,0.2,Myeloid,MIF_CD74_FAMILY,SCP259_N23,0.00360044999192761,TRUE,6
1,20,0.2,Myeloid,MIF_CD74_FAMILY,SCP259_N44,0.00428795846649211,TRUE,6
1,20,0.2,Myeloid,MIF_CD74_FAMILY,SCP259_N49,0.00360044999192761,TRUE,6
1,20,0.2,Myeloid,MIF_CD74_FAMILY,SCP259_N50,0.00434488280372091,TRUE,6
1,20,0.2,Myeloid,MIF_CD74_FAMILY,SCP259_N9,0.00434488280372091,TRUE,6
2,20,0.2,Myeloid,MIF_CD74_FAMILY,SCP259_N106,0.00682547513034051,TRUE,6
2,20,0.2,Myeloid,MIF_CD74_FAMILY,SCP259_N111,0.00269738361460586,TRUE,6
2,20,0.2,Myeloid,MIF_CD74_FAMILY,SCP259_N23,0.00269738361460586,TRUE,6
2,20,0.2,Myeloid,MIF_CD74_FAMILY,SCP259_N44,0.00499294090514381,TRUE,6
2,20,0.2,Myeloid,MIF_CD74_FAMILY,SCP259_N49,0.00682547513034051,TRUE,6
2,20,0.2,Myeloid,MIF_CD74_FAMILY,SCP259_N50,0.00682547513034051,TRUE,6
2,20,0.2,Myeloid,MIF_CD74_FAMILY,SCP259_N9,0.00269738361460586,TRUE,6
1,30,0.2,Myeloid,MIF_CD74_FAMILY,SCP259_N106,0.00434488280372091,TRUE,6
1,30,0.2,Myeloid,MIF_CD74_FAMILY,SCP259_N111,0.00360044999192761,TRUE,6
1,30,0.2,Myeloid,MIF_CD74_FAMILY,SCP259_N23,0.00360044999192761,TRUE,6
1,30,0.2,Myeloid,MIF_CD74_FAMILY,SCP259_N44,0.00428795846649211,TRUE,6
1,30,0.2,Myeloid,MIF_CD74_FAMILY,SCP259_N49,0.00360044999192761,TRUE,6
1,30,0.2,Myeloid,MIF_CD74_FAMILY,SCP259_N50,0.00434488280372091,TRUE,6
1,30,0.2,Myeloid,MIF_CD74_FAMILY,SCP259_N9,0.00434488280372091,TRUE,6
2,30,0.2,Myeloid,MIF_CD74_FAMILY,SCP259_N106,0.00682547513034051,TRUE,6
2,30,0.2,Myeloid,MIF_CD74_FAMILY,SCP259_N111,0.00269738361460586,TRUE,6
2,30,0.2,Myeloid,MIF_CD74_FAMILY,SCP259_N23,0.00269738361460586,TRUE,6
2,30,0.2,Myeloid,MIF_CD74_FAMILY,SCP259_N44,0.00499294090514381,TRUE,6
2,30,0.2,Myeloid,MIF_CD74_FAMILY,SCP259_N49,0.00682547513034051,TRUE,6
2,30,0.2,Myeloid,MIF_CD74_FAMILY,SCP259_N50,0.00682547513034051,TRUE,6
2,30,0.2,Myeloid,MIF_CD74_FAMILY,SCP259_N9,0.00269738361460586,TRUE,6
1,10,0.05,Other epithelial,MIF_CD74_FAMILY,SCP259_N106,0.0140401118975707,TRUE,11
1,10,0.05,Other epithelial,MIF_CD74_FAMILY,SCP259_N111,0.011767335792163,TRUE,11
1,10,0.05,Other epithelial,MIF_CD74_FAMILY,SCP259_N23,0.011767335792163,TRUE,11
1,10,0.05,Other epithelial,MIF_CD74_FAMILY,SCP259_N24,0.0140401118975707,TRUE,11
1,10,0.05,Other epithelial,MIF_CD74_FAMILY,SCP259_N44,0.011767335792163,TRUE,11
1,10,0.05,Other epithelial,MIF_CD74_FAMILY,SCP259_N49,0.0140401118975707,TRUE,11
1,10,0.05,Other epithelial,MIF_CD74_FAMILY,SCP259_N50,0.0140401118975707,TRUE,11
1,10,0.05,Other epithelial,MIF_CD74_FAMILY,SCP259_N52,0.0140401118975707,TRUE,11
1,10,0.05,Other epithelial,MIF_CD74_FAMILY,SCP259_N539,0.011767335792163,TRUE,11
1,10,0.05,Other epithelial,MIF_CD74_FAMILY,SCP259_N58,0.011767335792163,TRUE,11
1,10,0.05,Other epithelial,MIF_CD74_FAMILY,SCP259_N661,0.011767335792163,TRUE,11
1,10,0.05,Other epithelial,MIF_CD74_FAMILY,SCP259_N9,0.0140401118975707,TRUE,11
2,10,0.05,Other epithelial,MIF_CD74_FAMILY,SCP259_N106,0.0213474637047564,TRUE,10
2,10,0.05,Other epithelial,MIF_CD74_FAMILY,SCP259_N111,0.0204975497119539,TRUE,10
2,10,0.05,Other epithelial,MIF_CD74_FAMILY,SCP259_N23,0.0204975497119539,TRUE,10
2,10,0.05,Other epithelial,MIF_CD74_FAMILY,SCP259_N24,0.0213474637047564,TRUE,10
2,10,0.05,Other epithelial,MIF_CD74_FAMILY,SCP259_N44,0.0213358206454626,TRUE,10
2,10,0.05,Other epithelial,MIF_CD74_FAMILY,SCP259_N49,0.0213474637047564,TRUE,10
2,10,0.05,Other epithelial,MIF_CD74_FAMILY,SCP259_N50,0.0213474637047564,TRUE,10
2,10,0.05,Other epithelial,MIF_CD74_FAMILY,SCP259_N539,0.0204975497119539,TRUE,10
2,10,0.05,Other epithelial,MIF_CD74_FAMILY,SCP259_N58,0.0204975497119539,TRUE,10
2,10,0.05,Other epithelial,MIF_CD74_FAMILY,SCP259_N661,0.0213474637047564,TRUE,10
2,10,0.05,Other epithelial,MIF_CD74_FAMILY,SCP259_N9,0.0204975497119539,TRUE,10
1,20,0.05,Other epithelial,MIF_CD74_FAMILY,SCP259_N106,0.0144087253368246,TRUE,10
1,20,0.05,Other epithelial,MIF_CD74_FAMILY,SCP259_N111,0.0125327456819259,TRUE,10
1,20,0.05,Other epithelial,MIF_CD74_FAMILY,SCP259_N23,0.0125327456819259,TRUE,10
1,20,0.05,Other epithelial,MIF_CD74_FAMILY,SCP259_N24,0.0144087253368246,TRUE,10
1,20,0.05,Other epithelial,MIF_CD74_FAMILY,SCP259_N44,0.0125327456819259,TRUE,10
1,20,0.05,Other epithelial,MIF_CD74_FAMILY,SCP259_N49,0.0144087253368246,TRUE,10
1,20,0.05,Other epithelial,MIF_CD74_FAMILY,SCP259_N50,0.0144087253368246,TRUE,10
1,20,0.05,Other epithelial,MIF_CD74_FAMILY,SCP259_N539,0.0125327456819259,TRUE,10
1,20,0.05,Other epithelial,MIF_CD74_FAMILY,SCP259_N58,0.0125327456819259,TRUE,10
1,20,0.05,Other epithelial,MIF_CD74_FAMILY,SCP259_N661,0.0129013591211798,TRUE,10
1,20,0.05,Other epithelial,MIF_CD74_FAMILY,SCP259_N9,0.0144087253368246,TRUE,10
2,20,0.05,Other epithelial,MIF_CD74_FAMILY,SCP259_N106,0.0213474637047564,TRUE,10
2,20,0.05,Other epithelial,MIF_CD74_FAMILY,SCP259_N111,0.0204975497119539,TRUE,10
2,20,0.05,Other epithelial,MIF_CD74_FAMILY,SCP259_N23,0.0204975497119539,TRUE,10
2,20,0.05,Other epithelial,MIF_CD74_FAMILY,SCP259_N24,0.0213474637047564,TRUE,10
2,20,0.05,Other epithelial,MIF_CD74_FAMILY,SCP259_N44,0.0213358206454626,TRUE,10
2,20,0.05,Other epithelial,MIF_CD74_FAMILY,SCP259_N49,0.0213474637047564,TRUE,10
2,20,0.05,Other epithelial,MIF_CD74_FAMILY,SCP259_N50,0.0213474637047564,TRUE,10
2,20,0.05,Other epithelial,MIF_CD74_FAMILY,SCP259_N539,0.0204975497119539,TRUE,10
2,20,0.05,Other epithelial,MIF_CD74_FAMILY,SCP259_N58,0.0204975497119539,TRUE,10
2,20,0.05,Other epithelial,MIF_CD74_FAMILY,SCP259_N661,0.0213474637047564,TRUE,10
2,20,0.05,Other epithelial,MIF_CD74_FAMILY,SCP259_N9,0.0204975497119539,TRUE,10
1,30,0.05,Other epithelial,MIF_CD74_FAMILY,SCP259_N106,0.0144087253368246,TRUE,10
1,30,0.05,Other epithelial,MIF_CD74_FAMILY,SCP259_N111,0.0125327456819259,TRUE,10
1,30,0.05,Other epithelial,MIF_CD74_FAMILY,SCP259_N23,0.0125327456819259,TRUE,10
1,30,0.05,Other epithelial,MIF_CD74_FAMILY,SCP259_N24,0.0144087253368246,TRUE,10
1,30,0.05,Other epithelial,MIF_CD74_FAMILY,SCP259_N44,0.0125327456819259,TRUE,10
1,30,0.05,Other epithelial,MIF_CD74_FAMILY,SCP259_N49,0.0144087253368246,TRUE,10
1,30,0.05,Other epithelial,MIF_CD74_FAMILY,SCP259_N50,0.0144087253368246,TRUE,10
1,30,0.05,Other epithelial,MIF_CD74_FAMILY,SCP259_N539,0.0125327456819259,TRUE,10
1,30,0.05,Other epithelial,MIF_CD74_FAMILY,SCP259_N58,0.0125327456819259,TRUE,10
1,30,0.05,Other epithelial,MIF_CD74_FAMILY,SCP259_N661,0.0129013591211798,TRUE,10
1,30,0.05,Other epithelial,MIF_CD74_FAMILY,SCP259_N9,0.0144087253368246,TRUE,10
2,30,0.05,Other epithelial,MIF_CD74_FAMILY,SCP259_N106,0.0205091927712477,TRUE,9
2,30,0.05,Other epithelial,MIF_CD74_FAMILY,SCP259_N111,0.0204859066526601,TRUE,9
2,30,0.05,Other epithelial,MIF_CD74_FAMILY,SCP259_N23,0.0204859066526601,TRUE,9
2,30,0.05,Other epithelial,MIF_CD74_FAMILY,SCP259_N24,0.0205091927712477,TRUE,9
2,30,0.05,Other epithelial,MIF_CD74_FAMILY,SCP259_N44,0.0204859066526601,TRUE,9
2,30,0.05,Other epithelial,MIF_CD74_FAMILY,SCP259_N49,0.0205091927712477,TRUE,9
2,30,0.05,Other epithelial,MIF_CD74_FAMILY,SCP259_N50,0.0205091927712477,TRUE,9
2,30,0.05,Other epithelial,MIF_CD74_FAMILY,SCP259_N58,0.0204859066526601,TRUE,9
2,30,0.05,Other epithelial,MIF_CD74_FAMILY,SCP259_N661,0.0205091927712477,TRUE,9
2,30,0.05,Other epithelial,MIF_CD74_FAMILY,SCP259_N9,0.0204859066526601,TRUE,9
1,10,0.1,Other epithelial,MIF_CD74_FAMILY,SCP259_N106,0.0140401118975707,TRUE,11
1,10,0.1,Other epithelial,MIF_CD74_FAMILY,SCP259_N111,0.0124307010490078,TRUE,11
1,10,0.1,Other epithelial,MIF_CD74_FAMILY,SCP259_N23,0.0124307010490078,TRUE,11
1,10,0.1,Other epithelial,MIF_CD74_FAMILY,SCP259_N24,0.0140401118975707,TRUE,11
1,10,0.1,Other epithelial,MIF_CD74_FAMILY,SCP259_N44,0.0124307010490078,TRUE,11
1,10,0.1,Other epithelial,MIF_CD74_FAMILY,SCP259_N49,0.0140401118975707,TRUE,11
1,10,0.1,Other epithelial,MIF_CD74_FAMILY,SCP259_N50,0.0140401118975707,TRUE,11
1,10,0.1,Other epithelial,MIF_CD74_FAMILY,SCP259_N52,0.0140401118975707,TRUE,11
1,10,0.1,Other epithelial,MIF_CD74_FAMILY,SCP259_N539,0.0124307010490078,TRUE,11
1,10,0.1,Other epithelial,MIF_CD74_FAMILY,SCP259_N58,0.0124307010490078,TRUE,11
1,10,0.1,Other epithelial,MIF_CD74_FAMILY,SCP259_N661,0.0124307010490078,TRUE,11
1,10,0.1,Other epithelial,MIF_CD74_FAMILY,SCP259_N9,0.0140401118975707,TRUE,11
2,10,0.1,Other epithelial,MIF_CD74_FAMILY,SCP259_N106,0.0213474637047564,TRUE,10
2,10,0.1,Other epithelial,MIF_CD74_FAMILY,SCP259_N111,0.0204975497119539,TRUE,10
2,10,0.1,Other epithelial,MIF_CD74_FAMILY,SCP259_N23,0.0204975497119539,TRUE,10
2,10,0.1,Other epithelial,MIF_CD74_FAMILY,SCP259_N24,0.0213474637047564,TRUE,10
2,10,0.1,Other epithelial,MIF_CD74_FAMILY,SCP259_N44,0.0213358206454626,TRUE,10
2,10,0.1,Other epithelial,MIF_CD74_FAMILY,SCP259_N49,0.0213474637047564,TRUE,10
2,10,0.1,Other epithelial,MIF_CD74_FAMILY,SCP259_N50,0.0213474637047564,TRUE,10
2,10,0.1,Other epithelial,MIF_CD74_FAMILY,SCP259_N539,0.0204975497119539,TRUE,10
2,10,0.1,Other epithelial,MIF_CD74_FAMILY,SCP259_N58,0.0204975497119539,TRUE,10
2,10,0.1,Other epithelial,MIF_CD74_FAMILY,SCP259_N661,0.0213474637047564,TRUE,10
2,10,0.1,Other epithelial,MIF_CD74_FAMILY,SCP259_N9,0.0204975497119539,TRUE,10
1,20,0.1,Other epithelial,MIF_CD74_FAMILY,SCP259_N106,0.0155543496663392,TRUE,10
1,20,0.1,Other epithelial,MIF_CD74_FAMILY,SCP259_N111,0.0125327456819259,TRUE,10
1,20,0.1,Other epithelial,MIF_CD74_FAMILY,SCP259_N23,0.0125327456819259,TRUE,10
1,20,0.1,Other epithelial,MIF_CD74_FAMILY,SCP259_N24,0.0155543496663392,TRUE,10
1,20,0.1,Other epithelial,MIF_CD74_FAMILY,SCP259_N44,0.0125327456819259,TRUE,10
1,20,0.1,Other epithelial,MIF_CD74_FAMILY,SCP259_N49,0.0155543496663392,TRUE,10
1,20,0.1,Other epithelial,MIF_CD74_FAMILY,SCP259_N50,0.0155543496663392,TRUE,10
1,20,0.1,Other epithelial,MIF_CD74_FAMILY,SCP259_N539,0.0125327456819259,TRUE,10
1,20,0.1,Other epithelial,MIF_CD74_FAMILY,SCP259_N58,0.0125327456819259,TRUE,10
1,20,0.1,Other epithelial,MIF_CD74_FAMILY,SCP259_N661,0.0140469834506944,TRUE,10
1,20,0.1,Other epithelial,MIF_CD74_FAMILY,SCP259_N9,0.0155543496663392,TRUE,10
2,20,0.1,Other epithelial,MIF_CD74_FAMILY,SCP259_N106,0.0213474637047564,TRUE,10
2,20,0.1,Other epithelial,MIF_CD74_FAMILY,SCP259_N111,0.0204975497119539,TRUE,10
2,20,0.1,Other epithelial,MIF_CD74_FAMILY,SCP259_N23,0.0204975497119539,TRUE,10
2,20,0.1,Other epithelial,MIF_CD74_FAMILY,SCP259_N24,0.0213474637047564,TRUE,10
2,20,0.1,Other epithelial,MIF_CD74_FAMILY,SCP259_N44,0.0213358206454626,TRUE,10
2,20,0.1,Other epithelial,MIF_CD74_FAMILY,SCP259_N49,0.0213474637047564,TRUE,10
2,20,0.1,Other epithelial,MIF_CD74_FAMILY,SCP259_N50,0.0213474637047564,TRUE,10
2,20,0.1,Other epithelial,MIF_CD74_FAMILY,SCP259_N539,0.0204975497119539,TRUE,10
2,20,0.1,Other epithelial,MIF_CD74_FAMILY,SCP259_N58,0.0204975497119539,TRUE,10
2,20,0.1,Other epithelial,MIF_CD74_FAMILY,SCP259_N661,0.0213474637047564,TRUE,10
2,20,0.1,Other epithelial,MIF_CD74_FAMILY,SCP259_N9,0.0204975497119539,TRUE,10
1,30,0.1,Other epithelial,MIF_CD74_FAMILY,SCP259_N106,0.0155543496663392,TRUE,10
1,30,0.1,Other epithelial,MIF_CD74_FAMILY,SCP259_N111,0.0125327456819259,TRUE,10
1,30,0.1,Other epithelial,MIF_CD74_FAMILY,SCP259_N23,0.0125327456819259,TRUE,10
1,30,0.1,Other epithelial,MIF_CD74_FAMILY,SCP259_N24,0.0155543496663392,TRUE,10
1,30,0.1,Other epithelial,MIF_CD74_FAMILY,SCP259_N44,0.0125327456819259,TRUE,10
1,30,0.1,Other epithelial,MIF_CD74_FAMILY,SCP259_N49,0.0155543496663392,TRUE,10
1,30,0.1,Other epithelial,MIF_CD74_FAMILY,SCP259_N50,0.0155543496663392,TRUE,10
1,30,0.1,Other epithelial,MIF_CD74_FAMILY,SCP259_N539,0.0125327456819259,TRUE,10
1,30,0.1,Other epithelial,MIF_CD74_FAMILY,SCP259_N58,0.0125327456819259,TRUE,10
1,30,0.1,Other epithelial,MIF_CD74_FAMILY,SCP259_N661,0.0140469834506944,TRUE,10
1,30,0.1,Other epithelial,MIF_CD74_FAMILY,SCP259_N9,0.0155543496663392,TRUE,10
2,30,0.1,Other epithelial,MIF_CD74_FAMILY,SCP259_N106,0.0205091927712477,TRUE,9
2,30,0.1,Other epithelial,MIF_CD74_FAMILY,SCP259_N111,0.0204859066526601,TRUE,9
2,30,0.1,Other epithelial,MIF_CD74_FAMILY,SCP259_N23,0.0204859066526601,TRUE,9
2,30,0.1,Other epithelial,MIF_CD74_FAMILY,SCP259_N24,0.0205091927712477,TRUE,9
2,30,0.1,Other epithelial,MIF_CD74_FAMILY,SCP259_N44,0.0204859066526601,TRUE,9
2,30,0.1,Other epithelial,MIF_CD74_FAMILY,SCP259_N49,0.0205091927712477,TRUE,9
2,30,0.1,Other epithelial,MIF_CD74_FAMILY,SCP259_N50,0.0205091927712477,TRUE,9
2,30,0.1,Other epithelial,MIF_CD74_FAMILY,SCP259_N58,0.0204859066526601,TRUE,9
2,30,0.1,Other epithelial,MIF_CD74_FAMILY,SCP259_N661,0.0205091927712477,TRUE,9
2,30,0.1,Other epithelial,MIF_CD74_FAMILY,SCP259_N9,0.0204859066526601,TRUE,9
1,10,0.2,Other epithelial,MIF_CD74_FAMILY,SCP259_N106,0.0124307010490078,TRUE,11
1,10,0.2,Other epithelial,MIF_CD74_FAMILY,SCP259_N111,0.0110253794662811,TRUE,11
1,10,0.2,Other epithelial,MIF_CD74_FAMILY,SCP259_N23,0.0110253794662811,TRUE,11
1,10,0.2,Other epithelial,MIF_CD74_FAMILY,SCP259_N24,0.0124307010490078,TRUE,11
1,10,0.2,Other epithelial,MIF_CD74_FAMILY,SCP259_N44,0.0124307010490078,TRUE,11
1,10,0.2,Other epithelial,MIF_CD74_FAMILY,SCP259_N49,0.0124307010490078,TRUE,11
1,10,0.2,Other epithelial,MIF_CD74_FAMILY,SCP259_N50,0.0124307010490078,TRUE,11
1,10,0.2,Other epithelial,MIF_CD74_FAMILY,SCP259_N52,0.0110253794662811,TRUE,11
1,10,0.2,Other epithelial,MIF_CD74_FAMILY,SCP259_N539,0.0110253794662811,TRUE,11
1,10,0.2,Other epithelial,MIF_CD74_FAMILY,SCP259_N58,0.0110253794662811,TRUE,11
1,10,0.2,Other epithelial,MIF_CD74_FAMILY,SCP259_N661,0.0110253794662811,TRUE,11
1,10,0.2,Other epithelial,MIF_CD74_FAMILY,SCP259_N9,0.0124307010490078,TRUE,11
2,10,0.2,Other epithelial,MIF_CD74_FAMILY,SCP259_N106,0.0178741569482883,TRUE,10
2,10,0.2,Other epithelial,MIF_CD74_FAMILY,SCP259_N111,0.0147066244661973,TRUE,10
2,10,0.2,Other epithelial,MIF_CD74_FAMILY,SCP259_N23,0.0147066244661973,TRUE,10
2,10,0.2,Other epithelial,MIF_CD74_FAMILY,SCP259_N24,0.0173183741705691,TRUE,10
2,10,0.2,Other epithelial,MIF_CD74_FAMILY,SCP259_N44,0.0178741569482883,TRUE,10
2,10,0.2,Other epithelial,MIF_CD74_FAMILY,SCP259_N49,0.0178741569482883,TRUE,10
2,10,0.2,Other epithelial,MIF_CD74_FAMILY,SCP259_N50,0.0178741569482883,TRUE,10
2,10,0.2,Other epithelial,MIF_CD74_FAMILY,SCP259_N539,0.0147066244661973,TRUE,10
2,10,0.2,Other epithelial,MIF_CD74_FAMILY,SCP259_N58,0.0147066244661973,TRUE,10
2,10,0.2,Other epithelial,MIF_CD74_FAMILY,SCP259_N661,0.0147066244661973,TRUE,10
2,10,0.2,Other epithelial,MIF_CD74_FAMILY,SCP259_N9,0.0178741569482883,TRUE,10
1,20,0.2,Other epithelial,MIF_CD74_FAMILY,SCP259_N106,0.0125327456819259,TRUE,10
1,20,0.2,Other epithelial,MIF_CD74_FAMILY,SCP259_N111,0.0109779007928353,TRUE,10
1,20,0.2,Other epithelial,MIF_CD74_FAMILY,SCP259_N23,0.0109779007928353,TRUE,10
1,20,0.2,Other epithelial,MIF_CD74_FAMILY,SCP259_N24,0.0124852670084801,TRUE,10
1,20,0.2,Other epithelial,MIF_CD74_FAMILY,SCP259_N44,0.0125327456819259,TRUE,10
1,20,0.2,Other epithelial,MIF_CD74_FAMILY,SCP259_N49,0.0125327456819259,TRUE,10
1,20,0.2,Other epithelial,MIF_CD74_FAMILY,SCP259_N50,0.0125327456819259,TRUE,10
1,20,0.2,Other epithelial,MIF_CD74_FAMILY,SCP259_N539,0.0109779007928353,TRUE,10
1,20,0.2,Other epithelial,MIF_CD74_FAMILY,SCP259_N58,0.0109779007928353,TRUE,10
1,20,0.2,Other epithelial,MIF_CD74_FAMILY,SCP259_N661,0.0109779007928353,TRUE,10
1,20,0.2,Other epithelial,MIF_CD74_FAMILY,SCP259_N9,0.0125327456819259,TRUE,10
2,20,0.2,Other epithelial,MIF_CD74_FAMILY,SCP259_N106,0.0178741569482883,TRUE,10
2,20,0.2,Other epithelial,MIF_CD74_FAMILY,SCP259_N111,0.0147066244661973,TRUE,10
2,20,0.2,Other epithelial,MIF_CD74_FAMILY,SCP259_N23,0.0147066244661973,TRUE,10
2,20,0.2,Other epithelial,MIF_CD74_FAMILY,SCP259_N24,0.0173183741705691,TRUE,10
2,20,0.2,Other epithelial,MIF_CD74_FAMILY,SCP259_N44,0.0178741569482883,TRUE,10
2,20,0.2,Other epithelial,MIF_CD74_FAMILY,SCP259_N49,0.0178741569482883,TRUE,10
2,20,0.2,Other epithelial,MIF_CD74_FAMILY,SCP259_N50,0.0178741569482883,TRUE,10
2,20,0.2,Other epithelial,MIF_CD74_FAMILY,SCP259_N539,0.0147066244661973,TRUE,10
2,20,0.2,Other epithelial,MIF_CD74_FAMILY,SCP259_N58,0.0147066244661973,TRUE,10
2,20,0.2,Other epithelial,MIF_CD74_FAMILY,SCP259_N661,0.0147066244661973,TRUE,10
2,20,0.2,Other epithelial,MIF_CD74_FAMILY,SCP259_N9,0.0178741569482883,TRUE,10
1,30,0.2,Other epithelial,MIF_CD74_FAMILY,SCP259_N106,0.0125327456819259,TRUE,10
1,30,0.2,Other epithelial,MIF_CD74_FAMILY,SCP259_N111,0.0109779007928353,TRUE,10
1,30,0.2,Other epithelial,MIF_CD74_FAMILY,SCP259_N23,0.0109779007928353,TRUE,10
1,30,0.2,Other epithelial,MIF_CD74_FAMILY,SCP259_N24,0.0124852670084801,TRUE,10
1,30,0.2,Other epithelial,MIF_CD74_FAMILY,SCP259_N44,0.0125327456819259,TRUE,10
1,30,0.2,Other epithelial,MIF_CD74_FAMILY,SCP259_N49,0.0125327456819259,TRUE,10
1,30,0.2,Other epithelial,MIF_CD74_FAMILY,SCP259_N50,0.0125327456819259,TRUE,10
1,30,0.2,Other epithelial,MIF_CD74_FAMILY,SCP259_N539,0.0109779007928353,TRUE,10
1,30,0.2,Other epithelial,MIF_CD74_FAMILY,SCP259_N58,0.0109779007928353,TRUE,10
1,30,0.2,Other epithelial,MIF_CD74_FAMILY,SCP259_N661,0.0109779007928353,TRUE,10
1,30,0.2,Other epithelial,MIF_CD74_FAMILY,SCP259_N9,0.0125327456819259,TRUE,10
2,30,0.2,Other epithelial,MIF_CD74_FAMILY,SCP259_N106,0.0152624072439166,TRUE,9
2,30,0.2,Other epithelial,MIF_CD74_FAMILY,SCP259_N111,0.0141508416884781,TRUE,9
2,30,0.2,Other epithelial,MIF_CD74_FAMILY,SCP259_N23,0.0141508416884781,TRUE,9
2,30,0.2,Other epithelial,MIF_CD74_FAMILY,SCP259_N24,0.0141508416884781,TRUE,9
2,30,0.2,Other epithelial,MIF_CD74_FAMILY,SCP259_N44,0.0152624072439166,TRUE,9
2,30,0.2,Other epithelial,MIF_CD74_FAMILY,SCP259_N49,0.0152624072439166,TRUE,9
2,30,0.2,Other epithelial,MIF_CD74_FAMILY,SCP259_N50,0.0152624072439166,TRUE,9
2,30,0.2,Other epithelial,MIF_CD74_FAMILY,SCP259_N58,0.0141508416884781,TRUE,9
2,30,0.2,Other epithelial,MIF_CD74_FAMILY,SCP259_N661,0.0141508416884781,TRUE,9
2,30,0.2,Other epithelial,MIF_CD74_FAMILY,SCP259_N9,0.0152624072439166,TRUE,9
1,10,0.05,T/NK,MIF_CD74_FAMILY,SCP259_N106,0.00719094979165143,TRUE,11
1,10,0.05,T/NK,MIF_CD74_FAMILY,SCP259_N111,0.00719094979165143,TRUE,11
1,10,0.05,T/NK,MIF_CD74_FAMILY,SCP259_N23,0.00701446766163318,TRUE,11
1,10,0.05,T/NK,MIF_CD74_FAMILY,SCP259_N24,0.00719094979165143,TRUE,11
1,10,0.05,T/NK,MIF_CD74_FAMILY,SCP259_N44,0.00719094979165143,TRUE,11
1,10,0.05,T/NK,MIF_CD74_FAMILY,SCP259_N49,0.00719094979165143,TRUE,11
1,10,0.05,T/NK,MIF_CD74_FAMILY,SCP259_N50,0.00719094979165143,TRUE,11
1,10,0.05,T/NK,MIF_CD74_FAMILY,SCP259_N52,0.00701446766163318,TRUE,11
1,10,0.05,T/NK,MIF_CD74_FAMILY,SCP259_N539,0.00701446766163318,TRUE,11
1,10,0.05,T/NK,MIF_CD74_FAMILY,SCP259_N58,0.00701446766163318,TRUE,11
1,10,0.05,T/NK,MIF_CD74_FAMILY,SCP259_N661,0.00701446766163318,TRUE,11
1,10,0.05,T/NK,MIF_CD74_FAMILY,SCP259_N9,0.00701446766163318,TRUE,11
2,10,0.05,T/NK,MIF_CD74_FAMILY,SCP259_N106,0.0128954364642772,TRUE,10
2,10,0.05,T/NK,MIF_CD74_FAMILY,SCP259_N111,0.010624219027297,TRUE,10
2,10,0.05,T/NK,MIF_CD74_FAMILY,SCP259_N23,0.010624219027297,TRUE,10
2,10,0.05,T/NK,MIF_CD74_FAMILY,SCP259_N24,0.0128954364642772,TRUE,10
2,10,0.05,T/NK,MIF_CD74_FAMILY,SCP259_N44,0.0128954364642772,TRUE,10
2,10,0.05,T/NK,MIF_CD74_FAMILY,SCP259_N49,0.0128954364642772,TRUE,10
2,10,0.05,T/NK,MIF_CD74_FAMILY,SCP259_N50,0.0128954364642772,TRUE,10
2,10,0.05,T/NK,MIF_CD74_FAMILY,SCP259_N539,0.010624219027297,TRUE,10
2,10,0.05,T/NK,MIF_CD74_FAMILY,SCP259_N58,0.010624219027297,TRUE,10
2,10,0.05,T/NK,MIF_CD74_FAMILY,SCP259_N661,0.0106680194250152,TRUE,10
2,10,0.05,T/NK,MIF_CD74_FAMILY,SCP259_N9,0.010624219027297,TRUE,10
1,20,0.05,T/NK,MIF_CD74_FAMILY,SCP259_N106,0.00726300356420002,TRUE,10
1,20,0.05,T/NK,MIF_CD74_FAMILY,SCP259_N111,0.0072407354851559,TRUE,10
1,20,0.05,T/NK,MIF_CD74_FAMILY,SCP259_N23,0.00699219958258905,TRUE,10
1,20,0.05,T/NK,MIF_CD74_FAMILY,SCP259_N24,0.00726300356420002,TRUE,10
1,20,0.05,T/NK,MIF_CD74_FAMILY,SCP259_N44,0.00726300356420002,TRUE,10
1,20,0.05,T/NK,MIF_CD74_FAMILY,SCP259_N49,0.00726300356420002,TRUE,10
1,20,0.05,T/NK,MIF_CD74_FAMILY,SCP259_N50,0.00726300356420002,TRUE,10
1,20,0.05,T/NK,MIF_CD74_FAMILY,SCP259_N539,0.00699219958258905,TRUE,10
1,20,0.05,T/NK,MIF_CD74_FAMILY,SCP259_N58,0.00699219958258905,TRUE,10
1,20,0.05,T/NK,MIF_CD74_FAMILY,SCP259_N661,0.00699219958258905,TRUE,10
1,20,0.05,T/NK,MIF_CD74_FAMILY,SCP259_N9,0.00699219958258905,TRUE,10
2,20,0.05,T/NK,MIF_CD74_FAMILY,SCP259_N106,0.0128954364642772,TRUE,10
2,20,0.05,T/NK,MIF_CD74_FAMILY,SCP259_N111,0.010624219027297,TRUE,10
2,20,0.05,T/NK,MIF_CD74_FAMILY,SCP259_N23,0.010624219027297,TRUE,10
2,20,0.05,T/NK,MIF_CD74_FAMILY,SCP259_N24,0.0128954364642772,TRUE,10
2,20,0.05,T/NK,MIF_CD74_FAMILY,SCP259_N44,0.0128954364642772,TRUE,10
2,20,0.05,T/NK,MIF_CD74_FAMILY,SCP259_N49,0.0128954364642772,TRUE,10
2,20,0.05,T/NK,MIF_CD74_FAMILY,SCP259_N50,0.0128954364642772,TRUE,10
2,20,0.05,T/NK,MIF_CD74_FAMILY,SCP259_N539,0.010624219027297,TRUE,10
2,20,0.05,T/NK,MIF_CD74_FAMILY,SCP259_N58,0.010624219027297,TRUE,10
2,20,0.05,T/NK,MIF_CD74_FAMILY,SCP259_N661,0.0106680194250152,TRUE,10
2,20,0.05,T/NK,MIF_CD74_FAMILY,SCP259_N9,0.010624219027297,TRUE,10
1,30,0.05,T/NK,MIF_CD74_FAMILY,SCP259_N106,0.00726300356420002,TRUE,10
1,30,0.05,T/NK,MIF_CD74_FAMILY,SCP259_N111,0.0072407354851559,TRUE,10
1,30,0.05,T/NK,MIF_CD74_FAMILY,SCP259_N23,0.00699219958258905,TRUE,10
1,30,0.05,T/NK,MIF_CD74_FAMILY,SCP259_N24,0.00726300356420002,TRUE,10
1,30,0.05,T/NK,MIF_CD74_FAMILY,SCP259_N44,0.00726300356420002,TRUE,10
1,30,0.05,T/NK,MIF_CD74_FAMILY,SCP259_N49,0.00726300356420002,TRUE,10
1,30,0.05,T/NK,MIF_CD74_FAMILY,SCP259_N50,0.00726300356420002,TRUE,10
1,30,0.05,T/NK,MIF_CD74_FAMILY,SCP259_N539,0.00699219958258905,TRUE,10
1,30,0.05,T/NK,MIF_CD74_FAMILY,SCP259_N58,0.00699219958258905,TRUE,10
1,30,0.05,T/NK,MIF_CD74_FAMILY,SCP259_N661,0.00699219958258905,TRUE,10
1,30,0.05,T/NK,MIF_CD74_FAMILY,SCP259_N9,0.00699219958258905,TRUE,10
2,30,0.05,T/NK,MIF_CD74_FAMILY,SCP259_N106,0.012851636066559,TRUE,9
2,30,0.05,T/NK,MIF_CD74_FAMILY,SCP259_N111,0.00839680198803491,TRUE,9
2,30,0.05,T/NK,MIF_CD74_FAMILY,SCP259_N23,0.00839680198803491,TRUE,9
2,30,0.05,T/NK,MIF_CD74_FAMILY,SCP259_N24,0.012851636066559,TRUE,9
2,30,0.05,T/NK,MIF_CD74_FAMILY,SCP259_N44,0.012851636066559,TRUE,9
2,30,0.05,T/NK,MIF_CD74_FAMILY,SCP259_N49,0.012851636066559,TRUE,9
2,30,0.05,T/NK,MIF_CD74_FAMILY,SCP259_N50,0.012851636066559,TRUE,9
2,30,0.05,T/NK,MIF_CD74_FAMILY,SCP259_N58,0.00839680198803491,TRUE,9
2,30,0.05,T/NK,MIF_CD74_FAMILY,SCP259_N661,0.00839680198803491,TRUE,9
2,30,0.05,T/NK,MIF_CD74_FAMILY,SCP259_N9,0.00839680198803491,TRUE,9
1,10,0.1,T/NK,MIF_CD74_FAMILY,SCP259_N106,0.00758725935632313,TRUE,11
1,10,0.1,T/NK,MIF_CD74_FAMILY,SCP259_N111,0.00751153946676687,TRUE,11
1,10,0.1,T/NK,MIF_CD74_FAMILY,SCP259_N23,0.00751153946676687,TRUE,11
1,10,0.1,T/NK,MIF_CD74_FAMILY,SCP259_N24,0.00758725935632313,TRUE,11
1,10,0.1,T/NK,MIF_CD74_FAMILY,SCP259_N44,0.00758725935632313,TRUE,11
1,10,0.1,T/NK,MIF_CD74_FAMILY,SCP259_N49,0.00758725935632313,TRUE,11
1,10,0.1,T/NK,MIF_CD74_FAMILY,SCP259_N50,0.00758725935632313,TRUE,11
1,10,0.1,T/NK,MIF_CD74_FAMILY,SCP259_N52,0.00751153946676687,TRUE,11
1,10,0.1,T/NK,MIF_CD74_FAMILY,SCP259_N539,0.00751153946676687,TRUE,11
1,10,0.1,T/NK,MIF_CD74_FAMILY,SCP259_N58,0.00751153946676687,TRUE,11
1,10,0.1,T/NK,MIF_CD74_FAMILY,SCP259_N661,0.00751153946676687,TRUE,11
1,10,0.1,T/NK,MIF_CD74_FAMILY,SCP259_N9,0.00758725935632313,TRUE,11
2,10,0.1,T/NK,MIF_CD74_FAMILY,SCP259_N106,0.0128954364642772,TRUE,10
2,10,0.1,T/NK,MIF_CD74_FAMILY,SCP259_N111,0.010624219027297,TRUE,10
2,10,0.1,T/NK,MIF_CD74_FAMILY,SCP259_N23,0.010624219027297,TRUE,10
2,10,0.1,T/NK,MIF_CD74_FAMILY,SCP259_N24,0.0128954364642772,TRUE,10
2,10,0.1,T/NK,MIF_CD74_FAMILY,SCP259_N44,0.0128954364642772,TRUE,10
2,10,0.1,T/NK,MIF_CD74_FAMILY,SCP259_N49,0.0128954364642772,TRUE,10
2,10,0.1,T/NK,MIF_CD74_FAMILY,SCP259_N50,0.0128954364642772,TRUE,10
2,10,0.1,T/NK,MIF_CD74_FAMILY,SCP259_N539,0.010624219027297,TRUE,10
2,10,0.1,T/NK,MIF_CD74_FAMILY,SCP259_N58,0.010624219027297,TRUE,10
2,10,0.1,T/NK,MIF_CD74_FAMILY,SCP259_N661,0.0106680194250152,TRUE,10
2,10,0.1,T/NK,MIF_CD74_FAMILY,SCP259_N9,0.010624219027297,TRUE,10
1,20,0.1,T/NK,MIF_CD74_FAMILY,SCP259_N106,0.00814572683126092,TRUE,10
1,20,0.1,T/NK,MIF_CD74_FAMILY,SCP259_N111,0.0072407354851559,TRUE,10
1,20,0.1,T/NK,MIF_CD74_FAMILY,SCP259_N23,0.0072407354851559,TRUE,10
1,20,0.1,T/NK,MIF_CD74_FAMILY,SCP259_N24,0.00814572683126092,TRUE,10
1,20,0.1,T/NK,MIF_CD74_FAMILY,SCP259_N44,0.00814572683126092,TRUE,10
1,20,0.1,T/NK,MIF_CD74_FAMILY,SCP259_N49,0.00814572683126092,TRUE,10
1,20,0.1,T/NK,MIF_CD74_FAMILY,SCP259_N50,0.00814572683126092,TRUE,10
1,20,0.1,T/NK,MIF_CD74_FAMILY,SCP259_N539,0.0072407354851559,TRUE,10
1,20,0.1,T/NK,MIF_CD74_FAMILY,SCP259_N58,0.0072407354851559,TRUE,10
1,20,0.1,T/NK,MIF_CD74_FAMILY,SCP259_N661,0.0072407354851559,TRUE,10
1,20,0.1,T/NK,MIF_CD74_FAMILY,SCP259_N9,0.00787492284964995,TRUE,10
2,20,0.1,T/NK,MIF_CD74_FAMILY,SCP259_N106,0.0128954364642772,TRUE,10
2,20,0.1,T/NK,MIF_CD74_FAMILY,SCP259_N111,0.010624219027297,TRUE,10
2,20,0.1,T/NK,MIF_CD74_FAMILY,SCP259_N23,0.010624219027297,TRUE,10
2,20,0.1,T/NK,MIF_CD74_FAMILY,SCP259_N24,0.0128954364642772,TRUE,10
2,20,0.1,T/NK,MIF_CD74_FAMILY,SCP259_N44,0.0128954364642772,TRUE,10
2,20,0.1,T/NK,MIF_CD74_FAMILY,SCP259_N49,0.0128954364642772,TRUE,10
2,20,0.1,T/NK,MIF_CD74_FAMILY,SCP259_N50,0.0128954364642772,TRUE,10
2,20,0.1,T/NK,MIF_CD74_FAMILY,SCP259_N539,0.010624219027297,TRUE,10
2,20,0.1,T/NK,MIF_CD74_FAMILY,SCP259_N58,0.010624219027297,TRUE,10
2,20,0.1,T/NK,MIF_CD74_FAMILY,SCP259_N661,0.0106680194250152,TRUE,10
2,20,0.1,T/NK,MIF_CD74_FAMILY,SCP259_N9,0.010624219027297,TRUE,10
1,30,0.1,T/NK,MIF_CD74_FAMILY,SCP259_N106,0.00814572683126092,TRUE,10
1,30,0.1,T/NK,MIF_CD74_FAMILY,SCP259_N111,0.0072407354851559,TRUE,10
1,30,0.1,T/NK,MIF_CD74_FAMILY,SCP259_N23,0.0072407354851559,TRUE,10
1,30,0.1,T/NK,MIF_CD74_FAMILY,SCP259_N24,0.00814572683126092,TRUE,10
1,30,0.1,T/NK,MIF_CD74_FAMILY,SCP259_N44,0.00814572683126092,TRUE,10
1,30,0.1,T/NK,MIF_CD74_FAMILY,SCP259_N49,0.00814572683126092,TRUE,10
1,30,0.1,T/NK,MIF_CD74_FAMILY,SCP259_N50,0.00814572683126092,TRUE,10
1,30,0.1,T/NK,MIF_CD74_FAMILY,SCP259_N539,0.0072407354851559,TRUE,10
1,30,0.1,T/NK,MIF_CD74_FAMILY,SCP259_N58,0.0072407354851559,TRUE,10
1,30,0.1,T/NK,MIF_CD74_FAMILY,SCP259_N661,0.0072407354851559,TRUE,10
1,30,0.1,T/NK,MIF_CD74_FAMILY,SCP259_N9,0.00787492284964995,TRUE,10
2,30,0.1,T/NK,MIF_CD74_FAMILY,SCP259_N106,0.012851636066559,TRUE,9
2,30,0.1,T/NK,MIF_CD74_FAMILY,SCP259_N111,0.00839680198803491,TRUE,9
2,30,0.1,T/NK,MIF_CD74_FAMILY,SCP259_N23,0.00839680198803491,TRUE,9
2,30,0.1,T/NK,MIF_CD74_FAMILY,SCP259_N24,0.012851636066559,TRUE,9
2,30,0.1,T/NK,MIF_CD74_FAMILY,SCP259_N44,0.012851636066559,TRUE,9
2,30,0.1,T/NK,MIF_CD74_FAMILY,SCP259_N49,0.012851636066559,TRUE,9
2,30,0.1,T/NK,MIF_CD74_FAMILY,SCP259_N50,0.012851636066559,TRUE,9
2,30,0.1,T/NK,MIF_CD74_FAMILY,SCP259_N58,0.00839680198803491,TRUE,9
2,30,0.1,T/NK,MIF_CD74_FAMILY,SCP259_N661,0.00839680198803491,TRUE,9
2,30,0.1,T/NK,MIF_CD74_FAMILY,SCP259_N9,0.00839680198803491,TRUE,9
1,10,0.2,T/NK,MIF_CD74_FAMILY,SCP259_N106,0.00736583879506458,TRUE,4
1,10,0.2,T/NK,MIF_CD74_FAMILY,SCP259_N23,0.00505307348560851,TRUE,4
1,10,0.2,T/NK,MIF_CD74_FAMILY,SCP259_N49,0.00646714888629891,TRUE,4
1,10,0.2,T/NK,MIF_CD74_FAMILY,SCP259_N661,0.00505307348560851,TRUE,4
1,10,0.2,T/NK,MIF_CD74_FAMILY,SCP259_N9,0.00736583879506458,TRUE,4
2,10,0.2,T/NK,MIF_CD74_FAMILY,SCP259_N106,0.0117664886380824,TRUE,4
2,10,0.2,T/NK,MIF_CD74_FAMILY,SCP259_N23,0.00584576602482157,TRUE,4
2,10,0.2,T/NK,MIF_CD74_FAMILY,SCP259_N49,0.0117664886380824,TRUE,4
2,10,0.2,T/NK,MIF_CD74_FAMILY,SCP259_N661,0.00584576602482157,TRUE,4
2,10,0.2,T/NK,MIF_CD74_FAMILY,SCP259_N9,0.0069309134532982,TRUE,4
1,20,0.2,T/NK,MIF_CD74_FAMILY,SCP259_N106,0.00736583879506458,TRUE,4
1,20,0.2,T/NK,MIF_CD74_FAMILY,SCP259_N23,0.00505307348560851,TRUE,4
1,20,0.2,T/NK,MIF_CD74_FAMILY,SCP259_N49,0.00646714888629891,TRUE,4
1,20,0.2,T/NK,MIF_CD74_FAMILY,SCP259_N661,0.00505307348560851,TRUE,4
1,20,0.2,T/NK,MIF_CD74_FAMILY,SCP259_N9,0.00736583879506458,TRUE,4
2,20,0.2,T/NK,MIF_CD74_FAMILY,SCP259_N106,0.0117664886380824,TRUE,4
2,20,0.2,T/NK,MIF_CD74_FAMILY,SCP259_N23,0.00584576602482157,TRUE,4
2,20,0.2,T/NK,MIF_CD74_FAMILY,SCP259_N49,0.0117664886380824,TRUE,4
2,20,0.2,T/NK,MIF_CD74_FAMILY,SCP259_N661,0.00584576602482157,TRUE,4
2,20,0.2,T/NK,MIF_CD74_FAMILY,SCP259_N9,0.0069309134532982,TRUE,4
1,30,0.2,T/NK,MIF_CD74_FAMILY,SCP259_N106,0.00736583879506458,TRUE,4
1,30,0.2,T/NK,MIF_CD74_FAMILY,SCP259_N23,0.00505307348560851,TRUE,4
1,30,0.2,T/NK,MIF_CD74_FAMILY,SCP259_N49,0.00646714888629891,TRUE,4
1,30,0.2,T/NK,MIF_CD74_FAMILY,SCP259_N661,0.00505307348560851,TRUE,4
1,30,0.2,T/NK,MIF_CD74_FAMILY,SCP259_N9,0.00736583879506458,TRUE,4
2,30,0.2,T/NK,MIF_CD74_FAMILY,SCP259_N106,0.0117664886380824,TRUE,4
2,30,0.2,T/NK,MIF_CD74_FAMILY,SCP259_N23,0.00584576602482157,TRUE,4
2,30,0.2,T/NK,MIF_CD74_FAMILY,SCP259_N49,0.0117664886380824,TRUE,4
2,30,0.2,T/NK,MIF_CD74_FAMILY,SCP259_N661,0.00584576602482157,TRUE,4
2,30,0.2,T/NK,MIF_CD74_FAMILY,SCP259_N9,0.0069309134532982,TRUE,4
