signature,rank,gene,log2FC,P,FDR,matched_singlecell,projection_weight
SC_GART_NEAREST_CENTROID_PROGRAM,1,NOC2L,0.158144377319858,0.0093762818605382,0.042907179084116,True,0.07008172831940962
SC_GART_NEAREST_CENTROID_PROGRAM,2,C1orf159,0.278001486992282,0.0054996151211517,0.0298023984313525,True,0.027201615847127547
SC_GART_NEAREST_CENTROID_PROGRAM,3,PUSL1,0.348621272737075,0.0001544087003786,0.002568321587314,True,0.05024009578384325
SC_GART_NEAREST_CENTROID_PROGRAM,4,ATAD3B,0.312672790934363,0.000268883556124,0.0037034096657815,True,0.051418071988962866
SC_GART_NEAREST_CENTROID_PROGRAM,5,ATAD3A,0.369224623223457,1.10564157288303e-05,0.0004616041942287,True,0.0684439582129438
SC_GART_NEAREST_CENTROID_PROGRAM,6,PARK7,0.238084120566589,1.07023811237157e-05,0.0004521957197347,True,0.04470803189492634
SC_GART_NEAREST_CENTROID_PROGRAM,7,ENO1,0.178509945910428,0.0021105013008033,0.0152441671720624,True,0.02131919722046538
SC_GART_NEAREST_CENTROID_PROGRAM,8,SRM,0.394543709528992,1.01279080527447e-05,0.000434794481155,True,0.09873760399197873
SC_GART_NEAREST_CENTROID_PROGRAM,9,MAD2L2,0.291380080969297,0.0039434782753869,0.0237136181578782,True,0.04284863764664826
SC_GART_NEAREST_CENTROID_PROGRAM,10,AGTRAP,0.221332277253482,0.0011665314238311,0.0102267134730405,True,0.06198788460423177
SC_GART_NEAREST_CENTROID_PROGRAM,11,RCC2,0.202346458863497,0.0065205267527668,0.0334670606078245,True,0.07286865941789444
SC_GART_NEAREST_CENTROID_PROGRAM,12,MRTO4,0.334675070790128,0.0001585879119793,0.0026172827352953,True,0.07400882438338818
SC_GART_NEAREST_CENTROID_PROGRAM,13,HNRNPR,0.188039598365502,0.0009981974497235,0.0091806392286763,True,0.07773670794628451
SC_GART_NEAREST_CENTROID_PROGRAM,14,E2F2,0.333916404439024,0.0044537912792798,0.025727477364386,True,0.028464752991975484
SC_GART_NEAREST_CENTROID_PROGRAM,15,STMN1,0.389602067728787,1.85999781418617e-06,0.0001418545459041,True,0.0955780353001332
SC_GART_NEAREST_CENTROID_PROGRAM,16,UBXN11,0.228796901901879,0.0104329452036152,0.0460730338481065,True,0.03308419166534837
SC_GART_NEAREST_CENTROID_PROGRAM,17,HMGN2,0.168156066267625,0.0005091644944225,0.0058214646518974,True,0.04837775850378456
SC_GART_NEAREST_CENTROID_PROGRAM,18,NUDC,0.270901887742049,4.10256218971053e-05,0.0010798289566781,True,0.08642986068586556
SC_GART_NEAREST_CENTROID_PROGRAM,19,RPA2,0.461856436577322,6.27664327741749e-06,0.0003163371919053,True,0.07074541662094735
SC_GART_NEAREST_CENTROID_PROGRAM,20,RCC1,0.281044806462021,0.0023667041871402,0.0164498381937345,True,0.05903643518308899
SC_GART_NEAREST_CENTROID_PROGRAM,21,SNRNP40,0.419466009486813,3.6416009451719e-06,0.0002131664219936,True,0.09119122082289777
SC_GART_NEAREST_CENTROID_PROGRAM,22,EIF3I,0.158512201256363,0.0011490816789633,0.0101211042240353,True,0.060974099351577715
SC_GART_NEAREST_CENTROID_PROGRAM,23,RBBP4,0.167247539312905,0.0038115596980169,0.023093325846907,True,0.07646119022648312
SC_GART_NEAREST_CENTROID_PROGRAM,24,AK2,0.172117260347391,0.0006453476395176,0.0068489727294983,True,0.07751202712362137
SC_GART_NEAREST_CENTROID_PROGRAM,25,PSMB2,0.211726022707644,0.0018982554783246,0.0141381665479725,True,0.06291009567645378
SC_GART_NEAREST_CENTROID_PROGRAM,26,CLSPN,0.617286790297424,3.07592398570581e-06,0.0001848914634242,True,0.052566932698961844
SC_GART_NEAREST_CENTROID_PROGRAM,27,MRPS15,0.156014789626598,0.0060109897879806,0.031746952174396,True,0.07052196295692759
SC_GART_NEAREST_CENTROID_PROGRAM,28,C1orf109,0.319206691010281,0.0077303275296732,0.0375232697613701,True,0.02470351082467448
SC_GART_NEAREST_CENTROID_PROGRAM,29,CDCA8,0.383331303356981,0.0006650872043238,0.0069728685535404,True,0.04153451523749485
SC_GART_NEAREST_CENTROID_PROGRAM,30,MANEAL,0.515892914876415,9.67971423381621e-05,0.0019289061750684,True,0.027897862824037167
SC_GART_NEAREST_CENTROID_PROGRAM,31,SF3A3,0.215809111889383,0.0026637346115711,0.0180347670478601,True,0.05927488274453119
SC_GART_NEAREST_CENTROID_PROGRAM,32,PPIE,0.201726994999843,0.003099273281826,0.0199614512403685,True,0.06255956484360736
SC_GART_NEAREST_CENTROID_PROGRAM,33,CTPS1,0.469981195303352,0.0001017013316821,0.0019802910121721,True,0.04141417062017272
SC_GART_NEAREST_CENTROID_PROGRAM,34,PPIH,0.296704180463222,5.99225364807386e-05,0.0014026788871402,True,0.07591619152809426
SC_GART_NEAREST_CENTROID_PROGRAM,35,EBNA1BP2,0.279437325249184,0.000118073566083,0.0021841165897136,True,0.08282380370338926
SC_GART_NEAREST_CENTROID_PROGRAM,36,CDC20,0.446166211067721,0.0034476891537655,0.0214198885567557,True,0.07528928634801602
SC_GART_NEAREST_CENTROID_PROGRAM,37,B4GALT2,0.246341180336637,0.0066502716261876,0.0339583838285884,True,0.042616691745007707
SC_GART_NEAREST_CENTROID_PROGRAM,38,ERI3,0.237853197226866,0.0006154942495226,0.0066007059831922,True,0.0755340116606511
SC_GART_NEAREST_CENTROID_PROGRAM,39,KIF2C,0.586836985287893,9.40459149412551e-06,0.0004156511103948,True,0.02664940714966646
SC_GART_NEAREST_CENTROID_PROGRAM,40,EIF2B3,0.270818057960259,0.0059975348685097,0.0316907825045514,True,0.03608383553837491
SC_GART_NEAREST_CENTROID_PROGRAM,41,HPDL,0.425916146046228,4.67794556811443e-05,0.0011735587107151,True,0.03575405024482681
SC_GART_NEAREST_CENTROID_PROGRAM,42,NASP,0.39775746364724,1.5344471141034e-06,0.0001286486933038,True,0.09146704308056841
SC_GART_NEAREST_CENTROID_PROGRAM,43,RAD54L,0.694670652046295,3.63969604565174e-05,0.0009977205818799,True,0.020859309295024553
SC_GART_NEAREST_CENTROID_PROGRAM,44,STIL,0.399713810241261,0.0002092598571159,0.0031316531746023,True,0.02914713120710455
SC_GART_NEAREST_CENTROID_PROGRAM,45,CDKN2C,0.468666878654768,0.000145884431743,0.0024581636107354,True,0.032481045635419314
SC_GART_NEAREST_CENTROID_PROGRAM,46,ORC1,0.610688327233401,0.0021912746794706,0.0155428773250126,True,0.017700920715620128
SC_GART_NEAREST_CENTROID_PROGRAM,47,MAGOH,0.268443857076418,6.07912268493549e-05,0.0014150682293216,True,0.08223813420598758
SC_GART_NEAREST_CENTROID_PROGRAM,48,LRP8,0.570517983856349,0.0011955052723933,0.0103915574295659,True,0.012103214211777957
SC_GART_NEAREST_CENTROID_PROGRAM,49,NDC1,0.235366559626848,0.0109202690299935,0.0475524616924047,True,0.04799217247831211
SC_GART_NEAREST_CENTROID_PROGRAM,50,MRPL37,0.181813114699443,0.0065315269107166,0.0334737031233673,True,0.0853640107217023
SC_GART_NEAREST_CENTROID_PROGRAM,51,L1TD1,0.359540873754768,0.0029154410859255,0.0192069691665131,True,0.04715452906053641
SC_GART_NEAREST_CENTROID_PROGRAM,52,USP1,0.343716829052506,2.43581152109927e-05,0.0007520902660888,True,0.08268863894760892
SC_GART_NEAREST_CENTROID_PROGRAM,53,ITGB3BP,0.312492208984181,0.0001043489693652,0.0020116261864417,True,0.06151754277535437
SC_GART_NEAREST_CENTROID_PROGRAM,54,DEPDC1,0.338976890992487,0.0030295585162923,0.0197386713997734,True,0.03059622681320784
SC_GART_NEAREST_CENTROID_PROGRAM,55,SSX2IP,0.346939075570173,0.0004687684019813,0.0054595731293967,True,0.03486849863412689
SC_GART_NEAREST_CENTROID_PROGRAM,56,CLCA1,0.586121632627946,0.0009917458478434,0.0091291235760642,True,0.05377025439318961
SC_GART_NEAREST_CENTROID_PROGRAM,57,CDC7,0.764806752835361,3.01533895108131e-05,0.0008601369155127,True,0.02172947600922659
SC_GART_NEAREST_CENTROID_PROGRAM,58,PSMA5,0.202648888974226,0.0020499440898755,0.0148699280782353,True,0.06562616790164699
SC_GART_NEAREST_CENTROID_PROGRAM,59,AMPD2,0.303112111045705,0.0064576808990588,0.0332468509503078,True,0.025845134475190767
SC_GART_NEAREST_CENTROID_PROGRAM,60,DCLRE1B,0.605887151309927,9.35073709482731e-05,0.0018969843719993,True,0.022480343921953083
SC_GART_NEAREST_CENTROID_PROGRAM,61,TTF2,0.313708332415809,0.0063739999955426,0.0329670436953077,True,0.040627403619183156
SC_GART_NEAREST_CENTROID_PROGRAM,62,WDR3,0.235103687082699,0.0112941365997703,0.0487835515929357,True,0.02705566050400343
SC_GART_NEAREST_CENTROID_PROGRAM,63,PDE4DIP,0.208647053393342,0.0021882610485553,0.0155428773250126,True,0.046327613894504016
SC_GART_NEAREST_CENTROID_PROGRAM,64,PSMD4,0.14959147606457,0.0053820736602113,0.0293921894398034,True,0.06742248570789033
SC_GART_NEAREST_CENTROID_PROGRAM,65,MRPL9,0.178460592321559,0.0056870796582996,0.030523919904312,True,0.06598358587937814
SC_GART_NEAREST_CENTROID_PROGRAM,66,ILF2,0.298651477492324,3.57322153685929e-06,0.0002102588316898,True,0.08187985480892046
SC_GART_NEAREST_CENTROID_PROGRAM,67,CREB3L4,0.354371666741843,0.0006627499283297,0.0069548519556474,True,0.043131097050903455
SC_GART_NEAREST_CENTROID_PROGRAM,68,CKS1B,0.318499078930826,5.32766487168889e-07,6.88248568884039e-05,True,0.0948876199813774
SC_GART_NEAREST_CENTROID_PROGRAM,69,FDPS,0.171168533263695,0.0017842017199811,0.0135674175445658,True,0.06376161800444435
SC_GART_NEAREST_CENTROID_PROGRAM,70,PMF1,0.154696834841252,0.0075806017303024,0.0370890027951087,True,0.06968129880848106
SC_GART_NEAREST_CENTROID_PROGRAM,71,CCT3,0.153058763321795,0.0070695440620488,0.0353760488483378,True,0.07280059118118876
SC_GART_NEAREST_CENTROID_PROGRAM,72,MRPL24,0.211949733048483,0.0070142062859772,0.0352246043110359,True,0.07746197700251323
SC_GART_NEAREST_CENTROID_PROGRAM,73,TAGLN2,0.162424841335334,0.0009352285850346,0.0088916134427266,True,0.045397018232248953
SC_GART_NEAREST_CENTROID_PROGRAM,74,ITLN1,0.535532466319693,0.0065044839557857,0.0334265638678903,True,0.05471673196680338
SC_GART_NEAREST_CENTROID_PROGRAM,75,PFDN2,0.167784165477296,0.0013885518597663,0.0114693623067631,True,0.07204840852870964
SC_GART_NEAREST_CENTROID_PROGRAM,76,NUF2,0.489740715619928,5.41063418799183e-05,0.0013043354525709,True,0.03638866967249088
SC_GART_NEAREST_CENTROID_PROGRAM,77,C1orf112,0.615177288036554,0.0001020037091203,0.0019802910121721,True,0.017212766525906864
SC_GART_NEAREST_CENTROID_PROGRAM,78,CACYBP,0.29415883717687,5.14196558153378e-06,0.0002788304915106,True,0.09190854024873107
SC_GART_NEAREST_CENTROID_PROGRAM,79,MRPS14,0.17446353271738,0.0019099452084464,0.0141876233957236,True,0.0787002681295802
SC_GART_NEAREST_CENTROID_PROGRAM,80,TOR3A,0.322782170149105,6.58633693634889e-05,0.0014834437039604,True,0.0634946015706731
SC_GART_NEAREST_CENTROID_PROGRAM,81,ACBD6,0.218086937510967,0.009864939887564,0.0444021062860761,True,0.050553188283394945
SC_GART_NEAREST_CENTROID_PROGRAM,82,DHX9,0.202529862358707,0.0010195643655452,0.0092784485055569,True,0.07863214119336581
SC_GART_NEAREST_CENTROID_PROGRAM,83,TMEM9,0.179238870658795,0.0091426956642614,0.0421126051518993,True,0.058038944892325306
SC_GART_NEAREST_CENTROID_PROGRAM,84,TIMM17A,0.171697805081064,0.001161024934361,0.0102023137117153,True,0.07606809927714286
SC_GART_NEAREST_CENTROID_PROGRAM,85,UBE2T,0.72359178590984,2.10603454318436e-10,7.88990741028299e-07,True,0.0978471868907218
SC_GART_NEAREST_CENTROID_PROGRAM,86,SNRPE,0.255080935449491,1.04390071214592e-05,0.0004460988632626,True,0.05575544787071973
SC_GART_NEAREST_CENTROID_PROGRAM,87,NEK2,0.345171702024759,0.0030641716134109,0.0198290851308049,True,0.03094035819800134
SC_GART_NEAREST_CENTROID_PROGRAM,88,DTL,0.708816731122702,7.66028731501667e-05,0.001658276416509,True,0.027648468214305777
SC_GART_NEAREST_CENTROID_PROGRAM,89,EPRS,0.203757311954938,0.0038143916154867,0.0230980319862371,True,0.07018820119599067
SC_GART_NEAREST_CENTROID_PROGRAM,90,PYCR2,0.250159344254296,0.004623397099906,0.0263902285453753,True,0.05025361409986984
SC_GART_NEAREST_CENTROID_PROGRAM,91,PARP1,0.400152754413613,5.09803455151997e-07,6.6958701725712e-05,True,0.09733298164474002
SC_GART_NEAREST_CENTROID_PROGRAM,92,C1orf35,0.23682025290757,0.0008754985919169,0.0085340231349133,True,0.06611262208452273
SC_GART_NEAREST_CENTROID_PROGRAM,93,MRPL55,0.202257456379455,0.0002567957060579,0.0035986620204308,True,0.0791077154732317
SC_GART_NEAREST_CENTROID_PROGRAM,94,COG2,0.273345316720122,0.0030376474405761,0.0197598132223937,True,0.049388354734799744
SC_GART_NEAREST_CENTROID_PROGRAM,95,C1orf198,0.28263612260843,0.0115849722832254,0.0495635719418234,True,0.025422621467268702
SC_GART_NEAREST_CENTROID_PROGRAM,96,TARBP1,0.351561966810379,0.0007859847806672,0.0078470307091619,True,0.04112738675624672
SC_GART_NEAREST_CENTROID_PROGRAM,97,RBM34,0.396766840096253,0.0078572081461896,0.0379619244403387,True,0.011065687531566892
SC_GART_NEAREST_CENTROID_PROGRAM,98,EDARADD,0.586929325246635,0.003739915706195,0.022757397196495,True,0.01500429626407529
SC_GART_NEAREST_CENTROID_PROGRAM,99,FH,0.15610650381718,0.0081623013181201,0.0388712307264207,True,0.07015445728035019
SC_GART_NEAREST_CENTROID_PROGRAM,100,ADI1,0.126179673971744,0.0096468907556375,0.0436685801385902,True,0.06419740040638466
SC_GART_NEAREST_CENTROID_PROGRAM,101,ITGB1BP1,0.194369393423579,0.0030057688908611,0.0196520282515348,True,0.07598258543771186
SC_GART_NEAREST_CENTROID_PROGRAM,102,RRM2,0.545894025026787,5.98859514519933e-08,1.68403360251536e-05,True,0.0907903418638848
SC_GART_NEAREST_CENTROID_PROGRAM,103,PDIA6,0.128378842241868,0.0038788929482471,0.0234003638461351,True,0.038597805817492614
SC_GART_NEAREST_CENTROID_PROGRAM,104,VSNL1,0.349415704948148,0.0013293733742992,0.0111408931625331,True,0.03910558764832217
SC_GART_NEAREST_CENTROID_PROGRAM,105,MFSD2B,0.672564351318353,6.32592846852222e-05,0.0014561530649683,True,0.030577517002767785
SC_GART_NEAREST_CENTROID_PROGRAM,106,ADCY3,0.416321642717435,0.000189789831825,0.0029340411552709,True,0.0252311305921481
SC_GART_NEAREST_CENTROID_PROGRAM,107,DTNB,0.54239970126588,0.0057880662062802,0.0309327369310415,True,0.012438272746501555
SC_GART_NEAREST_CENTROID_PROGRAM,108,C2orf70,0.508677588490094,0.0060786344779567,0.0319540565471261,True,0.010720322201684951
SC_GART_NEAREST_CENTROID_PROGRAM,109,KHK,0.682418541231241,6.12286357462022e-06,0.000314223121987,True,0.05718926809924241
SC_GART_NEAREST_CENTROID_PROGRAM,110,PREB,0.252618118663934,0.0004891022954824,0.0056495587861535,True,0.06280363944138012
SC_GART_NEAREST_CENTROID_PROGRAM,111,SLC5A6,0.322922917763542,0.0004529421495197,0.0053193488176095,True,0.0412377544474587
SC_GART_NEAREST_CENTROID_PROGRAM,112,CAD,0.486252115435842,1.65390915739868e-05,0.0005857175015452,True,0.04121433851285372
SC_GART_NEAREST_CENTROID_PROGRAM,113,PPM1G,0.232386862759219,6.24009687001853e-05,0.0014430545004555,True,0.08774544994062194
SC_GART_NEAREST_CENTROID_PROGRAM,114,KRTCAP3,0.164377947656798,0.0025136845168351,0.0171949484386553,True,0.06783481189384133
SC_GART_NEAREST_CENTROID_PROGRAM,115,TRMT61B,0.291629632789985,0.0026803129458144,0.0181033877391877,True,0.0338342418406119
SC_GART_NEAREST_CENTROID_PROGRAM,116,TTC27,0.368197109612511,0.0038409979529136,0.0231841976330807,True,0.023487418161753704
SC_GART_NEAREST_CENTROID_PROGRAM,117,SRSF7,0.25532518377977,7.31733942328036e-06,0.0003481906923681,True,0.07810060543571573
SC_GART_NEAREST_CENTROID_PROGRAM,118,GEMIN6,0.25205509858762,0.0017810584325921,0.0135618670216145,True,0.049342944827051705
SC_GART_NEAREST_CENTROID_PROGRAM,119,THADA,0.361578454560253,0.0019838984415557,0.0145447061869831,True,0.029202346660727296
SC_GART_NEAREST_CENTROID_PROGRAM,120,LRPPRC,0.179170574795293,0.0094407999414155,0.043132175016898,True,0.06253065134797664
SC_GART_NEAREST_CENTROID_PROGRAM,121,MSH2,0.419551006602665,0.0003107492543228,0.0040895911818906,True,0.04027340013269398
SC_GART_NEAREST_CENTROID_PROGRAM,122,MSH6,0.538094241346935,1.87269144544549e-05,0.0006320474220829,True,0.043354436403258756
SC_GART_NEAREST_CENTROID_PROGRAM,123,FANCL,0.357224359229261,0.0018583675457572,0.0139334175095172,True,0.04115967121787678
SC_GART_NEAREST_CENTROID_PROGRAM,124,FAM161A,0.715255508190675,0.0005523552688246,0.0061586516530956,True,0.015555751442236865
SC_GART_NEAREST_CENTROID_PROGRAM,125,CCT4,0.211659864198351,0.0020544463799932,0.0148871198354248,True,0.08021391592853822
SC_GART_NEAREST_CENTROID_PROGRAM,126,MDH1,0.202421819601381,0.0004025762779873,0.0048598869906553,True,0.07558903179126719
SC_GART_NEAREST_CENTROID_PROGRAM,127,SLC1A4,0.330452431904703,0.0011310307591737,0.0099855889256507,True,0.03624653147380508
SC_GART_NEAREST_CENTROID_PROGRAM,128,PNO1,0.329144677281336,0.0001501254329027,0.0025145450676504,True,0.05668904921941764
SC_GART_NEAREST_CENTROID_PROGRAM,129,SNRPG,0.172946282001398,0.0002347042567236,0.0034168926700998,True,0.031081909003438213
SC_GART_NEAREST_CENTROID_PROGRAM,130,SMYD5,0.418066080902917,0.0051441618671151,0.0285225630115968,True,0.016640143074287628
SC_GART_NEAREST_CENTROID_PROGRAM,131,CCT7,0.256957767575526,8.36271356409508e-06,0.0003867841059541,True,0.08420048873025854
SC_GART_NEAREST_CENTROID_PROGRAM,132,TPRKB,0.169070638456955,0.0017025416804586,0.0131420782600786,True,0.07880347433652268
SC_GART_NEAREST_CENTROID_PROGRAM,133,BOLA3,0.148855236849697,0.0022853626219095,0.0160232005662141,True,0.07560020332314943
SC_GART_NEAREST_CENTROID_PROGRAM,134,RTKN,0.261840988325247,0.0045458797231624,0.0260701351680662,True,0.04622699031677735
SC_GART_NEAREST_CENTROID_PROGRAM,135,MRPL53,0.301207693830011,0.0103740315554989,0.0459906359806235,True,0.029371237237038716
SC_GART_NEAREST_CENTROID_PROGRAM,136,HTRA2,0.272579576575078,0.0022325494001863,0.0157511755861232,True,0.04929051613805857
SC_GART_NEAREST_CENTROID_PROGRAM,137,REG1A,0.719920993650982,0.0012944728665301,0.0109717802013067,True,0.0249476835740855
SC_GART_NEAREST_CENTROID_PROGRAM,138,MAT2A,0.229934940228748,0.0004056198248057,0.0048756804395635,True,0.08153202740162335
SC_GART_NEAREST_CENTROID_PROGRAM,139,POLR1A,0.273414719333424,0.0069196679412085,0.0348863265236095,True,0.030292768368739398
SC_GART_NEAREST_CENTROID_PROGRAM,140,CIAO1,0.291304672314069,8.85840830554454e-05,0.0018402273124127,True,0.05903285098711475
SC_GART_NEAREST_CENTROID_PROGRAM,141,NCAPH,0.445289789278495,0.0016976322091847,0.0131131879031114,True,0.028617110270046653
SC_GART_NEAREST_CENTROID_PROGRAM,142,ANKRD39,0.215805867374249,0.005024035046084,0.0279946107500937,True,0.052677532602161015
SC_GART_NEAREST_CENTROID_PROGRAM,143,BUB1,0.618686588956028,4.79428478931701e-05,0.001186921424986,True,0.028231931992258708
SC_GART_NEAREST_CENTROID_PROGRAM,144,CKAP2L,0.397302121534803,0.0080418897121772,0.0384771385590294,True,0.016112932207063113
SC_GART_NEAREST_CENTROID_PROGRAM,145,TMEM177,0.267747378608487,0.0041113569272951,0.0244096885926413,True,0.03813195432637817
SC_GART_NEAREST_CENTROID_PROGRAM,146,SMPD4,0.269210046353653,0.0011139764947051,0.0098738027003087,True,0.04728511375268707
SC_GART_NEAREST_CENTROID_PROGRAM,147,MZT2B,0.143811351069012,0.0015970894972331,0.012596272883792,True,0.028358684715219296
SC_GART_NEAREST_CENTROID_PROGRAM,148,IMP4,0.195552793792825,0.0017217350527706,0.0132447503477685,True,0.07808297350448079
SC_GART_NEAREST_CENTROID_PROGRAM,149,MZT2A,0.218639413335585,2.63931799382866e-05,0.0007910211982037,True,0.0642405370800978
SC_GART_NEAREST_CENTROID_PROGRAM,150,MCM6,0.695327877433889,2.74806700301938e-07,4.60977985775147e-05,True,0.07198041985344017
SC_GART_NEAREST_CENTROID_PROGRAM,151,KCNJ3,0.308987589850243,0.0044859715883549,0.0258552998366775,True,0.03459438640468593
SC_GART_NEAREST_CENTROID_PROGRAM,152,PSMD14,0.184750966946965,0.001088915587997,0.0097052516205387,True,0.07967207498696238
SC_GART_NEAREST_CENTROID_PROGRAM,153,SPC25,0.671463801139126,1.14325475159419e-05,0.0004706608114713,True,0.04351604340657911
SC_GART_NEAREST_CENTROID_PROGRAM,154,SSB,0.280384317370197,1.24204916168517e-05,0.0004952297621674,True,0.09055414306201293
SC_GART_NEAREST_CENTROID_PROGRAM,155,HAT1,0.36807528288444,6.34483036268847e-06,0.0003177491004482,True,0.07465425814438942
SC_GART_NEAREST_CENTROID_PROGRAM,156,CDCA7,0.310638485472281,0.0009835209236016,0.0091052649591093,True,0.07827315330508233
SC_GART_NEAREST_CENTROID_PROGRAM,157,HNRNPA3,0.135646340079554,0.002919917288222,0.0192249270078079,True,0.040772937827270095
SC_GART_NEAREST_CENTROID_PROGRAM,158,FRZB,0.600298038299776,0.0002315644089931,0.0033975879799919,True,0.028405552592161043
SC_GART_NEAREST_CENTROID_PROGRAM,159,NUP35,0.422352664341703,0.0005239389189609,0.005939431999967,True,0.03966059086259133
SC_GART_NEAREST_CENTROID_PROGRAM,160,PMS1,0.371263251373415,0.0010081223078547,0.0092166242700756,True,0.032415877251685155
SC_GART_NEAREST_CENTROID_PROGRAM,161,HSPD1,0.285369338556744,6.25795952104958e-05,0.0014442136972705,True,0.06542869014946107
SC_GART_NEAREST_CENTROID_PROGRAM,162,HSPE1,0.198659102675931,0.0004180843641668,0.0049828739860781,True,0.02767148016747245
SC_GART_NEAREST_CENTROID_PROGRAM,163,NOP58,0.239558246802134,0.0029337225162523,0.0192932167116207,True,0.08165883351555214
SC_GART_NEAREST_CENTROID_PROGRAM,164,NBEAL1,0.246142905218506,0.0001752690011289,0.0027705320726978,True,0.04365751895697756
SC_GART_NEAREST_CENTROID_PROGRAM,165,FASTKD2,0.25483236921555,0.003040237954844,0.0197598132223937,True,0.042138309363497495
SC_GART_NEAREST_CENTROID_PROGRAM,166,BARD1,0.505490705082972,3.95071787880595e-07,5.76650886232469e-05,True,0.053378702273705
SC_GART_NEAREST_CENTROID_PROGRAM,167,ATIC,0.211894611138257,0.0017679889756469,0.0134917520074347,True,0.0802028501797919
SC_GART_NEAREST_CENTROID_PROGRAM,168,XRCC5,0.229399689471103,5.70525112466133e-05,0.0013570551858125,True,0.08319960522722392
SC_GART_NEAREST_CENTROID_PROGRAM,169,IGFBP2,0.285768858992332,0.0005696032655795,0.0063009558089064,True,0.04812637681213938
SC_GART_NEAREST_CENTROID_PROGRAM,170,AAMP,0.158379246675483,0.0034304229463862,0.0213598468113214,True,0.06992666242962353
SC_GART_NEAREST_CENTROID_PROGRAM,171,PNKD,0.111365737208599,0.0111105379276704,0.0481637767876157,True,0.05869406808458921
SC_GART_NEAREST_CENTROID_PROGRAM,172,TUBA4A,0.159524230691163,0.006614230472218,0.0338204441661776,True,0.07215373225194321
SC_GART_NEAREST_CENTROID_PROGRAM,173,FARSB,0.254012364901617,0.0020319558452582,0.0147909013891562,True,0.07380007709739389
SC_GART_NEAREST_CENTROID_PROGRAM,174,NCL,0.183702155896532,0.0060159592713041,0.0317567800110484,True,0.07067584039000574
SC_GART_NEAREST_CENTROID_PROGRAM,175,PTMA,0.135520276795895,0.0084845345246457,0.0399153133204244,True,0.0025033372843089596
SC_GART_NEAREST_CENTROID_PROGRAM,176,HJURP,0.484046954776579,0.0003115446545349,0.0040952635933543,True,0.02666630133458414
SC_GART_NEAREST_CENTROID_PROGRAM,177,SCLY,0.46782071740034,0.0019091343297842,0.0141876233957236,True,0.017939992553362316
SC_GART_NEAREST_CENTROID_PROGRAM,178,HES6,0.335850377766173,0.0018502570198922,0.0139004269027865,True,0.06945752726986654
SC_GART_NEAREST_CENTROID_PROGRAM,179,DTYMK,0.493089887611147,4.90394232509708e-09,5.50892830074415e-06,True,0.10825416509195052
SC_GART_NEAREST_CENTROID_PROGRAM,180,ING5,0.270686330408946,0.0059606854109029,0.0315405571248295,True,0.038764802381100805
SC_GART_NEAREST_CENTROID_PROGRAM,181,THUMPD3,0.209061550853422,0.006977953356725,0.0350738898820362,True,0.05146394243498964
SC_GART_NEAREST_CENTROID_PROGRAM,182,FANCD2,0.438490765096475,0.0002926182569288,0.0039245066701948,True,0.030793013520037937
SC_GART_NEAREST_CENTROID_PROGRAM,183,NUP210,0.505520938341998,1.31232365261726e-05,0.000510353132587,True,0.029280828413279836
SC_GART_NEAREST_CENTROID_PROGRAM,184,LSM3,0.136485571842111,0.0015579105720202,0.0124267969616295,True,0.05614359262440749
SC_GART_NEAREST_CENTROID_PROGRAM,185,MRPS25,0.205844251269515,0.0010505029775738,0.0094388467598192,True,0.0827152084932905
SC_GART_NEAREST_CENTROID_PROGRAM,186,CMC1,0.156645832554732,0.0088660092508888,0.0412516497410053,True,0.06115345210927059
SC_GART_NEAREST_CENTROID_PROGRAM,187,MLH1,0.319674154144777,0.0021780864085302,0.0155428773250126,True,0.03771927125406105
SC_GART_NEAREST_CENTROID_PROGRAM,188,ENTPD3-AS1,0.242455658186412,0.0076219805448764,0.0371964565105801,True,0.02917749651670143
SC_GART_NEAREST_CENTROID_PROGRAM,189,KRBOX1,0.38472533694616,0.0081233497036397,0.0387337194116791,True,0.010269729718138887
SC_GART_NEAREST_CENTROID_PROGRAM,190,KIF15,0.362953152766976,0.0091217754724945,0.0421025193163722,True,0.02118359797159719
SC_GART_NEAREST_CENTROID_PROGRAM,191,EXOSC7,0.285134891089347,0.0003609685285892,0.0044978689386293,True,0.06884621829579818
SC_GART_NEAREST_CENTROID_PROGRAM,192,KIF9,0.263105199141372,0.0009009077656113,0.0086926071933008,True,0.07802169596006026
SC_GART_NEAREST_CENTROID_PROGRAM,193,CDC25A,0.502275195342655,0.0035365985628514,0.021887572273066,True,0.025711081570011673
SC_GART_NEAREST_CENTROID_PROGRAM,194,TMA7,0.110293573833144,0.007916628915181,0.0381539418429329,True,0.009798109074792505
SC_GART_NEAREST_CENTROID_PROGRAM,195,ATRIP,0.600438591696832,0.0044245265834686,0.025659057931684,True,0.010507137989975157
SC_GART_NEAREST_CENTROID_PROGRAM,196,TREX1,0.261749941607179,0.0059869255630129,0.031649603199766,True,0.040360094954947856
SC_GART_NEAREST_CENTROID_PROGRAM,197,WDR6,0.164581090400569,0.0107281893300377,0.0470062057712753,True,0.05478359717948478
SC_GART_NEAREST_CENTROID_PROGRAM,198,NDUFAF3,0.150126692563084,0.0016762696973582,0.0130107701164431,True,0.06813357970781098
SC_GART_NEAREST_CENTROID_PROGRAM,199,APEH,0.137865599287237,0.0107618397961871,0.0470814781897029,True,0.07276495322256449
SC_GART_NEAREST_CENTROID_PROGRAM,200,IP6K1,0.240332602480067,0.0083254055903826,0.0394474002657294,True,0.030976520856548784
SC_GART_NEAREST_CENTROID_PROGRAM,201,IFRD2,0.209066870035319,0.0030777217719463,0.0198910379499168,True,0.08262644472981184
SC_GART_NEAREST_CENTROID_PROGRAM,202,CYB561D2,0.182483233333943,0.0070857520121983,0.0354256080360754,True,0.05902845499160181
SC_GART_NEAREST_CENTROID_PROGRAM,203,MANF,0.224847502692955,0.0003595996748359,0.0044978689386293,True,0.06886310196521683
SC_GART_NEAREST_CENTROID_PROGRAM,204,ABHD14A,0.216047544820514,0.0032876674880319,0.0208412466983842,True,0.051717072545352294
SC_GART_NEAREST_CENTROID_PROGRAM,205,POC1A,0.327767827450913,0.0005905109388788,0.0064247361491378,True,0.040613484044025316
SC_GART_NEAREST_CENTROID_PROGRAM,206,NT5DC2,0.45761881429842,1.14310850586868e-05,0.0004706608114713,True,0.054451609383559973
SC_GART_NEAREST_CENTROID_PROGRAM,207,GNL3,0.26884742460295,0.0001624984662279,0.00265010314747,True,0.08480021474707344
SC_GART_NEAREST_CENTROID_PROGRAM,208,PDHB,0.176354060778447,0.0016142120642577,0.012677938078402,True,0.07855461290050492
SC_GART_NEAREST_CENTROID_PROGRAM,209,THOC7,0.13925985582508,0.004266216245059,0.0250250544771494,True,0.07025748006944499
SC_GART_NEAREST_CENTROID_PROGRAM,210,ARL13B,0.482351371956751,0.0022502633916179,0.0158480235225891,True,0.0153583914063663
SC_GART_NEAREST_CENTROID_PROGRAM,211,CMSS1,0.569485802321165,4.31751009707335e-06,0.0002450732120252,True,0.08683106023155818
SC_GART_NEAREST_CENTROID_PROGRAM,212,NIT2,0.295149078064129,3.4803153541639e-05,0.0009587074574864,True,0.07345848424903223
SC_GART_NEAREST_CENTROID_PROGRAM,213,TRMT10C,0.253288651820969,0.000531161053851,0.0059997176725943,True,0.07334364560764084
SC_GART_NEAREST_CENTROID_PROGRAM,214,RETNLB,0.510842331299478,0.0003265856191768,0.0042451143982923,True,0.05353125568625916
SC_GART_NEAREST_CENTROID_PROGRAM,215,ATG3,0.24593269973143,0.0001185435643496,0.0021841165897136,True,0.08318442491518296
SC_GART_NEAREST_CENTROID_PROGRAM,216,PDIA5,0.273929082975351,0.0050688245602468,0.0281882826484982,True,0.05212018540327501
SC_GART_NEAREST_CENTROID_PROGRAM,217,UMPS,0.428863021372027,1.21626078037394e-05,0.0004899482046818,True,0.06852717322740254
SC_GART_NEAREST_CENTROID_PROGRAM,218,CHCHD6,0.233150750701943,0.0076513082312914,0.0372586885665011,True,0.03927613247927886
SC_GART_NEAREST_CENTROID_PROGRAM,219,MCM2,0.767097059698814,2.75274030671137e-08,9.66814009597784e-06,True,0.05203586025713325
SC_GART_NEAREST_CENTROID_PROGRAM,220,RUVBL1,0.281926514515416,0.0006176227513881,0.0066172184011932,True,0.06932551737204518
SC_GART_NEAREST_CENTROID_PROGRAM,221,HMCES,0.236401533316856,0.0009633524259502,0.00901042672552,True,0.055274735697928845
SC_GART_NEAREST_CENTROID_PROGRAM,222,H1FX,0.280763290185503,0.0001156579391692,0.0021521185071572,True,0.07337217938600493
SC_GART_NEAREST_CENTROID_PROGRAM,223,MRPL3,0.210379321915272,0.0003317208246455,0.0042902305502775,True,0.08281544496941662
SC_GART_NEAREST_CENTROID_PROGRAM,224,SRPRB,0.23557459328323,0.000235083698141,0.0034179892411471,True,0.0810180854637661
SC_GART_NEAREST_CENTROID_PROGRAM,225,HLTF,0.502086224560223,0.0001583090430777,0.0026171111988021,True,0.026379887701698634
SC_GART_NEAREST_CENTROID_PROGRAM,226,GMPS,0.25429227390869,0.0075446636244447,0.0369635895706775,True,0.05390925343870423
SC_GART_NEAREST_CENTROID_PROGRAM,227,SMC4,0.263830812414098,7.54167771755371e-05,0.0016467484059131,True,0.08473928390156682
SC_GART_NEAREST_CENTROID_PROGRAM,228,ECT2,0.23712168617788,0.0095202743374292,0.0433959275998679,True,0.04874008043218614
SC_GART_NEAREST_CENTROID_PROGRAM,229,ACTL6A,0.231997840428397,0.0030482228638309,0.0197800096804825,True,0.0710176173973529
SC_GART_NEAREST_CENTROID_PROGRAM,230,EIF2B5,0.171449308068728,0.0086039427038764,0.0403083418294572,True,0.057674011570656325
SC_GART_NEAREST_CENTROID_PROGRAM,231,ALG3,0.221535849426934,0.0033210045225111,0.0209807587568874,True,0.080628983882999
SC_GART_NEAREST_CENTROID_PROGRAM,232,ECE2,0.41200824307664,1.08479011101283e-05,0.0004566275677031,True,0.05950292841665672
SC_GART_NEAREST_CENTROID_PROGRAM,233,PSMD2,0.173935855122748,0.0051934354637983,0.0286544041127292,True,0.07594665340460416
SC_GART_NEAREST_CENTROID_PROGRAM,234,POLR2H,0.157474044900772,0.0076868164205113,0.0373991903680202,True,0.07179967591075309
SC_GART_NEAREST_CENTROID_PROGRAM,235,MAGEF1,0.232792992894702,0.0031571824763718,0.0202416279817131,True,0.07133061177281341
SC_GART_NEAREST_CENTROID_PROGRAM,236,RFC4,0.692417887727347,6.94582020492517e-09,5.576005234511e-06,True,0.06201106745986629
SC_GART_NEAREST_CENTROID_PROGRAM,237,NCBP2-AS2,0.185805629739331,0.0021895473669829,0.0155428773250126,True,0.07538662591376866
SC_GART_NEAREST_CENTROID_PROGRAM,238,SLBP,0.329749091207013,1.60753742471081e-05,0.0005828101005266,True,0.08116329594889271
SC_GART_NEAREST_CENTROID_PROGRAM,239,TACC3,0.372394716264997,0.0006424690420401,0.0068248672622773,True,0.043980491366597096
SC_GART_NEAREST_CENTROID_PROGRAM,240,HAUS3,0.419596949552825,0.0033836273797959,0.0212094746913142,True,0.018772990631954256
SC_GART_NEAREST_CENTROID_PROGRAM,241,LYAR,0.339465976683565,0.0007637912393579,0.0077196490459926,True,0.062117936210710045
SC_GART_NEAREST_CENTROID_PROGRAM,242,WFS1,0.384957073139578,0.0046287768691962,0.0264075244837041,True,0.01784579917094764
SC_GART_NEAREST_CENTROID_PROGRAM,243,GRPEL1,0.204636100431826,0.0022021430445045,0.0155855703256842,True,0.0700552824410956
SC_GART_NEAREST_CENTROID_PROGRAM,244,NCAPG,0.447903836874406,0.0032859549540053,0.0208412466983842,True,0.023130120206123483
SC_GART_NEAREST_CENTROID_PROGRAM,245,PGM2,0.220768296913288,0.0072255937319718,0.0358853062101774,True,0.04157451834606729
SC_GART_NEAREST_CENTROID_PROGRAM,246,RFC1,0.233749114592378,0.0061563787003856,0.0322288113912743,True,0.058366950075990354
SC_GART_NEAREST_CENTROID_PROGRAM,247,SCFD2,0.401955351937353,0.0012493130101867,0.0106938529485829,True,0.02216174129194748
SC_GART_NEAREST_CENTROID_PROGRAM,248,UTP3,0.209477900062491,0.0073528361878337,0.0362608713975709,True,0.04018993468570997
SC_GART_NEAREST_CENTROID_PROGRAM,249,MRPL1,0.189482744200888,0.0021771599120485,0.0155428773250126,True,0.07757391585790052
SC_GART_NEAREST_CENTROID_PROGRAM,250,HNRNPD,0.312096347154715,9.61919278713113e-07,9.82819161223334e-05,True,0.08819990378893527
SC_GART_NEAREST_CENTROID_PROGRAM,251,HNRNPDL,0.213888301929191,0.0001307921987211,0.0022813541421291,True,0.07544687391754645
SC_GART_NEAREST_CENTROID_PROGRAM,252,ENOPH1,0.226503599541073,0.0019189729131759,0.0142170972783021,True,0.055118941696463475
SC_GART_NEAREST_CENTROID_PROGRAM,253,MRPS18C,0.19423265415868,0.0008259394163746,0.0081356118322832,True,0.07158313985689468
SC_GART_NEAREST_CENTROID_PROGRAM,254,GPRIN3,0.33252754866812,0.0009043969563348,0.0087056240710246,True,0.04608880545788874
SC_GART_NEAREST_CENTROID_PROGRAM,255,H2AFZ,0.380968379841966,8.93073395681529e-08,2.23050042090327e-05,True,0.04429357844396531
SC_GART_NEAREST_CENTROID_PROGRAM,256,CISD2,0.155874681035971,0.0038901943732425,0.0234559520176358,True,0.07404853340441786
SC_GART_NEAREST_CENTROID_PROGRAM,257,PPA2,0.142247495094957,0.003392933894359,0.0212204696932118,True,0.0635970442810111
SC_GART_NEAREST_CENTROID_PROGRAM,258,GAR1,0.236507258122207,0.0004603375808498,0.0053836983050694,True,0.07436534591535959
SC_GART_NEAREST_CENTROID_PROGRAM,259,MAD2L1,0.521981546273749,9.92792347715635e-10,2.2315986391952e-06,True,0.08119535528589972
SC_GART_NEAREST_CENTROID_PROGRAM,260,EXOSC9,0.428503279724182,0.0001376276172767,0.0023579219368488,True,0.043153966945451594
SC_GART_NEAREST_CENTROID_PROGRAM,261,CCNA2,0.416102132820572,4.7644869561689e-05,0.0011855555479839,True,0.050703821436444696
SC_GART_NEAREST_CENTROID_PROGRAM,262,HSPA4L,0.462831151962523,0.0009862537947632,0.0091090588164322,True,0.022871675683062143
SC_GART_NEAREST_CENTROID_PROGRAM,263,PLK4,0.801977816946059,1.47814574343673e-06,0.0001258551515945,True,0.027408439446487742
SC_GART_NEAREST_CENTROID_PROGRAM,264,LSM6,0.203420105228622,0.0001298281808733,0.0022728020636061,True,0.07006821350900061
SC_GART_NEAREST_CENTROID_PROGRAM,265,MND1,0.610725086026046,5.10951391142001e-07,6.6958701725712e-05,True,0.03910893753983247
SC_GART_NEAREST_CENTROID_PROGRAM,266,C4orf46,0.30827736901591,0.0092068090459376,0.0423558439898868,True,0.014715765489478838
SC_GART_NEAREST_CENTROID_PROGRAM,267,AADAT,0.423337364892416,0.004607946113281,0.0263287780209279,True,0.014202853767668278
SC_GART_NEAREST_CENTROID_PROGRAM,268,HMGB2,0.433291334401283,1.69363232107638e-07,3.28185063044438e-05,True,0.10455849239908854
SC_GART_NEAREST_CENTROID_PROGRAM,269,SAP30,0.417573215611745,2.7435047084364e-05,0.0008132156710982,True,0.04929444095642799
SC_GART_NEAREST_CENTROID_PROGRAM,270,FRG1,0.193596602381577,0.010282337302123,0.0457675995796279,True,0.05875920819161229
SC_GART_NEAREST_CENTROID_PROGRAM,271,TRIP13,0.456488050379854,0.0014594185938028,0.0118514491154262,True,0.026678632707628602
SC_GART_NEAREST_CENTROID_PROGRAM,272,MRPL36,0.192456408967912,0.0002222175043893,0.0032905171697384,True,0.07335920023164555
SC_GART_NEAREST_CENTROID_PROGRAM,273,NSUN2,0.234970066384861,0.0040110275337929,0.0240170156911553,True,0.04985588494694615
SC_GART_NEAREST_CENTROID_PROGRAM,274,CCT5,0.220303069811462,0.0005049798244766,0.0057853906700239,True,0.07463926337510818
SC_GART_NEAREST_CENTROID_PROGRAM,275,RAD1,0.300786999991378,0.0002698775369694,0.0037080117823958,True,0.04697305760485937
SC_GART_NEAREST_CENTROID_PROGRAM,276,BRIX1,0.313414248374903,9.77605247887229e-05,0.0019412200319796,True,0.06956270466370396
SC_GART_NEAREST_CENTROID_PROGRAM,277,SKP2,0.413137994192428,0.0005102440262231,0.0058278786694334,True,0.03311034195437701
SC_GART_NEAREST_CENTROID_PROGRAM,278,NUP155,0.259281884814148,0.0050446396801682,0.0280815776946066,True,0.03466257210059198
SC_GART_NEAREST_CENTROID_PROGRAM,279,OXCT1,0.210778754107782,0.0077092177439499,0.0374595323062054,True,0.0520730487969
SC_GART_NEAREST_CENTROID_PROGRAM,280,NNT-AS1,0.273122121615818,0.0088027734858043,0.0410175668353876,True,0.03490380639814483
SC_GART_NEAREST_CENTROID_PROGRAM,281,DEPDC1B,0.35828691108467,0.0021846105750697,0.0155428773250126,True,0.027643731555181073
SC_GART_NEAREST_CENTROID_PROGRAM,282,NDUFAF2,0.245632818359257,0.0009491277485836,0.0089854494527914,True,0.08524955051358696
SC_GART_NEAREST_CENTROID_PROGRAM,283,CENPK,0.447585282869407,6.69337468031339e-06,0.0003285014761224,True,0.061205741714618456
SC_GART_NEAREST_CENTROID_PROGRAM,284,CCNB1,0.393416673711834,0.0003960092555669,0.0048064233513145,True,0.06745319155684215
SC_GART_NEAREST_CENTROID_PROGRAM,285,CENPH,0.401458940254777,4.88533758373482e-05,0.0011988277096855,True,0.04815023712655242
SC_GART_NEAREST_CENTROID_PROGRAM,286,DHFR,0.332667375453144,5.06947664147707e-05,0.0012386053907295,True,0.07908296378784119
SC_GART_NEAREST_CENTROID_PROGRAM,287,CCNH,0.198157654140368,0.0107362692601534,0.0470062057712753,True,0.04923637031610151
SC_GART_NEAREST_CENTROID_PROGRAM,288,POLR3G,0.418483860396555,0.009053009874152,0.0418538782293683,True,0.012951757948866272
SC_GART_NEAREST_CENTROID_PROGRAM,289,ARSK,0.409254400367221,0.0092752075860652,0.0425485951264439,True,0.011830826310206377
SC_GART_NEAREST_CENTROID_PROGRAM,290,PCSK1,0.913165006094242,2.24374903842544e-05,0.0007164061205358,True,0.018032390985860403
SC_GART_NEAREST_CENTROID_PROGRAM,291,WDR36,0.279929624489173,0.0067412762128114,0.0342605377411239,True,0.036535291804822956
SC_GART_NEAREST_CENTROID_PROGRAM,292,LMNB1,0.436766385733654,1.46835814558089e-07,3.056088370034e-05,True,0.07843264718484955
SC_GART_NEAREST_CENTROID_PROGRAM,293,CDC25C,0.679488113331635,0.0001308535220226,0.0022813541421291,True,0.021925616208893994
SC_GART_NEAREST_CENTROID_PROGRAM,294,HSPA9,0.176408542491431,0.0063254866918939,0.0327861094950213,True,0.08029775095823599
SC_GART_NEAREST_CENTROID_PROGRAM,295,SIL1,0.184611747389365,0.0072200339520362,0.0358735462364876,True,0.07685827220253094
SC_GART_NEAREST_CENTROID_PROGRAM,296,TCOF1,0.435108104262205,1.25491644663522e-06,0.0001165620325928,True,0.07411486991691663
SC_GART_NEAREST_CENTROID_PROGRAM,297,MRPL22,0.163257871227278,0.0026096995979705,0.0177223043997531,True,0.0659289124410054
SC_GART_NEAREST_CENTROID_PROGRAM,298,PTTG1,0.341120189540172,0.0001856029977758,0.0028891857229954,True,0.08134940033500204
SC_GART_NEAREST_CENTROID_PROGRAM,299,NUDCD2,0.164535542165377,0.003397687125233,0.0212383790881503,True,0.0773027287354674
SC_GART_NEAREST_CENTROID_PROGRAM,300,NPM1,0.244836412236605,7.65782209107632e-05,0.001658276416509,True,0.03355309652779259
SC_GART_NEAREST_CENTROID_PROGRAM,301,BNIP1,0.336836829830614,0.0007205050938491,0.0073884641877472,True,0.03169825014242511
SC_GART_NEAREST_CENTROID_PROGRAM,302,THOC3,0.416248606267492,2.23340886407489e-06,0.0001578696995178,True,0.0807219622913018
SC_GART_NEAREST_CENTROID_PROGRAM,303,NOP16,0.254239806339948,0.000403349395445,0.0048639955530117,True,0.07541064464131564
SC_GART_NEAREST_CENTROID_PROGRAM,304,FGFR4,0.26380530506893,0.0036033385888865,0.0221906424112307,True,0.05159727575446926
SC_GART_NEAREST_CENTROID_PROGRAM,305,F12,0.361365804999936,9.7473038987397e-05,0.0019389371419103,True,0.07239616162553864
SC_GART_NEAREST_CENTROID_PROGRAM,306,NHP2,0.261938972394049,1.09212805935791e-05,0.0004580010171314,True,0.07073401363516973
SC_GART_NEAREST_CENTROID_PROGRAM,307,HNRNPAB,0.121053711555947,0.0043049744711329,0.0251604826214578,True,0.054859874150519405
SC_GART_NEAREST_CENTROID_PROGRAM,308,TRIM7,0.315010117300737,0.0084121376886326,0.0397076923488208,True,0.02680662988221194
SC_GART_NEAREST_CENTROID_PROGRAM,309,GMDS,0.132096921775471,0.0063194937583265,0.0327861094950213,True,0.04898504140133442
SC_GART_NEAREST_CENTROID_PROGRAM,310,WRNIP1,0.27412258727141,0.0031699881082957,0.0202544038369161,True,0.05545947901339632
SC_GART_NEAREST_CENTROID_PROGRAM,311,PSMG4,0.198979308213914,0.0041258322089026,0.0244697774120617,True,0.06584635499035074
SC_GART_NEAREST_CENTROID_PROGRAM,312,RPP40,0.345230716975343,0.0009608791278826,0.00901042672552,True,0.03293764516270081
SC_GART_NEAREST_CENTROID_PROGRAM,313,LYRM4,0.212726300298692,0.0025527814390117,0.0174094117676292,True,0.07304632863992089
SC_GART_NEAREST_CENTROID_PROGRAM,314,FARS2,0.246374801161661,0.0076291809073445,0.0372005290556884,True,0.039399864448711686
SC_GART_NEAREST_CENTROID_PROGRAM,315,EEF1E1,0.359481220111543,1.55674190669296e-06,0.0001286486933038,True,0.08968762284444065
SC_GART_NEAREST_CENTROID_PROGRAM,316,PAK1IP1,0.41155476489757,2.31562404493137e-05,0.0007310477146343,True,0.059030950890373246
SC_GART_NEAREST_CENTROID_PROGRAM,317,TMEM14B,0.12815397594761,0.005435780054615,0.029593872290386,True,0.07115319117222263
SC_GART_NEAREST_CENTROID_PROGRAM,318,NOL7,0.222331142687599,0.000258897239261,0.003607194282957,True,0.08309017402684049
SC_GART_NEAREST_CENTROID_PROGRAM,319,DEK,0.202113393723268,0.0002333337353211,0.003405763443214,True,0.07469112386329124
SC_GART_NEAREST_CENTROID_PROGRAM,320,GMNN,0.274430220831413,0.0003432486650021,0.0043823162307355,True,0.08384390421437071
SC_GART_NEAREST_CENTROID_PROGRAM,321,HIST1H4C,0.580801792496129,5.480881126788891e-09,5.50892830074415e-06,True,0.08260445088776158
SC_GART_NEAREST_CENTROID_PROGRAM,322,NRM,0.556303434033176,0.0005946507329823,0.0064539708090157,True,0.022508834503259245
SC_GART_NEAREST_CENTROID_PROGRAM,323,MDC1,0.403966279647727,0.0016339254392314,0.0127702976436178,True,0.026708590322529036
SC_GART_NEAREST_CENTROID_PROGRAM,324,TUBB,0.387770534136353,2.0525394182731e-08,8.57123864234842e-06,True,0.0809915207462637
SC_GART_NEAREST_CENTROID_PROGRAM,325,TCF19,0.492428421357718,0.0002704891187441,0.0037118769298719,True,0.04017938864403081
SC_GART_NEAREST_CENTROID_PROGRAM,326,CSNK2B,0.150990634553779,0.0019245971252311,0.0142445238487387,True,0.06597676165309052
SC_GART_NEAREST_CENTROID_PROGRAM,327,VARS,0.216796777502388,0.0065893176451534,0.0337391075234074,True,0.056708476340639025
SC_GART_NEAREST_CENTROID_PROGRAM,328,LSM2,0.241138625474697,0.0001661787689151,0.0026796028462516,True,0.08781820231268778
SC_GART_NEAREST_CENTROID_PROGRAM,329,HSD17B8,0.252658957177651,0.0006706314711138,0.0070098832058798,True,0.06808986919359983
SC_GART_NEAREST_CENTROID_PROGRAM,330,WDR46,0.292188577973481,0.0013888959960409,0.0114693623067631,True,0.059830103942687396
SC_GART_NEAREST_CENTROID_PROGRAM,331,KIFC1,0.616115476704405,7.79002336096201e-05,0.0016740358040889,True,0.04073162068567482
SC_GART_NEAREST_CENTROID_PROGRAM,332,CUTA,0.142502888695565,0.0054374362736584,0.029593872290386,True,0.054751497254777126
SC_GART_NEAREST_CENTROID_PROGRAM,333,UQCC2,0.203641657032824,0.0001262314506181,0.0022461855510042,True,0.07719919364372507
SC_GART_NEAREST_CENTROID_PROGRAM,334,HMGA1,0.221894505013384,0.0001847240075144,0.0028794911518096,True,0.07233147804740236
SC_GART_NEAREST_CENTROID_PROGRAM,335,SRSF3,0.133960763915099,0.0060695784429668,0.0319213814321499,True,0.04878849308001454
SC_GART_NEAREST_CENTROID_PROGRAM,336,CCDC167,0.201715970110981,0.0051895416982723,0.0286469838638914,True,0.07828144578929808
SC_GART_NEAREST_CENTROID_PROGRAM,337,BYSL,0.402103046044709,0.0006534838861198,0.0068833227704792,True,0.03909707601898893
SC_GART_NEAREST_CENTROID_PROGRAM,338,MEA1,0.136440681188637,0.0067831522515404,0.0344179901377261,True,0.07219368666363135
SC_GART_NEAREST_CENTROID_PROGRAM,339,MRPL2,0.201225619621504,0.0069220133595203,0.0348863265236095,True,0.07476940242112784
SC_GART_NEAREST_CENTROID_PROGRAM,340,DNPH1,0.210525493644273,5.42186488334233e-05,0.0013043354525709,True,0.05266279706367005
SC_GART_NEAREST_CENTROID_PROGRAM,341,POLR1C,0.231538017902825,0.0051150224073176,0.0283749935023906,True,0.05221022706908174
SC_GART_NEAREST_CENTROID_PROGRAM,342,XPO5,0.33872113046774,0.0017340996691291,0.0133125315446327,True,0.02592369046844878
SC_GART_NEAREST_CENTROID_PROGRAM,343,MRPS18A,0.151002047220444,0.0068115444125971,0.0344997510830011,True,0.06710605506135958
SC_GART_NEAREST_CENTROID_PROGRAM,344,SLC29A1,0.424359124151202,0.0014025757698193,0.0115364825987058,True,0.026419462084757428
SC_GART_NEAREST_CENTROID_PROGRAM,345,HSP90AB1,0.145412686021223,0.0090964221115479,0.042020011554331,True,0.03112214535475666
SC_GART_NEAREST_CENTROID_PROGRAM,346,MCM3,0.607604296853582,2.90688837380593e-09,4.66721691902927e-06,True,0.09422884961273315
SC_GART_NEAREST_CENTROID_PROGRAM,347,RAB23,0.368941786441003,0.0079798500190659,0.0383435375648921,True,0.0143266456515182
SC_GART_NEAREST_CENTROID_PROGRAM,348,TTK,0.402911698491373,0.009564753075172,0.0434687666040676,True,0.02010164634508349
SC_GART_NEAREST_CENTROID_PROGRAM,349,SYNCRIP,0.206968291971549,0.000158344658349,0.0026171111988021,True,0.07899862619245923
SC_GART_NEAREST_CENTROID_PROGRAM,350,PM20D2,0.243349057695084,0.0015651623584501,0.0124669452492004,True,0.048760899935762936
SC_GART_NEAREST_CENTROID_PROGRAM,351,MDN1,0.289247488146781,0.0103248746959533,0.0458507503753647,True,0.02919162740344694
SC_GART_NEAREST_CENTROID_PROGRAM,352,MANEA,0.527490059324858,0.0003695007959393,0.0045867619202313,True,0.02689523171095265
SC_GART_NEAREST_CENTROID_PROGRAM,353,NDUFAF4,0.263946612598982,0.0003834043150641,0.0046978299074949,True,0.08004178933406003
SC_GART_NEAREST_CENTROID_PROGRAM,354,MMS22L,0.329920887431144,0.0071969063496019,0.0358407327545427,True,0.024807899900916253
SC_GART_NEAREST_CENTROID_PROGRAM,355,COQ3,0.489968439598963,7.17681423577192e-06,0.0003465398250653,True,0.0525252916140968
SC_GART_NEAREST_CENTROID_PROGRAM,356,HDAC2,0.233541013071759,0.0001717308340175,0.0027454947987521,True,0.08673401175222606
SC_GART_NEAREST_CENTROID_PROGRAM,357,CENPW,0.493274569483923,3.45405358944985e-08,1.16085888551444e-05,True,0.09777712380210402
SC_GART_NEAREST_CENTROID_PROGRAM,358,MTFR2,0.532061493109639,0.0002005386052139,0.0030416374952765,True,0.02888105391417206
SC_GART_NEAREST_CENTROID_PROGRAM,359,LTV1,0.30067352249003,0.0006462134218659,0.0068516911776898,True,0.05168121073709264
SC_GART_NEAREST_CENTROID_PROGRAM,360,SF3B5,0.120789894399157,0.0107328187085364,0.0470062057712753,True,0.044356910318908205
SC_GART_NEAREST_CENTROID_PROGRAM,361,MTHFD1L,0.431310823048642,0.001092082953386,0.0097223766147922,True,0.03983530256738732
SC_GART_NEAREST_CENTROID_PROGRAM,362,FBXO5,0.622778858018346,1.96362142415916e-06,0.0001446353441975,True,0.028933022771048922
SC_GART_NEAREST_CENTROID_PROGRAM,363,ACAT2,0.256749616274085,0.0008176164033627,0.0080748600680085,True,0.0788444309337244
SC_GART_NEAREST_CENTROID_PROGRAM,364,MAP3K4,0.371959681144298,0.0032914644643843,0.0208527447098172,True,0.028642134592528845
SC_GART_NEAREST_CENTROID_PROGRAM,365,PHF10,0.247726919747837,0.0069002830121216,0.0348392995387402,True,0.039608796619412745
SC_GART_NEAREST_CENTROID_PROGRAM,366,DLL1,0.676908653246811,0.0001309256536767,0.0022813541421291,True,0.02449946101632916
SC_GART_NEAREST_CENTROID_PROGRAM,367,NUDT1,0.397212389848481,6.79413480890789e-07,7.95409178305373e-05,True,0.0866263827012329
SC_GART_NEAREST_CENTROID_PROGRAM,368,EIF3B,0.348661225309784,7.84852285466879e-06,0.0003675397848484,True,0.08785549516290192
SC_GART_NEAREST_CENTROID_PROGRAM,369,BRAT1,0.231506120364042,0.0056199010549626,0.0302790354538472,True,0.04574975362105094
SC_GART_NEAREST_CENTROID_PROGRAM,370,AIMP2,0.181469740288285,0.0063334443409062,0.0328025718651822,True,0.06569710934268391
SC_GART_NEAREST_CENTROID_PROGRAM,371,RPA3,0.368716387075844,2.25170839203946e-06,0.0001581684413633,True,0.09529788530641803
SC_GART_NEAREST_CENTROID_PROGRAM,372,BZW2,0.222070987254474,0.0080218814863904,0.0384468767699538,True,0.08214346514471216
SC_GART_NEAREST_CENTROID_PROGRAM,373,CDCA7L,0.383183727259977,0.0016256209881476,0.0127143886677577,True,0.04690403734619364
SC_GART_NEAREST_CENTROID_PROGRAM,374,MALSU1,0.242354396057958,0.0014401500995513,0.011745484271033,True,0.07567548803665403
SC_GART_NEAREST_CENTROID_PROGRAM,375,HNRNPA2B1,0.146647243090113,0.0015520418954669,0.0123975827030228,True,0.02063503688675572
SC_GART_NEAREST_CENTROID_PROGRAM,376,CBX3,0.22987543980071,0.0001388581028267,0.0023753823708819,True,0.07743683826132552
SC_GART_NEAREST_CENTROID_PROGRAM,377,GGCT,0.321795712157412,1.64703275672186e-06,0.0001322214368056,True,0.08840320939059909
SC_GART_NEAREST_CENTROID_PROGRAM,378,GARS,0.173377591252745,0.0063093752725981,0.0327730832870173,True,0.06738964149732707
SC_GART_NEAREST_CENTROID_PROGRAM,379,LSM5,0.167597874479602,0.001606057521203,0.0126315468724992,True,0.059687413472839235
SC_GART_NEAREST_CENTROID_PROGRAM,380,RP9,0.233321383208696,0.0048969944553419,0.0275738079577096,True,0.045675408317929156
SC_GART_NEAREST_CENTROID_PROGRAM,381,ANLN,0.306722532226481,0.0096287877870452,0.043655537427455,True,0.03167413147379505
SC_GART_NEAREST_CENTROID_PROGRAM,382,PSMA2,0.286012425045908,4.76796074106893e-05,0.0011855555479839,True,0.0697304238534332
SC_GART_NEAREST_CENTROID_PROGRAM,383,MRPL32,0.168118949718643,0.0034622490601736,0.0214865914893932,True,0.07110927361919972
SC_GART_NEAREST_CENTROID_PROGRAM,384,POLD2,0.320744578531295,1.63381456011416e-05,0.0005857175015452,True,0.0955229088914562
SC_GART_NEAREST_CENTROID_PROGRAM,385,DDX56,0.267908429930363,0.0010161200303517,0.0092545972618501,True,0.06662690777773894
SC_GART_NEAREST_CENTROID_PROGRAM,386,PPIA,0.141784122608754,0.0024469973542945,0.0168221420595798,True,0.01145518391294531
SC_GART_NEAREST_CENTROID_PROGRAM,387,H2AFV,0.141269758144839,0.003059731684282,0.0198203598845222,True,0.06748442948474598
SC_GART_NEAREST_CENTROID_PROGRAM,388,FIGNL1,0.418684563129757,0.0023439701711265,0.0163728283115549,True,0.02062833220856075
SC_GART_NEAREST_CENTROID_PROGRAM,389,MRPS17,0.23497915429311,0.0029367664792037,0.0193019406197488,True,0.04669226810860083
SC_GART_NEAREST_CENTROID_PROGRAM,390,CCT6A,0.206946681532754,0.0001632090935194,0.00265010314747,True,0.0811153169144142
SC_GART_NEAREST_CENTROID_PROGRAM,391,CHCHD2,0.115193106685926,0.0072586304890439,0.0359274559023467,True,0.011818548154209574
SC_GART_NEAREST_CENTROID_PROGRAM,392,NSUN5,0.257346517291788,0.0001989313785574,0.0030254259318089,True,0.06310591331408077
SC_GART_NEAREST_CENTROID_PROGRAM,393,BAZ1B,0.242070534340568,0.0008929982599239,0.0086595405032659,True,0.0663331105264644
SC_GART_NEAREST_CENTROID_PROGRAM,394,RFC2,0.445498902165037,1.32590165534995e-05,0.0005138554725682,True,0.0544723911444418
SC_GART_NEAREST_CENTROID_PROGRAM,395,ZP3,0.284404246822853,0.0045487619062708,0.0260701351680662,True,0.02465474547279911
SC_GART_NEAREST_CENTROID_PROGRAM,396,DBF4,0.264766852911326,0.0054687159363759,0.029692441486896,True,0.047545715740061834
SC_GART_NEAREST_CENTROID_PROGRAM,397,COPS6,0.146748769788383,0.0018322327948866,0.0138019198268971,True,0.07752688634402627
SC_GART_NEAREST_CENTROID_PROGRAM,398,MCM7,0.646849347409136,5.9108868339641214e-09,5.50892830074415e-06,True,0.11181467719529847
SC_GART_NEAREST_CENTROID_PROGRAM,399,PPP1R35,0.196469805716792,0.0029538969017681,0.0193918500461285,True,0.0618015629458567
SC_GART_NEAREST_CENTROID_PROGRAM,400,POP7,0.188416660552972,0.0004082717098292,0.0049023138320202,True,0.06869700981291116
SC_GART_NEAREST_CENTROID_PROGRAM,401,GPR85,0.330910706130875,0.0083883319150649,0.0396619530472928,True,0.03136053253884774
SC_GART_NEAREST_CENTROID_PROGRAM,402,SND1,0.236432471344374,0.0003569083441707,0.0044739555935736,True,0.0821138395898009
SC_GART_NEAREST_CENTROID_PROGRAM,403,IMPDH1,0.229969377840262,0.0116225019495754,0.0496674142248206,True,0.03846558134122502
SC_GART_NEAREST_CENTROID_PROGRAM,404,CEP41,0.32188079933819,0.0058058689103885,0.0309839319486499,True,0.023696931889599426
SC_GART_NEAREST_CENTROID_PROGRAM,405,CHCHD3,0.18022647061806,0.0006611024078896,0.0069440466937119,True,0.07593695118528565
SC_GART_NEAREST_CENTROID_PROGRAM,406,C7orf55-LUC7L2,0.20256798539164,0.0051600746955967,0.0285966861458637,True,0.0610721597377919
SC_GART_NEAREST_CENTROID_PROGRAM,407,SSBP1,0.217496831128981,0.0001505136677537,0.0025172962974472,True,0.057238824894048745
SC_GART_NEAREST_CENTROID_PROGRAM,408,EZH2,0.363388815736526,0.0006778567483487,0.0070737530127127,True,0.04857889911169022
SC_GART_NEAREST_CENTROID_PROGRAM,409,XRCC2,0.763402703081059,5.12227668618256e-05,0.0012487910558786,True,0.014624948459700415
SC_GART_NEAREST_CENTROID_PROGRAM,410,MNX1,0.312613669923881,0.0061039566879009,0.0320543024180056,True,0.021963408209573543
SC_GART_NEAREST_CENTROID_PROGRAM,411,PPP2R3B,0.401511888486567,0.0099921767849862,0.0448490714402796,True,0.018797811843003998
SC_GART_NEAREST_CENTROID_PROGRAM,412,GYG2,0.344200663029886,0.0014967170477803,0.0120671469870902,True,0.022042284322863703
SC_GART_NEAREST_CENTROID_PROGRAM,413,PRPS2,0.226528029911038,0.0071277526295662,0.0356152846291228,True,0.06569387587239062
SC_GART_NEAREST_CENTROID_PROGRAM,414,FANCB,0.520521225783214,0.0049764015997587,0.0278257599898948,True,0.01001636390491878
SC_GART_NEAREST_CENTROID_PROGRAM,415,ASB9,0.396602214309503,0.0083935273604907,0.0396683602443559,True,0.015929308595101777
SC_GART_NEAREST_CENTROID_PROGRAM,416,RBBP7,0.252461874330395,6.38174154846759e-05,0.0014561530649683,True,0.07704388650723171
SC_GART_NEAREST_CENTROID_PROGRAM,417,PHKA2,0.421994617805251,0.0027161798292679,0.0183016457440903,True,0.021789254991830043
SC_GART_NEAREST_CENTROID_PROGRAM,418,PRDX4,0.236127404968588,3.19679137245955e-05,0.0008959785096028,True,0.061167797705753535
SC_GART_NEAREST_CENTROID_PROGRAM,419,APOO,0.24319157897048,0.0093630755496296,0.0428816650783569,True,0.051069286900843
SC_GART_NEAREST_CENTROID_PROGRAM,420,POLA1,0.52362640992872,0.0010388503506777,0.0093629824308473,True,0.0189754083444853
SC_GART_NEAREST_CENTROID_PROGRAM,421,SLC38A5,0.472233632487586,3.06499391101248e-06,0.0001848914634242,True,0.07312709358737857
SC_GART_NEAREST_CENTROID_PROGRAM,422,FTSJ1,0.219444311177926,0.0109926987566443,0.0477568385488696,True,0.034934735642198955
SC_GART_NEAREST_CENTROID_PROGRAM,423,EBP,0.129089632403364,0.0040885068753882,0.0243125549060786,True,0.06841571835939142
SC_GART_NEAREST_CENTROID_PROGRAM,424,PLP2,0.174416768176494,0.0012880800151267,0.0109340870770466,True,0.06646261542552423
SC_GART_NEAREST_CENTROID_PROGRAM,425,CLCN5,0.413154683385608,0.0035674211442005,0.0220066999311281,True,0.01851635421085862
SC_GART_NEAREST_CENTROID_PROGRAM,426,HSD17B10,0.128638582701905,0.0072317035788801,0.0358881416283471,True,0.06363196016546901
SC_GART_NEAREST_CENTROID_PROGRAM,427,TSR2,0.166157699964651,0.0116809817918064,0.0498793899536898,True,0.058848389326740524
SC_GART_NEAREST_CENTROID_PROGRAM,428,LAS1L,0.314198354219343,0.0011194932900714,0.0099148818653375,True,0.04664476579658794
SC_GART_NEAREST_CENTROID_PROGRAM,429,KIF4A,0.484490695124774,0.0004575633012462,0.0053680103786081,True,0.02947123334449553
SC_GART_NEAREST_CENTROID_PROGRAM,430,JPX,0.220843872496469,0.0037756501754909,0.022912814428911,True,0.04532157559273209
SC_GART_NEAREST_CENTROID_PROGRAM,431,TIMM8A,0.336464689881853,0.0001152937337955,0.0021488992937456,True,0.05935509549707785
SC_GART_NEAREST_CENTROID_PROGRAM,432,TCEAL8,0.163110533313578,0.0031180633689337,0.020048005837212,True,0.0799729049133231
SC_GART_NEAREST_CENTROID_PROGRAM,433,MORC4,0.288685510114419,0.0023896119624544,0.0165680745502932,True,0.02881536096337667
SC_GART_NEAREST_CENTROID_PROGRAM,434,PRPS1,0.336204205602898,0.0007536671489863,0.0076864474477833,True,0.0351698525736851
SC_GART_NEAREST_CENTROID_PROGRAM,435,HPRT1,0.209317911071949,0.0012689699727244,0.0108108474767321,True,0.07856433529324969
SC_GART_NEAREST_CENTROID_PROGRAM,436,HMGB3,0.265053016780473,0.0004416146417632,0.0052026278393893,True,0.08695863856517405
SC_GART_NEAREST_CENTROID_PROGRAM,437,HAUS7,0.61958460717652,3.28144419708287e-05,0.0009151402315388,True,0.03264899592660486
SC_GART_NEAREST_CENTROID_PROGRAM,438,NAA10,0.15893580613898,0.0012694094231951,0.0108108474767321,True,0.07372946368399336
SC_GART_NEAREST_CENTROID_PROGRAM,439,HCFC1,0.19702654805342,0.0076948581080161,0.0374221160865397,True,0.0470490264415413
SC_GART_NEAREST_CENTROID_PROGRAM,440,EMD,0.202935446839477,0.0009113634746084,0.0087545419582259,True,0.06732893005292329
SC_GART_NEAREST_CENTROID_PROGRAM,441,LAGE3,0.287058163506594,0.0001632337747814,0.00265010314747,True,0.08502780452505099
SC_GART_NEAREST_CENTROID_PROGRAM,442,DKC1,0.254914725453211,0.0009359176708555,0.0088916134427266,True,0.07728684622280513
SC_GART_NEAREST_CENTROID_PROGRAM,443,PINX1,0.350272394707463,0.0018550699810573,0.0139179783158232,True,0.034332532568422836
SC_GART_NEAREST_CENTROID_PROGRAM,444,ESCO2,0.58581977464239,7.2034691029344e-06,0.0003465398250653,True,0.03558529959612822
SC_GART_NEAREST_CENTROID_PROGRAM,445,PBK,0.461483090851914,1.54963331310848e-06,0.0001286486933038,True,0.055988836854595325
SC_GART_NEAREST_CENTROID_PROGRAM,446,EIF4EBP1,0.396889500285864,6.66433574074612e-07,7.88425993581533e-05,True,0.10174176340887653
SC_GART_NEAREST_CENTROID_PROGRAM,447,GINS4,0.466531650903741,0.0045693479635934,0.026149796935788,True,0.020206159810958413
SC_GART_NEAREST_CENTROID_PROGRAM,448,AP3M2,0.425109591837763,0.0033641585561267,0.0211621951353855,True,0.01893714862193685
SC_GART_NEAREST_CENTROID_PROGRAM,449,PRKDC,0.31458744713859,8.3719822523966e-05,0.0017686599348625,True,0.07977525939324626
SC_GART_NEAREST_CENTROID_PROGRAM,450,MCM4,0.4301601580177,1.68759854512227e-05,0.0005945742961952,True,0.061346795014539435
SC_GART_NEAREST_CENTROID_PROGRAM,451,MRPL15,0.179004638172893,0.006933572348406,0.0349289195982676,True,0.07785170163980504
SC_GART_NEAREST_CENTROID_PROGRAM,452,CA8,0.357610521480564,0.0115325035876852,0.0495142714276735,True,0.02881925663018703
SC_GART_NEAREST_CENTROID_PROGRAM,453,GGH,0.21620466795115,0.0001118364486535,0.0021018893752804,True,0.08468558005381166
SC_GART_NEAREST_CENTROID_PROGRAM,454,RRS1,0.276590760360246,0.0005473445932006,0.0061243091296708,True,0.05490612630204783
SC_GART_NEAREST_CENTROID_PROGRAM,455,FABP5,0.323660533892159,1.90047619688219e-06,0.0001428292374813,True,0.061391372994203275
SC_GART_NEAREST_CENTROID_PROGRAM,456,CCNE2,0.847566718445309,4.45281037445589e-07,6.10306534128168e-05,True,0.022289561754701648
SC_GART_NEAREST_CENTROID_PROGRAM,457,PTDSS1,0.253722989613906,0.0030433523167509,0.0197598132223937,True,0.06334805594137494
SC_GART_NEAREST_CENTROID_PROGRAM,458,DCAF13,0.211366173903602,0.000786169283612,0.0078470307091619,True,0.06720569007898858
SC_GART_NEAREST_CENTROID_PROGRAM,459,DSCC1,0.664753952405638,2.86097929436778e-06,0.0001786363682744,True,0.026867755100717483
SC_GART_NEAREST_CENTROID_PROGRAM,460,ATAD2,0.503542148763878,0.0001944440445299,0.0029773250905617,True,0.04595265025457784
SC_GART_NEAREST_CENTROID_PROGRAM,461,ANXA13,0.442536424480618,0.0005875169104928,0.0063983551909201,True,0.03271717791059692
SC_GART_NEAREST_CENTROID_PROGRAM,462,PUF60,0.176265573668943,0.0093029102016511,0.042640867763604,True,0.07204724049167466
SC_GART_NEAREST_CENTROID_PROGRAM,463,EXOSC4,0.236693838909275,0.001590193898142,0.0125779666029938,True,0.07309262310395637
SC_GART_NEAREST_CENTROID_PROGRAM,464,CYC1,0.154120408720183,0.0013188963890882,0.0110906322698424,True,0.03598196698471168
SC_GART_NEAREST_CENTROID_PROGRAM,465,FBXL6,0.20810882910394,0.0042305719503145,0.0248870022566508,True,0.04451941560233574
SC_GART_NEAREST_CENTROID_PROGRAM,466,CPSF1,0.229353272937682,0.0108022230083584,0.0471492043654957,True,0.04445000805375443
SC_GART_NEAREST_CENTROID_PROGRAM,467,SLC39A4,0.132506433784319,0.0080065178830205,0.0384084017593209,True,0.07096258569302283
SC_GART_NEAREST_CENTROID_PROGRAM,468,TONSL,0.346334320064958,0.0039130832604502,0.0235813097931372,True,0.02650302900329904
SC_GART_NEAREST_CENTROID_PROGRAM,469,RECQL4,0.636880122738338,5.52233824074856e-06,0.0002886770208733,True,0.029078752368216
SC_GART_NEAREST_CENTROID_PROGRAM,470,C8orf33,0.244875707149228,0.001031446004417,0.0093186669161116,True,0.07132838063304325
SC_GART_NEAREST_CENTROID_PROGRAM,471,RCL1,0.347063800284096,0.0030980330234971,0.0199614512403685,True,0.028780533467522296
SC_GART_NEAREST_CENTROID_PROGRAM,472,PSIP1,0.294867237604209,0.0009296426827849,0.0088771609487567,True,0.0677803805630609
SC_GART_NEAREST_CENTROID_PROGRAM,473,SPINK4,0.630401782586635,0.001341722740471,0.0112049367670253,True,0.0477375308978214
SC_GART_NEAREST_CENTROID_PROGRAM,474,AQP3,0.452505699986501,0.0047324780476768,0.0268763621919352,True,0.022389993022600363
SC_GART_NEAREST_CENTROID_PROGRAM,475,NOL6,0.352264200615155,0.0089204108720446,0.0413599413328836,True,0.018565658586772837
SC_GART_NEAREST_CENTROID_PROGRAM,476,NUDT2,0.225716942882664,0.0049137415403115,0.027612770585781,True,0.06138735637238313
SC_GART_NEAREST_CENTROID_PROGRAM,477,SIGMAR1,0.286931222618859,0.0001063999309813,0.0020268285157616,True,0.07059689080258036
SC_GART_NEAREST_CENTROID_PROGRAM,478,FANCG,0.50482055222848,0.000550102816635,0.0061457311691468,True,0.028782309464422173
SC_GART_NEAREST_CENTROID_PROGRAM,479,STOML2,0.172396918756,0.0013272133320206,0.0111317542078959,True,0.06445474244862393
SC_GART_NEAREST_CENTROID_PROGRAM,480,ARHGEF39,0.304712312814653,0.0008989508787596,0.0086926071933008,True,0.028545610725883463
SC_GART_NEAREST_CENTROID_PROGRAM,481,HINT2,0.150239416933106,0.0030390778563701,0.0197598132223937,True,0.07834415135068451
SC_GART_NEAREST_CENTROID_PROGRAM,482,MELK,0.51371075234319,2.20016050365395e-06,0.0001578696995178,True,0.042910996105525845
SC_GART_NEAREST_CENTROID_PROGRAM,483,TOMM5,0.25428134200537,0.0002039426099715,0.0030766590516375,True,0.07408627125195344
SC_GART_NEAREST_CENTROID_PROGRAM,484,EXOSC3,0.310109717996629,4.69526868493041e-05,0.0011744479803426,True,0.07161748454432104
SC_GART_NEAREST_CENTROID_PROGRAM,485,CEP78,0.328438695253317,0.0013944710496022,0.0115069457609984,True,0.038903671052207045
SC_GART_NEAREST_CENTROID_PROGRAM,486,PSAT1,0.449957479178216,0.001584488098844,0.0125585766875232,True,0.03774671747238667
SC_GART_NEAREST_CENTROID_PROGRAM,487,RMI1,0.358763931774569,0.0067233824169005,0.0342383756155622,True,0.02639713456141124
SC_GART_NEAREST_CENTROID_PROGRAM,488,CKS2,0.311146075422177,5.89614663606158e-05,0.0013914689375887,True,0.07889873330362518
SC_GART_NEAREST_CENTROID_PROGRAM,489,NOL8,0.246788933932953,0.0076984345119786,0.0374233155190866,True,0.04122043299872724
SC_GART_NEAREST_CENTROID_PROGRAM,490,CENPP,0.892984165017153,1.84383608823129e-06,0.0001418545459041,True,0.021119892785157912
SC_GART_NEAREST_CENTROID_PROGRAM,491,PTCH1,0.596690423487547,0.0045174994803547,0.0259704228438402,True,0.012871447378977163
SC_GART_NEAREST_CENTROID_PROGRAM,492,ZNF367,0.567075859838272,0.000569355607036,0.0063009558089064,True,0.025757240463653464
SC_GART_NEAREST_CENTROID_PROGRAM,493,XPA,0.262866969050228,0.0049684964931835,0.0278044562637115,True,0.05490925170550798
SC_GART_NEAREST_CENTROID_PROGRAM,494,ANP32B,0.19732576791499,0.0010253813047554,0.009305576729828,True,0.06930080836344488
SC_GART_NEAREST_CENTROID_PROGRAM,495,ANKS6,0.254080961872473,0.0061728091087613,0.0322529993367591,True,0.02679125818787953
SC_GART_NEAREST_CENTROID_PROGRAM,496,TEX10,0.309969609348423,0.0068598909964223,0.0347133340426794,True,0.017888776711598497
SC_GART_NEAREST_CENTROID_PROGRAM,497,SMC2,0.315918471578056,0.0001369386804786,0.0023532481536133,True,0.07992548200486826
SC_GART_NEAREST_CENTROID_PROGRAM,498,CTNNAL1,0.391075584086054,0.0002715961545772,0.0037179892585799,True,0.05637644556807797
SC_GART_NEAREST_CENTROID_PROGRAM,499,POLE3,0.228700808573115,0.0059165861175681,0.0313662789506361,True,0.06919277675582469
SC_GART_NEAREST_CENTROID_PROGRAM,500,PHF19,0.319825113722954,0.0006200877748272,0.0066373014297939,True,0.05128754446898243
SC_GART_NEAREST_CENTROID_PROGRAM,501,PSMB7,0.132190676674812,0.0054687564621296,0.029692441486896,True,0.057011458221359224
SC_GART_NEAREST_CENTROID_PROGRAM,502,STXBP1,0.524412090801713,0.0044124878053966,0.0256542349034626,True,0.014290645285810366
SC_GART_NEAREST_CENTROID_PROGRAM,503,PTRH1,0.189393264808888,0.005405894864366,0.0294507282504171,True,0.060640604205833504
SC_GART_NEAREST_CENTROID_PROGRAM,504,FPGS,0.186991427107463,0.0075741532690316,0.0370765986044778,True,0.05957001500177195
SC_GART_NEAREST_CENTROID_PROGRAM,505,DPM2,0.303439375475049,8.82673334048595e-05,0.0018402273124127,True,0.07623442770696809
SC_GART_NEAREST_CENTROID_PROGRAM,506,TRUB2,0.270462390624821,0.0005242385037785,0.005939431999967,True,0.063674872787984
SC_GART_NEAREST_CENTROID_PROGRAM,507,WDR34,0.409070770456822,2.67366047983277e-08,9.66814009597784e-06,True,0.10174887302911195
SC_GART_NEAREST_CENTROID_PROGRAM,508,ENDOG,0.244170465061223,0.00078706970005,0.007849047345929,True,0.06917125935185942
SC_GART_NEAREST_CENTROID_PROGRAM,509,NUP188,0.42413049993501,0.000198373580309,0.0030210307169281,True,0.030666917494891366
SC_GART_NEAREST_CENTROID_PROGRAM,510,EXOSC2,0.391049705498665,0.0002423304256012,0.0034606755442598,True,0.03339503887066242
SC_GART_NEAREST_CENTROID_PROGRAM,511,FIBCD1,0.320818306083121,0.0010147712450111,0.0092498086153126,True,0.03810427754201162
SC_GART_NEAREST_CENTROID_PROGRAM,512,GTF3C5,0.197534748101923,0.0106352144433641,0.0467804791063825,True,0.044856308182439464
SC_GART_NEAREST_CENTROID_PROGRAM,513,SURF2,0.245526273091211,0.0011871185327545,0.0103506789679038,True,0.06383366073023555
SC_GART_NEAREST_CENTROID_PROGRAM,514,C9orf116,0.517162052391349,0.0009895044066087,0.0091230845167152,True,0.01535330486740405
SC_GART_NEAREST_CENTROID_PROGRAM,515,MRPS2,0.280874338347421,0.0003266604270838,0.0042451143982923,True,0.07731672308827997
SC_GART_NEAREST_CENTROID_PROGRAM,516,LRRC26,0.548225095267916,7.44779903805674e-05,0.0016421905691158,True,0.05554965857778116
SC_GART_NEAREST_CENTROID_PROGRAM,517,ZMYND19,0.396103137778778,0.0011296142671119,0.0099809235440813,True,0.03159457691622036
SC_GART_NEAREST_CENTROID_PROGRAM,518,TALDO1,0.110293115853995,0.0087284932156035,0.0407559348775108,True,0.060176486211430236
SC_GART_NEAREST_CENTROID_PROGRAM,519,SLC25A22,0.246855334994323,0.0102478186807755,0.0456501126251431,True,0.030449887968329925
SC_GART_NEAREST_CENTROID_PROGRAM,520,MRPL23,0.104420912091433,0.0115740819138105,0.0495635719418234,True,0.036626306958862265
SC_GART_NEAREST_CENTROID_PROGRAM,521,CD81,0.282652972524134,2.89478399502418e-05,0.000838517456703,True,0.07633281100506428
SC_GART_NEAREST_CENTROID_PROGRAM,522,RRM1,0.539753103490682,5.36062997346844e-08,1.62832757491383e-05,True,0.09091452244402587
SC_GART_NEAREST_CENTROID_PROGRAM,523,TIMM10B,0.242677184677989,0.0050828475721155,0.0282522867769569,True,0.05726707598949954
SC_GART_NEAREST_CENTROID_PROGRAM,524,MRPL17,0.379722982003545,6.85721596013923e-08,1.83495833752392e-05,True,0.09790449447749972
SC_GART_NEAREST_CENTROID_PROGRAM,525,CYB5R2,0.394973345213775,0.004277445744337,0.0250778365783017,True,0.019607801264959757
SC_GART_NEAREST_CENTROID_PROGRAM,526,AKIP1,0.219551787024104,0.0101018545672701,0.0451789667654393,True,0.03886301066301079
SC_GART_NEAREST_CENTROID_PROGRAM,527,SBF2-AS1,0.586885449749753,0.0010498013430967,0.0094388467598192,True,0.014977663957064569
SC_GART_NEAREST_CENTROID_PROGRAM,528,NUCB2,0.240584554155545,0.0001294511825797,0.0022697376614885,True,0.07938699843392727
SC_GART_NEAREST_CENTROID_PROGRAM,529,SAAL1,0.307775445016457,0.000559530872766,0.006226304434671,True,0.045860372894360624
SC_GART_NEAREST_CENTROID_PROGRAM,530,E2F8,0.464090811055247,0.0003075969025697,0.0040568598926904,True,0.0275936911448853
SC_GART_NEAREST_CENTROID_PROGRAM,531,NAV2,0.25925201131481,0.0105840528340874,0.0466304076057657,True,0.028190094292136925
SC_GART_NEAREST_CENTROID_PROGRAM,532,CCDC34,0.328229674907758,2.11289375538065e-05,0.000692326907193,True,0.09602768608461676
SC_GART_NEAREST_CENTROID_PROGRAM,533,CSTF3,0.212533138076909,0.0039631121618625,0.0237807888879729,True,0.057268666955781034
SC_GART_NEAREST_CENTROID_PROGRAM,534,TP53I11,0.203999951520764,0.0015770390468739,0.0125260366415659,True,0.06458389651568774
SC_GART_NEAREST_CENTROID_PROGRAM,535,DDB2,0.283062984097125,0.006715404571315,0.0342132511228514,True,0.033820030548820657
SC_GART_NEAREST_CENTROID_PROGRAM,536,PSMC3,0.151955932269234,0.0018461853472092,0.0138791151286183,True,0.07610036939268505
SC_GART_NEAREST_CENTROID_PROGRAM,537,PTPMT1,0.286043277878458,7.14136942301613e-05,0.0015893435830748,True,0.07529210138600373
SC_GART_NEAREST_CENTROID_PROGRAM,538,SSRP1,0.235149549514956,0.0004887557120114,0.0056495587861535,True,0.0934870633639674
SC_GART_NEAREST_CENTROID_PROGRAM,539,SLC43A3,0.669981909675623,0.0002777905616777,0.0037660894121783,True,0.01892500078055037
SC_GART_NEAREST_CENTROID_PROGRAM,540,SLC43A1,0.515688490044568,0.0001060147577705,0.0020229199704293,True,0.03398599036870242
SC_GART_NEAREST_CENTROID_PROGRAM,541,TIMM10,0.262237279386608,9.04720300088618e-05,0.00186229880086,True,0.0819723679872082
SC_GART_NEAREST_CENTROID_PROGRAM,542,TMX2,0.178751982728526,0.0040259556618041,0.0240509385779863,True,0.07950599981702766
SC_GART_NEAREST_CENTROID_PROGRAM,543,FAM111B,0.584982978310735,9.06998015314795e-06,0.0004077500277649,True,0.03655563919688165
SC_GART_NEAREST_CENTROID_PROGRAM,544,MRPL16,0.272810588390677,4.34552040631336e-05,0.0011144602518342,True,0.08410976436040829
SC_GART_NEAREST_CENTROID_PROGRAM,545,CCDC86,0.33669577182453,0.004348977042063,0.0253648951612594,True,0.02725682139238328
SC_GART_NEAREST_CENTROID_PROGRAM,546,PRPF19,0.377065988597196,6.88280615846893e-07,7.97483076443632e-05,True,0.0901112089547964
SC_GART_NEAREST_CENTROID_PROGRAM,547,TMEM109,0.259972412742643,0.0090029053458189,0.0416736627601561,True,0.04399994294696097
SC_GART_NEAREST_CENTROID_PROGRAM,548,TMEM258,0.120064901131337,0.007352351685151,0.0362608713975709,True,0.021614523879710745
SC_GART_NEAREST_CENTROID_PROGRAM,549,FEN1,0.804391562760038,7.45618503639159e-10,2.09500159060013e-06,True,0.09829469633291688
SC_GART_NEAREST_CENTROID_PROGRAM,550,FADS2,0.316700157635285,0.0065242752728662,0.0334670606078245,True,0.02899264061537521
SC_GART_NEAREST_CENTROID_PROGRAM,551,ASRGL1,0.25233036428093,0.000166777707429,0.0026799940563533,True,0.08476958244378663
SC_GART_NEAREST_CENTROID_PROGRAM,552,GANAB,0.197784412533899,0.0004682261404027,0.0054589145145086,True,0.06767574924498976
SC_GART_NEAREST_CENTROID_PROGRAM,553,INTS5,0.314178906822127,0.0045035196388899,0.0259431354287465,True,0.031153877912703742
SC_GART_NEAREST_CENTROID_PROGRAM,554,POLR2G,0.320987332414168,5.79219473042162e-06,0.0002999929796092,True,0.09216089289455576
SC_GART_NEAREST_CENTROID_PROGRAM,555,TMEM223,0.197385953051392,0.0017679609294065,0.0134917520074347,True,0.07263975511662668
SC_GART_NEAREST_CENTROID_PROGRAM,556,STIP1,0.338617714506051,1.30448854562073e-05,0.0005090675959802,True,0.08061880227781748
SC_GART_NEAREST_CENTROID_PROGRAM,557,PPP1R14B,0.321812108341468,8.63222836800709e-06,0.0003936496291864,True,0.08475779625618363
SC_GART_NEAREST_CENTROID_PROGRAM,558,TRMT112,0.292653903143243,2.26812803212301e-06,0.0001583322419442,True,0.07476340741005383
SC_GART_NEAREST_CENTROID_PROGRAM,559,ARL2,0.130418707816881,0.0110996534330519,0.0481470493763295,True,0.07956496440128702
SC_GART_NEAREST_CENTROID_PROGRAM,560,SAC3D1,0.327904044236594,0.000245523342975,0.003467216784099,True,0.06974077938414447
SC_GART_NEAREST_CENTROID_PROGRAM,561,CDCA5,0.526623156662528,1.36999685184974e-06,0.0001198033582207,True,0.03886791133620571
SC_GART_NEAREST_CENTROID_PROGRAM,562,POLA2,0.782874942834636,6.1247276540345e-07,7.48215370692323e-05,True,0.03912394310245304
SC_GART_NEAREST_CENTROID_PROGRAM,563,SSSCA1,0.22808267867046,0.0007657453218102,0.0077255041937393,True,0.06797250483736739
SC_GART_NEAREST_CENTROID_PROGRAM,564,RNASEH2C,0.259219559601771,0.0013995440570245,0.0115318736487532,True,0.07866989114953926
SC_GART_NEAREST_CENTROID_PROGRAM,565,CCDC85B,0.343923855069798,0.0007562162603424,0.0076933775236898,True,0.08919506964046553
SC_GART_NEAREST_CENTROID_PROGRAM,566,DRAP1,0.222527560027434,0.0001324086436554,0.0023036234458877,True,0.07959959584774867
SC_GART_NEAREST_CENTROID_PROGRAM,567,BANF1,0.263763159557417,8.92763189744567e-06,0.0004029624694594,True,0.07164666618702653
SC_GART_NEAREST_CENTROID_PROGRAM,568,YIF1A,0.130956008443927,0.0056172792677092,0.0302790354538472,True,0.06116842512249421
SC_GART_NEAREST_CENTROID_PROGRAM,569,MRPL11,0.227843719888964,0.0001034962577488,0.0020020558362124,True,0.08900896202454578
SC_GART_NEAREST_CENTROID_PROGRAM,570,GSTP1,0.141878910573057,0.0028737313842616,0.0190299184576944,True,0.010481888478199308
SC_GART_NEAREST_CENTROID_PROGRAM,571,NUDT8,0.297736553180881,2.3421023388671e-05,0.0007332280831901,True,0.08848984756378075
SC_GART_NEAREST_CENTROID_PROGRAM,572,NDUFS8,0.148407403517975,0.0007929645992751,0.0078938256255563,True,0.04945473579695947
SC_GART_NEAREST_CENTROID_PROGRAM,573,GAL,0.469635120467165,0.0069524667817962,0.0349927336142443,True,0.029306737008771067
SC_GART_NEAREST_CENTROID_PROGRAM,574,MRPL21,0.188618526743304,0.0002934564146186,0.0039276639735001,True,0.07557831465456366
SC_GART_NEAREST_CENTROID_PROGRAM,575,ANAPC15,0.128903726853492,0.0092420762077671,0.0424833106335764,True,0.06731003016509007
SC_GART_NEAREST_CENTROID_PROGRAM,576,POLD3,0.377162368589088,4.39143999298998e-05,0.0011217135018457,True,0.06007212988427746
SC_GART_NEAREST_CENTROID_PROGRAM,577,DGAT2,0.508883976054616,0.0019683980055324,0.0144877702581397,True,0.01941386312205562
SC_GART_NEAREST_CENTROID_PROGRAM,578,B3GNT6,0.447461441502618,0.0016604213029949,0.0129055843875245,True,0.031072789973035198
SC_GART_NEAREST_CENTROID_PROGRAM,579,ALG8,0.203480139086183,0.0115434070711629,0.0495210646504961,True,0.05344730014961907
SC_GART_NEAREST_CENTROID_PROGRAM,580,EED,0.252872624903817,0.0073374309997406,0.0362166829187903,True,0.04190144271731866
SC_GART_NEAREST_CENTROID_PROGRAM,581,KDELC2,0.344104211124787,0.0009416037034059,0.0089230050780602,True,0.029694200409477012
SC_GART_NEAREST_CENTROID_PROGRAM,582,ZW10,0.300211966758035,0.0064373104607627,0.0331875836094096,True,0.023338361005158736
SC_GART_NEAREST_CENTROID_PROGRAM,583,REXO2,0.191783396459778,0.0006505048964716,0.0068712636573734,True,0.07356014581456438
SC_GART_NEAREST_CENTROID_PROGRAM,584,BUD13,0.28526838899896,0.0063247229625966,0.0327861094950213,True,0.022945790491935347
SC_GART_NEAREST_CENTROID_PROGRAM,585,IFT46,0.380691396550555,0.0036945885600067,0.022628599905131,True,0.021121934090795214
SC_GART_NEAREST_CENTROID_PROGRAM,586,HMBS,0.338148891733101,0.0001038158174182,0.0020047868934088,True,0.08104065574272601
SC_GART_NEAREST_CENTROID_PROGRAM,587,DPAGT1,0.293018969115727,0.0004975451062631,0.0057235511251699,True,0.06098523785065413
SC_GART_NEAREST_CENTROID_PROGRAM,588,NRGN,0.372807728696712,0.0111992504476809,0.0484295405084594,True,0.018880006347360534
SC_GART_NEAREST_CENTROID_PROGRAM,589,CHEK1,0.50502305317725,2.14539620917159e-06,0.0001555619870637,True,0.051883121196662274
SC_GART_NEAREST_CENTROID_PROGRAM,590,FOXRED1,0.395291253981314,9.62958571886677e-05,0.0019223252911961,True,0.04793426020037417
SC_GART_NEAREST_CENTROID_PROGRAM,591,NCAPD3,0.348945448320989,0.001199423092326,0.0104175549726834,True,0.030938712890998588
SC_GART_NEAREST_CENTROID_PROGRAM,592,GTPBP4,0.19113207399207,0.0104042375069685,0.0460325871716464,True,0.058816594459660476
SC_GART_NEAREST_CENTROID_PROGRAM,593,RBM17,0.12835968527213,0.0080733100030946,0.0385782020088353,True,0.0791448028046623
SC_GART_NEAREST_CENTROID_PROGRAM,594,NUDT5,0.273305869028255,3.82016798809508e-05,0.0010296131419232,True,0.08937899378841674
SC_GART_NEAREST_CENTROID_PROGRAM,595,CDC123,0.209652579312147,0.001420401123409,0.011627012546245,True,0.07844158853588379
SC_GART_NEAREST_CENTROID_PROGRAM,596,MCM10,0.733294902173452,0.0002698145882055,0.0037080117823958,True,0.026691710136394153
SC_GART_NEAREST_CENTROID_PROGRAM,597,HSPA14,0.326254838085924,0.0002455249831833,0.003467216784099,True,0.05326881915718984
SC_GART_NEAREST_CENTROID_PROGRAM,598,MTPAP,0.231738966140792,0.0050397914354891,0.0280684915478013,True,0.03819770285407875
SC_GART_NEAREST_CENTROID_PROGRAM,599,BMS1,0.328944447574147,6.55820403134691e-05,0.001480581680291,True,0.0557730088803946
SC_GART_NEAREST_CENTROID_PROGRAM,600,HNRNPF,0.170643721040172,0.0002259477649916,0.0033413512246588,True,0.054106902800394985
SC_GART_NEAREST_CENTROID_PROGRAM,601,ZWINT,0.526154118455873,6.051178959899791e-09,5.50892830074415e-06,True,0.09878368572559859
SC_GART_NEAREST_CENTROID_PROGRAM,602,CISD1,0.18217209479921,0.0009583153543131,0.0090083774910586,True,0.07819480415330304
SC_GART_NEAREST_CENTROID_PROGRAM,603,TFAM,0.224290154559784,0.0055245439507289,0.029894246250478,True,0.07379724286090483
SC_GART_NEAREST_CENTROID_PROGRAM,604,CDK1,0.617151226696578,2.27019296681923e-08,9.11239241217189e-06,True,0.07626240515956284
SC_GART_NEAREST_CENTROID_PROGRAM,605,DNA2,0.580123868662106,0.0036523618181007,0.0224556315501283,True,0.015226239956307341
SC_GART_NEAREST_CENTROID_PROGRAM,606,H2AFY2,0.286088826699318,0.002050750824919,0.0148699280782353,True,0.04268017256292156
SC_GART_NEAREST_CENTROID_PROGRAM,607,LRRC20,0.651385415511764,8.16966664470726e-05,0.0017422938030334,True,0.012602074505117411
SC_GART_NEAREST_CENTROID_PROGRAM,608,PCBD1,0.184479017970817,0.0001402518719876,0.0023883193776805,True,0.07605804789327697
SC_GART_NEAREST_CENTROID_PROGRAM,609,DNAJC9,0.449659702982314,2.34608463327383e-07,4.11994456146322e-05,True,0.09025398214784774
SC_GART_NEAREST_CENTROID_PROGRAM,610,MRPS16,0.157192294608896,0.0050031232378486,0.0279334833930356,True,0.07341981404288211
SC_GART_NEAREST_CENTROID_PROGRAM,611,ADK,0.221189556084145,0.0019465749356781,0.0143647772173911,True,0.055745434939788674
SC_GART_NEAREST_CENTROID_PROGRAM,612,COMTD1,0.139871623494963,0.0058409319069826,0.0310972210812779,True,0.07953955715852445
SC_GART_NEAREST_CENTROID_PROGRAM,613,KCNMA1,0.339664015002926,0.0080101279047918,0.0384084017593209,True,0.027191413527889008
SC_GART_NEAREST_CENTROID_PROGRAM,614,PPIF,0.340544907053585,2.17693516370438e-05,0.0007030624800251,True,0.09299779534465369
SC_GART_NEAREST_CENTROID_PROGRAM,615,KIF20B,0.373186858927154,0.0002328202736808,0.003405763443214,True,0.06596965794925402
SC_GART_NEAREST_CENTROID_PROGRAM,616,RPP30,0.250284404330978,0.0007267154309498,0.0074385744339211,True,0.06127310765675398
SC_GART_NEAREST_CENTROID_PROGRAM,617,KIF11,0.419393628664101,0.0012444923919237,0.0106607088359995,True,0.032025753056956874
SC_GART_NEAREST_CENTROID_PROGRAM,618,NOC3L,0.262523097683351,0.0076112295449451,0.0371603796753269,True,0.02506430838110696
SC_GART_NEAREST_CENTROID_PROGRAM,619,HELLS,0.591067693758046,2.93326547393811e-07,4.77782183501311e-05,True,0.08051374615666773
SC_GART_NEAREST_CENTROID_PROGRAM,620,EXOSC1,0.175259555716939,0.0072008615107931,0.0358407327545427,True,0.0630711116288395
SC_GART_NEAREST_CENTROID_PROGRAM,621,MMS19,0.397435543296834,4.65166654200744e-05,0.001169576739723,True,0.039381429894290276
SC_GART_NEAREST_CENTROID_PROGRAM,622,GOT1,0.188464954768837,0.0104269025760958,0.0460644489201024,True,0.07543803464807952
SC_GART_NEAREST_CENTROID_PROGRAM,623,SLC25A28,0.240589635501085,0.0098901021289268,0.0444619431308036,True,0.03406869548246794
SC_GART_NEAREST_CENTROID_PROGRAM,624,DPCD,0.176034603026961,0.0024171242399058,0.0166970247893682,True,0.07393556359860887
SC_GART_NEAREST_CENTROID_PROGRAM,625,NPM3,0.420858519699498,3.01854747506327e-07,4.77823310876564e-05,True,0.10644229686009377
SC_GART_NEAREST_CENTROID_PROGRAM,626,NOLC1,0.43726948975529,6.40251720287212e-06,0.0003183977470932,True,0.08313200931889242
SC_GART_NEAREST_CENTROID_PROGRAM,627,ARL3,0.262905928477462,0.0014711030612265,0.0119037979278935,True,0.06990775884241807
SC_GART_NEAREST_CENTROID_PROGRAM,628,PCGF6,0.438523878064647,0.0007598313433597,0.0076958877090234,True,0.01904709760965473
SC_GART_NEAREST_CENTROID_PROGRAM,629,GSTO1,0.206175163937344,9.1385128160131e-05,0.0018640244199486,True,0.06378424699714436
SC_GART_NEAREST_CENTROID_PROGRAM,630,GSTO2,0.175309562804038,0.0066825077173929,0.0340920128169673,True,0.06321226603211816
SC_GART_NEAREST_CENTROID_PROGRAM,631,SMC3,0.247816880076666,0.0003945770672362,0.0047942180093709,True,0.07213936496744455
SC_GART_NEAREST_CENTROID_PROGRAM,632,PRDX3,0.168300350482061,0.0004143249256232,0.0049538274883825,True,0.06713536964726097
SC_GART_NEAREST_CENTROID_PROGRAM,633,RGS10,0.32646660925496,0.0012074382682546,0.0104629134131949,True,0.0411075546568892
SC_GART_NEAREST_CENTROID_PROGRAM,634,MCMBP,0.330113863858357,3.34711357909636e-05,0.0009265568846173,True,0.06177630412467683
SC_GART_NEAREST_CENTROID_PROGRAM,635,NSMCE4A,0.150045752030718,0.0058315516006928,0.0310767228260725,True,0.07198553020563914
SC_GART_NEAREST_CENTROID_PROGRAM,636,BUB3,0.258854436754753,5.5594513763981e-05,0.0013294185961561,True,0.08028492583094904
SC_GART_NEAREST_CENTROID_PROGRAM,637,BCCIP,0.153278794193155,0.0104114989403261,0.0460325871716464,True,0.06428990747450147
SC_GART_NEAREST_CENTROID_PROGRAM,638,ZNF511,0.196815629442235,0.0021551152606036,0.0154560999184438,True,0.07975036472152497
SC_GART_NEAREST_CENTROID_PROGRAM,639,ECHS1,0.175795559676544,0.0005476404195497,0.0061243091296708,True,0.057842047512905115
SC_GART_NEAREST_CENTROID_PROGRAM,640,FKBP4,0.231808953489674,0.0007954931039542,0.0079119884914534,True,0.08807805262250701
SC_GART_NEAREST_CENTROID_PROGRAM,641,FOXM1,0.498014777178496,4.52102843779237e-06,0.0002527952169768,True,0.04976151371394921
SC_GART_NEAREST_CENTROID_PROGRAM,642,RAD51AP1,0.40741849580181,0.0001912891473699,0.0029531575924328,True,0.048833240654095
SC_GART_NEAREST_CENTROID_PROGRAM,643,DYRK4,0.261496118204918,0.0054679933986185,0.029692441486896,True,0.05584333320884716
SC_GART_NEAREST_CENTROID_PROGRAM,644,NDUFA9,0.145842920136945,0.0086909756815458,0.04061450132428,True,0.06388211387284659
SC_GART_NEAREST_CENTROID_PROGRAM,645,MRPL51,0.133691409690819,0.0079869086017898,0.038356322125863,True,0.04679336227215447
SC_GART_NEAREST_CENTROID_PROGRAM,646,NCAPD2,0.336562007195577,0.0002669578667103,0.0036859207173924,True,0.04074298935281795
SC_GART_NEAREST_CENTROID_PROGRAM,647,CDCA3,0.500259425084441,1.1480800952621e-05,0.0004709223427244,True,0.049743114467377336
SC_GART_NEAREST_CENTROID_PROGRAM,648,USP5,0.223251844811098,0.0056483553990616,0.0304031926868072,True,0.053201455073737414
SC_GART_NEAREST_CENTROID_PROGRAM,649,EMG1,0.254005414444199,0.0009215522957852,0.0088297751511772,True,0.08327773123464666
SC_GART_NEAREST_CENTROID_PROGRAM,650,MAGOHB,0.276614858383038,0.0002391947337981,0.003442137788934,True,0.07098840118790573
SC_GART_NEAREST_CENTROID_PROGRAM,651,LDHB,0.366554480779652,1.00400984028881e-06,0.0001007505945982,True,0.0701568882786211
SC_GART_NEAREST_CENTROID_PROGRAM,652,REP15,0.42452971191253,0.0031675567343499,0.0202544038369161,True,0.04542754282426065
SC_GART_NEAREST_CENTROID_PROGRAM,653,DDX11,0.48426227587232,4.22078218711416e-05,0.0011006350580272,True,0.03564464263932032
SC_GART_NEAREST_CENTROID_PROGRAM,654,PFKM,0.332784269146032,0.0049252291361734,0.0276358713237408,True,0.02963025116480622
SC_GART_NEAREST_CENTROID_PROGRAM,655,C12orf54,0.401227004818191,0.0081028879418206,0.038668179685928,True,0.019977895247272448
SC_GART_NEAREST_CENTROID_PROGRAM,656,CACNB3,0.299480683542482,0.0058353144848993,0.0310820376757271,True,0.03129027053292477
SC_GART_NEAREST_CENTROID_PROGRAM,657,FKBP11,0.407104625790398,3.44310483771529e-07,5.22933179338947e-05,True,0.08444937025720511
SC_GART_NEAREST_CENTROID_PROGRAM,658,TUBA1B,0.465294002561264,7.985086582075631e-09,5.98295920639653e-06,True,0.04169556709758837
SC_GART_NEAREST_CENTROID_PROGRAM,659,TROAP,0.349195018236265,0.0045396603794226,0.0260701351680662,True,0.03388721471408607
SC_GART_NEAREST_CENTROID_PROGRAM,660,FAIM2,0.590377816658096,4.27957548657601e-05,0.0011090076324092,True,0.02375107955825284
SC_GART_NEAREST_CENTROID_PROGRAM,661,RACGAP1,0.357047940901292,0.0006310148089611,0.0067222515999183,True,0.040994716200625
SC_GART_NEAREST_CENTROID_PROGRAM,662,CBX5,0.225169637401288,0.0027377618588907,0.0184139470568961,True,0.08136697378837576
SC_GART_NEAREST_CENTROID_PROGRAM,663,CDK2,0.44628955286266,0.0002136992271995,0.0031895957695821,True,0.031049434276190557
SC_GART_NEAREST_CENTROID_PROGRAM,664,PA2G4,0.339349136129233,1.45430054274285e-06,0.0001247701053426,True,0.08408354738516621
SC_GART_NEAREST_CENTROID_PROGRAM,665,ESYT1,0.292950425875309,0.0019139348519382,0.0141925763590305,True,0.04327400023247685
SC_GART_NEAREST_CENTROID_PROGRAM,666,NABP2,0.169809532516891,0.0100807298239343,0.0451301601257753,True,0.0661673789090721
SC_GART_NEAREST_CENTROID_PROGRAM,667,CNPY2,0.164273901548959,0.0015512973009285,0.0123975827030228,True,0.06396098487387547
SC_GART_NEAREST_CENTROID_PROGRAM,668,TIMELESS,0.473686449132746,0.0003072599943522,0.0040568598926904,True,0.0322397207081756
SC_GART_NEAREST_CENTROID_PROGRAM,669,PTGES3,0.123821088689814,0.0071700892534811,0.0357677022280845,True,0.04856331637269684
SC_GART_NEAREST_CENTROID_PROGRAM,670,PRIM1,0.571719847611019,8.57744534630716e-05,0.0017985430643124,True,0.034761253842190976
SC_GART_NEAREST_CENTROID_PROGRAM,671,SHMT2,0.328386548479922,5.84920871459709e-05,0.0013869041507037,True,0.07392541723819357
SC_GART_NEAREST_CENTROID_PROGRAM,672,CDK4,0.405831732322068,9.52552612432088e-06,0.0004181929223095,True,0.09536466106990649
SC_GART_NEAREST_CENTROID_PROGRAM,673,METTL1,0.383284046666157,0.0002811916851294,0.0037976730510802,True,0.035766514098521496
SC_GART_NEAREST_CENTROID_PROGRAM,674,TSFM,0.355661094768133,6.52368618592545e-06,0.0003215776712439,True,0.07545267872365868
SC_GART_NEAREST_CENTROID_PROGRAM,675,TBC1D30,0.441359274280288,0.0020261354051623,0.0147755008718864,True,0.024310506187841474
SC_GART_NEAREST_CENTROID_PROGRAM,676,NUP107,0.310369416312119,0.0044562821310714,0.025727477364386,True,0.040513390973100694
SC_GART_NEAREST_CENTROID_PROGRAM,677,CPSF6,0.166035003379038,0.0044066179256149,0.025634564630428,True,0.06679999856747465
SC_GART_NEAREST_CENTROID_PROGRAM,678,YEATS4,0.261904652724828,0.0005775363216466,0.0063387995302599,True,0.058658979758301366
SC_GART_NEAREST_CENTROID_PROGRAM,679,CCT2,0.223882492298836,0.0007590789032648,0.0076958877090234,True,0.09080882142006808
SC_GART_NEAREST_CENTROID_PROGRAM,680,NAP1L1,0.228840510759711,0.0047164881679562,0.0267990953082203,True,0.08150110061180071
SC_GART_NEAREST_CENTROID_PROGRAM,681,SNRPF,0.227430143697773,0.0003552368657249,0.0044693679286985,True,0.052765954282548155
SC_GART_NEAREST_CENTROID_PROGRAM,682,TMPO,0.270122020370291,0.0001420816115339,0.0024049024578762,True,0.08214541897064997
SC_GART_NEAREST_CENTROID_PROGRAM,683,NUP37,0.404770249035544,3.69548293277972e-05,0.001010548240426,True,0.0728882179462168
SC_GART_NEAREST_CENTROID_PROGRAM,684,NFYB,0.208269019771232,0.0026520085336506,0.0179770349274427,True,0.046963567777758564
SC_GART_NEAREST_CENTROID_PROGRAM,685,CKAP4,0.193967561054472,0.000339131940527,0.0043556931011342,True,0.07910664253556399
SC_GART_NEAREST_CENTROID_PROGRAM,686,UNG,0.461165627353786,4.28249232552389e-05,0.0011090076324092,True,0.07203860946648177
SC_GART_NEAREST_CENTROID_PROGRAM,687,GPN3,0.283787167726421,0.001590291889212,0.0125779666029938,True,0.04939217053009237
SC_GART_NEAREST_CENTROID_PROGRAM,688,DDX54,0.212560548257252,0.0022892132098209,0.0160401915618314,True,0.06567703252956858
SC_GART_NEAREST_CENTROID_PROGRAM,689,RFC5,0.502582336772247,1.62033246291246e-05,0.0005836832227779,True,0.04453699807765943
SC_GART_NEAREST_CENTROID_PROGRAM,690,PXN-AS1,0.40240900366021,0.0008565297620266,0.0083709026047111,True,0.023971587189395516
SC_GART_NEAREST_CENTROID_PROGRAM,691,TRIAP1,0.220379180798781,0.0010290088448328,0.0093120079844033,True,0.07121722574344957
SC_GART_NEAREST_CENTROID_PROGRAM,692,SRSF9,0.129984195495782,0.0047728290905783,0.0270508452592085,True,0.055855309822246735
SC_GART_NEAREST_CENTROID_PROGRAM,693,POP5,0.280665359449812,3.32096617391697e-05,0.0009215886130531,True,0.08331758368257292
SC_GART_NEAREST_CENTROID_PROGRAM,694,PSMD9,0.310771208618347,0.0027255012213296,0.0183424600158825,True,0.05946319974633285
SC_GART_NEAREST_CENTROID_PROGRAM,695,KNTC1,0.451079890781245,0.0002330388078332,0.003405763443214,True,0.02217054199015367
SC_GART_NEAREST_CENTROID_PROGRAM,696,ARL6IP4,0.230128104542147,0.0013697996803797,0.0113617554301014,True,0.07961470012947214
SC_GART_NEAREST_CENTROID_PROGRAM,697,MPHOSPH9,0.29317696479776,0.0106529063829986,0.0467870319806648,True,0.031150190310153758
SC_GART_NEAREST_CENTROID_PROGRAM,698,C12orf65,0.25125409394416,0.0071493786634148,0.0356960758765522,True,0.04648849827874524
SC_GART_NEAREST_CENTROID_PROGRAM,699,DDX55,0.315971851929933,0.0042922948189276,0.0251124942581613,True,0.028536326430841696
SC_GART_NEAREST_CENTROID_PROGRAM,700,RAN,0.305134516661925,3.79595665052616e-07,5.61352063095572e-05,True,0.04255586791851074
SC_GART_NEAREST_CENTROID_PROGRAM,701,PUS1,0.277994737231451,0.0046750556443702,0.0266309936072364,True,0.043701026731704506
SC_GART_NEAREST_CENTROID_PROGRAM,702,NOC4L,0.282089761252795,0.0009585071283131,0.0090083774910586,True,0.04480643572295284
SC_GART_NEAREST_CENTROID_PROGRAM,703,PGAM5,0.325460728946402,0.0010103364285372,0.0092168596755922,True,0.03832504819104443
SC_GART_NEAREST_CENTROID_PROGRAM,704,XPO4,0.283038934527429,0.0036258642675524,0.0223071617691968,True,0.026930827228765608
SC_GART_NEAREST_CENTROID_PROGRAM,705,SKA3,0.44932746044986,0.0005448582522076,0.0061114390185243,True,0.025433249149982684
SC_GART_NEAREST_CENTROID_PROGRAM,706,CENPJ,0.441673303473237,0.0014670919256037,0.0118879928996829,True,0.015402665895765
SC_GART_NEAREST_CENTROID_PROGRAM,707,GTF3A,0.161289234047607,0.0068640633270253,0.0347188153611332,True,0.07976723673370367
SC_GART_NEAREST_CENTROID_PROGRAM,708,HMGB1,0.219409148638666,4.34017550676057e-05,0.0011144602518342,True,0.01780429699633912
SC_GART_NEAREST_CENTROID_PROGRAM,709,RFC3,0.7412948433923,2.7515297169704e-08,9.66814009597784e-06,True,0.047495797104149085
SC_GART_NEAREST_CENTROID_PROGRAM,710,ALG5,0.19058950248451,0.0014294598271758,0.0116841447255487,True,0.07551609289478078
SC_GART_NEAREST_CENTROID_PROGRAM,711,EXOSC8,0.393384303160234,1.8680018501486e-06,0.0001418545459041,True,0.08389310085166646
SC_GART_NEAREST_CENTROID_PROGRAM,712,RNASEH2B,0.293503446320125,0.0009312467710941,0.0088772539951882,True,0.07389919032723669
SC_GART_NEAREST_CENTROID_PROGRAM,713,HNRNPA1L2,0.306656456310011,0.0081321979529067,0.0387442868981427,True,0.030172587818669938
SC_GART_NEAREST_CENTROID_PROGRAM,714,DIAPH3,0.350902289396749,0.0049900212642018,0.0278748261554224,True,0.024703921532824524
SC_GART_NEAREST_CENTROID_PROGRAM,715,ATXN8OS,0.546178737662068,0.0008110935647811,0.0080245427593088,True,0.0384667483879052
SC_GART_NEAREST_CENTROID_PROGRAM,716,UCHL3,0.247045890616746,0.0001748663352063,0.0027705320726978,True,0.08090653767692735
SC_GART_NEAREST_CENTROID_PROGRAM,717,RNF219,0.348380874299337,0.0094348113050257,0.0431223441468828,True,0.02443404126726345
SC_GART_NEAREST_CENTROID_PROGRAM,718,TEX30,0.437423915666811,0.0001085704738309,0.0020577125723199,True,0.042843650114374854
SC_GART_NEAREST_CENTROID_PROGRAM,719,CARS2,0.298831385914823,0.0001595792409895,0.002625776184523,True,0.06689137104589293
SC_GART_NEAREST_CENTROID_PROGRAM,720,PCID2,0.285263788968732,0.0002174988135708,0.0032334248223839,True,0.05575104242328688
SC_GART_NEAREST_CENTROID_PROGRAM,721,DCUN1D2,0.423653591274692,0.0062116281191453,0.0324106260125695,True,0.012463080964438378
SC_GART_NEAREST_CENTROID_PROGRAM,722,TFDP1,0.286909308427172,4.35312795226669e-05,0.0011144602518342,True,0.08168482281005374
SC_GART_NEAREST_CENTROID_PROGRAM,723,CHAMP1,0.288743025246157,0.0045458344773627,0.0260701351680662,True,0.03442274286377578
SC_GART_NEAREST_CENTROID_PROGRAM,724,PARP2,0.430151673074753,0.0003369780194672,0.0043332905729885,True,0.030354235320424694
SC_GART_NEAREST_CENTROID_PROGRAM,725,HNRNPC,0.127223064946008,0.0077553326033134,0.0376185511992404,True,0.05815466961233828
SC_GART_NEAREST_CENTROID_PROGRAM,726,SUPT16H,0.374740986674181,1.7517004506251e-06,0.0001376738556963,True,0.08548309585959146
SC_GART_NEAREST_CENTROID_PROGRAM,727,METTL3,0.303030661992447,0.0012566692304496,0.010740460441843,True,0.040394715903590894
SC_GART_NEAREST_CENTROID_PROGRAM,728,PRMT5,0.192432780526224,0.0090608914321453,0.0418730916142604,True,0.054537272192243136
SC_GART_NEAREST_CENTROID_PROGRAM,729,HAUS4,0.306877266864149,0.0097511938097095,0.0440135209748296,True,0.022337033965655673
SC_GART_NEAREST_CENTROID_PROGRAM,730,PSMB5,0.192278274404984,0.0002186263338855,0.003241611301503,True,0.05493469452738153
SC_GART_NEAREST_CENTROID_PROGRAM,731,NGDN,0.269484707002619,0.0020193160694383,0.0147562375191271,True,0.05189274127153909
SC_GART_NEAREST_CENTROID_PROGRAM,732,DHRS4,0.29350915857979,0.00093044715701,0.0088771609487567,True,0.06782020584432435
SC_GART_NEAREST_CENTROID_PROGRAM,733,DHRS4L2,0.218118516614935,0.00027902527762,0.0037738556812231,True,0.07976127044448933
SC_GART_NEAREST_CENTROID_PROGRAM,734,EMC9,0.184401084816086,0.0026124183614522,0.0177300543263056,True,0.06290018331047664
SC_GART_NEAREST_CENTROID_PROGRAM,735,PSME2,0.19021185005207,0.0005402088499143,0.0060774847489362,True,0.01832802594052607
SC_GART_NEAREST_CENTROID_PROGRAM,736,IPO4,0.498095241376388,1.05646958603379e-05,0.0004486696875526,True,0.039429869892555036
SC_GART_NEAREST_CENTROID_PROGRAM,737,SDR39U1,0.276821243757864,0.0021645768429044,0.0154854736711671,True,0.050179066851084864
SC_GART_NEAREST_CENTROID_PROGRAM,738,MIS18BP1,0.257876812270831,0.0010258572442616,0.009305576729828,True,0.04666352938705309
SC_GART_NEAREST_CENTROID_PROGRAM,739,LRR1,0.258218656572918,0.0095305295789279,0.0434009813361309,True,0.05709811178048929
SC_GART_NEAREST_CENTROID_PROGRAM,740,POLE2,0.50106600929456,4.04427092825687e-05,0.001069495552063,True,0.02529468835177484
SC_GART_NEAREST_CENTROID_PROGRAM,741,PYGL,0.252309808293915,0.0015535756466743,0.0124010203785316,True,0.04125325812367242
SC_GART_NEAREST_CENTROID_PROGRAM,742,CDKN3,0.422964674538439,7.44332168574401e-06,0.0003514936656557,True,0.08148782073619665
SC_GART_NEAREST_CENTROID_PROGRAM,743,WDHD1,0.371777384048806,0.001226961069346,0.0106010501425659,True,0.021920284358434516
SC_GART_NEAREST_CENTROID_PROGRAM,744,DLGAP5,0.46389719700876,2.53476073342624e-05,0.0007699506995399,True,0.028839395065304196
SC_GART_NEAREST_CENTROID_PROGRAM,745,PSMA3,0.171446889609436,0.0028971563465532,0.0191423516630874,True,0.053719772270307886
SC_GART_NEAREST_CENTROID_PROGRAM,746,TRMT5,0.330028045389357,0.0028179440084072,0.0187110557130748,True,0.02614942758524552
SC_GART_NEAREST_CENTROID_PROGRAM,747,MTHFD1,0.452803122337014,2.49250513955364e-06,0.0001667456265681,True,0.06986192454060736
SC_GART_NEAREST_CENTROID_PROGRAM,748,RAB15,0.257802445335633,0.0029676386540577,0.0194706893362259,True,0.039990936072669014
SC_GART_NEAREST_CENTROID_PROGRAM,749,EIF2S1,0.261234165402389,0.0002398137586614,0.0034422309496755,True,0.07951245940911134
SC_GART_NEAREST_CENTROID_PROGRAM,750,ACTN1,0.158047925782963,0.0040316725937295,0.0240509385779863,True,0.07907183996963085
SC_GART_NEAREST_CENTROID_PROGRAM,751,ERH,0.152045700828005,0.0019741948619755,0.0144965372675485,True,0.04263805609029958
SC_GART_NEAREST_CENTROID_PROGRAM,752,ACYP1,0.309673437988279,0.0001102651177008,0.0020828061476307,True,0.06210559254961889
SC_GART_NEAREST_CENTROID_PROGRAM,753,TMED8,0.243664495410603,0.0084218769355769,0.0397369751800794,True,0.02223431020104072
SC_GART_NEAREST_CENTROID_PROGRAM,754,AHSA1,0.238967808812902,0.0002045733224276,0.0030820369581284,True,0.08639831983494384
SC_GART_NEAREST_CENTROID_PROGRAM,755,SLIRP,0.17381148360906,0.0001518811050698,0.0025363918868942,True,0.03482535801113151
SC_GART_NEAREST_CENTROID_PROGRAM,756,EFCAB11,0.424302220451848,0.0017078914551254,0.0131743253700445,True,0.03125117455061843
SC_GART_NEAREST_CENTROID_PROGRAM,757,TDP1,0.344271532401607,0.0116177480232072,0.0496659832760842,True,0.024545092209078967
SC_GART_NEAREST_CENTROID_PROGRAM,758,SNHG10,0.284696318625831,0.0090508488060539,0.0418538782293683,True,0.031072163757953963
SC_GART_NEAREST_CENTROID_PROGRAM,759,GLRX5,0.132734269788022,0.0037479592604462,0.0227816734062493,True,0.0790167851108522
SC_GART_NEAREST_CENTROID_PROGRAM,760,VRK1,0.609896671393201,6.3721032039927e-09,5.50892830074415e-06,True,0.0716465519722499
SC_GART_NEAREST_CENTROID_PROGRAM,761,TRMT61A,0.274590390779237,0.0077268194010496,0.0375232697613701,True,0.04161838282881147
SC_GART_NEAREST_CENTROID_PROGRAM,762,XRCC3,0.486631828016081,0.0001928274924035,0.0029687509412649,True,0.02471707388458766
SC_GART_NEAREST_CENTROID_PROGRAM,763,SIVA1,0.289810899490436,1.37376008777384e-06,0.0001198033582207,True,0.07151035568646036
SC_GART_NEAREST_CENTROID_PROGRAM,764,CDCA4,0.50074254897958,3.29927611514858e-05,0.0009178357489642,True,0.04070002646732951
SC_GART_NEAREST_CENTROID_PROGRAM,765,ARHGAP11B,0.365724038702928,0.004967075894645,0.0278044562637115,True,0.023861577761536967
SC_GART_NEAREST_CENTROID_PROGRAM,766,ARHGAP11A,0.315175528511032,0.0071300285092558,0.0356152846291228,True,0.039337966563210314
SC_GART_NEAREST_CENTROID_PROGRAM,767,EMC4,0.138016432091807,0.0043713130900358,0.0254423551625651,True,0.07342679262711427
SC_GART_NEAREST_CENTROID_PROGRAM,768,BUB1B,0.352507937930473,0.0063704102465909,0.0329670436953077,True,0.022640403672545384
SC_GART_NEAREST_CENTROID_PROGRAM,769,RAD51,0.644533592030665,3.42890705138457e-07,5.22933179338947e-05,True,0.04302625243947478
SC_GART_NEAREST_CENTROID_PROGRAM,770,GCHFR,0.21009199895017,0.0022701749184683,0.0159465599429162,True,0.08037998690576298
SC_GART_NEAREST_CENTROID_PROGRAM,771,OIP5,0.515081568201125,7.24264116890657e-06,0.0003465398250653,True,0.04489152473835156
SC_GART_NEAREST_CENTROID_PROGRAM,772,NUSAP1,0.41533280323577,1.37705586840798e-05,0.0005223865744842,True,0.06985685019262755
SC_GART_NEAREST_CENTROID_PROGRAM,773,HAUS2,0.314321839822586,0.0013743265929246,0.0113825030050703,True,0.032334647405454775
SC_GART_NEAREST_CENTROID_PROGRAM,774,CDAN1,0.529026100520548,0.007061289253305,0.0353504810324703,True,0.011746391342731921
SC_GART_NEAREST_CENTROID_PROGRAM,775,TUBGCP4,0.320259689788112,0.0018718210051764,0.0139969369774973,True,0.029053064977773158
SC_GART_NEAREST_CENTROID_PROGRAM,776,HYPK,0.409548432201927,0.000238880627724,0.0034420248397321,True,0.0464160140289116
SC_GART_NEAREST_CENTROID_PROGRAM,777,WDR76,0.548410104418419,2.4466562880147e-06,0.0001646585031197,True,0.031904515217491825
SC_GART_NEAREST_CENTROID_PROGRAM,778,DUT,0.408905229107833,5.82611775378329e-07,7.19557554228246e-05,True,0.09012910810019092
SC_GART_NEAREST_CENTROID_PROGRAM,779,LYSMD2,0.252319935064086,0.0023547828833956,0.0163974007599033,True,0.05919047558664314
SC_GART_NEAREST_CENTROID_PROGRAM,780,MNS1,0.45202572154123,0.0033815410954736,0.0212086070855658,True,0.02622951718213662
SC_GART_NEAREST_CENTROID_PROGRAM,781,CCNB2,0.313234490440773,0.001241755195088,0.0106607088359995,True,0.05647476977119015
SC_GART_NEAREST_CENTROID_PROGRAM,782,FAM81A,0.510410871112312,0.0009625200616125,0.00901042672552,True,0.01781742494181804
SC_GART_NEAREST_CENTROID_PROGRAM,783,FAM96A,0.133584524350312,0.0080553453449588,0.0385251175880818,True,0.06934766751414789
SC_GART_NEAREST_CENTROID_PROGRAM,784,PPIB,0.142069390668121,0.0031238374993504,0.0200736476016008,True,0.028974673083339564
SC_GART_NEAREST_CENTROID_PROGRAM,785,TIPIN,0.501037236286007,1.25140000954666e-05,0.0004969782582083,True,0.06813870548992451
SC_GART_NEAREST_CENTROID_PROGRAM,786,ZWILCH,0.230247733384222,0.0053195469688652,0.0291498724442109,True,0.03435523718556899
SC_GART_NEAREST_CENTROID_PROGRAM,787,IQCH-AS1,0.31185682599466,0.0113447099383823,0.048870523187995,True,0.02440706147013627
SC_GART_NEAREST_CENTROID_PROGRAM,788,CLN6,0.248430844134824,0.0024645577889005,0.0168897347496665,True,0.0655082922484812
SC_GART_NEAREST_CENTROID_PROGRAM,789,ANP32A,0.12777586182457,0.0093846509470636,0.0429141491168222,True,0.07238210737543493
SC_GART_NEAREST_CENTROID_PROGRAM,790,KIF23,0.438246286467698,0.0002385275470131,0.0034420248397321,True,0.03618403387191127
SC_GART_NEAREST_CENTROID_PROGRAM,791,RPP25,0.289540856266434,0.0005136906993318,0.0058608892733856,True,0.05698792207752801
SC_GART_NEAREST_CENTROID_PROGRAM,792,COMMD4,0.239221510983289,0.0002753034708008,0.0037443902580662,True,0.08142098187424462
SC_GART_NEAREST_CENTROID_PROGRAM,793,IMP3,0.149718355510529,0.0111740022275785,0.0483575706722198,True,0.07265177339859641
SC_GART_NEAREST_CENTROID_PROGRAM,794,FBXO22,0.264901981557593,0.0012662089432021,0.0108055598425582,True,0.04977908333930914
SC_GART_NEAREST_CENTROID_PROGRAM,795,WDR61,0.296289889014344,4.48098601723629e-05,0.0011419909716036,True,0.08503103578764748
SC_GART_NEAREST_CENTROID_PROGRAM,796,CHRNA5,0.507319850216109,0.0017401846233128,0.0133410197690402,True,0.023343181418038483
SC_GART_NEAREST_CENTROID_PROGRAM,797,MTHFS,0.21598553920429,0.0056795234519683,0.0305125067288109,True,0.059066668875730866
SC_GART_NEAREST_CENTROID_PROGRAM,798,ST20,0.233979955036429,0.0095611697202719,0.0434687666040676,True,0.03129994300984673
SC_GART_NEAREST_CENTROID_PROGRAM,799,MRPL46,0.250273732263263,0.0003060083977972,0.0040509168231365,True,0.07539227516676528
SC_GART_NEAREST_CENTROID_PROGRAM,800,FANCI,0.638950879977169,1.90835660196007e-08,8.57123864234842e-06,True,0.04662229513067129
SC_GART_NEAREST_CENTROID_PROGRAM,801,TICRR,0.543151507452123,0.002134280635488,0.015370967794734,True,0.010578773958501375
SC_GART_NEAREST_CENTROID_PROGRAM,802,IDH2,0.201474494609165,0.0002451162896706,0.003467216784099,True,0.05204230459347803
SC_GART_NEAREST_CENTROID_PROGRAM,803,BLM,0.401730088865964,0.0042316096905827,0.0248870022566508,True,0.012605038949146219
SC_GART_NEAREST_CENTROID_PROGRAM,804,PRC1,0.414362165184473,2.74955027153061e-05,0.0008132156710982,True,0.06031599856973657
SC_GART_NEAREST_CENTROID_PROGRAM,805,SNRPA1,0.278829583254677,0.0001130242980871,0.0021171334770022,True,0.08112551184761019
SC_GART_NEAREST_CENTROID_PROGRAM,806,POLR3K,0.33073638098176,6.77265645592709e-06,0.0003309473300354,True,0.07705006032164485
SC_GART_NEAREST_CENTROID_PROGRAM,807,SNRNP25,0.325147734856222,2.41645858050348e-06,0.0001645929839646,True,0.09245338153790583
SC_GART_NEAREST_CENTROID_PROGRAM,808,NME4,0.188627880146457,0.0058114599293907,0.0309980765799407,True,0.07873722270438888
SC_GART_NEAREST_CENTROID_PROGRAM,809,JMJD8,0.199050223166434,0.0041049895713701,0.024384766275174,True,0.054316727396503506
SC_GART_NEAREST_CENTROID_PROGRAM,810,HAGHL,0.6349044008148,0.0018878217395426,0.0140978262662588,True,0.013892878777857387
SC_GART_NEAREST_CENTROID_PROGRAM,811,CHTF18,0.565258634080448,8.90680264938597e-05,0.0018435277159567,True,0.03534357596003934
SC_GART_NEAREST_CENTROID_PROGRAM,812,UBE2I,0.155867575026416,0.0020412002307112,0.0148389711468069,True,0.07187845803014259
SC_GART_NEAREST_CENTROID_PROGRAM,813,C16orf91,0.279747285165263,0.0005443333175045,0.0061114390185243,True,0.06596995178760179
SC_GART_NEAREST_CENTROID_PROGRAM,814,TELO2,0.25222613015228,0.0081850239490365,0.0389464369869696,True,0.04490410541829737
SC_GART_NEAREST_CENTROID_PROGRAM,815,MRPS34,0.215065214008225,0.0001231786774159,0.0022312722413239,True,0.07298923461773432
SC_GART_NEAREST_CENTROID_PROGRAM,816,NUBP2,0.287519332790621,2.67247112957283e-05,0.0007967083030575,True,0.08841086663801678
SC_GART_NEAREST_CENTROID_PROGRAM,817,RAB26,0.411405872029385,0.0041734766854693,0.0246482945181241,True,0.016171010407269093
SC_GART_NEAREST_CENTROID_PROGRAM,818,PGP,0.364174615046609,1.37436553848558e-07,2.97047967058451e-05,True,0.08953958907277104
SC_GART_NEAREST_CENTROID_PROGRAM,819,ECI1,0.190199692299023,0.0008160438781624,0.0080664178950462,True,0.07501537948283887
SC_GART_NEAREST_CENTROID_PROGRAM,820,AMDHD2,0.286093657865211,0.0062466191373669,0.0325432893861226,True,0.023207523870156233
SC_GART_NEAREST_CENTROID_PROGRAM,821,PKMYT1,0.65985915589531,1.75756398041438e-05,0.0006077926638731,True,0.04181937476899111
SC_GART_NEAREST_CENTROID_PROGRAM,822,PAQR4,0.470412741653886,9.43064624527826e-06,0.0004156511103948,True,0.04484964788024759
SC_GART_NEAREST_CENTROID_PROGRAM,823,TRAP1,0.288597468453747,0.0003034295936727,0.0040266188137672,True,0.09065392335687461
SC_GART_NEAREST_CENTROID_PROGRAM,824,DNAJA3,0.210032066758146,0.0094789715508908,0.0432362667453177,True,0.047617980034353025
SC_GART_NEAREST_CENTROID_PROGRAM,825,TMEM186,0.269745739953668,0.0010038814423298,0.0092027924391071,True,0.043142736377842605
SC_GART_NEAREST_CENTROID_PROGRAM,826,RMI2,0.578900871086111,6.81128973074472e-08,1.83495833752392e-05,True,0.07863607463983813
SC_GART_NEAREST_CENTROID_PROGRAM,827,KNOP1,0.228098074570561,0.0010849943355059,0.0096856642865375,True,0.07070274616250494
SC_GART_NEAREST_CENTROID_PROGRAM,828,GGA2,0.316223378264031,0.0041438066321941,0.0245246143966456,True,0.027864974873450188
SC_GART_NEAREST_CENTROID_PROGRAM,829,NDUFAB1,0.199466926365655,0.001111089884756,0.009855989909055,True,0.04529440439410759
SC_GART_NEAREST_CENTROID_PROGRAM,830,PLK1,0.382793321442628,0.0003331741160347,0.0043040734369126,True,0.040602910203462406
SC_GART_NEAREST_CENTROID_PROGRAM,831,EIF3C,0.493700836708087,0.0005509827389531,0.0061494488610675,True,0.02284149516769718
SC_GART_NEAREST_CENTROID_PROGRAM,832,TUFM,0.116234729158319,0.0107139747536909,0.0469818034556115,True,0.04239334500998382
SC_GART_NEAREST_CENTROID_PROGRAM,833,KIF22,0.224741210790844,0.0078338102838167,0.037901073516925,True,0.06225220204444781
SC_GART_NEAREST_CENTROID_PROGRAM,834,MAZ,0.268635805224514,0.0002434785784825,0.003467216784099,True,0.08963081404756512
SC_GART_NEAREST_CENTROID_PROGRAM,835,HIRIP3,0.344073878644613,0.0012614041140529,0.0107727361989672,True,0.037690617300182416
SC_GART_NEAREST_CENTROID_PROGRAM,836,BOLA2B,0.275485223119624,0.007362177976799,0.0362658014345023,True,0.042106814842706175
SC_GART_NEAREST_CENTROID_PROGRAM,837,DCTPP1,0.253876196381394,3.76563257237233e-05,0.0010173544346368,True,0.08359370585400216
SC_GART_NEAREST_CENTROID_PROGRAM,838,BCL7C,0.204446716604213,0.000383060538148,0.0046978299074949,True,0.0762092534855745
SC_GART_NEAREST_CENTROID_PROGRAM,839,SETD1A,0.393651423749068,0.0019252096918083,0.0142445238487387,True,0.024620663661521713
SC_GART_NEAREST_CENTROID_PROGRAM,840,VKORC1,0.223107369615301,0.0025327108506242,0.0173040348025323,True,0.07249850317051487
SC_GART_NEAREST_CENTROID_PROGRAM,841,SHCBP1,0.428667476757674,0.0026551294730269,0.0179873418609705,True,0.021147829388398764
SC_GART_NEAREST_CENTROID_PROGRAM,842,ORC6,0.671214320623887,1.35255523814167e-07,2.97047967058451e-05,True,0.048708805727343485
SC_GART_NEAREST_CENTROID_PROGRAM,843,NETO2,0.382988975866794,0.0113612601085578,0.0489230660383451,True,0.01580985950414271
SC_GART_NEAREST_CENTROID_PROGRAM,844,MT2A,0.204372708529178,0.0013048890120706,0.0110350997792791,True,0.06364573955911756
SC_GART_NEAREST_CENTROID_PROGRAM,845,MT1E,0.16675305650571,0.0051823973396201,0.0286385667294378,True,0.05548278946184548
SC_GART_NEAREST_CENTROID_PROGRAM,846,MT1A,0.434046314083498,0.002028525477829,0.0147755008718864,True,0.03565901380716696
SC_GART_NEAREST_CENTROID_PROGRAM,847,MT1F,0.21221277787978,0.0077323509891745,0.0375232697613701,True,0.05033940683317606
SC_GART_NEAREST_CENTROID_PROGRAM,848,MT1G,0.284289044363492,0.000460129311105,0.0053836983050694,True,0.06170258957346775
SC_GART_NEAREST_CENTROID_PROGRAM,849,MT1X,0.31742910956762,6.75695639567943e-05,0.0015127775484271,True,0.08023474244940876
SC_GART_NEAREST_CENTROID_PROGRAM,850,NUP93,0.382460926996728,4.79457537987086e-05,0.001186921424986,True,0.04964837548049217
SC_GART_NEAREST_CENTROID_PROGRAM,851,CIAPIN1,0.270876113663547,0.0006220770688019,0.0066522589688539,True,0.06866723820628207
SC_GART_NEAREST_CENTROID_PROGRAM,852,GINS3,0.473927329878521,0.0081059018898519,0.038668179685928,True,0.013607966422687245
SC_GART_NEAREST_CENTROID_PROGRAM,853,SETD6,0.370100271021624,0.007466733322964,0.0366937541831191,True,0.02527811604419916
SC_GART_NEAREST_CENTROID_PROGRAM,854,GOT2,0.227713189642731,0.0001728724630754,0.0027559058333407,True,0.07950185199940374
SC_GART_NEAREST_CENTROID_PROGRAM,855,CKLF,0.176451086688126,0.0032936558682509,0.0208548722835336,True,0.06784969258862061
SC_GART_NEAREST_CENTROID_PROGRAM,856,NAE1,0.230458416194136,0.0024783269139531,0.0169634081522042,True,0.07040045402512152
SC_GART_NEAREST_CENTROID_PROGRAM,857,ACD,0.394638895663733,0.0014817099691159,0.0119805311819379,True,0.033275268122710644
SC_GART_NEAREST_CENTROID_PROGRAM,858,ENKD1,0.316835133646212,0.0065645318001476,0.033627517275232,True,0.021568657941468228
SC_GART_NEAREST_CENTROID_PROGRAM,859,NUTF2,0.151596181545425,0.0100892709700141,0.0451406514458554,True,0.07414963576775147
SC_GART_NEAREST_CENTROID_PROGRAM,860,DDX28,0.350054829930373,0.0030158112863958,0.0196904547253268,True,0.023602495503306176
SC_GART_NEAREST_CENTROID_PROGRAM,861,SF3B3,0.197335661572033,0.0079583971117697,0.0382705743526433,True,0.060931684417026344
SC_GART_NEAREST_CENTROID_PROGRAM,862,DHODH,0.321653537165368,0.0095463738326071,0.0434555267333624,True,0.029791709781328612
SC_GART_NEAREST_CENTROID_PROGRAM,863,TXNL4B,0.307390206643167,0.0014338982373486,0.0117034003555279,True,0.030423899128665277
SC_GART_NEAREST_CENTROID_PROGRAM,864,PSMD7,0.18521437510673,0.0009257570911626,0.0088549650617675,True,0.07005214130789972
SC_GART_NEAREST_CENTROID_PROGRAM,865,RFWD3,0.370710205239967,0.0014846508686753,0.0119903103536846,True,0.03594763068305773
SC_GART_NEAREST_CENTROID_PROGRAM,866,CMC2,0.171786003170702,0.0089157817063296,0.0413577967185739,True,0.06401890235849395
SC_GART_NEAREST_CENTROID_PROGRAM,867,CENPN,0.475885711088858,7.92434902925327e-06,0.0003695508661401,True,0.06463119543505014
SC_GART_NEAREST_CENTROID_PROGRAM,868,GCSH,0.302627374823193,2.96772372627799e-05,0.0008508736469295,True,0.09332371722141974
SC_GART_NEAREST_CENTROID_PROGRAM,869,GINS2,0.736198355865582,3.01862118168926e-11,1.69631417305028e-07,True,0.09490394195480334
SC_GART_NEAREST_CENTROID_PROGRAM,870,PIEZO1,0.243358662590271,0.0013603087878289,0.011308069871605,True,0.044608937691231754
SC_GART_NEAREST_CENTROID_PROGRAM,871,CDT1,0.570153239127201,2.77953211176234e-06,0.0001764924373112,True,0.0705197938003227
SC_GART_NEAREST_CENTROID_PROGRAM,872,APRT,0.150098719107935,0.0014193295810897,0.0116267093016528,True,0.0406846576140798
SC_GART_NEAREST_CENTROID_PROGRAM,873,TRAPPC2L,0.160965877782825,0.0014982262187346,0.012070655535741,True,0.07466945943476444
SC_GART_NEAREST_CENTROID_PROGRAM,874,FANCA,0.587857051963009,1.34763006273088e-06,0.0001198033582207,True,0.04985451835803889
SC_GART_NEAREST_CENTROID_PROGRAM,875,FAM57A,0.35968233450901,3.96712820635309e-05,0.0010530399670248,True,0.05147211990266587
SC_GART_NEAREST_CENTROID_PROGRAM,876,GEMIN4,0.452167537580603,0.0016213598486218,0.0126985807238056,True,0.0260692478410266
SC_GART_NEAREST_CENTROID_PROGRAM,877,TIMM22,0.351222052368444,0.000149643802506,0.0025102189497987,True,0.05062177578085125
SC_GART_NEAREST_CENTROID_PROGRAM,878,RPA1,0.24135209017556,0.0033895762414682,0.0212204696932118,True,0.057819251980497643
SC_GART_NEAREST_CENTROID_PROGRAM,879,CLUH,0.168634087165755,0.0063948947783572,0.0330258325929922,True,0.06668274710199318
SC_GART_NEAREST_CENTROID_PROGRAM,880,EMC6,0.132188569150214,0.0057711784749916,0.0308867975621099,True,0.07151736303290179
SC_GART_NEAREST_CENTROID_PROGRAM,881,ITGAE,0.182955751003691,0.0010626961213595,0.0095092688757638,True,0.07381930955897831
SC_GART_NEAREST_CENTROID_PROGRAM,882,MYBBP1A,0.280082501440986,0.0062356224409062,0.0325154652699917,True,0.03354052064287261
SC_GART_NEAREST_CENTROID_PROGRAM,883,PELP1,0.375733816386152,0.0002157274524907,0.0032155979291034,True,0.04412998063459983
SC_GART_NEAREST_CENTROID_PROGRAM,884,PSMB6,0.199102581511868,0.0001096763789043,0.0020751731018621,True,0.05108668346930123
SC_GART_NEAREST_CENTROID_PROGRAM,885,SLC25A11,0.191707212546945,0.0021610422984706,0.0154755140101421,True,0.07572640734478375
SC_GART_NEAREST_CENTROID_PROGRAM,886,C1QBP,0.357978159875666,1.57912019435674e-07,3.17532063632858e-05,True,0.061152857027558016
SC_GART_NEAREST_CENTROID_PROGRAM,887,ELP5,0.166282744867077,0.0076022333613537,0.0371603796753269,True,0.07335408453219971
SC_GART_NEAREST_CENTROID_PROGRAM,888,YBX2,0.267183982767417,0.0050680581665921,0.0281882826484982,True,0.03021461298335193
SC_GART_NEAREST_CENTROID_PROGRAM,889,AURKB,0.58181621531988,1.35709768815367e-06,0.0001198033582207,True,0.05823762803166921
SC_GART_NEAREST_CENTROID_PROGRAM,890,RANGRF,0.257864705271436,0.0001334366445808,0.002314437960331,True,0.062216513893762704
SC_GART_NEAREST_CENTROID_PROGRAM,891,SCO1,0.223699415743957,0.0026899573132064,0.0181576157616379,True,0.05648045664236856
SC_GART_NEAREST_CENTROID_PROGRAM,892,ELAC2,0.226560533887906,0.0026713467213169,0.0180601576217683,True,0.051078808830315015
SC_GART_NEAREST_CENTROID_PROGRAM,893,CENPV,0.155537179180519,0.0080382070821364,0.0384758983799539,True,0.06852495910449696
SC_GART_NEAREST_CENTROID_PROGRAM,894,SREBF1,0.179780756905023,0.0058951192942294,0.0312967622805126,True,0.05055241861503179
SC_GART_NEAREST_CENTROID_PROGRAM,895,ATPAF2,0.213773926133912,0.0107968042317399,0.0471492043654957,True,0.04732794511831284
SC_GART_NEAREST_CENTROID_PROGRAM,896,SHMT1,0.300722917736105,6.81801195789108e-05,0.0015234122543685,True,0.05396264907736126
SC_GART_NEAREST_CENTROID_PROGRAM,897,B9D1,0.260891777893296,0.0012706761737488,0.0108108474767321,True,0.042511822677271605
SC_GART_NEAREST_CENTROID_PROGRAM,898,TMEM11,0.168296261622212,0.0060694294038787,0.0319213814321499,True,0.0714480273873771
SC_GART_NEAREST_CENTROID_PROGRAM,899,TMEM97,0.460259753670038,4.11928093199112e-05,0.001081696224174,True,0.07072597068458697
SC_GART_NEAREST_CENTROID_PROGRAM,900,TMEM199,0.220029941166272,0.0092612574895905,0.0425329174313839,True,0.04969379505773175
SC_GART_NEAREST_CENTROID_PROGRAM,901,ERAL1,0.250908062868433,0.0015004927914411,0.0120802567929846,True,0.050636608274792216
SC_GART_NEAREST_CENTROID_PROGRAM,902,DHRS13,0.391717879161828,0.0015156315590399,0.0121846803233547,True,0.02705496182386291
SC_GART_NEAREST_CENTROID_PROGRAM,903,GIT1,0.256762411276085,0.0089889004242728,0.0416259793442121,True,0.034928006282675006
SC_GART_NEAREST_CENTROID_PROGRAM,904,BLMH,0.245648147591503,0.0076112816098053,0.0371603796753269,True,0.034847786666087344
SC_GART_NEAREST_CENTROID_PROGRAM,905,ATAD5,0.71280310339797,6.2083051268471e-07,7.50270336781017e-05,True,0.03413927668203698
SC_GART_NEAREST_CENTROID_PROGRAM,906,COPRS,0.340597229098876,9.69502184368145e-06,0.0004223346918648,True,0.0818055433309236
SC_GART_NEAREST_CENTROID_PROGRAM,907,UTP6,0.313981844115072,0.0012112312485292,0.0104876949169645,True,0.05373547362295317
SC_GART_NEAREST_CENTROID_PROGRAM,908,C17orf75,0.377953111355752,0.0008190833070312,0.0080822452043232,True,0.028218861038567966
SC_GART_NEAREST_CENTROID_PROGRAM,909,NLE1,0.338385000874909,0.002900389062683,0.0191478090796258,True,0.02700410102802364
SC_GART_NEAREST_CENTROID_PROGRAM,910,TAF15,0.211849163993922,0.0019370256349201,0.0143036998100311,True,0.07484664349963477
SC_GART_NEAREST_CENTROID_PROGRAM,911,MYO19,0.258623592014759,0.003052410999823,0.0197957571996605,True,0.05576817377430221
SC_GART_NEAREST_CENTROID_PROGRAM,912,AATF,0.219206791481363,0.0083113118198934,0.0394138538159417,True,0.059950902906719894
SC_GART_NEAREST_CENTROID_PROGRAM,913,DUSP14,0.535990630399038,0.0062735386798434,0.0326276266648592,True,0.01632530594431425
SC_GART_NEAREST_CENTROID_PROGRAM,914,PSMB3,0.205104406173762,0.0009147453620478,0.0087720333822999,True,0.04479312086224729
SC_GART_NEAREST_CENTROID_PROGRAM,915,MED24,0.24498499506568,0.0086114893722315,0.0403156830396581,True,0.048837295660900115
SC_GART_NEAREST_CENTROID_PROGRAM,916,CDC6,0.700876330881066,9.90210427547564e-07,0.0001002610359928,True,0.047085894191428945
SC_GART_NEAREST_CENTROID_PROGRAM,917,TOP2A,0.299644106139145,0.0009684633183252,0.0090177535169104,True,0.06007155677370002
SC_GART_NEAREST_CENTROID_PROGRAM,918,ACLY,0.159851099629625,0.0097907810889143,0.0441492428102588,True,0.05694459574992561
SC_GART_NEAREST_CENTROID_PROGRAM,919,KAT2A,0.41350145712398,0.0003935717068405,0.0047923644779854,True,0.04861942656441942
SC_GART_NEAREST_CENTROID_PROGRAM,920,PSMC3IP,0.660908078184793,6.93778294975744e-05,0.0015470980669111,True,0.02221266657718246
SC_GART_NEAREST_CENTROID_PROGRAM,921,TUBG1,0.326591854666988,6.51457244421403e-05,0.0014761548326718,True,0.06205238301381921
SC_GART_NEAREST_CENTROID_PROGRAM,922,BRCA1,0.578520188411929,1.14680984680204e-06,0.0001113570361785,True,0.04043651778685409
SC_GART_NEAREST_CENTROID_PROGRAM,923,G6PC3,0.327848190928472,3.1750135629985e-05,0.0008953566561992,True,0.06688913520128792
SC_GART_NEAREST_CENTROID_PROGRAM,924,SLC25A39,0.236241060442565,2.03253389528793e-05,0.000669901714051,True,0.08239670182052106
SC_GART_NEAREST_CENTROID_PROGRAM,925,KIF18B,0.527169610201799,0.0098795520699239,0.0444500743450261,True,0.01446369171580597
SC_GART_NEAREST_CENTROID_PROGRAM,926,KPNB1,0.19920807098873,0.0006812734172683,0.0071028125572162,True,0.08374834735229064
SC_GART_NEAREST_CENTROID_PROGRAM,927,PHB,0.162566668245981,0.0010287910193482,0.0093120079844033,True,0.05441799964475702
SC_GART_NEAREST_CENTROID_PROGRAM,928,MRPL27,0.142783844789355,0.0034066310743447,0.0212706259136446,True,0.06286916494868877
SC_GART_NEAREST_CENTROID_PROGRAM,929,NME1,0.402240312089808,1.83597448109994e-07,3.49737579543766e-05,True,0.08682640600238523
SC_GART_NEAREST_CENTROID_PROGRAM,930,UTP18,0.246761073055792,0.007041561618692,0.0352988898449955,True,0.056386677241357486
SC_GART_NEAREST_CENTROID_PROGRAM,931,MRPS23,0.35885039347555,2.55870515300701e-06,0.0001689049163909,True,0.08648474674831041
SC_GART_NEAREST_CENTROID_PROGRAM,932,RAD51C,0.366761616870667,3.18765877159143e-05,0.0008956524233479,True,0.04993112202972683
SC_GART_NEAREST_CENTROID_PROGRAM,933,SKA2,0.265751266491003,0.0017995388259001,0.0136382503751072,True,0.060523478433368694
SC_GART_NEAREST_CENTROID_PROGRAM,934,NACA2,0.288057950197986,0.0058140355396845,0.0309980765799407,True,0.05711439419842823
SC_GART_NEAREST_CENTROID_PROGRAM,935,BRIP1,0.749095314764606,0.0003253792294524,0.0042451143982923,True,0.02064320598498659
SC_GART_NEAREST_CENTROID_PROGRAM,936,SMARCD2,0.1727451215765,0.0052881603314508,0.0290345060894851,True,0.07127925237407906
SC_GART_NEAREST_CENTROID_PROGRAM,937,NOL11,0.225783518369947,0.0039355042653091,0.0236783364228101,True,0.0510966184828322
SC_GART_NEAREST_CENTROID_PROGRAM,938,KPNA2,0.359504502207059,2.59753412120222e-05,0.0007826725466003,True,0.07727510646749669
SC_GART_NEAREST_CENTROID_PROGRAM,939,KIF19,0.671326280995344,0.0006974312057053,0.0072110665325871,True,0.014618718145888443
SC_GART_NEAREST_CENTROID_PROGRAM,940,NUP85,0.376000926621381,0.0003428073976561,0.0043823162307355,True,0.04771367520583902
SC_GART_NEAREST_CENTROID_PROGRAM,941,MRPS7,0.232930808369721,3.97267502463334e-05,0.0010530399670248,True,0.07797801138407734
SC_GART_NEAREST_CENTROID_PROGRAM,942,MIF4GD,0.232756878278204,0.0079567991788154,0.0382705743526433,True,0.04955774093813603
SC_GART_NEAREST_CENTROID_PROGRAM,943,SLC25A19,0.49015179968507,9.035023822397e-05,0.00186229880086,True,0.03774454927471271
SC_GART_NEAREST_CENTROID_PROGRAM,944,TSEN54,0.260903664887122,0.0014060901244327,0.0115373970117045,True,0.054164349847026894
SC_GART_NEAREST_CENTROID_PROGRAM,945,GALK1,0.34990704402128,0.0003555133844876,0.0044693679286985,True,0.05778159655140136
SC_GART_NEAREST_CENTROID_PROGRAM,946,TK1,0.643946204239471,2.1015917425028404e-09,3.93663159899824e-06,True,0.09973772854196872
SC_GART_NEAREST_CENTROID_PROGRAM,947,BIRC5,0.349709344932799,0.0001076618706979,0.0020439387918487,True,0.07508018838522823
SC_GART_NEAREST_CENTROID_PROGRAM,948,EIF4A3,0.246604948841074,8.85162019227488e-05,0.0018402273124127,True,0.07855609798901009
SC_GART_NEAREST_CENTROID_PROGRAM,949,MRPL12,0.171789075577074,0.0009516964948784,0.0089883335344025,True,0.06652860423438145
SC_GART_NEAREST_CENTROID_PROGRAM,950,ALYREF,0.381076497814248,8.27315294396124e-06,0.0003842229997404,True,0.06937637140666664
SC_GART_NEAREST_CENTROID_PROGRAM,951,ANAPC11,0.173718770622947,0.0001434378205937,0.002420567065546,True,0.04030198625835579
SC_GART_NEAREST_CENTROID_PROGRAM,952,PYCR1,0.306778916572457,1.85242809125139e-05,0.0006289860821019,True,0.08917093068053028
SC_GART_NEAREST_CENTROID_PROGRAM,953,ASPSCR1,0.188328470647483,0.0037469510119263,0.0227816734062493,True,0.050858908620518783
SC_GART_NEAREST_CENTROID_PROGRAM,954,LRRC45,0.321645706852782,0.0009358056088372,0.0088916134427266,True,0.0440869805051346
SC_GART_NEAREST_CENTROID_PROGRAM,955,DCXR,0.271388548701573,1.64686737502874e-05,0.0005857175015452,True,0.08022763293613044
SC_GART_NEAREST_CENTROID_PROGRAM,956,DUS1L,0.204970110236459,0.0005253987206941,0.0059408244931672,True,0.08059874533286826
SC_GART_NEAREST_CENTROID_PROGRAM,957,FASN,0.25041037306017,0.0022290557281596,0.0157364053572778,True,0.07644969459986528
SC_GART_NEAREST_CENTROID_PROGRAM,958,FN3KRP,0.303927796951319,0.0004756643071633,0.0055284293156245,True,0.04708494175578537
SC_GART_NEAREST_CENTROID_PROGRAM,959,TBCD,0.272565420289703,0.0040348410177709,0.024057070662455,True,0.046287329727006554
SC_GART_NEAREST_CENTROID_PROGRAM,960,B3GNTL1,0.443507220868255,0.0013183814687123,0.0110906322698424,True,0.020158321679208946
SC_GART_NEAREST_CENTROID_PROGRAM,961,TYMS,0.553453567296782,1.18056544296246e-07,2.75212159793654e-05,True,0.10567962716309098
SC_GART_NEAREST_CENTROID_PROGRAM,962,NDC80,0.403959562174962,0.0096475740265254,0.0436685801385902,True,0.02678345549797978
SC_GART_NEAREST_CENTROID_PROGRAM,963,IMPA2,0.177598760945092,0.0058851125797214,0.0312731821671346,True,0.07913459928176014
SC_GART_NEAREST_CENTROID_PROGRAM,964,LDLRAD4,0.318329256711605,0.0091317757046607,0.0421126051518993,True,0.021608566470720292
SC_GART_NEAREST_CENTROID_PROGRAM,965,SNRPD1,0.276666856990434,2.78675316352202e-05,0.0008220556116751,True,0.06398928950994665
SC_GART_NEAREST_CENTROID_PROGRAM,966,TPGS2,0.194951378328183,0.0037065897047572,0.0226670699191085,True,0.08121354790669089
SC_GART_NEAREST_CENTROID_PROGRAM,967,HAUS1,0.412440245775268,2.70591435057735e-06,0.0001747802953226,True,0.07376367278675611
SC_GART_NEAREST_CENTROID_PROGRAM,968,SKA1,0.374562685783237,0.007663769632432,0.0373032078384166,True,0.021128069924231996
SC_GART_NEAREST_CENTROID_PROGRAM,969,LMAN1,0.173988137355991,0.0020278711054744,0.0147755008718864,True,0.06663808720628017
SC_GART_NEAREST_CENTROID_PROGRAM,970,TXNL4A,0.156180005551999,0.00130419270582,0.0110350997792791,True,0.07080903624599166
SC_GART_NEAREST_CENTROID_PROGRAM,971,RBFA,0.363594504822593,5.28599180733556e-05,0.0012803720241949,True,0.06861705004634944
SC_GART_NEAREST_CENTROID_PROGRAM,972,SNRPB,0.280284211464069,3.23862003732094e-06,0.0001936109074438,True,0.05855629438371035
SC_GART_NEAREST_CENTROID_PROGRAM,973,NOP56,0.407471050196948,5.35526849839137e-06,0.0002852505339024,True,0.10024126682965773
SC_GART_NEAREST_CENTROID_PROGRAM,974,IDH3B,0.149657974961355,0.0043036591159918,0.0251604826214578,True,0.07294485527293582
SC_GART_NEAREST_CENTROID_PROGRAM,975,MRPS26,0.36642624015459,5.99353537686756e-08,1.68403360251536e-05,True,0.09445996804223777
SC_GART_NEAREST_CENTROID_PROGRAM,976,ITPA,0.152218495508679,0.0079053829664048,0.0381324459911691,True,0.07302955089453178
SC_GART_NEAREST_CENTROID_PROGRAM,977,C20orf27,0.291047235422716,0.0029908058914095,0.0195769757795877,True,0.06615287882837295
SC_GART_NEAREST_CENTROID_PROGRAM,978,TRMT6,0.304417336127308,0.002375068967383,0.0164977751077984,True,0.038720476191443365
SC_GART_NEAREST_CENTROID_PROGRAM,979,MCM8,0.495826012174614,0.0002439287793726,0.003467216784099,True,0.01631163855430895
SC_GART_NEAREST_CENTROID_PROGRAM,980,SNX5,0.168682995394391,0.0040188573787877,0.0240382853007957,True,0.08803159545086969
SC_GART_NEAREST_CENTROID_PROGRAM,981,DTD1,0.222947974857178,0.0029139094584229,0.0192069691665131,True,0.0649507711728543
SC_GART_NEAREST_CENTROID_PROGRAM,982,LINC00261,0.577258348530774,1.60121752781162e-05,0.0005823975338211,True,0.049158806689009515
SC_GART_NEAREST_CENTROID_PROGRAM,983,FOXA2,0.268643495683116,0.0015360537259599,0.0123048523350423,True,0.05454130086339326
SC_GART_NEAREST_CENTROID_PROGRAM,984,NXT1,0.399162303421358,2.40312751143944e-06,0.0001645929839646,True,0.0849305117903596
SC_GART_NEAREST_CENTROID_PROGRAM,985,TPX2,0.328002877254013,0.0018433866181552,0.0138673508711158,True,0.049332479380091665
SC_GART_NEAREST_CENTROID_PROGRAM,986,PDRG1,0.263237482959953,0.0045846681983589,0.026222435563031,True,0.039314491402376306
SC_GART_NEAREST_CENTROID_PROGRAM,987,CDK5RAP1,0.298419288107364,0.0108048348811237,0.0471492043654957,True,0.0415120169201918
SC_GART_NEAREST_CENTROID_PROGRAM,988,E2F1,0.770470912304899,8.73697941966478e-07,9.51299941248272e-05,True,0.04135040843665616
SC_GART_NEAREST_CENTROID_PROGRAM,989,EIF2S2,0.158979423415349,0.0017103262630833,0.0131840582104207,True,0.06100771957696849
SC_GART_NEAREST_CENTROID_PROGRAM,990,AHCY,0.1970993351119,0.0053686369149366,0.0293370567103665,True,0.08873129522429057
SC_GART_NEAREST_CENTROID_PROGRAM,991,GSS,0.160875909533329,0.0106438173398264,0.0467804791063825,True,0.07289708507133708
SC_GART_NEAREST_CENTROID_PROGRAM,992,NFS1,0.266584411556948,0.0069517965664503,0.0349927336142443,True,0.036271554755935576
SC_GART_NEAREST_CENTROID_PROGRAM,993,DSN1,0.528629330009304,1.18600418314336e-06,0.0001129618730029,True,0.04469845159160979
SC_GART_NEAREST_CENTROID_PROGRAM,994,RBL1,0.433934418193808,0.0089305619456181,0.0413899322502276,True,0.014841866341955834
SC_GART_NEAREST_CENTROID_PROGRAM,995,FAM83D,0.289484685464467,0.0055606241025285,0.0300750020636759,True,0.03199673960471783
SC_GART_NEAREST_CENTROID_PROGRAM,996,PABPC1L,0.449974055759267,0.0092526861153839,0.0425146930706461,True,0.01010459548094833
SC_GART_NEAREST_CENTROID_PROGRAM,997,WFDC2,0.262830217813678,0.0083428124230598,0.0395132190572141,True,0.05764618699197355
SC_GART_NEAREST_CENTROID_PROGRAM,998,UBE2C,0.459784118168148,5.16031161439729e-06,0.0002788304915106,True,0.08355827489567991
SC_GART_NEAREST_CENTROID_PROGRAM,999,EYA2,0.537642050346797,0.0041619084006652,0.0246162075594155,True,0.014102325447130415
SC_GART_NEAREST_CENTROID_PROGRAM,1000,CSE1L,0.429748501903207,3.467482926544e-06,0.000206195982071,True,0.07763327947343956
SC_GART_NEAREST_CENTROID_PROGRAM,1001,RAE1,0.288990190923848,0.00058503331156,0.0063917333375096,True,0.04717166751386215
SC_GART_NEAREST_CENTROID_PROGRAM,1002,MRGBP,0.272334747709307,0.0066703171400295,0.0340452744490429,True,0.03744132947336354
SC_GART_NEAREST_CENTROID_PROGRAM,1003,WDR18,0.217731423211609,0.0058567813686963,0.0311520898262084,True,0.0797938699478824
SC_GART_NEAREST_CENTROID_PROGRAM,1004,POLR2E,0.252248170423217,0.0002656344490629,0.0036721593764064,True,0.0817740876647074
SC_GART_NEAREST_CENTROID_PROGRAM,1005,C19orf24,0.143824538156053,0.0054567556207658,0.0296798113420902,True,0.07520624374161067
SC_GART_NEAREST_CENTROID_PROGRAM,1006,NDUFS7,0.112332186678668,0.0111452764576602,0.0482704285578586,True,0.047819165946468845
SC_GART_NEAREST_CENTROID_PROGRAM,1007,DAZAP1,0.174418421436551,0.0021856426102883,0.0155428773250126,True,0.07787765336763552
SC_GART_NEAREST_CENTROID_PROGRAM,1008,MBD3,0.206537317851803,0.0092928071396676,0.0426119377571296,True,0.05387851953703415
SC_GART_NEAREST_CENTROID_PROGRAM,1009,SF3A2,0.26702797249938,0.005354809894652,0.0293075034984034,True,0.039871336017077375
SC_GART_NEAREST_CENTROID_PROGRAM,1010,LSM7,0.17386041655246,0.0003551427102094,0.0044693679286985,True,0.03837015241959785
SC_GART_NEAREST_CENTROID_PROGRAM,1011,TIMM13,0.232225458837508,3.04386559323854e-05,0.0008660760861369,True,0.045854725919722394
SC_GART_NEAREST_CENTROID_PROGRAM,1012,LMNB2,0.323388220487248,4.07920488523051e-05,0.001076201495425,True,0.07039013541874206
SC_GART_NEAREST_CENTROID_PROGRAM,1013,DOHH,0.229498337494244,0.0087872921432047,0.0409624124419237,True,0.0561515567669556
SC_GART_NEAREST_CENTROID_PROGRAM,1014,CHAF1A,0.541368967495825,7.10691082989745e-07,8.15046640992015e-05,True,0.05321689056979384
SC_GART_NEAREST_CENTROID_PROGRAM,1015,UHRF1,0.433302312394128,0.0001016396137198,0.0019802910121721,True,0.040877944288239765
SC_GART_NEAREST_CENTROID_PROGRAM,1016,LONP1,0.23269001344044,0.0019502544530163,0.0143824867437337,True,0.06293450492083552
SC_GART_NEAREST_CENTROID_PROGRAM,1017,KHSRP,0.189252808473642,0.007989336248478,0.038356322125863,True,0.07305658433594375
SC_GART_NEAREST_CENTROID_PROGRAM,1018,CD320,0.311385670957491,2.81336709339838e-06,0.0001766448757692,True,0.08581120876612869
SC_GART_NEAREST_CENTROID_PROGRAM,1019,HNRNPM,0.184535141748153,0.0001414648760957,0.002398075026304,True,0.06551477678916295
SC_GART_NEAREST_CENTROID_PROGRAM,1020,PPAN,0.303265696020065,0.000504086577746,0.0057810500482534,True,0.05530783153893082
SC_GART_NEAREST_CENTROID_PROGRAM,1021,DNMT1,0.493239400081768,2.88389461511621e-07,4.7664840557781e-05,True,0.08843874592003464
SC_GART_NEAREST_CENTROID_PROGRAM,1022,MRPL4,0.223389455864197,0.0003550444407675,0.0044693679286985,True,0.07908479727834272
SC_GART_NEAREST_CENTROID_PROGRAM,1023,CDC37,0.123749004880779,0.0076079866679421,0.0371603796753269,True,0.07020340068353781
SC_GART_NEAREST_CENTROID_PROGRAM,1024,KEAP1,0.163094151597423,0.0103593262869923,0.0459646538253087,True,0.05803817040228321
SC_GART_NEAREST_CENTROID_PROGRAM,1025,KRI1,0.233947804766173,0.0106671396059787,0.0468312429810918,True,0.022216193510829152
SC_GART_NEAREST_CENTROID_PROGRAM,1026,ILF3,0.199739746096732,0.0012387063893568,0.0106607088359995,True,0.08968969523855774
SC_GART_NEAREST_CENTROID_PROGRAM,1027,SMARCA4,0.133852041246501,0.0102247650674693,0.0455654776341348,True,0.06919359268918912
SC_GART_NEAREST_CENTROID_PROGRAM,1028,SPC24,0.317183166939627,0.0056478483965946,0.0304031926868072,True,0.02707560993078484
SC_GART_NEAREST_CENTROID_PROGRAM,1029,KANK2,0.431475465158754,0.0014534289250339,0.011819889789042,True,0.024959052270717486
SC_GART_NEAREST_CENTROID_PROGRAM,1030,FBXW9,0.377528831318911,0.0017669196121136,0.0134917520074347,True,0.04022149310958867
SC_GART_NEAREST_CENTROID_PROGRAM,1031,PRDX2,0.275724600878733,2.56986748846462e-06,0.0001689049163909,True,0.04642294037049677
SC_GART_NEAREST_CENTROID_PROGRAM,1032,RNASEH2A,0.635913774613523,1.00765745534786e-07,2.46197003057708e-05,True,0.08656292536621135
SC_GART_NEAREST_CENTROID_PROGRAM,1033,FARSA,0.16519203477656,0.0091403873340772,0.0421126051518993,True,0.07051455718860578
SC_GART_NEAREST_CENTROID_PROGRAM,1034,GADD45GIP1,0.202976323392649,0.0005804052760306,0.0063640730705449,True,0.05811940522071479
SC_GART_NEAREST_CENTROID_PROGRAM,1035,C19orf53,0.129398220518937,0.007537897282657,0.0369465449453916,True,0.04977002991265167
SC_GART_NEAREST_CENTROID_PROGRAM,1036,SAMD1,0.31336790887731,0.0002522998546106,0.0035444975824608,True,0.06306835123002585
SC_GART_NEAREST_CENTROID_PROGRAM,1037,ASF1B,0.681461385626368,1.2924132593825e-07,2.90508652443998e-05,True,0.06789386526160157
SC_GART_NEAREST_CENTROID_PROGRAM,1038,DDX39A,0.290932070342286,1.45971952623429e-05,0.0005378946805031,True,0.08401756665224747
SC_GART_NEAREST_CENTROID_PROGRAM,1039,PKN1,0.360754049482747,0.0027031705469056,0.018224915282947,True,0.020190539933664375
SC_GART_NEAREST_CENTROID_PROGRAM,1040,TECR,0.180109321590836,0.0002770504304032,0.0037605915305587,True,0.07075265301952827
SC_GART_NEAREST_CENTROID_PROGRAM,1041,WIZ,0.276971755521465,0.0035890077119316,0.022114505303947,True,0.03207668493151583
SC_GART_NEAREST_CENTROID_PROGRAM,1042,HAUS8,0.44547736984839,0.000467612401457,0.0054574203322692,True,0.03361543820205959
SC_GART_NEAREST_CENTROID_PROGRAM,1043,MRPL34,0.135422153730854,0.0038046020054655,0.0230636040665738,True,0.06893098400457842
SC_GART_NEAREST_CENTROID_PROGRAM,1044,COLGALT1,0.234667350060531,0.0027012690849928,0.0182230271586042,True,0.044558204560978254
SC_GART_NEAREST_CENTROID_PROGRAM,1045,CCDC124,0.192788673719564,0.0003658973388281,0.0045540644419593,True,0.0741062944267471
SC_GART_NEAREST_CENTROID_PROGRAM,1046,LSM4,0.188036680024984,0.0002294367443911,0.0033707706800157,True,0.06273411877961399
SC_GART_NEAREST_CENTROID_PROGRAM,1047,SSBP4,0.269063440855989,0.0053085382865124,0.0291037374644453,True,0.05959180277600429
SC_GART_NEAREST_CENTROID_PROGRAM,1048,ISYNA1,0.432832586789409,0.008852179760801,0.0412306872489194,True,0.011297631057094693
SC_GART_NEAREST_CENTROID_PROGRAM,1049,TMEM161A,0.290666590089433,0.0006529627312136,0.0068833227704792,True,0.04843790962662309
SC_GART_NEAREST_CENTROID_PROGRAM,1050,NR2C2AP,0.496148853729165,1.93258595294004e-05,0.0006464384977706,True,0.058623820393987724
SC_GART_NEAREST_CENTROID_PROGRAM,1051,ZNF90,0.291973193656677,0.0005947414918792,0.0064539708090157,True,0.0526996883445322
SC_GART_NEAREST_CENTROID_PROGRAM,1052,CCNE1,0.417988578815456,0.0003288653789432,0.0042680346350384,True,0.026792322739901064
SC_GART_NEAREST_CENTROID_PROGRAM,1053,PDCD5,0.1377869614334,0.0057607719679361,0.03084579139954,True,0.06604893995944638
SC_GART_NEAREST_CENTROID_PROGRAM,1054,PDCD2L,0.339055217431227,0.0012726490302617,0.0108194420961512,True,0.03283638887207152
SC_GART_NEAREST_CENTROID_PROGRAM,1055,TMEM147,0.180750177307008,0.0006830751531615,0.0071133189666623,True,0.0667028760132613
SC_GART_NEAREST_CENTROID_PROGRAM,1056,HAUS5,0.459580242802534,0.0009831951918869,0.0091052649591093,True,0.02095236237133058
SC_GART_NEAREST_CENTROID_PROGRAM,1057,LRFN3,0.35875143278257,0.0063938575193871,0.0330258325929922,True,0.013225908365827377
SC_GART_NEAREST_CENTROID_PROGRAM,1058,SDHAF1,0.249758057322289,0.0013574911720504,0.0113052390767965,True,0.05832111619930691
SC_GART_NEAREST_CENTROID_PROGRAM,1059,SYNE4,0.271724796474598,0.003091329837539,0.0199560344882831,True,0.028118217390842082
SC_GART_NEAREST_CENTROID_PROGRAM,1060,POLR2I,0.218254887663078,2.16783463918799e-05,0.0007022586646429,True,0.07487997953173442
SC_GART_NEAREST_CENTROID_PROGRAM,1061,YIF1B,0.238024765408769,0.0009508377242316,0.0089877755951553,True,0.0589498931502237
SC_GART_NEAREST_CENTROID_PROGRAM,1062,SARS2,0.334578195873726,0.0085469955063799,0.0401251806583976,True,0.030971694671908856
SC_GART_NEAREST_CENTROID_PROGRAM,1063,MRPS12,0.197936330548793,0.0004727600717383,0.005500362780815,True,0.0777084524151963
SC_GART_NEAREST_CENTROID_PROGRAM,1064,TIMM50,0.271961505911894,7.54582639954844e-05,0.0016467484059131,True,0.07749534559981952
SC_GART_NEAREST_CENTROID_PROGRAM,1065,FBL,0.23385034579765,0.0013967620495034,0.0115173944786273,True,0.08018617926681804
SC_GART_NEAREST_CENTROID_PROGRAM,1066,SNRPA,0.228156839164704,0.0009569318313414,0.0090083774910586,True,0.07798383492823668
SC_GART_NEAREST_CENTROID_PROGRAM,1067,EXOSC5,0.305019667960199,0.0024187504112828,0.0166979950076217,True,0.07316797927982466
SC_GART_NEAREST_CENTROID_PROGRAM,1068,PAFAH1B3,0.292043991112153,0.0003067806041382,0.0040563614234234,True,0.08765310984676611
SC_GART_NEAREST_CENTROID_PROGRAM,1069,TOMM40,0.261063043602328,7.84567666564608e-05,0.0016799376477989,True,0.08996246300635435
SC_GART_NEAREST_CENTROID_PROGRAM,1070,PPP5C,0.226608805194907,0.0058932158635989,0.0312967622805126,True,0.05492460247259057
SC_GART_NEAREST_CENTROID_PROGRAM,1071,SLC1A5,0.184794584583569,0.0113037169893128,0.0487874328889735,True,0.0678255347796749
SC_GART_NEAREST_CENTROID_PROGRAM,1072,TMEM160,0.139065676996409,0.0045093183937985,0.025963232288884,True,0.07472143344899884
SC_GART_NEAREST_CENTROID_PROGRAM,1073,LIG1,0.647516970202424,2.14187560050215e-07,3.86152715520827e-05,True,0.05712158735778605
SC_GART_NEAREST_CENTROID_PROGRAM,1074,RUVBL2,0.332928927743866,1.4512552472367e-06,0.0001247701053426,True,0.0930376416623877
SC_GART_NEAREST_CENTROID_PROGRAM,1075,SNRNP70,0.185971252495181,0.0003314406657441,0.0042902305502775,True,0.07592040849623138
SC_GART_NEAREST_CENTROID_PROGRAM,1076,PIH1D1,0.186097712599,0.0016256407612392,0.0127143886677577,True,0.0756317289076166
SC_GART_NEAREST_CENTROID_PROGRAM,1077,BCL2L12,0.380338567129007,6.25226642155399e-06,0.0003163371919053,True,0.07874645996987217
SC_GART_NEAREST_CENTROID_PROGRAM,1078,PRMT1,0.291748008783261,1.22298085278011e-05,0.0004908957787284,True,0.08567213114878303
SC_GART_NEAREST_CENTROID_PROGRAM,1079,POLD1,0.403471717849368,0.0005157415687675,0.0058608892733856,True,0.0362927715262632
SC_GART_NEAREST_CENTROID_PROGRAM,1080,C19orf48,0.378867026031295,1.43776239692469e-05,0.0005368578162574,True,0.08456688139376878
SC_GART_NEAREST_CENTROID_PROGRAM,1081,KLK1,0.359711702842255,0.0039500305605514,0.0237403173636564,True,0.07485220311791019
SC_GART_NEAREST_CENTROID_PROGRAM,1082,KLK11,0.552026693998279,0.004660367446744,0.0265742616610638,True,0.018767707255688215
SC_GART_NEAREST_CENTROID_PROGRAM,1083,KLK12,0.818818163965096,0.0003757619389556,0.0046361458625967,True,0.02892030125446432
SC_GART_NEAREST_CENTROID_PROGRAM,1084,CTU1,0.260333721423968,0.0078439213472224,0.0379336626598248,True,0.028269993801259496
SC_GART_NEAREST_CENTROID_PROGRAM,1085,PRPF31,0.197553323133367,0.0034412111346726,0.0214033048935175,True,0.07931106256106768
SC_GART_NEAREST_CENTROID_PROGRAM,1086,UBE2S,0.371801572280913,2.48988387683957e-05,0.0007583686962547,True,0.0839303337678532
SC_GART_NEAREST_CENTROID_PROGRAM,1087,ISOC2,0.140631747983887,0.0032508310128795,0.0206652091367385,True,0.06740919324592687
SC_GART_NEAREST_CENTROID_PROGRAM,1088,SLC27A5,0.420768061646554,0.0013193500618186,0.0110906322698424,True,0.028007560915920604
SC_GART_NEAREST_CENTROID_PROGRAM,1089,TRIM28,0.282185188800479,3.39692792761058e-05,0.0009380361911158,True,0.08751759987904184
SC_GART_NEAREST_CENTROID_PROGRAM,1090,UBE2M,0.22278325617415,0.0008609580675992,0.008406870305602,True,0.06607504937112241
SC_GART_NEAREST_CENTROID_PROGRAM,1091,BID,0.177826640209747,0.0028128357784055,0.0187110557130748,True,0.07119228296306923
SC_GART_NEAREST_CENTROID_PROGRAM,1092,HIRA,0.293970874931758,0.0016844581212426,0.0130544075859561,True,0.032871969977044224
SC_GART_NEAREST_CENTROID_PROGRAM,1093,MRPL40,0.185231115442343,0.001075597799664,0.0096166335472987,True,0.07496152861169059
SC_GART_NEAREST_CENTROID_PROGRAM,1094,CDC45,0.852111011174903,9.52341105775223e-07,9.82819161223334e-05,True,0.03725197748313591
SC_GART_NEAREST_CENTROID_PROGRAM,1095,COMT,0.159573679681509,0.0035603462350247,0.0219982030431241,True,0.07171411469075772
SC_GART_NEAREST_CENTROID_PROGRAM,1096,DGCR8,0.319807503213116,0.0071882971989754,0.0358407327545427,True,0.03650113241596353
SC_GART_NEAREST_CENTROID_PROGRAM,1097,RANBP1,0.392492138891418,4.63574471830539e-08,1.44725374691762e-05,True,0.07028249188415148
SC_GART_NEAREST_CENTROID_PROGRAM,1098,DGCR6L,0.188587431440128,0.0072089864752562,0.0358407327545427,True,0.07773370652967393
SC_GART_NEAREST_CENTROID_PROGRAM,1099,LZTR1,0.301247887987454,0.0067642848174474,0.0343377583845042,True,0.01812817885654594
SC_GART_NEAREST_CENTROID_PROGRAM,1100,THAP7,0.205163907754572,0.0097984332679153,0.0441558105445469,True,0.05604122450068272
SC_GART_NEAREST_CENTROID_PROGRAM,1101,YDJC,0.208293404635815,0.0093854416344113,0.0429141491168222,True,0.06416591909153846
SC_GART_NEAREST_CENTROID_PROGRAM,1102,SDF2L1,0.312938203038137,2.99707067949726e-06,0.0001830656378634,True,0.05996735176241108
SC_GART_NEAREST_CENTROID_PROGRAM,1103,AP000350.4,0.419990252614863,0.0038248861609784,0.0231242041760281,True,0.031385423767458454
SC_GART_NEAREST_CENTROID_PROGRAM,1104,SNRPD3,0.168058542141356,0.0009531245623904,0.0089942627680149,True,0.07244415573748109
SC_GART_NEAREST_CENTROID_PROGRAM,1105,CHEK2,0.332658044500981,0.0008730127561459,0.0085171791374343,True,0.029184252470103478
SC_GART_NEAREST_CENTROID_PROGRAM,1106,MTFP1,0.4729963306407,6.5604562397448e-05,0.001480581680291,True,0.04703167418658272
SC_GART_NEAREST_CENTROID_PROGRAM,1107,LIMK2,0.279474163844747,0.0006062386437095,0.006520111116413,True,0.07024741120570477
SC_GART_NEAREST_CENTROID_PROGRAM,1108,DRG1,0.235409208218348,0.0022139749532005,0.0156594490239277,True,0.07407353688651985
SC_GART_NEAREST_CENTROID_PROGRAM,1109,MCM5,0.686990568769395,1.45157882151514e-08,7.6281164126465e-06,True,0.07826021330346922
SC_GART_NEAREST_CENTROID_PROGRAM,1110,GCAT,0.3457098126545,0.0001285871235269,0.0022697376614885,True,0.05761864304769826
SC_GART_NEAREST_CENTROID_PROGRAM,1111,CBY1,0.169176966244275,0.0072439177228017,0.0358969979217673,True,0.06125288490328662
SC_GART_NEAREST_CENTROID_PROGRAM,1112,ADSL,0.260558558363285,0.0005605410731857,0.0062277088648836,True,0.07906169683437081
SC_GART_NEAREST_CENTROID_PROGRAM,1113,RBX1,0.141411271391292,0.0016814218446845,0.0130417530106347,True,0.04275795168605756
SC_GART_NEAREST_CENTROID_PROGRAM,1114,RANGAP1,0.32008055997866,0.0014031828198621,0.0115364825987058,True,0.041160457511893234
SC_GART_NEAREST_CENTROID_PROGRAM,1115,PHF5A,0.233523568109021,0.0003495177011895,0.0044436984656889,True,0.07632768750509744
SC_GART_NEAREST_CENTROID_PROGRAM,1116,POLR3H,0.270421125629005,0.011425527511856,0.049162137712768,True,0.04147794938045957
SC_GART_NEAREST_CENTROID_PROGRAM,1117,XRCC6,0.175426762751773,0.0013887854170741,0.0114693623067631,True,0.06415686330710912
SC_GART_NEAREST_CENTROID_PROGRAM,1118,CENPM,0.64829419316404,1.49318054166939e-08,7.6281164126465e-06,True,0.09871633338005326
SC_GART_NEAREST_CENTROID_PROGRAM,1119,RRP7A,0.241466797974456,0.0003365028918522,0.0043321374587948,True,0.07211733009242471
SC_GART_NEAREST_CENTROID_PROGRAM,1120,ATXN10,0.213288947477055,0.0021389266114355,0.015370967794734,True,0.07087687989923586
SC_GART_NEAREST_CENTROID_PROGRAM,1121,NCAPH2,0.21792479521156,0.0024531161255402,0.0168297301303529,True,0.04734505320151283
SC_GART_NEAREST_CENTROID_PROGRAM,1122,MRPL39,0.238991208494171,0.01076183326069,0.0470814781897029,True,0.04836009820454734
SC_GART_NEAREST_CENTROID_PROGRAM,1123,CCT8,0.252576520914439,1.71050581070654e-05,0.0005997586039461,True,0.07897198788395665
SC_GART_NEAREST_CENTROID_PROGRAM,1124,MIS18A,0.434670964424776,3.19040828799225e-07,4.98013871510346e-05,True,0.06848956639887727
SC_GART_NEAREST_CENTROID_PROGRAM,1125,EVA1C,0.35622705320179,0.0027793981490444,0.0185718142833567,True,0.025865528385529024
SC_GART_NEAREST_CENTROID_PROGRAM,1126,DONSON,0.625271298445933,5.38177764780474e-06,0.0002853103725645,True,0.03335036981412931
SC_GART_NEAREST_CENTROID_PROGRAM,1127,CHAF1B,0.564209587405488,0.0003983310019499,0.0048189904530838,True,0.029603354335412613
SC_GART_NEAREST_CENTROID_PROGRAM,1128,PSMG1,0.374749700160429,1.37508970642181e-06,0.0001198033582207,True,0.09311445278401553
SC_GART_NEAREST_CENTROID_PROGRAM,1129,WDR4,0.332920322033312,0.0007054104667556,0.0072668269806294,True,0.04510443180906143
SC_GART_NEAREST_CENTROID_PROGRAM,1130,U2AF1,0.200474648554803,9.52169836369393e-05,0.0019075644903664,True,0.05492309489284375
SC_GART_NEAREST_CENTROID_PROGRAM,1131,RRP1,0.237768304194494,0.0085741618989229,0.0402191175217009,True,0.05393104247612268
SC_GART_NEAREST_CENTROID_PROGRAM,1132,C21orf58,0.51179231885902,0.0007714267351901,0.0077411295328585,True,0.03279882561549341
SC_GART_NEAREST_CENTROID_PROGRAM,1133,AC013449.1,0.580736012926976,0.0009669328555642,0.0090110765868051,True,0.016392064948846374
SC_GART_NEAREST_CENTROID_PROGRAM,1134,AC090587.2,0.451386619417483,0.0102147443658022,0.0455388781940701,True,0.011967689873548903
SC_GART_NEAREST_CENTROID_PROGRAM,1135,AC093323.3,0.298612564068361,0.0082786084804888,0.0392919259764417,True,0.030736354096893126
SC_GART_NEAREST_CENTROID_PROGRAM,1136,ANKRD32,0.304144636455039,0.0085152569352275,0.0399928845361566,True,0.026298973280764915
SC_GART_NEAREST_CENTROID_PROGRAM,1137,AP000251.3,0.698071062421435,0.0004290821141386,0.0050944276163247,True,0.014630087615106535
SC_GART_NEAREST_CENTROID_PROGRAM,1138,AP001372.2,0.347663835430641,0.0099175653685773,0.0445675798390408,True,0.014219490504941201
SC_GART_NEAREST_CENTROID_PROGRAM,1139,APITD1,0.390384653737895,0.0002451781727605,0.003467216784099,True,0.04709594342366019
SC_GART_NEAREST_CENTROID_PROGRAM,1140,APOA1BP,0.128696183656985,0.0105893727393433,0.0466355643485422,True,0.0704235776751122
SC_GART_NEAREST_CENTROID_PROGRAM,1141,ATP5G1,0.203918857992665,7.65821693396442e-05,0.001658276416509,True,0.02690479072949814
SC_GART_NEAREST_CENTROID_PROGRAM,1142,ATP5J2,0.118677268641812,0.0067378070905139,0.0342605377411239,True,0.021636204108160695
SC_GART_NEAREST_CENTROID_PROGRAM,1143,C11orf31,0.205241037094291,0.0005008403953269,0.005749688665045,True,0.050690705344802134
SC_GART_NEAREST_CENTROID_PROGRAM,1144,C11orf48,0.141271144908157,0.005490330956274,0.0297664397576287,True,0.07252110401013956
SC_GART_NEAREST_CENTROID_PROGRAM,1145,C11orf73,0.158525663157245,0.0104094929320458,0.0460325871716464,True,0.07440474437225342
SC_GART_NEAREST_CENTROID_PROGRAM,1146,C11orf82,0.754364715044002,2.88101138734526e-05,0.0008366844181491,True,0.01357999666268861
SC_GART_NEAREST_CENTROID_PROGRAM,1147,C11orf83,0.171717236437648,0.0003944852299449,0.0047942180093709,True,0.0700328141285016
SC_GART_NEAREST_CENTROID_PROGRAM,1148,C14orf80,0.267070385500001,0.0019522542731173,0.014387793951191,True,0.05070924440427982
SC_GART_NEAREST_CENTROID_PROGRAM,1149,C16orf13,0.220616532147665,0.0001412339622954,0.002398075026304,True,0.08007377513297731
SC_GART_NEAREST_CENTROID_PROGRAM,1150,C16orf59,0.793723369600832,3.20842087037176e-05,0.0008970010488086,True,0.031879531224280666
SC_GART_NEAREST_CENTROID_PROGRAM,1151,C17orf89,0.190104212912148,0.0031590503359231,0.0202420562858836,True,0.07980190928869335
SC_GART_NEAREST_CENTROID_PROGRAM,1152,C18orf56,0.385678140176463,0.0007585907903958,0.0076958877090234,True,0.04476717081666459
SC_GART_NEAREST_CENTROID_PROGRAM,1153,C19orf10,0.167651617428007,0.0053992427017126,0.0294507282504171,True,0.045949659672551935
SC_GART_NEAREST_CENTROID_PROGRAM,1154,C19orf60,0.174048466077419,0.0003488625164074,0.0044403916442847,True,0.07160660777761585
SC_GART_NEAREST_CENTROID_PROGRAM,1155,C1orf233,0.48890768427337,0.0011548907400005,0.0101563513512258,True,0.013141478435318099
SC_GART_NEAREST_CENTROID_PROGRAM,1156,C21orf33,0.176326537494051,0.0096978348335547,0.043807864025049,True,0.07478618335633092
SC_GART_NEAREST_CENTROID_PROGRAM,1157,C21orf59,0.225454844682449,0.0014267457542009,0.0116704479850544,True,0.0801212897791066
SC_GART_NEAREST_CENTROID_PROGRAM,1158,C2orf47,0.209298115780532,0.0028885118138023,0.0190964613384262,True,0.05202200964088366
SC_GART_NEAREST_CENTROID_PROGRAM,1159,C4orf27,0.285216055833812,0.0003881795465138,0.0047369706007261,True,0.05560753501007076
SC_GART_NEAREST_CENTROID_PROGRAM,1160,C9orf114,0.347074576554728,0.0001240930332002,0.0022360691018459,True,0.03885592608764599
SC_GART_NEAREST_CENTROID_PROGRAM,1161,C9orf142,0.296762875037919,2.7637900816592e-06,0.0001764899814077,True,0.09822494108029045
SC_GART_NEAREST_CENTROID_PROGRAM,1162,CCDC108,0.576808735161871,0.0101803732266105,0.0454036566245535,True,0.01665112236425592
SC_GART_NEAREST_CENTROID_PROGRAM,1163,CIRH1A,0.266426378246182,0.0060241191337373,0.0317715039624935,True,0.0431710443289296
SC_GART_NEAREST_CENTROID_PROGRAM,1164,CTC-524C5.2,0.361659014823905,0.0005662791403795,0.0062827356946943,True,0.04450582419830107
SC_GART_NEAREST_CENTROID_PROGRAM,1165,CTD-2015H6.3,0.312743624913338,0.0019747485146914,0.0144965372675485,True,0.04734226387028928
SC_GART_NEAREST_CENTROID_PROGRAM,1166,CTD-2090I13.1,0.357594598380308,0.0003811431009889,0.0046893059078354,True,0.05593854743574633
SC_GART_NEAREST_CENTROID_PROGRAM,1167,DANCR,0.187658483480796,0.0025409691803602,0.0173393762101209,True,0.0738164328947758
SC_GART_NEAREST_CENTROID_PROGRAM,1168,DTX2P1-UPK3BP1-PMS2P11,0.28984379765342,0.0072596540932671,0.0359274559023467,True,0.028706151283859005
SC_GART_NEAREST_CENTROID_PROGRAM,1169,FAM92A1,0.341939207237472,0.0037547861205286,0.0228108330857415,True,0.020275776166774007
SC_GART_NEAREST_CENTROID_PROGRAM,1170,FTSJ2,0.410332683025492,8.54896214113551e-05,0.0017985430643124,True,0.05522571857118064
SC_GART_NEAREST_CENTROID_PROGRAM,1171,GCN1L1,0.247193680351803,0.0059108214396459,0.0313505059746016,True,0.04347262708705146
SC_GART_NEAREST_CENTROID_PROGRAM,1172,GS1-124K5.4,0.557779748045242,0.0033086782500644,0.020926412409946,True,0.015803669163692358
SC_GART_NEAREST_CENTROID_PROGRAM,1173,HN1L,0.274967676478007,0.0001232867747897,0.0022312722413239,True,0.0673852570158261
SC_GART_NEAREST_CENTROID_PROGRAM,1174,KIAA0101,0.478268705217712,4.13505585643882e-08,1.32782550772902e-05,True,0.11273295783249204
SC_GART_NEAREST_CENTROID_PROGRAM,1175,LINC00116,0.169783857955021,0.0018398875000216,0.0138502984680132,True,0.0653704169626107
SC_GART_NEAREST_CENTROID_PROGRAM,1176,LSMD1,0.177916087413437,0.0005773879210579,0.0063387995302599,True,0.05526360336269476
SC_GART_NEAREST_CENTROID_PROGRAM,1177,MKI67IP,0.274908514378632,0.0006005467325941,0.0064774901416752,True,0.08716041113354245
SC_GART_NEAREST_CENTROID_PROGRAM,1178,MLF1IP,0.623813227492524,2.05911062677647e-08,8.57123864234842e-06,True,0.06426802144382082
SC_GART_NEAREST_CENTROID_PROGRAM,1179,MRP63,0.164493084046772,0.0002994123279343,0.0039870795659403,True,0.05587319422984627
SC_GART_NEAREST_CENTROID_PROGRAM,1180,MTERFD1,0.383632476143363,0.0013723748023912,0.011374720062002,True,0.027227161066711414
SC_GART_NEAREST_CENTROID_PROGRAM,1181,MTL5,0.355325077855462,0.0037267740816417,0.0227143242427177,True,0.027770837196415044
SC_GART_NEAREST_CENTROID_PROGRAM,1182,MYEOV2,0.136699041506718,0.0020442537057739,0.0148419686041302,True,0.04399012723539564
SC_GART_NEAREST_CENTROID_PROGRAM,1183,NGFRAP1,0.213177979266215,0.0030227801046365,0.0197173683087698,True,0.08341943944697727
SC_GART_NEAREST_CENTROID_PROGRAM,1184,NHP2L1,0.156041551720436,0.0013390981090129,0.0111980086660686,True,0.049807686208841795
SC_GART_NEAREST_CENTROID_PROGRAM,1185,PIDD,0.383271927667207,0.0037349848802072,0.0227397048042519,True,0.026994602232221387
SC_GART_NEAREST_CENTROID_PROGRAM,1186,PTPLAD1,0.34275427523351,2.4294732437223e-05,0.0007520902660888,True,0.09280966269167457
SC_GART_NEAREST_CENTROID_PROGRAM,1187,RP11-138I1.4,0.755036946228971,0.0030422714794618,0.0197598132223937,True,0.014594789541799491
SC_GART_NEAREST_CENTROID_PROGRAM,1188,RP11-277L2.3,0.352746214444761,0.0103815502698498,0.0459906359806235,True,0.019088224835587142
SC_GART_NEAREST_CENTROID_PROGRAM,1189,RP11-328M4.2,0.440527977089388,0.00296939431202,0.0194708416994129,True,0.028468465229106954
SC_GART_NEAREST_CENTROID_PROGRAM,1190,RP11-488C13.5,0.414206619371994,0.0031878393269551,0.0203453300372792,True,0.02051277899602688
SC_GART_NEAREST_CENTROID_PROGRAM,1191,RP11-563N4.1,0.526743255730672,0.0030955371344986,0.019960264976839,True,0.011933939052259923
SC_GART_NEAREST_CENTROID_PROGRAM,1192,RP11-660L16.2,0.268479952794028,0.0054849210799944,0.0297514613986762,True,0.028136008138542445
SC_GART_NEAREST_CENTROID_PROGRAM,1193,RP11-835E18.5,0.445122100930879,0.0041808015613167,0.0246785865271215,True,0.026238743130000408
SC_GART_NEAREST_CENTROID_PROGRAM,1194,RP13-582O9.5,0.313114264843801,0.0097930476311037,0.0441492428102588,True,0.029095393272207004
SC_GART_NEAREST_CENTROID_PROGRAM,1195,RP4-758J18.2,0.293317326455973,0.0040308173327836,0.0240509385779863,True,0.034212384068298296
SC_GART_NEAREST_CENTROID_PROGRAM,1196,SDCCAG3,0.373010989214527,0.0005004812176876,0.005749688665045,True,0.041604828138637306
SC_GART_NEAREST_CENTROID_PROGRAM,1197,SEPN1,0.244895087155216,0.0016469780639145,0.012842046857558,True,0.04702513024761246
SC_GART_NEAREST_CENTROID_PROGRAM,1198,SGOL1,0.330720554442331,0.0002319357178533,0.0033985991303185,True,0.04477563682565178
SC_GART_NEAREST_CENTROID_PROGRAM,1199,SGOL2,0.350462102350859,0.0002383672990035,0.0034420248397321,True,0.04419175342695825
SC_GART_NEAREST_CENTROID_PROGRAM,1200,SNHG1,0.250764179771917,0.0088740577597418,0.0412534131866688,True,0.05186840416522431
SC_GART_NEAREST_CENTROID_PROGRAM,1201,SNHG17,0.224926664228984,0.006164147927378,0.0322358788904833,True,0.049590032276409346
SC_GART_NEAREST_CENTROID_PROGRAM,1202,SNORA67,0.401720539530501,0.003064607249062,0.0198290851308049,True,0.04238844623144933
SC_GART_NEAREST_CENTROID_PROGRAM,1203,STRA13,0.317231680202761,1.67203021234968e-07,3.28185063044438e-05,True,0.06141588124847508
SC_GART_NEAREST_CENTROID_PROGRAM,1204,TMEM194A,0.431982279859644,0.0051666733798993,0.0286050453776794,True,0.016337946818455018
SC_GART_NEAREST_CENTROID_PROGRAM,1205,TMEM261,0.149523778619104,0.0048225133634844,0.0272434413931342,True,0.06444048504932465
SC_GART_NEAREST_CENTROID_PROGRAM,1206,WBSCR22,0.145352763066914,0.0041971870727129,0.0247493103411444,True,0.07889220142624376
SC_GART_NEAREST_CENTROID_PROGRAM,1207,WHSC1,0.197987339195645,0.0018708106840087,0.0139969369774973,True,0.050487011130081805
