spot_id,blind_section_id,inside_locked_primary_ROI
HC1_AAACAAGTATCTCCCA-1,BLIND_SECTION_01,False
HC1_AAACAGAGCGACTCCT-1,BLIND_SECTION_01,False
HC1_AAACCGTTCGTCCAGG-1,BLIND_SECTION_01,False
HC1_AAACCTCATGAAGTTG-1,BLIND_SECTION_01,True
HC1_AAACGAAGAACATACC-1,BLIND_SECTION_01,True
HC1_AAACGAGACGGTTGAT-1,BLIND_SECTION_01,False
HC1_AAAGACTGGGCGCTTT-1,BLIND_SECTION_01,False
HC1_AAAGGGATGTAGCAAG-1,BLIND_SECTION_01,False
HC1_AAAGTCACTGATGTAA-1,BLIND_SECTION_01,False
HC1_AAAGTTGACTCCCGTA-1,BLIND_SECTION_01,False
HC1_AAATAACCATACGGGA-1,BLIND_SECTION_01,True
HC1_AAATACCTATAAGCAT-1,BLIND_SECTION_01,True
HC1_AAATAGGGTGCTATTG-1,BLIND_SECTION_01,False
HC1_AAATCGTGTACCACAA-1,BLIND_SECTION_01,False
HC1_AAATGGCATGTCTTGT-1,BLIND_SECTION_01,True
HC1_AAATGTGGGTGCTCCT-1,BLIND_SECTION_01,True
HC1_AAATTACACGACTCTG-1,BLIND_SECTION_01,False
HC1_AACAATTACTCTACGC-1,BLIND_SECTION_01,False
HC1_AACACACGCTCGCCGC-1,BLIND_SECTION_01,True
HC1_AACACGACTGTACTGA-1,BLIND_SECTION_01,False
HC1_AACCAAGACTTCTCTG-1,BLIND_SECTION_01,True
HC1_AACCCAGAGACGGAGA-1,BLIND_SECTION_01,False
HC1_AACCCTACTGTCAATA-1,BLIND_SECTION_01,False
HC1_AACCGTTGTGTTTGCT-1,BLIND_SECTION_01,False
HC1_AACCTTTAAATACGGT-1,BLIND_SECTION_01,False
HC1_AACCTTTACGACGTCT-1,BLIND_SECTION_01,False
HC1_AACGATAATGCCGTAG-1,BLIND_SECTION_01,False
HC1_AACGATATGTCAACTG-1,BLIND_SECTION_01,False
HC1_AACGCGGTCTCCAGCC-1,BLIND_SECTION_01,True
HC1_AACGGACGTACGTATA-1,BLIND_SECTION_01,False
HC1_AACGTCAGACTAGTGG-1,BLIND_SECTION_01,False
HC1_AACGTGATGAAGGACA-1,BLIND_SECTION_01,False
HC1_AACGTGCGAAAGTCTC-1,BLIND_SECTION_01,False
HC1_AACTAGCGTATCGCAC-1,BLIND_SECTION_01,True
HC1_AACTAGGCTTGGGTGT-1,BLIND_SECTION_01,False
HC1_AACTCTCAATAGAGCG-1,BLIND_SECTION_01,True
HC1_AACTCTCAGTGTGCTC-1,BLIND_SECTION_01,True
HC1_AACTTCTGCGTCTATC-1,BLIND_SECTION_01,True
HC1_AACTTGCCCGTATGCA-1,BLIND_SECTION_01,False
HC1_AACTTTACGGGAGCTT-1,BLIND_SECTION_01,True
HC1_AACTTTAGCTGCTGAG-1,BLIND_SECTION_01,False
HC1_AAGACTGCAAGCTACT-1,BLIND_SECTION_01,False
HC1_AAGAGATGAATCGGTA-1,BLIND_SECTION_01,False
HC1_AAGAGCTCTTTATCGG-1,BLIND_SECTION_01,False
HC1_AAGAGGATGTACGCGA-1,BLIND_SECTION_01,False
HC1_AAGAGGCATGGATCGC-1,BLIND_SECTION_01,False
HC1_AAGATGGCACCGGACC-1,BLIND_SECTION_01,True
HC1_AAGCACCCTGCGTATC-1,BLIND_SECTION_01,False
HC1_AAGCATACTCTCCTGA-1,BLIND_SECTION_01,False
HC1_AAGCGTCCCTCATCGA-1,BLIND_SECTION_01,True
HC1_AAGCTAGATCGAGTAA-1,BLIND_SECTION_01,False
HC1_AAGCTCGTGCCAAGTC-1,BLIND_SECTION_01,False
HC1_AAGGAGAACTTATAAG-1,BLIND_SECTION_01,False
HC1_AAGGATGAGGGACCTC-1,BLIND_SECTION_01,True
HC1_AAGGTATCCTAATATA-1,BLIND_SECTION_01,False
HC1_AAGGTGATAAACCAGC-1,BLIND_SECTION_01,False
HC1_AAGTCAATTGTCGTCA-1,BLIND_SECTION_01,False
HC1_AAGTGCAAAGGTAGAC-1,BLIND_SECTION_01,False
HC1_AAGTTCGGCCAACAGG-1,BLIND_SECTION_01,True
HC1_AAGTTTACTAATGGCA-1,BLIND_SECTION_01,True
HC1_AATAACAACGCTCGGC-1,BLIND_SECTION_01,True
HC1_AATAGAACAGAGTGGC-1,BLIND_SECTION_01,False
HC1_AATAGAATCTGTTTCA-1,BLIND_SECTION_01,True
HC1_AATAGGCACGACCCTT-1,BLIND_SECTION_01,False
HC1_AATAGTCGCGAGTCGG-1,BLIND_SECTION_01,True
HC1_AATATTGGAGTATTGA-1,BLIND_SECTION_01,True
HC1_AATCGGGACACTACGA-1,BLIND_SECTION_01,True
HC1_AATCTGCGTTGGGACG-1,BLIND_SECTION_01,True
HC1_AATGACGTAGGATGTC-1,BLIND_SECTION_01,False
HC1_AATGCAACCGGGTACC-1,BLIND_SECTION_01,True
HC1_AATGGTTCTCACAAGC-1,BLIND_SECTION_01,False
HC1_AATTCTAGAGTTAGGC-1,BLIND_SECTION_01,False
HC1_AATTGAACGCTCTGGT-1,BLIND_SECTION_01,False
HC1_AATTTGGTTCCAAAGA-1,BLIND_SECTION_01,False
HC1_ACAACAGCATGAGCTA-1,BLIND_SECTION_01,True
HC1_ACAACGGTCCCTGCGA-1,BLIND_SECTION_01,True
HC1_ACAAGCAGTGCCTAGC-1,BLIND_SECTION_01,False
HC1_ACAATCCATTTAAACC-1,BLIND_SECTION_01,True
HC1_ACAATTGTGTCTCTTT-1,BLIND_SECTION_01,True
HC1_ACAATTTAGGAGGCTC-1,BLIND_SECTION_01,True
HC1_ACACAAAGACGGGTGG-1,BLIND_SECTION_01,False
HC1_ACACACCAGGACCAGT-1,BLIND_SECTION_01,False
HC1_ACACCTTAAGTAGGGC-1,BLIND_SECTION_01,False
HC1_ACACGAGACTCCTTCT-1,BLIND_SECTION_01,False
HC1_ACACGGCACTATGCAT-1,BLIND_SECTION_01,False
HC1_ACACGGGAACTTAGGG-1,BLIND_SECTION_01,False
HC1_ACACTGATCAAGGTGT-1,BLIND_SECTION_01,False
HC1_ACAGATTAGGTTAGTG-1,BLIND_SECTION_01,True
HC1_ACAGCGCACCCGCAGC-1,BLIND_SECTION_01,True
HC1_ACATCAGCTGGGACGC-1,BLIND_SECTION_01,True
HC1_ACATCCTGGTAACTGT-1,BLIND_SECTION_01,False
HC1_ACATCGATCGTTTACC-1,BLIND_SECTION_01,False
HC1_ACATCGGTCAGCCGCG-1,BLIND_SECTION_01,True
HC1_ACATCGTATGCAATGG-1,BLIND_SECTION_01,False
HC1_ACATCGTTAACCTAGT-1,BLIND_SECTION_01,False
HC1_ACATGGCGCCAAAGTA-1,BLIND_SECTION_01,True
HC1_ACATTAGTTTATATCC-1,BLIND_SECTION_01,False
HC1_ACCAAACTAGAAATCC-1,BLIND_SECTION_01,True
HC1_ACCAATATGCAAGTTA-1,BLIND_SECTION_01,False
HC1_ACCACAACTCAGAACA-1,BLIND_SECTION_01,False
HC1_ACCACGTGCAGCTATA-1,BLIND_SECTION_01,False
HC1_ACCAGGAGTGTGATCT-1,BLIND_SECTION_01,False
HC1_ACCATCGTATATGGTA-1,BLIND_SECTION_01,False
HC1_ACCCAACGCCCGTGGC-1,BLIND_SECTION_01,True
HC1_ACCCATCTTGAGGGTA-1,BLIND_SECTION_01,False
HC1_ACCCGGATGACGCATC-1,BLIND_SECTION_01,False
HC1_ACCCTATGCCATATCG-1,BLIND_SECTION_01,True
HC1_ACCCTCCCTTGCTATT-1,BLIND_SECTION_01,True
HC1_ACCCTTCATCTGCGAA-1,BLIND_SECTION_01,False
HC1_ACCCTTTAGTTCTCCA-1,BLIND_SECTION_01,False
HC1_ACCGACACATCTCCCA-1,BLIND_SECTION_01,False
HC1_ACCGACTGAGTCCCAC-1,BLIND_SECTION_01,False
HC1_ACCGATGGTAGCATCG-1,BLIND_SECTION_01,False
HC1_ACCGCAATAACTGCCT-1,BLIND_SECTION_01,True
HC1_ACCGTTCCCGCTCTGA-1,BLIND_SECTION_01,True
HC1_ACCTAATCGACTTCCT-1,BLIND_SECTION_01,False
HC1_ACGAGATATTTGCTTA-1,BLIND_SECTION_01,False
HC1_ACGATACATAGAACTA-1,BLIND_SECTION_01,False
HC1_ACGATCATACATAGAG-1,BLIND_SECTION_01,True
HC1_ACGATCATCTTGTAAA-1,BLIND_SECTION_01,True
HC1_ACGATGGATCCGATGC-1,BLIND_SECTION_01,False
HC1_ACGCATTCGTGAGTAC-1,BLIND_SECTION_01,False
HC1_ACGCCAGATGATTTCT-1,BLIND_SECTION_01,True
HC1_ACGCCCAGCTGTCGAT-1,BLIND_SECTION_01,False
HC1_ACGCGAAGTCAGACGA-1,BLIND_SECTION_01,False
HC1_ACGCGTTTCTTAAGAG-1,BLIND_SECTION_01,True
HC1_ACGCTTAGTGTCTCTC-1,BLIND_SECTION_01,False
HC1_ACGGATGGTGCGGATA-1,BLIND_SECTION_01,True
HC1_ACGGCACTTGCTTGGG-1,BLIND_SECTION_01,False
HC1_ACGGCCAACATGGACT-1,BLIND_SECTION_01,False
HC1_ACGGCGACGATGGGAA-1,BLIND_SECTION_01,False
HC1_ACGTACAGATTTCTCT-1,BLIND_SECTION_01,False
HC1_ACGTATTACTCCGATC-1,BLIND_SECTION_01,False
HC1_ACGTTAGATTTGCCCG-1,BLIND_SECTION_01,True
HC1_ACGTTATTGGTCACTC-1,BLIND_SECTION_01,True
HC1_ACGTTTAGTTGTGATC-1,BLIND_SECTION_01,True
HC1_ACTACCAGCTCTCTGG-1,BLIND_SECTION_01,False
HC1_ACTACGCGTTAGAATT-1,BLIND_SECTION_01,False
HC1_ACTAGTTGCGATCGTC-1,BLIND_SECTION_01,True
HC1_ACTATTCGTCCGTGGT-1,BLIND_SECTION_01,False
HC1_ACTATTTCCGGGCCCA-1,BLIND_SECTION_01,True
HC1_ACTCAGACCTGCTTCT-1,BLIND_SECTION_01,False
HC1_ACTCGTCAGTAATCCC-1,BLIND_SECTION_01,False
HC1_ACTCTCTGACTTAGGT-1,BLIND_SECTION_01,False
HC1_ACTCTCTTATACACGA-1,BLIND_SECTION_01,True
HC1_ACTCTTGTATAGTAAC-1,BLIND_SECTION_01,False
HC1_ACTGAATGGCGAAAGT-1,BLIND_SECTION_01,False
HC1_ACTGATTTAGTGATTC-1,BLIND_SECTION_01,True
HC1_ACTGTACGATACACAT-1,BLIND_SECTION_01,False
HC1_ACTGTAGCACTTTGGA-1,BLIND_SECTION_01,True
HC1_ACTGTATACGCGAGCA-1,BLIND_SECTION_01,False
HC1_ACTGTTTAGTGTAGGC-1,BLIND_SECTION_01,True
HC1_ACTTACGCATCCACGC-1,BLIND_SECTION_01,True
HC1_ACTTAGTACGACAAGA-1,BLIND_SECTION_01,False
HC1_ACTTATACTTACCCGG-1,BLIND_SECTION_01,False
HC1_ACTTATTTATGTGCCA-1,BLIND_SECTION_01,False
HC1_ACTTCAGGCTGATCCC-1,BLIND_SECTION_01,False
HC1_ACTTGACTCCCTCTTT-1,BLIND_SECTION_01,False
HC1_ACTTGCCATATTGTAC-1,BLIND_SECTION_01,True
HC1_ACTTTCCTATAGCTTC-1,BLIND_SECTION_01,True
HC1_AGACAGCTCAGAATCC-1,BLIND_SECTION_01,False
HC1_AGACCATGGGATACAA-1,BLIND_SECTION_01,False
HC1_AGACCCACCGCTGATC-1,BLIND_SECTION_01,False
HC1_AGACCCGCCCTCCTCG-1,BLIND_SECTION_01,False
HC1_AGACGAAGTGCCGGTC-1,BLIND_SECTION_01,True
HC1_AGACGGGATTGGTATA-1,BLIND_SECTION_01,True
HC1_AGACTAGCCTTCCAGA-1,BLIND_SECTION_01,False
HC1_AGAGAAGGAGTACAAT-1,BLIND_SECTION_01,True
HC1_AGAGCAGTTATGAGAC-1,BLIND_SECTION_01,False
HC1_AGAGGCTTCGGAAACC-1,BLIND_SECTION_01,False
HC1_AGAGTAAACTTCACTA-1,BLIND_SECTION_01,False
HC1_AGATAACTTCAGGGCC-1,BLIND_SECTION_01,False
HC1_AGATACCGGTGTTCAC-1,BLIND_SECTION_01,True
HC1_AGATACGACTTCATAT-1,BLIND_SECTION_01,True
HC1_AGATACTCAAGATCGA-1,BLIND_SECTION_01,True
HC1_AGCAAAGGCCGCTAGT-1,BLIND_SECTION_01,False
HC1_AGCAACATATCTTATT-1,BLIND_SECTION_01,False
HC1_AGCACCAGTACTCACG-1,BLIND_SECTION_01,True
HC1_AGCACTACCGGCCTGT-1,BLIND_SECTION_01,False
HC1_AGCAGCCAGATGAATA-1,BLIND_SECTION_01,False
HC1_AGCATATCAATATGCT-1,BLIND_SECTION_01,True
HC1_AGCCAAGCTTTGTGTC-1,BLIND_SECTION_01,True
HC1_AGCCTTAAAGCGGAAG-1,BLIND_SECTION_01,True
HC1_AGCGACCAACGATATT-1,BLIND_SECTION_01,False
HC1_AGCGGACACTTCGTAG-1,BLIND_SECTION_01,True
HC1_AGCGTGGTATTCTACT-1,BLIND_SECTION_01,True
HC1_AGCTATTTAATCCAAC-1,BLIND_SECTION_01,True
HC1_AGCTCTAGACGTTCCA-1,BLIND_SECTION_01,False
HC1_AGCTGAAGTAAACCAA-1,BLIND_SECTION_01,True
HC1_AGCTTATAGAGACCTG-1,BLIND_SECTION_01,False
HC1_AGGACAGTCGAATCCC-1,BLIND_SECTION_01,False
HC1_AGGACATCGCACGTCG-1,BLIND_SECTION_01,False
HC1_AGGATAAAGTCGGGAT-1,BLIND_SECTION_01,False
HC1_AGGCAGATGCGTAAAC-1,BLIND_SECTION_01,False
HC1_AGGCAGGGAGCGTACT-1,BLIND_SECTION_01,True
HC1_AGGCATTGTCGTAGGG-1,BLIND_SECTION_01,True
HC1_AGGCTTCCCGAAGAAG-1,BLIND_SECTION_01,True
HC1_AGGGACAGCACGGCGG-1,BLIND_SECTION_01,True
HC1_AGGGCGTGATCGGCTA-1,BLIND_SECTION_01,False
HC1_AGGGTGCTCTCGAGGG-1,BLIND_SECTION_01,False
HC1_AGGGTGGATAGTGCAT-1,BLIND_SECTION_01,False
HC1_AGGGTTCCCTTTGGTT-1,BLIND_SECTION_01,True
HC1_AGGGTTTAGTTCGGGA-1,BLIND_SECTION_01,False
HC1_AGGTTGAGGCACGCTT-1,BLIND_SECTION_01,False
HC1_AGGTTTCACACACCTT-1,BLIND_SECTION_01,False
HC1_AGTACGGGCACCTGGC-1,BLIND_SECTION_01,False
HC1_AGTAGGTAACATACAT-1,BLIND_SECTION_01,False
HC1_AGTATTTGGCACGACC-1,BLIND_SECTION_01,False
HC1_AGTCAAGATGACACTT-1,BLIND_SECTION_01,False
HC1_AGTCCATTGGCTGATG-1,BLIND_SECTION_01,False
HC1_AGTCCCGCCTTTAATT-1,BLIND_SECTION_01,True
HC1_AGTCGACGGTCTCAAG-1,BLIND_SECTION_01,False
HC1_AGTCTGGACATCCTTG-1,BLIND_SECTION_01,False
HC1_AGTCTTCTCCTCAAAT-1,BLIND_SECTION_01,True
HC1_AGTGAACAAACTTCTC-1,BLIND_SECTION_01,False
HC1_AGTGACCTACTTTACG-1,BLIND_SECTION_01,False
HC1_AGTGAGACTTCCAGTA-1,BLIND_SECTION_01,False
HC1_AGTGATATGAGTAGTT-1,BLIND_SECTION_01,True
HC1_AGTGATTCAAGCAGGA-1,BLIND_SECTION_01,False
HC1_AGTTAAACACTTGCGA-1,BLIND_SECTION_01,False
HC1_AGTTAAGCGGTCCCGG-1,BLIND_SECTION_01,True
HC1_AGTTACCCTTAAGACT-1,BLIND_SECTION_01,False
HC1_AGTTACCGCACATGGT-1,BLIND_SECTION_01,True
HC1_AGTTACTCTATCGTGG-1,BLIND_SECTION_01,True
HC1_AGTTCCTATTTATGTT-1,BLIND_SECTION_01,False
HC1_AGTTTGCACCTGCCTC-1,BLIND_SECTION_01,True
HC1_AGTTTGGCACGGGTTG-1,BLIND_SECTION_01,False
HC1_AGTTTGGCCAGACCTA-1,BLIND_SECTION_01,True
HC1_ATAAACCATTGGACGG-1,BLIND_SECTION_01,False
HC1_ATAAACGGACCCGTAA-1,BLIND_SECTION_01,True
HC1_ATAAATATTAGCAGCT-1,BLIND_SECTION_01,False
HC1_ATAACGGAGTCCAACG-1,BLIND_SECTION_01,False
HC1_ATAATAGCTGTTGAAT-1,BLIND_SECTION_01,True
HC1_ATAATTAGCTAAGTAG-1,BLIND_SECTION_01,True
HC1_ATACCACGGGCAACTT-1,BLIND_SECTION_01,True
HC1_ATACCAGGCTAATAGA-1,BLIND_SECTION_01,False
HC1_ATACCAGGTGAGCGAT-1,BLIND_SECTION_01,True
HC1_ATACCTAACCAAGAAA-1,BLIND_SECTION_01,False
HC1_ATACGGTGAAGATGCA-1,BLIND_SECTION_01,False
HC1_ATACGTACTTAGCCAC-1,BLIND_SECTION_01,False
HC1_ATACGTTATGCACGGA-1,BLIND_SECTION_01,True
HC1_ATACTTGTTCTCGAGC-1,BLIND_SECTION_01,False
HC1_ATAGACGAAGAGAAAG-1,BLIND_SECTION_01,True
HC1_ATAGGGATATCCTTGA-1,BLIND_SECTION_01,True
HC1_ATAGGTTGGGCAGATG-1,BLIND_SECTION_01,True
HC1_ATAGTCTTTGACGTGC-1,BLIND_SECTION_01,True
HC1_ATAGTTCCACCCACTC-1,BLIND_SECTION_01,False
HC1_ATATAAATGTAGCTGC-1,BLIND_SECTION_01,False
HC1_ATATCGTGCCAGACCC-1,BLIND_SECTION_01,False
HC1_ATATCTTAGGGCCTTC-1,BLIND_SECTION_01,True
HC1_ATATGTCTCCCTAGCC-1,BLIND_SECTION_01,True
HC1_ATATTCAGTTAAACCT-1,BLIND_SECTION_01,True
HC1_ATATTCCACATAGTGA-1,BLIND_SECTION_01,True
HC1_ATCAAACACTGTTCCA-1,BLIND_SECTION_01,False
HC1_ATCAATCTGGGCTGCA-1,BLIND_SECTION_01,False
HC1_ATCACATTAGAATATC-1,BLIND_SECTION_01,True
HC1_ATCACGTGCTAATTAA-1,BLIND_SECTION_01,True
HC1_ATCACTTCATCCTCGC-1,BLIND_SECTION_01,True
HC1_ATCAGACGGCACGCCG-1,BLIND_SECTION_01,False
HC1_ATCATCTGCCCAGTGT-1,BLIND_SECTION_01,True
HC1_ATCCAACGCAGTCATA-1,BLIND_SECTION_01,True
HC1_ATCCACGCTAAATGTT-1,BLIND_SECTION_01,False
HC1_ATCCAGAGCAACAACC-1,BLIND_SECTION_01,False
HC1_ATCCTACCTAAGCTCT-1,BLIND_SECTION_01,True
HC1_ATCCTGAATCGCTGCG-1,BLIND_SECTION_01,True
HC1_ATCCTGCGTGGAATGG-1,BLIND_SECTION_01,True
HC1_ATCCTGCTGCAGATAG-1,BLIND_SECTION_01,False
HC1_ATCGACCCAATACAGA-1,BLIND_SECTION_01,False
HC1_ATCGACTCTTTCCGTT-1,BLIND_SECTION_01,True
HC1_ATCGCACGCCGGGAGA-1,BLIND_SECTION_01,False
HC1_ATCGCCAGTCAACATT-1,BLIND_SECTION_01,False
HC1_ATCTAATATCCTACGG-1,BLIND_SECTION_01,True
HC1_ATCTCCCTGCAATCTA-1,BLIND_SECTION_01,True
HC1_ATCTGGGCTGTTCTTG-1,BLIND_SECTION_01,False
HC1_ATCTGGTTAAGACTGT-1,BLIND_SECTION_01,True
HC1_ATGACTATGCGACATT-1,BLIND_SECTION_01,True
HC1_ATGATGCAATGGTACA-1,BLIND_SECTION_01,False
HC1_ATGCATGATCCAGGAT-1,BLIND_SECTION_01,False
HC1_ATGCATTCCGTGATGG-1,BLIND_SECTION_01,False
HC1_ATGCCATTTGCGACCA-1,BLIND_SECTION_01,False
HC1_ATGCCGGTCTTGCATA-1,BLIND_SECTION_01,False
HC1_ATGCCGGTTGATGGGA-1,BLIND_SECTION_01,True
HC1_ATGCGACAGTCCCATT-1,BLIND_SECTION_01,False
HC1_ATGCGAGTCCCACCAC-1,BLIND_SECTION_01,False
HC1_ATGCTCAGTGTTGCAT-1,BLIND_SECTION_01,True
HC1_ATGCTCTGGCGCGGTA-1,BLIND_SECTION_01,True
HC1_ATGGATCCGGCGTCCG-1,BLIND_SECTION_01,True
HC1_ATGGATTGACCAAACG-1,BLIND_SECTION_01,True
HC1_ATGGCAGCCGAGAAAC-1,BLIND_SECTION_01,True
HC1_ATGGTGCTCAAAGCCA-1,BLIND_SECTION_01,False
HC1_ATGTGGACATCTTGAT-1,BLIND_SECTION_01,True
HC1_ATGTGTAGTTTAGTCA-1,BLIND_SECTION_01,True
HC1_ATGTTCGTCGACCCAC-1,BLIND_SECTION_01,True
HC1_ATTAATACTACGCGGG-1,BLIND_SECTION_01,True
HC1_ATTACAACTACCGGCC-1,BLIND_SECTION_01,False
HC1_ATTACTAGCCTCTTGC-1,BLIND_SECTION_01,True
HC1_ATTAGGCGATGCTTTC-1,BLIND_SECTION_01,False
HC1_ATTATACTTTGCTCGT-1,BLIND_SECTION_01,True
HC1_ATTATCTCGACAGATC-1,BLIND_SECTION_01,False
HC1_ATTCACTGATGTTGGA-1,BLIND_SECTION_01,False
HC1_ATTCAGTAGCAGGGTC-1,BLIND_SECTION_01,False
HC1_ATTCATATACTGTCCA-1,BLIND_SECTION_01,True
HC1_ATTCCCACATAAACAA-1,BLIND_SECTION_01,False
HC1_ATTCGACGCCGGGCCT-1,BLIND_SECTION_01,True
HC1_ATTCTCGTCTCTTTAG-1,BLIND_SECTION_01,True
HC1_ATTCTGAGTATGAACT-1,BLIND_SECTION_01,False
HC1_ATTCTTCGTACTTATG-1,BLIND_SECTION_01,True
HC1_ATTGAAGATCTTAGTG-1,BLIND_SECTION_01,False
HC1_ATTGCGATCAGTAACT-1,BLIND_SECTION_01,False
HC1_ATTGCTGCTCCTCCAT-1,BLIND_SECTION_01,True
HC1_ATTGGGAATATCTTGG-1,BLIND_SECTION_01,False
HC1_ATTGTCGCAATACCTT-1,BLIND_SECTION_01,True
HC1_ATTTACAGTTTACTGG-1,BLIND_SECTION_01,False
HC1_ATTTCATTATTTCGCG-1,BLIND_SECTION_01,False
HC1_ATTTCCGGGTTCTGCG-1,BLIND_SECTION_01,True
HC1_CAAACGAGTATCGCAG-1,BLIND_SECTION_01,False
HC1_CAAACTACGATAGAGA-1,BLIND_SECTION_01,False
HC1_CAAACTATTGAGCTTC-1,BLIND_SECTION_01,False
HC1_CAAATGTCCTTCCGTG-1,BLIND_SECTION_01,True
HC1_CAAATTGTCAGCAAGC-1,BLIND_SECTION_01,True
HC1_CAACGGTTCTTGATAC-1,BLIND_SECTION_01,False
HC1_CAACTATATCGAATGC-1,BLIND_SECTION_01,False
HC1_CAACTCCAACGTTTAG-1,BLIND_SECTION_01,True
HC1_CAACTCCTTGATCCCG-1,BLIND_SECTION_01,True
HC1_CAAGAGGGCGGAGTAC-1,BLIND_SECTION_01,False
HC1_CAAGGATCGCATGTTC-1,BLIND_SECTION_01,False
HC1_CAAGTGAACTTTGGTT-1,BLIND_SECTION_01,True
HC1_CAAGTGTGGTTGCAAA-1,BLIND_SECTION_01,False
HC1_CAATAAACCTTGGCCC-1,BLIND_SECTION_01,False
HC1_CAATATTCTTGACCTA-1,BLIND_SECTION_01,True
HC1_CAATCCCTATACCAGC-1,BLIND_SECTION_01,False
HC1_CAATGGATCTCTACCA-1,BLIND_SECTION_01,True
HC1_CAATTAAGGGTGATGA-1,BLIND_SECTION_01,False
HC1_CACACGCGCTGTCTTA-1,BLIND_SECTION_01,False
HC1_CACAGGGCCGTTGTCA-1,BLIND_SECTION_01,True
HC1_CACATATTAGCAGGAT-1,BLIND_SECTION_01,True
HC1_CACATCTCACCGACGA-1,BLIND_SECTION_01,False
HC1_CACATGATTCAGCAAC-1,BLIND_SECTION_01,False
HC1_CACCCACACGTCACCC-1,BLIND_SECTION_01,True
HC1_CACCCGGTTTGTGACT-1,BLIND_SECTION_01,False
HC1_CACCCTTTCCTCGCTC-1,BLIND_SECTION_01,False
HC1_CACCGATACACCGAGC-1,BLIND_SECTION_01,False
HC1_CACCGCCAGAAGGTTT-1,BLIND_SECTION_01,True
HC1_CACCGCCGACCAGCGA-1,BLIND_SECTION_01,False
HC1_CACCGTTAGGGATCAC-1,BLIND_SECTION_01,True
HC1_CACCTAATCAGTTTAC-1,BLIND_SECTION_01,True
HC1_CACCTTGCGAAACTCG-1,BLIND_SECTION_01,False
HC1_CACCTTGGCGCCTTTG-1,BLIND_SECTION_01,False
HC1_CACGAAAGTTAGTCCC-1,BLIND_SECTION_01,False
HC1_CACGACTAAAGTTCTG-1,BLIND_SECTION_01,True
HC1_CACGCAGCGAGGCTTT-1,BLIND_SECTION_01,False
HC1_CACGGGATTGAGGGTT-1,BLIND_SECTION_01,False
HC1_CACTACTCAGTTCTGT-1,BLIND_SECTION_01,False
HC1_CACTCCTATGTAAGAT-1,BLIND_SECTION_01,True
HC1_CACTCCTCTCGGTCGG-1,BLIND_SECTION_01,True
HC1_CACTCGAGCTGAACAA-1,BLIND_SECTION_01,False
HC1_CACTCGGTTAGGAGGA-1,BLIND_SECTION_01,False
HC1_CACTTCGCCACAGGCT-1,BLIND_SECTION_01,True
HC1_CAGACGAACCTGATAC-1,BLIND_SECTION_01,False
HC1_CAGAGACGGTCACCCA-1,BLIND_SECTION_01,False
HC1_CAGAGTGATTTAACGT-1,BLIND_SECTION_01,False
HC1_CAGATACTAACATAGT-1,BLIND_SECTION_01,False
HC1_CAGCAGCCCGTTCCTT-1,BLIND_SECTION_01,True
HC1_CAGCAGTCCAGACTAT-1,BLIND_SECTION_01,True
HC1_CAGCCCTCACAGGCAG-1,BLIND_SECTION_01,False
HC1_CAGCCGGGCCCTCTAT-1,BLIND_SECTION_01,False
HC1_CAGCCTCCTGCAGAGG-1,BLIND_SECTION_01,False
HC1_CAGCCTCTCCTCAAGA-1,BLIND_SECTION_01,False
HC1_CAGCGATTCCCTTCAA-1,BLIND_SECTION_01,False
HC1_CAGGAAGACTTTATAT-1,BLIND_SECTION_01,False
HC1_CAGGATATATCGTTGT-1,BLIND_SECTION_01,False
HC1_CAGTAATCCCTCCCAG-1,BLIND_SECTION_01,False
HC1_CAGTCTGTATACTGGG-1,BLIND_SECTION_01,True
HC1_CAGTGTCCGCAGAATG-1,BLIND_SECTION_01,False
HC1_CAGTGTCGGCTGGCCC-1,BLIND_SECTION_01,False
HC1_CAGTTCCGCGGGTCGA-1,BLIND_SECTION_01,False
HC1_CATAACGGACAGTCGT-1,BLIND_SECTION_01,False
HC1_CATAAGAAGCTTGGCT-1,BLIND_SECTION_01,False
HC1_CATACAAAGCCGAACC-1,BLIND_SECTION_01,False
HC1_CATACACGGTTCCCAC-1,BLIND_SECTION_01,True
HC1_CATACCCGTACCCAGT-1,BLIND_SECTION_01,True
HC1_CATACGGCGTCTGGGC-1,BLIND_SECTION_01,True
HC1_CATAGCCGCCCGGGAT-1,BLIND_SECTION_01,False
HC1_CATAGCGTTGCCCACC-1,BLIND_SECTION_01,True
HC1_CATAGTACATTGAGAG-1,BLIND_SECTION_01,True
HC1_CATATTATTTGCCCTA-1,BLIND_SECTION_01,True
HC1_CATCATCTACCCGGAC-1,BLIND_SECTION_01,False
HC1_CATCATTACCCTGAGG-1,BLIND_SECTION_01,True
HC1_CATCGCCCGCGGCCAA-1,BLIND_SECTION_01,False
HC1_CATCTGCAGGATCATT-1,BLIND_SECTION_01,False
HC1_CATCTTACACCACCTC-1,BLIND_SECTION_01,False
HC1_CATGAACCTCTTATCA-1,BLIND_SECTION_01,False
HC1_CATGACTTCGCTGAAT-1,BLIND_SECTION_01,True
HC1_CATGAGATGCACTCTC-1,BLIND_SECTION_01,True
HC1_CATGATGCACAATTCT-1,BLIND_SECTION_01,True
HC1_CATGGGTCGGGTGTGG-1,BLIND_SECTION_01,True
HC1_CATGGTAAGTAGCGTT-1,BLIND_SECTION_01,False
HC1_CATGGTCTAGATACCG-1,BLIND_SECTION_01,True
HC1_CATGTCTCATTTATGG-1,BLIND_SECTION_01,False
HC1_CATTCACTGACAGCTA-1,BLIND_SECTION_01,True
HC1_CATTGCAAAGCATAAT-1,BLIND_SECTION_01,True
HC1_CATTTAGCGGACCATG-1,BLIND_SECTION_01,True
HC1_CATTTATCGTTCAAGA-1,BLIND_SECTION_01,False
HC1_CATTTGAGTGGTACGT-1,BLIND_SECTION_01,True
HC1_CCAACGATGCACTGAT-1,BLIND_SECTION_01,False
HC1_CCAAGCGTAACTCGTA-1,BLIND_SECTION_01,False
HC1_CCAAGGAACAGAGAGG-1,BLIND_SECTION_01,False
HC1_CCAATAGTGCCGTCGA-1,BLIND_SECTION_01,True
HC1_CCAATCGGTAGATCGA-1,BLIND_SECTION_01,False
HC1_CCACAATGTACGTCTT-1,BLIND_SECTION_01,True
HC1_CCACAGTACCCATCCT-1,BLIND_SECTION_01,True
HC1_CCACCAACTTTACTGT-1,BLIND_SECTION_01,True
HC1_CCACGAGAAGAGAATC-1,BLIND_SECTION_01,False
HC1_CCAGATAGTTGAGTGA-1,BLIND_SECTION_01,False
HC1_CCAGCCTGGACCAATA-1,BLIND_SECTION_01,False
HC1_CCAGCTCGAACGCATT-1,BLIND_SECTION_01,False
HC1_CCAGCTGATGGTACTT-1,BLIND_SECTION_01,True
HC1_CCAGCTTCCGCCCGCA-1,BLIND_SECTION_01,False
HC1_CCAGTCTAGACGGCGC-1,BLIND_SECTION_01,True
HC1_CCAGTCTTGTCATAGA-1,BLIND_SECTION_01,False
HC1_CCATAAACAACCCGAC-1,BLIND_SECTION_01,True
HC1_CCATCCATACCAAGTC-1,BLIND_SECTION_01,True
HC1_CCATCTCACCAGTGAA-1,BLIND_SECTION_01,False
HC1_CCATGGCCCTTGTACC-1,BLIND_SECTION_01,False
HC1_CCATTAGCGATAATCC-1,BLIND_SECTION_01,False
HC1_CCATTCCCTGCCCACA-1,BLIND_SECTION_01,True
HC1_CCATTTCTACCTATTA-1,BLIND_SECTION_01,False
HC1_CCCAAACATGCTGCTC-1,BLIND_SECTION_01,False
HC1_CCCAACATACGTCGCG-1,BLIND_SECTION_01,True
HC1_CCCAACCACACTAACA-1,BLIND_SECTION_01,True
HC1_CCCAAGACAGAGTATG-1,BLIND_SECTION_01,True
HC1_CCCAATGAGATTTGCA-1,BLIND_SECTION_01,True
HC1_CCCAGTTAAGGCGCCG-1,BLIND_SECTION_01,False
HC1_CCCGACCATAGTCCGC-1,BLIND_SECTION_01,True
HC1_CCCGCAGCGCGAACTA-1,BLIND_SECTION_01,True
HC1_CCCGCAGGGCCCAAAG-1,BLIND_SECTION_01,False
HC1_CCCGCGCAATGCACCC-1,BLIND_SECTION_01,True
HC1_CCCGCTAGAGGGTTAA-1,BLIND_SECTION_01,True
HC1_CCCGGTGGAAGAACCT-1,BLIND_SECTION_01,False
HC1_CCCTCATTCTGGAATT-1,BLIND_SECTION_01,False
HC1_CCCTCCTCGCTCGTAT-1,BLIND_SECTION_01,False
HC1_CCCTCGGGAGCCTTGT-1,BLIND_SECTION_01,True
HC1_CCCTGCGCTACGCATA-1,BLIND_SECTION_01,False
HC1_CCCTTTGACAGGTCTT-1,BLIND_SECTION_01,False
HC1_CCGAAGTATATTGTTC-1,BLIND_SECTION_01,False
HC1_CCGACTCGCATAGTCT-1,BLIND_SECTION_01,False
HC1_CCGAGGGATGTTAGGC-1,BLIND_SECTION_01,True
HC1_CCGATCTCAACCTTAT-1,BLIND_SECTION_01,False
HC1_CCGCACAAAGACCAAC-1,BLIND_SECTION_01,True
HC1_CCGCACGTGACCTCGG-1,BLIND_SECTION_01,False
HC1_CCGCATGTGGTACGAT-1,BLIND_SECTION_01,False
HC1_CCGCCACCACAATCCA-1,BLIND_SECTION_01,False
HC1_CCGCGGAATGCGTCAC-1,BLIND_SECTION_01,False
HC1_CCGCTATCAGCACCAG-1,BLIND_SECTION_01,False
HC1_CCGCTGGTGCCATTCA-1,BLIND_SECTION_01,False
HC1_CCGGGCGGTCTCGTCA-1,BLIND_SECTION_01,True
HC1_CCGGGCTGCTCCATAC-1,BLIND_SECTION_01,False
HC1_CCGGGTTCGAGGTTAC-1,BLIND_SECTION_01,False
HC1_CCGGTTTGTAATTGTG-1,BLIND_SECTION_01,True
HC1_CCGTAAGTTGGTCCCA-1,BLIND_SECTION_01,False
HC1_CCGTACCCAAGCGCCA-1,BLIND_SECTION_01,True
HC1_CCTAAACAGGGTCCGT-1,BLIND_SECTION_01,False
HC1_CCTAAAGGCTGACGCT-1,BLIND_SECTION_01,False
HC1_CCTAAATTAACGGTTC-1,BLIND_SECTION_01,False
HC1_CCTAACCCAAACAAGT-1,BLIND_SECTION_01,True
HC1_CCTACGGCTCAGTCGA-1,BLIND_SECTION_01,False
HC1_CCTATACCGTCCTGTC-1,BLIND_SECTION_01,False
HC1_CCTATCTATATCGGAA-1,BLIND_SECTION_01,True
HC1_CCTATGGGTTACCGTC-1,BLIND_SECTION_01,False
HC1_CCTCACCAATCTTGAC-1,BLIND_SECTION_01,True
HC1_CCTCCCGACAATCCCT-1,BLIND_SECTION_01,False
HC1_CCTCGAAGTGGACGGG-1,BLIND_SECTION_01,True
HC1_CCTCGACCCACTGCCT-1,BLIND_SECTION_01,False
HC1_CCTCGCCAGCAAATTA-1,BLIND_SECTION_01,False
HC1_CCTCGCGCTGTGCGAT-1,BLIND_SECTION_01,False
HC1_CCTCGGATGCTACCTG-1,BLIND_SECTION_01,True
HC1_CCTCTAATCTGCCAAG-1,BLIND_SECTION_01,False
HC1_CCTCTGGCCTAGACGG-1,BLIND_SECTION_01,False
HC1_CCTCTGTACTATTCTA-1,BLIND_SECTION_01,False
HC1_CCTGAACGATATATTC-1,BLIND_SECTION_01,False
HC1_CCTGAATATTTACATA-1,BLIND_SECTION_01,False
HC1_CCTGACCACCGATGGT-1,BLIND_SECTION_01,False
HC1_CCTGACGCAACCTTTA-1,BLIND_SECTION_01,True
HC1_CCTGCGTTCTACGCTT-1,BLIND_SECTION_01,False
HC1_CCTTCTTGATCCAGTG-1,BLIND_SECTION_01,True
HC1_CCTTTAAGGGAGCACT-1,BLIND_SECTION_01,False
HC1_CGAAACATAGATGGCA-1,BLIND_SECTION_01,False
HC1_CGAACAGTATGGGCGT-1,BLIND_SECTION_01,True
HC1_CGAACCCGCATGCGTC-1,BLIND_SECTION_01,False
HC1_CGAACGCCCAGTGCCG-1,BLIND_SECTION_01,True
HC1_CGAATGACGCATAATG-1,BLIND_SECTION_01,False
HC1_CGACAATTTGATCTAA-1,BLIND_SECTION_01,False
HC1_CGACACGCTCCGACAG-1,BLIND_SECTION_01,True
HC1_CGACAGTTCGCGTTAT-1,BLIND_SECTION_01,True
HC1_CGACATGCGATCTTCT-1,BLIND_SECTION_01,False
HC1_CGAGGCTAAATATGGC-1,BLIND_SECTION_01,False
HC1_CGAGTACTAAAGAGGA-1,BLIND_SECTION_01,True
HC1_CGAGTGCTATAGTTCG-1,BLIND_SECTION_01,False
HC1_CGAGTTCTGTCCCACC-1,BLIND_SECTION_01,True
HC1_CGATTAAATATCTCCT-1,BLIND_SECTION_01,False
HC1_CGATTCGCCTGGCTGC-1,BLIND_SECTION_01,False
HC1_CGCAATTACTTTCGGT-1,BLIND_SECTION_01,False
HC1_CGCAATTCTACAATAA-1,BLIND_SECTION_01,False
HC1_CGCACATGTCCACTAC-1,BLIND_SECTION_01,False
HC1_CGCAGAAACATTTGCG-1,BLIND_SECTION_01,True
HC1_CGCATCATGGCTTCAG-1,BLIND_SECTION_01,False
HC1_CGCATGGTGCGATGCT-1,BLIND_SECTION_01,True
HC1_CGCATTAGCTAATAGG-1,BLIND_SECTION_01,True
HC1_CGCCATCCGATTATGA-1,BLIND_SECTION_01,False
HC1_CGCCCAGCACGCCTAG-1,BLIND_SECTION_01,False
HC1_CGCCCGCTTCCGTACA-1,BLIND_SECTION_01,True
HC1_CGCCCTTGAAGGCTGA-1,BLIND_SECTION_01,False
HC1_CGCCGCCCATGCCTGT-1,BLIND_SECTION_01,False
HC1_CGCCTCCCTCCTCTAT-1,BLIND_SECTION_01,False
HC1_CGCGCATGTTTGATTG-1,BLIND_SECTION_01,False
HC1_CGCGCCCGACTTAATA-1,BLIND_SECTION_01,False
HC1_CGCGGGAATTAGGCAG-1,BLIND_SECTION_01,False
HC1_CGCTAGAGACCGCTGC-1,BLIND_SECTION_01,False
HC1_CGCTATACCGCCCACT-1,BLIND_SECTION_01,False
HC1_CGCTGGTGACTACCCT-1,BLIND_SECTION_01,False
HC1_CGCTGTGTGGATGTTG-1,BLIND_SECTION_01,False
HC1_CGCTTCCACTGAAATC-1,BLIND_SECTION_01,True
HC1_CGCTTTCATACCGGTG-1,BLIND_SECTION_01,False
HC1_CGCTTTCTTGCATTCG-1,BLIND_SECTION_01,True
HC1_CGGAAAGAATCAAACG-1,BLIND_SECTION_01,False
HC1_CGGAAATTTCACATCC-1,BLIND_SECTION_01,False
HC1_CGGAGCTTATAACACC-1,BLIND_SECTION_01,False
HC1_CGGAGTTTGAGAGACA-1,BLIND_SECTION_01,False
HC1_CGGATAAGCGGACATG-1,BLIND_SECTION_01,True
HC1_CGGATTCTGCCTTATG-1,BLIND_SECTION_01,False
HC1_CGGCACCGTTAGCGCC-1,BLIND_SECTION_01,True
HC1_CGGCCCAGGTATATCC-1,BLIND_SECTION_01,False
HC1_CGGCTCTAAAGCTGCA-1,BLIND_SECTION_01,False
HC1_CGGCTCTTCGTCGAAC-1,BLIND_SECTION_01,True
HC1_CGGCTTTGTATGATAA-1,BLIND_SECTION_01,False
HC1_CGGGAATATAGTATAC-1,BLIND_SECTION_01,False
HC1_CGGGAATTTATGTAAA-1,BLIND_SECTION_01,False
HC1_CGGGAGCTTCAGTGTA-1,BLIND_SECTION_01,False
HC1_CGGGAGTATACCGCCG-1,BLIND_SECTION_01,False
HC1_CGGGATCAATGTAAGA-1,BLIND_SECTION_01,True
HC1_CGGGTGTACCCATTTA-1,BLIND_SECTION_01,True
HC1_CGGTACTAGAATCAAA-1,BLIND_SECTION_01,False
HC1_CGGTCTATCAACCCGT-1,BLIND_SECTION_01,True
HC1_CGGTGAAGACTAAAGT-1,BLIND_SECTION_01,False
HC1_CGGTGCAGATAGAACG-1,BLIND_SECTION_01,False
HC1_CGGTTGACCTGGCATA-1,BLIND_SECTION_01,False
HC1_CGTACCTGATAGGCCT-1,BLIND_SECTION_01,True
HC1_CGTCAAGGCTATAAAT-1,BLIND_SECTION_01,False
HC1_CGTCACGTCCATTGGT-1,BLIND_SECTION_01,False
HC1_CGTCATACCATATCCA-1,BLIND_SECTION_01,True
HC1_CGTCGTCCTTCGCGAA-1,BLIND_SECTION_01,True
HC1_CGTGACATTGGGTCGT-1,BLIND_SECTION_01,True
HC1_CGTTGAATACCGCGCT-1,BLIND_SECTION_01,False
HC1_CGTTGAGCGACCGTCG-1,BLIND_SECTION_01,False
HC1_CGTTGTAAACGTCAGG-1,BLIND_SECTION_01,False
HC1_CGTTGTCGGCAATTGA-1,BLIND_SECTION_01,True
HC1_CGTTGTTTCAATTCCC-1,BLIND_SECTION_01,False
HC1_CGTTTGTGTAGAGGGT-1,BLIND_SECTION_01,True
HC1_CTAAACGGGTGTAATC-1,BLIND_SECTION_01,True
HC1_CTAAAGAATGCCTACT-1,BLIND_SECTION_01,True
HC1_CTAAATCCTATTCCGG-1,BLIND_SECTION_01,False
HC1_CTAACCGCGCGCCCGT-1,BLIND_SECTION_01,True
HC1_CTAAGGGAATGATTGG-1,BLIND_SECTION_01,True
HC1_CTAATTTCAACAACAC-1,BLIND_SECTION_01,True
HC1_CTACCCTAAGGTCATA-1,BLIND_SECTION_01,False
HC1_CTACGAACTAGGTCGA-1,BLIND_SECTION_01,False
HC1_CTACGACTAGCTATAA-1,BLIND_SECTION_01,True
HC1_CTACGCCATTTCCGAT-1,BLIND_SECTION_01,False
HC1_CTACTCTAGGCCCGGC-1,BLIND_SECTION_01,False
HC1_CTACTGCCACCTGACC-1,BLIND_SECTION_01,True
HC1_CTAGGCGCCCTATCAG-1,BLIND_SECTION_01,True
HC1_CTAGTATTCGGAATTA-1,BLIND_SECTION_01,False
HC1_CTAGTGAAGGACAGGA-1,BLIND_SECTION_01,False
HC1_CTAGTTACAACCCGGT-1,BLIND_SECTION_01,False
HC1_CTATGCCCGAATGCAA-1,BLIND_SECTION_01,False
HC1_CTATGTCACTAGCCCA-1,BLIND_SECTION_01,True
HC1_CTATTCATGTGTCCCA-1,BLIND_SECTION_01,False
HC1_CTATTTGGTTACGGAT-1,BLIND_SECTION_01,False
HC1_CTCACATTTACTAAAT-1,BLIND_SECTION_01,False
HC1_CTCCGCCCACATGAGG-1,BLIND_SECTION_01,False
HC1_CTCGAGGTCGAACAGT-1,BLIND_SECTION_01,True
HC1_CTCGCACCTATATAGT-1,BLIND_SECTION_01,True
HC1_CTCGCCGAATGTAGGG-1,BLIND_SECTION_01,False
HC1_CTCGGTACCACTGCTC-1,BLIND_SECTION_01,False
HC1_CTCTATTTGGCTGCAG-1,BLIND_SECTION_01,False
HC1_CTCTCACAATCGATGA-1,BLIND_SECTION_01,False
HC1_CTCTCGATGTGCGCCT-1,BLIND_SECTION_01,True
HC1_CTCTGCGAAGCAAGCA-1,BLIND_SECTION_01,False
HC1_CTCTGGACGCCTGGTG-1,BLIND_SECTION_01,False
HC1_CTCTGTTTGAGGATTC-1,BLIND_SECTION_01,False
HC1_CTCTTCTATTGACTGG-1,BLIND_SECTION_01,False
HC1_CTCTTGTCCCGCTTGG-1,BLIND_SECTION_01,False
HC1_CTGATAGTGTATCTCA-1,BLIND_SECTION_01,False
HC1_CTGCACAACTACATAT-1,BLIND_SECTION_01,False
HC1_CTGCACCTGGAACCGC-1,BLIND_SECTION_01,True
HC1_CTGCACTCCAGTACAG-1,BLIND_SECTION_01,True
HC1_CTGCCAAGGTTGGAAG-1,BLIND_SECTION_01,False
HC1_CTGCCATGCATCACAT-1,BLIND_SECTION_01,True
HC1_CTGCCTAGCCACCAAG-1,BLIND_SECTION_01,True
HC1_CTGCGTTACGATATAA-1,BLIND_SECTION_01,True
HC1_CTGCTTGGCGATAGCT-1,BLIND_SECTION_01,True
HC1_CTGGATTTACACTTGA-1,BLIND_SECTION_01,False
HC1_CTGGCGACATAAGTCC-1,BLIND_SECTION_01,True
HC1_CTGGCGGGAATAAGTA-1,BLIND_SECTION_01,False
HC1_CTGGCTGATTCATCCT-1,BLIND_SECTION_01,False
HC1_CTGGGCCTGCTATATC-1,BLIND_SECTION_01,False
HC1_CTGGTCATTCCAATCC-1,BLIND_SECTION_01,False
HC1_CTGGTCCTAACTTGGC-1,BLIND_SECTION_01,True
HC1_CTGGTTCAACGCATCA-1,BLIND_SECTION_01,False
HC1_CTGGTTTCGAGCAAGA-1,BLIND_SECTION_01,False
HC1_CTGTAGCCATCTCACT-1,BLIND_SECTION_01,False
HC1_CTGTATGGTGTAGAAA-1,BLIND_SECTION_01,False
HC1_CTGTTACCCAATCTAG-1,BLIND_SECTION_01,False
HC1_CTGTTCATCTCACGGG-1,BLIND_SECTION_01,True
HC1_CTTAAATAAGACCCAT-1,BLIND_SECTION_01,False
HC1_CTTAACTTCGAAGTAC-1,BLIND_SECTION_01,False
HC1_CTTACACGGTATTCCA-1,BLIND_SECTION_01,False
HC1_CTTACACTGGGAAATA-1,BLIND_SECTION_01,True
HC1_CTTAGCCTTCCACATG-1,BLIND_SECTION_01,False
HC1_CTTCAACTCCACTTGG-1,BLIND_SECTION_01,True
HC1_CTTCTATGTTGAAGTA-1,BLIND_SECTION_01,True
HC1_CTTCTATTAATGCTAG-1,BLIND_SECTION_01,False
HC1_CTTGAGTTAGGGTAAT-1,BLIND_SECTION_01,False
HC1_CTTGCCCAGGCTCTAC-1,BLIND_SECTION_01,True
HC1_CTTGGCCAAGCTGGGA-1,BLIND_SECTION_01,True
HC1_CTTGTCAACATTCGAG-1,BLIND_SECTION_01,True
HC1_CTTGTGAGTCTTTGAC-1,BLIND_SECTION_01,True
HC1_CTTGTTGCTGAGTCAA-1,BLIND_SECTION_01,False
HC1_CTTGTTTATGTAGCCA-1,BLIND_SECTION_01,False
HC1_CTTTAACTTTCAAAGG-1,BLIND_SECTION_01,True
HC1_CTTTAATATTGGTCGA-1,BLIND_SECTION_01,True
HC1_CTTTACCGAATAGTAG-1,BLIND_SECTION_01,False
HC1_CTTTAGTGCTATTATT-1,BLIND_SECTION_01,True
HC1_CTTTCTGTGCGGGCTT-1,BLIND_SECTION_01,False
HC1_CTTTGGCGCTTTATAC-1,BLIND_SECTION_01,False
HC1_CTTTGGCTTTAGTAAA-1,BLIND_SECTION_01,False
HC1_GAAACAGATGACCACC-1,BLIND_SECTION_01,True
HC1_GAAACCGAATTACCTT-1,BLIND_SECTION_01,False
HC1_GAAACTCTAATGAAGG-1,BLIND_SECTION_01,False
HC1_GAAAGAACAGCGTTAT-1,BLIND_SECTION_01,False
HC1_GAAAGCAGTGCACTTT-1,BLIND_SECTION_01,False
HC1_GAAAGCCCTTTGGACC-1,BLIND_SECTION_01,True
HC1_GAAATACCTGCTGGCT-1,BLIND_SECTION_01,False
HC1_GAAATACTAAACGTTT-1,BLIND_SECTION_01,True
HC1_GAAATTCACATCGCTG-1,BLIND_SECTION_01,False
HC1_GAACAGATTACTAAAT-1,BLIND_SECTION_01,False
HC1_GAACCATCTGGGAGAC-1,BLIND_SECTION_01,False
HC1_GAACGTCTCATGGTCG-1,BLIND_SECTION_01,False
HC1_GAAGAACGGTGCAGGT-1,BLIND_SECTION_01,False
HC1_GAAGACTTCAATGCCG-1,BLIND_SECTION_01,True
HC1_GAAGCCTGCACATTCC-1,BLIND_SECTION_01,False
HC1_GAAGTCAGTTGCACTA-1,BLIND_SECTION_01,False
HC1_GAAGTCTCCCTAGCGA-1,BLIND_SECTION_01,False
HC1_GAATATTCGGAGTCCC-1,BLIND_SECTION_01,False
HC1_GAATCTGAACATTCTC-1,BLIND_SECTION_01,False
HC1_GAATGCCGAAATGACC-1,BLIND_SECTION_01,True
HC1_GAATGCGAATCGGTTC-1,BLIND_SECTION_01,False
HC1_GAATGTATGGCAGGTC-1,BLIND_SECTION_01,True
HC1_GAATGTGGTCCGGATT-1,BLIND_SECTION_01,False
HC1_GAATTCACCCGGGTGT-1,BLIND_SECTION_01,False
HC1_GAATTTCTCGCTGCAG-1,BLIND_SECTION_01,False
HC1_GACAACGACCATTGAA-1,BLIND_SECTION_01,False
HC1_GACACAAGGGAAGAAA-1,BLIND_SECTION_01,True
HC1_GACACGAGTTAGAGGA-1,BLIND_SECTION_01,True
HC1_GACACTGAGTTCAGTG-1,BLIND_SECTION_01,False
HC1_GACAGCCAGACCTGAC-1,BLIND_SECTION_01,False
HC1_GACAGGCACACACTAT-1,BLIND_SECTION_01,False
HC1_GACCAGAGCCCTGTAG-1,BLIND_SECTION_01,True
HC1_GACCAGGTCATTCATA-1,BLIND_SECTION_01,False
HC1_GACCCGTCGCCGGCTA-1,BLIND_SECTION_01,False
HC1_GACCGTCAGGTCGTGA-1,BLIND_SECTION_01,False
HC1_GACGACGATCCGCGTT-1,BLIND_SECTION_01,False
HC1_GACGCTTGCTTCTAAA-1,BLIND_SECTION_01,True
HC1_GACGGACCGCGTTCCT-1,BLIND_SECTION_01,False
HC1_GACGGGTTGGCCCGTA-1,BLIND_SECTION_01,False
HC1_GACTACAATTGCTCGT-1,BLIND_SECTION_01,False
HC1_GACTGCAAATCGAGCT-1,BLIND_SECTION_01,True
HC1_GACTGCACCAGCCCAG-1,BLIND_SECTION_01,True
HC1_GACTGCGGCACGTGTA-1,BLIND_SECTION_01,False
HC1_GAGAGCGCAGTCCCTG-1,BLIND_SECTION_01,True
HC1_GAGATCTGCTTGGCAT-1,BLIND_SECTION_01,False
HC1_GAGATCTGTCACTCCG-1,BLIND_SECTION_01,False
HC1_GAGATGGGAGTCGACA-1,BLIND_SECTION_01,False
HC1_GAGCACCTGTGTCCAG-1,BLIND_SECTION_01,True
HC1_GAGCCACGGTAGTAGG-1,BLIND_SECTION_01,False
HC1_GAGCGCGCACGAGTAG-1,BLIND_SECTION_01,False
HC1_GAGCTCTCGGACCTAA-1,BLIND_SECTION_01,True
HC1_GAGGTACATCCATCTT-1,BLIND_SECTION_01,False
HC1_GAGGTCCCAAAGATCT-1,BLIND_SECTION_01,True
HC1_GAGTATGCGCGTGCAT-1,BLIND_SECTION_01,False
HC1_GAGTCCGCTTACCGGA-1,BLIND_SECTION_01,True
HC1_GAGTCGACAGACCCTC-1,BLIND_SECTION_01,True
HC1_GATAACTCGCACTGTG-1,BLIND_SECTION_01,False
HC1_GATACGATGGGAGTCA-1,BLIND_SECTION_01,False
HC1_GATAGGTAACGTTGAC-1,BLIND_SECTION_01,False
HC1_GATATGGATTACGCGG-1,BLIND_SECTION_01,False
HC1_GATATTTCCTACATGG-1,BLIND_SECTION_01,True
HC1_GATCCCTTTATACTGC-1,BLIND_SECTION_01,True
HC1_GATCCGGGAATTAACA-1,BLIND_SECTION_01,False
HC1_GATCCTCTTGCGCTTA-1,BLIND_SECTION_01,False
HC1_GATCGCTACCCGATTT-1,BLIND_SECTION_01,True
HC1_GATCGGCGATAAGTCG-1,BLIND_SECTION_01,True
HC1_GATCTGCTATCTAAGG-1,BLIND_SECTION_01,True
HC1_GATCTTGGAGGGCATA-1,BLIND_SECTION_01,True
HC1_GATCTTTGCAGGGTAT-1,BLIND_SECTION_01,True
HC1_GATGCGAATGGTATTA-1,BLIND_SECTION_01,False
HC1_GATGGCGCACACATTA-1,BLIND_SECTION_01,True
HC1_GATGGTGCCCTAGGCA-1,BLIND_SECTION_01,True
HC1_GATGTTCAATCCACGA-1,BLIND_SECTION_01,False
HC1_GATGTTTGTGCGAGAT-1,BLIND_SECTION_01,True
HC1_GATTACTGAATTTGGG-1,BLIND_SECTION_01,True
HC1_GATTCCCTTGTCGCAG-1,BLIND_SECTION_01,False
HC1_GATTCCGCGTTTCCGT-1,BLIND_SECTION_01,False
HC1_GATTCCTATACGGCGC-1,BLIND_SECTION_01,False
HC1_GATTCGACGGTTCACG-1,BLIND_SECTION_01,False
HC1_GATTGACACTCTGCTC-1,BLIND_SECTION_01,True
HC1_GCAAACCCTACATTAT-1,BLIND_SECTION_01,False
HC1_GCAAACCTTGGCCATA-1,BLIND_SECTION_01,False
HC1_GCAAATATTACGCTTT-1,BLIND_SECTION_01,True
HC1_GCAAGAATTCCTTGGC-1,BLIND_SECTION_01,True
HC1_GCACACGCCCATGGTC-1,BLIND_SECTION_01,True
HC1_GCACGCCTACTTAGAT-1,BLIND_SECTION_01,False
HC1_GCAGACCCAGCACGTA-1,BLIND_SECTION_01,True
HC1_GCAGATCCTCGCAAAT-1,BLIND_SECTION_01,True
HC1_GCAGGACTATAGAATA-1,BLIND_SECTION_01,True
HC1_GCATCCCTAACTTTGA-1,BLIND_SECTION_01,False
HC1_GCATGAGGGACGCGGC-1,BLIND_SECTION_01,True
HC1_GCCACAATTTAAGGAC-1,BLIND_SECTION_01,False
HC1_GCCCGATCTGTGGTCG-1,BLIND_SECTION_01,False
HC1_GCCCGCGCGTAAACGG-1,BLIND_SECTION_01,True
HC1_GCCCGTAATACCTTCT-1,BLIND_SECTION_01,False
HC1_GCCGAAATTCCTACGT-1,BLIND_SECTION_01,False
HC1_GCCGCATTAGTCCGGC-1,BLIND_SECTION_01,True
HC1_GCCGCTTGTGAGAAAC-1,BLIND_SECTION_01,False
HC1_GCCGGAAACACATCTT-1,BLIND_SECTION_01,True
HC1_GCCTATAGTGTCAGGG-1,BLIND_SECTION_01,True
HC1_GCCTCATCTGGAAATA-1,BLIND_SECTION_01,False
HC1_GCCTCTATACATAGCA-1,BLIND_SECTION_01,True
HC1_GCCTTCAGCCCTACCG-1,BLIND_SECTION_01,True
HC1_GCGAAGCCATACCCGT-1,BLIND_SECTION_01,True
HC1_GCGACGATAGTTGTAC-1,BLIND_SECTION_01,False
HC1_GCGATTGTTAACGTTA-1,BLIND_SECTION_01,True
HC1_GCGCCGTTCCACGATA-1,BLIND_SECTION_01,True
HC1_GCGCTAAGTATGCATG-1,BLIND_SECTION_01,False
HC1_GCGCTAATTGAATAGA-1,BLIND_SECTION_01,False
HC1_GCGCTGATCCAGACTC-1,BLIND_SECTION_01,True
HC1_GCGGAGAGGGAGAACG-1,BLIND_SECTION_01,True
HC1_GCGGCTCTGACGTACC-1,BLIND_SECTION_01,True
HC1_GCGGGAACCAGGCCCT-1,BLIND_SECTION_01,True
HC1_GCGGTTCCCTATCATG-1,BLIND_SECTION_01,False
HC1_GCGTCTCTGCATTGGG-1,BLIND_SECTION_01,True
HC1_GCGTGGTACTGGGTTA-1,BLIND_SECTION_01,False
HC1_GCGTTATATTTGGAAC-1,BLIND_SECTION_01,False
HC1_GCTAAGTAGTTTCTCT-1,BLIND_SECTION_01,False
HC1_GCTACGACTTATTGGG-1,BLIND_SECTION_01,True
HC1_GCTACTATAGTAGAGT-1,BLIND_SECTION_01,False
HC1_GCTAGACCGTCTACTG-1,BLIND_SECTION_01,False
HC1_GCTAGCTTGAATAGCT-1,BLIND_SECTION_01,False
HC1_GCTAGTTTCATTGAGG-1,BLIND_SECTION_01,True
HC1_GCTATCATACTCATGG-1,BLIND_SECTION_01,False
HC1_GCTATCGCGGCGCAAC-1,BLIND_SECTION_01,False
HC1_GCTCAATGTAATACCG-1,BLIND_SECTION_01,False
HC1_GCTCGCGGTTCCGCTC-1,BLIND_SECTION_01,False
HC1_GCTCGCTCATGTCCAA-1,BLIND_SECTION_01,False
HC1_GCTCGGAATTTAAAGC-1,BLIND_SECTION_01,True
HC1_GCTCTAAACCCTGACG-1,BLIND_SECTION_01,False
HC1_GCTCTATGTTACGTGC-1,BLIND_SECTION_01,True
HC1_GCTCTCGGGTACCGAA-1,BLIND_SECTION_01,True
HC1_GCTGAGGCGTGAGTAT-1,BLIND_SECTION_01,True
HC1_GCTGCTCTCCGGACAC-1,BLIND_SECTION_01,False
HC1_GCTGGCATATTCACCT-1,BLIND_SECTION_01,False
HC1_GCTGGCGGCGCATGCT-1,BLIND_SECTION_01,False
HC1_GCTGTATTACTGGCCC-1,BLIND_SECTION_01,True
HC1_GCTGTTGCTACCGAAC-1,BLIND_SECTION_01,False
HC1_GCTTAATGTAACTAAC-1,BLIND_SECTION_01,False
HC1_GCTTATGAAGCAGGAA-1,BLIND_SECTION_01,False
HC1_GCTTGATGATAATCAG-1,BLIND_SECTION_01,False
HC1_GGAACCGTGTAAATTG-1,BLIND_SECTION_01,False
HC1_GGAACGGCCTGCAGCC-1,BLIND_SECTION_01,False
HC1_GGAAGCTCGCTTACAG-1,BLIND_SECTION_01,False
HC1_GGAATAACCTCAAGAA-1,BLIND_SECTION_01,True
HC1_GGAATGCGCTAGCGTG-1,BLIND_SECTION_01,True
HC1_GGACACAAGTTTACAC-1,BLIND_SECTION_01,False
HC1_GGACCAACAGGATAAC-1,BLIND_SECTION_01,False
HC1_GGACTAAGTCAGGAGT-1,BLIND_SECTION_01,True
HC1_GGAGACGACACCTTTG-1,BLIND_SECTION_01,True
HC1_GGAGGGCTTGGTTGGC-1,BLIND_SECTION_01,False
HC1_GGATACTCATGAATTG-1,BLIND_SECTION_01,True
HC1_GGATCAAAGGACGAGG-1,BLIND_SECTION_01,True
HC1_GGATCCGGAATATACT-1,BLIND_SECTION_01,True
HC1_GGATCTACCGTTCGTC-1,BLIND_SECTION_01,False
HC1_GGATGTCCTTACCGCA-1,BLIND_SECTION_01,False
HC1_GGATTCAGTACGGTGG-1,BLIND_SECTION_01,False
HC1_GGATTCCGCTATACCC-1,BLIND_SECTION_01,True
HC1_GGATTTCACTTCTATA-1,BLIND_SECTION_01,False
HC1_GGCAATAGTCAATGAG-1,BLIND_SECTION_01,False
HC1_GGCACTCCACTGGGCA-1,BLIND_SECTION_01,False
HC1_GGCATATCGGTTCTGC-1,BLIND_SECTION_01,True
HC1_GGCATCAACGAGCACG-1,BLIND_SECTION_01,False
HC1_GGCCACAAGCGATGGC-1,BLIND_SECTION_01,False
HC1_GGCCCTCACCCACTTA-1,BLIND_SECTION_01,True
HC1_GGCCGTTTGGGTTTCA-1,BLIND_SECTION_01,True
HC1_GGCGAAATCTAACTTG-1,BLIND_SECTION_01,False
HC1_GGCGCAGGACATCTTC-1,BLIND_SECTION_01,True
HC1_GGCGCGTTCGAGTTTA-1,BLIND_SECTION_01,False
HC1_GGCGGAGTAATATTAG-1,BLIND_SECTION_01,True
HC1_GGCGGTAGGATCATTG-1,BLIND_SECTION_01,False
HC1_GGCGTCCTATCCGCTG-1,BLIND_SECTION_01,False
HC1_GGCTATTAAGTTGTAT-1,BLIND_SECTION_01,False
HC1_GGCTCTGCTCCAACGC-1,BLIND_SECTION_01,False
HC1_GGCTGAAATAGCAAAG-1,BLIND_SECTION_01,False
HC1_GGCTTTCAATAAGGGT-1,BLIND_SECTION_01,False
HC1_GGGAACGGGAGGTTAG-1,BLIND_SECTION_01,False
HC1_GGGAATTCTGTCCAGT-1,BLIND_SECTION_01,True
HC1_GGGACCCGTATATCTT-1,BLIND_SECTION_01,False
HC1_GGGACTGCATAGATAG-1,BLIND_SECTION_01,False
HC1_GGGATTTACCGCACCT-1,BLIND_SECTION_01,False
HC1_GGGCAGAGCAATCGTT-1,BLIND_SECTION_01,False
HC1_GGGCGATATGTGTGAA-1,BLIND_SECTION_01,True
HC1_GGGCGGCAAATGAATT-1,BLIND_SECTION_01,False
HC1_GGGCGGGTTCCCTACG-1,BLIND_SECTION_01,True
HC1_GGGCGTACATTTATAT-1,BLIND_SECTION_01,True
HC1_GGGCGTCACCACGTAA-1,BLIND_SECTION_01,False
HC1_GGGCGTCCACTGGCTC-1,BLIND_SECTION_01,False
HC1_GGGTACTTCATGAACT-1,BLIND_SECTION_01,True
HC1_GGGTATGTATGCACTT-1,BLIND_SECTION_01,False
HC1_GGGTCATGCGTACCAT-1,BLIND_SECTION_01,True
HC1_GGGTGACACCTTAACT-1,BLIND_SECTION_01,False
HC1_GGGTTCAGACGAACAA-1,BLIND_SECTION_01,True
HC1_GGTAAATGTGCGTTAC-1,BLIND_SECTION_01,True
HC1_GGTCAGTGGGTCCCAC-1,BLIND_SECTION_01,False
HC1_GGTCGGCCAGGAGCTT-1,BLIND_SECTION_01,False
HC1_GGTCGGTAATTAGACA-1,BLIND_SECTION_01,False
HC1_GGTGAGATGCAGATAA-1,BLIND_SECTION_01,True
HC1_GGTTACCACCCTCGGG-1,BLIND_SECTION_01,True
HC1_GGTTAGCTATATGTCT-1,BLIND_SECTION_01,True
HC1_GGTTCTACTCGTCTGA-1,BLIND_SECTION_01,True
HC1_GGTTGTGCTCTTGTCC-1,BLIND_SECTION_01,False
HC1_GGTTGTGTAGCCTGGC-1,BLIND_SECTION_01,False
HC1_GGTTTACAATCTCAAT-1,BLIND_SECTION_01,False
HC1_GGTTTAGCCTTTCTTG-1,BLIND_SECTION_01,False
HC1_GGTTTCAATCGGTCAG-1,BLIND_SECTION_01,True
HC1_GTAAGCGGGCAGTCAG-1,BLIND_SECTION_01,True
HC1_GTAAGGATTTGTCGGA-1,BLIND_SECTION_01,False
HC1_GTAATCTGATTCTTCG-1,BLIND_SECTION_01,True
HC1_GTACGCTTCATTGCAC-1,BLIND_SECTION_01,False
HC1_GTACGTTTGCCCGTCA-1,BLIND_SECTION_01,True
HC1_GTACTCCCTTATCGCT-1,BLIND_SECTION_01,True
HC1_GTACTGGAGTTAGACC-1,BLIND_SECTION_01,True
HC1_GTAGACAACCGATGAA-1,BLIND_SECTION_01,True
HC1_GTAGACACGCCTGACT-1,BLIND_SECTION_01,False
HC1_GTAGCGCTGTTGTAGT-1,BLIND_SECTION_01,False
HC1_GTAGCTTCCTCTTGTT-1,BLIND_SECTION_01,True
HC1_GTAGGTGATCCGTGTA-1,BLIND_SECTION_01,True
HC1_GTAGTCGCGGGAATCA-1,BLIND_SECTION_01,False
HC1_GTATCAGCTTGGGTTC-1,BLIND_SECTION_01,False
HC1_GTATCTTTCATAACCA-1,BLIND_SECTION_01,False
HC1_GTATTAAGGCGTCTAA-1,BLIND_SECTION_01,True
HC1_GTCAATTGTACTGAAG-1,BLIND_SECTION_01,True
HC1_GTCACAAAGTTTCCAA-1,BLIND_SECTION_01,False
HC1_GTCACTCTCCAAATCT-1,BLIND_SECTION_01,False
HC1_GTCAGTTGTGCTCGTT-1,BLIND_SECTION_01,False
HC1_GTCAGTTTGGTAGTCG-1,BLIND_SECTION_01,False
HC1_GTCATGCACCTCCGTT-1,BLIND_SECTION_01,True
HC1_GTCATGGACATGACTA-1,BLIND_SECTION_01,True
HC1_GTCATTGCATTGACCC-1,BLIND_SECTION_01,False
HC1_GTCCCAACGTAAAGTA-1,BLIND_SECTION_01,False
HC1_GTCCTATTGTTGTGGT-1,BLIND_SECTION_01,True
HC1_GTCCTTCTAGTGGGTT-1,BLIND_SECTION_01,False
HC1_GTCGCCGTTGTGTGTT-1,BLIND_SECTION_01,False
HC1_GTCGGATGTAGCGCGC-1,BLIND_SECTION_01,False
HC1_GTCGTACCATCTCGGG-1,BLIND_SECTION_01,True
HC1_GTCGTATTGGCGTACA-1,BLIND_SECTION_01,False
HC1_GTCGTTATTCGCTTAT-1,BLIND_SECTION_01,True
HC1_GTCTATCTGAGTTTCT-1,BLIND_SECTION_01,False
HC1_GTCTATTGGTTCCGGT-1,BLIND_SECTION_01,True
HC1_GTCTCGATCTGCTTTC-1,BLIND_SECTION_01,False
HC1_GTGAAACGGCGCCACC-1,BLIND_SECTION_01,False
HC1_GTGAAACGTGCTCCAC-1,BLIND_SECTION_01,False
HC1_GTGACCGCACACTACG-1,BLIND_SECTION_01,False
HC1_GTGAGGACACTTAAGG-1,BLIND_SECTION_01,False
HC1_GTGATCATAGATCTGC-1,BLIND_SECTION_01,True
HC1_GTGCCCGTTCGGATTC-1,BLIND_SECTION_01,False
HC1_GTGCCGCTTCAAAGGT-1,BLIND_SECTION_01,False
HC1_GTGCGAAATCGAACAC-1,BLIND_SECTION_01,False
HC1_GTGCGACAGGGAGTGT-1,BLIND_SECTION_01,True
HC1_GTGCGGGACCATCGGC-1,BLIND_SECTION_01,False
HC1_GTGGAACCTACATGCG-1,BLIND_SECTION_01,False
HC1_GTGGACCAACCCGATT-1,BLIND_SECTION_01,False
HC1_GTGGACGTGCTGAGAC-1,BLIND_SECTION_01,True
HC1_GTGGAGTCGGCGGTTG-1,BLIND_SECTION_01,False
HC1_GTGGTATAGTCTGCCG-1,BLIND_SECTION_01,False
HC1_GTGGTCAGCGAAGTAT-1,BLIND_SECTION_01,False
HC1_GTGGTGGCCAAGTGAA-1,BLIND_SECTION_01,False
HC1_GTGTACCTTGGCTACG-1,BLIND_SECTION_01,False
HC1_GTGTATATCAGCGGGC-1,BLIND_SECTION_01,False
HC1_GTGTATGACTTTAAAG-1,BLIND_SECTION_01,True
HC1_GTGTCGTATAGCGTTC-1,BLIND_SECTION_01,True
HC1_GTGTGAATAACTTAGG-1,BLIND_SECTION_01,True
HC1_GTGTTACTATGCGTCC-1,BLIND_SECTION_01,False
HC1_GTTAATGTCTATCTTA-1,BLIND_SECTION_01,False
HC1_GTTACAATTGGTGACG-1,BLIND_SECTION_01,True
HC1_GTTACCTACAACTTGC-1,BLIND_SECTION_01,False
HC1_GTTAGAGTGTGCCGCT-1,BLIND_SECTION_01,False
HC1_GTTATATTATCTCCCT-1,BLIND_SECTION_01,False
HC1_GTTATCACCTTCTGAA-1,BLIND_SECTION_01,True
HC1_GTTCGTCTAAAGAACT-1,BLIND_SECTION_01,True
HC1_GTTCTTCCCTCGATGT-1,BLIND_SECTION_01,False
HC1_GTTGAACCGGTTCCAT-1,BLIND_SECTION_01,False
HC1_GTTGAGTCCCGCCGGT-1,BLIND_SECTION_01,True
HC1_GTTGGATTCAGTGGCT-1,BLIND_SECTION_01,False
HC1_GTTGGATTGAGAACAC-1,BLIND_SECTION_01,True
HC1_GTTGGTCATGCTATCC-1,BLIND_SECTION_01,False
HC1_GTTGTCGTGTTAGTTG-1,BLIND_SECTION_01,False
HC1_GTTTACGTTCCATCTG-1,BLIND_SECTION_01,False
HC1_GTTTCATATCGTCGCT-1,BLIND_SECTION_01,False
HC1_GTTTGACCAAATCCTA-1,BLIND_SECTION_01,False
HC1_GTTTGGCCCAAGTTAT-1,BLIND_SECTION_01,False
HC1_GTTTGGCCGCTCAGCG-1,BLIND_SECTION_01,True
HC1_TAAACCCAGGAGGGCA-1,BLIND_SECTION_01,True
HC1_TAAAGAGCCCGAAACC-1,BLIND_SECTION_01,False
HC1_TAAAGCGTTAGGAGAA-1,BLIND_SECTION_01,True
HC1_TAACAATATTTGTTGC-1,BLIND_SECTION_01,False
HC1_TAACCGCCCGCAGTGC-1,BLIND_SECTION_01,False
HC1_TAACGCTTTGAGAGCG-1,BLIND_SECTION_01,False
HC1_TAACTCCATGGAGGCT-1,BLIND_SECTION_01,True
HC1_TAAGCAGGCGACACGC-1,BLIND_SECTION_01,True
HC1_TAAGGCTGAATCCCTC-1,BLIND_SECTION_01,False
HC1_TAAGGGCTGGGAGAGG-1,BLIND_SECTION_01,False
HC1_TAAGTAACATCTTGAC-1,BLIND_SECTION_01,True
HC1_TAATAAACAAGGAGAT-1,BLIND_SECTION_01,True
HC1_TAATAGTGACGACCAG-1,BLIND_SECTION_01,False
HC1_TAATATTGAAATTCGC-1,BLIND_SECTION_01,True
HC1_TAATGAAAGACCCTTG-1,BLIND_SECTION_01,False
HC1_TACAAATTGCGGAGGT-1,BLIND_SECTION_01,True
HC1_TACAAGCTGTTCACTG-1,BLIND_SECTION_01,True
HC1_TACAAGTCTCGTGCAT-1,BLIND_SECTION_01,False
HC1_TACCAGAAGTAGGTTC-1,BLIND_SECTION_01,False
HC1_TACCAGCTAGGTTTAA-1,BLIND_SECTION_01,False
HC1_TACCGGCTCACTGCCC-1,BLIND_SECTION_01,True
HC1_TACCGGTCGTTTCCAT-1,BLIND_SECTION_01,False
HC1_TACCGTAGGTTAACTA-1,BLIND_SECTION_01,False
HC1_TACCTACTCCCAGTAT-1,BLIND_SECTION_01,False
HC1_TACCTCAGTTGTCTGT-1,BLIND_SECTION_01,False
HC1_TACGACGCTTGCTGCG-1,BLIND_SECTION_01,False
HC1_TACGACTGCCTCTTAG-1,BLIND_SECTION_01,False
HC1_TACGAGAACTTCACGT-1,BLIND_SECTION_01,False
HC1_TACGATGTTGATCATC-1,BLIND_SECTION_01,False
HC1_TACGCCGAGGGTACCC-1,BLIND_SECTION_01,True
HC1_TACGCCTCCATTCCGA-1,BLIND_SECTION_01,False
HC1_TACGTGCACTATGCTG-1,BLIND_SECTION_01,False
HC1_TACTATGGTTCCTCAG-1,BLIND_SECTION_01,True
HC1_TACTCGGCACGCCGGG-1,BLIND_SECTION_01,True
HC1_TACTCTCCGAACAAAT-1,BLIND_SECTION_01,False
HC1_TACTCTTTCGTCTTCA-1,BLIND_SECTION_01,True
HC1_TACTGAACAGATTTAG-1,BLIND_SECTION_01,False
HC1_TACTGGACAGCTCGGC-1,BLIND_SECTION_01,False
HC1_TACTTGTTAGTAGTCC-1,BLIND_SECTION_01,False
HC1_TAGAAACCACTAAGTA-1,BLIND_SECTION_01,True
HC1_TAGAAAGGTGGCGCTA-1,BLIND_SECTION_01,True
HC1_TAGAATTAAGGGCAAC-1,BLIND_SECTION_01,False
HC1_TAGACGCCCGTACCGG-1,BLIND_SECTION_01,False
HC1_TAGACTACCTAGCGTT-1,BLIND_SECTION_01,True
HC1_TAGATATGGACTGGAA-1,BLIND_SECTION_01,False
HC1_TAGATTCCTGGTTATT-1,BLIND_SECTION_01,False
HC1_TAGCAACCTGTCACAA-1,BLIND_SECTION_01,False
HC1_TAGCCATTTCAAAGTC-1,BLIND_SECTION_01,False
HC1_TAGCCGGCGGTCAGCG-1,BLIND_SECTION_01,True
HC1_TAGCGTCCGGTGTGGT-1,BLIND_SECTION_01,False
HC1_TAGCTAGAAGGCATGA-1,BLIND_SECTION_01,False
HC1_TAGCTAGTGATGATGG-1,BLIND_SECTION_01,False
HC1_TAGCTCGCCTGATAAC-1,BLIND_SECTION_01,False
HC1_TAGGCATGTTACGCCA-1,BLIND_SECTION_01,False
HC1_TAGGGAGCTTGGGATG-1,BLIND_SECTION_01,False
HC1_TAGGTCCAAGTAAGGA-1,BLIND_SECTION_01,False
HC1_TAGGTGTTCCACAGAT-1,BLIND_SECTION_01,False
HC1_TAGTACCTTAGTGGTC-1,BLIND_SECTION_01,False
HC1_TAGTGGAACTCATACA-1,BLIND_SECTION_01,False
HC1_TAGTGTCAGAAACGGC-1,BLIND_SECTION_01,False
HC1_TAGTTAAGATAGGATA-1,BLIND_SECTION_01,False
HC1_TATACACAGACGCCTT-1,BLIND_SECTION_01,False
HC1_TATACTCATGCGGCAA-1,BLIND_SECTION_01,True
HC1_TATAGATGGTCGCAGT-1,BLIND_SECTION_01,False
HC1_TATAGGGTACTCATGA-1,BLIND_SECTION_01,True
HC1_TATATCATTGATCAGT-1,BLIND_SECTION_01,True
HC1_TATATCCCTGGGAGGA-1,BLIND_SECTION_01,False
HC1_TATATGCTGGGTTGCC-1,BLIND_SECTION_01,False
HC1_TATATTCGCGTCGATA-1,BLIND_SECTION_01,False
HC1_TATCAAAGGTCTGTAA-1,BLIND_SECTION_01,True
HC1_TATCACAGCACGGGCA-1,BLIND_SECTION_01,True
HC1_TATCCAATTGGTTATC-1,BLIND_SECTION_01,True
HC1_TATCTACAGAGGTAAT-1,BLIND_SECTION_01,False
HC1_TATCTAGCCTAAAGGA-1,BLIND_SECTION_01,True
HC1_TATGAAGACAGGTGCG-1,BLIND_SECTION_01,False
HC1_TATGATAAATCTAACG-1,BLIND_SECTION_01,False
HC1_TATGCTCCCTACTTAC-1,BLIND_SECTION_01,True
HC1_TATGGCCCGGCCTCGC-1,BLIND_SECTION_01,False
HC1_TATGGTTAGTGGGAGA-1,BLIND_SECTION_01,True
HC1_TATGTCTCATTGTGCC-1,BLIND_SECTION_01,True
HC1_TATTAACCTGACCGCG-1,BLIND_SECTION_01,True
HC1_TATTCAATTCTAATCC-1,BLIND_SECTION_01,True
HC1_TATTCCACTCAGCTCG-1,BLIND_SECTION_01,False
HC1_TATTCCGGCAGTCCTA-1,BLIND_SECTION_01,False
HC1_TATTCGTGCCAGAATA-1,BLIND_SECTION_01,False
HC1_TATTTATACCGAGTAG-1,BLIND_SECTION_01,False
HC1_TCAAACAACCGCGTCG-1,BLIND_SECTION_01,False
HC1_TCAAACTTAGATTGTT-1,BLIND_SECTION_01,False
HC1_TCAAATTTGAGACTCA-1,BLIND_SECTION_01,False
HC1_TCAACACATTGGGTAA-1,BLIND_SECTION_01,True
HC1_TCAACATAGCGCCCTA-1,BLIND_SECTION_01,False
HC1_TCAAGGTTACTACACC-1,BLIND_SECTION_01,False
HC1_TCAATACGCCGTCATG-1,BLIND_SECTION_01,True
HC1_TCACAGGGAATCGCAA-1,BLIND_SECTION_01,True
HC1_TCACAGGTTATTGGGC-1,BLIND_SECTION_01,True
HC1_TCACCCTCTTAAGATT-1,BLIND_SECTION_01,True
HC1_TCACCGCTCGGCACTC-1,BLIND_SECTION_01,True
HC1_TCACGTGCCCGATTCA-1,BLIND_SECTION_01,True
HC1_TCAGACGCTATAGAAG-1,BLIND_SECTION_01,True
HC1_TCAGCAAATGCATCTC-1,BLIND_SECTION_01,True
HC1_TCAGTACTGACCCGCG-1,BLIND_SECTION_01,False
HC1_TCAGTAGGGACTATAA-1,BLIND_SECTION_01,False
HC1_TCAGTGTATACGTCAT-1,BLIND_SECTION_01,True
HC1_TCATACTTACAGATCC-1,BLIND_SECTION_01,True
HC1_TCATGCAGGTTCTCAT-1,BLIND_SECTION_01,True
HC1_TCATTTAAGTCTCCGA-1,BLIND_SECTION_01,True
HC1_TCCAACTTTAAATTCT-1,BLIND_SECTION_01,True
HC1_TCCACTTTATCTAGGT-1,BLIND_SECTION_01,True
HC1_TCCAGAGCACCGGTTC-1,BLIND_SECTION_01,False
HC1_TCCAGGGTATATACGA-1,BLIND_SECTION_01,False
HC1_TCCATTGTGACCTCGT-1,BLIND_SECTION_01,False
HC1_TCCCAAAGACGAAGGA-1,BLIND_SECTION_01,False
HC1_TCCCAGGCTTAGCTAA-1,BLIND_SECTION_01,True
HC1_TCCCTTAGATTACTCG-1,BLIND_SECTION_01,True
HC1_TCCGAACTTGGCTTAC-1,BLIND_SECTION_01,False
HC1_TCCGAGAAGGCTAAGC-1,BLIND_SECTION_01,False
HC1_TCCGATGGTGCGACAT-1,BLIND_SECTION_01,False
HC1_TCCGCGGCAGCATCTG-1,BLIND_SECTION_01,False
HC1_TCCGCTTATCCCATTA-1,BLIND_SECTION_01,False
HC1_TCCGGCCTGCATCGAT-1,BLIND_SECTION_01,True
HC1_TCCGGTTCGTCCGGTC-1,BLIND_SECTION_01,False
HC1_TCCGTAACCACAATCC-1,BLIND_SECTION_01,True
HC1_TCCGTTAAGCTAATAT-1,BLIND_SECTION_01,False
HC1_TCCGTTTAGCCTTGAA-1,BLIND_SECTION_01,True
HC1_TCCTACATCCACGGCC-1,BLIND_SECTION_01,True
HC1_TCCTAGCAAAGAAGCT-1,BLIND_SECTION_01,True
HC1_TCCTCGGGCTGGGCTT-1,BLIND_SECTION_01,False
HC1_TCCTCTCCAGTTGTCC-1,BLIND_SECTION_01,False
HC1_TCCTCTGGCCCATTAG-1,BLIND_SECTION_01,False
HC1_TCCTGCGTTGATACTC-1,BLIND_SECTION_01,False
HC1_TCCTTACGACGGTCCG-1,BLIND_SECTION_01,True
HC1_TCCTTTCTTACGCTTA-1,BLIND_SECTION_01,True
HC1_TCGAAATTTAGGACCA-1,BLIND_SECTION_01,False
HC1_TCGAAGAACCGAGCAC-1,BLIND_SECTION_01,False
HC1_TCGAGCCAGGCAGGCC-1,BLIND_SECTION_01,False
HC1_TCGCAAAGATGCATTT-1,BLIND_SECTION_01,False
HC1_TCGCACCAGGAGGCAG-1,BLIND_SECTION_01,False
HC1_TCGCATTCAATGACTT-1,BLIND_SECTION_01,False
HC1_TCGCCGAAGTTGCGTC-1,BLIND_SECTION_01,True
HC1_TCGCGTCCAGAAGGTC-1,BLIND_SECTION_01,False
HC1_TCGCTCGATATATTCC-1,BLIND_SECTION_01,True
HC1_TCGCTGTGCGTAAATC-1,BLIND_SECTION_01,True
HC1_TCGCTTTAAACGTTTG-1,BLIND_SECTION_01,True
HC1_TCGGAATGACCATCAA-1,BLIND_SECTION_01,False
HC1_TCGGAATGCGCTCTGA-1,BLIND_SECTION_01,False
HC1_TCGGACGCCCAGCCCA-1,BLIND_SECTION_01,True
HC1_TCGGAGTACATGAGTA-1,BLIND_SECTION_01,True
HC1_TCGGCGAACCCAAACC-1,BLIND_SECTION_01,True
HC1_TCGGCTAACTTCCCTT-1,BLIND_SECTION_01,False
HC1_TCGGGTGAAACTGCTA-1,BLIND_SECTION_01,False
HC1_TCGGTCCCTGACTCCA-1,BLIND_SECTION_01,False
HC1_TCGTAAGACGACATTG-1,BLIND_SECTION_01,False
HC1_TCGTATTACCCATTGC-1,BLIND_SECTION_01,True
HC1_TCGTATTTCGTCCGGA-1,BLIND_SECTION_01,False
HC1_TCGTTAGGAGTCCCTA-1,BLIND_SECTION_01,False
HC1_TCGTTCGTTATTATGT-1,BLIND_SECTION_01,True
HC1_TCTAACTGTATGTAAA-1,BLIND_SECTION_01,False
HC1_TCTACCGTCCACAAGC-1,BLIND_SECTION_01,False
HC1_TCTAGCAATCTCCGCC-1,BLIND_SECTION_01,True
HC1_TCTAGCATGCCCAGAA-1,BLIND_SECTION_01,True
HC1_TCTATCATGCAGTTAC-1,BLIND_SECTION_01,False
HC1_TCTATCGGTCGCAACA-1,BLIND_SECTION_01,True
HC1_TCTATTACGCTGGCGA-1,BLIND_SECTION_01,True
HC1_TCTCATGAGATAGGGT-1,BLIND_SECTION_01,True
HC1_TCTCCAACGTAGGTTA-1,BLIND_SECTION_01,True
HC1_TCTCGAACGAGGTCAC-1,BLIND_SECTION_01,False
HC1_TCTGATGTATTCTGTC-1,BLIND_SECTION_01,False
HC1_TCTGCCAGAAACTGCA-1,BLIND_SECTION_01,False
HC1_TCTGGGAACCTTTGAA-1,BLIND_SECTION_01,False
HC1_TCTGGGTAGCGCTCAT-1,BLIND_SECTION_01,False
HC1_TCTGTCATACAAGAGC-1,BLIND_SECTION_01,False
HC1_TCTGTGCCATCATAGT-1,BLIND_SECTION_01,True
HC1_TCTGTGGCTACATTTC-1,BLIND_SECTION_01,True
HC1_TCTTACAGAGGTACCG-1,BLIND_SECTION_01,False
HC1_TCTTACTTATGCCTCT-1,BLIND_SECTION_01,False
HC1_TCTTAGAGTGAACTCT-1,BLIND_SECTION_01,False
HC1_TCTTCGAATAGACGTT-1,BLIND_SECTION_01,False
HC1_TCTTCGATACCAATAA-1,BLIND_SECTION_01,False
HC1_TCTTGATGCGTAGCGA-1,BLIND_SECTION_01,False
HC1_TCTTTCTCTTAAGGAG-1,BLIND_SECTION_01,True
HC1_TGACAACTTAAAGGTG-1,BLIND_SECTION_01,False
HC1_TGACATCGAGCGGACC-1,BLIND_SECTION_01,False
HC1_TGACCCACGTTAGACA-1,BLIND_SECTION_01,True
HC1_TGACGATGCACTAGAA-1,BLIND_SECTION_01,False
HC1_TGACTATAATCCTTTC-1,BLIND_SECTION_01,False
HC1_TGAGAGATTTACCACG-1,BLIND_SECTION_01,False
HC1_TGAGATCAAATACTCA-1,BLIND_SECTION_01,False
HC1_TGAGATTAGGCCCTAA-1,BLIND_SECTION_01,False
HC1_TGAGCAGTCGTGAAGT-1,BLIND_SECTION_01,False
HC1_TGAGCCATACAGTCTC-1,BLIND_SECTION_01,True
HC1_TGAGCTTTAATGACGC-1,BLIND_SECTION_01,True
HC1_TGAGTAAATTAGCGTA-1,BLIND_SECTION_01,False
HC1_TGAGTGCCTCTTAAAT-1,BLIND_SECTION_01,False
HC1_TGATACATTTAGCCGT-1,BLIND_SECTION_01,False
HC1_TGATAGCGGGATTCTA-1,BLIND_SECTION_01,False
HC1_TGATTCGTCTATCACT-1,BLIND_SECTION_01,False
HC1_TGATTTATTAGCTGTG-1,BLIND_SECTION_01,False
HC1_TGATTTCCTCCTGACG-1,BLIND_SECTION_01,True
HC1_TGCAAGAATGACGTAA-1,BLIND_SECTION_01,True
HC1_TGCACGAGTCGGCAGC-1,BLIND_SECTION_01,False
HC1_TGCAGTTTCCTCCCAT-1,BLIND_SECTION_01,False
HC1_TGCATATGTCTGTCAC-1,BLIND_SECTION_01,False
HC1_TGCCACCTGGCGAAAC-1,BLIND_SECTION_01,True
HC1_TGCCAGTACGTGGAGA-1,BLIND_SECTION_01,True
HC1_TGCCCGTACCGTTAAA-1,BLIND_SECTION_01,False
HC1_TGCCTGATCAAACGAT-1,BLIND_SECTION_01,True
HC1_TGCGACACCCTAGTGC-1,BLIND_SECTION_01,False
HC1_TGCGAGAATATTACCC-1,BLIND_SECTION_01,False
HC1_TGCGCAAAGCATTTGG-1,BLIND_SECTION_01,False
HC1_TGCGCGATTAACGGAG-1,BLIND_SECTION_01,False
HC1_TGCGGAGTAAAGGTGC-1,BLIND_SECTION_01,False
HC1_TGCGGTGAAATTTCAT-1,BLIND_SECTION_01,True
HC1_TGCGTAAGAACCTGAT-1,BLIND_SECTION_01,False
HC1_TGCTATACAAACGGAC-1,BLIND_SECTION_01,False
HC1_TGCTCCACAGTTCTTA-1,BLIND_SECTION_01,False
HC1_TGCTCGGCGAAACCCA-1,BLIND_SECTION_01,False
HC1_TGCTTCCCAAGCAGTA-1,BLIND_SECTION_01,True
HC1_TGGAAGAAGGGAACGT-1,BLIND_SECTION_01,False
HC1_TGGAAGACGAACACCA-1,BLIND_SECTION_01,False
HC1_TGGACTGTTCGCTCAA-1,BLIND_SECTION_01,True
HC1_TGGCAAACTAAATTAC-1,BLIND_SECTION_01,False
HC1_TGGCAACTCGCGCGCC-1,BLIND_SECTION_01,True
HC1_TGGCAGATTACGATCA-1,BLIND_SECTION_01,False
HC1_TGGCAGCAGTAATAGT-1,BLIND_SECTION_01,True
HC1_TGGGCACAAACAGAAC-1,BLIND_SECTION_01,False
HC1_TGGGCACGTTCTATGG-1,BLIND_SECTION_01,False
HC1_TGGGCCCATACTAATT-1,BLIND_SECTION_01,True
HC1_TGGTAGAATATATGGG-1,BLIND_SECTION_01,False
HC1_TGGTATCGCATCCCAA-1,BLIND_SECTION_01,False
HC1_TGGTATCGGTCTGTAT-1,BLIND_SECTION_01,True
HC1_TGGTCCCACGCTACGG-1,BLIND_SECTION_01,True
HC1_TGGTCTGTTGGGCGTA-1,BLIND_SECTION_01,True
HC1_TGTAATGACCACAATA-1,BLIND_SECTION_01,True
HC1_TGTACTGTGCCAAAGT-1,BLIND_SECTION_01,False
HC1_TGTAGTGATCTATAAT-1,BLIND_SECTION_01,False
HC1_TGTATAACAGATCCTG-1,BLIND_SECTION_01,False
HC1_TGTATCCTTATTCCAT-1,BLIND_SECTION_01,False
HC1_TGTCCTAAGTCACCGC-1,BLIND_SECTION_01,False
HC1_TGTGACTACGCCAGTC-1,BLIND_SECTION_01,True
HC1_TGTGAGACTAGCCCAA-1,BLIND_SECTION_01,False
HC1_TGTGCCGGTGCCGGAA-1,BLIND_SECTION_01,True
HC1_TGTGCTTTACGTAAGA-1,BLIND_SECTION_01,True
HC1_TGTGGCAAAGCGTATG-1,BLIND_SECTION_01,True
HC1_TGTGTCGCGAGTTGCA-1,BLIND_SECTION_01,True
HC1_TGTGTTCGTATCCAAG-1,BLIND_SECTION_01,False
HC1_TGTTCATAAATGTGCT-1,BLIND_SECTION_01,True
HC1_TGTTCGTATTGCGGTG-1,BLIND_SECTION_01,False
HC1_TGTTCTTCCATTGACT-1,BLIND_SECTION_01,False
HC1_TGTTTAATACTTCATC-1,BLIND_SECTION_01,False
HC1_TTAAGATAGGATTGAC-1,BLIND_SECTION_01,False
HC1_TTAAGCGCCTGACCCA-1,BLIND_SECTION_01,False
HC1_TTAAGGATACGGAGGT-1,BLIND_SECTION_01,True
HC1_TTAATCAGTACGTCAG-1,BLIND_SECTION_01,False
HC1_TTAATGTAGACCAGGT-1,BLIND_SECTION_01,False
HC1_TTACAACTACGCATCC-1,BLIND_SECTION_01,True
HC1_TTACATGCCACAACTA-1,BLIND_SECTION_01,False
HC1_TTACCATTGATTACCC-1,BLIND_SECTION_01,False
HC1_TTACCCATTGCCGGGT-1,BLIND_SECTION_01,True
HC1_TTACCCTAGGGATTGG-1,BLIND_SECTION_01,True
HC1_TTACTAAAGGACTTTA-1,BLIND_SECTION_01,True
HC1_TTACTATCGGCTTCTC-1,BLIND_SECTION_01,True
HC1_TTACTCCGGCCGGGAA-1,BLIND_SECTION_01,True
HC1_TTACTGGGATATTTCA-1,BLIND_SECTION_01,False
HC1_TTAGAAGAACATGACT-1,BLIND_SECTION_01,False
HC1_TTAGACACGATCGTTG-1,BLIND_SECTION_01,True
HC1_TTAGACGAGTCACCTC-1,BLIND_SECTION_01,False
HC1_TTAGAGTTTAGAAGGA-1,BLIND_SECTION_01,False
HC1_TTAGCAACATGGATGT-1,BLIND_SECTION_01,True
HC1_TTAGCTCTGTAATCCG-1,BLIND_SECTION_01,False
HC1_TTAGTTATTCGTGGCA-1,BLIND_SECTION_01,False
HC1_TTATAGATGCACATTA-1,BLIND_SECTION_01,True
HC1_TTATATACGCTGTCAC-1,BLIND_SECTION_01,False
HC1_TTATATTTGGCAATCC-1,BLIND_SECTION_01,True
HC1_TTATCCAATCGAACTC-1,BLIND_SECTION_01,True
HC1_TTATCCGGGATCTATA-1,BLIND_SECTION_01,False
HC1_TTATTAGAGCGTGTTC-1,BLIND_SECTION_01,False
HC1_TTCAAAGTCTCTAGCC-1,BLIND_SECTION_01,True
HC1_TTCAAGCCGAGCTGAG-1,BLIND_SECTION_01,False
HC1_TTCAATACTCTGAATC-1,BLIND_SECTION_01,False
HC1_TTCAATTAGCCATAAT-1,BLIND_SECTION_01,False
HC1_TTCAGCCCTGGTCCAC-1,BLIND_SECTION_01,True
HC1_TTCAGTTTGTGGCAGC-1,BLIND_SECTION_01,True
HC1_TTCATGGCGCAACAGG-1,BLIND_SECTION_01,True
HC1_TTCCAATCTGGCTATC-1,BLIND_SECTION_01,False
HC1_TTCCACACAGATTTGA-1,BLIND_SECTION_01,False
HC1_TTCCGCGTGAGGCGAT-1,BLIND_SECTION_01,True
HC1_TTCCTCGGACTAACCA-1,BLIND_SECTION_01,True
HC1_TTCCTCTGCCCGAATA-1,BLIND_SECTION_01,True
HC1_TTCGCACTGTACGACA-1,BLIND_SECTION_01,True
HC1_TTCGCGCGCCATACGA-1,BLIND_SECTION_01,True
HC1_TTCGGCAACCCGCTGA-1,BLIND_SECTION_01,True
HC1_TTCGGCTAGAGATGGT-1,BLIND_SECTION_01,False
HC1_TTCGGGCGCTAGTCTT-1,BLIND_SECTION_01,True
HC1_TTCGTAATCCCAGCGG-1,BLIND_SECTION_01,False
HC1_TTCGTACTCCAGAACG-1,BLIND_SECTION_01,True
HC1_TTCTAACCGAAGCTTA-1,BLIND_SECTION_01,True
HC1_TTCTACCTTTATGTTG-1,BLIND_SECTION_01,False
HC1_TTCTACTTGCGAGGGC-1,BLIND_SECTION_01,True
HC1_TTCTGACCGGGCTCAA-1,BLIND_SECTION_01,False
HC1_TTCTGCCGCGCCTAGA-1,BLIND_SECTION_01,True
HC1_TTCTGCGAGCGCCCTT-1,BLIND_SECTION_01,False
HC1_TTCTGTTTCCTGTCGC-1,BLIND_SECTION_01,True
HC1_TTCTTATCCGCTGGGT-1,BLIND_SECTION_01,True
HC1_TTCTTCCCTTTGATAT-1,BLIND_SECTION_01,False
HC1_TTCTTCGCAATAGAGC-1,BLIND_SECTION_01,True
HC1_TTCTTGGAGTAATGAG-1,BLIND_SECTION_01,True
HC1_TTCTTGTAACCTAATG-1,BLIND_SECTION_01,True
HC1_TTCTTGTGTCCATCAG-1,BLIND_SECTION_01,True
HC1_TTGAACGAATCCTTTG-1,BLIND_SECTION_01,True
HC1_TTGAATATGGACTTTC-1,BLIND_SECTION_01,True
HC1_TTGACATGAACGTGGA-1,BLIND_SECTION_01,True
HC1_TTGACCATGTTCTCCG-1,BLIND_SECTION_01,False
HC1_TTGACGCTCCATGAGC-1,BLIND_SECTION_01,False
HC1_TTGACTACCATATGGT-1,BLIND_SECTION_01,True
HC1_TTGACTATTGTCCGGC-1,BLIND_SECTION_01,False
HC1_TTGCCCTGATCACGGG-1,BLIND_SECTION_01,True
HC1_TTGCGGCGACTCATGC-1,BLIND_SECTION_01,True
HC1_TTGCGTAGTTTGAGGA-1,BLIND_SECTION_01,False
HC1_TTGCGTCGGCCAACCG-1,BLIND_SECTION_01,False
HC1_TTGCTCCCATACCGGA-1,BLIND_SECTION_01,True
HC1_TTGCTGCACCTATCCA-1,BLIND_SECTION_01,False
HC1_TTGCTGGCCGGGCTTC-1,BLIND_SECTION_01,False
HC1_TTGGACCATCTGGCAA-1,BLIND_SECTION_01,False
HC1_TTGGAGTCTCCCTTCT-1,BLIND_SECTION_01,False
HC1_TTGGATATCGTCTACG-1,BLIND_SECTION_01,False
HC1_TTGGATCGACTTCTGG-1,BLIND_SECTION_01,False
HC1_TTGGCCTAGAATTTCG-1,BLIND_SECTION_01,False
HC1_TTGGCTCGCATGAGAC-1,BLIND_SECTION_01,False
HC1_TTGGGACACTGCCCGC-1,BLIND_SECTION_01,False
HC1_TTGGTCACACTCGTAA-1,BLIND_SECTION_01,False
HC1_TTGTAAGGACCTAAGT-1,BLIND_SECTION_01,True
HC1_TTGTAAGGCCAGTTGG-1,BLIND_SECTION_01,False
HC1_TTGTGCAGCCACGTCA-1,BLIND_SECTION_01,False
HC1_TTGTGTATGCCACCAA-1,BLIND_SECTION_01,False
HC1_TTGTGTTTCCCGAAAG-1,BLIND_SECTION_01,False
HC1_TTGTTCAGTGTGCTAC-1,BLIND_SECTION_01,True
HC1_TTGTTGTGTGTCAAGA-1,BLIND_SECTION_01,False
HC1_TTGTTTCACATCCAGG-1,BLIND_SECTION_01,True
HC1_TTGTTTCCATACAACT-1,BLIND_SECTION_01,False
HC1_TTGTTTGTGTAAATTC-1,BLIND_SECTION_01,False
HC2_AAACAAGTATCTCCCA-1,BLIND_SECTION_02,False
HC2_AAACCCGAACGAAATC-1,BLIND_SECTION_02,True
HC2_AAACCGGGTAGGTACC-1,BLIND_SECTION_02,False
HC2_AAACGAAGAACATACC-1,BLIND_SECTION_02,True
HC2_AAACGCCCGAGATCGG-1,BLIND_SECTION_02,False
HC2_AAACGGGCGTACGGGT-1,BLIND_SECTION_02,False
HC2_AAACGGTTGCGAACTG-1,BLIND_SECTION_02,False
HC2_AAACTAACGTGGCGAC-1,BLIND_SECTION_02,False
HC2_AAACTGCTGGCTCCAA-1,BLIND_SECTION_02,True
HC2_AAAGGGATGTAGCAAG-1,BLIND_SECTION_02,False
HC2_AAAGGTAAGCTGTACC-1,BLIND_SECTION_02,False
HC2_AAAGGTCAACGACATG-1,BLIND_SECTION_02,False
HC2_AAAGTGCCATCAATTA-1,BLIND_SECTION_02,True
HC2_AAATACCTATAAGCAT-1,BLIND_SECTION_02,False
HC2_AAATAGCTTAGACTTT-1,BLIND_SECTION_02,True
HC2_AAATAGGGTGCTATTG-1,BLIND_SECTION_02,False
HC2_AAATCCGATACACGCC-1,BLIND_SECTION_02,False
HC2_AAATCGTGTACCACAA-1,BLIND_SECTION_02,False
HC2_AAATCTAGCCCTGCTA-1,BLIND_SECTION_02,True
HC2_AAATGACTGATCAAAC-1,BLIND_SECTION_02,False
HC2_AAATTACCTATCGATG-1,BLIND_SECTION_02,True
HC2_AAATTTGCGGGTGTGG-1,BLIND_SECTION_02,True
HC2_AACAATTACTCTACGC-1,BLIND_SECTION_02,False
HC2_AACACACGCTCGCCGC-1,BLIND_SECTION_02,True
HC2_AACACGAGACGCGGCC-1,BLIND_SECTION_02,False
HC2_AACAGGATGGGCCGCG-1,BLIND_SECTION_02,False
HC2_AACAGGTAGTATGGAT-1,BLIND_SECTION_02,True
HC2_AACATATCAACTGGTG-1,BLIND_SECTION_02,False
HC2_AACCATGGGATCGCTA-1,BLIND_SECTION_02,True
HC2_AACCCAGAGACGGAGA-1,BLIND_SECTION_02,False
HC2_AACCCGAGCAGAATCG-1,BLIND_SECTION_02,False
HC2_AACCCGCTGTATTCCA-1,BLIND_SECTION_02,False
HC2_AACCCTACTGTCAATA-1,BLIND_SECTION_02,True
HC2_AACCCTGGTGGAACCA-1,BLIND_SECTION_02,True
HC2_AACGATAGAAGGGCCG-1,BLIND_SECTION_02,True
HC2_AACGTCAGACTAGTGG-1,BLIND_SECTION_02,False
HC2_AACGTCATCCGGCTTG-1,BLIND_SECTION_02,False
HC2_AACTACCCGTTTGTCA-1,BLIND_SECTION_02,True
HC2_AACTCTCAATAGAGCG-1,BLIND_SECTION_02,False
HC2_AACTGAGGTCAGCGTC-1,BLIND_SECTION_02,False
HC2_AACTGAGTTATACTGA-1,BLIND_SECTION_02,False
HC2_AACTTGCCCGTATGCA-1,BLIND_SECTION_02,False
HC2_AAGACTGCAAGCTACT-1,BLIND_SECTION_02,True
HC2_AAGAGATGAATCGGTA-1,BLIND_SECTION_02,True
HC2_AAGAGGATGTACGCGA-1,BLIND_SECTION_02,False
HC2_AAGCCGAAGCGGTTTA-1,BLIND_SECTION_02,False
HC2_AAGCCGGAGAGCAGGA-1,BLIND_SECTION_02,False
HC2_AAGCGGCGTCATGGGT-1,BLIND_SECTION_02,False
HC2_AAGGAGCGGTTGGTGC-1,BLIND_SECTION_02,True
HC2_AAGGCAGGCTGTCTCC-1,BLIND_SECTION_02,True
HC2_AAGGCGCGTAAAGCTT-1,BLIND_SECTION_02,False
HC2_AAGGGACAGATTCTGT-1,BLIND_SECTION_02,False
HC2_AAGTAGAAGACCGGGT-1,BLIND_SECTION_02,False
HC2_AAGTAGTGACGCGAGG-1,BLIND_SECTION_02,False
HC2_AAGTGACGACCGAATT-1,BLIND_SECTION_02,False
HC2_AAGTGCGTTAGAATCT-1,BLIND_SECTION_02,True
HC2_AAGTGTTTGGAGACGG-1,BLIND_SECTION_02,False
HC2_AAGTTCGGCCAACAGG-1,BLIND_SECTION_02,True
HC2_AATAACAACGCTCGGC-1,BLIND_SECTION_02,False
HC2_AATACAATGTTTCAGG-1,BLIND_SECTION_02,True
HC2_AATAGCAAGCCTCCTG-1,BLIND_SECTION_02,False
HC2_AATATCGAATCAATGC-1,BLIND_SECTION_02,True
HC2_AATATCGAGGGTTCTC-1,BLIND_SECTION_02,True
HC2_AATCATGTAAAGACTC-1,BLIND_SECTION_02,False
HC2_AATCCAAGGGCCTGAG-1,BLIND_SECTION_02,False
HC2_AATCCCGCTCAGAGCC-1,BLIND_SECTION_02,True
HC2_AATCGCGCAGAGGACT-1,BLIND_SECTION_02,True
HC2_AATCGTGAGCCGAGCA-1,BLIND_SECTION_02,False
HC2_AATCTGCGTTGGGACG-1,BLIND_SECTION_02,False
HC2_AATGACAGCAATGTCT-1,BLIND_SECTION_02,False
HC2_AATGACGTAGGATGTC-1,BLIND_SECTION_02,False
HC2_AATGACTGTCAGCCGG-1,BLIND_SECTION_02,False
HC2_AATGATGCGACTCCTG-1,BLIND_SECTION_02,True
HC2_AATGCAACCGGGTACC-1,BLIND_SECTION_02,False
HC2_AATGGTTCTCACAAGC-1,BLIND_SECTION_02,False
HC2_AATTGCAGCAATCGAC-1,BLIND_SECTION_02,False
HC2_AATTGTGGTTGCCAAA-1,BLIND_SECTION_02,False
HC2_ACAAAGCATGACCTAG-1,BLIND_SECTION_02,False
HC2_ACAAATTCAGATCTGA-1,BLIND_SECTION_02,True
HC2_ACAAGCAGTGCCTAGC-1,BLIND_SECTION_02,True
HC2_ACAAGGAAATCCGCCC-1,BLIND_SECTION_02,False
HC2_ACAAGGCCTACCAGCC-1,BLIND_SECTION_02,False
HC2_ACAAGGGCAGGCTCTG-1,BLIND_SECTION_02,False
HC2_ACAATCCATTTAAACC-1,BLIND_SECTION_02,False
HC2_ACAATGATTCTTCTAC-1,BLIND_SECTION_02,False
HC2_ACAATTGTGTCTCTTT-1,BLIND_SECTION_02,True
HC2_ACACAAAGACGGGTGG-1,BLIND_SECTION_02,False
HC2_ACACCCAGCATGCAGC-1,BLIND_SECTION_02,False
HC2_ACACCCGAGAAATCCG-1,BLIND_SECTION_02,False
HC2_ACACCTTAAGTAGGGC-1,BLIND_SECTION_02,False
HC2_ACACCTTACTACTTGC-1,BLIND_SECTION_02,True
HC2_ACACGTAGGCCACAAG-1,BLIND_SECTION_02,True
HC2_ACAGATTAGGTTAGTG-1,BLIND_SECTION_02,True
HC2_ACAGGCACGGATCCTT-1,BLIND_SECTION_02,False
HC2_ACAGGCTTGCCCGACT-1,BLIND_SECTION_02,False
HC2_ACATCGATCGTTTACC-1,BLIND_SECTION_02,False
HC2_ACATCGGTCAGCCGCG-1,BLIND_SECTION_02,False
HC2_ACCAACCGCACTCCAC-1,BLIND_SECTION_02,False
HC2_ACCAAGAACGCGTGTC-1,BLIND_SECTION_02,False
HC2_ACCACCAATGTAACAA-1,BLIND_SECTION_02,True
HC2_ACCACGTGCAGCTATA-1,BLIND_SECTION_02,False
HC2_ACCAGTGCCCGGTCAA-1,BLIND_SECTION_02,False
HC2_ACCCAACGCCCGTGGC-1,BLIND_SECTION_02,True
HC2_ACCCATCTTGAGGGTA-1,BLIND_SECTION_02,True
HC2_ACCCGGAGCACCACAA-1,BLIND_SECTION_02,True
HC2_ACCCGGATGACGCATC-1,BLIND_SECTION_02,False
HC2_ACCCGTAGTCTAGTTG-1,BLIND_SECTION_02,False
HC2_ACCCTCCCGTCAGGGC-1,BLIND_SECTION_02,True
HC2_ACCGAAAGGGCCCTGC-1,BLIND_SECTION_02,False
HC2_ACCGATAGGCATAACC-1,BLIND_SECTION_02,False
HC2_ACCGATGGTAGCATCG-1,BLIND_SECTION_02,True
HC2_ACCGCAATAACTGCCT-1,BLIND_SECTION_02,False
HC2_ACCGGGCCTTTGTTGA-1,BLIND_SECTION_02,False
HC2_ACCGGTCTGAGTACGG-1,BLIND_SECTION_02,False
HC2_ACCGTTCCCGCTCTGA-1,BLIND_SECTION_02,False
HC2_ACCTAATCGACTTCCT-1,BLIND_SECTION_02,True
HC2_ACCTACAGTATGTGGT-1,BLIND_SECTION_02,False
HC2_ACCTACTATAAATCTA-1,BLIND_SECTION_02,False
HC2_ACCTCCGCCCTCGCTG-1,BLIND_SECTION_02,True
HC2_ACGACCCATGAGTTGC-1,BLIND_SECTION_02,True
HC2_ACGACTCTAGGGCCGA-1,BLIND_SECTION_02,False
HC2_ACGAGTACGGATGCCC-1,BLIND_SECTION_02,False
HC2_ACGATCATACATAGAG-1,BLIND_SECTION_02,True
HC2_ACGATCATCTTGTAAA-1,BLIND_SECTION_02,False
HC2_ACGCATAAATGACATG-1,BLIND_SECTION_02,False
HC2_ACGCATACGTTTACTA-1,BLIND_SECTION_02,False
HC2_ACGCCGCTAGACGACC-1,BLIND_SECTION_02,False
HC2_ACGCGCTACACAGGGT-1,BLIND_SECTION_02,False
HC2_ACGCTAGTGATACACT-1,BLIND_SECTION_02,False
HC2_ACGGAATTTAGCAAAT-1,BLIND_SECTION_02,False
HC2_ACGGGAGTGTCGGCCC-1,BLIND_SECTION_02,False
HC2_ACGGTACAGTTCAATG-1,BLIND_SECTION_02,False
HC2_ACGTATTACTCCGATC-1,BLIND_SECTION_02,True
HC2_ACGTTAATGTCGAAGA-1,BLIND_SECTION_02,False
HC2_ACGTTAGATTTGCCCG-1,BLIND_SECTION_02,True
HC2_ACGTTCCGCGCTCCGT-1,BLIND_SECTION_02,False
HC2_ACGTTCTGTACAAGTC-1,BLIND_SECTION_02,False
HC2_ACTAATACGTCAGGCG-1,BLIND_SECTION_02,True
HC2_ACTACCAGCTCTCTGG-1,BLIND_SECTION_02,True
HC2_ACTAGTTGCGATCGTC-1,BLIND_SECTION_02,True
HC2_ACTATATGCTGTGTTC-1,BLIND_SECTION_02,False
HC2_ACTATCTGCCCGCGTA-1,BLIND_SECTION_02,True
HC2_ACTCCCGAATTCGTTT-1,BLIND_SECTION_02,False
HC2_ACTCCCTAGAATAGTA-1,BLIND_SECTION_02,False
HC2_ACTCGCGATCTGACGC-1,BLIND_SECTION_02,False
HC2_ACTCGTAACCCGTCCT-1,BLIND_SECTION_02,True
HC2_ACTCTCTGACTTAGGT-1,BLIND_SECTION_02,True
HC2_ACTCTGACCTAATAGA-1,BLIND_SECTION_02,False
HC2_ACTCTTCAGCTCCCGC-1,BLIND_SECTION_02,True
HC2_ACTGGGATGCCAGTGC-1,BLIND_SECTION_02,False
HC2_ACTGTATACGCGAGCA-1,BLIND_SECTION_02,False
HC2_ACTGTGCTAGTAGATC-1,BLIND_SECTION_02,True
HC2_ACTTAGTACGACAAGA-1,BLIND_SECTION_02,False
HC2_ACTTATACTTACCCGG-1,BLIND_SECTION_02,True
HC2_ACTTCAGGCTGATCCC-1,BLIND_SECTION_02,False
HC2_ACTTCGCTAGCGAGTG-1,BLIND_SECTION_02,True
HC2_ACTTGACTCCCTCTTT-1,BLIND_SECTION_02,False
HC2_ACTTGTGGATGGAACG-1,BLIND_SECTION_02,True
HC2_ACTTGTTACCGGATCA-1,BLIND_SECTION_02,False
HC2_ACTTTACCCTCATGAA-1,BLIND_SECTION_02,True
HC2_AGAAATTATGACTCGC-1,BLIND_SECTION_02,True
HC2_AGAAGTGATTCGTGAT-1,BLIND_SECTION_02,False
HC2_AGAATGCGGGTTCGGA-1,BLIND_SECTION_02,True
HC2_AGAATTATGGATTCGA-1,BLIND_SECTION_02,False
HC2_AGACCCGCCCTCCTCG-1,BLIND_SECTION_02,True
HC2_AGACCGCTCCGCGGTT-1,BLIND_SECTION_02,True
HC2_AGACGAAGTGCCGGTC-1,BLIND_SECTION_02,True
HC2_AGACGCCCACTTCGCC-1,BLIND_SECTION_02,True
HC2_AGACGGGCCGATTTAA-1,BLIND_SECTION_02,True
HC2_AGAGCAGTTATGAGAC-1,BLIND_SECTION_02,False
HC2_AGAGCCGCCGAGATTT-1,BLIND_SECTION_02,False
HC2_AGAGGCTTCGGAAACC-1,BLIND_SECTION_02,False
HC2_AGAGTAAACTTCACTA-1,BLIND_SECTION_02,True
HC2_AGAGTTAGAGACCGAT-1,BLIND_SECTION_02,True
HC2_AGATACCGGTGTTCAC-1,BLIND_SECTION_02,False
HC2_AGATACGACTTCATAT-1,BLIND_SECTION_02,False
HC2_AGATGACTCGCCCACG-1,BLIND_SECTION_02,True
HC2_AGATGAGGGTTGCGAT-1,BLIND_SECTION_02,True
HC2_AGATGATGGAGTCTGG-1,BLIND_SECTION_02,False
HC2_AGATTCAAGCGGGTCG-1,BLIND_SECTION_02,False
HC2_AGCAACATATCTTATT-1,BLIND_SECTION_02,True
HC2_AGCACACGTTTAGACT-1,BLIND_SECTION_02,True
HC2_AGCACTACCTCACCAG-1,BLIND_SECTION_02,False
HC2_AGCACTTAAGGACGCC-1,BLIND_SECTION_02,False
HC2_AGCATATCAATATGCT-1,BLIND_SECTION_02,True
HC2_AGCATCGTCGATAATT-1,BLIND_SECTION_02,False
HC2_AGCCACAGGTTACCCG-1,BLIND_SECTION_02,False
HC2_AGCCCATACATGTAAG-1,BLIND_SECTION_02,False
HC2_AGCGACCAACGATATT-1,BLIND_SECTION_02,True
HC2_AGCGCTTATGGGCAAG-1,BLIND_SECTION_02,True
HC2_AGCGGGAAGGGTCCAT-1,BLIND_SECTION_02,False
HC2_AGCGTGGTATTCTACT-1,BLIND_SECTION_02,False
HC2_AGCTCCATATATGTTC-1,BLIND_SECTION_02,True
HC2_AGCTCCTTCGCACATC-1,BLIND_SECTION_02,False
HC2_AGCTGCATTTGAGGTG-1,BLIND_SECTION_02,False
HC2_AGCTGCTGTGCCGAAT-1,BLIND_SECTION_02,False
HC2_AGCTTCTTCTCGAGCA-1,BLIND_SECTION_02,False
HC2_AGGAACGAACGACTTC-1,BLIND_SECTION_02,False
HC2_AGGACATCGCACGTCG-1,BLIND_SECTION_02,False
HC2_AGGACATCGGCACACT-1,BLIND_SECTION_02,False
HC2_AGGAGGCCTTCGCGCG-1,BLIND_SECTION_02,False
HC2_AGGATATCCGACTGCA-1,BLIND_SECTION_02,False
HC2_AGGCATTGTCGTAGGG-1,BLIND_SECTION_02,False
HC2_AGGCCACATTGGTTAC-1,BLIND_SECTION_02,False
HC2_AGGCCCATTGTACAGG-1,BLIND_SECTION_02,True
HC2_AGGCCCTAGAACGCCA-1,BLIND_SECTION_02,True
HC2_AGGCCTGAGAATCTCG-1,BLIND_SECTION_02,False
HC2_AGGCGATAACTGGCGT-1,BLIND_SECTION_02,True
HC2_AGGGCCCTAATGTTCT-1,BLIND_SECTION_02,False
HC2_AGGGCGTGATCGGCTA-1,BLIND_SECTION_02,False
HC2_AGGGTCGATGCGAACT-1,BLIND_SECTION_02,False
HC2_AGGGTCTGGACGCAGT-1,BLIND_SECTION_02,False
HC2_AGGGTGCTCTCGAGGG-1,BLIND_SECTION_02,False
HC2_AGGGTTCCCTTTGGTT-1,BLIND_SECTION_02,False
HC2_AGGTAACCTCCTATTC-1,BLIND_SECTION_02,False
HC2_AGGTAGGTACAAAGCT-1,BLIND_SECTION_02,False
HC2_AGGTATAATTGATAGT-1,BLIND_SECTION_02,True
HC2_AGGTATGCGGACATTA-1,BLIND_SECTION_02,True
HC2_AGGTCAGGTGAGAGTG-1,BLIND_SECTION_02,False
HC2_AGGTCGCCTCCCAACA-1,BLIND_SECTION_02,True
HC2_AGGTCGCGGAGTTACT-1,BLIND_SECTION_02,True
HC2_AGGTGTTGCCGACCAC-1,BLIND_SECTION_02,False
HC2_AGGTTACACCATGCCG-1,BLIND_SECTION_02,True
HC2_AGGTTTCACACACCTT-1,BLIND_SECTION_02,True
HC2_AGTACATCATTTATCA-1,BLIND_SECTION_02,True
HC2_AGTACCTTCGAGTGCT-1,BLIND_SECTION_02,False
HC2_AGTAGCTAGACGCCGA-1,BLIND_SECTION_02,False
HC2_AGTCAGCCACCGCCTG-1,BLIND_SECTION_02,True
HC2_AGTCCATTGGCTGATG-1,BLIND_SECTION_02,True
HC2_AGTCGACGGTCTCAAG-1,BLIND_SECTION_02,True
HC2_AGTCGGCCCAAACGAC-1,BLIND_SECTION_02,True
HC2_AGTCGGCTCAACTTTA-1,BLIND_SECTION_02,True
HC2_AGTCGGTTGCGTGAGA-1,BLIND_SECTION_02,True
HC2_AGTCTAAAGTATACTC-1,BLIND_SECTION_02,True
HC2_AGTGACCTACTTTACG-1,BLIND_SECTION_02,False
HC2_AGTGAGACTTCCAGTA-1,BLIND_SECTION_02,True
HC2_AGTGAGCCTCGCCGCC-1,BLIND_SECTION_02,False
HC2_AGTGATATGAGTAGTT-1,BLIND_SECTION_02,False
HC2_AGTGATTCAAGCAGGA-1,BLIND_SECTION_02,True
HC2_AGTGCACGCTTAAGAA-1,BLIND_SECTION_02,False
HC2_AGTGCTAAACACAGCA-1,BLIND_SECTION_02,False
HC2_AGTTCCTATTTATGTT-1,BLIND_SECTION_02,True
HC2_AGTTTGGCACGGGTTG-1,BLIND_SECTION_02,False
HC2_AGTTTGGCCAGACCTA-1,BLIND_SECTION_02,False
HC2_ATAAACGTTGCACCAC-1,BLIND_SECTION_02,True
HC2_ATAACGTTACCTCCAC-1,BLIND_SECTION_02,True
HC2_ATAAGTACCCGATTGT-1,BLIND_SECTION_02,False
HC2_ATAAGTAGGATTCAGA-1,BLIND_SECTION_02,True
HC2_ATAATAGCTGTTGAAT-1,BLIND_SECTION_02,False
HC2_ATAATAGTGTAGGGAC-1,BLIND_SECTION_02,False
HC2_ATACCACGGGCAACTT-1,BLIND_SECTION_02,False
HC2_ATACCAGGCTAATAGA-1,BLIND_SECTION_02,True
HC2_ATACGAAGGCTTTCCA-1,BLIND_SECTION_02,True
HC2_ATACGAGGTTTGTAAG-1,BLIND_SECTION_02,False
HC2_ATACTACCCGTACCAC-1,BLIND_SECTION_02,True
HC2_ATACTAGCATGACCCT-1,BLIND_SECTION_02,True
HC2_ATAGACAACGGGACCT-1,BLIND_SECTION_02,True
HC2_ATAGAGTACTGGGACA-1,BLIND_SECTION_02,True
HC2_ATAGAGTTATCAACTT-1,BLIND_SECTION_02,True
HC2_ATAGCAACTAGGGAAG-1,BLIND_SECTION_02,False
HC2_ATAGGAATCTAAGCTT-1,BLIND_SECTION_02,True
HC2_ATAGGCGGCTATAGAA-1,BLIND_SECTION_02,False
HC2_ATAGTCTTTGACGTGC-1,BLIND_SECTION_02,False
HC2_ATAGTGAAGCGTTCTC-1,BLIND_SECTION_02,False
HC2_ATAGTTCCACCCACTC-1,BLIND_SECTION_02,False
HC2_ATATAACACGGGCGCA-1,BLIND_SECTION_02,False
HC2_ATATCAACCTACAGAG-1,BLIND_SECTION_02,True
HC2_ATATGGGATAGCAACT-1,BLIND_SECTION_02,False
HC2_ATATGTCTCCCTAGCC-1,BLIND_SECTION_02,False
HC2_ATATTCCACATAGTGA-1,BLIND_SECTION_02,False
HC2_ATATTGCTGTCAAAGT-1,BLIND_SECTION_02,False
HC2_ATATTGGAGAGGCCTT-1,BLIND_SECTION_02,True
HC2_ATCAAACACTGTTCCA-1,BLIND_SECTION_02,True
HC2_ATCAAAGAGCCGTGGT-1,BLIND_SECTION_02,False
HC2_ATCAAGATCCCAGGAC-1,BLIND_SECTION_02,False
HC2_ATCACGTGCTAATTAA-1,BLIND_SECTION_02,True
HC2_ATCAGGTAGCTGACAG-1,BLIND_SECTION_02,True
HC2_ATCAGGTCGCCATTGC-1,BLIND_SECTION_02,False
HC2_ATCATCCAATATTTGT-1,BLIND_SECTION_02,True
HC2_ATCATGGACTACCGAC-1,BLIND_SECTION_02,True
HC2_ATCCAATGGAGGGTCC-1,BLIND_SECTION_02,False
HC2_ATCCACTTTCAGACTA-1,BLIND_SECTION_02,True
HC2_ATCCGGACCAGCCTGA-1,BLIND_SECTION_02,False
HC2_ATCCTTCTGAAAGAAC-1,BLIND_SECTION_02,False
HC2_ATCGACCCAATACAGA-1,BLIND_SECTION_02,False
HC2_ATCGACTCTTTCCGTT-1,BLIND_SECTION_02,False
HC2_ATCGCACGCCGGGAGA-1,BLIND_SECTION_02,True
HC2_ATCGCTTTACGTCTCA-1,BLIND_SECTION_02,True
HC2_ATCGGAGACAGACGGC-1,BLIND_SECTION_02,False
HC2_ATCTCATAAACCTACC-1,BLIND_SECTION_02,False
HC2_ATCTCGTGAGCGAAAC-1,BLIND_SECTION_02,True
HC2_ATCTGCACCTCTGCGA-1,BLIND_SECTION_02,False
HC2_ATCTGCTGTTATCGCC-1,BLIND_SECTION_02,False
HC2_ATCTTGACCTGCAACG-1,BLIND_SECTION_02,True
HC2_ATCTTGACTTGTCCAA-1,BLIND_SECTION_02,True
HC2_ATGAAGCCAAGGAGCC-1,BLIND_SECTION_02,False
HC2_ATGACGCCGGCTCTAA-1,BLIND_SECTION_02,False
HC2_ATGATCGGGAATAGAC-1,BLIND_SECTION_02,True
HC2_ATGCACTACCGCATTG-1,BLIND_SECTION_02,True
HC2_ATGCCGGTTGATGGGA-1,BLIND_SECTION_02,True
HC2_ATGCGACAATTGGTCC-1,BLIND_SECTION_02,True
HC2_ATGCGAGTCCCACCAC-1,BLIND_SECTION_02,True
HC2_ATGCTTAGGAGTTGAT-1,BLIND_SECTION_02,True
HC2_ATGGAACAGAATAAAC-1,BLIND_SECTION_02,False
HC2_ATGGAGCAGGCCGTGA-1,BLIND_SECTION_02,True
HC2_ATGGATTGACCAAACG-1,BLIND_SECTION_02,True
HC2_ATGGCGGAATAGTCGC-1,BLIND_SECTION_02,True
HC2_ATGGTATTGGGAACCG-1,BLIND_SECTION_02,True
HC2_ATGGTTACGAAACATG-1,BLIND_SECTION_02,True
HC2_ATGTAAGGCTGCTCTT-1,BLIND_SECTION_02,True
HC2_ATGTGAAAGCCTAATG-1,BLIND_SECTION_02,False
HC2_ATGTGCATCCGACGCA-1,BLIND_SECTION_02,False
HC2_ATGTGGACATCTTGAT-1,BLIND_SECTION_02,True
HC2_ATGTTACGAGCAATAC-1,BLIND_SECTION_02,True
HC2_ATGTTGATTAGAGACT-1,BLIND_SECTION_02,False
HC2_ATGTTTCGGCCCGGAG-1,BLIND_SECTION_02,True
HC2_ATGTTTGTAAGATCAT-1,BLIND_SECTION_02,False
HC2_ATTAAACATGCGGACC-1,BLIND_SECTION_02,False
HC2_ATTACATGTCAGTCTT-1,BLIND_SECTION_02,True
HC2_ATTACCACACTGCCTG-1,BLIND_SECTION_02,True
HC2_ATTACGCGCTGGCAGG-1,BLIND_SECTION_02,False
HC2_ATTACTAGCCTCTTGC-1,BLIND_SECTION_02,False
HC2_ATTAGATTGATAGCGG-1,BLIND_SECTION_02,False
HC2_ATTAGGCGATGCTTTC-1,BLIND_SECTION_02,False
HC2_ATTATGCCATAGGGAG-1,BLIND_SECTION_02,False
HC2_ATTATTCAGAGTCACT-1,BLIND_SECTION_02,False
HC2_ATTCAGATGAATCCCT-1,BLIND_SECTION_02,False
HC2_ATTCAGTAGCAGGGTC-1,BLIND_SECTION_02,True
HC2_ATTCATATACTGTCCA-1,BLIND_SECTION_02,False
HC2_ATTCCCACATAAACAA-1,BLIND_SECTION_02,False
HC2_ATTCCTAAGACGTGGA-1,BLIND_SECTION_02,False
HC2_ATTCCTCCGCCAGTGC-1,BLIND_SECTION_02,False
HC2_ATTCGTGCTATCTCTT-1,BLIND_SECTION_02,True
HC2_ATTGACGTAACTCGGT-1,BLIND_SECTION_02,True
HC2_ATTGATGAGTCCTAAC-1,BLIND_SECTION_02,True
HC2_ATTGCGATCAGTAACT-1,BLIND_SECTION_02,True
HC2_ATTGGATTACAGCGTA-1,BLIND_SECTION_02,True
HC2_ATTGGGAGTTCTGTAA-1,BLIND_SECTION_02,True
HC2_ATTGTACAACTCGGCT-1,BLIND_SECTION_02,True
HC2_ATTGTGACTTCGCTGC-1,BLIND_SECTION_02,False
HC2_ATTTAACTCGTATTAC-1,BLIND_SECTION_02,False
HC2_CAAACCCTCCGGCGGG-1,BLIND_SECTION_02,False
HC2_CAAACTCGCGACGCCG-1,BLIND_SECTION_02,False
HC2_CAAAGGTCATCTGAAA-1,BLIND_SECTION_02,False
HC2_CAAAGGTTAAATTCAG-1,BLIND_SECTION_02,False
HC2_CAAATCTCTCACAAGG-1,BLIND_SECTION_02,False
HC2_CAAATGTCCTTCCGTG-1,BLIND_SECTION_02,False
HC2_CAACACATCTCCTGCC-1,BLIND_SECTION_02,False
HC2_CAACCAGTGGCCTACC-1,BLIND_SECTION_02,False
HC2_CAACGACCCGTTTACA-1,BLIND_SECTION_02,False
HC2_CAACGGTTCTTGATAC-1,BLIND_SECTION_02,False
HC2_CAACGTGGTGGAGTCT-1,BLIND_SECTION_02,True
HC2_CAACTCCTTGATCCCG-1,BLIND_SECTION_02,False
HC2_CAAGAGGGCGGAGTAC-1,BLIND_SECTION_02,False
HC2_CAAGGATCGCATGTTC-1,BLIND_SECTION_02,True
HC2_CAAGGCCAGTGGTGCA-1,BLIND_SECTION_02,False
HC2_CAAGGTCCTATAGGCT-1,BLIND_SECTION_02,False
HC2_CAAGTCGTTGAAATCT-1,BLIND_SECTION_02,False
HC2_CAAGTGAACTTTGGTT-1,BLIND_SECTION_02,False
HC2_CAAGTGTGGTTGCAAA-1,BLIND_SECTION_02,True
HC2_CAATATGTAGATTTAC-1,BLIND_SECTION_02,False
HC2_CAATCCATTATCCGTT-1,BLIND_SECTION_02,False
HC2_CAATGACCCTTAATTT-1,BLIND_SECTION_02,True
HC2_CAATGGTCGGCCTGGG-1,BLIND_SECTION_02,False
HC2_CAATTTCGTATAAGGG-1,BLIND_SECTION_02,True
HC2_CACAAGAAAGATATTA-1,BLIND_SECTION_02,False
HC2_CACAATGAGCTGCTAT-1,BLIND_SECTION_02,False
HC2_CACACACGCTAACGAG-1,BLIND_SECTION_02,True
HC2_CACACAGCTTGCGCTC-1,BLIND_SECTION_02,True
HC2_CACACGCGCTGTCTTA-1,BLIND_SECTION_02,True
HC2_CACACTTGTATTGCGA-1,BLIND_SECTION_02,True
HC2_CACAGCTAGGGAGTGA-1,BLIND_SECTION_02,True
HC2_CACAGTTCGCTTCCCA-1,BLIND_SECTION_02,True
HC2_CACATATTAGCAGGAT-1,BLIND_SECTION_02,False
HC2_CACATGATTCAGCAAC-1,BLIND_SECTION_02,True
HC2_CACCATGATCGCAAAG-1,BLIND_SECTION_02,False
HC2_CACCCAAATCTTATGT-1,BLIND_SECTION_02,True
HC2_CACCCACACGTCACCC-1,BLIND_SECTION_02,False
HC2_CACCCACGAGGCAATT-1,BLIND_SECTION_02,True
HC2_CACCGCCAGAAGGTTT-1,BLIND_SECTION_02,False
HC2_CACCGTATCCCATCCG-1,BLIND_SECTION_02,True
HC2_CACCGTTGCGCGATAT-1,BLIND_SECTION_02,False
HC2_CACGAAAGTTAGTCCC-1,BLIND_SECTION_02,False
HC2_CACGACCACAGACTTT-1,BLIND_SECTION_02,False
HC2_CACGACGTAATAGTAA-1,BLIND_SECTION_02,False
HC2_CACGTCAATCAATGGA-1,BLIND_SECTION_02,True
HC2_CACGTCTATGATGTGG-1,BLIND_SECTION_02,True
HC2_CACTACGGGAGCTGCC-1,BLIND_SECTION_02,True
HC2_CACTCAAGAGCTATGG-1,BLIND_SECTION_02,False
HC2_CACTCGAGCTGAACAA-1,BLIND_SECTION_02,False
HC2_CACTGTCCAAGTGAGA-1,BLIND_SECTION_02,False
HC2_CACTTCGCCACAGGCT-1,BLIND_SECTION_02,False
HC2_CAGAACTTAGCCCTCT-1,BLIND_SECTION_02,False
HC2_CAGAATAACACACGGA-1,BLIND_SECTION_02,True
HC2_CAGAATATTCGTTATC-1,BLIND_SECTION_02,False
HC2_CAGACCTGTAAGTGTT-1,BLIND_SECTION_02,False
HC2_CAGAGCGATGGATGCT-1,BLIND_SECTION_02,False
HC2_CAGAGTGATTTAACGT-1,BLIND_SECTION_02,True
HC2_CAGATAATGGGCGGGT-1,BLIND_SECTION_02,False
HC2_CAGATACTAACATAGT-1,BLIND_SECTION_02,True
HC2_CAGCAGTCCAGACTAT-1,BLIND_SECTION_02,False
HC2_CAGCCTCGATAGCGGT-1,BLIND_SECTION_02,True
HC2_CAGCTCGACAAGTTAA-1,BLIND_SECTION_02,True
HC2_CAGCTCGTGCTTGTGT-1,BLIND_SECTION_02,False
HC2_CAGCTGGCGTAACCGT-1,BLIND_SECTION_02,True
HC2_CAGCTTAGTAGGTAGC-1,BLIND_SECTION_02,True
HC2_CAGGACAGCTGCCCTT-1,BLIND_SECTION_02,True
HC2_CAGGATATATCGTTGT-1,BLIND_SECTION_02,False
HC2_CAGGCGCCATGCTAGG-1,BLIND_SECTION_02,False
HC2_CAGTCTGTATACTGGG-1,BLIND_SECTION_02,False
HC2_CAGTGTCCGCAGAATG-1,BLIND_SECTION_02,False
HC2_CAGTTCCGCGGGTCGA-1,BLIND_SECTION_02,False
HC2_CATAACGGACAGTCGT-1,BLIND_SECTION_02,False
HC2_CATACAAAGCCGAACC-1,BLIND_SECTION_02,False
HC2_CATACGGCGTCTGGGC-1,BLIND_SECTION_02,True
HC2_CATACTTCTTTCTCCG-1,BLIND_SECTION_02,False
HC2_CATAGCCGCCCGGGAT-1,BLIND_SECTION_02,True
HC2_CATAGTAGCATAGTAG-1,BLIND_SECTION_02,False
HC2_CATAGTCAAATACATA-1,BLIND_SECTION_02,False
HC2_CATAGTCCACAAGAAC-1,BLIND_SECTION_02,False
HC2_CATATAGGTACAGTCA-1,BLIND_SECTION_02,False
HC2_CATATGTCAGGCTACG-1,BLIND_SECTION_02,True
HC2_CATCATTACCCTGAGG-1,BLIND_SECTION_02,True
HC2_CATCGCCCGCGGCCAA-1,BLIND_SECTION_02,False
HC2_CATCGGACGGGTTAAT-1,BLIND_SECTION_02,False
HC2_CATCTACCCGAGAACG-1,BLIND_SECTION_02,False
HC2_CATCTTACACCACCTC-1,BLIND_SECTION_02,False
HC2_CATGAACCGACATTTG-1,BLIND_SECTION_02,False
HC2_CATGCCAACTCGCAAA-1,BLIND_SECTION_02,False
HC2_CATGCGACCAGTTTAA-1,BLIND_SECTION_02,True
HC2_CATGGAAATGGGACCA-1,BLIND_SECTION_02,True
HC2_CATGGATTGTCTTCCG-1,BLIND_SECTION_02,True
HC2_CATGGCAGGAAGATCG-1,BLIND_SECTION_02,False
HC2_CATGGTAAGTAGCGTT-1,BLIND_SECTION_02,False
HC2_CATGTAGGAGCGCCAA-1,BLIND_SECTION_02,True
HC2_CATTATGCTTGTTGTG-1,BLIND_SECTION_02,True
HC2_CATTCGTCGTAGCGGT-1,BLIND_SECTION_02,True
HC2_CATTTCTAGCAGACTA-1,BLIND_SECTION_02,False
HC2_CCAAACAGAACCCTCG-1,BLIND_SECTION_02,False
HC2_CCAAATAACAAGATTC-1,BLIND_SECTION_02,True
HC2_CCAACGCTTGCCAGGG-1,BLIND_SECTION_02,False
HC2_CCAACTTGATAGATCC-1,BLIND_SECTION_02,False
HC2_CCAAGACTTCTGCGAA-1,BLIND_SECTION_02,False
HC2_CCAAGGAACAGAGAGG-1,BLIND_SECTION_02,False
HC2_CCAATTGAATGTTAAT-1,BLIND_SECTION_02,False
HC2_CCACCTGTATGGAATA-1,BLIND_SECTION_02,True
HC2_CCACGAATTTAACCTC-1,BLIND_SECTION_02,False
HC2_CCACGGAGCCATAAGA-1,BLIND_SECTION_02,True
HC2_CCACGGTGCCCGGTAG-1,BLIND_SECTION_02,True
HC2_CCACGTAAATTAGACT-1,BLIND_SECTION_02,True
HC2_CCACTGTTTGGATTAA-1,BLIND_SECTION_02,True
HC2_CCAGAAACTGATGCGA-1,BLIND_SECTION_02,False
HC2_CCAGAGACAAAGCCGG-1,BLIND_SECTION_02,False
HC2_CCAGCCTGGACCAATA-1,BLIND_SECTION_02,True
HC2_CCAGCGGGATCACCAG-1,BLIND_SECTION_02,True
HC2_CCAGCTACGCCTCATA-1,BLIND_SECTION_02,True
HC2_CCAGCTCGAACGCATT-1,BLIND_SECTION_02,False
HC2_CCAGGGACGTGGCCTC-1,BLIND_SECTION_02,True
HC2_CCAGTAGTCTGATCCA-1,BLIND_SECTION_02,True
HC2_CCATACCTTTACTTGT-1,BLIND_SECTION_02,True
HC2_CCATATGGAAACTATA-1,BLIND_SECTION_02,True
HC2_CCATCATAAGAACAGG-1,BLIND_SECTION_02,False
HC2_CCATCCATACCAAGTC-1,BLIND_SECTION_02,False
HC2_CCATCTCACCAGTGAA-1,BLIND_SECTION_02,True
HC2_CCATGCTCTGCAGGAA-1,BLIND_SECTION_02,False
HC2_CCCAAACATGCTGCTC-1,BLIND_SECTION_02,True
HC2_CCCAACATACGTCGCG-1,BLIND_SECTION_02,False
HC2_CCCAAGACAGAGTATG-1,BLIND_SECTION_02,False
HC2_CCCAAGTCATTACACT-1,BLIND_SECTION_02,False
HC2_CCCAATTTCACAACTT-1,BLIND_SECTION_02,True
HC2_CCCAGGTCTGAAGGCT-1,BLIND_SECTION_02,False
HC2_CCCGAGTTTCTCCGTA-1,BLIND_SECTION_02,True
HC2_CCCGATAGCCTCGCCT-1,BLIND_SECTION_02,True
HC2_CCCGCAAATAATCATC-1,BLIND_SECTION_02,True
HC2_CCCGCCATGCTCCCGT-1,BLIND_SECTION_02,False
HC2_CCCGCGCAATGCACCC-1,BLIND_SECTION_02,True
HC2_CCCGGTGGAAGAACCT-1,BLIND_SECTION_02,True
HC2_CCCGTAAGTCTAGGCC-1,BLIND_SECTION_02,False
HC2_CCCGTCAGCGTCTGAC-1,BLIND_SECTION_02,False
HC2_CCCGTTTCGCAGATGT-1,BLIND_SECTION_02,True
HC2_CCCTAGCTCTAAGGTC-1,BLIND_SECTION_02,False
HC2_CCCTCATTCTGGAATT-1,BLIND_SECTION_02,False
HC2_CCCTCCTCGCTCGTAT-1,BLIND_SECTION_02,True
HC2_CCGAAAGTGGTGAGCA-1,BLIND_SECTION_02,True
HC2_CCGAACCTTCCCGGCC-1,BLIND_SECTION_02,False
HC2_CCGAAGTATATTGTTC-1,BLIND_SECTION_02,False
HC2_CCGACAATAGGCCGCC-1,BLIND_SECTION_02,True
HC2_CCGACGTAAACACAAC-1,BLIND_SECTION_02,False
HC2_CCGAGAAGTCGCATAA-1,BLIND_SECTION_02,True
HC2_CCGATCTCAACCTTAT-1,BLIND_SECTION_02,True
HC2_CCGATTGGTCAATGAA-1,BLIND_SECTION_02,False
HC2_CCGCACGTGACCTCGG-1,BLIND_SECTION_02,True
HC2_CCGCCTGCGAATTGGT-1,BLIND_SECTION_02,False
HC2_CCGCGGGTACGAAGAA-1,BLIND_SECTION_02,False
HC2_CCGCGTAGGTAAGGGC-1,BLIND_SECTION_02,False
HC2_CCGCTATCAGCACCAG-1,BLIND_SECTION_02,True
HC2_CCGCTCTTCCGAACTA-1,BLIND_SECTION_02,False
HC2_CCGGAAGTTATCAGTC-1,BLIND_SECTION_02,False
HC2_CCGGCACGACCGTTTC-1,BLIND_SECTION_02,False
HC2_CCGGGACCCGCAGAGA-1,BLIND_SECTION_02,True
HC2_CCGGGCTGCTCCATAC-1,BLIND_SECTION_02,True
HC2_CCGGGTTCGAGGTTAC-1,BLIND_SECTION_02,True
HC2_CCGTACCCAAGCGCCA-1,BLIND_SECTION_02,False
HC2_CCGTGCCCATGACGGC-1,BLIND_SECTION_02,True
HC2_CCGTTACGTTAGAACA-1,BLIND_SECTION_02,True
HC2_CCTAAATTAACGGTTC-1,BLIND_SECTION_02,False
HC2_CCTAAATTGTATCCTA-1,BLIND_SECTION_02,True
HC2_CCTACAAGTCCGGAAT-1,BLIND_SECTION_02,False
HC2_CCTACGGCTCAGTCGA-1,BLIND_SECTION_02,False
HC2_CCTACTCAACACGATT-1,BLIND_SECTION_02,False
HC2_CCTACTGCTTACACTT-1,BLIND_SECTION_02,True
HC2_CCTAGGCGTAGCGATC-1,BLIND_SECTION_02,True
HC2_CCTATGTCCACTCCAC-1,BLIND_SECTION_02,False
HC2_CCTCACCAATCTTGAC-1,BLIND_SECTION_02,False
HC2_CCTCACCTGAGGGAGC-1,BLIND_SECTION_02,False
HC2_CCTCACCTTAGCATCG-1,BLIND_SECTION_02,False
HC2_CCTCACGTCAGCTAAT-1,BLIND_SECTION_02,True
HC2_CCTCCGACAATTCAAG-1,BLIND_SECTION_02,False
HC2_CCTCCTGTTGTGTCGT-1,BLIND_SECTION_02,False
HC2_CCTCGTTACGCCTGTT-1,BLIND_SECTION_02,False
HC2_CCTCTCTCCCATCTAG-1,BLIND_SECTION_02,True
HC2_CCTGAACGATATATTC-1,BLIND_SECTION_02,True
HC2_CCTGACCACCGATGGT-1,BLIND_SECTION_02,True
HC2_CCTGCTATTTGAGAAG-1,BLIND_SECTION_02,True
HC2_CCTGGAAACGTTCTGC-1,BLIND_SECTION_02,True
HC2_CCTGTCGCCCGTAAAT-1,BLIND_SECTION_02,False
HC2_CCTGTGCGGATTGTAA-1,BLIND_SECTION_02,True
HC2_CCTTGACCACTTTATT-1,BLIND_SECTION_02,True
HC2_CCTTTCAATGAAGAAA-1,BLIND_SECTION_02,True
HC2_CGAAACGCAATTCATG-1,BLIND_SECTION_02,False
HC2_CGAACAGTATGGGCGT-1,BLIND_SECTION_02,True
HC2_CGAACATAGTCAGAAA-1,BLIND_SECTION_02,True
HC2_CGAAGTTGCTCTGTGT-1,BLIND_SECTION_02,False
HC2_CGAATTACATGGTGTT-1,BLIND_SECTION_02,True
HC2_CGAATTCCCGGTTCAA-1,BLIND_SECTION_02,False
HC2_CGACTTTGTATAGCCT-1,BLIND_SECTION_02,False
HC2_CGAGACCCTAGAGTGT-1,BLIND_SECTION_02,False
HC2_CGAGAGCTTTCACTAC-1,BLIND_SECTION_02,False
HC2_CGAGAGGGTAGCCGCG-1,BLIND_SECTION_02,True
HC2_CGAGATTTCGCTCGGG-1,BLIND_SECTION_02,False
HC2_CGAGCGTTGATCAGCC-1,BLIND_SECTION_02,False
HC2_CGAGTACTAAAGAGGA-1,BLIND_SECTION_02,True
HC2_CGAGTGCTATAGTTCG-1,BLIND_SECTION_02,False
HC2_CGAGTTTATCGGACTG-1,BLIND_SECTION_02,True
HC2_CGATAATACTCAGGTT-1,BLIND_SECTION_02,False
HC2_CGATAGTCGTACTGCA-1,BLIND_SECTION_02,False
HC2_CGATCCACCATTGTTG-1,BLIND_SECTION_02,False
HC2_CGATCGAGAAGCACCA-1,BLIND_SECTION_02,False
HC2_CGATCTGTTGGAGGAC-1,BLIND_SECTION_02,True
HC2_CGCAATTACTTTCGGT-1,BLIND_SECTION_02,True
HC2_CGCACATGTCCACTAC-1,BLIND_SECTION_02,False
HC2_CGCACGTGCGCTATCA-1,BLIND_SECTION_02,True
HC2_CGCAGGCGATCCAAAC-1,BLIND_SECTION_02,True
HC2_CGCATGCCGAATGCGT-1,BLIND_SECTION_02,False
HC2_CGCATGGTGCGATGCT-1,BLIND_SECTION_02,True
HC2_CGCATTAGCTAATAGG-1,BLIND_SECTION_02,False
HC2_CGCCCAGCGTTTCACG-1,BLIND_SECTION_02,False
HC2_CGCCCGCTTCCGTACA-1,BLIND_SECTION_02,False
HC2_CGCCCTTACATCCACC-1,BLIND_SECTION_02,True
HC2_CGCCCTTGAAGGCTGA-1,BLIND_SECTION_02,False
HC2_CGCCGTTCAGCATAGT-1,BLIND_SECTION_02,True
HC2_CGCCTCCCTCCTCTAT-1,BLIND_SECTION_02,False
HC2_CGCCTGGCCTACGTAA-1,BLIND_SECTION_02,False
HC2_CGCCTTTAGCATGCTC-1,BLIND_SECTION_02,True
HC2_CGCGAAGTGGCATACT-1,BLIND_SECTION_02,False
HC2_CGCGAGAGGGACTTGT-1,BLIND_SECTION_02,True
HC2_CGCGGTACGGTATACA-1,BLIND_SECTION_02,True
HC2_CGCGTTCATGAAATAC-1,BLIND_SECTION_02,True
HC2_CGCTAGAGACCGCTGC-1,BLIND_SECTION_02,True
HC2_CGCTATACCGCCCACT-1,BLIND_SECTION_02,False
HC2_CGCTATTCAATGTATG-1,BLIND_SECTION_02,False
HC2_CGCTATTCTTAGGCTC-1,BLIND_SECTION_02,True
HC2_CGCTCGACATAATGAT-1,BLIND_SECTION_02,False
HC2_CGCTCTCCGTAGATTA-1,BLIND_SECTION_02,True
HC2_CGCTGGTGACTACCCT-1,BLIND_SECTION_02,False
HC2_CGCTGTGACGCCGCAC-1,BLIND_SECTION_02,True
HC2_CGCTTATTCCCGGTCG-1,BLIND_SECTION_02,True
HC2_CGCTTCCACTGAAATC-1,BLIND_SECTION_02,False
HC2_CGCTTGGACGGATAGA-1,BLIND_SECTION_02,True
HC2_CGCTTTCATACCGGTG-1,BLIND_SECTION_02,True
HC2_CGGACCTCTGTAGTTA-1,BLIND_SECTION_02,False
HC2_CGGAGCATGGCGATCC-1,BLIND_SECTION_02,False
HC2_CGGAGTCCTAACCTGG-1,BLIND_SECTION_02,False
HC2_CGGCAATAAGATCGCC-1,BLIND_SECTION_02,True
HC2_CGGCAGGGTCGGGTTG-1,BLIND_SECTION_02,False
HC2_CGGCTCTAAAGCTGCA-1,BLIND_SECTION_02,True
HC2_CGGGAATATAGTATAC-1,BLIND_SECTION_02,True
HC2_CGGGAATTTATGTAAA-1,BLIND_SECTION_02,True
HC2_CGGGATCAATGTAAGA-1,BLIND_SECTION_02,True
HC2_CGGGCCTTCTTTGTAA-1,BLIND_SECTION_02,False
HC2_CGGGTTCGGCACGTAT-1,BLIND_SECTION_02,False
HC2_CGGGTTTGTTAGGGCT-1,BLIND_SECTION_02,True
HC2_CGGTATAGGTATTAGC-1,BLIND_SECTION_02,False
HC2_CGGTCAGTCCATATTT-1,BLIND_SECTION_02,False
HC2_CGGTCTATCAACCCGT-1,BLIND_SECTION_02,True
HC2_CGGTGCAGATAGAACG-1,BLIND_SECTION_02,False
HC2_CGGTGGGCTCCAGCCT-1,BLIND_SECTION_02,True
HC2_CGGTGTACTTGATCCC-1,BLIND_SECTION_02,True
HC2_CGGTTATCCAACAGTG-1,BLIND_SECTION_02,False
HC2_CGGTTGGGTTCAAGTT-1,BLIND_SECTION_02,True
HC2_CGGTTTATGAAGGAAC-1,BLIND_SECTION_02,False
HC2_CGTAAATAACAAAGGG-1,BLIND_SECTION_02,False
HC2_CGTAGAGAGTAATTAT-1,BLIND_SECTION_02,False
HC2_CGTAGCGCCGACGTTG-1,BLIND_SECTION_02,False
HC2_CGTATCTAGAACTAAG-1,BLIND_SECTION_02,False
HC2_CGTCGGATAGTGTTGA-1,BLIND_SECTION_02,False
HC2_CGTGAAGTTAATTCAC-1,BLIND_SECTION_02,True
HC2_CGTGCAGACTGGGACA-1,BLIND_SECTION_02,False
HC2_CGTGCATTGTCGACGC-1,BLIND_SECTION_02,False
HC2_CGTGCCCTCCCGAAGA-1,BLIND_SECTION_02,True
HC2_CGTGGAAGCCTCGTAC-1,BLIND_SECTION_02,False
HC2_CGTTAAACTAGTTAGG-1,BLIND_SECTION_02,True
HC2_CGTTCATGGTGCGCGT-1,BLIND_SECTION_02,True
HC2_CGTTGAGCGACCGTCG-1,BLIND_SECTION_02,False
HC2_CGTTTGGTGTTGTGGG-1,BLIND_SECTION_02,True
HC2_CTAAAGAATGCCTACT-1,BLIND_SECTION_02,False
HC2_CTAAAGGGAAATAGGA-1,BLIND_SECTION_02,True
HC2_CTAACCGCGCGCCCGT-1,BLIND_SECTION_02,False
HC2_CTAACGAAACTTGCTG-1,BLIND_SECTION_02,False
HC2_CTAAGGGAATGATTGG-1,BLIND_SECTION_02,False
HC2_CTAAGTACAGGGCTAC-1,BLIND_SECTION_02,False
HC2_CTAATTCTCAGATATT-1,BLIND_SECTION_02,False
HC2_CTACACTCGCAGATGG-1,BLIND_SECTION_02,False
HC2_CTACCCTAAGGTCATA-1,BLIND_SECTION_02,False
HC2_CTACTATCTTTCAGAG-1,BLIND_SECTION_02,False
HC2_CTACTCTAGGCCCGGC-1,BLIND_SECTION_02,False
HC2_CTAGACATATATGTAG-1,BLIND_SECTION_02,False
HC2_CTAGACTGCATTTCGT-1,BLIND_SECTION_02,False
HC2_CTAGATGTGAGTGTAA-1,BLIND_SECTION_02,False
HC2_CTAGATTTACGACGGC-1,BLIND_SECTION_02,False
HC2_CTAGCTTAATGGTCCC-1,BLIND_SECTION_02,False
HC2_CTAGGTCTGAAGGAAT-1,BLIND_SECTION_02,False
HC2_CTAGTCACGTCTTAAG-1,BLIND_SECTION_02,True
HC2_CTATAAGAGCCAATCG-1,BLIND_SECTION_02,True
HC2_CTATGGGAAGCGGAAT-1,BLIND_SECTION_02,True
HC2_CTCAGAGCTAATGTCG-1,BLIND_SECTION_02,False
HC2_CTCAGCAGACTGCCGA-1,BLIND_SECTION_02,False
HC2_CTCAGGACTCACCTGT-1,BLIND_SECTION_02,False
HC2_CTCATGGTAATTTGCG-1,BLIND_SECTION_02,False
HC2_CTCATTTGATGGGCGG-1,BLIND_SECTION_02,False
HC2_CTCCCAATGAGTCGCG-1,BLIND_SECTION_02,True
HC2_CTCCGCCCACATGAGG-1,BLIND_SECTION_02,True
HC2_CTCCGGCCTAATATGC-1,BLIND_SECTION_02,True
HC2_CTCCTAAGTTATGTCT-1,BLIND_SECTION_02,True
HC2_CTCGAATGGAACGTAT-1,BLIND_SECTION_02,True
HC2_CTCGGTCCGTAGCCTG-1,BLIND_SECTION_02,False
HC2_CTCGTGGCACTGAAAG-1,BLIND_SECTION_02,True
HC2_CTCTACATCCTGCGTG-1,BLIND_SECTION_02,False
HC2_CTCTAGCCCTCGGAAA-1,BLIND_SECTION_02,False
HC2_CTCTATTTGGCTGCAG-1,BLIND_SECTION_02,False
HC2_CTGACTGCGCAGCTCG-1,BLIND_SECTION_02,True
HC2_CTGAGAAAGTTCGGCG-1,BLIND_SECTION_02,False
HC2_CTGAGAGTAGAAATAC-1,BLIND_SECTION_02,True
HC2_CTGAGCGAGACTTATT-1,BLIND_SECTION_02,True
HC2_CTGCACAACTACATAT-1,BLIND_SECTION_02,False
HC2_CTGCACCTGGAACCGC-1,BLIND_SECTION_02,False
HC2_CTGCCATGCATCACAT-1,BLIND_SECTION_02,True
HC2_CTGCCTCATATGCAAC-1,BLIND_SECTION_02,True
HC2_CTGCCTTTCTAGTAAA-1,BLIND_SECTION_02,True
HC2_CTGCTCTGACGGCAAA-1,BLIND_SECTION_02,False
HC2_CTGCTGTCTAACGAGC-1,BLIND_SECTION_02,True
HC2_CTGGCATCCGAATGAG-1,BLIND_SECTION_02,True
HC2_CTGGCGACATAAGTCC-1,BLIND_SECTION_02,True
HC2_CTGGCGATTTACATGT-1,BLIND_SECTION_02,False
HC2_CTGGCGCACAGGTCTG-1,BLIND_SECTION_02,True
HC2_CTGGCGGGAATAAGTA-1,BLIND_SECTION_02,True
HC2_CTGGGATAAATAATGG-1,BLIND_SECTION_02,False
HC2_CTGGGCACTAGTCGGA-1,BLIND_SECTION_02,False
HC2_CTGGGCCTGCTATATC-1,BLIND_SECTION_02,False
HC2_CTGGGCTATCCTTTGG-1,BLIND_SECTION_02,False
HC2_CTGGGTAGGCAGTTAA-1,BLIND_SECTION_02,True
HC2_CTGGTAAAGACTTACA-1,BLIND_SECTION_02,False
HC2_CTGGTAACGAGCTCTT-1,BLIND_SECTION_02,False
HC2_CTGGTCCTAACTTGGC-1,BLIND_SECTION_02,False
HC2_CTGGTTCAACGCATCA-1,BLIND_SECTION_02,True
HC2_CTGTATGGTGTAGAAA-1,BLIND_SECTION_02,False
HC2_CTGTCACGCCAGGCGC-1,BLIND_SECTION_02,False
HC2_CTGTGCAGGGTAGGTC-1,BLIND_SECTION_02,True
HC2_CTGTTCACTGCCTGTG-1,BLIND_SECTION_02,False
HC2_CTGTTCATCTCACGGG-1,BLIND_SECTION_02,False
HC2_CTTACACTGGGAAATA-1,BLIND_SECTION_02,False
HC2_CTTACTGACTCCTCTG-1,BLIND_SECTION_02,True
HC2_CTTAGTAGGCCTACAG-1,BLIND_SECTION_02,False
HC2_CTTATAGATGGCTGTT-1,BLIND_SECTION_02,True
HC2_CTTCATAGCTCAAGAA-1,BLIND_SECTION_02,False
HC2_CTTCATTGTCAGTGGA-1,BLIND_SECTION_02,True
HC2_CTTCCTGCATATTTAC-1,BLIND_SECTION_02,False
HC2_CTTCGGCCAATTGTTT-1,BLIND_SECTION_02,True
HC2_CTTCTATGTTGAAGTA-1,BLIND_SECTION_02,False
HC2_CTTGAGTTAGGGTAAT-1,BLIND_SECTION_02,True
HC2_CTTGATGACCATCCAG-1,BLIND_SECTION_02,False
HC2_CTTGCAACCGCCTCCT-1,BLIND_SECTION_02,False
HC2_CTTGCCCACCCACGCA-1,BLIND_SECTION_02,False
HC2_CTTGTACTTGTTGACT-1,BLIND_SECTION_02,False
HC2_CTTGTGAGTCTTTGAC-1,BLIND_SECTION_02,True
HC2_CTTGTTTATGTAGCCA-1,BLIND_SECTION_02,True
HC2_CTTTACCGAATAGTAG-1,BLIND_SECTION_02,False
HC2_CTTTAGTGCTATTATT-1,BLIND_SECTION_02,True
HC2_CTTTATCCGACGCATG-1,BLIND_SECTION_02,False
HC2_CTTTGAAACATATTCC-1,BLIND_SECTION_02,False
HC2_CTTTGCTGTCATGGAT-1,BLIND_SECTION_02,False
HC2_CTTTGGCAGACAGAGT-1,BLIND_SECTION_02,True
HC2_GAAACAGATGACCACC-1,BLIND_SECTION_02,True
HC2_GAAACCATGGTGCGCT-1,BLIND_SECTION_02,True
HC2_GAAACCGAATTACCTT-1,BLIND_SECTION_02,False
HC2_GAAACTCGTGCGATGC-1,BLIND_SECTION_02,False
HC2_GAAAGAACAGCGTTAT-1,BLIND_SECTION_02,False
HC2_GAAATATGCTTGAATG-1,BLIND_SECTION_02,False
HC2_GAAATTCACATCGCTG-1,BLIND_SECTION_02,False
HC2_GAAATTGTCTCTATAA-1,BLIND_SECTION_02,False
HC2_GAACACACATCAACCA-1,BLIND_SECTION_02,False
HC2_GAACGCGGGTCACACG-1,BLIND_SECTION_02,True
HC2_GAACGGTGTAAAGCAG-1,BLIND_SECTION_02,False
HC2_GAACGTCTCATGGTCG-1,BLIND_SECTION_02,True
HC2_GAACTTAGCGCCCGGT-1,BLIND_SECTION_02,True
HC2_GAAGAACGGTGCAGGT-1,BLIND_SECTION_02,False
HC2_GAAGTCTCCCTAGCGA-1,BLIND_SECTION_02,True
HC2_GAATCGACATGGTCAC-1,BLIND_SECTION_02,True
HC2_GAATCGCCGGACACGG-1,BLIND_SECTION_02,False
HC2_GAATCTGAACATTCTC-1,BLIND_SECTION_02,True
HC2_GAATTTCTCGCTGCAG-1,BLIND_SECTION_02,True
HC2_GACAACGCAGCTTACG-1,BLIND_SECTION_02,False
HC2_GACAAGACGCCCGTGC-1,BLIND_SECTION_02,False
HC2_GACACTGGAACCCGAT-1,BLIND_SECTION_02,True
HC2_GACACTTCCAATTACC-1,BLIND_SECTION_02,False
HC2_GACCAAACGTTGACTG-1,BLIND_SECTION_02,True
HC2_GACCGCGTCTGACGTG-1,BLIND_SECTION_02,True
HC2_GACCGTGCTGACGGTG-1,BLIND_SECTION_02,False
HC2_GACGCCTGTTGCAGGG-1,BLIND_SECTION_02,True
HC2_GACGCTTGCTTCTAAA-1,BLIND_SECTION_02,False
HC2_GACGGTCAATAGAAGC-1,BLIND_SECTION_02,False
HC2_GACTAAGATCATGCAC-1,BLIND_SECTION_02,False
HC2_GACTAAGTAGGCTCAC-1,BLIND_SECTION_02,True
HC2_GACTCGCGGGAATGAC-1,BLIND_SECTION_02,False
HC2_GACTCGGTCGGCGGAT-1,BLIND_SECTION_02,False
HC2_GACTCTAGAGTTCCAA-1,BLIND_SECTION_02,False
HC2_GACTGATTGGTCACAA-1,BLIND_SECTION_02,False
HC2_GACTGCACCAGCCCAG-1,BLIND_SECTION_02,False
HC2_GACTGGGCGCCGCAAC-1,BLIND_SECTION_02,False
HC2_GAGAAACTGGATCCCA-1,BLIND_SECTION_02,False
HC2_GAGAACGGTTCTGACT-1,BLIND_SECTION_02,False
HC2_GAGACCCTGCAACGCC-1,BLIND_SECTION_02,False
HC2_GAGAGGCCTATGTGTA-1,BLIND_SECTION_02,False
HC2_GAGAGGTGCATTCTGG-1,BLIND_SECTION_02,False
HC2_GAGATCTTCCATGACA-1,BLIND_SECTION_02,False
HC2_GAGCATCATCCCTGGG-1,BLIND_SECTION_02,False
HC2_GAGCCGAGCGTTTATT-1,BLIND_SECTION_02,True
HC2_GAGCGAGGGAGTACCG-1,BLIND_SECTION_02,False
HC2_GAGCGCAAATACTCCG-1,BLIND_SECTION_02,True
HC2_GAGCTCTCGGACCTAA-1,BLIND_SECTION_02,False
HC2_GAGGATAAACAGTGCT-1,BLIND_SECTION_02,True
HC2_GAGGCTATCAAAGTCG-1,BLIND_SECTION_02,False
HC2_GAGGGCATCGCGTATC-1,BLIND_SECTION_02,False
HC2_GAGGGCGCAGCTCTGC-1,BLIND_SECTION_02,True
HC2_GAGGTCCCAAAGATCT-1,BLIND_SECTION_02,False
HC2_GAGGTCTTAGTGGGTC-1,BLIND_SECTION_02,True
HC2_GAGTAAACCGGAAAGT-1,BLIND_SECTION_02,True
HC2_GAGTAAATTAAGAACC-1,BLIND_SECTION_02,False
HC2_GAGTACGGGTATACAA-1,BLIND_SECTION_02,False
HC2_GATAAATCGGTGGATG-1,BLIND_SECTION_02,False
HC2_GATAACTCGCACTGTG-1,BLIND_SECTION_02,True
HC2_GATACCGTGTCGGAGT-1,BLIND_SECTION_02,True
HC2_GATAGGATTAATTACA-1,BLIND_SECTION_02,True
HC2_GATATGGATTACGCGG-1,BLIND_SECTION_02,False
HC2_GATATTGAGATTGGCG-1,BLIND_SECTION_02,False
HC2_GATCCGAATATAAGTG-1,BLIND_SECTION_02,True
HC2_GATCCGGGAATTAACA-1,BLIND_SECTION_02,True
HC2_GATCCTAAATCGGGAC-1,BLIND_SECTION_02,True
HC2_GATCGACACTATCTGA-1,BLIND_SECTION_02,True
HC2_GATCGCTACCCGATTT-1,BLIND_SECTION_02,True
HC2_GATCGTGACTGATATC-1,BLIND_SECTION_02,True
HC2_GATCTCGACGCTGTGG-1,BLIND_SECTION_02,True
HC2_GATCTTGGAGGGCATA-1,BLIND_SECTION_02,False
HC2_GATGCTACAAGCGCCT-1,BLIND_SECTION_02,True
HC2_GATGCTGTATTTCATC-1,BLIND_SECTION_02,False
HC2_GATGGCGCACACATTA-1,BLIND_SECTION_02,True
HC2_GATGTCGGTCAACTGC-1,BLIND_SECTION_02,True
HC2_GATGTTTGTGCGAGAT-1,BLIND_SECTION_02,False
HC2_GATTACTGAATTTGGG-1,BLIND_SECTION_02,True
HC2_GATTCCTATACGGCGC-1,BLIND_SECTION_02,False
HC2_GATTCGACGGTTCACG-1,BLIND_SECTION_02,True
HC2_GATTCTGTTAATGAGT-1,BLIND_SECTION_02,False
HC2_GATTTGCGCTAACACC-1,BLIND_SECTION_02,False
HC2_GCAAACGTCGCCAGGT-1,BLIND_SECTION_02,False
HC2_GCAACAGCAGTATGCG-1,BLIND_SECTION_02,True
HC2_GCAACCACGGCCGCGT-1,BLIND_SECTION_02,False
HC2_GCAACGGCTAGTTATG-1,BLIND_SECTION_02,True
HC2_GCAAGAATTCCTTGGC-1,BLIND_SECTION_02,False
HC2_GCAAGATGTGTTCGCG-1,BLIND_SECTION_02,True
HC2_GCAAGTGCACAGAGAA-1,BLIND_SECTION_02,False
HC2_GCAATTAGTCGCACCG-1,BLIND_SECTION_02,True
HC2_GCACAAACGAGGCGTG-1,BLIND_SECTION_02,True
HC2_GCACCTTCCCGAAGGT-1,BLIND_SECTION_02,False
HC2_GCACTAGTCGCGCTAT-1,BLIND_SECTION_02,False
HC2_GCACTGTGCAAATGTA-1,BLIND_SECTION_02,False
HC2_GCAGAAGGTAATCTCC-1,BLIND_SECTION_02,False
HC2_GCAGACCCAGCACGTA-1,BLIND_SECTION_02,True
HC2_GCAGATCCATAAGACT-1,BLIND_SECTION_02,False
HC2_GCAGATTAGGGATATC-1,BLIND_SECTION_02,False
HC2_GCAGCTATGGACAGGT-1,BLIND_SECTION_02,False
HC2_GCATAGAGCACTCAGG-1,BLIND_SECTION_02,True
HC2_GCATCCCTAACTTTGA-1,BLIND_SECTION_02,False
HC2_GCATCGGCCGTGTAGG-1,BLIND_SECTION_02,True
HC2_GCATGAGGGACGCGGC-1,BLIND_SECTION_02,True
HC2_GCATGCTAATAACGAT-1,BLIND_SECTION_02,False
HC2_GCATTCAAGGCAACGC-1,BLIND_SECTION_02,True
HC2_GCATTTCCAAGGCTCC-1,BLIND_SECTION_02,False
HC2_GCCAACCATTTCCGGA-1,BLIND_SECTION_02,True
HC2_GCCAATAGGGCATCTC-1,BLIND_SECTION_02,True
HC2_GCCAGGAGTAACCGAT-1,BLIND_SECTION_02,False
HC2_GCCATCGATGCTGCAT-1,BLIND_SECTION_02,False
HC2_GCCCACCAAGGCTGTC-1,BLIND_SECTION_02,False
HC2_GCCCAGTTGGTATGCC-1,BLIND_SECTION_02,True
HC2_GCCCGACTTCTTCCCG-1,BLIND_SECTION_02,False
HC2_GCCCGCGCGTTTGACA-1,BLIND_SECTION_02,False
HC2_GCCGATTGGCCAAGCT-1,BLIND_SECTION_02,False
HC2_GCCGCTTGTGAGAAAC-1,BLIND_SECTION_02,True
HC2_GCCGGGTTAGGGTCGC-1,BLIND_SECTION_02,False
HC2_GCCGTCGGTTTCGGGC-1,BLIND_SECTION_02,False
HC2_GCCGTGGAAGAAATGT-1,BLIND_SECTION_02,False
HC2_GCCTACGTTCTGTGCA-1,BLIND_SECTION_02,False
HC2_GCCTAGCGATCTGACC-1,BLIND_SECTION_02,False
HC2_GCCTATAGTGTCAGGG-1,BLIND_SECTION_02,True
HC2_GCCTATCAGGTAAGAT-1,BLIND_SECTION_02,True
HC2_GCCTATTTGCTACACA-1,BLIND_SECTION_02,False
HC2_GCCTCATCTGGAAATA-1,BLIND_SECTION_02,True
HC2_GCCTGCTACACTGAGA-1,BLIND_SECTION_02,True
HC2_GCCTGTCCCGGTGCAT-1,BLIND_SECTION_02,False
HC2_GCCTTCAGCCCTACCG-1,BLIND_SECTION_02,False
HC2_GCGAAACGATCGGGAG-1,BLIND_SECTION_02,True
HC2_GCGACATGTAAACATC-1,BLIND_SECTION_02,True
HC2_GCGAGAGTTGCGTCCA-1,BLIND_SECTION_02,True
HC2_GCGATTCTGGAAGCAG-1,BLIND_SECTION_02,True
HC2_GCGCAAGAGCGCGCTG-1,BLIND_SECTION_02,True
HC2_GCGCATCCAGTCAGCA-1,BLIND_SECTION_02,False
HC2_GCGCCGTTCCACGATA-1,BLIND_SECTION_02,False
HC2_GCGCCTCCCACTCCGA-1,BLIND_SECTION_02,True
HC2_GCGCTCGATCACCTGT-1,BLIND_SECTION_02,True
HC2_GCGCTGCTTTGCATTT-1,BLIND_SECTION_02,True
HC2_GCGGAGAGGGAGAACG-1,BLIND_SECTION_02,False
HC2_GCGGCTCTGACGTACC-1,BLIND_SECTION_02,True
HC2_GCGGGAACCAGGCCCT-1,BLIND_SECTION_02,False
HC2_GCGGTCCCTAGACGCA-1,BLIND_SECTION_02,False
HC2_GCGTAAATGGCCATAA-1,BLIND_SECTION_02,False
HC2_GCGTCTAACCTCCTAA-1,BLIND_SECTION_02,True
HC2_GCGTGGTACTGGGTTA-1,BLIND_SECTION_02,False
HC2_GCTAATACCGAATGCC-1,BLIND_SECTION_02,False
HC2_GCTACGACTTATTGGG-1,BLIND_SECTION_02,False
HC2_GCTACTATAGTAGAGT-1,BLIND_SECTION_02,True
HC2_GCTAGTAGAGCTTGTA-1,BLIND_SECTION_02,True
HC2_GCTAGTTTCATTGAGG-1,BLIND_SECTION_02,False
HC2_GCTCCATGAGTGCAGA-1,BLIND_SECTION_02,False
HC2_GCTCCCAGTCGGTCCA-1,BLIND_SECTION_02,False
HC2_GCTCCGCTCGCTTCAG-1,BLIND_SECTION_02,True
HC2_GCTCCGGACGTTGATA-1,BLIND_SECTION_02,False
HC2_GCTCGCTCATGTCCAA-1,BLIND_SECTION_02,True
HC2_GCTCTAAACCCTGACG-1,BLIND_SECTION_02,False
HC2_GCTCTATGTTACGTGC-1,BLIND_SECTION_02,True
HC2_GCTCTCGGGTACCGAA-1,BLIND_SECTION_02,False
HC2_GCTGAGGCGTGAGTAT-1,BLIND_SECTION_02,False
HC2_GCTGCACGGTTTCTTA-1,BLIND_SECTION_02,False
HC2_GCTGGCATATTCACCT-1,BLIND_SECTION_02,True
HC2_GCTGGTGACTCGTAGT-1,BLIND_SECTION_02,False
HC2_GCTGTTGCTACCGAAC-1,BLIND_SECTION_02,False
HC2_GCTTATGAAGCAGGAA-1,BLIND_SECTION_02,True
HC2_GCTTCAGTGGGATTAC-1,BLIND_SECTION_02,True
HC2_GCTTGATGATAATCAG-1,BLIND_SECTION_02,True
HC2_GCTTGGATCGATTAGG-1,BLIND_SECTION_02,False
HC2_GCTTTCAGAGGAGGTG-1,BLIND_SECTION_02,False
HC2_GGACAACCATGAAGCC-1,BLIND_SECTION_02,False
HC2_GGACACAAGTTTACAC-1,BLIND_SECTION_02,True
HC2_GGACACCTCGGTGTTG-1,BLIND_SECTION_02,False
HC2_GGACGGCTTGCGCAAC-1,BLIND_SECTION_02,True
HC2_GGACGGGCGACCAACC-1,BLIND_SECTION_02,False
HC2_GGACGTCCATAGTTGG-1,BLIND_SECTION_02,True
HC2_GGACTCACAAATTAGG-1,BLIND_SECTION_02,False
HC2_GGACTCGAAGCTTTCA-1,BLIND_SECTION_02,True
HC2_GGAGAAGTCATTGGCA-1,BLIND_SECTION_02,True
HC2_GGAGACGACACCTTTG-1,BLIND_SECTION_02,True
HC2_GGAGCAACATTTCAAG-1,BLIND_SECTION_02,False
HC2_GGAGGCCGAAGTCGTC-1,BLIND_SECTION_02,True
HC2_GGAGGCGAAGAACCGC-1,BLIND_SECTION_02,False
HC2_GGAGTGCCGCCCTGGA-1,BLIND_SECTION_02,False
HC2_GGATACTCATGAATTG-1,BLIND_SECTION_02,False
HC2_GGATCAAAGGACGAGG-1,BLIND_SECTION_02,False
HC2_GGATGGCTTGAAGTAT-1,BLIND_SECTION_02,False
HC2_GGATGTCCTTACCGCA-1,BLIND_SECTION_02,False
HC2_GGATTCAGTACGGTGG-1,BLIND_SECTION_02,False
HC2_GGCAAATTACTTTACT-1,BLIND_SECTION_02,True
HC2_GGCAAGGCGAAATAGC-1,BLIND_SECTION_02,True
HC2_GGCAGCAAACCTATGC-1,BLIND_SECTION_02,True
HC2_GGCAGCGGTAATCCTA-1,BLIND_SECTION_02,False
HC2_GGCATACAGGTAGCGG-1,BLIND_SECTION_02,False
HC2_GGCATATCGGTTCTGC-1,BLIND_SECTION_02,True
HC2_GGCATTGAACATCTCA-1,BLIND_SECTION_02,False
HC2_GGCCCAATCTAGAGGG-1,BLIND_SECTION_02,True
HC2_GGCCCAGTTATCAGCA-1,BLIND_SECTION_02,False
HC2_GGCCGCAGGAACCGCA-1,BLIND_SECTION_02,False
HC2_GGCCTGCTCTGATGTT-1,BLIND_SECTION_02,False
HC2_GGCGCAGGACATCTTC-1,BLIND_SECTION_02,False
HC2_GGCGCATGAATTGATG-1,BLIND_SECTION_02,True
HC2_GGCGTCCTATCCGCTG-1,BLIND_SECTION_02,False
HC2_GGCTAATGATTGAAAT-1,BLIND_SECTION_02,False
HC2_GGCTCGCGTTGAGGTA-1,BLIND_SECTION_02,False
HC2_GGCTCGTGCCACCAGC-1,BLIND_SECTION_02,False
HC2_GGCTGAGCATCGTAAG-1,BLIND_SECTION_02,True
HC2_GGCTGTCCTACTGCGG-1,BLIND_SECTION_02,False
HC2_GGGAACGGGAGGTTAG-1,BLIND_SECTION_02,False
HC2_GGGAGTAATGGCTGGC-1,BLIND_SECTION_02,False
HC2_GGGCACGTAGTACTGT-1,BLIND_SECTION_02,False
HC2_GGGCATGCATGTCGAG-1,BLIND_SECTION_02,False
HC2_GGGCCCGTCTTAAACA-1,BLIND_SECTION_02,False
HC2_GGGCCGGCCGAAGTAC-1,BLIND_SECTION_02,False
HC2_GGGCCTATACAACCGG-1,BLIND_SECTION_02,True
HC2_GGGCCTATTTAAGTAT-1,BLIND_SECTION_02,True
HC2_GGGCGGGTTCCCTACG-1,BLIND_SECTION_02,True
HC2_GGGCGTACATTTATAT-1,BLIND_SECTION_02,False
HC2_GGGTATGTATGCACTT-1,BLIND_SECTION_02,True
HC2_GGGTCACGTGCTTATG-1,BLIND_SECTION_02,False
HC2_GGGTTTAGGATAGGAT-1,BLIND_SECTION_02,False
HC2_GGTAACTATGTATCTG-1,BLIND_SECTION_02,False
HC2_GGTACAAACATGCTAT-1,BLIND_SECTION_02,False
HC2_GGTACCATTAAGACGG-1,BLIND_SECTION_02,True
HC2_GGTAGGCCAATATCAC-1,BLIND_SECTION_02,False
HC2_GGTCAAGACTACTTCG-1,BLIND_SECTION_02,True
HC2_GGTCCCATAACATAGA-1,BLIND_SECTION_02,False
HC2_GGTCGGTAATTAGACA-1,BLIND_SECTION_02,True
HC2_GGTCTCCAAGTAGTGC-1,BLIND_SECTION_02,False
HC2_GGTCTCCGTCCAGGTT-1,BLIND_SECTION_02,False
HC2_GGTGACTGATAGAGAG-1,BLIND_SECTION_02,False
HC2_GGTGAGATGCAGATAA-1,BLIND_SECTION_02,False
HC2_GGTGATTTCATCTTGT-1,BLIND_SECTION_02,False
HC2_GGTGCGGATAAGTGGC-1,BLIND_SECTION_02,False
HC2_GGTGCTGATCACAAAG-1,BLIND_SECTION_02,True
HC2_GGTGGACCACGTGTTA-1,BLIND_SECTION_02,False
HC2_GGTGTTGGGCGTCTTA-1,BLIND_SECTION_02,False
HC2_GGTTACCACCCTCGGG-1,BLIND_SECTION_02,True
HC2_GGTTACCCGACACTTT-1,BLIND_SECTION_02,True
HC2_GGTTAGTTACGGCGCC-1,BLIND_SECTION_02,True
HC2_GGTTCGATGCTGAGTT-1,BLIND_SECTION_02,True
HC2_GGTTTCAATCGGTCAG-1,BLIND_SECTION_02,True
HC2_GGTTTGACAAGAAGCT-1,BLIND_SECTION_02,False
HC2_GGTTTGAGTGCTGGAA-1,BLIND_SECTION_02,False
HC2_GTAACAGGTTAACGGC-1,BLIND_SECTION_02,False
HC2_GTAACATCAGCTCATC-1,BLIND_SECTION_02,False
HC2_GTAACATCTAAGATAA-1,BLIND_SECTION_02,True
HC2_GTAACTTGCGGCAGTC-1,BLIND_SECTION_02,False
HC2_GTAAGCGGGCAGTCAG-1,BLIND_SECTION_02,False
HC2_GTAATAAAGGGCTCCC-1,BLIND_SECTION_02,False
HC2_GTACACTTACCTGAAG-1,BLIND_SECTION_02,False
HC2_GTACAGAGGCAAGGGT-1,BLIND_SECTION_02,False
HC2_GTACGAGATTGCGACA-1,BLIND_SECTION_02,False
HC2_GTACGCTTCATTGCAC-1,BLIND_SECTION_02,False
HC2_GTACGTCACGTATTAA-1,BLIND_SECTION_02,False
HC2_GTACGTTTGCCCGTCA-1,BLIND_SECTION_02,True
HC2_GTACTAAGATTTGGAG-1,BLIND_SECTION_02,True
HC2_GTACTCCCTTATCGCT-1,BLIND_SECTION_02,False
HC2_GTACTCCTGGGTATGC-1,BLIND_SECTION_02,True
HC2_GTACTGAGGTCGTAAC-1,BLIND_SECTION_02,False
HC2_GTACTGCATGAAGCGT-1,BLIND_SECTION_02,False
HC2_GTACTTGGGCACTTCT-1,BLIND_SECTION_02,False
HC2_GTAGACAACCGATGAA-1,BLIND_SECTION_02,True
HC2_GTAGACGTCGTTACAT-1,BLIND_SECTION_02,False
HC2_GTAGCGCTGTTGTAGT-1,BLIND_SECTION_02,False
HC2_GTAGCGGCTATACACT-1,BLIND_SECTION_02,True
HC2_GTAGCTTCCTCTTGTT-1,BLIND_SECTION_02,False
HC2_GTATAGGACTCAGTAG-1,BLIND_SECTION_02,False
HC2_GTATCAGCTTGGGTTC-1,BLIND_SECTION_02,False
HC2_GTATCCTTTGGTAACC-1,BLIND_SECTION_02,False
HC2_GTATCTTTCATAACCA-1,BLIND_SECTION_02,False
HC2_GTATGTGGGTCTAGTT-1,BLIND_SECTION_02,False
HC2_GTATTAAGGCGTCTAA-1,BLIND_SECTION_02,False
HC2_GTATTAGGGTTCGCGT-1,BLIND_SECTION_02,False
HC2_GTCAAAGTTTACATAG-1,BLIND_SECTION_02,True
HC2_GTCAACCAGGCCTATA-1,BLIND_SECTION_02,False
HC2_GTCACCTGTCTATGTC-1,BLIND_SECTION_02,False
HC2_GTCACTCTCCAAATCT-1,BLIND_SECTION_02,True
HC2_GTCAGAATAGTCTATG-1,BLIND_SECTION_02,False
HC2_GTCAGTTGTGCTCGTT-1,BLIND_SECTION_02,True
HC2_GTCATGCGCGAGGGCT-1,BLIND_SECTION_02,False
HC2_GTCATGGACATGACTA-1,BLIND_SECTION_02,True
HC2_GTCATTAGAGCGAACG-1,BLIND_SECTION_02,True
HC2_GTCCACGTCGCATTCG-1,BLIND_SECTION_02,False
HC2_GTCCATTACTGCTACG-1,BLIND_SECTION_02,False
HC2_GTCCTTTAATGACTTC-1,BLIND_SECTION_02,False
HC2_GTCGCGTAACCCGTTG-1,BLIND_SECTION_02,True
HC2_GTCGGAAGGATACCAG-1,BLIND_SECTION_02,False
HC2_GTCGGATATCTCAGAC-1,BLIND_SECTION_02,False
HC2_GTCGTACCATCTCGGG-1,BLIND_SECTION_02,False
HC2_GTCGTCAATTATAAGG-1,BLIND_SECTION_02,False
HC2_GTCGTTATTCGCTTAT-1,BLIND_SECTION_02,False
HC2_GTCTAGTGAGCCGCTT-1,BLIND_SECTION_02,False
HC2_GTCTATCTGAGTTTCT-1,BLIND_SECTION_02,False
HC2_GTCTCCGCCTCAATAC-1,BLIND_SECTION_02,False
HC2_GTCTTGTAGCTATTCA-1,BLIND_SECTION_02,False
HC2_GTGAAACGTGCTCCAC-1,BLIND_SECTION_02,False
HC2_GTGAACTCCCATTCGA-1,BLIND_SECTION_02,True
HC2_GTGACCGCACACTACG-1,BLIND_SECTION_02,True
HC2_GTGAGCGTGCTGCACT-1,BLIND_SECTION_02,True
HC2_GTGAGGACACTTAAGG-1,BLIND_SECTION_02,True
HC2_GTGATCACTAACGCCT-1,BLIND_SECTION_02,False
HC2_GTGATCATAGATCTGC-1,BLIND_SECTION_02,False
HC2_GTGCCATCACACGGTG-1,BLIND_SECTION_02,False
HC2_GTGCCCGTTCGGATTC-1,BLIND_SECTION_02,False
HC2_GTGCGACAGGGAGTGT-1,BLIND_SECTION_02,False
HC2_GTGCGGGTCTCCAAAT-1,BLIND_SECTION_02,False
HC2_GTGCTTACATCAGCGC-1,BLIND_SECTION_02,True
HC2_GTGGACCAACCCGATT-1,BLIND_SECTION_02,False
HC2_GTGGACGTGCTGAGAC-1,BLIND_SECTION_02,False
HC2_GTGGAGCATGTCGGCC-1,BLIND_SECTION_02,True
HC2_GTGGCGTGCACCAGAG-1,BLIND_SECTION_02,False
HC2_GTGGCTGTTTCTGTTC-1,BLIND_SECTION_02,False
HC2_GTGGGAACAAACCGGG-1,BLIND_SECTION_02,False
HC2_GTGGTGGCCAAGTGAA-1,BLIND_SECTION_02,False
HC2_GTGGTTACTTCTTTCG-1,BLIND_SECTION_02,False
HC2_GTGGTTTCCGCCTTTC-1,BLIND_SECTION_02,False
HC2_GTGTACGAACCGTTCC-1,BLIND_SECTION_02,True
HC2_GTGTCCGATAAGGCAT-1,BLIND_SECTION_02,False
HC2_GTGTCGTATTCACCTT-1,BLIND_SECTION_02,True
HC2_GTGTTACTATGCGTCC-1,BLIND_SECTION_02,True
HC2_GTTAAAGTAGGACTGG-1,BLIND_SECTION_02,False
HC2_GTTAACTATGTTGTCA-1,BLIND_SECTION_02,False
HC2_GTTACAATTGGTGACG-1,BLIND_SECTION_02,False
HC2_GTTACCAAGGCGTACG-1,BLIND_SECTION_02,False
HC2_GTTACCTACAACTTGC-1,BLIND_SECTION_02,False
HC2_GTTACTTTGGGCCTAG-1,BLIND_SECTION_02,True
HC2_GTTAGCCGTAAATCAA-1,BLIND_SECTION_02,True
HC2_GTTATAATACGGTGAA-1,BLIND_SECTION_02,True
HC2_GTTCACAGGAGTCTAG-1,BLIND_SECTION_02,False
HC2_GTTCATCGTTTGGCTG-1,BLIND_SECTION_02,True
HC2_GTTCCAGTCTGACCAT-1,BLIND_SECTION_02,True
HC2_GTTCCCGTAAACATAT-1,BLIND_SECTION_02,False
HC2_GTTCGCTGAGACGTCT-1,BLIND_SECTION_02,True
HC2_GTTCGGATCGGGAACA-1,BLIND_SECTION_02,False
HC2_GTTCGGGCGTACCATT-1,BLIND_SECTION_02,True
HC2_GTTCTTGTAACTCAAT-1,BLIND_SECTION_02,False
HC2_GTTGAACCGGTTCCAT-1,BLIND_SECTION_02,True
HC2_GTTGAGTCCCGCCGGT-1,BLIND_SECTION_02,False
HC2_GTTGCACGGAGTTTCG-1,BLIND_SECTION_02,True
HC2_GTTGCAGTCGACAACA-1,BLIND_SECTION_02,True
HC2_GTTGGATTGAGAACAC-1,BLIND_SECTION_02,False
HC2_GTTGTCGTGTTAGTTG-1,BLIND_SECTION_02,False
HC2_GTTGTTGCAAGATGGC-1,BLIND_SECTION_02,False
HC2_GTTTCATATCGTCGCT-1,BLIND_SECTION_02,False
HC2_GTTTCCTGGAGGGTGA-1,BLIND_SECTION_02,True
HC2_GTTTCTAGAGGCGCGG-1,BLIND_SECTION_02,False
HC2_GTTTCTGCAGTCTCCC-1,BLIND_SECTION_02,False
HC2_GTTTGGCCGCTCAGCG-1,BLIND_SECTION_02,False
HC2_GTTTGGGTTTCGCCCG-1,BLIND_SECTION_02,False
HC2_TAAAGAGCCCGAAACC-1,BLIND_SECTION_02,True
HC2_TAAAGCGTTAGGAGAA-1,BLIND_SECTION_02,True
HC2_TAAATGGGCTACTGAG-1,BLIND_SECTION_02,False
HC2_TAACAAAGGGAGAAGC-1,BLIND_SECTION_02,False
HC2_TAACAGGTTCCCTTAG-1,BLIND_SECTION_02,False
HC2_TAACATACAATGTGGG-1,BLIND_SECTION_02,True
HC2_TAACCTACCGTCCGAG-1,BLIND_SECTION_02,False
HC2_TAACGCTTTGAGAGCG-1,BLIND_SECTION_02,True
HC2_TAACTATTACGCCAAA-1,BLIND_SECTION_02,True
HC2_TAACTCCATGGAGGCT-1,BLIND_SECTION_02,False
HC2_TAAGCCCTTACGACCA-1,BLIND_SECTION_02,False
HC2_TAAGGAACTTGTGGGA-1,BLIND_SECTION_02,False
HC2_TAAGTAAATGTGCCGC-1,BLIND_SECTION_02,True
HC2_TAAGTCGGTGAGCTAG-1,BLIND_SECTION_02,False
HC2_TAATATTGAAATTCGC-1,BLIND_SECTION_02,False
HC2_TAATCAACCAAATGGG-1,BLIND_SECTION_02,False
HC2_TAATCAGGAATGCTGC-1,BLIND_SECTION_02,False
HC2_TAATCGATCCGTACGT-1,BLIND_SECTION_02,True
HC2_TAATTAGATGGATATG-1,BLIND_SECTION_02,True
HC2_TAATTAGGACATCCGT-1,BLIND_SECTION_02,False
HC2_TAATTCCAATGCTTCA-1,BLIND_SECTION_02,False
HC2_TACAAGGGCTTCTTTA-1,BLIND_SECTION_02,False
HC2_TACAAGTCTCGTGCAT-1,BLIND_SECTION_02,False
HC2_TACACCTCTTCGAATC-1,BLIND_SECTION_02,False
HC2_TACATAGGCATACACC-1,BLIND_SECTION_02,True
HC2_TACATTTCTAACGTGC-1,BLIND_SECTION_02,False
HC2_TACCATGTATTGATTT-1,BLIND_SECTION_02,False
HC2_TACCCTCGGTAACCCT-1,BLIND_SECTION_02,False
HC2_TACCGAATAATTGTAA-1,BLIND_SECTION_02,False
HC2_TACCGCGGACTTGCAG-1,BLIND_SECTION_02,False
HC2_TACCGGCTCACTGCCC-1,BLIND_SECTION_02,False
HC2_TACCGGTCGTTTCCAT-1,BLIND_SECTION_02,True
HC2_TACCTCACGCTTGTAC-1,BLIND_SECTION_02,True
HC2_TACCTCTTTACCATCC-1,BLIND_SECTION_02,True
HC2_TACCTGCTGCACTGTG-1,BLIND_SECTION_02,False
HC2_TACCTTAAGATTTCCC-1,BLIND_SECTION_02,True
HC2_TACGACTGCCTCTTAG-1,BLIND_SECTION_02,True
HC2_TACGATCCAAGCCACT-1,BLIND_SECTION_02,False
HC2_TACGATGTTGATCATC-1,BLIND_SECTION_02,False
HC2_TACGCAGTTCTTTCCT-1,BLIND_SECTION_02,True
HC2_TACGCCATATTCTAAT-1,BLIND_SECTION_02,True
HC2_TACGCCGCCTCAGAAG-1,BLIND_SECTION_02,False
HC2_TACGCTATAGAAACCT-1,BLIND_SECTION_02,False
HC2_TACGGCATGGACGCTA-1,BLIND_SECTION_02,False
HC2_TACGTGCAAGGTTCCT-1,BLIND_SECTION_02,True
HC2_TACGTGCACTATGCTG-1,BLIND_SECTION_02,False
HC2_TACGTTTACCGGCAAT-1,BLIND_SECTION_02,True
HC2_TACTGCATGATTAAAT-1,BLIND_SECTION_02,True
HC2_TACTTGTTAGTAGTCC-1,BLIND_SECTION_02,True
HC2_TACTTTACTGAGCCGG-1,BLIND_SECTION_02,False
HC2_TACTTTCCGCACGCCA-1,BLIND_SECTION_02,False
HC2_TAGAAGAAGGGTTACA-1,BLIND_SECTION_02,False
HC2_TAGACGCCCGTACCGG-1,BLIND_SECTION_02,False
HC2_TAGACTACCTAGCGTT-1,BLIND_SECTION_02,True
HC2_TAGAGATCATGCAACT-1,BLIND_SECTION_02,False
HC2_TAGAGGGAGTTTATCT-1,BLIND_SECTION_02,False
HC2_TAGATCCGAAGTCGCA-1,BLIND_SECTION_02,True
HC2_TAGCAGTATGACTAAA-1,BLIND_SECTION_02,False
HC2_TAGCGTTGGGTCTTAC-1,BLIND_SECTION_02,True
HC2_TAGCTCACTGTGTTTG-1,BLIND_SECTION_02,False
HC2_TAGCTCAGATCCTAGT-1,BLIND_SECTION_02,True
HC2_TAGGCTAAAGTGGCAC-1,BLIND_SECTION_02,True
HC2_TAGGGAGCTTGGGATG-1,BLIND_SECTION_02,False
HC2_TAGGGTGTTTCAAGAG-1,BLIND_SECTION_02,False
HC2_TAGGTCCAAGTAAGGA-1,BLIND_SECTION_02,True
HC2_TAGGTCGCCGGAACTG-1,BLIND_SECTION_02,False
HC2_TAGGTGCTCGCCTAGC-1,BLIND_SECTION_02,False
HC2_TAGGTTCGAGTTCGTC-1,BLIND_SECTION_02,False
HC2_TAGGTTCTGCTGAGAA-1,BLIND_SECTION_02,False
HC2_TAGTACCTTAGTGGTC-1,BLIND_SECTION_02,True
HC2_TAGTCCGCAGAGAATG-1,BLIND_SECTION_02,True
HC2_TAGTCGATCACGGGTT-1,BLIND_SECTION_02,False
HC2_TAGTCTAACAACGAGA-1,BLIND_SECTION_02,False
HC2_TAGTCTTTCCGAATTG-1,BLIND_SECTION_02,True
HC2_TATAAATCCACAAGCT-1,BLIND_SECTION_02,False
HC2_TATAAGTGAGGATAGC-1,BLIND_SECTION_02,False
HC2_TATACACGCAAAGTAT-1,BLIND_SECTION_02,False
HC2_TATACCGAGTGCCACA-1,BLIND_SECTION_02,False
HC2_TATAGATGGTCGCAGT-1,BLIND_SECTION_02,True
HC2_TATATCCCTGGGAGGA-1,BLIND_SECTION_02,False
HC2_TATCACCATGTAAAGT-1,BLIND_SECTION_02,True
HC2_TATCCATATCATGCGA-1,BLIND_SECTION_02,True
HC2_TATCCTGCATGGGAAT-1,BLIND_SECTION_02,False
HC2_TATCGATCTATGCATA-1,BLIND_SECTION_02,False
HC2_TATCGATGATTAAACG-1,BLIND_SECTION_02,False
HC2_TATCTACAGAGGTAAT-1,BLIND_SECTION_02,False
HC2_TATCTACCACAGCGGG-1,BLIND_SECTION_02,False
HC2_TATGAAGAATTAAGGT-1,BLIND_SECTION_02,False
HC2_TATGAAGACAGGTGCG-1,BLIND_SECTION_02,False
HC2_TATGCTCCCTACTTAC-1,BLIND_SECTION_02,True
HC2_TATGGATGTGCTACGC-1,BLIND_SECTION_02,True
HC2_TATGGCCCGGCCTCGC-1,BLIND_SECTION_02,True
HC2_TATGGTTAGTGGGAGA-1,BLIND_SECTION_02,False
HC2_TATTACCATCCTGCTT-1,BLIND_SECTION_02,False
HC2_TATTCCTCCGCCCACT-1,BLIND_SECTION_02,True
HC2_TATTTAGTCTAGATCG-1,BLIND_SECTION_02,False
HC2_TATTTGATTTGCACAG-1,BLIND_SECTION_02,False
HC2_TATTTGTTACCCTTTA-1,BLIND_SECTION_02,False
HC2_TCAAACAACCGCGTCG-1,BLIND_SECTION_02,False
HC2_TCAACACATTGGGTAA-1,BLIND_SECTION_02,False
HC2_TCAACCATGTTCGGGC-1,BLIND_SECTION_02,True
HC2_TCAACGAGGAGACAAA-1,BLIND_SECTION_02,True
HC2_TCAACGCAGGAAATAA-1,BLIND_SECTION_02,False
HC2_TCAACTGCAGAGTCAG-1,BLIND_SECTION_02,True
HC2_TCAAGAAATACTAGCT-1,BLIND_SECTION_02,False
HC2_TCAATATACAGGAGGC-1,BLIND_SECTION_02,False
HC2_TCAATCCCGCGCCAAA-1,BLIND_SECTION_02,False
HC2_TCAATCCGGGAAGTTT-1,BLIND_SECTION_02,False
HC2_TCACATCTTATCTGAT-1,BLIND_SECTION_02,False
HC2_TCACCCTCTTAAGATT-1,BLIND_SECTION_02,False
HC2_TCACCGCTCGGCACTC-1,BLIND_SECTION_02,True
HC2_TCACGGTCATCGCACA-1,BLIND_SECTION_02,True
HC2_TCACGTGCCCGATTCA-1,BLIND_SECTION_02,True
HC2_TCAGAACCTCCACAGG-1,BLIND_SECTION_02,True
HC2_TCAGACGCTATAGAAG-1,BLIND_SECTION_02,False
HC2_TCAGAGTGTGAGCATG-1,BLIND_SECTION_02,True
HC2_TCATAAGTCCAAGAAG-1,BLIND_SECTION_02,True
HC2_TCATCACTCGAGCTCG-1,BLIND_SECTION_02,True
HC2_TCATTCGTATAATTTG-1,BLIND_SECTION_02,False
HC2_TCATTTAAGTCTCCGA-1,BLIND_SECTION_02,False
HC2_TCATTTAGAAGTGTGA-1,BLIND_SECTION_02,False
HC2_TCCAACTCAGCTATCT-1,BLIND_SECTION_02,False
HC2_TCCAACTTTAAATTCT-1,BLIND_SECTION_02,True
HC2_TCCAGAGCACCGGTTC-1,BLIND_SECTION_02,False
HC2_TCCAGCGCTATAAGCG-1,BLIND_SECTION_02,True
HC2_TCCAGGCAGGACGATC-1,BLIND_SECTION_02,True
HC2_TCCCAAAGACGAAGGA-1,BLIND_SECTION_02,True
HC2_TCCCACTCTCTTCCGG-1,BLIND_SECTION_02,True
HC2_TCCCGCCTATGTGCGT-1,BLIND_SECTION_02,True
HC2_TCCCGGGTGTGCTGCT-1,BLIND_SECTION_02,True
HC2_TCCCGTGTGCAATTTG-1,BLIND_SECTION_02,True
HC2_TCCCTGGCTCGCTGGA-1,BLIND_SECTION_02,False
HC2_TCCGAAGTAGTCACCA-1,BLIND_SECTION_02,False
HC2_TCCGATGGTGCGACAT-1,BLIND_SECTION_02,False
HC2_TCCGATTACATTGCCG-1,BLIND_SECTION_02,False
HC2_TCCGCGGCCCAATGAA-1,BLIND_SECTION_02,True
HC2_TCCGGAGGAAGGGCTG-1,BLIND_SECTION_02,False
HC2_TCCGGCCTAGCGTACA-1,BLIND_SECTION_02,False
HC2_TCCGGCTGTCGGGTCG-1,BLIND_SECTION_02,False
HC2_TCCGGGCTTGACGGGA-1,BLIND_SECTION_02,False
HC2_TCCGTTAAGCTAATAT-1,BLIND_SECTION_02,True
HC2_TCCGTTTAGCCTTGAA-1,BLIND_SECTION_02,True
HC2_TCCTAGCAAAGAAGCT-1,BLIND_SECTION_02,False
HC2_TCCTCCTAAGACATTC-1,BLIND_SECTION_02,True
HC2_TCCTCGGGCTGGGCTT-1,BLIND_SECTION_02,True
HC2_TCCTCTCCAGTTGTCC-1,BLIND_SECTION_02,False
HC2_TCCTGCGTTGATACTC-1,BLIND_SECTION_02,False
HC2_TCCTGGCGCTGCCTGG-1,BLIND_SECTION_02,False
HC2_TCCTTACGACGGTCCG-1,BLIND_SECTION_02,False
HC2_TCGAATCGCAGGGTAG-1,BLIND_SECTION_02,False
HC2_TCGCAAAGATGCATTT-1,BLIND_SECTION_02,False
HC2_TCGCATCCCTAAGTGT-1,BLIND_SECTION_02,False
HC2_TCGCATTCAATGACTT-1,BLIND_SECTION_02,False
HC2_TCGCCCAACTGACTCC-1,BLIND_SECTION_02,False
HC2_TCGCGTCCAGAAGGTC-1,BLIND_SECTION_02,False
HC2_TCGCTGTGCGTAAATC-1,BLIND_SECTION_02,False
HC2_TCGGAATGCGCTCTGA-1,BLIND_SECTION_02,True
HC2_TCGGAGAGTATCGGGA-1,BLIND_SECTION_02,False
HC2_TCGGCAGGGTTAAGGG-1,BLIND_SECTION_02,False
HC2_TCGGCGAACCCAAACC-1,BLIND_SECTION_02,True
HC2_TCGGGAACGTGCCTAG-1,BLIND_SECTION_02,True
HC2_TCGGGCCGTCGTGGTA-1,BLIND_SECTION_02,True
HC2_TCGGTGACCGCTCCGG-1,BLIND_SECTION_02,True
HC2_TCGTAACTCCCAAGAC-1,BLIND_SECTION_02,False
HC2_TCGTACCGACGTCAAG-1,BLIND_SECTION_02,False
HC2_TCGTATCACCAAGCTA-1,BLIND_SECTION_02,False
HC2_TCGTCACACTGTTAGC-1,BLIND_SECTION_02,False
HC2_TCGTCCGCTGGCGTCT-1,BLIND_SECTION_02,True
HC2_TCGTCTTAGGCGTTAA-1,BLIND_SECTION_02,False
HC2_TCGTGTATTGGTCACG-1,BLIND_SECTION_02,True
HC2_TCGTGTCACGCTGACA-1,BLIND_SECTION_02,False
HC2_TCGTGTTCGACCACAA-1,BLIND_SECTION_02,False
HC2_TCGTTGGCTCGTCAAT-1,BLIND_SECTION_02,False
HC2_TCGTTTACGCGACCCT-1,BLIND_SECTION_02,False
HC2_TCTACCCAATAGAGAG-1,BLIND_SECTION_02,True
HC2_TCTAGCAATCTCCGCC-1,BLIND_SECTION_02,True
HC2_TCTAGCATCTTCGATG-1,BLIND_SECTION_02,False
HC2_TCTAGCATGCCCAGAA-1,BLIND_SECTION_02,False
HC2_TCTAGGTGGCGACGCT-1,BLIND_SECTION_02,False
HC2_TCTATCATGCAGTTAC-1,BLIND_SECTION_02,False
HC2_TCTATGCTATAACGAC-1,BLIND_SECTION_02,True
HC2_TCTATTACGCTGGCGA-1,BLIND_SECTION_02,False
HC2_TCTCAAATCAATCGGG-1,BLIND_SECTION_02,False
HC2_TCTCCACAAGTTGAAT-1,BLIND_SECTION_02,False
HC2_TCTCGACGTATCGCCG-1,BLIND_SECTION_02,True
HC2_TCTCGAGGAGGTTCGC-1,BLIND_SECTION_02,True
HC2_TCTCTAATAGCTGGTA-1,BLIND_SECTION_02,False
HC2_TCTCTCGCCGCACATA-1,BLIND_SECTION_02,False
HC2_TCTGAACCGGTCGGCT-1,BLIND_SECTION_02,False
HC2_TCTGAATTCCGTACAA-1,BLIND_SECTION_02,False
HC2_TCTGAGCAATTGACTG-1,BLIND_SECTION_02,True
HC2_TCTGATTGGAAATGGA-1,BLIND_SECTION_02,True
HC2_TCTGCTTAGAACAAGC-1,BLIND_SECTION_02,False
HC2_TCTGGAGCGTAAGAGT-1,BLIND_SECTION_02,True
HC2_TCTGGGAACCTTTGAA-1,BLIND_SECTION_02,False
HC2_TCTGGGTAGCGCTCAT-1,BLIND_SECTION_02,False
HC2_TCTGTCATACAAGAGC-1,BLIND_SECTION_02,True
HC2_TCTGTGATGGAGGTTG-1,BLIND_SECTION_02,True
HC2_TCTTACAGAGGTACCG-1,BLIND_SECTION_02,False
HC2_TCTTCCCATGGGCACA-1,BLIND_SECTION_02,False
HC2_TCTTCGAATAGACGTT-1,BLIND_SECTION_02,True
HC2_TCTTCTATAACCCGCC-1,BLIND_SECTION_02,True
HC2_TCTTTAAGACTATGAA-1,BLIND_SECTION_02,False
HC2_TCTTTAGAGTCTAACA-1,BLIND_SECTION_02,True
HC2_TCTTTCCTTCGAGATA-1,BLIND_SECTION_02,True
HC2_TGAAAGGACCTGACTC-1,BLIND_SECTION_02,False
HC2_TGAATGTCAGCCGGCC-1,BLIND_SECTION_02,True
HC2_TGACATCGAGCGGACC-1,BLIND_SECTION_02,False
HC2_TGACCAGCTTCAAAGT-1,BLIND_SECTION_02,True
HC2_TGACCCAGCATTCCCG-1,BLIND_SECTION_02,False
HC2_TGACGAATATTTCCCT-1,BLIND_SECTION_02,False
HC2_TGACGATGCACTAGAA-1,BLIND_SECTION_02,False
HC2_TGACTATAATCCTTTC-1,BLIND_SECTION_02,False
HC2_TGACTCTAACTGGTAA-1,BLIND_SECTION_02,False
HC2_TGAGAATGCTTTACCG-1,BLIND_SECTION_02,True
HC2_TGAGCCATACAGTCTC-1,BLIND_SECTION_02,False
HC2_TGAGCTCAACTGTATA-1,BLIND_SECTION_02,False
HC2_TGAGTGTAACAACGGG-1,BLIND_SECTION_02,False
HC2_TGAGTTAAAGACATTC-1,BLIND_SECTION_02,True
HC2_TGATCACCACACTGAC-1,BLIND_SECTION_02,False
HC2_TGATCAGGGAACTGCT-1,BLIND_SECTION_02,False
HC2_TGATCCCAGCATTAGT-1,BLIND_SECTION_02,True
HC2_TGATCGGTTTGACCCT-1,BLIND_SECTION_02,True
HC2_TGATTATGGCACGCAG-1,BLIND_SECTION_02,False
HC2_TGATTTATTAGCTGTG-1,BLIND_SECTION_02,False
HC2_TGATTTCCTCCTGACG-1,BLIND_SECTION_02,False
HC2_TGCAACTACTGGTTGA-1,BLIND_SECTION_02,False
HC2_TGCAATCTAACACGGT-1,BLIND_SECTION_02,False
HC2_TGCACAGTGAAGTTAT-1,BLIND_SECTION_02,False
HC2_TGCACGAGTCGGCAGC-1,BLIND_SECTION_02,True
HC2_TGCAGTTTCCTCCCAT-1,BLIND_SECTION_02,True
HC2_TGCATGGCAGTCTTGC-1,BLIND_SECTION_02,False
HC2_TGCCATTACTAAAGAA-1,BLIND_SECTION_02,True
HC2_TGCCCGTACCGTTAAA-1,BLIND_SECTION_02,False
HC2_TGCCTAAATTTAATAG-1,BLIND_SECTION_02,True
HC2_TGCCTAATTGAAGATT-1,BLIND_SECTION_02,True
HC2_TGCCTTGGCCAGGCAA-1,BLIND_SECTION_02,False
HC2_TGCGAGATGGCGGCCA-1,BLIND_SECTION_02,False
HC2_TGCGTACGGCTAATTG-1,BLIND_SECTION_02,False
HC2_TGCGTTTGTTGACACT-1,BLIND_SECTION_02,True
HC2_TGCTCACACAACAACC-1,BLIND_SECTION_02,False
HC2_TGCTGGTTGGACAATT-1,BLIND_SECTION_02,False
HC2_TGCTGTTGAAGAACTC-1,BLIND_SECTION_02,True
HC2_TGGAAGAAGGGAACGT-1,BLIND_SECTION_02,False
HC2_TGGAAGACGAACACCA-1,BLIND_SECTION_02,False
HC2_TGGAATTAGACGCTTT-1,BLIND_SECTION_02,False
HC2_TGGACTGTTCGCTCAA-1,BLIND_SECTION_02,True
HC2_TGGATGGCATCTTGGA-1,BLIND_SECTION_02,False
HC2_TGGCAATGGGACGGCG-1,BLIND_SECTION_02,True
HC2_TGGCACGAGCTCGAGT-1,BLIND_SECTION_02,True
HC2_TGGCAGATTACGATCA-1,BLIND_SECTION_02,True
HC2_TGGCAGCAGTAATAGT-1,BLIND_SECTION_02,False
HC2_TGGCTACACTCTACCT-1,BLIND_SECTION_02,False
HC2_TGGCTTTGGGTAGACA-1,BLIND_SECTION_02,False
HC2_TGGGCAATAGTTGGGT-1,BLIND_SECTION_02,True
HC2_TGGGCAGGCCACCGCA-1,BLIND_SECTION_02,True
HC2_TGGGTGGGATGTCATT-1,BLIND_SECTION_02,False
HC2_TGGGTGTAATAGATTT-1,BLIND_SECTION_02,False
HC2_TGGTAGAATATATGGG-1,BLIND_SECTION_02,False
HC2_TGGTATCGCATCCCAA-1,BLIND_SECTION_02,True
HC2_TGGTCGTTTGATAGAT-1,BLIND_SECTION_02,False
HC2_TGGTCTGTTGGGCGTA-1,BLIND_SECTION_02,False
HC2_TGGTGCCCTGCCTTAC-1,BLIND_SECTION_02,False
HC2_TGGTTCGTAGCAAAGG-1,BLIND_SECTION_02,False
HC2_TGTAATGCCTTCGGAC-1,BLIND_SECTION_02,False
HC2_TGTAGTGATCTATAAT-1,BLIND_SECTION_02,False
HC2_TGTATCAGACTGAAGC-1,BLIND_SECTION_02,False
HC2_TGTCCACGGCTCAACT-1,BLIND_SECTION_02,False
HC2_TGTCCGTGGCGCCTTT-1,BLIND_SECTION_02,False
HC2_TGTCCTAAGTCACCGC-1,BLIND_SECTION_02,False
HC2_TGTGGCAAAGCGTATG-1,BLIND_SECTION_02,True
HC2_TGTGTTCGTATCCAAG-1,BLIND_SECTION_02,False
HC2_TGTTTCGGTACTTCTC-1,BLIND_SECTION_02,False
HC2_TGTTTGAGATCGTCAG-1,BLIND_SECTION_02,True
HC2_TTAAACCGGTAGCGAC-1,BLIND_SECTION_02,False
HC2_TTAAACTCGAATTCAT-1,BLIND_SECTION_02,False
HC2_TTAACACCTCGAACAT-1,BLIND_SECTION_02,False
HC2_TTAACCAACCCTCCCT-1,BLIND_SECTION_02,True
HC2_TTAACTGATCGTTTGG-1,BLIND_SECTION_02,False
HC2_TTAACTTCAGGTAGGA-1,BLIND_SECTION_02,True
HC2_TTAAGACGAACGAACC-1,BLIND_SECTION_02,True
HC2_TTAAGATAGGATTGAC-1,BLIND_SECTION_02,False
HC2_TTAAGTATTGTTATCC-1,BLIND_SECTION_02,False
HC2_TTACAACTACGCATCC-1,BLIND_SECTION_02,False
HC2_TTACAGACCTAAATGA-1,BLIND_SECTION_02,True
HC2_TTACATCGTGGCCTGG-1,BLIND_SECTION_02,False
HC2_TTACATGCCACAACTA-1,BLIND_SECTION_02,False
HC2_TTACCATTGATTACCC-1,BLIND_SECTION_02,False
HC2_TTACGGATGGTTCGAG-1,BLIND_SECTION_02,False
HC2_TTACGTAGCGCGTGCT-1,BLIND_SECTION_02,False
HC2_TTACTCTGGTACGTAC-1,BLIND_SECTION_02,False
HC2_TTACTGGGATATTTCA-1,BLIND_SECTION_02,False
HC2_TTAGCAACATGGATGT-1,BLIND_SECTION_02,False
HC2_TTAGCTGATTTGCCGT-1,BLIND_SECTION_02,False
HC2_TTAGGATGGGAGGGTA-1,BLIND_SECTION_02,False
HC2_TTAGTAAACCTGCTCT-1,BLIND_SECTION_02,False
HC2_TTATAGTCCAAGGTGC-1,BLIND_SECTION_02,True
HC2_TTATATACGCTGTCAC-1,BLIND_SECTION_02,True
HC2_TTATCCAATCGAACTC-1,BLIND_SECTION_02,True
HC2_TTATCTGTATCATAAC-1,BLIND_SECTION_02,False
HC2_TTATGAATGAAAGGGA-1,BLIND_SECTION_02,False
HC2_TTATGATCTTAACGAA-1,BLIND_SECTION_02,False
HC2_TTATGTTTGCGATAGA-1,BLIND_SECTION_02,False
HC2_TTATTAGAGCGTGTTC-1,BLIND_SECTION_02,False
HC2_TTATTTAGGTTCCTTA-1,BLIND_SECTION_02,False
HC2_TTCAACGACCCGACCG-1,BLIND_SECTION_02,False
HC2_TTCAATACTCTGAATC-1,BLIND_SECTION_02,True
HC2_TTCCATCATGCGGTGA-1,BLIND_SECTION_02,True
HC2_TTCCGCGTGAGGCGAT-1,BLIND_SECTION_02,True
HC2_TTCCGGCTCGACTTCT-1,BLIND_SECTION_02,False
HC2_TTCCGGTATCTGTGTC-1,BLIND_SECTION_02,True
HC2_TTCCTCGAGGGTGTCT-1,BLIND_SECTION_02,False
HC2_TTCCTCGGACTAACCA-1,BLIND_SECTION_02,False
HC2_TTCGACGGGAAGGGCG-1,BLIND_SECTION_02,True
HC2_TTCGCACTCGCGTGCT-1,BLIND_SECTION_02,True
HC2_TTCGCTAGGAAGTTGT-1,BLIND_SECTION_02,True
HC2_TTCGGACTGATGCCTT-1,BLIND_SECTION_02,True
HC2_TTCGGGTTGCCACGGG-1,BLIND_SECTION_02,True
HC2_TTCGTACTCCAGAACG-1,BLIND_SECTION_02,True
HC2_TTCGTGCATGTTATAG-1,BLIND_SECTION_02,False
HC2_TTCGTGGGCTGGAAGC-1,BLIND_SECTION_02,False
HC2_TTCTAACCGAAGCTTA-1,BLIND_SECTION_02,True
HC2_TTCTACTTGCGAGGGC-1,BLIND_SECTION_02,True
HC2_TTCTAGGCCAATTGTG-1,BLIND_SECTION_02,False
HC2_TTCTGACCGGGCTCAA-1,BLIND_SECTION_02,False
HC2_TTCTGCCGCGCCTAGA-1,BLIND_SECTION_02,False
HC2_TTCTGCTAGACTCCAA-1,BLIND_SECTION_02,True
HC2_TTCTTAGTGAACGGTG-1,BLIND_SECTION_02,False
HC2_TTCTTATCCGCTGGGT-1,BLIND_SECTION_02,False
HC2_TTCTTGCTAGCATCTC-1,BLIND_SECTION_02,False
HC2_TTCTTGTAACCTAATG-1,BLIND_SECTION_02,True
HC2_TTGAAACCCTCATTCC-1,BLIND_SECTION_02,False
HC2_TTGAACGAATCCTTTG-1,BLIND_SECTION_02,True
HC2_TTGAATTCACGTGAGG-1,BLIND_SECTION_02,True
HC2_TTGACATGAACGTGGA-1,BLIND_SECTION_02,True
HC2_TTGACGCTCCATGAGC-1,BLIND_SECTION_02,False
HC2_TTGACTATTGTCCGGC-1,BLIND_SECTION_02,False
HC2_TTGAGAGTACTGCTAA-1,BLIND_SECTION_02,True
HC2_TTGAGCAGCCCACGGT-1,BLIND_SECTION_02,True
HC2_TTGATTAGCTGTTTCT-1,BLIND_SECTION_02,True
HC2_TTGCACAATTCAGAAA-1,BLIND_SECTION_02,False
HC2_TTGCACGGAGCAGCAC-1,BLIND_SECTION_02,False
HC2_TTGCAGGTCATGAAGT-1,BLIND_SECTION_02,False
HC2_TTGCATGCTGATCACG-1,BLIND_SECTION_02,True
HC2_TTGCCAAGCAGAACCC-1,BLIND_SECTION_02,False
HC2_TTGCCCTGATCACGGG-1,BLIND_SECTION_02,False
HC2_TTGCGCTTGATCAATA-1,BLIND_SECTION_02,False
HC2_TTGCGTAGTTTGAGGA-1,BLIND_SECTION_02,True
HC2_TTGCTGAAGGAACCAC-1,BLIND_SECTION_02,False
HC2_TTGCTGCACCTATCCA-1,BLIND_SECTION_02,True
HC2_TTGGAAGAATACAGTC-1,BLIND_SECTION_02,False
HC2_TTGGACATGTGGCTTA-1,BLIND_SECTION_02,False
HC2_TTGGACCATCTGGCAA-1,BLIND_SECTION_02,True
HC2_TTGGATTGGGTACCAC-1,BLIND_SECTION_02,False
HC2_TTGGCTCGCATGAGAC-1,BLIND_SECTION_02,True
HC2_TTGGGACGTAAGAGTT-1,BLIND_SECTION_02,True
HC2_TTGGTTCGCTCAAAGG-1,BLIND_SECTION_02,True
HC2_TTGTAACTTCATAGCG-1,BLIND_SECTION_02,False
HC2_TTGTAAGGACCTAAGT-1,BLIND_SECTION_02,False
HC2_TTGTCGTTCAGTTACC-1,BLIND_SECTION_02,False
HC2_TTGTGGTGGTACTAAG-1,BLIND_SECTION_02,False
HC2_TTGTTAGCAAATTCGA-1,BLIND_SECTION_02,True
HC2_TTGTTCAGTGTGCTAC-1,BLIND_SECTION_02,False
HC2_TTGTTTCCATACAACT-1,BLIND_SECTION_02,True
HC2_TTGTTTGTGTAAATTC-1,BLIND_SECTION_02,False
UC1_AAACAAGTATCTCCCA-1,BLIND_SECTION_03,True
UC1_AAACCCGAACGAAATC-1,BLIND_SECTION_03,True
UC1_AAACCTAAGCAGCCGG-1,BLIND_SECTION_03,True
UC1_AAACGGGCGTACGGGT-1,BLIND_SECTION_03,False
UC1_AAATGGCCCGTGCCCT-1,BLIND_SECTION_03,True
UC1_AAATTCCAGGTCCAAA-1,BLIND_SECTION_03,False
UC1_AACAGGAAATCGAATA-1,BLIND_SECTION_03,False
UC1_AACCGAGCTTGGTCAT-1,BLIND_SECTION_03,False
UC1_AACCTTTAAATACGGT-1,BLIND_SECTION_03,False
UC1_AACCTTTACGACGTCT-1,BLIND_SECTION_03,True
UC1_AACGCGGTCTCCAGCC-1,BLIND_SECTION_03,False
UC1_AACTACCCGTTTGTCA-1,BLIND_SECTION_03,True
UC1_AACTGATATTAGGCCT-1,BLIND_SECTION_03,False
UC1_AACTGGGTCCCGACGT-1,BLIND_SECTION_03,False
UC1_AAGAGGCCCTTTGGAA-1,BLIND_SECTION_03,False
UC1_AAGCATACTCTCCTGA-1,BLIND_SECTION_03,True
UC1_AAGCTAGATCGAGTAA-1,BLIND_SECTION_03,True
UC1_AAGGCAGGCTGTCTCC-1,BLIND_SECTION_03,True
UC1_AAGTGACGACCGAATT-1,BLIND_SECTION_03,True
UC1_AAGTGTTTGGAGACGG-1,BLIND_SECTION_03,False
UC1_AAGTTCACTCCAAGCT-1,BLIND_SECTION_03,False
UC1_AAGTTTATGGGCCCAA-1,BLIND_SECTION_03,True
UC1_AATATCGAATCAATGC-1,BLIND_SECTION_03,True
UC1_AATCGTGAGCCGAGCA-1,BLIND_SECTION_03,False
UC1_AATGCAACCGGGTACC-1,BLIND_SECTION_03,False
UC1_AATTATACCCAGCAAG-1,BLIND_SECTION_03,False
UC1_ACAAATCGCACCGAAT-1,BLIND_SECTION_03,False
UC1_ACAACGGTCCCTGCGA-1,BLIND_SECTION_03,True
UC1_ACAAGGACAAGAGGTT-1,BLIND_SECTION_03,False
UC1_ACAATAGTCGTACGTT-1,BLIND_SECTION_03,False
UC1_ACAATTTGGCCATATT-1,BLIND_SECTION_03,True
UC1_ACACAAAGACGGGTGG-1,BLIND_SECTION_03,False
UC1_ACACACTTTCTACACG-1,BLIND_SECTION_03,False
UC1_ACACCACATAATTAGC-1,BLIND_SECTION_03,False
UC1_ACAGTAATACAACTTG-1,BLIND_SECTION_03,False
UC1_ACATAATAAGGCGGTG-1,BLIND_SECTION_03,False
UC1_ACCACAACTCAGAACA-1,BLIND_SECTION_03,False
UC1_ACCAGACCATAACAAC-1,BLIND_SECTION_03,False
UC1_ACCCGGAAACTCCCAG-1,BLIND_SECTION_03,True
UC1_ACCCTCCCGTCAGGGC-1,BLIND_SECTION_03,True
UC1_ACCGCAATAACTGCCT-1,BLIND_SECTION_03,False
UC1_ACGAGGATACCACTCT-1,BLIND_SECTION_03,True
UC1_ACGTAGGAGAGTCGCT-1,BLIND_SECTION_03,True
UC1_ACGTGCGCCTCGTGCA-1,BLIND_SECTION_03,False
UC1_ACGTTCGCAATCAATT-1,BLIND_SECTION_03,False
UC1_ACGTTTAGTTGTGATC-1,BLIND_SECTION_03,False
UC1_ACTACCAGCTCTCTGG-1,BLIND_SECTION_03,False
UC1_ACTAGTTGCGATCGTC-1,BLIND_SECTION_03,True
UC1_ACTCAAGTGCAAGGCT-1,BLIND_SECTION_03,False
UC1_ACTCCCATTCCTAAAG-1,BLIND_SECTION_03,True
UC1_ACTCTCTTATACACGA-1,BLIND_SECTION_03,False
UC1_ACTGCCGTCGTAACTC-1,BLIND_SECTION_03,False
UC1_ACTTCAGGCTGATCCC-1,BLIND_SECTION_03,False
UC1_ACTTTGTCGACGCACT-1,BLIND_SECTION_03,False
UC1_AGAAGGTACACTTCAC-1,BLIND_SECTION_03,True
UC1_AGACCAAACCACACCT-1,BLIND_SECTION_03,True
UC1_AGACGGGCCGATTTAA-1,BLIND_SECTION_03,False
UC1_AGAGCCGCCGAGATTT-1,BLIND_SECTION_03,False
UC1_AGAGCGCTTGTAACGG-1,BLIND_SECTION_03,False
UC1_AGAGCGGGCTAATCAT-1,BLIND_SECTION_03,False
UC1_AGATACGACTTCATAT-1,BLIND_SECTION_03,True
UC1_AGATGACTCGCCCACG-1,BLIND_SECTION_03,False
UC1_AGCACTACCTCACCAG-1,BLIND_SECTION_03,False
UC1_AGCATCGTCGATAATT-1,BLIND_SECTION_03,False
UC1_AGCCCTGTCGCACCGT-1,BLIND_SECTION_03,False
UC1_AGCCCTTGGACATCCC-1,BLIND_SECTION_03,False
UC1_AGCGACATCCCATTCA-1,BLIND_SECTION_03,False
UC1_AGCGACCAACGATATT-1,BLIND_SECTION_03,False
UC1_AGCGATGCGCCTAATA-1,BLIND_SECTION_03,True
UC1_AGCGCTTATGGGCAAG-1,BLIND_SECTION_03,False
UC1_AGCGGGTCTGACACTC-1,BLIND_SECTION_03,True
UC1_AGCTATTTAATCCAAC-1,BLIND_SECTION_03,False
UC1_AGCTCCATATATGTTC-1,BLIND_SECTION_03,False
UC1_AGCTCCTTCGCACATC-1,BLIND_SECTION_03,False
UC1_AGCTCTTTACTCAGTT-1,BLIND_SECTION_03,False
UC1_AGGAAGCTGTCCGCCG-1,BLIND_SECTION_03,True
UC1_AGGCACGTGACTGTCC-1,BLIND_SECTION_03,False
UC1_AGGCCACATTGGTTAC-1,BLIND_SECTION_03,True
UC1_AGGCTATGGTTAGCTT-1,BLIND_SECTION_03,True
UC1_AGGTTGAGGCACGCTT-1,BLIND_SECTION_03,True
UC1_AGTACAGAAGCTTATA-1,BLIND_SECTION_03,True
UC1_AGTACGTGGCCTGTCT-1,BLIND_SECTION_03,False
UC1_AGTATGCTGGAGACCA-1,BLIND_SECTION_03,True
UC1_AGTCACTAGCTCTCGA-1,BLIND_SECTION_03,False
UC1_AGTCAGCCACCGCCTG-1,BLIND_SECTION_03,True
UC1_AGTCTTTAAAGTGTCC-1,BLIND_SECTION_03,True
UC1_AGTTACTCTATCGTGG-1,BLIND_SECTION_03,False
UC1_ATAAGGTGGAGAACAT-1,BLIND_SECTION_03,True
UC1_ATACCACGGGCAACTT-1,BLIND_SECTION_03,False
UC1_ATACTGCCTTACACCG-1,BLIND_SECTION_03,False
UC1_ATAGCCATAACAGTCA-1,BLIND_SECTION_03,True
UC1_ATAGGGATATCCTTGA-1,BLIND_SECTION_03,False
UC1_ATATAAAGCGCTCGTG-1,BLIND_SECTION_03,True
UC1_ATATAACACGGGCGCA-1,BLIND_SECTION_03,False
UC1_ATATCGTTCCTCGAAC-1,BLIND_SECTION_03,False
UC1_ATATTCAGTTAAACCT-1,BLIND_SECTION_03,True
UC1_ATATTCCCACAGGTCA-1,BLIND_SECTION_03,False
UC1_ATCACTTCATCCTCGC-1,BLIND_SECTION_03,False
UC1_ATCATGGACTACCGAC-1,BLIND_SECTION_03,True
UC1_ATCCACTTTCAGACTA-1,BLIND_SECTION_03,False
UC1_ATCCAGGATTCGTGAA-1,BLIND_SECTION_03,False
UC1_ATCGCACGCCGGGAGA-1,BLIND_SECTION_03,False
UC1_ATCGTTCACTTTCGCC-1,BLIND_SECTION_03,False
UC1_ATCTACCATCTGCTCC-1,BLIND_SECTION_03,True
UC1_ATCTCCCACGGAATAT-1,BLIND_SECTION_03,False
UC1_ATCTCCCTGCAATCTA-1,BLIND_SECTION_03,False
UC1_ATGACGCCGGCTCTAA-1,BLIND_SECTION_03,False
UC1_ATGAGGAGTGTTAATC-1,BLIND_SECTION_03,True
UC1_ATGAGGGCAGCGGCTA-1,BLIND_SECTION_03,True
UC1_ATGCTTAGGAGTTGAT-1,BLIND_SECTION_03,False
UC1_ATGTACATGCGGTGAG-1,BLIND_SECTION_03,False
UC1_ATGTGCATCCGACGCA-1,BLIND_SECTION_03,False
UC1_ATGTTACGAGCAATAC-1,BLIND_SECTION_03,True
UC1_ATGTTGATTAGAGACT-1,BLIND_SECTION_03,False
UC1_ATTAATTCGGTCACTC-1,BLIND_SECTION_03,False
UC1_ATTACCACACTGCCTG-1,BLIND_SECTION_03,False
UC1_ATTAGATTGATAGCGG-1,BLIND_SECTION_03,False
UC1_ATTATGCCATAGGGAG-1,BLIND_SECTION_03,False
UC1_ATTATTCAGAGTCACT-1,BLIND_SECTION_03,True
UC1_ATTCCTAAGACGTGGA-1,BLIND_SECTION_03,False
UC1_ATTCTGAGTATGAACT-1,BLIND_SECTION_03,False
UC1_ATTTGTTCCAGGGCTC-1,BLIND_SECTION_03,False
UC1_CAAACTCGCGACGCCG-1,BLIND_SECTION_03,True
UC1_CAACGACCCGTTTACA-1,BLIND_SECTION_03,False
UC1_CAAGCACCAAATGCCT-1,BLIND_SECTION_03,False
UC1_CAATATGTAGATTTAC-1,BLIND_SECTION_03,False
UC1_CAATGCGAGAAGTATC-1,BLIND_SECTION_03,False
UC1_CACACAGCTTGCGCTC-1,BLIND_SECTION_03,True
UC1_CACACGTTTCAATGGG-1,BLIND_SECTION_03,False
UC1_CACAGGGCCATATAGT-1,BLIND_SECTION_03,False
UC1_CACAGTCCCGCTTCGC-1,BLIND_SECTION_03,False
UC1_CACCCTAACAAGATCT-1,BLIND_SECTION_03,False
UC1_CACCCTTGGTGAGACC-1,BLIND_SECTION_03,True
UC1_CACCGCCAGAAGGTTT-1,BLIND_SECTION_03,False
UC1_CACCTAATCAGTTTAC-1,BLIND_SECTION_03,False
UC1_CACCTCGATGGTGGAC-1,BLIND_SECTION_03,False
UC1_CACTACGGGAGCTGCC-1,BLIND_SECTION_03,False
UC1_CACTTCGCCACAGGCT-1,BLIND_SECTION_03,True
UC1_CAGAACTTAGCCCTCT-1,BLIND_SECTION_03,False
UC1_CATAGAGGAGATACTA-1,BLIND_SECTION_03,True
UC1_CATATACTACTGATAA-1,BLIND_SECTION_03,True
UC1_CATCGCCCGCGGCCAA-1,BLIND_SECTION_03,False
UC1_CATCTACCCGAGAACG-1,BLIND_SECTION_03,False
UC1_CATGATGCACAATTCT-1,BLIND_SECTION_03,False
UC1_CATGCACGTGTTACTG-1,BLIND_SECTION_03,False
UC1_CATGCCAACTCGCAAA-1,BLIND_SECTION_03,True
UC1_CATGCTGGCTCCAATT-1,BLIND_SECTION_03,False
UC1_CATTACGTCGGCCCGT-1,BLIND_SECTION_03,False
UC1_CATTATGCTTGTTGTG-1,BLIND_SECTION_03,False
UC1_CATTCGTCGTAGCGGT-1,BLIND_SECTION_03,False
UC1_CCAACTTGATAGATCC-1,BLIND_SECTION_03,False
UC1_CCAAGACTTCTGCGAA-1,BLIND_SECTION_03,False
UC1_CCACGAGAAGAGAATC-1,BLIND_SECTION_03,False
UC1_CCACTATCCGGGTCAC-1,BLIND_SECTION_03,False
UC1_CCAGCTCGAACGCATT-1,BLIND_SECTION_03,False
UC1_CCAGGCTGGCGTCTGA-1,BLIND_SECTION_03,False
UC1_CCAGGGACGTGGCCTC-1,BLIND_SECTION_03,False
UC1_CCAGTTCGGTAACTCA-1,BLIND_SECTION_03,True
UC1_CCATACCTTTACTTGT-1,BLIND_SECTION_03,True
UC1_CCATAGGTTGGCGTGG-1,BLIND_SECTION_03,False
UC1_CCATCCATACCAAGTC-1,BLIND_SECTION_03,True
UC1_CCCACTCCACGGTATC-1,BLIND_SECTION_03,False
UC1_CCCGACCATAGTCCGC-1,BLIND_SECTION_03,False
UC1_CCCTACTTGAACAATG-1,BLIND_SECTION_03,True
UC1_CCCTGCCCAATCCGCT-1,BLIND_SECTION_03,True
UC1_CCGACAATAGGCCGCC-1,BLIND_SECTION_03,False
UC1_CCGAGAAGTCGCATAA-1,BLIND_SECTION_03,True
UC1_CCGCCGGTCAACACAC-1,BLIND_SECTION_03,False
UC1_CCGCCGTTGAGGATAA-1,BLIND_SECTION_03,True
UC1_CCTATAATGAGTGCCC-1,BLIND_SECTION_03,False
UC1_CCTCACCAATCTTGAC-1,BLIND_SECTION_03,True
UC1_CCTCACCTGAGGGAGC-1,BLIND_SECTION_03,True
UC1_CCTCACGTCAGCTAAT-1,BLIND_SECTION_03,False
UC1_CCTCGCCAGCAAATTA-1,BLIND_SECTION_03,False
UC1_CCTCTAATCTGCCAAG-1,BLIND_SECTION_03,True
UC1_CCTCTGGCCTAGACGG-1,BLIND_SECTION_03,False
UC1_CCTGAATATTTACATA-1,BLIND_SECTION_03,True
UC1_CCTGACGCAACCTTTA-1,BLIND_SECTION_03,False
UC1_CCTGCTATTTGAGAAG-1,BLIND_SECTION_03,False
UC1_CCTGTACTCACGCCCA-1,BLIND_SECTION_03,True
UC1_CCTTCTTGATCCAGTG-1,BLIND_SECTION_03,False
UC1_CGAACGGCCGGACAAC-1,BLIND_SECTION_03,True
UC1_CGACTTTGTATAGCCT-1,BLIND_SECTION_03,False
UC1_CGCAAACACGAGTTAC-1,BLIND_SECTION_03,False
UC1_CGCAATTACTTTCGGT-1,BLIND_SECTION_03,True
UC1_CGCATTAGCTAATAGG-1,BLIND_SECTION_03,False
UC1_CGCCACAGGTCGCGAT-1,BLIND_SECTION_03,False
UC1_CGCGCCCGACTTAATA-1,BLIND_SECTION_03,True
UC1_CGCGTTCATGAAATAC-1,BLIND_SECTION_03,False
UC1_CGCTTTCCGCCAAGGT-1,BLIND_SECTION_03,True
UC1_CGGACCTTTACGTCCC-1,BLIND_SECTION_03,True
UC1_CGGCAGGGTCGGGTTG-1,BLIND_SECTION_03,True
UC1_CGGCTCTAAAGCTGCA-1,BLIND_SECTION_03,True
UC1_CGGGAATATAGTATAC-1,BLIND_SECTION_03,True
UC1_CGGGTGTACCCATTTA-1,BLIND_SECTION_03,False
UC1_CGGGTTTGTTAGGGCT-1,BLIND_SECTION_03,False
UC1_CGGTTGGGCAGGGTCC-1,BLIND_SECTION_03,True
UC1_CGTACCTGATAGGCCT-1,BLIND_SECTION_03,False
UC1_CGTCTGGAAGGGCCCG-1,BLIND_SECTION_03,False
UC1_CGTGGAAGCCTCGTAC-1,BLIND_SECTION_03,True
UC1_CGTTAGCTCACAACTG-1,BLIND_SECTION_03,True
UC1_CGTTTAAGCGGAGCAC-1,BLIND_SECTION_03,False
UC1_CTAAGTACAGGGCTAC-1,BLIND_SECTION_03,False
UC1_CTAATTCGCACGCGCT-1,BLIND_SECTION_03,False
UC1_CTAATTCTCAGATATT-1,BLIND_SECTION_03,False
UC1_CTACCCTAAGGTCATA-1,BLIND_SECTION_03,False
UC1_CTACTATCTTTCAGAG-1,BLIND_SECTION_03,True
UC1_CTAGACTGCATTTCGT-1,BLIND_SECTION_03,False
UC1_CTAGTTACAACCCGGT-1,BLIND_SECTION_03,False
UC1_CTATCACAACGCTGGA-1,BLIND_SECTION_03,True
UC1_CTATCGCGTAGAGAAC-1,BLIND_SECTION_03,False
UC1_CTATGTCTATTGAAAC-1,BLIND_SECTION_03,False
UC1_CTCAAGACATTAGCGC-1,BLIND_SECTION_03,False
UC1_CTCAGGACTCACCTGT-1,BLIND_SECTION_03,True
UC1_CTCATTTGATGGGCGG-1,BLIND_SECTION_03,False
UC1_CTCCGGCCTAATATGC-1,BLIND_SECTION_03,False
UC1_CTCCTGTTCAAGGCAG-1,BLIND_SECTION_03,False
UC1_CTCGCCGAATGTAGGG-1,BLIND_SECTION_03,True
UC1_CTCGTTTCTAATGTTT-1,BLIND_SECTION_03,False
UC1_CTGAAAGAGATCCGAC-1,BLIND_SECTION_03,False
UC1_CTGCACAACTACATAT-1,BLIND_SECTION_03,True
UC1_CTGCCTAGCCACCAAG-1,BLIND_SECTION_03,False
UC1_CTGCGGTAGTCACGTG-1,BLIND_SECTION_03,False
UC1_CTGGGATACGCTACCC-1,BLIND_SECTION_03,False
UC1_CTGGGCTATCCTTTGG-1,BLIND_SECTION_03,False
UC1_CTGGTTCGCGAGCTAC-1,BLIND_SECTION_03,True
UC1_CTGTTCACTGCCTGTG-1,BLIND_SECTION_03,False
UC1_CTGTTCATCTCACGGG-1,BLIND_SECTION_03,True
UC1_CTTAACTTACAGTATA-1,BLIND_SECTION_03,True
UC1_CTTCTTACGTCGTATA-1,BLIND_SECTION_03,False
UC1_CTTGATGACCATCCAG-1,BLIND_SECTION_03,True
UC1_GAAACAGCCATGCAGT-1,BLIND_SECTION_03,False
UC1_GAAATACCTGCTGGCT-1,BLIND_SECTION_03,False
UC1_GAAATCGCGCGCAACT-1,BLIND_SECTION_03,False
UC1_GAAATTAGCACGGATA-1,BLIND_SECTION_03,True
UC1_GAACACACATCAACCA-1,BLIND_SECTION_03,False
UC1_GAACCCTCTGTGTTCT-1,BLIND_SECTION_03,True
UC1_GAACGACCGAATGATA-1,BLIND_SECTION_03,False
UC1_GAACGCGGGTCACACG-1,BLIND_SECTION_03,True
UC1_GAATAGCATTTAGGGT-1,BLIND_SECTION_03,True
UC1_GACAAGAGATGAGATT-1,BLIND_SECTION_03,False
UC1_GACGACGATCCGCGTT-1,BLIND_SECTION_03,True
UC1_GACTAAGATCATGCAC-1,BLIND_SECTION_03,False
UC1_GACTGGGCGCCGCAAC-1,BLIND_SECTION_03,False
UC1_GAGATGGCTTTAATCA-1,BLIND_SECTION_03,True
UC1_GAGATGGGAGTCGACA-1,BLIND_SECTION_03,True
UC1_GAGGAATGGAGAGGTT-1,BLIND_SECTION_03,True
UC1_GAGGTACGCGTGTCCC-1,BLIND_SECTION_03,True
UC1_GAGTATCAAAGTTACA-1,BLIND_SECTION_03,False
UC1_GATATCTCATGCAATA-1,BLIND_SECTION_03,False
UC1_GATCCTCTTGCGCTTA-1,BLIND_SECTION_03,False
UC1_GATCGCTATATCTCAG-1,BLIND_SECTION_03,True
UC1_GATGTTCAATCCACGA-1,BLIND_SECTION_03,True
UC1_GATGTTTGTGCGAGAT-1,BLIND_SECTION_03,True
UC1_GCAACACACTAGAACT-1,BLIND_SECTION_03,False
UC1_GCAACAGCAGTATGCG-1,BLIND_SECTION_03,True
UC1_GCAACCACCAGACCGG-1,BLIND_SECTION_03,False
UC1_GCACAAACGAGGCGTG-1,BLIND_SECTION_03,True
UC1_GCACGCCGATTCCCGC-1,BLIND_SECTION_03,True
UC1_GCACTGCCTACCTTTA-1,BLIND_SECTION_03,True
UC1_GCAGCTGTCAACGCAT-1,BLIND_SECTION_03,True
UC1_GCAGTTCGATCCGAGC-1,BLIND_SECTION_03,False
UC1_GCATTGACTTGCGGAA-1,BLIND_SECTION_03,False
UC1_GCATTTCCAAGGCTCC-1,BLIND_SECTION_03,False
UC1_GCCACTCCTTACGGTA-1,BLIND_SECTION_03,False
UC1_GCCCTGAGGATGGGCT-1,BLIND_SECTION_03,True
UC1_GCCGCACTCCGTTTCA-1,BLIND_SECTION_03,True
UC1_GCCTCCGACAATTCAC-1,BLIND_SECTION_03,False
UC1_GCGCATCCAGTCAGCA-1,BLIND_SECTION_03,True
UC1_GCGCCTCCCACTCCGA-1,BLIND_SECTION_03,True
UC1_GCGCGTCATTGGTACA-1,BLIND_SECTION_03,False
UC1_GCGCTCGATCACCTGT-1,BLIND_SECTION_03,True
UC1_GCTAACTGAAGTCTGA-1,BLIND_SECTION_03,False
UC1_GCTAGTTTCATTGAGG-1,BLIND_SECTION_03,False
UC1_GCTATCATACTCATGG-1,BLIND_SECTION_03,True
UC1_GCTCTAAACCCTGACG-1,BLIND_SECTION_03,False
UC1_GCTCTCGGGTACCGAA-1,BLIND_SECTION_03,False
UC1_GCTTTACACAACTGGG-1,BLIND_SECTION_03,True
UC1_GGACACAAGTTTACAC-1,BLIND_SECTION_03,True
UC1_GGAGGGTCAAGTAAGA-1,BLIND_SECTION_03,False
UC1_GGATCTTGACTCAACC-1,BLIND_SECTION_03,True
UC1_GGATTAATCATGGACC-1,BLIND_SECTION_03,True
UC1_GGCACTCAGCCGACCC-1,BLIND_SECTION_03,False
UC1_GGCAGCAAACCTATGC-1,BLIND_SECTION_03,True
UC1_GGCCTGCTTCTCCCGA-1,BLIND_SECTION_03,False
UC1_GGCGCAGGACATCTTC-1,BLIND_SECTION_03,True
UC1_GGCGCGGAGATCTTTC-1,BLIND_SECTION_03,False
UC1_GGCGCTTCATTCCCTG-1,BLIND_SECTION_03,True
UC1_GGCTCGCGTTGAGGTA-1,BLIND_SECTION_03,True
UC1_GGCTGAAATAGCAAAG-1,BLIND_SECTION_03,False
UC1_GGGCGTACATTTATAT-1,BLIND_SECTION_03,False
UC1_GGGTCTATCGCTTTCC-1,BLIND_SECTION_03,False
UC1_GGTATAGTGACACATA-1,BLIND_SECTION_03,False
UC1_GGTCGTAAGCTCGCAC-1,BLIND_SECTION_03,True
UC1_GGTGAGATGCAGATAA-1,BLIND_SECTION_03,True
UC1_GGTTTAGCCTTTCTTG-1,BLIND_SECTION_03,True
UC1_GTAACATCTAAGATAA-1,BLIND_SECTION_03,False
UC1_GTAAGCGGGCAGTCAG-1,BLIND_SECTION_03,False
UC1_GTAAGTAGGGTATACC-1,BLIND_SECTION_03,True
UC1_GTAAGTCCACACTCTA-1,BLIND_SECTION_03,True
UC1_GTACGAGATTGCGACA-1,BLIND_SECTION_03,False
UC1_GTACGTCACGTATTAA-1,BLIND_SECTION_03,False
UC1_GTACTAAGATTTGGAG-1,BLIND_SECTION_03,False
UC1_GTACTCCCTTATCGCT-1,BLIND_SECTION_03,True
UC1_GTAGTGAGCAACCTCA-1,BLIND_SECTION_03,True
UC1_GTATAGTGGCCCATGT-1,BLIND_SECTION_03,False
UC1_GTATCAAGGTACTTCC-1,BLIND_SECTION_03,True
UC1_GTATCAGCTTGGGTTC-1,BLIND_SECTION_03,True
UC1_GTCACTCTCCAAATCT-1,BLIND_SECTION_03,True
UC1_GTCGGGAAGCAGAAAC-1,BLIND_SECTION_03,True
UC1_GTCGTTATTCGCTTAT-1,BLIND_SECTION_03,False
UC1_GTCTTGTAGCTATTCA-1,BLIND_SECTION_03,True
UC1_GTGAAGCCGTATAGTC-1,BLIND_SECTION_03,True
UC1_GTGCAACAAATGTGGC-1,BLIND_SECTION_03,False
UC1_GTGCACGAAAGTGACT-1,BLIND_SECTION_03,False
UC1_GTGCGGGTCTCCAAAT-1,BLIND_SECTION_03,False
UC1_GTGCTTACATCAGCGC-1,BLIND_SECTION_03,True
UC1_GTGGGCTTAGACACAC-1,BLIND_SECTION_03,True
UC1_GTGTACGAACCGTTCC-1,BLIND_SECTION_03,True
UC1_GTTAGCCCATGACATC-1,BLIND_SECTION_03,False
UC1_GTTAGCCGTAAATCAA-1,BLIND_SECTION_03,False
UC1_GTTCGGAGCACTCAAC-1,BLIND_SECTION_03,False
UC1_GTTCGGATCGGGAACA-1,BLIND_SECTION_03,True
UC1_GTTGAACCGGTTCCAT-1,BLIND_SECTION_03,False
UC1_TAAATGAATCCGTTTC-1,BLIND_SECTION_03,True
UC1_TAATACACAGTAGTAT-1,BLIND_SECTION_03,False
UC1_TACACAGCCGTGGTGC-1,BLIND_SECTION_03,True
UC1_TACACCTCTTCGAATC-1,BLIND_SECTION_03,True
UC1_TACAGAAACGGTGGGC-1,BLIND_SECTION_03,False
UC1_TACGCAGTTCTTTCCT-1,BLIND_SECTION_03,False
UC1_TACGCCGCCTCAGAAG-1,BLIND_SECTION_03,True
UC1_TACGCTCGGTATTGGA-1,BLIND_SECTION_03,False
UC1_TACGGAAGCCAAACCA-1,BLIND_SECTION_03,True
UC1_TACGGCATGGACGCTA-1,BLIND_SECTION_03,False
UC1_TACGTGCACTATGCTG-1,BLIND_SECTION_03,True
UC1_TACTACGTGCAATGCG-1,BLIND_SECTION_03,True
UC1_TACTCGTTTGAATCAA-1,BLIND_SECTION_03,True
UC1_TACTCTTACTTTACTG-1,BLIND_SECTION_03,False
UC1_TACTGTTTCTCTGGTA-1,BLIND_SECTION_03,True
UC1_TACTTTACTGAGCCGG-1,BLIND_SECTION_03,True
UC1_TACTTTCCGCACGCCA-1,BLIND_SECTION_03,True
UC1_TAGATGGTTCCTTACT-1,BLIND_SECTION_03,False
UC1_TAGGGTGTTTCAAGAG-1,BLIND_SECTION_03,False
UC1_TATACGCGTCATCACT-1,BLIND_SECTION_03,True
UC1_TATCACCATGTAAAGT-1,BLIND_SECTION_03,False
UC1_TATCCAATTGGTTATC-1,BLIND_SECTION_03,False
UC1_TATGCTCCCTACTTAC-1,BLIND_SECTION_03,False
UC1_TATGGATGTGCTACGC-1,BLIND_SECTION_03,False
UC1_TATTGACATTTCTGCC-1,BLIND_SECTION_03,False
UC1_TATTTAGTCTAGATCG-1,BLIND_SECTION_03,False
UC1_TATTTGATTTGCACAG-1,BLIND_SECTION_03,False
UC1_TCAAAGAGCTATCTGT-1,BLIND_SECTION_03,False
UC1_TCAAATTGTTGTGCCG-1,BLIND_SECTION_03,False
UC1_TCAACCATGTTCGGGC-1,BLIND_SECTION_03,False
UC1_TCAACGCGACCGGCAG-1,BLIND_SECTION_03,True
UC1_TCAAGCGCGGACGGTA-1,BLIND_SECTION_03,False
UC1_TCAAGGTTACTACACC-1,BLIND_SECTION_03,True
UC1_TCACCGCTCGGCACTC-1,BLIND_SECTION_03,True
UC1_TCACTCGTGCAACGGC-1,BLIND_SECTION_03,False
UC1_TCAGTACTGACCCGCG-1,BLIND_SECTION_03,True
UC1_TCATCGACGACCGTCG-1,BLIND_SECTION_03,True
UC1_TCCAAGCCTAGACACA-1,BLIND_SECTION_03,False
UC1_TCCCAAAGACGAAGGA-1,BLIND_SECTION_03,False
UC1_TCCCTAGATCAATAGG-1,BLIND_SECTION_03,False
UC1_TCCGATAATTGCCATA-1,BLIND_SECTION_03,False
UC1_TCCGATGGTGCGACAT-1,BLIND_SECTION_03,False
UC1_TCCGGCCTAGCGTACA-1,BLIND_SECTION_03,False
UC1_TCCTAAAGATTCAGAC-1,BLIND_SECTION_03,True
UC1_TCCTACATCCACGGCC-1,BLIND_SECTION_03,True
UC1_TCCTATCATAGGTAAC-1,BLIND_SECTION_03,True
UC1_TCCTCCTAAGACATTC-1,BLIND_SECTION_03,True
UC1_TCCTCTACGAGATGGC-1,BLIND_SECTION_03,True
UC1_TCCTGCGTTGATACTC-1,BLIND_SECTION_03,True
UC1_TCCTTGTCCTTTAATT-1,BLIND_SECTION_03,True
UC1_TCGAGGGCAACAGACG-1,BLIND_SECTION_03,False
UC1_TCGCAAAGATGCATTT-1,BLIND_SECTION_03,True
UC1_TCGCACCAGGAGGCAG-1,BLIND_SECTION_03,False
UC1_TCGCCCAACTGACTCC-1,BLIND_SECTION_03,False
UC1_TCGCCGGTCGATCCGT-1,BLIND_SECTION_03,False
UC1_TCGGCGAACCCAAACC-1,BLIND_SECTION_03,True
UC1_TCGGCGTACTGCACAA-1,BLIND_SECTION_03,True
UC1_TCGTATAGTGCAATTA-1,BLIND_SECTION_03,False
UC1_TCGTCTTAGGCGTTAA-1,BLIND_SECTION_03,False
UC1_TCTAAAGAACAGTCTC-1,BLIND_SECTION_03,True
UC1_TCTACACGTTCATGCA-1,BLIND_SECTION_03,False
UC1_TCTAGGTGGCGACGCT-1,BLIND_SECTION_03,False
UC1_TCTATCCGATTGCACA-1,BLIND_SECTION_03,False
UC1_TCTATCGGTCGCAACA-1,BLIND_SECTION_03,False
UC1_TCTCCCTGGGCAGCGT-1,BLIND_SECTION_03,False
UC1_TCTCGACGTATCGCCG-1,BLIND_SECTION_03,True
UC1_TCTCTAATAGCTGGTA-1,BLIND_SECTION_03,False
UC1_TCTCTCGCCGCACATA-1,BLIND_SECTION_03,False
UC1_TCTGATGTATTCTGTC-1,BLIND_SECTION_03,False
UC1_TCTTGGTAACACCAAA-1,BLIND_SECTION_03,False
UC1_TCTTTCCTTCGAGATA-1,BLIND_SECTION_03,False
UC1_TGAGATTAGGCCCTAA-1,BLIND_SECTION_03,True
UC1_TGAGCGGAAAGTGTTC-1,BLIND_SECTION_03,True
UC1_TGAGTGCCTCTTAAAT-1,BLIND_SECTION_03,True
UC1_TGATCGGTTTGACCCT-1,BLIND_SECTION_03,False
UC1_TGATTCAGGTCCCGCG-1,BLIND_SECTION_03,False
UC1_TGATTTCCTCCTGACG-1,BLIND_SECTION_03,True
UC1_TGCAGAACTATATCGT-1,BLIND_SECTION_03,True
UC1_TGCATGGATCGGATCT-1,BLIND_SECTION_03,False
UC1_TGCCAGTACGTGGAGA-1,BLIND_SECTION_03,True
UC1_TGCCTAATTGAAGATT-1,BLIND_SECTION_03,True
UC1_TGCCTGATCAAACGAT-1,BLIND_SECTION_03,False
UC1_TGCCTTGGCCAGGCAA-1,BLIND_SECTION_03,False
UC1_TGCGCCGTTAATAACG-1,BLIND_SECTION_03,False
UC1_TGCGGAGTAAAGGTGC-1,BLIND_SECTION_03,False
UC1_TGGAAGGATAAAGATG-1,BLIND_SECTION_03,False
UC1_TGGAGAATAATCGTCC-1,BLIND_SECTION_03,False
UC1_TGGCAAACTAAATTAC-1,BLIND_SECTION_03,False
UC1_TGGCCAATTTGGTACT-1,BLIND_SECTION_03,True
UC1_TGGCTTTGGGTAGACA-1,BLIND_SECTION_03,False
UC1_TGGGCAGGCCACCGCA-1,BLIND_SECTION_03,False
UC1_TGGGCCACAAGAGCGC-1,BLIND_SECTION_03,False
UC1_TGGGTGCACAAGCCAT-1,BLIND_SECTION_03,True
UC1_TGGTATCGCATCCCAA-1,BLIND_SECTION_03,False
UC1_TGGTTCAACGGGTAAT-1,BLIND_SECTION_03,True
UC1_TGGTTCGTAGCAAAGG-1,BLIND_SECTION_03,False
UC1_TGTAGCCATCCCATTC-1,BLIND_SECTION_03,False
UC1_TGTCCACGGCTCAACT-1,BLIND_SECTION_03,False
UC1_TGTCCCGACATAGCAC-1,BLIND_SECTION_03,False
UC1_TGTGACTACGCCAGTC-1,BLIND_SECTION_03,False
UC1_TGTTGCCGTCGTCCCA-1,BLIND_SECTION_03,True
UC1_TGTTTAATACTTCATC-1,BLIND_SECTION_03,False
UC1_TGTTTCGGTACTTCTC-1,BLIND_SECTION_03,False
UC1_TGTTTGAGATCGTCAG-1,BLIND_SECTION_03,False
UC1_TTAAACTCGAATTCAT-1,BLIND_SECTION_03,True
UC1_TTAACCAACCCTCCCT-1,BLIND_SECTION_03,False
UC1_TTAATTTCAGACGCGG-1,BLIND_SECTION_03,False
UC1_TTACAACTACGCATCC-1,BLIND_SECTION_03,False
UC1_TTACCCTAACAGTCCT-1,BLIND_SECTION_03,True
UC1_TTATAGTCCAAGGTGC-1,BLIND_SECTION_03,False
UC1_TTATCTGTATCATAAC-1,BLIND_SECTION_03,False
UC1_TTATGACAAACTGGAT-1,BLIND_SECTION_03,True
UC1_TTATTAGGGAAGCATC-1,BLIND_SECTION_03,False
UC1_TTATTATCTGGAAGGC-1,BLIND_SECTION_03,False
UC1_TTCCCGACGCTTCACT-1,BLIND_SECTION_03,False
UC1_TTCGGTGGAGACGCCC-1,BLIND_SECTION_03,True
UC1_TTCGTAATCCCAGCGG-1,BLIND_SECTION_03,False
UC1_TTCTACCTTTATGTTG-1,BLIND_SECTION_03,False
UC1_TTCTACTTGCGAGGGC-1,BLIND_SECTION_03,True
UC1_TTCTGACCGGGCTCAA-1,BLIND_SECTION_03,False
UC1_TTCTGCCGCGCCTAGA-1,BLIND_SECTION_03,True
UC1_TTCTTAGTGGCTCAGA-1,BLIND_SECTION_03,False
UC1_TTGACTATTGTCCGGC-1,BLIND_SECTION_03,True
UC1_TTGAGCAGCCCACGGT-1,BLIND_SECTION_03,True
UC1_TTGATTATGCAGATGA-1,BLIND_SECTION_03,True
UC1_TTGCCAAGCAGAACCC-1,BLIND_SECTION_03,True
UC1_TTGCCCTGATCACGGG-1,BLIND_SECTION_03,True
UC1_TTGCTCCCATACCGGA-1,BLIND_SECTION_03,True
UC1_TTGCTGAAGGAACCAC-1,BLIND_SECTION_03,False
UC1_TTGGCTCAATATGTGT-1,BLIND_SECTION_03,False
UC1_TTGTCGTTCAGTTACC-1,BLIND_SECTION_03,False
UC1_TTGTGATCTGTTCAGT-1,BLIND_SECTION_03,False
UC1_TTGTGGCCCTGACAGT-1,BLIND_SECTION_03,False
UC1_TTGTGGTAGGAGGGAT-1,BLIND_SECTION_03,True
UC2_AAACAAGTATCTCCCA-1,BLIND_SECTION_04,False
UC2_AAACAATCTACTAGCA-1,BLIND_SECTION_04,True
UC2_AAACAGAGCGACTCCT-1,BLIND_SECTION_04,False
UC2_AAACCACTACACAGAT-1,BLIND_SECTION_04,False
UC2_AAACCCGAACGAAATC-1,BLIND_SECTION_04,True
UC2_AAACCGGGTAGGTACC-1,BLIND_SECTION_04,False
UC2_AAACGAAGAACATACC-1,BLIND_SECTION_04,True
UC2_AAACGACAGTCTTGCC-1,BLIND_SECTION_04,True
UC2_AAACGAGACGGTTGAT-1,BLIND_SECTION_04,True
UC2_AAACGCCCGAGATCGG-1,BLIND_SECTION_04,False
UC2_AAACGGGCGTACGGGT-1,BLIND_SECTION_04,False
UC2_AAACTAACGTGGCGAC-1,BLIND_SECTION_04,False
UC2_AAAGGCTACGGACCAT-1,BLIND_SECTION_04,False
UC2_AAAGGCTCTCGCGCCG-1,BLIND_SECTION_04,True
UC2_AAAGGGATGTAGCAAG-1,BLIND_SECTION_04,False
UC2_AAAGGGCAGCTTGAAT-1,BLIND_SECTION_04,True
UC2_AAAGTGTGATTTATCT-1,BLIND_SECTION_04,True
UC2_AAAGTTGACTCCCGTA-1,BLIND_SECTION_04,True
UC2_AAATAACCATACGGGA-1,BLIND_SECTION_04,False
UC2_AAATAGGGTGCTATTG-1,BLIND_SECTION_04,False
UC2_AAATCCGATACACGCC-1,BLIND_SECTION_04,False
UC2_AAATGCTCGTTACGTT-1,BLIND_SECTION_04,False
UC2_AAATGGCATGTCTTGT-1,BLIND_SECTION_04,True
UC2_AAATGGTCAATGTGCC-1,BLIND_SECTION_04,True
UC2_AAATGTGGGTGCTCCT-1,BLIND_SECTION_04,True
UC2_AAATTAACGGGTAGCT-1,BLIND_SECTION_04,True
UC2_AAATTACACGACTCTG-1,BLIND_SECTION_04,True
UC2_AAATTACCTATCGATG-1,BLIND_SECTION_04,False
UC2_AAATTTACCGAAATCC-1,BLIND_SECTION_04,True
UC2_AAATTTGCGGGTGTGG-1,BLIND_SECTION_04,False
UC2_AACAACTGGTAGTTGC-1,BLIND_SECTION_04,True
UC2_AACAATTACTCTACGC-1,BLIND_SECTION_04,True
UC2_AACACGACTGTACTGA-1,BLIND_SECTION_04,False
UC2_AACACGAGACGCGGCC-1,BLIND_SECTION_04,True
UC2_AACACGCGGCCGCGAA-1,BLIND_SECTION_04,True
UC2_AACAGGAAATCGAATA-1,BLIND_SECTION_04,True
UC2_AACAGGATGGGCCGCG-1,BLIND_SECTION_04,False
UC2_AACATAGCGTGTATCG-1,BLIND_SECTION_04,False
UC2_AACATATCAACTGGTG-1,BLIND_SECTION_04,True
UC2_AACATTGTGACTCGAG-1,BLIND_SECTION_04,True
UC2_AACCAAGACTTCTCTG-1,BLIND_SECTION_04,False
UC2_AACCAGTATCACTCTT-1,BLIND_SECTION_04,False
UC2_AACCATGGGATCGCTA-1,BLIND_SECTION_04,False
UC2_AACCCGACAACCCGTG-1,BLIND_SECTION_04,True
UC2_AACCCGCTGTATTCCA-1,BLIND_SECTION_04,False
UC2_AACCCTACTGTCAATA-1,BLIND_SECTION_04,True
UC2_AACCCTGGTGGAACCA-1,BLIND_SECTION_04,True
UC2_AACCGAGCTTGGTCAT-1,BLIND_SECTION_04,True
UC2_AACCGTTGTGTTTGCT-1,BLIND_SECTION_04,False
UC2_AACCTCGCTTTAGCCC-1,BLIND_SECTION_04,True
UC2_AACCTTTAAATACGGT-1,BLIND_SECTION_04,True
UC2_AACGATAATGCCGTAG-1,BLIND_SECTION_04,False
UC2_AACGCATGATCTGGGT-1,BLIND_SECTION_04,True
UC2_AACGCGAACGGCAACA-1,BLIND_SECTION_04,False
UC2_AACGCGGTCTCCAGCC-1,BLIND_SECTION_04,True
UC2_AACGTAGTCTACCCAT-1,BLIND_SECTION_04,False
UC2_AACGTGATGAAGGACA-1,BLIND_SECTION_04,False
UC2_AACTACCCGTTTGTCA-1,BLIND_SECTION_04,False
UC2_AACTAGCGTATCGCAC-1,BLIND_SECTION_04,True
UC2_AACTCAAGTTAATTGC-1,BLIND_SECTION_04,False
UC2_AACTCCTAATCCCATG-1,BLIND_SECTION_04,False
UC2_AACTCTCAATAGAGCG-1,BLIND_SECTION_04,False
UC2_AACTGAGGTCAGCGTC-1,BLIND_SECTION_04,False
UC2_AACTGATATTAGGCCT-1,BLIND_SECTION_04,True
UC2_AACTGGGTCCCGACGT-1,BLIND_SECTION_04,False
UC2_AACTGGGTTCGAGCCG-1,BLIND_SECTION_04,False
UC2_AACTGGTGTGGGCCTT-1,BLIND_SECTION_04,False
UC2_AACTTCTGCGTCTATC-1,BLIND_SECTION_04,True
UC2_AACTTGCCCGTATGCA-1,BLIND_SECTION_04,False
UC2_AACTTGCGTTCTCGCG-1,BLIND_SECTION_04,True
UC2_AACTTTAGCTGCTGAG-1,BLIND_SECTION_04,False
UC2_AAGAAGGATCAGTTAG-1,BLIND_SECTION_04,False
UC2_AAGACCCAACTGAACA-1,BLIND_SECTION_04,False
UC2_AAGACTAACCCGTTGT-1,BLIND_SECTION_04,True
UC2_AAGAGATGAATCGGTA-1,BLIND_SECTION_04,True
UC2_AAGAGCTCTTTATCGG-1,BLIND_SECTION_04,True
UC2_AAGAGGATGTACGCGA-1,BLIND_SECTION_04,False
UC2_AAGAGGCATGGATCGC-1,BLIND_SECTION_04,False
UC2_AAGCACCCTGCGTATC-1,BLIND_SECTION_04,False
UC2_AAGCATACTCTCCTGA-1,BLIND_SECTION_04,True
UC2_AAGCCGAAGCGGTTTA-1,BLIND_SECTION_04,False
UC2_AAGCTCGTGCCAAGTC-1,BLIND_SECTION_04,False
UC2_AAGCTCTTTCATGGTG-1,BLIND_SECTION_04,False
UC2_AAGGCTGTGCTCATCG-1,BLIND_SECTION_04,True
UC2_AAGGGACAGATTCTGT-1,BLIND_SECTION_04,True
UC2_AAGGTATCCTAATATA-1,BLIND_SECTION_04,True
UC2_AAGTAAGCTTCCAAAC-1,BLIND_SECTION_04,True
UC2_AAGTAGTGACGCGAGG-1,BLIND_SECTION_04,False
UC2_AAGTCAATTGTCGTCA-1,BLIND_SECTION_04,False
UC2_AAGTGACGACCGAATT-1,BLIND_SECTION_04,True
UC2_AAGTGAGTCGGGTTTA-1,BLIND_SECTION_04,True
UC2_AAGTGCCTTGACTGTA-1,BLIND_SECTION_04,False
UC2_AAGTGCGTTAGAATCT-1,BLIND_SECTION_04,False
UC2_AAGTTCACTCCAAGCT-1,BLIND_SECTION_04,True
UC2_AAGTTCAGTCTGCGTA-1,BLIND_SECTION_04,False
UC2_AAGTTCGGCCAACAGG-1,BLIND_SECTION_04,False
UC2_AAGTTTACTAATGGCA-1,BLIND_SECTION_04,True
UC2_AATAACAACGCTCGGC-1,BLIND_SECTION_04,True
UC2_AATAAGTCCTCGAGAC-1,BLIND_SECTION_04,True
UC2_AATAGCTACCGCGTGC-1,BLIND_SECTION_04,False
UC2_AATAGTCCGTCCCGAC-1,BLIND_SECTION_04,False
UC2_AATATCAAGGTCGGAT-1,BLIND_SECTION_04,False
UC2_AATATCGAATCAATGC-1,BLIND_SECTION_04,False
UC2_AATATCGAGGGTTCTC-1,BLIND_SECTION_04,False
UC2_AATATTGGAGTATTGA-1,BLIND_SECTION_04,True
UC2_AATCCAAGGGCCTGAG-1,BLIND_SECTION_04,False
UC2_AATCCATGCAAGGGTG-1,BLIND_SECTION_04,True
UC2_AATCCCGCTCAGAGCC-1,BLIND_SECTION_04,False
UC2_AATCGGGACACTACGA-1,BLIND_SECTION_04,True
UC2_AATCGGTATAGCCCTC-1,BLIND_SECTION_04,False
UC2_AATCGTGAGCCGAGCA-1,BLIND_SECTION_04,False
UC2_AATCTGGGTAGACCCT-1,BLIND_SECTION_04,False
UC2_AATGACAGCAATGTCT-1,BLIND_SECTION_04,True
UC2_AATGAGTTCGCATATG-1,BLIND_SECTION_04,True
UC2_AATGATGATACGCTAT-1,BLIND_SECTION_04,True
UC2_AATGATGCGACTCCTG-1,BLIND_SECTION_04,False
UC2_AATGCAACCGGGTACC-1,BLIND_SECTION_04,False
UC2_AATGGTTCTCACAAGC-1,BLIND_SECTION_04,False
UC2_AATTAAAGGTCGGCGT-1,BLIND_SECTION_04,True
UC2_AATTAACGGATTTCCA-1,BLIND_SECTION_04,True
UC2_AATTATACCCAGCAAG-1,BLIND_SECTION_04,False
UC2_AATTCCAAGCATGTAC-1,BLIND_SECTION_04,True
UC2_AATTTGGGACATAGTA-1,BLIND_SECTION_04,False
UC2_AATTTGGTTCCAAAGA-1,BLIND_SECTION_04,True
UC2_ACAAACTCCATCAGAG-1,BLIND_SECTION_04,True
UC2_ACAAAGCATGACCTAG-1,BLIND_SECTION_04,True
UC2_ACAAATGGTAGTGTTT-1,BLIND_SECTION_04,False
UC2_ACAACGGTCCCTGCGA-1,BLIND_SECTION_04,False
UC2_ACAAGCAGTGCCTAGC-1,BLIND_SECTION_04,True
UC2_ACAAGGACAAGAGGTT-1,BLIND_SECTION_04,True
UC2_ACAAGGATGCTTTAGG-1,BLIND_SECTION_04,True
UC2_ACAAGGCCTACCAGCC-1,BLIND_SECTION_04,False
UC2_ACAATCCATTTAAACC-1,BLIND_SECTION_04,False
UC2_ACAATGATTCTTCTAC-1,BLIND_SECTION_04,False
UC2_ACACAAAGACGGGTGG-1,BLIND_SECTION_04,False
UC2_ACACACCAGGACCAGT-1,BLIND_SECTION_04,False
UC2_ACACACTTTCTACACG-1,BLIND_SECTION_04,False
UC2_ACACCACATAATTAGC-1,BLIND_SECTION_04,False
UC2_ACACGGCACTATGCAT-1,BLIND_SECTION_04,True
UC2_ACACTCCAATGTCACT-1,BLIND_SECTION_04,True
UC2_ACAGATTAGGTTAGTG-1,BLIND_SECTION_04,False
UC2_ACAGCATAGAGCCAGT-1,BLIND_SECTION_04,False
UC2_ACAGCGCACCCGCAGC-1,BLIND_SECTION_04,False
UC2_ACAGGCACGGATCCTT-1,BLIND_SECTION_04,False
UC2_ACATAATAAGGCGGTG-1,BLIND_SECTION_04,False
UC2_ACATCCCGGCCATACG-1,BLIND_SECTION_04,True
UC2_ACATCCTGGTAACTGT-1,BLIND_SECTION_04,False
UC2_ACATCGGTCAGCCGCG-1,BLIND_SECTION_04,False
UC2_ACATCGTTAACCTAGT-1,BLIND_SECTION_04,True
UC2_ACATCTCAACGCGTAA-1,BLIND_SECTION_04,True
UC2_ACATGGCGCCAAAGTA-1,BLIND_SECTION_04,True
UC2_ACCAACACCACACACT-1,BLIND_SECTION_04,False
UC2_ACCAAGAACGCGTGTC-1,BLIND_SECTION_04,False
UC2_ACCAATATGCAAGTTA-1,BLIND_SECTION_04,False
UC2_ACCACAACTCAGAACA-1,BLIND_SECTION_04,False
UC2_ACCACACGGTTGATGG-1,BLIND_SECTION_04,True
UC2_ACCACCAATGTAACAA-1,BLIND_SECTION_04,False
UC2_ACCAGGAGTGTGATCT-1,BLIND_SECTION_04,True
UC2_ACCATATCCGCAATAA-1,BLIND_SECTION_04,False
UC2_ACCCAACGCCCGTGGC-1,BLIND_SECTION_04,True
UC2_ACCCACCTACATGCTC-1,BLIND_SECTION_04,True
UC2_ACCCATCTTGAGGGTA-1,BLIND_SECTION_04,False
UC2_ACCCGGAAACTCCCAG-1,BLIND_SECTION_04,False
UC2_ACCCGGTTACACTTCC-1,BLIND_SECTION_04,False
UC2_ACCCGTGTCATCAGTA-1,BLIND_SECTION_04,False
UC2_ACCCTCCCGTCAGGGC-1,BLIND_SECTION_04,False
UC2_ACCCTTCATCTGCGAA-1,BLIND_SECTION_04,True
UC2_ACCCTTTAGTTCTCCA-1,BLIND_SECTION_04,False
UC2_ACCGACACATCTCCCA-1,BLIND_SECTION_04,False
UC2_ACCGACTGAGTCCCAC-1,BLIND_SECTION_04,True
UC2_ACCGATGGTAGCATCG-1,BLIND_SECTION_04,False
UC2_ACCGCGGTGGAAGTCG-1,BLIND_SECTION_04,False
UC2_ACCGGTCTGAGTACGG-1,BLIND_SECTION_04,False
UC2_ACCGTTCCCGCTCTGA-1,BLIND_SECTION_04,True
UC2_ACCTAAGTACCTTTCA-1,BLIND_SECTION_04,False
UC2_ACCTAATCGACTTCCT-1,BLIND_SECTION_04,True
UC2_ACCTACTATAAATCTA-1,BLIND_SECTION_04,False
UC2_ACCTCAGCGAGGCGCA-1,BLIND_SECTION_04,False
UC2_ACGAAATGGGCGGCAC-1,BLIND_SECTION_04,True
UC2_ACGAGAACCCATCACG-1,BLIND_SECTION_04,False
UC2_ACGAGATATTTGCTTA-1,BLIND_SECTION_04,False
UC2_ACGATACATAGAACTA-1,BLIND_SECTION_04,True
UC2_ACGATCATACATAGAG-1,BLIND_SECTION_04,True
UC2_ACGATCATCTTGTAAA-1,BLIND_SECTION_04,True
UC2_ACGATGCATATGTTAT-1,BLIND_SECTION_04,False
UC2_ACGATGGATCCGATGC-1,BLIND_SECTION_04,True
UC2_ACGCAAACTAATAGAT-1,BLIND_SECTION_04,True
UC2_ACGCAATCACTACAGC-1,BLIND_SECTION_04,True
UC2_ACGCATAAATGACATG-1,BLIND_SECTION_04,False
UC2_ACGCGCTACACAGGGT-1,BLIND_SECTION_04,False
UC2_ACGCGGGCCAAGGACA-1,BLIND_SECTION_04,False
UC2_ACGCTAGTGATACACT-1,BLIND_SECTION_04,False
UC2_ACGCTTAGTGTCTCTC-1,BLIND_SECTION_04,False
UC2_ACGGAATTTAGCAAAT-1,BLIND_SECTION_04,True
UC2_ACGGCACTTGCTTGGG-1,BLIND_SECTION_04,False
UC2_ACGGCCAACATGGACT-1,BLIND_SECTION_04,True
UC2_ACGGCGGGTTGCCCTG-1,BLIND_SECTION_04,True
UC2_ACGGGAGTGTCGGCCC-1,BLIND_SECTION_04,False
UC2_ACGGTACAGTTCAATG-1,BLIND_SECTION_04,False
UC2_ACGTACAGATTTCTCT-1,BLIND_SECTION_04,True
UC2_ACGTAGATTGCTGATG-1,BLIND_SECTION_04,False
UC2_ACGTATTACTCCGATC-1,BLIND_SECTION_04,True
UC2_ACGTGCGCCTCGTGCA-1,BLIND_SECTION_04,False
UC2_ACGTTAGATTTGCCCG-1,BLIND_SECTION_04,False
UC2_ACGTTCACTATGCCGC-1,BLIND_SECTION_04,False
UC2_ACGTTCCGCGCTCCGT-1,BLIND_SECTION_04,False
UC2_ACGTTCGCAATCAATT-1,BLIND_SECTION_04,False
UC2_ACGTTCGTTCAGGAAA-1,BLIND_SECTION_04,True
UC2_ACGTTTAGTTGTGATC-1,BLIND_SECTION_04,False
UC2_ACTACGCGTTAGAATT-1,BLIND_SECTION_04,False
UC2_ACTAGTTGCGATCGTC-1,BLIND_SECTION_04,False
UC2_ACTATCTGCCCGCGTA-1,BLIND_SECTION_04,False
UC2_ACTCAACGAATGTATT-1,BLIND_SECTION_04,False
UC2_ACTCAATAAAGGCACG-1,BLIND_SECTION_04,True
UC2_ACTCCCTAATGCTAAA-1,BLIND_SECTION_04,False
UC2_ACTCCGGCCGACCACT-1,BLIND_SECTION_04,False
UC2_ACTCGTAACCCGTCCT-1,BLIND_SECTION_04,True
UC2_ACTCGTCAGTAATCCC-1,BLIND_SECTION_04,True
UC2_ACTCTCTGACTTAGGT-1,BLIND_SECTION_04,False
UC2_ACTCTCTTATACACGA-1,BLIND_SECTION_04,True
UC2_ACTCTGACCTAATAGA-1,BLIND_SECTION_04,False
UC2_ACTGCCGTCGTAACTC-1,BLIND_SECTION_04,True
UC2_ACTGGCGAACCTGCGT-1,BLIND_SECTION_04,True
UC2_ACTGTACGATACACAT-1,BLIND_SECTION_04,False
UC2_ACTGTATACGCGAGCA-1,BLIND_SECTION_04,False
UC2_ACTGTCCAGGATTATA-1,BLIND_SECTION_04,True
UC2_ACTGTGCTAGTAGATC-1,BLIND_SECTION_04,False
UC2_ACTTACCGGGCGCGCA-1,BLIND_SECTION_04,False
UC2_ACTTACGCATCCACGC-1,BLIND_SECTION_04,True
UC2_ACTTAGTACGACAAGA-1,BLIND_SECTION_04,False
UC2_ACTTATCTGATCTATA-1,BLIND_SECTION_04,True
UC2_ACTTATTAGGATCGGT-1,BLIND_SECTION_04,False
UC2_ACTTCCATGCGGGACA-1,BLIND_SECTION_04,False
UC2_ACTTCCTGTCGTGCGA-1,BLIND_SECTION_04,True
UC2_ACTTGCCATATTGTAC-1,BLIND_SECTION_04,False
UC2_ACTTGGGCTTTCGCCA-1,BLIND_SECTION_04,False
UC2_ACTTGTTACCGGATCA-1,BLIND_SECTION_04,False
UC2_ACTTTCCTATAGCTTC-1,BLIND_SECTION_04,True
UC2_AGAAATTATGACTCGC-1,BLIND_SECTION_04,False
UC2_AGAACTGTACTTTGTA-1,BLIND_SECTION_04,True
UC2_AGAAGGTTGTAGGTCG-1,BLIND_SECTION_04,False
UC2_AGAAGTGATTCGTGAT-1,BLIND_SECTION_04,False
UC2_AGAATTGTTTGACATA-1,BLIND_SECTION_04,True
UC2_AGACAGGCATCTCAGC-1,BLIND_SECTION_04,True
UC2_AGACATAGATCCTTCC-1,BLIND_SECTION_04,False
UC2_AGACCATGGGATACAA-1,BLIND_SECTION_04,True
UC2_AGACCGCTCCGCGGTT-1,BLIND_SECTION_04,False
UC2_AGACGGGATTGGTATA-1,BLIND_SECTION_04,True
UC2_AGACTAGCCTTCCAGA-1,BLIND_SECTION_04,True
UC2_AGACTGTTACCGGGTC-1,BLIND_SECTION_04,True
UC2_AGAGCGGGCTAATCAT-1,BLIND_SECTION_04,False
UC2_AGAGCGTACAAGCTCG-1,BLIND_SECTION_04,True
UC2_AGAGGGACAATTGTCC-1,BLIND_SECTION_04,False
UC2_AGAGGTATCTCGGTCC-1,BLIND_SECTION_04,False
UC2_AGAGTAAACTTCACTA-1,BLIND_SECTION_04,False
UC2_AGATAACTTCAGGGCC-1,BLIND_SECTION_04,True
UC2_AGATACCGGTGTTCAC-1,BLIND_SECTION_04,True
UC2_AGATACGACTTCATAT-1,BLIND_SECTION_04,False
UC2_AGATATAATACGACTA-1,BLIND_SECTION_04,False
UC2_AGATGACTCGCCCACG-1,BLIND_SECTION_04,False
UC2_AGATTATAGGACGTTT-1,BLIND_SECTION_04,False
UC2_AGATTCAAGCGGGTCG-1,BLIND_SECTION_04,False
UC2_AGCAAAGGCCGCTAGT-1,BLIND_SECTION_04,False
UC2_AGCAACATATCTTATT-1,BLIND_SECTION_04,True
UC2_AGCACCAGTACTCACG-1,BLIND_SECTION_04,True
UC2_AGCACTACCTCACCAG-1,BLIND_SECTION_04,True
UC2_AGCACTTAAGGACGCC-1,BLIND_SECTION_04,True
UC2_AGCAGAAGGAGAAAGA-1,BLIND_SECTION_04,False
UC2_AGCAGCCAGATGAATA-1,BLIND_SECTION_04,True
UC2_AGCCAAGCTTTGTGTC-1,BLIND_SECTION_04,False
UC2_AGCCACAGGTTACCCG-1,BLIND_SECTION_04,True
UC2_AGCCACTCCCGTGCTT-1,BLIND_SECTION_04,True
UC2_AGCCATATAGTATGTG-1,BLIND_SECTION_04,False
UC2_AGCCCATACATGTAAG-1,BLIND_SECTION_04,False
UC2_AGCCCGCAACAAGCAG-1,BLIND_SECTION_04,True
UC2_AGCCCGGTAGCCTGTA-1,BLIND_SECTION_04,True
UC2_AGCCCTAAGCGAAGTT-1,BLIND_SECTION_04,True
UC2_AGCCCTTCTAATCCGA-1,BLIND_SECTION_04,True
UC2_AGCGCATAATGAATCG-1,BLIND_SECTION_04,False
UC2_AGCGCGGGTGCCAATG-1,BLIND_SECTION_04,True
UC2_AGCGCTTATGGGCAAG-1,BLIND_SECTION_04,False
UC2_AGCGGACACTTCGTAG-1,BLIND_SECTION_04,False
UC2_AGCGGTTGAGATGTAC-1,BLIND_SECTION_04,False
UC2_AGCGTACGAGAGCTAG-1,BLIND_SECTION_04,False
UC2_AGCGTCTGAACCCGCA-1,BLIND_SECTION_04,False
UC2_AGCGTTCCGATTTAAA-1,BLIND_SECTION_04,False
UC2_AGCTAAGTACGCAGGC-1,BLIND_SECTION_04,True
UC2_AGCTCTAGACGTTCCA-1,BLIND_SECTION_04,False
UC2_AGCTCTTCCCAGTGCA-1,BLIND_SECTION_04,False
UC2_AGCTCTTTACTCAGTT-1,BLIND_SECTION_04,False
UC2_AGCTGAAGTAAACCAA-1,BLIND_SECTION_04,False
UC2_AGCTGCATTTGAGGTG-1,BLIND_SECTION_04,True
UC2_AGCTTATAGAGACCTG-1,BLIND_SECTION_04,False
UC2_AGCTTCAATACTTTGA-1,BLIND_SECTION_04,False
UC2_AGCTTCTTCTCGAGCA-1,BLIND_SECTION_04,True
UC2_AGCTTGATCTTAACTT-1,BLIND_SECTION_04,True
UC2_AGGAAGCTGTCCGCCG-1,BLIND_SECTION_04,False
UC2_AGGACAGTCGAATCCC-1,BLIND_SECTION_04,False
UC2_AGGACATCGCACGTCG-1,BLIND_SECTION_04,False
UC2_AGGAGCGTTTATTATC-1,BLIND_SECTION_04,False
UC2_AGGATAAAGTCGGGAT-1,BLIND_SECTION_04,True
UC2_AGGCAAAGAGGAATCA-1,BLIND_SECTION_04,False
UC2_AGGCAGGGAGCGTACT-1,BLIND_SECTION_04,True
UC2_AGGCCACCCGTTATGA-1,BLIND_SECTION_04,False
UC2_AGGCCCTAGAACGCCA-1,BLIND_SECTION_04,True
UC2_AGGCCTATCATACCAA-1,BLIND_SECTION_04,False
UC2_AGGCCTGAGAATCTCG-1,BLIND_SECTION_04,True
UC2_AGGCTATGGTTAGCTT-1,BLIND_SECTION_04,False
UC2_AGGGACAGCACGGCGG-1,BLIND_SECTION_04,True
UC2_AGGGACTCTACGCGAC-1,BLIND_SECTION_04,False
UC2_AGGGCAGCGGCGTGGT-1,BLIND_SECTION_04,True
UC2_AGGGTCAGAGCACTCG-1,BLIND_SECTION_04,True
UC2_AGGGTGCTCTCGAGGG-1,BLIND_SECTION_04,False
UC2_AGGGTGTGCTACACGC-1,BLIND_SECTION_04,True
UC2_AGGGTTCAGACGGTCC-1,BLIND_SECTION_04,False
UC2_AGGGTTCCCTTTGGTT-1,BLIND_SECTION_04,True
UC2_AGGGTTTAGTTCGGGA-1,BLIND_SECTION_04,False
UC2_AGGTACGATATTGCCA-1,BLIND_SECTION_04,True
UC2_AGGTAGGTACAAAGCT-1,BLIND_SECTION_04,True
UC2_AGGTCGCCACTTCGGT-1,BLIND_SECTION_04,True
UC2_AGGTCGCGGAGTTACT-1,BLIND_SECTION_04,True
UC2_AGGTGGTGACCTTCGC-1,BLIND_SECTION_04,False
UC2_AGGTTACACCATGCCG-1,BLIND_SECTION_04,True
UC2_AGTAACGTTCATCCTG-1,BLIND_SECTION_04,False
UC2_AGTAATCTAAGGGTGG-1,BLIND_SECTION_04,False
UC2_AGTAATGTCTTGCCGC-1,BLIND_SECTION_04,False
UC2_AGTACGTGGCCTGTCT-1,BLIND_SECTION_04,False
UC2_AGTAGAAGGCGCCTCA-1,BLIND_SECTION_04,True
UC2_AGTAGCTAGACGCCGA-1,BLIND_SECTION_04,True
UC2_AGTATAATACTAGGCA-1,BLIND_SECTION_04,False
UC2_AGTATACACAGCGACA-1,BLIND_SECTION_04,True
UC2_AGTATTTGGCACGACC-1,BLIND_SECTION_04,True
UC2_AGTCAACACCACCATC-1,BLIND_SECTION_04,False
UC2_AGTCACTAGCTCTCGA-1,BLIND_SECTION_04,False
UC2_AGTCACTCCGCCTCAT-1,BLIND_SECTION_04,False
UC2_AGTCAGCCACCGCCTG-1,BLIND_SECTION_04,False
UC2_AGTCCATTGGCTGATG-1,BLIND_SECTION_04,False
UC2_AGTCCCGCCTTTAATT-1,BLIND_SECTION_04,True
UC2_AGTCGGCTCAACTTTA-1,BLIND_SECTION_04,False
UC2_AGTCGTATAAAGCAGA-1,BLIND_SECTION_04,False
UC2_AGTCTGGACATCCTTG-1,BLIND_SECTION_04,True
UC2_AGTCTTCTCCTCAAAT-1,BLIND_SECTION_04,False
UC2_AGTGAACAAACTTCTC-1,BLIND_SECTION_04,False
UC2_AGTGAGACTTCCAGTA-1,BLIND_SECTION_04,True
UC2_AGTGAGGGTTTCTGAC-1,BLIND_SECTION_04,False
UC2_AGTGCTAAACACAGCA-1,BLIND_SECTION_04,False
UC2_AGTGCTTGCACGAATA-1,BLIND_SECTION_04,False
UC2_AGTGGCCCGCAAATGG-1,BLIND_SECTION_04,True
UC2_AGTGGCGGCAATTTGA-1,BLIND_SECTION_04,False
UC2_AGTGTATTGCGCATTG-1,BLIND_SECTION_04,False
UC2_AGTGTGGTCTATTGTG-1,BLIND_SECTION_04,True
UC2_AGTTAAACACTTGCGA-1,BLIND_SECTION_04,False
UC2_AGTTAAGCGGTCCCGG-1,BLIND_SECTION_04,True
UC2_AGTTACTCTATCGTGG-1,BLIND_SECTION_04,False
UC2_AGTTATTGAAAGGTAA-1,BLIND_SECTION_04,True
UC2_AGTTGACATCGGCTGG-1,BLIND_SECTION_04,True
UC2_AGTTGACGGTCCTTGC-1,BLIND_SECTION_04,False
UC2_AGTTGCTGACTGATAT-1,BLIND_SECTION_04,True
UC2_AGTTTCGCAGGTCGGA-1,BLIND_SECTION_04,False
UC2_AGTTTGCACCTGCCTC-1,BLIND_SECTION_04,False
UC2_AGTTTGGCCAGACCTA-1,BLIND_SECTION_04,False
UC2_ATAAACCATTGGACGG-1,BLIND_SECTION_04,True
UC2_ATAAAGGCTCGGTCGT-1,BLIND_SECTION_04,False
UC2_ATAAAGGTCAAGTACG-1,BLIND_SECTION_04,False
UC2_ATAAATATTAGCAGCT-1,BLIND_SECTION_04,True
UC2_ATAACGCCGGAGGGTC-1,BLIND_SECTION_04,False
UC2_ATAACGTTACCTCCAC-1,BLIND_SECTION_04,False
UC2_ATAAGCAAACACCGAG-1,BLIND_SECTION_04,True
UC2_ATAAGTACCCGATTGT-1,BLIND_SECTION_04,False
UC2_ATAATAGTGTAGGGAC-1,BLIND_SECTION_04,False
UC2_ATAATTAGCTAAGTAG-1,BLIND_SECTION_04,False
UC2_ATACAGGCCCTCCAAT-1,BLIND_SECTION_04,False
UC2_ATACCACGGGCAACTT-1,BLIND_SECTION_04,True
UC2_ATACCAGGCTAATAGA-1,BLIND_SECTION_04,False
UC2_ATACCAGGTGAGCGAT-1,BLIND_SECTION_04,True
UC2_ATACCTAACCAAGAAA-1,BLIND_SECTION_04,False
UC2_ATACGACAGATGGGTA-1,BLIND_SECTION_04,True
UC2_ATACGCCGATCTACCG-1,BLIND_SECTION_04,True
UC2_ATACGCCGGCGAAACC-1,BLIND_SECTION_04,False
UC2_ATACGGGTTTCGATTG-1,BLIND_SECTION_04,True
UC2_ATACGTACTTAGCCAC-1,BLIND_SECTION_04,False
UC2_ATACGTTATGCACGGA-1,BLIND_SECTION_04,False
UC2_ATACTAGCATGACCCT-1,BLIND_SECTION_04,False
UC2_ATACTCTCGCCACTCT-1,BLIND_SECTION_04,False
UC2_ATACTGCCTTACACCG-1,BLIND_SECTION_04,False
UC2_ATAGACAACGGGACCT-1,BLIND_SECTION_04,True
UC2_ATAGACGAAGAGAAAG-1,BLIND_SECTION_04,False
UC2_ATAGAGTTATCAACTT-1,BLIND_SECTION_04,True
UC2_ATAGGAATCTAAGCTT-1,BLIND_SECTION_04,True
UC2_ATAGGCGGCTATAGAA-1,BLIND_SECTION_04,False
UC2_ATAGGCTAGCTTCGCA-1,BLIND_SECTION_04,False
UC2_ATAGGGATATCCTTGA-1,BLIND_SECTION_04,True
UC2_ATAGGTTGGGCAGATG-1,BLIND_SECTION_04,True
UC2_ATAGTCTTTGACGTGC-1,BLIND_SECTION_04,True
UC2_ATAGTTCCACCCACTC-1,BLIND_SECTION_04,False
UC2_ATATCGTGCCAGACCC-1,BLIND_SECTION_04,False
UC2_ATATCTCCCTCGTTAA-1,BLIND_SECTION_04,False
UC2_ATATCTTAGGGCCTTC-1,BLIND_SECTION_04,True
UC2_ATATGGGATAGCAACT-1,BLIND_SECTION_04,False
UC2_ATATGTCTCCCTAGCC-1,BLIND_SECTION_04,True
UC2_ATATGTGCACAAACCA-1,BLIND_SECTION_04,False
UC2_ATATTCCCACAGGTCA-1,BLIND_SECTION_04,False
UC2_ATATTGCTGTCAAAGT-1,BLIND_SECTION_04,False
UC2_ATCAAACACTGTTCCA-1,BLIND_SECTION_04,False
UC2_ATCAAACGAAGGTTTG-1,BLIND_SECTION_04,False
UC2_ATCAAAGAGCCGTGGT-1,BLIND_SECTION_04,True
UC2_ATCAAGATCCCAGGAC-1,BLIND_SECTION_04,False
UC2_ATCAATCTGGGCTGCA-1,BLIND_SECTION_04,True
UC2_ATCACATTAGAATATC-1,BLIND_SECTION_04,False
UC2_ATCACGTGCTAATTAA-1,BLIND_SECTION_04,True
UC2_ATCACTTCATCCTCGC-1,BLIND_SECTION_04,True
UC2_ATCAGACGGCACGCCG-1,BLIND_SECTION_04,False
UC2_ATCAGCCTCATGCTGC-1,BLIND_SECTION_04,True
UC2_ATCAGGTAGCTGACAG-1,BLIND_SECTION_04,False
UC2_ATCAGGTCGCCATTGC-1,BLIND_SECTION_04,False
UC2_ATCAGTAGGCAGGGAT-1,BLIND_SECTION_04,False
UC2_ATCATCCAATATTTGT-1,BLIND_SECTION_04,False
UC2_ATCATCTGCCCAGTGT-1,BLIND_SECTION_04,False
UC2_ATCCAATGGAGGGTCC-1,BLIND_SECTION_04,False
UC2_ATCCACATCGACAGAA-1,BLIND_SECTION_04,False
UC2_ATCCACGCTAAATGTT-1,BLIND_SECTION_04,False
UC2_ATCCACTTTCAGACTA-1,BLIND_SECTION_04,False
UC2_ATCCAGGATTCGTGAA-1,BLIND_SECTION_04,False
UC2_ATCCCATTTCCGTGGG-1,BLIND_SECTION_04,False
UC2_ATCCTGAATCGCTGCG-1,BLIND_SECTION_04,True
UC2_ATCCTGCTGCAGATAG-1,BLIND_SECTION_04,False
UC2_ATCGACTCTTTCCGTT-1,BLIND_SECTION_04,True
UC2_ATCGCACGCCGGGAGA-1,BLIND_SECTION_04,False
UC2_ATCGCCAGTCAACATT-1,BLIND_SECTION_04,False
UC2_ATCGGAGACAGACGGC-1,BLIND_SECTION_04,True
UC2_ATCGTTCACTTTCGCC-1,BLIND_SECTION_04,False
UC2_ATCTAATATCCTACGG-1,BLIND_SECTION_04,True
UC2_ATCTCATAAACCTACC-1,BLIND_SECTION_04,False
UC2_ATCTGCTGTTATCGCC-1,BLIND_SECTION_04,False
UC2_ATCTGGGCTGTTCTTG-1,BLIND_SECTION_04,False
UC2_ATCTTGACCTGCAACG-1,BLIND_SECTION_04,True
UC2_ATCTTTCGTATAACCA-1,BLIND_SECTION_04,False
UC2_ATGACTATCAGCTGTG-1,BLIND_SECTION_04,True
UC2_ATGAGGAGTGTTAATC-1,BLIND_SECTION_04,False
UC2_ATGATGCAATGGTACA-1,BLIND_SECTION_04,False
UC2_ATGCACTACCGCATTG-1,BLIND_SECTION_04,True
UC2_ATGCATGATCCAGGAT-1,BLIND_SECTION_04,True
UC2_ATGCATTCCGTGATGG-1,BLIND_SECTION_04,False
UC2_ATGCCAATCGCTCTGC-1,BLIND_SECTION_04,False
UC2_ATGCCATTTGCGACCA-1,BLIND_SECTION_04,False
UC2_ATGCCGGTCTTGCATA-1,BLIND_SECTION_04,False
UC2_ATGCCGGTTGATGGGA-1,BLIND_SECTION_04,True
UC2_ATGCGAGTCCCACCAC-1,BLIND_SECTION_04,False
UC2_ATGCTCAGTGTTGCAT-1,BLIND_SECTION_04,False
UC2_ATGGAACAGAATAAAC-1,BLIND_SECTION_04,False
UC2_ATGGACTGCTTAGTTG-1,BLIND_SECTION_04,False
UC2_ATGGATCCGGCGTCCG-1,BLIND_SECTION_04,True
UC2_ATGGATTGACCAAACG-1,BLIND_SECTION_04,True
UC2_ATGGCTGGAAATGGCC-1,BLIND_SECTION_04,False
UC2_ATGTGAAAGCCTAATG-1,BLIND_SECTION_04,True
UC2_ATGTGCATCCGACGCA-1,BLIND_SECTION_04,False
UC2_ATGTTACGAGCAATAC-1,BLIND_SECTION_04,False
UC2_ATGTTGATTAGAGACT-1,BLIND_SECTION_04,False
UC2_ATGTTGTAGTCTGTTT-1,BLIND_SECTION_04,True
UC2_ATGTTTGTAAGATCAT-1,BLIND_SECTION_04,True
UC2_ATTAATACTACGCGGG-1,BLIND_SECTION_04,False
UC2_ATTAATGAACCAGTCG-1,BLIND_SECTION_04,True
UC2_ATTAATTCGGTCACTC-1,BLIND_SECTION_04,False
UC2_ATTACAACTACCGGCC-1,BLIND_SECTION_04,False
UC2_ATTACATGTCAGTCTT-1,BLIND_SECTION_04,False
UC2_ATTACGCGCTGGCAGG-1,BLIND_SECTION_04,False
UC2_ATTACTTACTGGGCAT-1,BLIND_SECTION_04,False
UC2_ATTAGATTCCTCAGCA-1,BLIND_SECTION_04,True
UC2_ATTATAGCTACTTTAC-1,BLIND_SECTION_04,True
UC2_ATTATCGGAATGTACG-1,BLIND_SECTION_04,False
UC2_ATTATCTCGACAGATC-1,BLIND_SECTION_04,True
UC2_ATTATGCCATAGGGAG-1,BLIND_SECTION_04,False
UC2_ATTATTCAGAGTCACT-1,BLIND_SECTION_04,False
UC2_ATTCACTGATGTTGGA-1,BLIND_SECTION_04,False
UC2_ATTCAGATGAATCCCT-1,BLIND_SECTION_04,False
UC2_ATTCAGGATCGCCTCT-1,BLIND_SECTION_04,False
UC2_ATTCAGTAGCAGGGTC-1,BLIND_SECTION_04,True
UC2_ATTCATCGTTGAGGCA-1,BLIND_SECTION_04,False
UC2_ATTCCCACATAAACAA-1,BLIND_SECTION_04,True
UC2_ATTCCTTCCAGGCGGT-1,BLIND_SECTION_04,True
UC2_ATTCGACGCCGGGCCT-1,BLIND_SECTION_04,True
UC2_ATTCGTGCTATCTCTT-1,BLIND_SECTION_04,False
UC2_ATTCGTTTATCGTATT-1,BLIND_SECTION_04,True
UC2_ATTCTGAGTATGAACT-1,BLIND_SECTION_04,False
UC2_ATTCTTCGTACTTATG-1,BLIND_SECTION_04,False
UC2_ATTGACGTAACTCGGT-1,BLIND_SECTION_04,True
UC2_ATTGATAGCAACGAGA-1,BLIND_SECTION_04,True
UC2_ATTGCCTTTATGTTTG-1,BLIND_SECTION_04,True
UC2_ATTGCTGCTCCTCCAT-1,BLIND_SECTION_04,False
UC2_ATTGGGAGTTCTGTAA-1,BLIND_SECTION_04,False
UC2_ATTGGTTGTGCATTAC-1,BLIND_SECTION_04,True
UC2_ATTGTCGCAATACCTT-1,BLIND_SECTION_04,False
UC2_ATTGTCTGTTTCATGT-1,BLIND_SECTION_04,True
UC2_ATTTACAGTTTACTGG-1,BLIND_SECTION_04,False
UC2_ATTTCATTATTTCGCG-1,BLIND_SECTION_04,True
UC2_ATTTGTCTTGGGAGCT-1,BLIND_SECTION_04,False
UC2_ATTTGTTCCAGGGCTC-1,BLIND_SECTION_04,True
UC2_CAAACGGTCGCACTTT-1,BLIND_SECTION_04,True
UC2_CAAACGTGGTCTTGCG-1,BLIND_SECTION_04,True
UC2_CAAACTACGATAGAGA-1,BLIND_SECTION_04,False
UC2_CAAACTATTGAGCTTC-1,BLIND_SECTION_04,True
UC2_CAAACTCGCGACGCCG-1,BLIND_SECTION_04,False
UC2_CAAAGGTTAAATTCAG-1,BLIND_SECTION_04,False
UC2_CAAATCTCTCACAAGG-1,BLIND_SECTION_04,True
UC2_CAAATTGTCAGCAAGC-1,BLIND_SECTION_04,False
UC2_CAACTATATCGAATGC-1,BLIND_SECTION_04,False
UC2_CAACTCCAACGTTTAG-1,BLIND_SECTION_04,False
UC2_CAACTGAGGGTATGAC-1,BLIND_SECTION_04,True
UC2_CAACTGCTCATCCGAT-1,BLIND_SECTION_04,False
UC2_CAACTTGTAGTGGGCA-1,BLIND_SECTION_04,False
UC2_CAAGCAACGTCGGAGT-1,BLIND_SECTION_04,True
UC2_CAAGCACCAAATGCCT-1,BLIND_SECTION_04,False
UC2_CAAGCGGCACATAATT-1,BLIND_SECTION_04,False
UC2_CAAGGCCAGTGGTGCA-1,BLIND_SECTION_04,False
UC2_CAAGTCGTTGAAATCT-1,BLIND_SECTION_04,False
UC2_CAAGTGAACTTTGGTT-1,BLIND_SECTION_04,False
UC2_CAATATGTAGATTTAC-1,BLIND_SECTION_04,False
UC2_CAATCCATTATCCGTT-1,BLIND_SECTION_04,False
UC2_CAATCCCTATACCAGC-1,BLIND_SECTION_04,False
UC2_CAATCCTGCCGTGGAG-1,BLIND_SECTION_04,True
UC2_CAATGACCCTTAATTT-1,BLIND_SECTION_04,True
UC2_CAATGCGAGAAGTATC-1,BLIND_SECTION_04,True
UC2_CAATGGAATCTACATA-1,BLIND_SECTION_04,False
UC2_CAATGGTCGGCCTGGG-1,BLIND_SECTION_04,False
UC2_CAATTAAGGGTGATGA-1,BLIND_SECTION_04,True
UC2_CAATTTCGTATAAGGG-1,BLIND_SECTION_04,False
UC2_CACAATGAGCTGCTAT-1,BLIND_SECTION_04,False
UC2_CACACAGCTTGCGCTC-1,BLIND_SECTION_04,False
UC2_CACACAGGGATAGATT-1,BLIND_SECTION_04,False
UC2_CACACGTTTCAATGGG-1,BLIND_SECTION_04,False
UC2_CACACTTGTATTGCGA-1,BLIND_SECTION_04,False
UC2_CACAGCTAGGGAGTGA-1,BLIND_SECTION_04,False
UC2_CACAGGGCCGTTGTCA-1,BLIND_SECTION_04,True
UC2_CACATAAGGCGACCGT-1,BLIND_SECTION_04,True
UC2_CACATCTCACCGACGA-1,BLIND_SECTION_04,False
UC2_CACATTCTTTCGATGG-1,BLIND_SECTION_04,False
UC2_CACATTTCTTGTCAGA-1,BLIND_SECTION_04,False
UC2_CACCATCGGAGGAGAC-1,BLIND_SECTION_04,False
UC2_CACCCAAATCTTATGT-1,BLIND_SECTION_04,True
UC2_CACCCACGAGGCAATT-1,BLIND_SECTION_04,False
UC2_CACCCTAACAAGATCT-1,BLIND_SECTION_04,False
UC2_CACCCTTTCCTCGCTC-1,BLIND_SECTION_04,True
UC2_CACCGATACACCGAGC-1,BLIND_SECTION_04,False
UC2_CACCGCCAGAAGGTTT-1,BLIND_SECTION_04,False
UC2_CACCGCCGACCAGCGA-1,BLIND_SECTION_04,False
UC2_CACCGCGTCCACTCTA-1,BLIND_SECTION_04,False
UC2_CACCGGAGATATCTCC-1,BLIND_SECTION_04,False
UC2_CACCGGGCATCACAAG-1,BLIND_SECTION_04,True
UC2_CACCGTTGCGCGATAT-1,BLIND_SECTION_04,False
UC2_CACCTAATAGAGTCGT-1,BLIND_SECTION_04,False
UC2_CACCTAATCAGTTTAC-1,BLIND_SECTION_04,True
UC2_CACCTCGATGGTGGAC-1,BLIND_SECTION_04,True
UC2_CACCTCTACGAGTGTG-1,BLIND_SECTION_04,True
UC2_CACCTTGCGAAACTCG-1,BLIND_SECTION_04,False
UC2_CACGAAAGTTAGTCCC-1,BLIND_SECTION_04,True
UC2_CACGACCACAGACTTT-1,BLIND_SECTION_04,False
UC2_CACGACGTAATAGTAA-1,BLIND_SECTION_04,False
UC2_CACGACTAAAGTTCTG-1,BLIND_SECTION_04,False
UC2_CACGATTGGTCGTTAA-1,BLIND_SECTION_04,True
UC2_CACGCAGCGAGGCTTT-1,BLIND_SECTION_04,False
UC2_CACGCGGAACTGTTGC-1,BLIND_SECTION_04,False
UC2_CACGGCGCGCCAAAGG-1,BLIND_SECTION_04,False
UC2_CACGTCTATGATGTGG-1,BLIND_SECTION_04,False
UC2_CACTAAAGTTGCCTAT-1,BLIND_SECTION_04,False
UC2_CACTACTCAGTTCTGT-1,BLIND_SECTION_04,True
UC2_CACTCAAGAGCTATGG-1,BLIND_SECTION_04,False
UC2_CACTCAGCTCTTGAGG-1,BLIND_SECTION_04,True
UC2_CACTCCTCTCGGTCGG-1,BLIND_SECTION_04,True
UC2_CACTCTCAAGCATCGA-1,BLIND_SECTION_04,False
UC2_CACTTAATCAGACGGA-1,BLIND_SECTION_04,True
UC2_CACTTCGCCACAGGCT-1,BLIND_SECTION_04,False
UC2_CAGAATAACACACGGA-1,BLIND_SECTION_04,True
UC2_CAGACACCGATCGCTG-1,BLIND_SECTION_04,True
UC2_CAGAGACGGTCACCCA-1,BLIND_SECTION_04,True
UC2_CAGAGCATGAGCTTGC-1,BLIND_SECTION_04,True
UC2_CAGAGTGATTTAACGT-1,BLIND_SECTION_04,True
UC2_CAGATAATGGGCGGGT-1,BLIND_SECTION_04,False
UC2_CAGATCATTTAAAGTC-1,BLIND_SECTION_04,False
UC2_CAGCAGTCTGTGCTGC-1,BLIND_SECTION_04,False
UC2_CAGCCGGGCCCTCTAT-1,BLIND_SECTION_04,True
UC2_CAGCCTCTCCTCAAGA-1,BLIND_SECTION_04,False
UC2_CAGCTCGACAAGTTAA-1,BLIND_SECTION_04,False
UC2_CAGCTTAGTAGGTAGC-1,BLIND_SECTION_04,True
UC2_CAGGAAGACTTTATAT-1,BLIND_SECTION_04,False
UC2_CAGGACAGCTGCCCTT-1,BLIND_SECTION_04,True
UC2_CAGGATCCGCCCGACC-1,BLIND_SECTION_04,True
UC2_CAGGCCGTTTGGGTGT-1,BLIND_SECTION_04,False
UC2_CAGTAATCCCTCCCAG-1,BLIND_SECTION_04,True
UC2_CAGTAGCCCACGCGGT-1,BLIND_SECTION_04,True
UC2_CAGTAGCGAGGTAGTA-1,BLIND_SECTION_04,True
UC2_CAGTCGAGGATGCAAT-1,BLIND_SECTION_04,False
UC2_CAGTCTCTCGGCTAAT-1,BLIND_SECTION_04,True
UC2_CAGTGAATAAATGACT-1,BLIND_SECTION_04,False
UC2_CAGTGGTTGCACATGA-1,BLIND_SECTION_04,False
UC2_CAGTTCCGCGGGTCGA-1,BLIND_SECTION_04,True
UC2_CAGTTCGAGGACCCGA-1,BLIND_SECTION_04,False
UC2_CATAACGGACAGTCGT-1,BLIND_SECTION_04,True
UC2_CATAAGAAGCTTGGCT-1,BLIND_SECTION_04,False
UC2_CATAATGAGCGGGCGA-1,BLIND_SECTION_04,False
UC2_CATACACGGTTCCCAC-1,BLIND_SECTION_04,True
UC2_CATACCCGTACCCAGT-1,BLIND_SECTION_04,True
UC2_CATACTATGTAATTGT-1,BLIND_SECTION_04,False
UC2_CATAGAGGAGATACTA-1,BLIND_SECTION_04,True
UC2_CATAGCCGCCCGGGAT-1,BLIND_SECTION_04,True
UC2_CATAGTACATTGAGAG-1,BLIND_SECTION_04,True
UC2_CATAGTCAAATACATA-1,BLIND_SECTION_04,False
UC2_CATAGTCCACAAGAAC-1,BLIND_SECTION_04,False
UC2_CATATACTACTGATAA-1,BLIND_SECTION_04,False
UC2_CATATGTCAGGCTACG-1,BLIND_SECTION_04,True
UC2_CATATTATTTGCCCTA-1,BLIND_SECTION_04,False
UC2_CATCATCTACCCGGAC-1,BLIND_SECTION_04,True
UC2_CATCCCGAGATTCATA-1,BLIND_SECTION_04,False
UC2_CATCTACCCGAGAACG-1,BLIND_SECTION_04,False
UC2_CATCTATCCCGTGTCT-1,BLIND_SECTION_04,False
UC2_CATCTTACACCACCTC-1,BLIND_SECTION_04,False
UC2_CATGAACCTCTTATCA-1,BLIND_SECTION_04,True
UC2_CATGACTTCGCTGAAT-1,BLIND_SECTION_04,True
UC2_CATGAGATGCACTCTC-1,BLIND_SECTION_04,True
UC2_CATGATACGGTGAAAC-1,BLIND_SECTION_04,True
UC2_CATGATGCACAATTCT-1,BLIND_SECTION_04,False
UC2_CATGATGGAAGTTAGC-1,BLIND_SECTION_04,False
UC2_CATGCACGTGTTACTG-1,BLIND_SECTION_04,False
UC2_CATGCATGGAGACCCT-1,BLIND_SECTION_04,False
UC2_CATGCCAACTCGCAAA-1,BLIND_SECTION_04,True
UC2_CATGCGACCAGTTTAA-1,BLIND_SECTION_04,True
UC2_CATGCGTTAGACAGAA-1,BLIND_SECTION_04,False
UC2_CATGCTGGCTCCAATT-1,BLIND_SECTION_04,False
UC2_CATGGAAATGGGACCA-1,BLIND_SECTION_04,False
UC2_CATGGGTATGCCTTAT-1,BLIND_SECTION_04,False
UC2_CATGGGTCGGGTGTGG-1,BLIND_SECTION_04,False
UC2_CATGGTCTAGATACCG-1,BLIND_SECTION_04,True
UC2_CATGTGGGCTCATCAC-1,BLIND_SECTION_04,False
UC2_CATTACATAGATTGTG-1,BLIND_SECTION_04,False
UC2_CATTACGTCGGCCCGT-1,BLIND_SECTION_04,True
UC2_CATTCACTGACAGCTA-1,BLIND_SECTION_04,True
UC2_CATTCCCATTCCGTCG-1,BLIND_SECTION_04,False
UC2_CATTGCAAAGCATAAT-1,BLIND_SECTION_04,False
UC2_CATTTAGCGGACCATG-1,BLIND_SECTION_04,True
UC2_CATTTATCGTTCAAGA-1,BLIND_SECTION_04,False
UC2_CATTTCTAGCAGACTA-1,BLIND_SECTION_04,False
UC2_CCAAAGTCCCGCTAAC-1,BLIND_SECTION_04,False
UC2_CCAAATAACAAGATTC-1,BLIND_SECTION_04,False
UC2_CCAACCTTATGTAACT-1,BLIND_SECTION_04,True
UC2_CCAACGATGCACTGAT-1,BLIND_SECTION_04,True
UC2_CCAAGAAAGTGGGCGA-1,BLIND_SECTION_04,True
UC2_CCAAGACTTCTGCGAA-1,BLIND_SECTION_04,False
UC2_CCAATAGTGCCGTCGA-1,BLIND_SECTION_04,False
UC2_CCAATCGGTAGATCGA-1,BLIND_SECTION_04,False
UC2_CCAATGTCACAGCAAG-1,BLIND_SECTION_04,False
UC2_CCAATTACGGGTCGAG-1,BLIND_SECTION_04,False
UC2_CCACACTGAGATATTA-1,BLIND_SECTION_04,False
UC2_CCACAGCTGAAATCAT-1,BLIND_SECTION_04,True
UC2_CCACCCAAGGAAAGTG-1,BLIND_SECTION_04,False
UC2_CCACGAATTTAACCTC-1,BLIND_SECTION_04,True
UC2_CCACGGAGCCATAAGA-1,BLIND_SECTION_04,True
UC2_CCACGTAAATTAGACT-1,BLIND_SECTION_04,False
UC2_CCACTATCCGGGTCAC-1,BLIND_SECTION_04,False
UC2_CCACTGGTGGCTGGTT-1,BLIND_SECTION_04,False
UC2_CCAGAGACAAAGCCGG-1,BLIND_SECTION_04,True
UC2_CCAGCTACGCCTCATA-1,BLIND_SECTION_04,False
UC2_CCAGCTCGAACGCATT-1,BLIND_SECTION_04,False
UC2_CCAGCTGATGGTACTT-1,BLIND_SECTION_04,True
UC2_CCAGTCCATTATTCGA-1,BLIND_SECTION_04,True
UC2_CCAGTCTAGACGGCGC-1,BLIND_SECTION_04,False
UC2_CCAGTCTTGTCATAGA-1,BLIND_SECTION_04,False
UC2_CCAGTTCGGTAACTCA-1,BLIND_SECTION_04,False
UC2_CCATAAACAACCCGAC-1,BLIND_SECTION_04,True
UC2_CCATCATAAGAACAGG-1,BLIND_SECTION_04,False
UC2_CCATCTCACCAGTGAA-1,BLIND_SECTION_04,False
UC2_CCATCTTGTTCACAAT-1,BLIND_SECTION_04,False
UC2_CCATGCCTGTTTAGTA-1,BLIND_SECTION_04,True
UC2_CCATGGCAAACGCTCA-1,BLIND_SECTION_04,True
UC2_CCATTAGCGATAATCC-1,BLIND_SECTION_04,False
UC2_CCATTCCCTGCCCACA-1,BLIND_SECTION_04,False
UC2_CCATTTCTACCTATTA-1,BLIND_SECTION_04,False
UC2_CCCAACATACGTCGCG-1,BLIND_SECTION_04,False
UC2_CCCAACCACACTAACA-1,BLIND_SECTION_04,False
UC2_CCCAAGAATGCACGGT-1,BLIND_SECTION_04,False
UC2_CCCAAGACAGAGTATG-1,BLIND_SECTION_04,True
UC2_CCCAAGTCATTACACT-1,BLIND_SECTION_04,False
UC2_CCCAATTTCACAACTT-1,BLIND_SECTION_04,False
UC2_CCCAGGTCTGAAGGCT-1,BLIND_SECTION_04,False
UC2_CCCAGTTAAGGCGCCG-1,BLIND_SECTION_04,False
UC2_CCCGCAGGGCCCAAAG-1,BLIND_SECTION_04,False
UC2_CCCGCGCAATGCACCC-1,BLIND_SECTION_04,True
UC2_CCCGCTAGAGGGTTAA-1,BLIND_SECTION_04,False
UC2_CCCGCTTGCCCTCGTC-1,BLIND_SECTION_04,True
UC2_CCCGGGTCGTTCAGGG-1,BLIND_SECTION_04,True
UC2_CCCGGTGGAAGAACCT-1,BLIND_SECTION_04,False
UC2_CCCGTAAGTCTAGGCC-1,BLIND_SECTION_04,True
UC2_CCCGTTTCGCAGATGT-1,BLIND_SECTION_04,False
UC2_CCCTACCCACACCCAG-1,BLIND_SECTION_04,False
UC2_CCCTACTTGAACAATG-1,BLIND_SECTION_04,False
UC2_CCCTCCTCGCTCGTAT-1,BLIND_SECTION_04,False
UC2_CCCTCGATAATACACA-1,BLIND_SECTION_04,False
UC2_CCCTGAAATGAGTTGA-1,BLIND_SECTION_04,True
UC2_CCCTGCGCTACGCATA-1,BLIND_SECTION_04,False
UC2_CCCTGGTATGGGCGGC-1,BLIND_SECTION_04,True
UC2_CCCTTCTCGTACGCGA-1,BLIND_SECTION_04,True
UC2_CCGAAAGTGGTGAGCA-1,BLIND_SECTION_04,False
UC2_CCGAAGTATATTGTTC-1,BLIND_SECTION_04,True
UC2_CCGACTCGCATAGTCT-1,BLIND_SECTION_04,True
UC2_CCGAGAAGTCGCATAA-1,BLIND_SECTION_04,False
UC2_CCGAGCTGTGCTTGTC-1,BLIND_SECTION_04,True
UC2_CCGAGGGATGTTAGGC-1,BLIND_SECTION_04,False
UC2_CCGATATGACGTAAGG-1,BLIND_SECTION_04,False
UC2_CCGATCTCAACCTTAT-1,BLIND_SECTION_04,True
UC2_CCGATCTTAAGAGGCT-1,BLIND_SECTION_04,False
UC2_CCGATTCGAGGGACCC-1,BLIND_SECTION_04,True
UC2_CCGCACAAAGACCAAC-1,BLIND_SECTION_04,True
UC2_CCGCACGTGACCTCGG-1,BLIND_SECTION_04,True
UC2_CCGCACTTGCAATGAC-1,BLIND_SECTION_04,False
UC2_CCGCATGTGGTACGAT-1,BLIND_SECTION_04,False
UC2_CCGCGGGTACGAAGAA-1,BLIND_SECTION_04,True
UC2_CCGCTGGTGCCATTCA-1,BLIND_SECTION_04,True
UC2_CCGCTTACCTCACTCT-1,BLIND_SECTION_04,True
UC2_CCGCTTCGCGGTTAAC-1,BLIND_SECTION_04,False
UC2_CCGGAAGTGCAATATG-1,BLIND_SECTION_04,False
UC2_CCGGAATGGTTTCAGT-1,BLIND_SECTION_04,False
UC2_CCGGCACGACCGTTTC-1,BLIND_SECTION_04,False
UC2_CCGGGCTGCTCCATAC-1,BLIND_SECTION_04,False
UC2_CCGGTATCTGGCGACT-1,BLIND_SECTION_04,True
UC2_CCGTAAGTTGGTCCCA-1,BLIND_SECTION_04,False
UC2_CCGTGAGGCATTCATG-1,BLIND_SECTION_04,True
UC2_CCGTTACGTTAGAACA-1,BLIND_SECTION_04,False
UC2_CCGTTCCGAATCTCGG-1,BLIND_SECTION_04,True
UC2_CCGTTTCCTTTCCGTG-1,BLIND_SECTION_04,False
UC2_CCTAAAGGCTGACGCT-1,BLIND_SECTION_04,False
UC2_CCTAAATTGTATCCTA-1,BLIND_SECTION_04,True
UC2_CCTACGCGACCTTACA-1,BLIND_SECTION_04,False
UC2_CCTACGGCTCAGTCGA-1,BLIND_SECTION_04,False
UC2_CCTAGTTAGTCGCATG-1,BLIND_SECTION_04,False
UC2_CCTATAATGAGTGCCC-1,BLIND_SECTION_04,False
UC2_CCTATATTTGTCCTGG-1,BLIND_SECTION_04,False
UC2_CCTATGTCCACTCCAC-1,BLIND_SECTION_04,False
UC2_CCTCACCAATCTTGAC-1,BLIND_SECTION_04,False
UC2_CCTCACCTTAGCATCG-1,BLIND_SECTION_04,False
UC2_CCTCATGCAGCTACGA-1,BLIND_SECTION_04,True
UC2_CCTCCCGACAATCCCT-1,BLIND_SECTION_04,True
UC2_CCTCCGACAATTCAAG-1,BLIND_SECTION_04,True
UC2_CCTCCTGTTGTGTCGT-1,BLIND_SECTION_04,False
UC2_CCTCGAAGTGGACGGG-1,BLIND_SECTION_04,False
UC2_CCTCGCGCTGTGCGAT-1,BLIND_SECTION_04,True
UC2_CCTCGGACCGGGATAG-1,BLIND_SECTION_04,False
UC2_CCTCGTTACGCCTGTT-1,BLIND_SECTION_04,False
UC2_CCTCTGTACTATTCTA-1,BLIND_SECTION_04,False
UC2_CCTGAACGATATATTC-1,BLIND_SECTION_04,True
UC2_CCTGAATATTTACATA-1,BLIND_SECTION_04,True
UC2_CCTGACGCAACCTTTA-1,BLIND_SECTION_04,False
UC2_CCTGGCTAGACCCGCC-1,BLIND_SECTION_04,True
UC2_CCTGGTCGAATGTGGG-1,BLIND_SECTION_04,False
UC2_CCTGTAAGACATGATA-1,BLIND_SECTION_04,True
UC2_CCTGTACTCACGCCCA-1,BLIND_SECTION_04,True
UC2_CCTGTCGCCCGTAAAT-1,BLIND_SECTION_04,True
UC2_CCTGTGCGGATTGTAA-1,BLIND_SECTION_04,False
UC2_CCTTCAGTTAAAGTGA-1,BLIND_SECTION_04,True
UC2_CCTTCGTATAGAATCC-1,BLIND_SECTION_04,True
UC2_CCTTTAAGGGAGCACT-1,BLIND_SECTION_04,True
UC2_CCTTTCAATGAAGAAA-1,BLIND_SECTION_04,True
UC2_CGAAACATAGATGGCA-1,BLIND_SECTION_04,True
UC2_CGAAACGCAATTCATG-1,BLIND_SECTION_04,False
UC2_CGAACATAGTCAGAAA-1,BLIND_SECTION_04,False
UC2_CGAACGCCCAGTGCCG-1,BLIND_SECTION_04,False
UC2_CGAAGACTGCCCGGGA-1,BLIND_SECTION_04,True
UC2_CGAAGTTGCTCTGTGT-1,BLIND_SECTION_04,False
UC2_CGAATGACGCATAATG-1,BLIND_SECTION_04,False
UC2_CGACAATTTGATCTAA-1,BLIND_SECTION_04,False
UC2_CGACACCGCTTAAGGA-1,BLIND_SECTION_04,False
UC2_CGACAGTTCGCGTTAT-1,BLIND_SECTION_04,True
UC2_CGACATGCGATCTTCT-1,BLIND_SECTION_04,False
UC2_CGACTCAGGATGTTAT-1,BLIND_SECTION_04,False
UC2_CGACTCGGTACACGGT-1,BLIND_SECTION_04,True
UC2_CGAGAGCTTTCACTAC-1,BLIND_SECTION_04,False
UC2_CGAGATGTTGCCTATA-1,BLIND_SECTION_04,True
UC2_CGAGCACTTCAAGTTT-1,BLIND_SECTION_04,True
UC2_CGAGCTGGGCTTTAGG-1,BLIND_SECTION_04,True
UC2_CGAGGCCAGGCATTGG-1,BLIND_SECTION_04,True
UC2_CGAGTACTAAAGAGGA-1,BLIND_SECTION_04,False
UC2_CGAGTGCTATAGTTCG-1,BLIND_SECTION_04,False
UC2_CGAGTTTATCGGACTG-1,BLIND_SECTION_04,False
UC2_CGATACCTCGCGGACA-1,BLIND_SECTION_04,False
UC2_CGATAGTCGTACTGCA-1,BLIND_SECTION_04,False
UC2_CGATATTAGCCGCAGG-1,BLIND_SECTION_04,False
UC2_CGATCCACCATTGTTG-1,BLIND_SECTION_04,False
UC2_CGATCCGACCCAGTGC-1,BLIND_SECTION_04,False
UC2_CGATCCTCGCAACATA-1,BLIND_SECTION_04,True
UC2_CGATCGAGAAGCACCA-1,BLIND_SECTION_04,False
UC2_CGATCTGTTGGAGGAC-1,BLIND_SECTION_04,True
UC2_CGATTAAATATCTCCT-1,BLIND_SECTION_04,False
UC2_CGCAATTACTTTCGGT-1,BLIND_SECTION_04,False
UC2_CGCAATTAGGGTAATA-1,BLIND_SECTION_04,True
UC2_CGCAATTCTACAATAA-1,BLIND_SECTION_04,True
UC2_CGCACATGTCCACTAC-1,BLIND_SECTION_04,False
UC2_CGCACGTGCGCTATCA-1,BLIND_SECTION_04,True
UC2_CGCAGAAACATTTGCG-1,BLIND_SECTION_04,False
UC2_CGCCATCCGATTATGA-1,BLIND_SECTION_04,True
UC2_CGCCCAGCACGCCTAG-1,BLIND_SECTION_04,True
UC2_CGCCCAGCGTTTCACG-1,BLIND_SECTION_04,False
UC2_CGCCCTTGAAGGCTGA-1,BLIND_SECTION_04,True
UC2_CGCCTGGCCTACGTAA-1,BLIND_SECTION_04,True
UC2_CGCGACCGCGACAGAT-1,BLIND_SECTION_04,True
UC2_CGCGCAAGGAACTACA-1,BLIND_SECTION_04,True
UC2_CGCGGCTCAACTTGAA-1,BLIND_SECTION_04,False
UC2_CGCGGGAATTCCTTTC-1,BLIND_SECTION_04,False
UC2_CGCGGTCACAAACCAA-1,BLIND_SECTION_04,False
UC2_CGCTACCGCCCTATGA-1,BLIND_SECTION_04,True
UC2_CGCTACGGGACATTTA-1,BLIND_SECTION_04,False
UC2_CGCTAGAGACCGCTGC-1,BLIND_SECTION_04,False
UC2_CGCTATTCAATGTATG-1,BLIND_SECTION_04,False
UC2_CGCTATTCTTAGGCTC-1,BLIND_SECTION_04,True
UC2_CGCTCTCCGTAGATTA-1,BLIND_SECTION_04,True
UC2_CGCTGAGGACGTCCAA-1,BLIND_SECTION_04,False
UC2_CGCTTATTCCCGGTCG-1,BLIND_SECTION_04,False
UC2_CGCTTCGGTCTAAGAC-1,BLIND_SECTION_04,False
UC2_CGCTTTCTTGCATTCG-1,BLIND_SECTION_04,True
UC2_CGGAAAGAATCAAACG-1,BLIND_SECTION_04,True
UC2_CGGAAATTTCACATCC-1,BLIND_SECTION_04,False
UC2_CGGAGCAATTTAATCG-1,BLIND_SECTION_04,True
UC2_CGGAGCTTATAACACC-1,BLIND_SECTION_04,False
UC2_CGGAGTCCTAACCTGG-1,BLIND_SECTION_04,False
UC2_CGGAGTTTGAGAGACA-1,BLIND_SECTION_04,True
UC2_CGGATAAGCGGACATG-1,BLIND_SECTION_04,False
UC2_CGGATCCTCAAGGACT-1,BLIND_SECTION_04,False
UC2_CGGCAAACATCGTGCG-1,BLIND_SECTION_04,True
UC2_CGGCACCGTTAGCGCC-1,BLIND_SECTION_04,False
UC2_CGGCACTCAAGAAAGT-1,BLIND_SECTION_04,True
UC2_CGGCCACGCACAAAGT-1,BLIND_SECTION_04,True
UC2_CGGCCCAGGTATATCC-1,BLIND_SECTION_04,False
UC2_CGGCTCTAAAGCTGCA-1,BLIND_SECTION_04,False
UC2_CGGCTCTTCGTCGAAC-1,BLIND_SECTION_04,False
UC2_CGGCTGAAGGTTACGC-1,BLIND_SECTION_04,True
UC2_CGGCTTTGTATGATAA-1,BLIND_SECTION_04,True
UC2_CGGGAATATAGTATAC-1,BLIND_SECTION_04,False
UC2_CGGGTTCGGCACGTAT-1,BLIND_SECTION_04,False
UC2_CGGTACTAGAATCAAA-1,BLIND_SECTION_04,True
UC2_CGGTAGAGGTGCAGGT-1,BLIND_SECTION_04,True
UC2_CGGTATGGGCACTCTG-1,BLIND_SECTION_04,True
UC2_CGGTCAGTCCATATTT-1,BLIND_SECTION_04,False
UC2_CGGTCCGTCGCAAGCC-1,BLIND_SECTION_04,False
UC2_CGGTCTATCAACCCGT-1,BLIND_SECTION_04,True
UC2_CGGTGAAGACTAAAGT-1,BLIND_SECTION_04,False
UC2_CGGTGCAGATAGAACG-1,BLIND_SECTION_04,False
UC2_CGGTGTACTTGATCCC-1,BLIND_SECTION_04,False
UC2_CGGTTCAAGTAGGTGT-1,BLIND_SECTION_04,False
UC2_CGGTTCCGGCTTCTTG-1,BLIND_SECTION_04,False
UC2_CGGTTGACCTGGCATA-1,BLIND_SECTION_04,True
UC2_CGTAAACGCTTGAGTG-1,BLIND_SECTION_04,True
UC2_CGTAAAGCAAGAAATC-1,BLIND_SECTION_04,True
UC2_CGTAAATAACAAAGGG-1,BLIND_SECTION_04,False
UC2_CGTAACGGAACGATCA-1,BLIND_SECTION_04,False
UC2_CGTAACTTCGACACTT-1,BLIND_SECTION_04,True
UC2_CGTACCTGATAGGCCT-1,BLIND_SECTION_04,False
UC2_CGTAGAGAGTAATTAT-1,BLIND_SECTION_04,False
UC2_CGTAGCGAATTGTCAG-1,BLIND_SECTION_04,True
UC2_CGTAGCGCCGACGTTG-1,BLIND_SECTION_04,False
UC2_CGTCATACCATATCCA-1,BLIND_SECTION_04,False
UC2_CGTCGCATGTGAGCCA-1,BLIND_SECTION_04,False
UC2_CGTCGGATAGTGTTGA-1,BLIND_SECTION_04,True
UC2_CGTCTGGAAGGGCCCG-1,BLIND_SECTION_04,False
UC2_CGTGAAGTTAATTCAC-1,BLIND_SECTION_04,False
UC2_CGTGACATTGGGTCGT-1,BLIND_SECTION_04,False
UC2_CGTGACCAGTCCTCTG-1,BLIND_SECTION_04,False
UC2_CGTGCACACCACTGTA-1,BLIND_SECTION_04,False
UC2_CGTGGTACCCAAAGGC-1,BLIND_SECTION_04,True
UC2_CGTGTGTTAAACCCTG-1,BLIND_SECTION_04,False
UC2_CGTTAATGTCCCGACG-1,BLIND_SECTION_04,True
UC2_CGTTCAAGGAAACGGA-1,BLIND_SECTION_04,False
UC2_CGTTCAGACCCGCGAA-1,BLIND_SECTION_04,False
UC2_CGTTCTTCGCACACCT-1,BLIND_SECTION_04,True
UC2_CGTTGAATACCGCGCT-1,BLIND_SECTION_04,False
UC2_CGTTGCCCGCGTGGGA-1,BLIND_SECTION_04,True
UC2_CGTTGTAAGATTGATT-1,BLIND_SECTION_04,True
UC2_CGTTGTTTCAATTCCC-1,BLIND_SECTION_04,False
UC2_CGTTTCACTTCGGGCG-1,BLIND_SECTION_04,False
UC2_CGTTTCGCTCATTACA-1,BLIND_SECTION_04,False
UC2_CTAAACGGGTGTAATC-1,BLIND_SECTION_04,False
UC2_CTAAAGAATGCCTACT-1,BLIND_SECTION_04,False
UC2_CTAAATCCTATTCCGG-1,BLIND_SECTION_04,False
UC2_CTAACCGCGCGCCCGT-1,BLIND_SECTION_04,False
UC2_CTAACGAAACTTGCTG-1,BLIND_SECTION_04,True
UC2_CTAATTCGCACGCGCT-1,BLIND_SECTION_04,False
UC2_CTAATTCTCAGATATT-1,BLIND_SECTION_04,False
UC2_CTAATTTCAACAACAC-1,BLIND_SECTION_04,False
UC2_CTACACTAGCTTGTTC-1,BLIND_SECTION_04,True
UC2_CTACCCTAAGGTCATA-1,BLIND_SECTION_04,True
UC2_CTACGAACTAGGTCGA-1,BLIND_SECTION_04,True
UC2_CTACGACTAGCTATAA-1,BLIND_SECTION_04,False
UC2_CTACGCACGGAGTACC-1,BLIND_SECTION_04,False
UC2_CTACGCCATTTCCGAT-1,BLIND_SECTION_04,False
UC2_CTACTATCTTTCAGAG-1,BLIND_SECTION_04,False
UC2_CTACTCTAGGCCCGGC-1,BLIND_SECTION_04,True
UC2_CTACTGCCACCTGACC-1,BLIND_SECTION_04,True
UC2_CTAGACATATATGTAG-1,BLIND_SECTION_04,False
UC2_CTAGACTGCATTTCGT-1,BLIND_SECTION_04,False
UC2_CTAGATAAACTCCTCG-1,BLIND_SECTION_04,True
UC2_CTAGCAACTAATTTAC-1,BLIND_SECTION_04,True
UC2_CTAGCCGATGTTATGA-1,BLIND_SECTION_04,False
UC2_CTAGCGCCAATCCTAC-1,BLIND_SECTION_04,True
UC2_CTAGGCGGCAGAGAAT-1,BLIND_SECTION_04,True
UC2_CTAGGTCTGAAGGAAT-1,BLIND_SECTION_04,False
UC2_CTAGGTTCGGACGTGA-1,BLIND_SECTION_04,True
UC2_CTAGTAGAAAGGGATT-1,BLIND_SECTION_04,False
UC2_CTAGTATTCGGAATTA-1,BLIND_SECTION_04,True
UC2_CTAGTGAAGGACAGGA-1,BLIND_SECTION_04,False
UC2_CTAGTTACAACCCGGT-1,BLIND_SECTION_04,True
UC2_CTAGTTGGGCCCGGTA-1,BLIND_SECTION_04,True
UC2_CTATAAGAGCCAATCG-1,BLIND_SECTION_04,True
UC2_CTATGCCCGAATGCAA-1,BLIND_SECTION_04,False
UC2_CTATTCATGTGTCCCA-1,BLIND_SECTION_04,True
UC2_CTATTTGGTTACGGAT-1,BLIND_SECTION_04,True
UC2_CTCAACTAACCCGGAT-1,BLIND_SECTION_04,False
UC2_CTCAAGACATTAGCGC-1,BLIND_SECTION_04,False
UC2_CTCACATTTACTAAAT-1,BLIND_SECTION_04,False
UC2_CTCACCGATCCAAACT-1,BLIND_SECTION_04,False
UC2_CTCACTTGGCTGGTAA-1,BLIND_SECTION_04,True
UC2_CTCAGAGCTAATGTCG-1,BLIND_SECTION_04,False
UC2_CTCAGCAGACTGCCGA-1,BLIND_SECTION_04,False
UC2_CTCAGGACTCACCTGT-1,BLIND_SECTION_04,False
UC2_CTCAGTCACGACAAAT-1,BLIND_SECTION_04,False
UC2_CTCATGGCTCACAATC-1,BLIND_SECTION_04,False
UC2_CTCATGGTAATTTGCG-1,BLIND_SECTION_04,False
UC2_CTCATTGCTCTAACAA-1,BLIND_SECTION_04,False
UC2_CTCATTTGATGGGCGG-1,BLIND_SECTION_04,False
UC2_CTCCCAATGAGTCGCG-1,BLIND_SECTION_04,False
UC2_CTCCGCCCACATGAGG-1,BLIND_SECTION_04,False
UC2_CTCCGGCCTAATATGC-1,BLIND_SECTION_04,False
UC2_CTCCGGCTTGTAGACA-1,BLIND_SECTION_04,True
UC2_CTCCTAAGTTATGTCT-1,BLIND_SECTION_04,False
UC2_CTCCTCCAGCTCACAC-1,BLIND_SECTION_04,False
UC2_CTCCTTTACGCAAGTC-1,BLIND_SECTION_04,True
UC2_CTCGAGGTCGAACAGT-1,BLIND_SECTION_04,True
UC2_CTCGATATTTGCGAGC-1,BLIND_SECTION_04,False
UC2_CTCGCACCTATATAGT-1,BLIND_SECTION_04,True
UC2_CTCGCTAGGTAAGCGA-1,BLIND_SECTION_04,False
UC2_CTCGGTACCACTGCTC-1,BLIND_SECTION_04,False
UC2_CTCGGTCCGTAGCCTG-1,BLIND_SECTION_04,False
UC2_CTCGTTACGGCTACCA-1,BLIND_SECTION_04,True
UC2_CTCGTTTCTAATGTTT-1,BLIND_SECTION_04,True
UC2_CTCTAACACCGGCAGC-1,BLIND_SECTION_04,False
UC2_CTCTAATGCATTGATC-1,BLIND_SECTION_04,False
UC2_CTCTGTCCATGCACCA-1,BLIND_SECTION_04,False
UC2_CTCTGTGCCTGCTATG-1,BLIND_SECTION_04,True
UC2_CTCTGTTTGAGGATTC-1,BLIND_SECTION_04,False
UC2_CTCTTGTCCCGCTTGG-1,BLIND_SECTION_04,True
UC2_CTGAAACGGCCCTCAG-1,BLIND_SECTION_04,False
UC2_CTGAAAGAGATCCGAC-1,BLIND_SECTION_04,True
UC2_CTGAATTTATTGCCAG-1,BLIND_SECTION_04,False
UC2_CTGAGCAAGTAACAAG-1,BLIND_SECTION_04,False
UC2_CTGAGCGAGACTTATT-1,BLIND_SECTION_04,True
UC2_CTGCACTCCAGTACAG-1,BLIND_SECTION_04,False
UC2_CTGCCTAGCCACCAAG-1,BLIND_SECTION_04,False
UC2_CTGCCTTTCTAGTAAA-1,BLIND_SECTION_04,False
UC2_CTGCGATTTCGAGATT-1,BLIND_SECTION_04,False
UC2_CTGCGGGTGAAATGTT-1,BLIND_SECTION_04,True
UC2_CTGCGGTAGTCACGTG-1,BLIND_SECTION_04,False
UC2_CTGCGTTACGATATAA-1,BLIND_SECTION_04,False
UC2_CTGCTTGGCGATAGCT-1,BLIND_SECTION_04,True
UC2_CTGGATTTACACTTGA-1,BLIND_SECTION_04,False
UC2_CTGGCATCCGAATGAG-1,BLIND_SECTION_04,False
UC2_CTGGCGACATAAGTCC-1,BLIND_SECTION_04,True
UC2_CTGGCGATTTACATGT-1,BLIND_SECTION_04,False
UC2_CTGGCGGGAATAAGTA-1,BLIND_SECTION_04,True
UC2_CTGGCTCCTGCGGGAT-1,BLIND_SECTION_04,True
UC2_CTGGCTGATTCATCCT-1,BLIND_SECTION_04,False
UC2_CTGGCTGCTAACGTAA-1,BLIND_SECTION_04,True
UC2_CTGGCTGGTTGTCAGT-1,BLIND_SECTION_04,True
UC2_CTGGGCCTGCTATATC-1,BLIND_SECTION_04,False
UC2_CTGGGCGGCCAAATGT-1,BLIND_SECTION_04,True
UC2_CTGGGCTATCCTTTGG-1,BLIND_SECTION_04,True
UC2_CTGGGTAGGCAGTTAA-1,BLIND_SECTION_04,False
UC2_CTGGTAAAGACTTACA-1,BLIND_SECTION_04,True
UC2_CTGGTCCTAACTTGGC-1,BLIND_SECTION_04,True
UC2_CTGGTTCAACGCATCA-1,BLIND_SECTION_04,False
UC2_CTGTACTTCTTAGCAT-1,BLIND_SECTION_04,False
UC2_CTGTAGTGAGGATCGA-1,BLIND_SECTION_04,True
UC2_CTGTATGGTGTAGAAA-1,BLIND_SECTION_04,False
UC2_CTGTCAAATGGCTCGG-1,BLIND_SECTION_04,True
UC2_CTGTTCACTGCCTGTG-1,BLIND_SECTION_04,True
UC2_CTGTTCATCTCACGGG-1,BLIND_SECTION_04,False
UC2_CTTAACTTACAGTATA-1,BLIND_SECTION_04,False
UC2_CTTAACTTCGAAGTAC-1,BLIND_SECTION_04,False
UC2_CTTACACGGTATTCCA-1,BLIND_SECTION_04,True
UC2_CTTAGTGTAGTAGCAT-1,BLIND_SECTION_04,True
UC2_CTTATGTTGACTACCA-1,BLIND_SECTION_04,False
UC2_CTTCAACTCCACTTGG-1,BLIND_SECTION_04,False
UC2_CTTCAGTTGGACAACG-1,BLIND_SECTION_04,False
UC2_CTTCATAGCTCAAGAA-1,BLIND_SECTION_04,False
UC2_CTTCATCACCAGGGCT-1,BLIND_SECTION_04,False
UC2_CTTCATTGTCAGTGGA-1,BLIND_SECTION_04,True
UC2_CTTCCGCTCCGTGAAG-1,BLIND_SECTION_04,True
UC2_CTTCCTGCATATTTAC-1,BLIND_SECTION_04,False
UC2_CTTCGTAGATAGGTGA-1,BLIND_SECTION_04,False
UC2_CTTCTATGTTGAAGTA-1,BLIND_SECTION_04,True
UC2_CTTGACCCGAAAGATA-1,BLIND_SECTION_04,False
UC2_CTTGAGGTTATCCCGA-1,BLIND_SECTION_04,True
UC2_CTTGAGTTAGGGTAAT-1,BLIND_SECTION_04,False
UC2_CTTGATGACCATCCAG-1,BLIND_SECTION_04,True
UC2_CTTGCAACCGCCTCCT-1,BLIND_SECTION_04,False
UC2_CTTGCCCACCCACGCA-1,BLIND_SECTION_04,True
UC2_CTTGGCCAAGCTGGGA-1,BLIND_SECTION_04,False
UC2_CTTGTCGTACGTGTCA-1,BLIND_SECTION_04,False
UC2_CTTGTGAGTCTTTGAC-1,BLIND_SECTION_04,False
UC2_CTTGTGCTCACCGATT-1,BLIND_SECTION_04,False
UC2_CTTGTTGCTGAGTCAA-1,BLIND_SECTION_04,False
UC2_CTTGTTTATGTAGCCA-1,BLIND_SECTION_04,False
UC2_CTTTAACTTTCAAAGG-1,BLIND_SECTION_04,True
UC2_CTTTAGGAACACTGTT-1,BLIND_SECTION_04,False
UC2_CTTTGGCAGACAGAGT-1,BLIND_SECTION_04,False
UC2_CTTTGGCTTTAGTAAA-1,BLIND_SECTION_04,True
UC2_CTTTGGGATTGTTGCA-1,BLIND_SECTION_04,True
UC2_GAAACAGATGACCACC-1,BLIND_SECTION_04,False
UC2_GAAACAGCCATGCAGT-1,BLIND_SECTION_04,False
UC2_GAAACCTATACAAATG-1,BLIND_SECTION_04,True
UC2_GAAACTCGTGCGATGC-1,BLIND_SECTION_04,True
UC2_GAAACTCTAATGAAGG-1,BLIND_SECTION_04,False
UC2_GAAAGAACAGCGTTAT-1,BLIND_SECTION_04,False
UC2_GAAAGCAGTGCACTTT-1,BLIND_SECTION_04,True
UC2_GAAAGTGACTAACTGC-1,BLIND_SECTION_04,False
UC2_GAAATACCTGCTGGCT-1,BLIND_SECTION_04,False
UC2_GAAATACTAAACGTTT-1,BLIND_SECTION_04,True
UC2_GAAATCGCGCGCAACT-1,BLIND_SECTION_04,True
UC2_GAACAGATTACTAAAT-1,BLIND_SECTION_04,False
UC2_GAACCATCTGGGAGAC-1,BLIND_SECTION_04,False
UC2_GAACCCTCTGTGTTCT-1,BLIND_SECTION_04,True
UC2_GAACCTTTAACGATCC-1,BLIND_SECTION_04,False
UC2_GAACGACCGAATGATA-1,BLIND_SECTION_04,False
UC2_GAACGGTGTAAAGCAG-1,BLIND_SECTION_04,False
UC2_GAACGTCTCATGGTCG-1,BLIND_SECTION_04,False
UC2_GAAGCAAGGCAATGTT-1,BLIND_SECTION_04,True
UC2_GAAGCCACTGATTATG-1,BLIND_SECTION_04,False
UC2_GAAGCCTGCACATTCC-1,BLIND_SECTION_04,False
UC2_GAAGCGTGAGGAATTT-1,BLIND_SECTION_04,False
UC2_GAAGCTTGCTGACCGC-1,BLIND_SECTION_04,False
UC2_GAAGTCAGTTGCACTA-1,BLIND_SECTION_04,True
UC2_GAAGTCTCCCTAGCGA-1,BLIND_SECTION_04,True
UC2_GAAGTGATTTATCGTG-1,BLIND_SECTION_04,True
UC2_GAAGTGCTGGATAGCT-1,BLIND_SECTION_04,False
UC2_GAAGTTTCCACTCAAT-1,BLIND_SECTION_04,False
UC2_GAATAGACGCGACCCA-1,BLIND_SECTION_04,True
UC2_GAATAGCCCTGCGGTC-1,BLIND_SECTION_04,False
UC2_GAATATTCGGAGTCCC-1,BLIND_SECTION_04,False
UC2_GAATCGACATGGTCAC-1,BLIND_SECTION_04,False
UC2_GAATCTATACTCGGAC-1,BLIND_SECTION_04,True
UC2_GAATGAAGGTCTTCAG-1,BLIND_SECTION_04,False
UC2_GAATGCGAATCGGTTC-1,BLIND_SECTION_04,False
UC2_GAATGTTGGGTAATCT-1,BLIND_SECTION_04,True
UC2_GAATTATAGTGAAAGG-1,BLIND_SECTION_04,False
UC2_GAATTTCTCGCTGCAG-1,BLIND_SECTION_04,True
UC2_GACAAACATATGCAGG-1,BLIND_SECTION_04,False
UC2_GACAACGCAGCTTACG-1,BLIND_SECTION_04,False
UC2_GACACAGCCGGGACTG-1,BLIND_SECTION_04,False
UC2_GACACGAGTTAGAGGA-1,BLIND_SECTION_04,True
UC2_GACACTGAGTTCAGTG-1,BLIND_SECTION_04,False
UC2_GACACTGGAACCCGAT-1,BLIND_SECTION_04,False
UC2_GACACTTCCAATTACC-1,BLIND_SECTION_04,False
UC2_GACAGCCAGACCTGAC-1,BLIND_SECTION_04,False
UC2_GACAGGCACACACTAT-1,BLIND_SECTION_04,True
UC2_GACCAGAGCCCTGTAG-1,BLIND_SECTION_04,False
UC2_GACCCGTCGCCGGCTA-1,BLIND_SECTION_04,False
UC2_GACCGCGTCTGACGTG-1,BLIND_SECTION_04,False
UC2_GACCGTGCTGACGGTG-1,BLIND_SECTION_04,False
UC2_GACGACGATCCGCGTT-1,BLIND_SECTION_04,True
UC2_GACGCCGTAAAGGCTA-1,BLIND_SECTION_04,True
UC2_GACGCCTGTTGCAGGG-1,BLIND_SECTION_04,False
UC2_GACGCTTGCTTCTAAA-1,BLIND_SECTION_04,False
UC2_GACGGACCGCGTTCCT-1,BLIND_SECTION_04,True
UC2_GACGGGCATCGAATTT-1,BLIND_SECTION_04,True
UC2_GACGGGTTGGCCCGTA-1,BLIND_SECTION_04,True
UC2_GACGTGAGACTCCATG-1,BLIND_SECTION_04,True
UC2_GACTAACACAGCACCT-1,BLIND_SECTION_04,False
UC2_GACTAAGTAGGCTCAC-1,BLIND_SECTION_04,True
UC2_GACTACAATTGCTCGT-1,BLIND_SECTION_04,False
UC2_GACTAGGCCGTTAGGT-1,BLIND_SECTION_04,True
UC2_GACTCTAGAGTTCCAA-1,BLIND_SECTION_04,False
UC2_GACTGCAAATCGAGCT-1,BLIND_SECTION_04,False
UC2_GACTGCTGGTGAGAAA-1,BLIND_SECTION_04,False
UC2_GACTGGGCGCCGCAAC-1,BLIND_SECTION_04,False
UC2_GACTTCAACGCATCAA-1,BLIND_SECTION_04,True
UC2_GAGAACGGTTCTGACT-1,BLIND_SECTION_04,False
UC2_GAGACTTCGCGACCGA-1,BLIND_SECTION_04,True
UC2_GAGAGGGCGCGAGGTT-1,BLIND_SECTION_04,False
UC2_GAGAGGTGCATTCTGG-1,BLIND_SECTION_04,False
UC2_GAGAGTCTCGGGAGAG-1,BLIND_SECTION_04,True
UC2_GAGATCTGCTTGGCAT-1,BLIND_SECTION_04,False
UC2_GAGATGACAATCCTTA-1,BLIND_SECTION_04,False
UC2_GAGATGGGAGTCGACA-1,BLIND_SECTION_04,True
UC2_GAGCACCTGTGTCCAG-1,BLIND_SECTION_04,False
UC2_GAGCATCATCCCTGGG-1,BLIND_SECTION_04,False
UC2_GAGCGCAAATACTCCG-1,BLIND_SECTION_04,False
UC2_GAGCGGAATGCGGTGT-1,BLIND_SECTION_04,False
UC2_GAGCTCTCGGACCTAA-1,BLIND_SECTION_04,True
UC2_GAGGAATGGAGAGGTT-1,BLIND_SECTION_04,False
UC2_GAGGAGTAATTCCTAC-1,BLIND_SECTION_04,True
UC2_GAGGCTATCAAAGTCG-1,BLIND_SECTION_04,True
UC2_GAGGGAGTCAGATCGC-1,BLIND_SECTION_04,False
UC2_GAGGTACATCCATCTT-1,BLIND_SECTION_04,True
UC2_GAGGTCCCAAAGATCT-1,BLIND_SECTION_04,False
UC2_GAGGTCTTAGTGGGTC-1,BLIND_SECTION_04,False
UC2_GAGTAAACCGGAAAGT-1,BLIND_SECTION_04,False
UC2_GAGTAGATACTAGTTG-1,BLIND_SECTION_04,False
UC2_GAGTATGCGCGTGCAT-1,BLIND_SECTION_04,False
UC2_GAGTGTCAACCAGAAA-1,BLIND_SECTION_04,False
UC2_GAGTGTGCGGTACCCA-1,BLIND_SECTION_04,False
UC2_GATAACTCGCACTGTG-1,BLIND_SECTION_04,False
UC2_GATAAGGCAGATGCAA-1,BLIND_SECTION_04,True
UC2_GATAGATAGTACAGTC-1,BLIND_SECTION_04,False
UC2_GATAGTGCGAGTAAGT-1,BLIND_SECTION_04,True
UC2_GATATGAGACACTAAC-1,BLIND_SECTION_04,False
UC2_GATATGCGGTAGCCAA-1,BLIND_SECTION_04,False
UC2_GATATTGAGATTGGCG-1,BLIND_SECTION_04,False
UC2_GATATTTCCTACATGG-1,BLIND_SECTION_04,False
UC2_GATCCCTTTATACTGC-1,BLIND_SECTION_04,True
UC2_GATCCTAAATCGGGAC-1,BLIND_SECTION_04,True
UC2_GATCCTCGACACTGGC-1,BLIND_SECTION_04,False
UC2_GATCCTCTTGCGCTTA-1,BLIND_SECTION_04,False
UC2_GATCGCGGGCTCTCCA-1,BLIND_SECTION_04,False
UC2_GATCGGTGGCCATAAC-1,BLIND_SECTION_04,True
UC2_GATCTGCTATCTAAGG-1,BLIND_SECTION_04,False
UC2_GATGAGGAACCTTCGG-1,BLIND_SECTION_04,False
UC2_GATGATTTGAAACTGG-1,BLIND_SECTION_04,True
UC2_GATGCCACACTACAGC-1,BLIND_SECTION_04,True
UC2_GATGCGTCCTGCATTC-1,BLIND_SECTION_04,True
UC2_GATGCTACAAGCGCCT-1,BLIND_SECTION_04,False
UC2_GATGCTACCTTCGATG-1,BLIND_SECTION_04,False
UC2_GATGGCGCACACATTA-1,BLIND_SECTION_04,True
UC2_GATGGTGCCCTAGGCA-1,BLIND_SECTION_04,False
UC2_GATGTCCGGATCACAT-1,BLIND_SECTION_04,False
UC2_GATGTCGGTCAACTGC-1,BLIND_SECTION_04,True
UC2_GATGTGTTGTCACAAG-1,BLIND_SECTION_04,False
UC2_GATGTTCAATCCACGA-1,BLIND_SECTION_04,False
UC2_GATGTTTGTGCGAGAT-1,BLIND_SECTION_04,False
UC2_GATTAATCCTGGCTCA-1,BLIND_SECTION_04,True
UC2_GATTACTGAATTTGGG-1,BLIND_SECTION_04,False
UC2_GATTATCTTGCATTAT-1,BLIND_SECTION_04,False
UC2_GATTCCCTTGTCGCAG-1,BLIND_SECTION_04,False
UC2_GATTCCTATACGGCGC-1,BLIND_SECTION_04,False
UC2_GATTGGGAAAGGTTGT-1,BLIND_SECTION_04,True
UC2_GCAAACCTTGGCCATA-1,BLIND_SECTION_04,False
UC2_GCAAACGTCGCCAGGT-1,BLIND_SECTION_04,True
UC2_GCAAATATTACGCTTT-1,BLIND_SECTION_04,False
UC2_GCAACAGCAGTATGCG-1,BLIND_SECTION_04,False
UC2_GCAACCACCAGACCGG-1,BLIND_SECTION_04,False
UC2_GCAACCACGGCCGCGT-1,BLIND_SECTION_04,False
UC2_GCAACGGCTAGTTATG-1,BLIND_SECTION_04,False
UC2_GCAAGAATTCCTTGGC-1,BLIND_SECTION_04,False
UC2_GCAAGTGTAAAGCATG-1,BLIND_SECTION_04,True
UC2_GCACAAACGAGGCGTG-1,BLIND_SECTION_04,True
UC2_GCACAAGTGTCGGAAG-1,BLIND_SECTION_04,False
UC2_GCACACAGCTATTACC-1,BLIND_SECTION_04,True
UC2_GCACAGCACGGGCCGA-1,BLIND_SECTION_04,False
UC2_GCACCTAGGCGAGTCC-1,BLIND_SECTION_04,True
UC2_GCACTAGTCGCGCTAT-1,BLIND_SECTION_04,False
UC2_GCACTCCCACAGTCCC-1,BLIND_SECTION_04,True
UC2_GCACTGCCTACCTTTA-1,BLIND_SECTION_04,False
UC2_GCACTGTGCAAATGTA-1,BLIND_SECTION_04,False
UC2_GCAGAAACGTAATCCA-1,BLIND_SECTION_04,True
UC2_GCAGCACACAGCCCAG-1,BLIND_SECTION_04,False
UC2_GCAGCGGTGGGCATTA-1,BLIND_SECTION_04,False
UC2_GCAGGACTATAGAATA-1,BLIND_SECTION_04,False
UC2_GCAGTGTGGCTATAGG-1,BLIND_SECTION_04,True
UC2_GCATAGAGCACTCAGG-1,BLIND_SECTION_04,True
UC2_GCATGAGGGACGCGGC-1,BLIND_SECTION_04,False
UC2_GCATGCTAATAACGAT-1,BLIND_SECTION_04,False
UC2_GCATTGTAATTCATAT-1,BLIND_SECTION_04,True
UC2_GCATTTCCAAGGCTCC-1,BLIND_SECTION_04,True
UC2_GCCAACCATTTCCGGA-1,BLIND_SECTION_04,True
UC2_GCCAATAGGGCATCTC-1,BLIND_SECTION_04,False
UC2_GCCAGGAGTAACCGAT-1,BLIND_SECTION_04,False
UC2_GCCAGGCGTTCGCATG-1,BLIND_SECTION_04,False
UC2_GCCATATTGCACACAG-1,BLIND_SECTION_04,False
UC2_GCCCACCAAGGCTGTC-1,BLIND_SECTION_04,False
UC2_GCCCATGGGTGCAATG-1,BLIND_SECTION_04,False
UC2_GCCCGACTTCTTCCCG-1,BLIND_SECTION_04,True
UC2_GCCCGATCTGTGGTCG-1,BLIND_SECTION_04,True
UC2_GCCGAAATTCCTACGT-1,BLIND_SECTION_04,True
UC2_GCCGCTTGTGAGAAAC-1,BLIND_SECTION_04,False
UC2_GCCGGAAACACATCTT-1,BLIND_SECTION_04,True
UC2_GCCGGTCGTATCTCTC-1,BLIND_SECTION_04,False
UC2_GCCGGTTTGGGCGGAT-1,BLIND_SECTION_04,True
UC2_GCCGTCGGTTTCGGGC-1,BLIND_SECTION_04,True
UC2_GCCTACGTTCTGTGCA-1,BLIND_SECTION_04,True
UC2_GCCTATAGTGTCAGGG-1,BLIND_SECTION_04,False
UC2_GCCTATTCCGATATAG-1,BLIND_SECTION_04,False
UC2_GCCTATTTGCTACACA-1,BLIND_SECTION_04,False
UC2_GCCTCATCTGGAAATA-1,BLIND_SECTION_04,True
UC2_GCCTCTATACATAGCA-1,BLIND_SECTION_04,True
UC2_GCGAGGCCCGAGCAGA-1,BLIND_SECTION_04,False
UC2_GCGAGTTCTGCAAAGA-1,BLIND_SECTION_04,True
UC2_GCGATTCTGGAAGCAG-1,BLIND_SECTION_04,True
UC2_GCGATTGTTAACGTTA-1,BLIND_SECTION_04,False
UC2_GCGCATCCAGTCAGCA-1,BLIND_SECTION_04,True
UC2_GCGCGATGGGTCAAGT-1,BLIND_SECTION_04,False
UC2_GCGCGGTCTAGTAACT-1,BLIND_SECTION_04,False
UC2_GCGCGTCATTGGTACA-1,BLIND_SECTION_04,True
UC2_GCGCTAAGTATGCATG-1,BLIND_SECTION_04,False
UC2_GCGCTGATCCAGACTC-1,BLIND_SECTION_04,False
UC2_GCGGCTCTGACGTACC-1,BLIND_SECTION_04,False
UC2_GCGGGCGAGCCTTACC-1,BLIND_SECTION_04,True
UC2_GCGGTCTTGCTTTCAC-1,BLIND_SECTION_04,False
UC2_GCGTCCAGCTCGTGGC-1,BLIND_SECTION_04,False
UC2_GCGTCCCTAAGACATA-1,BLIND_SECTION_04,True
UC2_GCGTCGAAATGTCGGT-1,BLIND_SECTION_04,False
UC2_GCGTCTCTGCATTGGG-1,BLIND_SECTION_04,False
UC2_GCGTGGTACTGGGTTA-1,BLIND_SECTION_04,False
UC2_GCGTTCGGAGACCGGG-1,BLIND_SECTION_04,False
UC2_GCGTTCTGACTAAGCG-1,BLIND_SECTION_04,False
UC2_GCTAAACCTGAGGTGA-1,BLIND_SECTION_04,True
UC2_GCTAACTGAAGTCTGA-1,BLIND_SECTION_04,True
UC2_GCTAAGCCCAGTATGC-1,BLIND_SECTION_04,True
UC2_GCTAAGTAGTTTCTCT-1,BLIND_SECTION_04,True
UC2_GCTAGACCGTCTACTG-1,BLIND_SECTION_04,False
UC2_GCTAGGCACCACGGAG-1,BLIND_SECTION_04,True
UC2_GCTAGTTTCATTGAGG-1,BLIND_SECTION_04,False
UC2_GCTATAAGGGCCAGGA-1,BLIND_SECTION_04,True
UC2_GCTATCATACTCATGG-1,BLIND_SECTION_04,False
UC2_GCTATCGCGGCGCAAC-1,BLIND_SECTION_04,True
UC2_GCTCAATGTAATACCG-1,BLIND_SECTION_04,False
UC2_GCTCATTACTGCATGT-1,BLIND_SECTION_04,False
UC2_GCTCCATGCAAAGCAA-1,BLIND_SECTION_04,True
UC2_GCTCCCAGTCGGTCCA-1,BLIND_SECTION_04,False
UC2_GCTCCGCTCGCTTCAG-1,BLIND_SECTION_04,False
UC2_GCTCCGGACGTTGATA-1,BLIND_SECTION_04,False
UC2_GCTCGACCGAACTGAA-1,BLIND_SECTION_04,False
UC2_GCTCGCTCATGTCCAA-1,BLIND_SECTION_04,False
UC2_GCTCGGAATTTAAAGC-1,BLIND_SECTION_04,True
UC2_GCTCTAAACCCTGACG-1,BLIND_SECTION_04,False
UC2_GCTCTCGGGTACCGAA-1,BLIND_SECTION_04,False
UC2_GCTCTTTCCGCTAGTG-1,BLIND_SECTION_04,False
UC2_GCTGAGGCGTGAGTAT-1,BLIND_SECTION_04,False
UC2_GCTGCTAAGTAGTCGA-1,BLIND_SECTION_04,True
UC2_GCTGGCATATTCACCT-1,BLIND_SECTION_04,False
UC2_GCTGGTGACTCGTAGT-1,BLIND_SECTION_04,True
UC2_GCTGTATTACTGGCCC-1,BLIND_SECTION_04,True
UC2_GCTGTTGCTACCGAAC-1,BLIND_SECTION_04,False
UC2_GCTTAATGTAACTAAC-1,BLIND_SECTION_04,False
UC2_GCTTATGAAGCAGGAA-1,BLIND_SECTION_04,True
UC2_GCTTCAGTGGGATTAC-1,BLIND_SECTION_04,False
UC2_GCTTCCATGTAACCGC-1,BLIND_SECTION_04,False
UC2_GCTTCCCGTAAGCTCC-1,BLIND_SECTION_04,True
UC2_GCTTGGATCGATTAGG-1,BLIND_SECTION_04,False
UC2_GCTTTCAGAGGAGGTG-1,BLIND_SECTION_04,True
UC2_GCTTTCTATCTCAACT-1,BLIND_SECTION_04,False
UC2_GGAAACCTTGTTGAAT-1,BLIND_SECTION_04,False
UC2_GGAAAGTGCCCATGCC-1,BLIND_SECTION_04,False
UC2_GGAAGCTCGCTTACAG-1,BLIND_SECTION_04,False
UC2_GGAATGCGCTAGCGTG-1,BLIND_SECTION_04,False
UC2_GGACACAAGTTTACAC-1,BLIND_SECTION_04,False
UC2_GGACCAACAGGATAAC-1,BLIND_SECTION_04,True
UC2_GGACCTACGGTAACGT-1,BLIND_SECTION_04,True
UC2_GGACTCGACAGCGCAT-1,BLIND_SECTION_04,False
UC2_GGAGACCAATGTGCTT-1,BLIND_SECTION_04,False
UC2_GGAGCACCAAGAACTA-1,BLIND_SECTION_04,True
UC2_GGAGGATTGAAAGGAG-1,BLIND_SECTION_04,True
UC2_GGAGGCGAAGAACCGC-1,BLIND_SECTION_04,False
UC2_GGAGGGCTTGGTTGGC-1,BLIND_SECTION_04,True
UC2_GGATCAAAGGACGAGG-1,BLIND_SECTION_04,False
UC2_GGATCATCCCGTACGC-1,BLIND_SECTION_04,False
UC2_GGATCCGGAATATACT-1,BLIND_SECTION_04,True
UC2_GGATGAAGATCGCTGA-1,BLIND_SECTION_04,True
UC2_GGATGACGCGAGTTTA-1,BLIND_SECTION_04,False
UC2_GGATGCTGGCGTTCCT-1,BLIND_SECTION_04,True
UC2_GGATGGCTTGAAGTAT-1,BLIND_SECTION_04,True
UC2_GGATGTCCTTACCGCA-1,BLIND_SECTION_04,False
UC2_GGATTAAGCTAAGGTC-1,BLIND_SECTION_04,False
UC2_GGATTCAGTACGGTGG-1,BLIND_SECTION_04,False
UC2_GGATTCCGCTATACCC-1,BLIND_SECTION_04,True
UC2_GGATTTCACTTCTATA-1,BLIND_SECTION_04,True
UC2_GGCAAGCCCATAGTGG-1,BLIND_SECTION_04,False
UC2_GGCACTCCACTGGGCA-1,BLIND_SECTION_04,False
UC2_GGCATACAGGTAGCGG-1,BLIND_SECTION_04,False
UC2_GGCATATCGGTTCTGC-1,BLIND_SECTION_04,True
UC2_GGCATCAACGAGCACG-1,BLIND_SECTION_04,False
UC2_GGCATTGAACATCTCA-1,BLIND_SECTION_04,True
UC2_GGCCACAAGCGATGGC-1,BLIND_SECTION_04,False
UC2_GGCCCAATCTAGAGGG-1,BLIND_SECTION_04,True
UC2_GGCCCGGAGCATGTCT-1,BLIND_SECTION_04,True
UC2_GGCCCTCACCCACTTA-1,BLIND_SECTION_04,True
UC2_GGCCGGCGTCTGCTAT-1,BLIND_SECTION_04,False
UC2_GGCCGTTTGGGTTTCA-1,BLIND_SECTION_04,True
UC2_GGCGCAGGACATCTTC-1,BLIND_SECTION_04,True
UC2_GGCGCGGAGATCTTTC-1,BLIND_SECTION_04,False
UC2_GGCGCTCCTCATCAAT-1,BLIND_SECTION_04,False
UC2_GGCGGAGTAATATTAG-1,BLIND_SECTION_04,False
UC2_GGCGTACCCTATATAA-1,BLIND_SECTION_04,True
UC2_GGCGTAGGGAAAGCTG-1,BLIND_SECTION_04,False
UC2_GGCGTCCTATCCGCTG-1,BLIND_SECTION_04,False
UC2_GGCTAAAGGGCGGGTC-1,BLIND_SECTION_04,False
UC2_GGCTACTATACACTCC-1,BLIND_SECTION_04,True
UC2_GGCTATTAAGTTGTAT-1,BLIND_SECTION_04,False
UC2_GGCTCGCGTTGAGGTA-1,BLIND_SECTION_04,True
UC2_GGCTGGCAATCCCACG-1,BLIND_SECTION_04,True
UC2_GGCTGGCTAGCTTAAA-1,BLIND_SECTION_04,False
UC2_GGCTTCTCGTGGGTGG-1,BLIND_SECTION_04,False
UC2_GGCTTTCAATAAGGGT-1,BLIND_SECTION_04,False
UC2_GGGAACCACCTGTTTC-1,BLIND_SECTION_04,True
UC2_GGGAACGGGAGGTTAG-1,BLIND_SECTION_04,False
UC2_GGGAAGGGCTTTCTCA-1,BLIND_SECTION_04,False
UC2_GGGACCCGTATATCTT-1,BLIND_SECTION_04,True
UC2_GGGAGGATGCCCGAAA-1,BLIND_SECTION_04,True
UC2_GGGAGTTAATGAGGCG-1,BLIND_SECTION_04,False
UC2_GGGATTTACCGCACCT-1,BLIND_SECTION_04,True
UC2_GGGCACGTAGTACTGT-1,BLIND_SECTION_04,False
UC2_GGGCAGAGCAATCGTT-1,BLIND_SECTION_04,False
UC2_GGGCATGCATGTCGAG-1,BLIND_SECTION_04,True
UC2_GGGCCGGCCGAAGTAC-1,BLIND_SECTION_04,False
UC2_GGGCCTATACAACCGG-1,BLIND_SECTION_04,False
UC2_GGGCGATATGTGTGAA-1,BLIND_SECTION_04,True
UC2_GGGCGGGTTCCCTACG-1,BLIND_SECTION_04,False
UC2_GGGCGGTCCTATTGTC-1,BLIND_SECTION_04,False
UC2_GGGCGTCCACTGGCTC-1,BLIND_SECTION_04,True
UC2_GGGCGTGGTTTCCCAG-1,BLIND_SECTION_04,False
UC2_GGGCTATGATCGATGG-1,BLIND_SECTION_04,True
UC2_GGGTAATGCTGTGTTT-1,BLIND_SECTION_04,True
UC2_GGGTACCCACGGTCCT-1,BLIND_SECTION_04,True
UC2_GGGTATGTATGCACTT-1,BLIND_SECTION_04,True
UC2_GGGTCACCGTGACGGT-1,BLIND_SECTION_04,False
UC2_GGGTCACGTGCTTATG-1,BLIND_SECTION_04,False
UC2_GGGTCAGGAGCTAGAT-1,BLIND_SECTION_04,False
UC2_GGGTCGTGGCAAGTGT-1,BLIND_SECTION_04,False
UC2_GGGTGGTCCAGCCTGT-1,BLIND_SECTION_04,False
UC2_GGGTGTTTCAGCTATG-1,BLIND_SECTION_04,False
UC2_GGGTTCAGACGAACAA-1,BLIND_SECTION_04,False
UC2_GGGTTTAGGATAGGAT-1,BLIND_SECTION_04,False
UC2_GGTAAATGTGCGTTAC-1,BLIND_SECTION_04,False
UC2_GGTACAAACATGCTAT-1,BLIND_SECTION_04,False
UC2_GGTAGAAGACCGCCTG-1,BLIND_SECTION_04,False
UC2_GGTAGACCGTTGGGCG-1,BLIND_SECTION_04,True
UC2_GGTATTGCCGAGTTTA-1,BLIND_SECTION_04,True
UC2_GGTCACGTTAGATTCA-1,BLIND_SECTION_04,True
UC2_GGTCGGCCAGGAGCTT-1,BLIND_SECTION_04,False
UC2_GGTCGGTCGTCCACAG-1,BLIND_SECTION_04,True
UC2_GGTCTGAGAATCTGGA-1,BLIND_SECTION_04,True
UC2_GGTGAAACCGGGAATG-1,BLIND_SECTION_04,True
UC2_GGTGAACGGGCTAGCC-1,BLIND_SECTION_04,False
UC2_GGTGAGATGCAGATAA-1,BLIND_SECTION_04,False
UC2_GGTGATAAGGAGCAGT-1,BLIND_SECTION_04,False
UC2_GGTGATTTCATCTTGT-1,BLIND_SECTION_04,False
UC2_GGTGCATAAATGATTA-1,BLIND_SECTION_04,True
UC2_GGTGCTGATCACAAAG-1,BLIND_SECTION_04,True
UC2_GGTGCTGGTACACATT-1,BLIND_SECTION_04,False
UC2_GGTGGACCACGTGTTA-1,BLIND_SECTION_04,True
UC2_GGTGGACTGCTCTGGC-1,BLIND_SECTION_04,False
UC2_GGTGTAAATCGATTGT-1,BLIND_SECTION_04,False
UC2_GGTGTTCTGTTTCTAC-1,BLIND_SECTION_04,False
UC2_GGTTACCACCCTCGGG-1,BLIND_SECTION_04,False
UC2_GGTTACCGCTCCCTAC-1,BLIND_SECTION_04,True
UC2_GGTTAGGCTTGGAGAA-1,BLIND_SECTION_04,True
UC2_GGTTAGTTACGGCGCC-1,BLIND_SECTION_04,True
UC2_GGTTCCACCCGCTTCT-1,BLIND_SECTION_04,False
UC2_GGTTCGCATTTGCCGT-1,BLIND_SECTION_04,False
UC2_GGTTGTATCGTGAAAT-1,BLIND_SECTION_04,True
UC2_GGTTTAGCCTTTCTTG-1,BLIND_SECTION_04,False
UC2_GGTTTCAATCGGTCAG-1,BLIND_SECTION_04,True
UC2_GTAACAACTGACCTTG-1,BLIND_SECTION_04,False
UC2_GTAACATCAGCTCATC-1,BLIND_SECTION_04,False
UC2_GTAAGCGGGCAGTCAG-1,BLIND_SECTION_04,False
UC2_GTAAGGATTTGTCGGA-1,BLIND_SECTION_04,True
UC2_GTAAGTAACAGTCTGG-1,BLIND_SECTION_04,False
UC2_GTAAGTAGGGTATACC-1,BLIND_SECTION_04,True
UC2_GTACAGAGGCAAGGGT-1,BLIND_SECTION_04,False
UC2_GTACGACGGCGCTGCG-1,BLIND_SECTION_04,True
UC2_GTACGAGATTGCGACA-1,BLIND_SECTION_04,False
UC2_GTACTACGGCCTCGTT-1,BLIND_SECTION_04,False
UC2_GTACTCCCTTATCGCT-1,BLIND_SECTION_04,True
UC2_GTACTGGAGTTAGACC-1,BLIND_SECTION_04,True
UC2_GTACTTGGGCACTTCT-1,BLIND_SECTION_04,False
UC2_GTAGACAACCGATGAA-1,BLIND_SECTION_04,False
UC2_GTAGACACGCCTGACT-1,BLIND_SECTION_04,False
UC2_GTAGCGCTGTTGTAGT-1,BLIND_SECTION_04,False
UC2_GTAGCTAGTAAGCGCG-1,BLIND_SECTION_04,False
UC2_GTAGCTTCCTCTTGTT-1,BLIND_SECTION_04,False
UC2_GTAGGTGATCCGTGTA-1,BLIND_SECTION_04,False
UC2_GTAGTTAGACAATATA-1,BLIND_SECTION_04,True
UC2_GTATAGGACTCAGTAG-1,BLIND_SECTION_04,True
UC2_GTATAGTGGCCCATGT-1,BLIND_SECTION_04,False
UC2_GTATCCTTTGGTAACC-1,BLIND_SECTION_04,False
UC2_GTATCTTGTTGCTCAC-1,BLIND_SECTION_04,False
UC2_GTATGACGTGGGAAAC-1,BLIND_SECTION_04,True
UC2_GTATTAAGGCGTCTAA-1,BLIND_SECTION_04,True
UC2_GTCAAAGTTTACATAG-1,BLIND_SECTION_04,False
UC2_GTCAACCAGGCCTATA-1,BLIND_SECTION_04,False
UC2_GTCAATTGTACTGAAG-1,BLIND_SECTION_04,True
UC2_GTCACAAAGTTTCCAA-1,BLIND_SECTION_04,False
UC2_GTCACCTGTCTATGTC-1,BLIND_SECTION_04,False
UC2_GTCACTCTCCAAATCT-1,BLIND_SECTION_04,False
UC2_GTCAGAATAGTCTATG-1,BLIND_SECTION_04,True
UC2_GTCAGTTGTGCTCGTT-1,BLIND_SECTION_04,True
UC2_GTCATGCACCTCCGTT-1,BLIND_SECTION_04,True
UC2_GTCATGGACATGACTA-1,BLIND_SECTION_04,True
UC2_GTCCAATATTTAGCCT-1,BLIND_SECTION_04,False
UC2_GTCCAGGCACGTGTGC-1,BLIND_SECTION_04,False
UC2_GTCCATTACTGCTACG-1,BLIND_SECTION_04,True
UC2_GTCCCAACGTAAAGTA-1,BLIND_SECTION_04,True
UC2_GTCCCGCGACGTTATG-1,BLIND_SECTION_04,True
UC2_GTCCGTTAGAGGGCCT-1,BLIND_SECTION_04,False
UC2_GTCCTACAGGCGGCTC-1,BLIND_SECTION_04,True
UC2_GTCCTTCTAGTGGGTT-1,BLIND_SECTION_04,True
UC2_GTCGGATATCTCAGAC-1,BLIND_SECTION_04,True
UC2_GTCGGGAAGCAGAAAC-1,BLIND_SECTION_04,False
UC2_GTCTACTCAATTACAA-1,BLIND_SECTION_04,False
UC2_GTCTAGTGAGCCGCTT-1,BLIND_SECTION_04,False
UC2_GTCTATCTGAGTTTCT-1,BLIND_SECTION_04,False
UC2_GTCTATTGCATGCTCG-1,BLIND_SECTION_04,False
UC2_GTCTCAAGGCCCGGCT-1,BLIND_SECTION_04,False
UC2_GTCTCCGCCTCAATAC-1,BLIND_SECTION_04,True
UC2_GTCTCGACTAAGTTTG-1,BLIND_SECTION_04,False
UC2_GTCTCGATCTGCTTTC-1,BLIND_SECTION_04,True
UC2_GTCTGCCGACTCGACG-1,BLIND_SECTION_04,False
UC2_GTCTGTAGGTTGAACA-1,BLIND_SECTION_04,False
UC2_GTCTTAGTACAGCCGG-1,BLIND_SECTION_04,True
UC2_GTGAAACGGCGCCACC-1,BLIND_SECTION_04,True
UC2_GTGAAGCCGTATAGTC-1,BLIND_SECTION_04,True
UC2_GTGACCGCACACTACG-1,BLIND_SECTION_04,True
UC2_GTGACGAGGGTGACCC-1,BLIND_SECTION_04,False
UC2_GTGACGCAGGTTTCAT-1,BLIND_SECTION_04,False
UC2_GTGAGATAACCTTATA-1,BLIND_SECTION_04,True
UC2_GTGAGGAGCGGTTGAG-1,BLIND_SECTION_04,False
UC2_GTGAGTGGTACAACGC-1,BLIND_SECTION_04,True
UC2_GTGATCCTTGTCATGA-1,BLIND_SECTION_04,False
UC2_GTGATGCACAACATCT-1,BLIND_SECTION_04,False
UC2_GTGCAACAAATGTGGC-1,BLIND_SECTION_04,False
UC2_GTGCCATCACACGGTG-1,BLIND_SECTION_04,False
UC2_GTGCCCGTTCGGATTC-1,BLIND_SECTION_04,False
UC2_GTGCCGCTTCAAAGGT-1,BLIND_SECTION_04,False
UC2_GTGCCTCAGTGTACGG-1,BLIND_SECTION_04,False
UC2_GTGCGCAGCTTGCTCC-1,BLIND_SECTION_04,True
UC2_GTGCGCTTACAAATGA-1,BLIND_SECTION_04,True
UC2_GTGCGGGACCATCGGC-1,BLIND_SECTION_04,True
UC2_GTGCGGGTCTCCAAAT-1,BLIND_SECTION_04,False
UC2_GTGCGTGTATATGAGC-1,BLIND_SECTION_04,False
UC2_GTGCTCAAGTACTGTC-1,BLIND_SECTION_04,True
UC2_GTGGAACCTACATGCG-1,BLIND_SECTION_04,True
UC2_GTGGACCAACCCGATT-1,BLIND_SECTION_04,False
UC2_GTGGACGCATTTGTCC-1,BLIND_SECTION_04,True
UC2_GTGGACGTGCTGAGAC-1,BLIND_SECTION_04,False
UC2_GTGGCGGTCCCAGCGT-1,BLIND_SECTION_04,True
UC2_GTGGCGTGCACCAGAG-1,BLIND_SECTION_04,False
UC2_GTGGGCTTAGACACAC-1,BLIND_SECTION_04,False
UC2_GTGGTCAGCGAAGTAT-1,BLIND_SECTION_04,False
UC2_GTGGTGATGGTTTGTG-1,BLIND_SECTION_04,False
UC2_GTGGTTTCCGCCTTTC-1,BLIND_SECTION_04,True
UC2_GTGTATGACTTTAAAG-1,BLIND_SECTION_04,True
UC2_GTGTCAGTGTACGTGG-1,BLIND_SECTION_04,True
UC2_GTGTCCGATAAGGCAT-1,BLIND_SECTION_04,False
UC2_GTGTCGTATAGCGTTC-1,BLIND_SECTION_04,True
UC2_GTGTCGTATTCACCTT-1,BLIND_SECTION_04,False
UC2_GTGTGAATAACTTAGG-1,BLIND_SECTION_04,False
UC2_GTGTGAGCCGAGGTGC-1,BLIND_SECTION_04,True
UC2_GTTAACATCACTTAAA-1,BLIND_SECTION_04,True
UC2_GTTAAGGGTGCGATGT-1,BLIND_SECTION_04,False
UC2_GTTACAATTGGTGACG-1,BLIND_SECTION_04,False
UC2_GTTACGAAATCCACGC-1,BLIND_SECTION_04,True
UC2_GTTACGGCCCGACTGC-1,BLIND_SECTION_04,True
UC2_GTTAGAGTGTGCCGCT-1,BLIND_SECTION_04,False
UC2_GTTATCACCTTCTGAA-1,BLIND_SECTION_04,False
UC2_GTTATTAAATACGACC-1,BLIND_SECTION_04,False
UC2_GTTCAATCTATGTCAA-1,BLIND_SECTION_04,True
UC2_GTTCACAGGAGTCTAG-1,BLIND_SECTION_04,True
UC2_GTTCAGTCGCCAAATG-1,BLIND_SECTION_04,True
UC2_GTTCCAAGACAGCGAC-1,BLIND_SECTION_04,True
UC2_GTTCCAGTCTGACCAT-1,BLIND_SECTION_04,False
UC2_GTTCCGTCCGCCTGCA-1,BLIND_SECTION_04,False
UC2_GTTCGCCATAAGTGCC-1,BLIND_SECTION_04,False
UC2_GTTCGGATCGGGAACA-1,BLIND_SECTION_04,False
UC2_GTTCGTTGCGGACCAG-1,BLIND_SECTION_04,True
UC2_GTTGAACCGGTTCCAT-1,BLIND_SECTION_04,False
UC2_GTTGGATTTGCGTTGG-1,BLIND_SECTION_04,False
UC2_GTTTCATATCGTCGCT-1,BLIND_SECTION_04,True
UC2_GTTTGACCAAATCCTA-1,BLIND_SECTION_04,True
UC2_GTTTGAGCGGTTATGT-1,BLIND_SECTION_04,True
UC2_GTTTGGCCCAAGTTAT-1,BLIND_SECTION_04,False
UC2_GTTTGGCCGCTCAGCG-1,BLIND_SECTION_04,False
UC2_GTTTGGGCTTGTGAGC-1,BLIND_SECTION_04,True
UC2_GTTTGGTAGGGTCAAC-1,BLIND_SECTION_04,False
UC2_TAAAGCGGTATTTCCA-1,BLIND_SECTION_04,False
UC2_TAAAGGAGAAACTAGT-1,BLIND_SECTION_04,True
UC2_TAAATGAATCCGTTTC-1,BLIND_SECTION_04,False
UC2_TAAATTTAGTAACACC-1,BLIND_SECTION_04,True
UC2_TAACAGGTTCCCTTAG-1,BLIND_SECTION_04,False
UC2_TAACGCTTTGAGAGCG-1,BLIND_SECTION_04,True
UC2_TAACTATCGAAGGTCC-1,BLIND_SECTION_04,False
UC2_TAACTCCATGGAGGCT-1,BLIND_SECTION_04,False
UC2_TAAGATTTAGCGGGAG-1,BLIND_SECTION_04,False
UC2_TAAGGCAACATAAGAT-1,BLIND_SECTION_04,True
UC2_TAAGGCATAACATCAA-1,BLIND_SECTION_04,True
UC2_TAAGGCCCGTCACCCT-1,BLIND_SECTION_04,False
UC2_TAAGTAAATGTGCCGC-1,BLIND_SECTION_04,False
UC2_TAATACACAGTAGTAT-1,BLIND_SECTION_04,True
UC2_TAATATTGAAATTCGC-1,BLIND_SECTION_04,False
UC2_TAATCAGGAATGCTGC-1,BLIND_SECTION_04,False
UC2_TAATCGATCCGTACGT-1,BLIND_SECTION_04,True
UC2_TAATTAGATGGATATG-1,BLIND_SECTION_04,False
UC2_TAATTAGGACATCCGT-1,BLIND_SECTION_04,False
UC2_TAATTGGAATCGGGAA-1,BLIND_SECTION_04,False
UC2_TACAAATTGCGGAGGT-1,BLIND_SECTION_04,False
UC2_TACAACGCACAACTCA-1,BLIND_SECTION_04,True
UC2_TACAAGCTGTTCACTG-1,BLIND_SECTION_04,True
UC2_TACAAGTCTCGTGCAT-1,BLIND_SECTION_04,True
UC2_TACAATGAAACCAGCA-1,BLIND_SECTION_04,False
UC2_TACACCTCTTCGAATC-1,BLIND_SECTION_04,False
UC2_TACAGAAACGGTGGGC-1,BLIND_SECTION_04,True
UC2_TACATTTCTAACGTGC-1,BLIND_SECTION_04,False
UC2_TACCAAATAGCCCAGA-1,BLIND_SECTION_04,False
UC2_TACCAATAAAGTACCA-1,BLIND_SECTION_04,False
UC2_TACCAGCTAGGTTTAA-1,BLIND_SECTION_04,True
UC2_TACCGCGGACTTGCAG-1,BLIND_SECTION_04,True
UC2_TACCGGTCGTTTCCAT-1,BLIND_SECTION_04,False
UC2_TACCGTGCCTCGGACC-1,BLIND_SECTION_04,True
UC2_TACCTACTCCCAGTAT-1,BLIND_SECTION_04,False
UC2_TACCTCAGTTGTCTGT-1,BLIND_SECTION_04,True
UC2_TACCTGCTGCACTGTG-1,BLIND_SECTION_04,True
UC2_TACCTTAAGATTTCCC-1,BLIND_SECTION_04,True
UC2_TACGAGAACTTCACGT-1,BLIND_SECTION_04,False
UC2_TACGATCCAAGCCACT-1,BLIND_SECTION_04,True
UC2_TACGCCATATTCTAAT-1,BLIND_SECTION_04,True
UC2_TACGCCTCCATTCCGA-1,BLIND_SECTION_04,False
UC2_TACGGGATGCTAGCAG-1,BLIND_SECTION_04,False
UC2_TACGGGTAATAACATA-1,BLIND_SECTION_04,False
UC2_TACGTGCAAGGTTCCT-1,BLIND_SECTION_04,False
UC2_TACGTGCACTATGCTG-1,BLIND_SECTION_04,False
UC2_TACGTTTACCGGCAAT-1,BLIND_SECTION_04,True
UC2_TACTACGTGCAATGCG-1,BLIND_SECTION_04,False
UC2_TACTATGGTTCCTCAG-1,BLIND_SECTION_04,True
UC2_TACTCGTTTGAATCAA-1,BLIND_SECTION_04,False
UC2_TACTCTCCGAACAAAT-1,BLIND_SECTION_04,True
UC2_TACTCTTTCGTCTTCA-1,BLIND_SECTION_04,True
UC2_TACTGCAATCAATTAC-1,BLIND_SECTION_04,False
UC2_TACTGGACAGCTCGGC-1,BLIND_SECTION_04,True
UC2_TACTTGTTAGTAGTCC-1,BLIND_SECTION_04,False
UC2_TACTTTACTGAGCCGG-1,BLIND_SECTION_04,True
UC2_TAGAAACCACTAAGTA-1,BLIND_SECTION_04,False
UC2_TAGAAAGGTGGCGCTA-1,BLIND_SECTION_04,False
UC2_TAGAATTAAGGGCAAC-1,BLIND_SECTION_04,True
UC2_TAGACGAAACGCCAAT-1,BLIND_SECTION_04,False
UC2_TAGAGATCATGCAACT-1,BLIND_SECTION_04,True
UC2_TAGATCCGAAGTCGCA-1,BLIND_SECTION_04,True
UC2_TAGCAACCTGTCACAA-1,BLIND_SECTION_04,False
UC2_TAGCAGATACTTAGGG-1,BLIND_SECTION_04,True
UC2_TAGCAGTAAATACGCG-1,BLIND_SECTION_04,False
UC2_TAGCAGTATGACTAAA-1,BLIND_SECTION_04,False
UC2_TAGCCATTTCAAAGTC-1,BLIND_SECTION_04,True
UC2_TAGCCGGCGGTCAGCG-1,BLIND_SECTION_04,True
UC2_TAGCGTCCCTCGATTG-1,BLIND_SECTION_04,False
UC2_TAGCGTCCGGTGTGGT-1,BLIND_SECTION_04,False
UC2_TAGCTAAGTCCGGGAG-1,BLIND_SECTION_04,True
UC2_TAGCTAGTGATGATGG-1,BLIND_SECTION_04,True
UC2_TAGCTCAGATCCTAGT-1,BLIND_SECTION_04,True
UC2_TAGGAACAGCCTCCAG-1,BLIND_SECTION_04,False
UC2_TAGGCATGTTACGCCA-1,BLIND_SECTION_04,True
UC2_TAGGCTAAAGTGGCAC-1,BLIND_SECTION_04,False
UC2_TAGGGAGCTTGGGATG-1,BLIND_SECTION_04,False
UC2_TAGGGTGTTTCAAGAG-1,BLIND_SECTION_04,False
UC2_TAGGTCCAAGTAAGGA-1,BLIND_SECTION_04,True
UC2_TAGGTGACGATAACCT-1,BLIND_SECTION_04,False
UC2_TAGGTGAGCCCTACTC-1,BLIND_SECTION_04,False
UC2_TAGGTGCTCGCCTAGC-1,BLIND_SECTION_04,False
UC2_TAGTACCTTAGTGGTC-1,BLIND_SECTION_04,True
UC2_TAGTCCGCAGAGAATG-1,BLIND_SECTION_04,False
UC2_TAGTCTAACAACGAGA-1,BLIND_SECTION_04,False
UC2_TAGTCTGTGACGTTGC-1,BLIND_SECTION_04,False
UC2_TAGTCTTTCCGAATTG-1,BLIND_SECTION_04,True
UC2_TAGTGAGAAGTGGTTG-1,BLIND_SECTION_04,True
UC2_TAGTGCCCTCCAGAGT-1,BLIND_SECTION_04,True
UC2_TAGTGGAACTCATACA-1,BLIND_SECTION_04,True
UC2_TAGTGTCAGAAACGGC-1,BLIND_SECTION_04,True
UC2_TAGTTAAGATAGGATA-1,BLIND_SECTION_04,False
UC2_TATACACGCAAAGTAT-1,BLIND_SECTION_04,False
UC2_TATACGCGTCATCACT-1,BLIND_SECTION_04,False
UC2_TATACTCATGCGGCAA-1,BLIND_SECTION_04,True
UC2_TATAGAGTCGCTTGAA-1,BLIND_SECTION_04,True
UC2_TATAGATGGTCGCAGT-1,BLIND_SECTION_04,False
UC2_TATATCCCTGGGAGGA-1,BLIND_SECTION_04,False
UC2_TATATTACAAATGTCG-1,BLIND_SECTION_04,True
UC2_TATATTCGCGTCGATA-1,BLIND_SECTION_04,False
UC2_TATCACCATGTAAAGT-1,BLIND_SECTION_04,False
UC2_TATCACCCAACCGACC-1,BLIND_SECTION_04,False
UC2_TATCCAATTGGTTATC-1,BLIND_SECTION_04,True
UC2_TATCCATATCATGCGA-1,BLIND_SECTION_04,False
UC2_TATCCCTCGATCTGCA-1,BLIND_SECTION_04,False
UC2_TATCCGCACCGTCGGG-1,BLIND_SECTION_04,True
UC2_TATCCTATCAACTGGT-1,BLIND_SECTION_04,False
UC2_TATCGATCTATGCATA-1,BLIND_SECTION_04,False
UC2_TATCTACAGAGGTAAT-1,BLIND_SECTION_04,True
UC2_TATGAAGAATTAAGGT-1,BLIND_SECTION_04,False
UC2_TATGAAGACAGGTGCG-1,BLIND_SECTION_04,True
UC2_TATGATAAATCTAACG-1,BLIND_SECTION_04,False
UC2_TATGATCCGGCACGCC-1,BLIND_SECTION_04,False
UC2_TATGATTCTGCTTGGT-1,BLIND_SECTION_04,False
UC2_TATGCTCCCTACTTAC-1,BLIND_SECTION_04,False
UC2_TATGGAGTTTCTCGTT-1,BLIND_SECTION_04,True
UC2_TATGGCCCGGCCTCGC-1,BLIND_SECTION_04,True
UC2_TATGGGACCGAGCAGG-1,BLIND_SECTION_04,False
UC2_TATGGTCTGAGTAACA-1,BLIND_SECTION_04,True
UC2_TATGTAAAGTGCTTAA-1,BLIND_SECTION_04,True
UC2_TATGTCAAGACCGACT-1,BLIND_SECTION_04,False
UC2_TATTAACCTGACCGCG-1,BLIND_SECTION_04,True
UC2_TATTACCATCCTGCTT-1,BLIND_SECTION_04,False
UC2_TATTCAATTCTAATCC-1,BLIND_SECTION_04,True
UC2_TATTCCGGCAGTCCTA-1,BLIND_SECTION_04,False
UC2_TATTCCTCCGCCCACT-1,BLIND_SECTION_04,False
UC2_TATTCGTGCCAGAATA-1,BLIND_SECTION_04,True
UC2_TATTGACATTTCTGCC-1,BLIND_SECTION_04,False
UC2_TATTTAGTCTAGATCG-1,BLIND_SECTION_04,False
UC2_TATTTATACCGAGTAG-1,BLIND_SECTION_04,False
UC2_TCAAACAACCGCGTCG-1,BLIND_SECTION_04,False
UC2_TCAAACAATTAGGACA-1,BLIND_SECTION_04,True
UC2_TCAAATTGTTGTGCCG-1,BLIND_SECTION_04,True
UC2_TCAAATTTGAGACTCA-1,BLIND_SECTION_04,False
UC2_TCAACACATTGGGTAA-1,BLIND_SECTION_04,True
UC2_TCAACATAGCGCCCTA-1,BLIND_SECTION_04,True
UC2_TCAACGCAGGAAATAA-1,BLIND_SECTION_04,False
UC2_TCAACGCGACCGGCAG-1,BLIND_SECTION_04,True
UC2_TCAAGCTGCCTTGAAA-1,BLIND_SECTION_04,False
UC2_TCAAGGTTACTACACC-1,BLIND_SECTION_04,True
UC2_TCAATACGCCGTCATG-1,BLIND_SECTION_04,False
UC2_TCACATCTTATCTGAT-1,BLIND_SECTION_04,True
UC2_TCACCGCTCGGCACTC-1,BLIND_SECTION_04,False
UC2_TCACGCATTGTAGATC-1,BLIND_SECTION_04,True
UC2_TCACTACGACCAATGC-1,BLIND_SECTION_04,False
UC2_TCACTATCCCTTCGGT-1,BLIND_SECTION_04,True
UC2_TCACTATCGTGCAATC-1,BLIND_SECTION_04,True
UC2_TCACTCAGCGCATTAG-1,BLIND_SECTION_04,False
UC2_TCACTCGTGCAACGGC-1,BLIND_SECTION_04,False
UC2_TCAGGGTGCACGAAAC-1,BLIND_SECTION_04,False
UC2_TCAGGTTCTTTGAGAA-1,BLIND_SECTION_04,True
UC2_TCAGTACTGACCCGCG-1,BLIND_SECTION_04,False
UC2_TCAGTTACGGAATGAT-1,BLIND_SECTION_04,True
UC2_TCATACTTACAGATCC-1,BLIND_SECTION_04,True
UC2_TCATATGAGCTTTGTT-1,BLIND_SECTION_04,False
UC2_TCATCACTCGAGCTCG-1,BLIND_SECTION_04,False
UC2_TCATCCCAGAGGGTGG-1,BLIND_SECTION_04,True
UC2_TCATCCTCAGCTGCTT-1,BLIND_SECTION_04,False
UC2_TCATGCAGGTTCTCAT-1,BLIND_SECTION_04,False
UC2_TCATTCGTATAATTTG-1,BLIND_SECTION_04,True
UC2_TCCAACTTTAAATTCT-1,BLIND_SECTION_04,False
UC2_TCCAAGCCTAGACACA-1,BLIND_SECTION_04,True
UC2_TCCACAATGGTTTACG-1,BLIND_SECTION_04,False
UC2_TCCACCTCTAGCCTTT-1,BLIND_SECTION_04,False
UC2_TCCACTTTATCTAGGT-1,BLIND_SECTION_04,True
UC2_TCCAGGCAGGACGATC-1,BLIND_SECTION_04,False
UC2_TCCAGGGTATATACGA-1,BLIND_SECTION_04,False
UC2_TCCATTAGTTGGATAG-1,BLIND_SECTION_04,True
UC2_TCCATTGTGACCTCGT-1,BLIND_SECTION_04,False
UC2_TCCCAAACAGACAACG-1,BLIND_SECTION_04,True
UC2_TCCCAAAGACGAAGGA-1,BLIND_SECTION_04,True
UC2_TCCCACGGAGGGAGCT-1,BLIND_SECTION_04,True
UC2_TCCCAGCACACGACAT-1,BLIND_SECTION_04,True
UC2_TCCCAGCTTTAGTCTG-1,BLIND_SECTION_04,True
UC2_TCCCAGGCTTAGCTAA-1,BLIND_SECTION_04,True
UC2_TCCCGCCTATGTGCGT-1,BLIND_SECTION_04,False
UC2_TCCCGCGTACTCCTGG-1,BLIND_SECTION_04,True
UC2_TCCCGGGTGTGCTGCT-1,BLIND_SECTION_04,False
UC2_TCCCGGTCAGGAATTT-1,BLIND_SECTION_04,False
UC2_TCCCGTCGCGTCATAG-1,BLIND_SECTION_04,True
UC2_TCCCTGGCTCGCTGGA-1,BLIND_SECTION_04,False
UC2_TCCCTTAGATTACTCG-1,BLIND_SECTION_04,True
UC2_TCCGAATGGTCCTGAG-1,BLIND_SECTION_04,False
UC2_TCCGAGAAGGCTAAGC-1,BLIND_SECTION_04,False
UC2_TCCGATAATTGCCATA-1,BLIND_SECTION_04,False
UC2_TCCGATTACATTGCCG-1,BLIND_SECTION_04,True
UC2_TCCGCCTGTCTACAAG-1,BLIND_SECTION_04,False
UC2_TCCGCGGCAGCATCTG-1,BLIND_SECTION_04,False
UC2_TCCGGCCTGCATCGAT-1,BLIND_SECTION_04,False
UC2_TCCGGCTGTCGGGTCG-1,BLIND_SECTION_04,False
UC2_TCCGGGCTTGACGGGA-1,BLIND_SECTION_04,False
UC2_TCCGGTTCGTCCGGTC-1,BLIND_SECTION_04,True
UC2_TCCGTTTAGCCTTGAA-1,BLIND_SECTION_04,True
UC2_TCCTAAAGATTCAGAC-1,BLIND_SECTION_04,True
UC2_TCCTAAATTGGGAAGC-1,BLIND_SECTION_04,False
UC2_TCCTAACCGTCGGGCA-1,BLIND_SECTION_04,True
UC2_TCCTAGCAAAGAAGCT-1,BLIND_SECTION_04,False
UC2_TCCTCCTAAGACATTC-1,BLIND_SECTION_04,False
UC2_TCCTCTACGAGATGGC-1,BLIND_SECTION_04,False
UC2_TCCTCTGGCCCATTAG-1,BLIND_SECTION_04,False
UC2_TCCTGCCAACTGGAGA-1,BLIND_SECTION_04,False
UC2_TCCTGCGTTGATACTC-1,BLIND_SECTION_04,True
UC2_TCCTTCAGTGGTCGAA-1,BLIND_SECTION_04,True
UC2_TCGAAATTTAGGACCA-1,BLIND_SECTION_04,False
UC2_TCGAGACCAACACCGT-1,BLIND_SECTION_04,True
UC2_TCGATAGGCTAGTCGC-1,BLIND_SECTION_04,False
UC2_TCGCATCCCTAAGTGT-1,BLIND_SECTION_04,False
UC2_TCGCATTCAATGACTT-1,BLIND_SECTION_04,False
UC2_TCGCCGAAGTTGCGTC-1,BLIND_SECTION_04,False
UC2_TCGCCGACATATTCGC-1,BLIND_SECTION_04,False
UC2_TCGCCGGTCGATCCGT-1,BLIND_SECTION_04,False
UC2_TCGCCTCCTTCGGCTC-1,BLIND_SECTION_04,False
UC2_TCGCGTCCAGAAGGTC-1,BLIND_SECTION_04,True
UC2_TCGCTAAACCGCTATC-1,BLIND_SECTION_04,False
UC2_TCGCTCGATATATTCC-1,BLIND_SECTION_04,True
UC2_TCGCTCGGCACCAGCG-1,BLIND_SECTION_04,True
UC2_TCGCTGCCAATGCTGT-1,BLIND_SECTION_04,True
UC2_TCGGAATGACCATCAA-1,BLIND_SECTION_04,False
UC2_TCGGAATGCGCTCTGA-1,BLIND_SECTION_04,True
UC2_TCGGACGCCCAGCCCA-1,BLIND_SECTION_04,True
UC2_TCGGAGAGTATCGGGA-1,BLIND_SECTION_04,True
UC2_TCGGCGAACCCAAACC-1,BLIND_SECTION_04,False
UC2_TCGGCTAACTTCCCTT-1,BLIND_SECTION_04,False
UC2_TCGGGAGACAGCGTAC-1,BLIND_SECTION_04,True
UC2_TCGGGCACTTCTGGAT-1,BLIND_SECTION_04,False
UC2_TCGGTCCCTGACTCCA-1,BLIND_SECTION_04,False
UC2_TCGGTTAGCCATGTAG-1,BLIND_SECTION_04,False
UC2_TCGTAAGCTCCGAGGA-1,BLIND_SECTION_04,False
UC2_TCGTACCGACGTCAAG-1,BLIND_SECTION_04,False
UC2_TCGTATCACCAAGCTA-1,BLIND_SECTION_04,True
UC2_TCGTATTTCGTCCGGA-1,BLIND_SECTION_04,False
UC2_TCGTCCGGGTACACTC-1,BLIND_SECTION_04,False
UC2_TCGTTAGGAGTCCCTA-1,BLIND_SECTION_04,True
UC2_TCGTTCGTTATTATGT-1,BLIND_SECTION_04,False
UC2_TCGTTGGCTCGTCAAT-1,BLIND_SECTION_04,True
UC2_TCGTTTACGCGACCCT-1,BLIND_SECTION_04,False
UC2_TCTACACGTTCATGCA-1,BLIND_SECTION_04,False
UC2_TCTACCGTCCACAAGC-1,BLIND_SECTION_04,True
UC2_TCTAGCAATCTCCGCC-1,BLIND_SECTION_04,True
UC2_TCTAGTGATATCGTGG-1,BLIND_SECTION_04,False
UC2_TCTAGTTATCAGAAGA-1,BLIND_SECTION_04,True
UC2_TCTATCATGCAGTTAC-1,BLIND_SECTION_04,False
UC2_TCTATCGGTCGCAACA-1,BLIND_SECTION_04,False
UC2_TCTATGCTATAACGAC-1,BLIND_SECTION_04,False
UC2_TCTATTACGCTGGCGA-1,BLIND_SECTION_04,True
UC2_TCTCCACAAGTTGAAT-1,BLIND_SECTION_04,False
UC2_TCTCCCTGGGCAGCGT-1,BLIND_SECTION_04,False
UC2_TCTCGAACGAGGTCAC-1,BLIND_SECTION_04,False
UC2_TCTCGACGTATCGCCG-1,BLIND_SECTION_04,True
UC2_TCTCGAGGAGGTTCGC-1,BLIND_SECTION_04,False
UC2_TCTCGGCTCCAGGACT-1,BLIND_SECTION_04,True
UC2_TCTCTAATAGCTGGTA-1,BLIND_SECTION_04,False
UC2_TCTCTTACCGCGAACC-1,BLIND_SECTION_04,True
UC2_TCTGAACTCGTACCCG-1,BLIND_SECTION_04,False
UC2_TCTGAAGCACGTGGTC-1,BLIND_SECTION_04,False
UC2_TCTGAATTCCGTACAA-1,BLIND_SECTION_04,True
UC2_TCTGCACCATTAGTAA-1,BLIND_SECTION_04,False
UC2_TCTGCGTCCGGTTTCT-1,BLIND_SECTION_04,True
UC2_TCTGGCCGTTCAAGTT-1,BLIND_SECTION_04,False
UC2_TCTGGGAACCTTTGAA-1,BLIND_SECTION_04,False
UC2_TCTGGGTAGCGCTCAT-1,BLIND_SECTION_04,True
UC2_TCTGTCATACAAGAGC-1,BLIND_SECTION_04,False
UC2_TCTGTGATGGAGGTTG-1,BLIND_SECTION_04,False
UC2_TCTGTGCCATCATAGT-1,BLIND_SECTION_04,True
UC2_TCTGTGGCTACATTTC-1,BLIND_SECTION_04,True
UC2_TCTTACCGGAACTCGT-1,BLIND_SECTION_04,False
UC2_TCTTACGGCATCCGAC-1,BLIND_SECTION_04,False
UC2_TCTTACTTATGCCTCT-1,BLIND_SECTION_04,False
UC2_TCTTAGAGTGAACTCT-1,BLIND_SECTION_04,False
UC2_TCTTATGGGTAGTACC-1,BLIND_SECTION_04,False
UC2_TCTTCTATAACCCGCC-1,BLIND_SECTION_04,False
UC2_TCTTGCTCCCGATACT-1,BLIND_SECTION_04,False
UC2_TCTTGGTAACACCAAA-1,BLIND_SECTION_04,False
UC2_TCTTTAAGACTATGAA-1,BLIND_SECTION_04,True
UC2_TCTTTAGAGTCTAACA-1,BLIND_SECTION_04,False
UC2_TCTTTAGCAGGCGAAC-1,BLIND_SECTION_04,False
UC2_TCTTTCTCTTAAGGAG-1,BLIND_SECTION_04,False
UC2_TGAAACTTATGCAAGC-1,BLIND_SECTION_04,True
UC2_TGAAAGGACCTGACTC-1,BLIND_SECTION_04,False
UC2_TGAATACCGACGCGTA-1,BLIND_SECTION_04,False
UC2_TGACACTTCTCTTTGC-1,BLIND_SECTION_04,False
UC2_TGACATCGAGCGGACC-1,BLIND_SECTION_04,False
UC2_TGACATGTAACGTGAC-1,BLIND_SECTION_04,True
UC2_TGACCAAATCTTAAAC-1,BLIND_SECTION_04,False
UC2_TGACCCACGTTAGACA-1,BLIND_SECTION_04,False
UC2_TGACCCAGCATTCCCG-1,BLIND_SECTION_04,False
UC2_TGACGAATATTTCCCT-1,BLIND_SECTION_04,True
UC2_TGACGATGCACTAGAA-1,BLIND_SECTION_04,True
UC2_TGAGAATGCTTTACCG-1,BLIND_SECTION_04,False
UC2_TGAGAGATTTACCACG-1,BLIND_SECTION_04,False
UC2_TGAGATCAAATACTCA-1,BLIND_SECTION_04,True
UC2_TGAGCAGTCGTGAAGT-1,BLIND_SECTION_04,False
UC2_TGAGCCATACAGTCTC-1,BLIND_SECTION_04,False
UC2_TGAGCTCAACTGTATA-1,BLIND_SECTION_04,False
UC2_TGAGCTTTAATGACGC-1,BLIND_SECTION_04,False
UC2_TGAGGAGTGCCAGCTT-1,BLIND_SECTION_04,False
UC2_TGAGGTTGATCCCAAG-1,BLIND_SECTION_04,True
UC2_TGAGTGTAACAACGGG-1,BLIND_SECTION_04,False
UC2_TGAGTTAAAGACATTC-1,BLIND_SECTION_04,False
UC2_TGATCAGGGAACTGCT-1,BLIND_SECTION_04,True
UC2_TGATCTACGCTGATCT-1,BLIND_SECTION_04,False
UC2_TGATCTATCACACTCT-1,BLIND_SECTION_04,False
UC2_TGATTCGTCTATCACT-1,BLIND_SECTION_04,True
UC2_TGATTTCCTCCTGACG-1,BLIND_SECTION_04,False
UC2_TGCAAAGTTCGTCTGT-1,BLIND_SECTION_04,False
UC2_TGCAAGAATGACGTAA-1,BLIND_SECTION_04,True
UC2_TGCAATCTAACACGGT-1,BLIND_SECTION_04,False
UC2_TGCAATTTGGGCACGG-1,BLIND_SECTION_04,False
UC2_TGCACGAGTCGGCAGC-1,BLIND_SECTION_04,True
UC2_TGCAGAACTATATCGT-1,BLIND_SECTION_04,True
UC2_TGCAGAGTACCGAGCA-1,BLIND_SECTION_04,False
UC2_TGCAGTTTCCTCCCAT-1,BLIND_SECTION_04,True
UC2_TGCATATGTCTGTCAC-1,BLIND_SECTION_04,True
UC2_TGCATCTCCGGATCTT-1,BLIND_SECTION_04,True
UC2_TGCATGGATCGGATCT-1,BLIND_SECTION_04,True
UC2_TGCATGGCAGTCTTGC-1,BLIND_SECTION_04,False
UC2_TGCCAATGGGTACTCT-1,BLIND_SECTION_04,True
UC2_TGCCAGTACGTGGAGA-1,BLIND_SECTION_04,True
UC2_TGCCATGGCTTATAAG-1,BLIND_SECTION_04,False
UC2_TGCCATTACTAAAGAA-1,BLIND_SECTION_04,False
UC2_TGCCGTGGATCGTCCT-1,BLIND_SECTION_04,False
UC2_TGCCTGACATCGGTCA-1,BLIND_SECTION_04,False
UC2_TGCCTGATCAAACGAT-1,BLIND_SECTION_04,False
UC2_TGCGGAGTAAAGGTGC-1,BLIND_SECTION_04,True
UC2_TGCGGTGAAATTTCAT-1,BLIND_SECTION_04,True
UC2_TGCGTAAGAACCTGAT-1,BLIND_SECTION_04,False
UC2_TGCTCACACAACAACC-1,BLIND_SECTION_04,False
UC2_TGCTCCACAGTTCTTA-1,BLIND_SECTION_04,False
UC2_TGCTCGGCGAAACCCA-1,BLIND_SECTION_04,False
UC2_TGCTCTGCCGGTTCAC-1,BLIND_SECTION_04,False
UC2_TGCTCTTGAGAGTTTG-1,BLIND_SECTION_04,False
UC2_TGCTGCGTCAGAGTTA-1,BLIND_SECTION_04,True
UC2_TGCTTCCCAAGCAGTA-1,BLIND_SECTION_04,False
UC2_TGGAACCACTGACACA-1,BLIND_SECTION_04,False
UC2_TGGAAGAAGGGAACGT-1,BLIND_SECTION_04,False
UC2_TGGAAGACGAACACCA-1,BLIND_SECTION_04,False
UC2_TGGAAGGATAAAGATG-1,BLIND_SECTION_04,False
UC2_TGGAATATCCTTGACC-1,BLIND_SECTION_04,False
UC2_TGGACCAATCTAAGAT-1,BLIND_SECTION_04,True
UC2_TGGAGCTAAAGTTCCC-1,BLIND_SECTION_04,True
UC2_TGGAGTGATGCGATGA-1,BLIND_SECTION_04,True
UC2_TGGCAACTCGCGCGCC-1,BLIND_SECTION_04,False
UC2_TGGCAAGCACAAGTCG-1,BLIND_SECTION_04,True
UC2_TGGCAGCAGTAATAGT-1,BLIND_SECTION_04,True
UC2_TGGCGATCAAGTTATG-1,BLIND_SECTION_04,True
UC2_TGGCGGTGTGCGATTG-1,BLIND_SECTION_04,True
UC2_TGGCTATGTGACATAC-1,BLIND_SECTION_04,True
UC2_TGGGAAATGCCTTTCC-1,BLIND_SECTION_04,False
UC2_TGGGCAATAGTTGGGT-1,BLIND_SECTION_04,False
UC2_TGGGTAAGGTTCCCGC-1,BLIND_SECTION_04,False
UC2_TGGGTGCACAAGCCAT-1,BLIND_SECTION_04,True
UC2_TGGGTGTAATAGATTT-1,BLIND_SECTION_04,False
UC2_TGGTAGAATATATGGG-1,BLIND_SECTION_04,False
UC2_TGGTATCGGTCTGTAT-1,BLIND_SECTION_04,False
UC2_TGGTCGTTTGATAGAT-1,BLIND_SECTION_04,False
UC2_TGGTCTGTTGGGCGTA-1,BLIND_SECTION_04,True
UC2_TGGTTCGTAGCAAAGG-1,BLIND_SECTION_04,False
UC2_TGGTTGGAGGATCCTG-1,BLIND_SECTION_04,False
UC2_TGTAACTTGTCAACCT-1,BLIND_SECTION_04,True
UC2_TGTAATGCCTTCGGAC-1,BLIND_SECTION_04,False
UC2_TGTACGAACAAATCCG-1,BLIND_SECTION_04,True
UC2_TGTACGCTATCAGCTT-1,BLIND_SECTION_04,True
UC2_TGTACTATCGCTCGTT-1,BLIND_SECTION_04,True
UC2_TGTACTGTGCCAAAGT-1,BLIND_SECTION_04,False
UC2_TGTAGGAGAAATTTCC-1,BLIND_SECTION_04,False
UC2_TGTAGTGATCTATAAT-1,BLIND_SECTION_04,False
UC2_TGTATGGCGCAGACAG-1,BLIND_SECTION_04,False
UC2_TGTCATTTGTTGGGAA-1,BLIND_SECTION_04,False
UC2_TGTCCACGGCTCAACT-1,BLIND_SECTION_04,False
UC2_TGTCCTAAGTCACCGC-1,BLIND_SECTION_04,True
UC2_TGTCGGCATGGTGGAA-1,BLIND_SECTION_04,True
UC2_TGTGAGACTAGCCCAA-1,BLIND_SECTION_04,False
UC2_TGTGGCAAAGCGTATG-1,BLIND_SECTION_04,False
UC2_TGTGGCGGGCTTCTGG-1,BLIND_SECTION_04,False
UC2_TGTGGTTGCTAAAGCT-1,BLIND_SECTION_04,False
UC2_TGTGTCGCGAGTTGCA-1,BLIND_SECTION_04,False
UC2_TGTTATTGTATGTGGC-1,BLIND_SECTION_04,False
UC2_TGTTCCGCTTCCATGA-1,BLIND_SECTION_04,False
UC2_TGTTCCGGCCTGAGCT-1,BLIND_SECTION_04,False
UC2_TGTTCTTCCATTGACT-1,BLIND_SECTION_04,False
UC2_TGTTGATCACTGTTTA-1,BLIND_SECTION_04,True
UC2_TGTTGTCAAGAAGTCT-1,BLIND_SECTION_04,True
UC2_TGTTTAATACTTCATC-1,BLIND_SECTION_04,True
UC2_TGTTTCGGTACTTCTC-1,BLIND_SECTION_04,False
UC2_TTAAACAGAGTCCCGC-1,BLIND_SECTION_04,True
UC2_TTAAACCGGTAGCGAC-1,BLIND_SECTION_04,False
UC2_TTAAACTCGAATTCAT-1,BLIND_SECTION_04,True
UC2_TTAACACCTCGAACAT-1,BLIND_SECTION_04,True
UC2_TTAACCAACCCTCCCT-1,BLIND_SECTION_04,True
UC2_TTAACTTCAGGTAGGA-1,BLIND_SECTION_04,False
UC2_TTAAGATAGGATTGAC-1,BLIND_SECTION_04,False
UC2_TTAAGCCGACAACTTC-1,BLIND_SECTION_04,False
UC2_TTAAGCGCCTGACCCA-1,BLIND_SECTION_04,True
UC2_TTAAGGATACGGAGGT-1,BLIND_SECTION_04,False
UC2_TTAAGTATTGTTATCC-1,BLIND_SECTION_04,False
UC2_TTACAGACCTAAATGA-1,BLIND_SECTION_04,True
UC2_TTACATGCCACAACTA-1,BLIND_SECTION_04,False
UC2_TTACCATTGATTACCC-1,BLIND_SECTION_04,False
UC2_TTACCCATTGCCGGGT-1,BLIND_SECTION_04,False
UC2_TTACCCTAACAGTCCT-1,BLIND_SECTION_04,True
UC2_TTACCCTAGGGATTGG-1,BLIND_SECTION_04,False
UC2_TTACCGCCTTAGGGAA-1,BLIND_SECTION_04,True
UC2_TTACGGATGGTTCGAG-1,BLIND_SECTION_04,False
UC2_TTACGGTGTCACCGAG-1,BLIND_SECTION_04,True
UC2_TTACTCTGGTACGTAC-1,BLIND_SECTION_04,False
UC2_TTAGAAGAACATGACT-1,BLIND_SECTION_04,True
UC2_TTAGAATAAGGGTCGG-1,BLIND_SECTION_04,True
UC2_TTAGACACGATCGTTG-1,BLIND_SECTION_04,False
UC2_TTAGATAGGTCGATAC-1,BLIND_SECTION_04,True
UC2_TTAGCAACATGGATGT-1,BLIND_SECTION_04,False
UC2_TTAGCGAATAGATAGG-1,BLIND_SECTION_04,False
UC2_TTAGCTAATACGATCT-1,BLIND_SECTION_04,False
UC2_TTAGTAAACCTGCTCT-1,BLIND_SECTION_04,False
UC2_TTAGTAGGGCGGCGGG-1,BLIND_SECTION_04,True
UC2_TTATAGATGCACATTA-1,BLIND_SECTION_04,False
UC2_TTATAGTCCAAGGTGC-1,BLIND_SECTION_04,False
UC2_TTATATTTGGCAATCC-1,BLIND_SECTION_04,True
UC2_TTATCCAATCGAACTC-1,BLIND_SECTION_04,False
UC2_TTATCTGTATCATAAC-1,BLIND_SECTION_04,False
UC2_TTATGACAAACTGGAT-1,BLIND_SECTION_04,False
UC2_TTATGCGTCCCGGTCC-1,BLIND_SECTION_04,False
UC2_TTATGTTTGCGATAGA-1,BLIND_SECTION_04,True
UC2_TTCAAAGTCTCTAGCC-1,BLIND_SECTION_04,True
UC2_TTCAAGCCGAGCTGAG-1,BLIND_SECTION_04,False
UC2_TTCAATACTCTGAATC-1,BLIND_SECTION_04,False
UC2_TTCAATTAGCCATAAT-1,BLIND_SECTION_04,False
UC2_TTCACGAAAGGATCAC-1,BLIND_SECTION_04,False
UC2_TTCACTCGAGCACCTA-1,BLIND_SECTION_04,True
UC2_TTCACTTCCTAGAACG-1,BLIND_SECTION_04,True
UC2_TTCAGTTCAAGAGGAG-1,BLIND_SECTION_04,True
UC2_TTCCAATCAGAGCTAG-1,BLIND_SECTION_04,False
UC2_TTCCACATTTCTCGTC-1,BLIND_SECTION_04,False
UC2_TTCCAGACGAGATTTA-1,BLIND_SECTION_04,False
UC2_TTCCCGACGCTTCACT-1,BLIND_SECTION_04,False
UC2_TTCCGCAGAGAAATAT-1,BLIND_SECTION_04,False
UC2_TTCCTTTCTGTGTTGC-1,BLIND_SECTION_04,True
UC2_TTCGACAGAGCCCGTG-1,BLIND_SECTION_04,True
UC2_TTCGAGCCGGCGCTAC-1,BLIND_SECTION_04,True
UC2_TTCGCACTGTACGACA-1,BLIND_SECTION_04,False
UC2_TTCGCGCGCCATACGA-1,BLIND_SECTION_04,True
UC2_TTCGGCAACCCGCTGA-1,BLIND_SECTION_04,False
UC2_TTCGGCTAGAGATGGT-1,BLIND_SECTION_04,True
UC2_TTCGTAATCCCAGCGG-1,BLIND_SECTION_04,False
UC2_TTCGTACTCCAGAACG-1,BLIND_SECTION_04,True
UC2_TTCGTGGGCTGGAAGC-1,BLIND_SECTION_04,False
UC2_TTCGTTCAACGAAGTT-1,BLIND_SECTION_04,False
UC2_TTCTAACCGAAGCTTA-1,BLIND_SECTION_04,True
UC2_TTCTACCTTTATGTTG-1,BLIND_SECTION_04,False
UC2_TTCTAGAAAGTCTTAT-1,BLIND_SECTION_04,True
UC2_TTCTATTAAACGCAGC-1,BLIND_SECTION_04,True
UC2_TTCTGCGGGTTAGCGG-1,BLIND_SECTION_04,False
UC2_TTCTTAGTGAACGGTG-1,BLIND_SECTION_04,False
UC2_TTCTTAGTGGCTCAGA-1,BLIND_SECTION_04,False
UC2_TTCTTATCCGCTGGGT-1,BLIND_SECTION_04,False
UC2_TTCTTCGCAATAGAGC-1,BLIND_SECTION_04,False
UC2_TTCTTGCTAGCATCTC-1,BLIND_SECTION_04,False
UC2_TTCTTGGAGTAATGAG-1,BLIND_SECTION_04,True
UC2_TTCTTGTAACCTAATG-1,BLIND_SECTION_04,False
UC2_TTGAACGAATCCTTTG-1,BLIND_SECTION_04,False
UC2_TTGAATTCACGTGAGG-1,BLIND_SECTION_04,False
UC2_TTGACATGAACGTGGA-1,BLIND_SECTION_04,False
UC2_TTGACCAGGAACAACT-1,BLIND_SECTION_04,True
UC2_TTGACGCTCCATGAGC-1,BLIND_SECTION_04,False
UC2_TTGAGAGTACTGCTAA-1,BLIND_SECTION_04,False
UC2_TTGAGGCATTTAACTC-1,BLIND_SECTION_04,False
UC2_TTGATAGTCAATACAT-1,BLIND_SECTION_04,False
UC2_TTGATCTAACTTTGTC-1,BLIND_SECTION_04,True
UC2_TTGATGTGTAGTCCCG-1,BLIND_SECTION_04,True
UC2_TTGATTAGCTGTTTCT-1,BLIND_SECTION_04,False
UC2_TTGATTATGCAGATGA-1,BLIND_SECTION_04,False
UC2_TTGCACGGAGCAGCAC-1,BLIND_SECTION_04,True
UC2_TTGCAGGTCATGAAGT-1,BLIND_SECTION_04,True
UC2_TTGCATGCTGATCACG-1,BLIND_SECTION_04,True
UC2_TTGCCAAGCAGAACCC-1,BLIND_SECTION_04,False
UC2_TTGCCCTGATCACGGG-1,BLIND_SECTION_04,False
UC2_TTGCCGCTTTCTAGTA-1,BLIND_SECTION_04,False
UC2_TTGCGCACAACCACGT-1,BLIND_SECTION_04,False
UC2_TTGCGCTTGATCAATA-1,BLIND_SECTION_04,False
UC2_TTGCGGAAAGCTGCCC-1,BLIND_SECTION_04,True
UC2_TTGCGTAGTTTGAGGA-1,BLIND_SECTION_04,True
UC2_TTGCTAGCTACCAATC-1,BLIND_SECTION_04,True
UC2_TTGCTCCCATACCGGA-1,BLIND_SECTION_04,True
UC2_TTGCTGAAGGAACCAC-1,BLIND_SECTION_04,False
UC2_TTGCTGATCATGTTCG-1,BLIND_SECTION_04,False
UC2_TTGCTGGCCGGGCTTC-1,BLIND_SECTION_04,False
UC2_TTGGAAGAATACAGTC-1,BLIND_SECTION_04,False
UC2_TTGGACATGTGGCTTA-1,BLIND_SECTION_04,False
UC2_TTGGACCATCTGGCAA-1,BLIND_SECTION_04,False
UC2_TTGGACCTATAACAGT-1,BLIND_SECTION_04,True
UC2_TTGGAGTCTCCCTTCT-1,BLIND_SECTION_04,True
UC2_TTGGATCGACTTCTGG-1,BLIND_SECTION_04,False
UC2_TTGGCCAAATTGTATC-1,BLIND_SECTION_04,False
UC2_TTGGCCATCTTGCGCT-1,BLIND_SECTION_04,True
UC2_TTGGCCTAGAATTTCG-1,BLIND_SECTION_04,True
UC2_TTGGGACGTAAGAGTT-1,BLIND_SECTION_04,False
UC2_TTGGGCGGCGGTTGCC-1,BLIND_SECTION_04,False
UC2_TTGTAACTTCATAGCG-1,BLIND_SECTION_04,False
UC2_TTGTAAGGACCTAAGT-1,BLIND_SECTION_04,False
UC2_TTGTAATCCGTACTCG-1,BLIND_SECTION_04,True
UC2_TTGTATCACACAGAAT-1,BLIND_SECTION_04,True
UC2_TTGTCGTTCAGTTACC-1,BLIND_SECTION_04,False
UC2_TTGTCTCGGCAAGATG-1,BLIND_SECTION_04,False
UC2_TTGTGCAGCCACGTCA-1,BLIND_SECTION_04,False
UC2_TTGTGGTAGGAGGGAT-1,BLIND_SECTION_04,False
UC2_TTGTGTATGCCACCAA-1,BLIND_SECTION_04,True
UC2_TTGTTCAGTGTGCTAC-1,BLIND_SECTION_04,True
UC2_TTGTTGTGTGTCAAGA-1,BLIND_SECTION_04,False
UC2_TTGTTTCCATACAACT-1,BLIND_SECTION_04,False
UC2_TTGTTTGTATTACACG-1,BLIND_SECTION_04,False
UC2_TTGTTTGTGTAAATTC-1,BLIND_SECTION_04,False
UC3_AAACAAGTATCTCCCA-1,BLIND_SECTION_05,True
UC3_AAACACCAATAACTGC-1,BLIND_SECTION_05,False
UC3_AAACCCGAACGAAATC-1,BLIND_SECTION_05,True
UC3_AAACCGTTCGTCCAGG-1,BLIND_SECTION_05,True
UC3_AAACGAGACGGTTGAT-1,BLIND_SECTION_05,False
UC3_AAACTCGGTTCGCAAT-1,BLIND_SECTION_05,False
UC3_AAAGGCTACGGACCAT-1,BLIND_SECTION_05,False
UC3_AAAGGCTCTCGCGCCG-1,BLIND_SECTION_05,False
UC3_AAAGTAGCATTGCTCA-1,BLIND_SECTION_05,True
UC3_AAAGTGTGATTTATCT-1,BLIND_SECTION_05,False
UC3_AAATAGCTTAGACTTT-1,BLIND_SECTION_05,False
UC3_AAATCTAGCCCTGCTA-1,BLIND_SECTION_05,False
UC3_AAATTACCTATCGATG-1,BLIND_SECTION_05,True
UC3_AAATTCCAGGTCCAAA-1,BLIND_SECTION_05,False
UC3_AAATTGATAGTCCTTT-1,BLIND_SECTION_05,True
UC3_AAATTTGCGGGTGTGG-1,BLIND_SECTION_05,False
UC3_AACAATACATTGTCGA-1,BLIND_SECTION_05,False
UC3_AACAGCTGTGTGGCAA-1,BLIND_SECTION_05,False
UC3_AACAGGTAGTATGGAT-1,BLIND_SECTION_05,True
UC3_AACATAGCGTGTATCG-1,BLIND_SECTION_05,False
UC3_AACATATCAACTGGTG-1,BLIND_SECTION_05,True
UC3_AACATTGTGACTCGAG-1,BLIND_SECTION_05,True
UC3_AACCCGACAACCCGTG-1,BLIND_SECTION_05,False
UC3_AACCGCTAAGGGATGC-1,BLIND_SECTION_05,False
UC3_AACCTCGCTTTAGCCC-1,BLIND_SECTION_05,False
UC3_AACCTGTCACGGAATT-1,BLIND_SECTION_05,True
UC3_AACGCGACCTTGGGCG-1,BLIND_SECTION_05,True
UC3_AACGCTGTTGCTGAAA-1,BLIND_SECTION_05,False
UC3_AACGGACGTACGTATA-1,BLIND_SECTION_05,False
UC3_AACGGCCATCTCCGGT-1,BLIND_SECTION_05,True
UC3_AACGTGCGAAAGTCTC-1,BLIND_SECTION_05,True
UC3_AAGACCCAACTGAACA-1,BLIND_SECTION_05,True
UC3_AAGACTGCAAGCTACT-1,BLIND_SECTION_05,True
UC3_AAGAGCTCTTTATCGG-1,BLIND_SECTION_05,False
UC3_AAGAGGCATGGATCGC-1,BLIND_SECTION_05,False
UC3_AAGATGGCACCGGACC-1,BLIND_SECTION_05,False
UC3_AAGATTGGCGGAACGT-1,BLIND_SECTION_05,False
UC3_AAGCACCCTGCGTATC-1,BLIND_SECTION_05,True
UC3_AAGCCGAAGCGGTTTA-1,BLIND_SECTION_05,False
UC3_AAGCGTCCCTCATCGA-1,BLIND_SECTION_05,False
UC3_AAGCTCGTGCCAAGTC-1,BLIND_SECTION_05,True
UC3_AAGCTCTTTCATGGTG-1,BLIND_SECTION_05,True
UC3_AAGGATGAGGGACCTC-1,BLIND_SECTION_05,True
UC3_AAGGCAGGCTGTCTCC-1,BLIND_SECTION_05,True
UC3_AAGGGACAGATTCTGT-1,BLIND_SECTION_05,True
UC3_AAGGGACTATGCATTC-1,BLIND_SECTION_05,False
UC3_AAGGTATCCTAATATA-1,BLIND_SECTION_05,True
UC3_AAGGTGATAAACCAGC-1,BLIND_SECTION_05,False
UC3_AAGTGAGTCGGGTTTA-1,BLIND_SECTION_05,True
UC3_AAGTGCGTTAGAATCT-1,BLIND_SECTION_05,True
UC3_AAGTTCACTCCAAGCT-1,BLIND_SECTION_05,True
UC3_AAGTTCGGCCAACAGG-1,BLIND_SECTION_05,False
UC3_AAGTTTATGGGCCCAA-1,BLIND_SECTION_05,False
UC3_AATAACACTAGAACAA-1,BLIND_SECTION_05,False
UC3_AATAGAATCTGTTTCA-1,BLIND_SECTION_05,True
UC3_AATAGTCCGTCCCGAC-1,BLIND_SECTION_05,False
UC3_AATATCGAATCAATGC-1,BLIND_SECTION_05,False
UC3_AATCATGTAAAGACTC-1,BLIND_SECTION_05,True
UC3_AATCGAGGTCTCAAGG-1,BLIND_SECTION_05,True
UC3_AATCGCCTCAGCGCCA-1,BLIND_SECTION_05,False
UC3_AATGACAGCAATGTCT-1,BLIND_SECTION_05,False
UC3_AATGACGTAGGATGTC-1,BLIND_SECTION_05,False
UC3_AATGATGATACGCTAT-1,BLIND_SECTION_05,True
UC3_AATGTGCCCGAGGTGT-1,BLIND_SECTION_05,True
UC3_AATGTGCTAATCTGAG-1,BLIND_SECTION_05,False
UC3_AATGTTAAGACCCTGA-1,BLIND_SECTION_05,False
UC3_AATTATACCCAGCAAG-1,BLIND_SECTION_05,False
UC3_AATTCATAAGGGATCT-1,BLIND_SECTION_05,True
UC3_AATTGAACGCTCTGGT-1,BLIND_SECTION_05,True
UC3_ACAAATGGTAGTGTTT-1,BLIND_SECTION_05,False
UC3_ACAACAGCATGAGCTA-1,BLIND_SECTION_05,True
UC3_ACAAGGATGCTTTAGG-1,BLIND_SECTION_05,False
UC3_ACAAGGGCAGGCTCTG-1,BLIND_SECTION_05,True
UC3_ACAATGAATACGGAGA-1,BLIND_SECTION_05,True
UC3_ACAATTTGAGCAGTGG-1,BLIND_SECTION_05,False
UC3_ACACACCAGGACCAGT-1,BLIND_SECTION_05,False
UC3_ACACCTTACTACTTGC-1,BLIND_SECTION_05,True
UC3_ACACGAGACTCCTTCT-1,BLIND_SECTION_05,True
UC3_ACAGAACTGAGAACAA-1,BLIND_SECTION_05,True
UC3_ACAGGTGGAGGTGAGG-1,BLIND_SECTION_05,False
UC3_ACATCCCGGCCATACG-1,BLIND_SECTION_05,False
UC3_ACATCCTGGTAACTGT-1,BLIND_SECTION_05,False
UC3_ACATCGGTCAGCCGCG-1,BLIND_SECTION_05,False
UC3_ACATCGTATGCAATGG-1,BLIND_SECTION_05,False
UC3_ACATGGCGCCAAAGTA-1,BLIND_SECTION_05,False
UC3_ACCAACGCTTATTTAT-1,BLIND_SECTION_05,True
UC3_ACCAATATGCAAGTTA-1,BLIND_SECTION_05,True
UC3_ACCACACGGTTGATGG-1,BLIND_SECTION_05,False
UC3_ACCACCAATGTAACAA-1,BLIND_SECTION_05,False
UC3_ACCAGTGCGGGAGACG-1,BLIND_SECTION_05,True
UC3_ACCATCGTATATGGTA-1,BLIND_SECTION_05,True
UC3_ACCCAACGCCCGTGGC-1,BLIND_SECTION_05,False
UC3_ACCCGAGCGAAATTAC-1,BLIND_SECTION_05,False
UC3_ACCCGTGTCATCAGTA-1,BLIND_SECTION_05,True
UC3_ACCCTCCCTTGCTATT-1,BLIND_SECTION_05,True
UC3_ACCGACACATCTCCCA-1,BLIND_SECTION_05,False
UC3_ACCGAGTCTCCTTATT-1,BLIND_SECTION_05,False
UC3_ACCGGGCCTTTGTTGA-1,BLIND_SECTION_05,True
UC3_ACCGTGACCACGTGGG-1,BLIND_SECTION_05,True
UC3_ACCTAAGTACCTTTCA-1,BLIND_SECTION_05,False
UC3_ACCTACAGTATGTGGT-1,BLIND_SECTION_05,True
UC3_ACCTCCGCCCTCGCTG-1,BLIND_SECTION_05,True
UC3_ACCTCCGTTATTCACC-1,BLIND_SECTION_05,False
UC3_ACGACTGGTCATACTC-1,BLIND_SECTION_05,True
UC3_ACGATCATCTTGTAAA-1,BLIND_SECTION_05,False
UC3_ACGCAAACTAATAGAT-1,BLIND_SECTION_05,True
UC3_ACGCATACGTTTACTA-1,BLIND_SECTION_05,False
UC3_ACGCTAGTGATACACT-1,BLIND_SECTION_05,False
UC3_ACGGACTCTCAAAGCG-1,BLIND_SECTION_05,False
UC3_ACGGATGGTGCGGATA-1,BLIND_SECTION_05,True
UC3_ACGGCCAACATGGACT-1,BLIND_SECTION_05,False
UC3_ACGGGAGTGTCGGCCC-1,BLIND_SECTION_05,False
UC3_ACGTAGGAGAGTCGCT-1,BLIND_SECTION_05,False
UC3_ACGTTCGCAATCAATT-1,BLIND_SECTION_05,False
UC3_ACGTTCGTTCAGGAAA-1,BLIND_SECTION_05,False
UC3_ACTACGCGTTAGAATT-1,BLIND_SECTION_05,True
UC3_ACTAGTTGCGATCGTC-1,BLIND_SECTION_05,False
UC3_ACTATTTCCGGGCCCA-1,BLIND_SECTION_05,True
UC3_ACTCCCGAATTCGTTT-1,BLIND_SECTION_05,False
UC3_ACTCGTAACCCGTCCT-1,BLIND_SECTION_05,True
UC3_ACTCGTCAGTAATCCC-1,BLIND_SECTION_05,False
UC3_ACTCTCTGACTTAGGT-1,BLIND_SECTION_05,False
UC3_ACTCTTGTATAGTAAC-1,BLIND_SECTION_05,True
UC3_ACTGAATGGCGAAAGT-1,BLIND_SECTION_05,True
UC3_ACTGCGGACACACCGT-1,BLIND_SECTION_05,True
UC3_ACTGTACGATACACAT-1,BLIND_SECTION_05,False
UC3_ACTTACGCATCCACGC-1,BLIND_SECTION_05,True
UC3_ACTTATTTATGTGCCA-1,BLIND_SECTION_05,False
UC3_ACTTCCATGCGGGACA-1,BLIND_SECTION_05,False
UC3_ACTTCGCCATACGCAC-1,BLIND_SECTION_05,True
UC3_ACTTGACTCCCTCTTT-1,BLIND_SECTION_05,True
UC3_ACTTGGGCTTTCGCCA-1,BLIND_SECTION_05,True
UC3_ACTTTACCCTCATGAA-1,BLIND_SECTION_05,False
UC3_AGAACGTGGTACATTC-1,BLIND_SECTION_05,False
UC3_AGAAGTGATTCGTGAT-1,BLIND_SECTION_05,True
UC3_AGAATTATGGATTCGA-1,BLIND_SECTION_05,False
UC3_AGACGACGATGCCGCT-1,BLIND_SECTION_05,True
UC3_AGACTGTTACCGGGTC-1,BLIND_SECTION_05,False
UC3_AGAGAACCGTCTAGGA-1,BLIND_SECTION_05,True
UC3_AGAGAAGGAGTACAAT-1,BLIND_SECTION_05,False
UC3_AGAGGCTTCGGAAACC-1,BLIND_SECTION_05,False
UC3_AGAGTAAACTTCACTA-1,BLIND_SECTION_05,False
UC3_AGATACCGGTGTTCAC-1,BLIND_SECTION_05,False
UC3_AGATACTCAAGATCGA-1,BLIND_SECTION_05,True
UC3_AGATCTCAGGTGTGAT-1,BLIND_SECTION_05,False
UC3_AGATGCAAGACGTGCA-1,BLIND_SECTION_05,False
UC3_AGCAAAGGCCGCTAGT-1,BLIND_SECTION_05,False
UC3_AGCAACATATCTTATT-1,BLIND_SECTION_05,False
UC3_AGCAACCGAAAGTAAT-1,BLIND_SECTION_05,False
UC3_AGCAGCCAGATGAATA-1,BLIND_SECTION_05,False
UC3_AGCAGTCGAAGCATGC-1,BLIND_SECTION_05,False
UC3_AGCCACTCCCGTGCTT-1,BLIND_SECTION_05,True
UC3_AGCCCGGTAGCCTGTA-1,BLIND_SECTION_05,True
UC3_AGCGACAGGAACGGTC-1,BLIND_SECTION_05,False
UC3_AGCGCATAATGAATCG-1,BLIND_SECTION_05,False
UC3_AGCGCGGGTGCCAATG-1,BLIND_SECTION_05,True
UC3_AGCTAACAAGCAATGT-1,BLIND_SECTION_05,False
UC3_AGCTCCATATATGTTC-1,BLIND_SECTION_05,True
UC3_AGCTCTAGACGTTCCA-1,BLIND_SECTION_05,False
UC3_AGCTCTTCGTAACCTT-1,BLIND_SECTION_05,False
UC3_AGCTGTAACCTCAATC-1,BLIND_SECTION_05,False
UC3_AGGAAGCTGTCCGCCG-1,BLIND_SECTION_05,True
UC3_AGGACAGTCGAATCCC-1,BLIND_SECTION_05,False
UC3_AGGATATAGGGATTTA-1,BLIND_SECTION_05,False
UC3_AGGCAGGGAGCGTACT-1,BLIND_SECTION_05,True
UC3_AGGCCCTAGAACGCCA-1,BLIND_SECTION_05,False
UC3_AGGCTTCCCGAAGAAG-1,BLIND_SECTION_05,True
UC3_AGGGACCGGCTGCGTT-1,BLIND_SECTION_05,True
UC3_AGGGACTCTACGCGAC-1,BLIND_SECTION_05,True
UC3_AGGGTCAGAGCACTCG-1,BLIND_SECTION_05,False
UC3_AGGGTGCCGTTCTTTA-1,BLIND_SECTION_05,False
UC3_AGGGTTCCCTTTGGTT-1,BLIND_SECTION_05,False
UC3_AGGTAGATCGAGATAT-1,BLIND_SECTION_05,True
UC3_AGGTATAATTGATAGT-1,BLIND_SECTION_05,True
UC3_AGGTTACACCATGCCG-1,BLIND_SECTION_05,False
UC3_AGTAATCTAAGGGTGG-1,BLIND_SECTION_05,False
UC3_AGTACAGAAGCTTATA-1,BLIND_SECTION_05,False
UC3_AGTACATCATTTATCA-1,BLIND_SECTION_05,True
UC3_AGTACGGGCACCTGGC-1,BLIND_SECTION_05,True
UC3_AGTACTCTTATGCCCA-1,BLIND_SECTION_05,True
UC3_AGTATACACAGCGACA-1,BLIND_SECTION_05,True
UC3_AGTATGCTGGAGACCA-1,BLIND_SECTION_05,True
UC3_AGTATTTGGCACGACC-1,BLIND_SECTION_05,True
UC3_AGTCAAGATGACACTT-1,BLIND_SECTION_05,True
UC3_AGTCGTCGACCACCAA-1,BLIND_SECTION_05,True
UC3_AGTCGTGGGCATTACG-1,BLIND_SECTION_05,True
UC3_AGTCTCACAAGACTAC-1,BLIND_SECTION_05,True
UC3_AGTGAACAAACTTCTC-1,BLIND_SECTION_05,True
UC3_AGTGAGACTTCCAGTA-1,BLIND_SECTION_05,False
UC3_AGTGAGCCTCGCCGCC-1,BLIND_SECTION_05,True
UC3_AGTGATAACCTGCGCG-1,BLIND_SECTION_05,False
UC3_AGTGATTCAAGCAGGA-1,BLIND_SECTION_05,False
UC3_AGTGCGTAGCTCGTAA-1,BLIND_SECTION_05,False
UC3_AGTGCTTGCACGAATA-1,BLIND_SECTION_05,False
UC3_AGTGGCGGCAATTTGA-1,BLIND_SECTION_05,True
UC3_AGTTAAGTCAACCGCT-1,BLIND_SECTION_05,True
UC3_AGTTTGCACCTGCCTC-1,BLIND_SECTION_05,True
UC3_AGTTTGGCACGGGTTG-1,BLIND_SECTION_05,False
UC3_AGTTTGGCCAGACCTA-1,BLIND_SECTION_05,False
UC3_ATAAACGTTGCACCAC-1,BLIND_SECTION_05,True
UC3_ATAACGCCGGAGGGTC-1,BLIND_SECTION_05,False
UC3_ATAAGTAGGGCGACTC-1,BLIND_SECTION_05,False
UC3_ATAATCTTGGAGAACC-1,BLIND_SECTION_05,False
UC3_ATACGCCGGCGAAACC-1,BLIND_SECTION_05,False
UC3_ATACGGAACGTCGTTT-1,BLIND_SECTION_05,False
UC3_ATACGTCCACTCCTGT-1,BLIND_SECTION_05,True
UC3_ATACTGCCTTACACCG-1,BLIND_SECTION_05,True
UC3_ATAGACAACGGGACCT-1,BLIND_SECTION_05,True
UC3_ATAGAGTTATCAACTT-1,BLIND_SECTION_05,True
UC3_ATAGGCGGCTATAGAA-1,BLIND_SECTION_05,True
UC3_ATAGGCTAGCTTCGCA-1,BLIND_SECTION_05,False
UC3_ATAGTTCCACCCACTC-1,BLIND_SECTION_05,False
UC3_ATATAAAGCGCTCGTG-1,BLIND_SECTION_05,False
UC3_ATATCAACCTACAGAG-1,BLIND_SECTION_05,False
UC3_ATATCGGTAGGGAGAT-1,BLIND_SECTION_05,False
UC3_ATATCGTTCCTCGAAC-1,BLIND_SECTION_05,True
UC3_ATATGTCTAGAGCGTG-1,BLIND_SECTION_05,False
UC3_ATATGTCTCCCTAGCC-1,BLIND_SECTION_05,False
UC3_ATATTCAGTTAAACCT-1,BLIND_SECTION_05,False
UC3_ATCAAACACTGTTCCA-1,BLIND_SECTION_05,False
UC3_ATCAAACGAAGGTTTG-1,BLIND_SECTION_05,True
UC3_ATCACGTGCTAATTAA-1,BLIND_SECTION_05,False
UC3_ATCAGACGGCACGCCG-1,BLIND_SECTION_05,True
UC3_ATCAGCCTCATGCTGC-1,BLIND_SECTION_05,True
UC3_ATCAGTAGGCAGGGAT-1,BLIND_SECTION_05,True
UC3_ATCCACATCGACAGAA-1,BLIND_SECTION_05,False
UC3_ATCGCCAGTCAACATT-1,BLIND_SECTION_05,True
UC3_ATCGTTAGCTAGCGGA-1,BLIND_SECTION_05,True
UC3_ATCTCGTGAGCGAAAC-1,BLIND_SECTION_05,True
UC3_ATCTGACATGGAAGGA-1,BLIND_SECTION_05,False
UC3_ATCTGCACCTCTGCGA-1,BLIND_SECTION_05,True
UC3_ATCTGGGCTGTTCTTG-1,BLIND_SECTION_05,False
UC3_ATCTTGACTTGTCCAA-1,BLIND_SECTION_05,False
UC3_ATGACGCGTTCTATCC-1,BLIND_SECTION_05,True
UC3_ATGACTATCAGCTGTG-1,BLIND_SECTION_05,False
UC3_ATGACTATGCGACATT-1,BLIND_SECTION_05,True
UC3_ATGCCATTTGCGACCA-1,BLIND_SECTION_05,False
UC3_ATGCCGGTCTTGCATA-1,BLIND_SECTION_05,False
UC3_ATGCGACAGTCCCATT-1,BLIND_SECTION_05,True
UC3_ATGCGAGTCCCACCAC-1,BLIND_SECTION_05,False
UC3_ATGCTCTGGCGCGGTA-1,BLIND_SECTION_05,False
UC3_ATGGGACCTGCTGAAC-1,BLIND_SECTION_05,False
UC3_ATGGGCCTCGGCCTCT-1,BLIND_SECTION_05,False
UC3_ATGTAAGGCTGCTCTT-1,BLIND_SECTION_05,True
UC3_ATGTTGTAGTCTGTTT-1,BLIND_SECTION_05,True
UC3_ATTACATGTCAGTCTT-1,BLIND_SECTION_05,False
UC3_ATTACCACACTGCCTG-1,BLIND_SECTION_05,True
UC3_ATTAGGCGATGCTTTC-1,BLIND_SECTION_05,False
UC3_ATTATAGCTACTTTAC-1,BLIND_SECTION_05,True
UC3_ATTATTATGTCCGTCA-1,BLIND_SECTION_05,True
UC3_ATTCGTGCTATCTCTT-1,BLIND_SECTION_05,True
UC3_ATTGATGAGTCCTAAC-1,BLIND_SECTION_05,False
UC3_ATTGGATTACAGCGTA-1,BLIND_SECTION_05,False
UC3_ATTTACTAAGTCCATT-1,BLIND_SECTION_05,True
UC3_ATTTATACTGGTAAAG-1,BLIND_SECTION_05,False
UC3_ATTTGCGCGAGTAGCT-1,BLIND_SECTION_05,True
UC3_ATTTGTCTTGGGAGCT-1,BLIND_SECTION_05,False
UC3_CAAACCCTCCGGCGGG-1,BLIND_SECTION_05,False
UC3_CAAACTCGCGACGCCG-1,BLIND_SECTION_05,True
UC3_CAAAGATTATTGGGCC-1,BLIND_SECTION_05,True
UC3_CAACTGCTCATCCGAT-1,BLIND_SECTION_05,True
UC3_CAAGATATTATAACGT-1,BLIND_SECTION_05,False
UC3_CAAGGATCGCATGTTC-1,BLIND_SECTION_05,True
UC3_CAAGGTCCTATAGGCT-1,BLIND_SECTION_05,True
UC3_CAAGTAAGTGATAGAC-1,BLIND_SECTION_05,True
UC3_CAATACGAGAGTCTGA-1,BLIND_SECTION_05,True
UC3_CAATGGATCTCTACCA-1,BLIND_SECTION_05,False
UC3_CAATGTGCCAACCCTT-1,BLIND_SECTION_05,True
UC3_CACACACGCTAACGAG-1,BLIND_SECTION_05,False
UC3_CACACGCGCTGTCTTA-1,BLIND_SECTION_05,False
UC3_CACAGGGCCATATAGT-1,BLIND_SECTION_05,True
UC3_CACATCGTGCACGCGC-1,BLIND_SECTION_05,False
UC3_CACATCTCACCGACGA-1,BLIND_SECTION_05,False
UC3_CACATTTCTTGTCAGA-1,BLIND_SECTION_05,True
UC3_CACCAGTCAGCATGCA-1,BLIND_SECTION_05,False
UC3_CACCCAAATCTTATGT-1,BLIND_SECTION_05,False
UC3_CACCCGGTTTGTGACT-1,BLIND_SECTION_05,True
UC3_CACCCTAACAAGATCT-1,BLIND_SECTION_05,False
UC3_CACCGTATCCCATCCG-1,BLIND_SECTION_05,False
UC3_CACCGTTAGGGATCAC-1,BLIND_SECTION_05,True
UC3_CACCGTTGCGCGATAT-1,BLIND_SECTION_05,False
UC3_CACCTTGCGAAACTCG-1,BLIND_SECTION_05,True
UC3_CACCTTGGCGCCTTTG-1,BLIND_SECTION_05,False
UC3_CACGTCGGCAACCTCT-1,BLIND_SECTION_05,True
UC3_CACGTTCGTGCTCTAG-1,BLIND_SECTION_05,True
UC3_CACTCTCAAGCATCGA-1,BLIND_SECTION_05,False
UC3_CACTGACGATTGTGGA-1,BLIND_SECTION_05,False
UC3_CAGACACCGATCGCTG-1,BLIND_SECTION_05,False
UC3_CAGACCTGTAAGTGTT-1,BLIND_SECTION_05,False
UC3_CAGAGGCGATGCATGA-1,BLIND_SECTION_05,False
UC3_CAGCAGCCCGTTCCTT-1,BLIND_SECTION_05,False
UC3_CAGCAGTCCAGACTAT-1,BLIND_SECTION_05,False
UC3_CAGCAGTCTGTGCTGC-1,BLIND_SECTION_05,False
UC3_CAGCTCGACAAGTTAA-1,BLIND_SECTION_05,True
UC3_CAGGCGCACGGTGGTC-1,BLIND_SECTION_05,False
UC3_CAGTAGCCCACGCGGT-1,BLIND_SECTION_05,True
UC3_CAGTCGAGGATGCAAT-1,BLIND_SECTION_05,False
UC3_CAGTGAATAAATGACT-1,BLIND_SECTION_05,True
UC3_CAGTTCGAGGACCCGA-1,BLIND_SECTION_05,False
UC3_CATAAGAAGCTTGGCT-1,BLIND_SECTION_05,True
UC3_CATACACGGTTCCCAC-1,BLIND_SECTION_05,True
UC3_CATACGAACTAGCTGG-1,BLIND_SECTION_05,False
UC3_CATACTTAGGCAATAC-1,BLIND_SECTION_05,True
UC3_CATACTTCTTTCTCCG-1,BLIND_SECTION_05,True
UC3_CATAGTCCACAAGAAC-1,BLIND_SECTION_05,False
UC3_CATATGTCAGGCTACG-1,BLIND_SECTION_05,True
UC3_CATCCTCTCAAAGATC-1,BLIND_SECTION_05,True
UC3_CATCTTACACCACCTC-1,BLIND_SECTION_05,False
UC3_CATGACTTCGCTGAAT-1,BLIND_SECTION_05,True
UC3_CATGAGATGCACTCTC-1,BLIND_SECTION_05,True
UC3_CATGATACGGTGAAAC-1,BLIND_SECTION_05,True
UC3_CATGCGACCAGTTTAA-1,BLIND_SECTION_05,False
UC3_CATGGGTATGCCTTAT-1,BLIND_SECTION_05,True
UC3_CATGTCTCATTTATGG-1,BLIND_SECTION_05,True
UC3_CATTTAGCGGACCATG-1,BLIND_SECTION_05,False
UC3_CCAACCTTATGTAACT-1,BLIND_SECTION_05,False
UC3_CCAAGAAAGTGGGCGA-1,BLIND_SECTION_05,False
UC3_CCAAGCGTAACTCGTA-1,BLIND_SECTION_05,True
UC3_CCACAATGTACGTCTT-1,BLIND_SECTION_05,True
UC3_CCACAGTACCCATCCT-1,BLIND_SECTION_05,True
UC3_CCACCCAAGGAAAGTG-1,BLIND_SECTION_05,False
UC3_CCACGGAGCCATAAGA-1,BLIND_SECTION_05,True
UC3_CCACGGTGCCCGGTAG-1,BLIND_SECTION_05,False
UC3_CCACTCAGATCCGCAA-1,BLIND_SECTION_05,False
UC3_CCACTGTTTGGATTAA-1,BLIND_SECTION_05,True
UC3_CCAGAAAGCAACTCAT-1,BLIND_SECTION_05,False
UC3_CCAGATAGTTGAGTGA-1,BLIND_SECTION_05,True
UC3_CCAGTAGTCTGATCCA-1,BLIND_SECTION_05,False
UC3_CCAGTCTAGACGGCGC-1,BLIND_SECTION_05,False
UC3_CCAGTTCGGTAACTCA-1,BLIND_SECTION_05,False
UC3_CCATACCTTTACTTGT-1,BLIND_SECTION_05,True
UC3_CCATATGGAAACTATA-1,BLIND_SECTION_05,False
UC3_CCATGCCCTAGATTTC-1,BLIND_SECTION_05,True
UC3_CCCAAACATGCTGCTC-1,BLIND_SECTION_05,False
UC3_CCCAACATACGTCGCG-1,BLIND_SECTION_05,False
UC3_CCCAATGAGATTTGCA-1,BLIND_SECTION_05,False
UC3_CCCAGTTAAGGCGCCG-1,BLIND_SECTION_05,False
UC3_CCCGAGTTTCTCCGTA-1,BLIND_SECTION_05,True
UC3_CCCGTAGCTGGGAAGA-1,BLIND_SECTION_05,False
UC3_CCCGTGACAGTGCCTT-1,BLIND_SECTION_05,False
UC3_CCCGTTTCGCAGATGT-1,BLIND_SECTION_05,False
UC3_CCCTACCCACACCCAG-1,BLIND_SECTION_05,False
UC3_CCCTACTTGAACAATG-1,BLIND_SECTION_05,False
UC3_CCCTATGTAGAGCAGA-1,BLIND_SECTION_05,True
UC3_CCCTCCTCGCTCGTAT-1,BLIND_SECTION_05,False
UC3_CCGACGGGCATGAGGT-1,BLIND_SECTION_05,False
UC3_CCGATCTCAACCTTAT-1,BLIND_SECTION_05,False
UC3_CCGCACAAAGACCAAC-1,BLIND_SECTION_05,False
UC3_CCGCCGTTGAGGATAA-1,BLIND_SECTION_05,True
UC3_CCGCGGAATGCGTCAC-1,BLIND_SECTION_05,False
UC3_CCGCTCCAGGGCGATC-1,BLIND_SECTION_05,False
UC3_CCGCTTACCTCACTCT-1,BLIND_SECTION_05,False
UC3_CCGGAGCGTACTTTCT-1,BLIND_SECTION_05,True
UC3_CCGGCACGACCGTTTC-1,BLIND_SECTION_05,False
UC3_CCGGGCGGTCTCGTCA-1,BLIND_SECTION_05,False
UC3_CCGGGCTGCTCCATAC-1,BLIND_SECTION_05,False
UC3_CCGGTAATGGCTAGTC-1,BLIND_SECTION_05,True
UC3_CCGGTATCTGGCGACT-1,BLIND_SECTION_05,False
UC3_CCGGTTTGTAATTGTG-1,BLIND_SECTION_05,True
UC3_CCGTAAGTTGGTCCCA-1,BLIND_SECTION_05,False
UC3_CCGTATCTCGTCGTAG-1,BLIND_SECTION_05,True
UC3_CCGTGTTAAATTCCAT-1,BLIND_SECTION_05,False
UC3_CCTAACCCAAACAAGT-1,BLIND_SECTION_05,True
UC3_CCTAACTAAGGCTCTA-1,BLIND_SECTION_05,True
UC3_CCTACATTCACAGACG-1,BLIND_SECTION_05,False
UC3_CCTAGGCGTAGCGATC-1,BLIND_SECTION_05,False
UC3_CCTATAATGAGTGCCC-1,BLIND_SECTION_05,False
UC3_CCTATACCGTCCTGTC-1,BLIND_SECTION_05,False
UC3_CCTATATTTGTCCTGG-1,BLIND_SECTION_05,True
UC3_CCTATGAAGTGGTGCC-1,BLIND_SECTION_05,False
UC3_CCTATGGTCAAAGCTG-1,BLIND_SECTION_05,False
UC3_CCTCACCTTAGCATCG-1,BLIND_SECTION_05,True
UC3_CCTCGGACCGGGATAG-1,BLIND_SECTION_05,True
UC3_CCTCTATCGATTAGCA-1,BLIND_SECTION_05,True
UC3_CCTGAACGATATATTC-1,BLIND_SECTION_05,False
UC3_CCTGGAAACGTTCTGC-1,BLIND_SECTION_05,False
UC3_CCTGGTCGAATGTGGG-1,BLIND_SECTION_05,False
UC3_CCTGTCCCTCACGTTA-1,BLIND_SECTION_05,True
UC3_CCTGTTTGAAGACACG-1,BLIND_SECTION_05,False
UC3_CCTTCAGTTAAAGTGA-1,BLIND_SECTION_05,False
UC3_CCTTGACCACTTTATT-1,BLIND_SECTION_05,False
UC3_CCTTTCAATGAAGAAA-1,BLIND_SECTION_05,True
UC3_CGAAGATCAGTTTCAT-1,BLIND_SECTION_05,True
UC3_CGACAATTTGATCTAA-1,BLIND_SECTION_05,False
UC3_CGACACGCTCCGACAG-1,BLIND_SECTION_05,False
UC3_CGACTCAGGATGTTAT-1,BLIND_SECTION_05,True
UC3_CGACTTTGTATAGCCT-1,BLIND_SECTION_05,True
UC3_CGAGAGATGTGAACCT-1,BLIND_SECTION_05,False
UC3_CGAGAGGGTAGCCGCG-1,BLIND_SECTION_05,True
UC3_CGAGATTTCGCTCGGG-1,BLIND_SECTION_05,True
UC3_CGAGGCTAAATATGGC-1,BLIND_SECTION_05,True
UC3_CGAGGGACTGCGGTCG-1,BLIND_SECTION_05,False
UC3_CGAGTACTAAAGAGGA-1,BLIND_SECTION_05,False
UC3_CGAGTGAAGGTACCAG-1,BLIND_SECTION_05,False
UC3_CGAGTTCTGTCCCACC-1,BLIND_SECTION_05,True
UC3_CGATAATACTCAGGTT-1,BLIND_SECTION_05,False
UC3_CGATCCTCGCAACATA-1,BLIND_SECTION_05,False
UC3_CGATCTGTTGGAGGAC-1,BLIND_SECTION_05,False
UC3_CGATTCGCCTGGCTGC-1,BLIND_SECTION_05,True
UC3_CGCACATGTCCACTAC-1,BLIND_SECTION_05,False
UC3_CGCAGGCGATCCAAAC-1,BLIND_SECTION_05,False
UC3_CGCCATCCGATTATGA-1,BLIND_SECTION_05,True
UC3_CGCCCAGCACGCCTAG-1,BLIND_SECTION_05,True
UC3_CGCCGCCCATGCCTGT-1,BLIND_SECTION_05,False
UC3_CGCCGTTCAGCATAGT-1,BLIND_SECTION_05,True
UC3_CGCCTCCCTCCTCTAT-1,BLIND_SECTION_05,True
UC3_CGCCTTTAGCATGCTC-1,BLIND_SECTION_05,True
UC3_CGCGACCGCGACAGAT-1,BLIND_SECTION_05,False
UC3_CGCGCAAATGTCCAGA-1,BLIND_SECTION_05,True
UC3_CGCGGGAATTAGGCAG-1,BLIND_SECTION_05,True
UC3_CGCGGGAATTCCTTTC-1,BLIND_SECTION_05,False
UC3_CGCTAGAGACCGCTGC-1,BLIND_SECTION_05,False
UC3_CGCTGTGTGGATGTTG-1,BLIND_SECTION_05,True
UC3_CGCTTAGTATTGATAC-1,BLIND_SECTION_05,True
UC3_CGCTTTCCGCCAAGGT-1,BLIND_SECTION_05,False
UC3_CGCTTTCTTGCATTCG-1,BLIND_SECTION_05,False
UC3_CGGACCTTTACGTCCC-1,BLIND_SECTION_05,False
UC3_CGGATCCTCAAGGACT-1,BLIND_SECTION_05,False
UC3_CGGCAATAAGATCGCC-1,BLIND_SECTION_05,False
UC3_CGGCAGGGTCGGGTTG-1,BLIND_SECTION_05,False
UC3_CGGCCAGAGCGACCAT-1,BLIND_SECTION_05,False
UC3_CGGCGCCATCAATCCC-1,BLIND_SECTION_05,True
UC3_CGGCTCTAAAGCTGCA-1,BLIND_SECTION_05,True
UC3_CGGGAATATAGTATAC-1,BLIND_SECTION_05,False
UC3_CGGGAGCTTCAGTGTA-1,BLIND_SECTION_05,True
UC3_CGGGTGTACCCATTTA-1,BLIND_SECTION_05,False
UC3_CGGTACTAGAATCAAA-1,BLIND_SECTION_05,False
UC3_CGGTAGAGGTGCAGGT-1,BLIND_SECTION_05,False
UC3_CGGTATGGGCACTCTG-1,BLIND_SECTION_05,False
UC3_CGGTCAAGTGGGAACC-1,BLIND_SECTION_05,True
UC3_CGGTCCGTCGCAAGCC-1,BLIND_SECTION_05,False
UC3_CGGTGCAGATAGAACG-1,BLIND_SECTION_05,False
UC3_CGGTGCGCGTTGGTCC-1,BLIND_SECTION_05,True
UC3_CGGTTGGGCAGGGTCC-1,BLIND_SECTION_05,False
UC3_CGTAACTTCGACACTT-1,BLIND_SECTION_05,True
UC3_CGTCGGATAGTGTTGA-1,BLIND_SECTION_05,False
UC3_CGTCGGGTCTAAGCGC-1,BLIND_SECTION_05,True
UC3_CGTCGTCCTTCGCGAA-1,BLIND_SECTION_05,True
UC3_CGTGACCAGTCCTCTG-1,BLIND_SECTION_05,True
UC3_CGTGCACACCACTGTA-1,BLIND_SECTION_05,False
UC3_CGTGCAGACTGGGACA-1,BLIND_SECTION_05,False
UC3_CGTGCCCTCCCGAAGA-1,BLIND_SECTION_05,False
UC3_CGTGCTTCTACCTAAA-1,BLIND_SECTION_05,True
UC3_CGTGGCCGAATATCTA-1,BLIND_SECTION_05,False
UC3_CGTGGTACCCAAAGGC-1,BLIND_SECTION_05,True
UC3_CGTGTCTCGTTACGAC-1,BLIND_SECTION_05,False
UC3_CGTTGAATACCGCGCT-1,BLIND_SECTION_05,False
UC3_CGTTGCCCGCGTGGGA-1,BLIND_SECTION_05,True
UC3_CTAAATCCGGTGTACA-1,BLIND_SECTION_05,True
UC3_CTAAATCCTATTCCGG-1,BLIND_SECTION_05,False
UC3_CTAACGAAACTTGCTG-1,BLIND_SECTION_05,False
UC3_CTAACTGGTCCGGTTC-1,BLIND_SECTION_05,True
UC3_CTACAAGAAATAACCC-1,BLIND_SECTION_05,False
UC3_CTACCCTAAGGTCATA-1,BLIND_SECTION_05,False
UC3_CTACTATCATAGGTTT-1,BLIND_SECTION_05,False
UC3_CTACTATCTTTCAGAG-1,BLIND_SECTION_05,False
UC3_CTACTCAAGGTATAGT-1,BLIND_SECTION_05,True
UC3_CTAGATTTACGACGGC-1,BLIND_SECTION_05,False
UC3_CTAGGCGCCCTATCAG-1,BLIND_SECTION_05,True
UC3_CTAGGTTCGGACGTGA-1,BLIND_SECTION_05,True
UC3_CTAGTCACGTCTTAAG-1,BLIND_SECTION_05,True
UC3_CTATAGGCGTTGATGT-1,BLIND_SECTION_05,True
UC3_CTATCACAACGCTGGA-1,BLIND_SECTION_05,False
UC3_CTATCGACGAAATACA-1,BLIND_SECTION_05,True
UC3_CTATGGGAAGCGGAAT-1,BLIND_SECTION_05,True
UC3_CTATTTGGTTACGGAT-1,BLIND_SECTION_05,False
UC3_CTCAAACCACTGCCCG-1,BLIND_SECTION_05,False
UC3_CTCAACTAACCCGGAT-1,BLIND_SECTION_05,False
UC3_CTCACATTTACTAAAT-1,BLIND_SECTION_05,False
UC3_CTCAGTCACGACAAAT-1,BLIND_SECTION_05,False
UC3_CTCATGGTAATTTGCG-1,BLIND_SECTION_05,False
UC3_CTCATTGCTCTAACAA-1,BLIND_SECTION_05,True
UC3_CTCCCTCCTTTCGATC-1,BLIND_SECTION_05,False
UC3_CTCCGCCCACATGAGG-1,BLIND_SECTION_05,False
UC3_CTCCTCCAGCTCACAC-1,BLIND_SECTION_05,True
UC3_CTCGCCGAATGTAGGG-1,BLIND_SECTION_05,True
UC3_CTCGGGTTCTCTGGCC-1,BLIND_SECTION_05,False
UC3_CTCGGTACCACTGCTC-1,BLIND_SECTION_05,False
UC3_CTCGGTTGTCGGCCCT-1,BLIND_SECTION_05,False
UC3_CTCGTCTGTGCCTTCG-1,BLIND_SECTION_05,False
UC3_CTCTAACACCGGCAGC-1,BLIND_SECTION_05,False
UC3_CTCTCACAATCGATGA-1,BLIND_SECTION_05,True
UC3_CTCTCTAACTGCCTAG-1,BLIND_SECTION_05,False
UC3_CTCTTCTGGAAGTTAG-1,BLIND_SECTION_05,False
UC3_CTCTTGTCCCGCTTGG-1,BLIND_SECTION_05,True
UC3_CTGACTGCGCAGCTCG-1,BLIND_SECTION_05,False
UC3_CTGCGACCTCGCCGAA-1,BLIND_SECTION_05,False
UC3_CTGCTGAGGCCACGAA-1,BLIND_SECTION_05,True
UC3_CTGGCATCCGAATGAG-1,BLIND_SECTION_05,True
UC3_CTGGCGCACAGGTCTG-1,BLIND_SECTION_05,False
UC3_CTGGCTGATTCATCCT-1,BLIND_SECTION_05,False
UC3_CTGGCTGGTTGTCAGT-1,BLIND_SECTION_05,True
UC3_CTGGGATAAATAATGG-1,BLIND_SECTION_05,False
UC3_CTGGGATACGCTACCC-1,BLIND_SECTION_05,True
UC3_CTGGGCCTGCTATATC-1,BLIND_SECTION_05,False
UC3_CTGGGTAGGCAGTTAA-1,BLIND_SECTION_05,False
UC3_CTGGTAACACATAGAA-1,BLIND_SECTION_05,False
UC3_CTGGTTTCGAGCAAGA-1,BLIND_SECTION_05,True
UC3_CTGTAGCCATCTCACT-1,BLIND_SECTION_05,False
UC3_CTGTAGTGAGGATCGA-1,BLIND_SECTION_05,True
UC3_CTGTCAAATGGCTCGG-1,BLIND_SECTION_05,False
UC3_CTTACATAGATTTCTT-1,BLIND_SECTION_05,False
UC3_CTTAGTAGGCCTACAG-1,BLIND_SECTION_05,False
UC3_CTTAGTGTAGTAGCAT-1,BLIND_SECTION_05,False
UC3_CTTCAACTCCACTTGG-1,BLIND_SECTION_05,True
UC3_CTTCATCACCAGGGCT-1,BLIND_SECTION_05,False
UC3_CTTCCGCTCCGTGAAG-1,BLIND_SECTION_05,True
UC3_CTTCGATTGCGCAAGC-1,BLIND_SECTION_05,False
UC3_CTTCTATGTTGAAGTA-1,BLIND_SECTION_05,False
UC3_CTTCTATTAATGCTAG-1,BLIND_SECTION_05,True
UC3_CTTCTGGGCGTACCTA-1,BLIND_SECTION_05,True
UC3_CTTGTTGCTGAGTCAA-1,BLIND_SECTION_05,False
UC3_CTTTAGGAACACTGTT-1,BLIND_SECTION_05,False
UC3_CTTTGGGATTGTTGCA-1,BLIND_SECTION_05,True
UC3_GAAACCTATACAAATG-1,BLIND_SECTION_05,True
UC3_GAAAGAACAGCGTTAT-1,BLIND_SECTION_05,True
UC3_GAAAGCAGTGCACTTT-1,BLIND_SECTION_05,False
UC3_GAACAGATTACTAAAT-1,BLIND_SECTION_05,True
UC3_GAACCTTTAACGATCC-1,BLIND_SECTION_05,True
UC3_GAACGTCTCATGGTCG-1,BLIND_SECTION_05,False
UC3_GAACTGTGGAGAGACA-1,BLIND_SECTION_05,True
UC3_GAAGAAACGATATTGT-1,BLIND_SECTION_05,False
UC3_GAAGCTCGGACCCGTC-1,BLIND_SECTION_05,False
UC3_GAAGGGTCATTAAGAC-1,BLIND_SECTION_05,False
UC3_GAATAGACGCGACCCA-1,BLIND_SECTION_05,False
UC3_GAATAGCATTTAGGGT-1,BLIND_SECTION_05,True
UC3_GAATAGTGCTCGATTA-1,BLIND_SECTION_05,True
UC3_GAATGCGAATCGGTTC-1,BLIND_SECTION_05,False
UC3_GAATGTGGTCCGGATT-1,BLIND_SECTION_05,False
UC3_GACAAACATATGCAGG-1,BLIND_SECTION_05,False
UC3_GACACAAGGGAAGAAA-1,BLIND_SECTION_05,False
UC3_GACACTGGAACCCGAT-1,BLIND_SECTION_05,False
UC3_GACAGCCAGACCTGAC-1,BLIND_SECTION_05,False
UC3_GACATCGATTTATAAC-1,BLIND_SECTION_05,True
UC3_GACCACACTTCCCTTT-1,BLIND_SECTION_05,False
UC3_GACCCAATTATGATAC-1,BLIND_SECTION_05,True
UC3_GACCGCGTCTGACGTG-1,BLIND_SECTION_05,True
UC3_GACGCCGTAAAGGCTA-1,BLIND_SECTION_05,False
UC3_GACGGGCATCGAATTT-1,BLIND_SECTION_05,False
UC3_GACGGGTTGGCCCGTA-1,BLIND_SECTION_05,True
UC3_GACGGTCAATAGAAGC-1,BLIND_SECTION_05,False
UC3_GACTCACCCACGTGAG-1,BLIND_SECTION_05,False
UC3_GACTCGCGGGAATGAC-1,BLIND_SECTION_05,False
UC3_GACTGCAAATCGAGCT-1,BLIND_SECTION_05,False
UC3_GACTGCACCAGCCCAG-1,BLIND_SECTION_05,True
UC3_GACTGCTGGTGAGAAA-1,BLIND_SECTION_05,True
UC3_GAGAGGTGCATTCTGG-1,BLIND_SECTION_05,False
UC3_GAGATCTGTCACTCCG-1,BLIND_SECTION_05,True
UC3_GAGATGGCTTTAATCA-1,BLIND_SECTION_05,False
UC3_GAGCACCTGTGTCCAG-1,BLIND_SECTION_05,False
UC3_GAGCCAGCTACCTGTG-1,BLIND_SECTION_05,True
UC3_GAGCGCAAATACTCCG-1,BLIND_SECTION_05,True
UC3_GAGCGCGCACGAGTAG-1,BLIND_SECTION_05,True
UC3_GAGCGCTGTTAGGTAA-1,BLIND_SECTION_05,False
UC3_GAGCGGAATGCGGTGT-1,BLIND_SECTION_05,False
UC3_GAGCTAAGGGCATATC-1,BLIND_SECTION_05,False
UC3_GAGCTCAACATGAGCG-1,BLIND_SECTION_05,True
UC3_GAGGCCCGACTCCGCA-1,BLIND_SECTION_05,False
UC3_GAGGGAGTCAGATCGC-1,BLIND_SECTION_05,True
UC3_GAGGGCGCAGCTCTGC-1,BLIND_SECTION_05,True
UC3_GAGGTACGCGTGTCCC-1,BLIND_SECTION_05,True
UC3_GAGTATGCGCGTGCAT-1,BLIND_SECTION_05,False
UC3_GAGTCAGACCAGAATC-1,BLIND_SECTION_05,False
UC3_GAGTCCACCAGGTTTA-1,BLIND_SECTION_05,False
UC3_GAGTGTGCGGTACCCA-1,BLIND_SECTION_05,False
UC3_GATAACTCGCACTGTG-1,BLIND_SECTION_05,False
UC3_GATAGTGCGAGTAAGT-1,BLIND_SECTION_05,False
UC3_GATATGAGACACTAAC-1,BLIND_SECTION_05,False
UC3_GATCAACATAAAGGGA-1,BLIND_SECTION_05,False
UC3_GATCCGGGAATTAACA-1,BLIND_SECTION_05,False
UC3_GATCCTAAATCGGGAC-1,BLIND_SECTION_05,False
UC3_GATCCTCGACACTGGC-1,BLIND_SECTION_05,False
UC3_GATCGCTATATCTCAG-1,BLIND_SECTION_05,True
UC3_GATCGTGACTGATATC-1,BLIND_SECTION_05,True
UC3_GATCTGCTATCTAAGG-1,BLIND_SECTION_05,True
UC3_GATGACAAGTAGGGCA-1,BLIND_SECTION_05,False
UC3_GATGCTGTATTTCATC-1,BLIND_SECTION_05,False
UC3_GATTACTGAATTTGGG-1,BLIND_SECTION_05,False
UC3_GATTCGACGGTTCACG-1,BLIND_SECTION_05,False
UC3_GCAAACCCTACATTAT-1,BLIND_SECTION_05,True
UC3_GCAAACGTCGCCAGGT-1,BLIND_SECTION_05,True
UC3_GCAACGGCTAGTTATG-1,BLIND_SECTION_05,True
UC3_GCAAGAATTCCTTGGC-1,BLIND_SECTION_05,False
UC3_GCAAGTGTAAAGCATG-1,BLIND_SECTION_05,False
UC3_GCACACACTGGTAGCC-1,BLIND_SECTION_05,True
UC3_GCACACAGCTATTACC-1,BLIND_SECTION_05,True
UC3_GCACGCCGATTCCCGC-1,BLIND_SECTION_05,False
UC3_GCAGACCCAGCACGTA-1,BLIND_SECTION_05,False
UC3_GCAGATCCATAAGACT-1,BLIND_SECTION_05,True
UC3_GCAGCCTATATCACAT-1,BLIND_SECTION_05,True
UC3_GCAGCTGTCAACGCAT-1,BLIND_SECTION_05,False
UC3_GCAGTGTGGCTATAGG-1,BLIND_SECTION_05,True
UC3_GCATGAGGGACGCGGC-1,BLIND_SECTION_05,False
UC3_GCATTTCCAAGGCTCC-1,BLIND_SECTION_05,True
UC3_GCCACTCAGAGCGCGA-1,BLIND_SECTION_05,False
UC3_GCCAGGAGTAACCGAT-1,BLIND_SECTION_05,True
UC3_GCCATATTGCACACAG-1,BLIND_SECTION_05,False
UC3_GCCCGACTTCTTCCCG-1,BLIND_SECTION_05,False
UC3_GCCCGCGCGTAAACGG-1,BLIND_SECTION_05,True
UC3_GCCCGTAATACCTTCT-1,BLIND_SECTION_05,True
UC3_GCCCTAAGTGCAGGAT-1,BLIND_SECTION_05,True
UC3_GCCGCACTCCGTTTCA-1,BLIND_SECTION_05,True
UC3_GCCTATAGTGTCAGGG-1,BLIND_SECTION_05,True
UC3_GCGAAACTTAACTGGA-1,BLIND_SECTION_05,True
UC3_GCGAATGGACTAGCGA-1,BLIND_SECTION_05,True
UC3_GCGACATGTAAACATC-1,BLIND_SECTION_05,False
UC3_GCGACCCAACCATCTG-1,BLIND_SECTION_05,False
UC3_GCGACGGTAGTCTCCT-1,BLIND_SECTION_05,True
UC3_GCGAGCGCATGCTCCC-1,BLIND_SECTION_05,True
UC3_GCGATTGTTAACGTTA-1,BLIND_SECTION_05,False
UC3_GCGCAAATATATTCAA-1,BLIND_SECTION_05,True
UC3_GCGCATCCAGTCAGCA-1,BLIND_SECTION_05,True
UC3_GCGCCTCCCACTCCGA-1,BLIND_SECTION_05,True
UC3_GCGCGTCATTGGTACA-1,BLIND_SECTION_05,True
UC3_GCGCTAATTGAATAGA-1,BLIND_SECTION_05,True
UC3_GCGCTGCTTTGCATTT-1,BLIND_SECTION_05,True
UC3_GCGGACCGCGTTGTGG-1,BLIND_SECTION_05,True
UC3_GCGGAGAAACTTCGCA-1,BLIND_SECTION_05,False
UC3_GCGGCAAAGTATTGCC-1,BLIND_SECTION_05,True
UC3_GCGGCTTTAGCAAGTT-1,BLIND_SECTION_05,False
UC3_GCGGGCAGACGGGTGA-1,BLIND_SECTION_05,False
UC3_GCGGGCGAGCCTTACC-1,BLIND_SECTION_05,True
UC3_GCGGTCTTGCTTTCAC-1,BLIND_SECTION_05,False
UC3_GCGTCCCTAAGACATA-1,BLIND_SECTION_05,False
UC3_GCTAAGTAGTTTCTCT-1,BLIND_SECTION_05,False
UC3_GCTACTATAGTAGAGT-1,BLIND_SECTION_05,False
UC3_GCTAGACCGTCTACTG-1,BLIND_SECTION_05,False
UC3_GCTAGAGTAGAGATGT-1,BLIND_SECTION_05,False
UC3_GCTAGCGATAGGTCTT-1,BLIND_SECTION_05,False
UC3_GCTAGCTTGAATAGCT-1,BLIND_SECTION_05,False
UC3_GCTCAATCCGTTTATT-1,BLIND_SECTION_05,False
UC3_GCTCCCAGTCGGTCCA-1,BLIND_SECTION_05,True
UC3_GCTCCGCTCGCTTCAG-1,BLIND_SECTION_05,True
UC3_GCTCCTGACATACTGG-1,BLIND_SECTION_05,True
UC3_GCTCTTTCCGCTAGTG-1,BLIND_SECTION_05,True
UC3_GCTGAATCTTCCAATC-1,BLIND_SECTION_05,True
UC3_GCTGCACGGTTTCTTA-1,BLIND_SECTION_05,True
UC3_GCTGCTAAGTAGTCGA-1,BLIND_SECTION_05,False
UC3_GCTTAATGTAACTAAC-1,BLIND_SECTION_05,False
UC3_GCTTACGTAGTTAGTA-1,BLIND_SECTION_05,True
UC3_GCTTATGAAGCAGGAA-1,BLIND_SECTION_05,False
UC3_GCTTCCGTCCCTAGAC-1,BLIND_SECTION_05,True
UC3_GCTTTATTAAGTTACC-1,BLIND_SECTION_05,True
UC3_GCTTTCAGAGGAGGTG-1,BLIND_SECTION_05,False
UC3_GGAACCGTGTAAATTG-1,BLIND_SECTION_05,False
UC3_GGAACCTTGACTCTGC-1,BLIND_SECTION_05,False
UC3_GGAATGCGCTAGCGTG-1,BLIND_SECTION_05,False
UC3_GGACCTCTAGGCCGCC-1,BLIND_SECTION_05,False
UC3_GGACTCGACAGCGCAT-1,BLIND_SECTION_05,False
UC3_GGACTCGTGAGTGGTC-1,BLIND_SECTION_05,False
UC3_GGACTCTTTGACTAAG-1,BLIND_SECTION_05,False
UC3_GGAGCAACATTTCAAG-1,BLIND_SECTION_05,True
UC3_GGAGCACCAAGAACTA-1,BLIND_SECTION_05,True
UC3_GGAGCGAGGCCTACTT-1,BLIND_SECTION_05,False
UC3_GGAGGCCGAAGTCGTC-1,BLIND_SECTION_05,False
UC3_GGAGGGCTTGGTTGGC-1,BLIND_SECTION_05,False
UC3_GGATCCGGAATATACT-1,BLIND_SECTION_05,False
UC3_GGATCTTACTGCCCTT-1,BLIND_SECTION_05,False
UC3_GGATGAAGATCGCTGA-1,BLIND_SECTION_05,False
UC3_GGATGTCCTTACCGCA-1,BLIND_SECTION_05,False
UC3_GGATTAATCATGGACC-1,BLIND_SECTION_05,False
UC3_GGATTGCTGTGACTCC-1,BLIND_SECTION_05,False
UC3_GGATTTCACTTCTATA-1,BLIND_SECTION_05,False
UC3_GGCAATAGTCAATGAG-1,BLIND_SECTION_05,True
UC3_GGCAGCAAACCTATGC-1,BLIND_SECTION_05,False
UC3_GGCCCAGCTGGTTTGC-1,BLIND_SECTION_05,False
UC3_GGCCCGGAGCATGTCT-1,BLIND_SECTION_05,True
UC3_GGCCGAGACTCTGGTG-1,BLIND_SECTION_05,False
UC3_GGCCGTTTGGGTTTCA-1,BLIND_SECTION_05,True
UC3_GGCGAAATCTAACTTG-1,BLIND_SECTION_05,False
UC3_GGCGCTTCATTCCCTG-1,BLIND_SECTION_05,False
UC3_GGCGGGCTCTAAGAGT-1,BLIND_SECTION_05,False
UC3_GGCGGTAGGATCATTG-1,BLIND_SECTION_05,True
UC3_GGCTACTATACACTCC-1,BLIND_SECTION_05,False
UC3_GGCTCCTCCACCTGTT-1,BLIND_SECTION_05,False
UC3_GGCTCGCGTTGAGGTA-1,BLIND_SECTION_05,False
UC3_GGCTGGCAATCCCACG-1,BLIND_SECTION_05,False
UC3_GGCTTCTCGTGGGTGG-1,BLIND_SECTION_05,False
UC3_GGGAACGGTTTCAGAT-1,BLIND_SECTION_05,False
UC3_GGGACAGAGTTACTCC-1,BLIND_SECTION_05,True
UC3_GGGACCCGTATATCTT-1,BLIND_SECTION_05,True
UC3_GGGAGTTAATGAGGCG-1,BLIND_SECTION_05,False
UC3_GGGATGGTCGTAACCG-1,BLIND_SECTION_05,True
UC3_GGGATTTACCGCACCT-1,BLIND_SECTION_05,False
UC3_GGGCACGTAGTACTGT-1,BLIND_SECTION_05,True
UC3_GGGCCGGCCGAAGTAC-1,BLIND_SECTION_05,False
UC3_GGGCGGGTTCCCTACG-1,BLIND_SECTION_05,False
UC3_GGGCGTGGTTTCCCAG-1,BLIND_SECTION_05,False
UC3_GGGCTATGATCGATGG-1,BLIND_SECTION_05,False
UC3_GGGCTCATCGAACCCA-1,BLIND_SECTION_05,True
UC3_GGGTCAGGAGCTAGAT-1,BLIND_SECTION_05,False
UC3_GGGTTAACATTTGAGT-1,BLIND_SECTION_05,True
UC3_GGTAACCGGGAGGATA-1,BLIND_SECTION_05,False
UC3_GGTACCATTAAGACGG-1,BLIND_SECTION_05,True
UC3_GGTAGACCGTTGGGCG-1,BLIND_SECTION_05,False
UC3_GGTAGTGCTCGCACCA-1,BLIND_SECTION_05,True
UC3_GGTATAGTGACACATA-1,BLIND_SECTION_05,False
UC3_GGTCAAGACTACTTCG-1,BLIND_SECTION_05,False
UC3_GGTCGGCCAGGAGCTT-1,BLIND_SECTION_05,False
UC3_GGTCGGTCGTCCACAG-1,BLIND_SECTION_05,True
UC3_GGTCTCTGAATGGACT-1,BLIND_SECTION_05,False
UC3_GGTCTGAGAATCTGGA-1,BLIND_SECTION_05,False
UC3_GGTGATAAGGAGCAGT-1,BLIND_SECTION_05,False
UC3_GGTGCATAAATGATTA-1,BLIND_SECTION_05,False
UC3_GGTGGACTGCTCTGGC-1,BLIND_SECTION_05,True
UC3_GGTGTAGGTAAGTAAA-1,BLIND_SECTION_05,False
UC3_GGTTACCACCCTCGGG-1,BLIND_SECTION_05,False
UC3_GGTTAGCTATATGTCT-1,BLIND_SECTION_05,False
UC3_GGTTCTACTCGTCTGA-1,BLIND_SECTION_05,False
UC3_GGTTTAATTACCATCG-1,BLIND_SECTION_05,True
UC3_GTAACATCTAAGATAA-1,BLIND_SECTION_05,False
UC3_GTAACTGCCCAAGGAG-1,BLIND_SECTION_05,True
UC3_GTAAGTAACAGTCTGG-1,BLIND_SECTION_05,False
UC3_GTAAGTCCACACTCTA-1,BLIND_SECTION_05,True
UC3_GTAATAAAGGGCTCCC-1,BLIND_SECTION_05,False
UC3_GTAATCTGATTCTTCG-1,BLIND_SECTION_05,False
UC3_GTACAGAGGCAAGGGT-1,BLIND_SECTION_05,False
UC3_GTACTACGGCCTCGTT-1,BLIND_SECTION_05,False
UC3_GTACTGGAGTTAGACC-1,BLIND_SECTION_05,False
UC3_GTAGAGGGAGACAAGT-1,BLIND_SECTION_05,False
UC3_GTAGCGGCTATACACT-1,BLIND_SECTION_05,False
UC3_GTAGCTCCGGGAGGCT-1,BLIND_SECTION_05,False
UC3_GTAGCTTCCTCTTGTT-1,BLIND_SECTION_05,False
UC3_GTAGTCTACGATATTG-1,BLIND_SECTION_05,False
UC3_GTAGTTCGAAGGCGAA-1,BLIND_SECTION_05,False
UC3_GTATCAAACGTTAGCT-1,BLIND_SECTION_05,True
UC3_GTATCAAGGTACTTCC-1,BLIND_SECTION_05,True
UC3_GTATCTCAGTCTTGAC-1,BLIND_SECTION_05,False
UC3_GTATGAAATTTCACTC-1,BLIND_SECTION_05,True
UC3_GTATGTGGGTCTAGTT-1,BLIND_SECTION_05,False
UC3_GTATTCTGAGAAACGA-1,BLIND_SECTION_05,True
UC3_GTCAAAGAAGTGGTGT-1,BLIND_SECTION_05,False
UC3_GTCAAGCGGACTCGGG-1,BLIND_SECTION_05,False
UC3_GTCCAATATTTAGCCT-1,BLIND_SECTION_05,False
UC3_GTCCATTACTGCTACG-1,BLIND_SECTION_05,False
UC3_GTCCCAACGTAAAGTA-1,BLIND_SECTION_05,True
UC3_GTCCCGCGACGTTATG-1,BLIND_SECTION_05,False
UC3_GTCCGGGTTCACATTA-1,BLIND_SECTION_05,False
UC3_GTCCGTTAGAGGGCCT-1,BLIND_SECTION_05,False
UC3_GTCGCCGTTGTGTGTT-1,BLIND_SECTION_05,True
UC3_GTCGCGTAACCCGTTG-1,BLIND_SECTION_05,False
UC3_GTCTATTGGTTCCGGT-1,BLIND_SECTION_05,True
UC3_GTCTCAAGGCCCGGCT-1,BLIND_SECTION_05,False
UC3_GTCTGCCGACTCGACG-1,BLIND_SECTION_05,False
UC3_GTCTTGTAGCTATTCA-1,BLIND_SECTION_05,True
UC3_GTGAAACGGCGCCACC-1,BLIND_SECTION_05,True
UC3_GTGAACTCCCATTCGA-1,BLIND_SECTION_05,False
UC3_GTGAGGACACTTAAGG-1,BLIND_SECTION_05,False
UC3_GTGATCACTAACGCCT-1,BLIND_SECTION_05,False
UC3_GTGATCCTTGTCATGA-1,BLIND_SECTION_05,False
UC3_GTGATTCGCCGCTCAA-1,BLIND_SECTION_05,True
UC3_GTGCACCAGCTTCAAC-1,BLIND_SECTION_05,True
UC3_GTGCCATCACACGGTG-1,BLIND_SECTION_05,False
UC3_GTGCCCGTTCGGATTC-1,BLIND_SECTION_05,False
UC3_GTGCGTGTATATGAGC-1,BLIND_SECTION_05,False
UC3_GTGCTGTTAGAACATA-1,BLIND_SECTION_05,False
UC3_GTGCTTACATCAGCGC-1,BLIND_SECTION_05,True
UC3_GTGGACCAACCCGATT-1,BLIND_SECTION_05,True
UC3_GTGGAGTCGGCGGTTG-1,BLIND_SECTION_05,True
UC3_GTGGTATAGTCTGCCG-1,BLIND_SECTION_05,True
UC3_GTGGTGGCCAAGTGAA-1,BLIND_SECTION_05,True
UC3_GTGGTTACTTCTTTCG-1,BLIND_SECTION_05,False
UC3_GTGGTTTCCGCCTTTC-1,BLIND_SECTION_05,True
UC3_GTGTACCTTGGCTACG-1,BLIND_SECTION_05,True
UC3_GTGTATATCAGCGGGC-1,BLIND_SECTION_05,False
UC3_GTGTCAGTGTACGTGG-1,BLIND_SECTION_05,True
UC3_GTGTGAATAACTTAGG-1,BLIND_SECTION_05,False
UC3_GTGTTACTATGCGTCC-1,BLIND_SECTION_05,False
UC3_GTTAACTATGTTGTCA-1,BLIND_SECTION_05,True
UC3_GTTAAGGGTGCGATGT-1,BLIND_SECTION_05,False
UC3_GTTAAGTTAGAGTGGG-1,BLIND_SECTION_05,False
UC3_GTTAGCCGTAAATCAA-1,BLIND_SECTION_05,True
UC3_GTTATAATACGGTGAA-1,BLIND_SECTION_05,False
UC3_GTTCATCGTTTGGCTG-1,BLIND_SECTION_05,False
UC3_GTTCGCTGAGACGTCT-1,BLIND_SECTION_05,False
UC3_GTTCGGATCGGGAACA-1,BLIND_SECTION_05,True
UC3_GTTCGGGCGTACCATT-1,BLIND_SECTION_05,False
UC3_GTTGAACCGGTTCCAT-1,BLIND_SECTION_05,False
UC3_GTTGCGCTAACATTAC-1,BLIND_SECTION_05,False
UC3_GTTGGATTGAGAACAC-1,BLIND_SECTION_05,False
UC3_GTTTCTGCAGTCTCCC-1,BLIND_SECTION_05,False
UC3_GTTTGGCCCAAGTTAT-1,BLIND_SECTION_05,False
UC3_GTTTGGTGATCGGTGC-1,BLIND_SECTION_05,False
UC3_TAAACCCAGGAGGGCA-1,BLIND_SECTION_05,True
UC3_TAAAGACAACCCTTTA-1,BLIND_SECTION_05,True
UC3_TAAAGCGGTATTTCCA-1,BLIND_SECTION_05,False
UC3_TAAAGCGTTAGGAGAA-1,BLIND_SECTION_05,True
UC3_TAACAGCGTTTGTGCT-1,BLIND_SECTION_05,False
UC3_TAACATACAATGTGGG-1,BLIND_SECTION_05,True
UC3_TAACATACACGCGATC-1,BLIND_SECTION_05,False
UC3_TAACCTACCGTCCGAG-1,BLIND_SECTION_05,False
UC3_TAACTATTACGCCAAA-1,BLIND_SECTION_05,True
UC3_TAAGGCATAACATCAA-1,BLIND_SECTION_05,False
UC3_TAAGGCCCGTCACCCT-1,BLIND_SECTION_05,False
UC3_TAAGGCTGAATCCCTC-1,BLIND_SECTION_05,False
UC3_TAAGGGCCTGTCCGAT-1,BLIND_SECTION_05,False
UC3_TAAGTAACATCTTGAC-1,BLIND_SECTION_05,False
UC3_TAAGTCGCCGAGTATC-1,BLIND_SECTION_05,False
UC3_TAAGTTGCGACGTAGG-1,BLIND_SECTION_05,True
UC3_TAATACTAGAACAGAC-1,BLIND_SECTION_05,False
UC3_TAATAGAACAGAGTTA-1,BLIND_SECTION_05,True
UC3_TAATAGTGACGACCAG-1,BLIND_SECTION_05,True
UC3_TAATCGATCCGTACGT-1,BLIND_SECTION_05,True
UC3_TAATTAGGACATCCGT-1,BLIND_SECTION_05,False
UC3_TACACAGCCGTGGTGC-1,BLIND_SECTION_05,False
UC3_TACAGAAACGGTGGGC-1,BLIND_SECTION_05,False
UC3_TACCAATAAAGTACCA-1,BLIND_SECTION_05,False
UC3_TACCGCGGACTTGCAG-1,BLIND_SECTION_05,False
UC3_TACCGGTCGTTTCCAT-1,BLIND_SECTION_05,False
UC3_TACCGTAGGTTAACTA-1,BLIND_SECTION_05,True
UC3_TACCTCAGTTGTCTGT-1,BLIND_SECTION_05,True
UC3_TACCTTAAGATTTCCC-1,BLIND_SECTION_05,False
UC3_TACGGAAGCCAAACCA-1,BLIND_SECTION_05,False
UC3_TACGGGTAATAACATA-1,BLIND_SECTION_05,False
UC3_TACGTACTAGTGCTGA-1,BLIND_SECTION_05,False
UC3_TACTATGGTTCCTCAG-1,BLIND_SECTION_05,False
UC3_TACTCCTCTAGTTGAC-1,BLIND_SECTION_05,True
UC3_TACTCGTTTGAATCAA-1,BLIND_SECTION_05,False
UC3_TACTCTTTCGTCTTCA-1,BLIND_SECTION_05,False
UC3_TACTGAACAGATTTAG-1,BLIND_SECTION_05,False
UC3_TACTGTTTCTCTGGTA-1,BLIND_SECTION_05,True
UC3_TACTTGTTAGTAGTCC-1,BLIND_SECTION_05,False
UC3_TACTTTACTGAGCCGG-1,BLIND_SECTION_05,False
UC3_TAGAAAGGTGGCGCTA-1,BLIND_SECTION_05,False
UC3_TAGACGAAACGCCAAT-1,BLIND_SECTION_05,False
UC3_TAGACTACCTAGCGTT-1,BLIND_SECTION_05,False
UC3_TAGAGATCATGCAACT-1,BLIND_SECTION_05,False
UC3_TAGAGGTTCTACTTGT-1,BLIND_SECTION_05,False
UC3_TAGATATGGACTGGAA-1,BLIND_SECTION_05,True
UC3_TAGCCATTTCAAAGTC-1,BLIND_SECTION_05,False
UC3_TAGCGTCCCTCGATTG-1,BLIND_SECTION_05,False
UC3_TAGCGTTGGGTCTTAC-1,BLIND_SECTION_05,True
UC3_TAGCTAGAAGGCATGA-1,BLIND_SECTION_05,False
UC3_TAGCTAGTGATGATGG-1,BLIND_SECTION_05,True
UC3_TAGGCATGTTACGCCA-1,BLIND_SECTION_05,True
UC3_TAGGTCGCCGGAACTG-1,BLIND_SECTION_05,False
UC3_TAGGTGACGATAACCT-1,BLIND_SECTION_05,False
UC3_TAGGTGCTCGCCTAGC-1,BLIND_SECTION_05,False
UC3_TAGGTTCGAGTTCGTC-1,BLIND_SECTION_05,True
UC3_TAGTAGCTTATACCAG-1,BLIND_SECTION_05,False
UC3_TAGTAGTTGCCGGACA-1,BLIND_SECTION_05,True
UC3_TAGTCCCGGAGACCAC-1,BLIND_SECTION_05,True
UC3_TATACGCGTCATCACT-1,BLIND_SECTION_05,False
UC3_TATAGAGTCGCTTGAA-1,BLIND_SECTION_05,False
UC3_TATAGATGGTCGCAGT-1,BLIND_SECTION_05,False
UC3_TATATAGGGCTTTACG-1,BLIND_SECTION_05,True
UC3_TATATATCGAGAAATG-1,BLIND_SECTION_05,False
UC3_TATATCCCTGGGAGGA-1,BLIND_SECTION_05,False
UC3_TATCCCTCGATCTGCA-1,BLIND_SECTION_05,False
UC3_TATCCGCACCGTCGGG-1,BLIND_SECTION_05,True
UC3_TATCGATCTATGCATA-1,BLIND_SECTION_05,True
UC3_TATGTAAAGTGCTTAA-1,BLIND_SECTION_05,True
UC3_TATGTCTCATTGTGCC-1,BLIND_SECTION_05,False
UC3_TATTAACCTGACCGCG-1,BLIND_SECTION_05,True
UC3_TATTCAATTCTAATCC-1,BLIND_SECTION_05,True
UC3_TATTCCTCCGCCCACT-1,BLIND_SECTION_05,True
UC3_TATTGACATTTCTGCC-1,BLIND_SECTION_05,False
UC3_TCAAATTTGAGACTCA-1,BLIND_SECTION_05,False
UC3_TCAACAAAGATAATTC-1,BLIND_SECTION_05,True
UC3_TCAACATAGCGCCCTA-1,BLIND_SECTION_05,True
UC3_TCAACGCAGGAAATAA-1,BLIND_SECTION_05,True
UC3_TCAACTGCAGAGTCAG-1,BLIND_SECTION_05,False
UC3_TCAAGAAATACTAGCT-1,BLIND_SECTION_05,True
UC3_TCAAGGTTACTACACC-1,BLIND_SECTION_05,False
UC3_TCACAGGAGAATAAGA-1,BLIND_SECTION_05,False
UC3_TCACCGCTCGGCACTC-1,BLIND_SECTION_05,False
UC3_TCACGATGTCCGTGGA-1,BLIND_SECTION_05,True
UC3_TCAGAACCTCCACAGG-1,BLIND_SECTION_05,True
UC3_TCAGAGGACGCGTTAG-1,BLIND_SECTION_05,False
UC3_TCAGCAAATGCATCTC-1,BLIND_SECTION_05,False
UC3_TCAGCAGTAGGCCCTG-1,BLIND_SECTION_05,False
UC3_TCAGCGCACGCCGTTT-1,BLIND_SECTION_05,False
UC3_TCAGGGTGTAACGTAA-1,BLIND_SECTION_05,False
UC3_TCAGTGTATACGTCAT-1,BLIND_SECTION_05,False
UC3_TCATCGATGGTCCCAA-1,BLIND_SECTION_05,False
UC3_TCATTTAGAAGTGTGA-1,BLIND_SECTION_05,False
UC3_TCCAACTTTAAATTCT-1,BLIND_SECTION_05,False
UC3_TCCAATAAAGGCTACC-1,BLIND_SECTION_05,True
UC3_TCCACATCGTATATTG-1,BLIND_SECTION_05,True
UC3_TCCACCTCTAGCCTTT-1,BLIND_SECTION_05,True
UC3_TCCACTTTATCTAGGT-1,BLIND_SECTION_05,True
UC3_TCCAGAGCACCGGTTC-1,BLIND_SECTION_05,True
UC3_TCCAGGGTATATACGA-1,BLIND_SECTION_05,True
UC3_TCCCAAAGCCCTAAAT-1,BLIND_SECTION_05,False
UC3_TCCCACTCTCTTCCGG-1,BLIND_SECTION_05,False
UC3_TCCCGTGTGCAATTTG-1,BLIND_SECTION_05,True
UC3_TCCCTGGCGTATTAAC-1,BLIND_SECTION_05,False
UC3_TCCGAATGGTCCTGAG-1,BLIND_SECTION_05,False
UC3_TCCGCCTGTCTACAAG-1,BLIND_SECTION_05,True
UC3_TCCGCGGCAGCATCTG-1,BLIND_SECTION_05,True
UC3_TCCGCTGTCATCCCGG-1,BLIND_SECTION_05,True
UC3_TCCGGCCTAGCGTACA-1,BLIND_SECTION_05,False
UC3_TCCGGTTCGTCCGGTC-1,BLIND_SECTION_05,False
UC3_TCCGTTAAGCTAATAT-1,BLIND_SECTION_05,False
UC3_TCCGTTTAGCCTTGAA-1,BLIND_SECTION_05,True
UC3_TCCTAACCGTCGGGCA-1,BLIND_SECTION_05,False
UC3_TCCTACATCCACGGCC-1,BLIND_SECTION_05,True
UC3_TCCTAGCAAAGAAGCT-1,BLIND_SECTION_05,True
UC3_TCCTCGGGCTGGGCTT-1,BLIND_SECTION_05,False
UC3_TCCTGCAGCCGCCAAT-1,BLIND_SECTION_05,False
UC3_TCCTTGTCCTTTAATT-1,BLIND_SECTION_05,True
UC3_TCCTTTAAATCCGCTT-1,BLIND_SECTION_05,False
UC3_TCGAAGAACCGAGCAC-1,BLIND_SECTION_05,False
UC3_TCGAGCCAGGCAGGCC-1,BLIND_SECTION_05,True
UC3_TCGCTACTGGCTTTGA-1,BLIND_SECTION_05,False
UC3_TCGCTGGGCGGATTGT-1,BLIND_SECTION_05,True
UC3_TCGCTTTAAACGTTTG-1,BLIND_SECTION_05,True
UC3_TCGGACGCCCAGCCCA-1,BLIND_SECTION_05,False
UC3_TCGGAGTACATGAGTA-1,BLIND_SECTION_05,False
UC3_TCGGCTTGTATCGACG-1,BLIND_SECTION_05,True
UC3_TCGGGAACGTGCCTAG-1,BLIND_SECTION_05,True
UC3_TCGGGAGACAGCGTAC-1,BLIND_SECTION_05,False
UC3_TCGGTCCCGACAATAG-1,BLIND_SECTION_05,False
UC3_TCGTAAGACGACATTG-1,BLIND_SECTION_05,True
UC3_TCGTGTTCGACCACAA-1,BLIND_SECTION_05,True
UC3_TCGTTAGGAGTCCCTA-1,BLIND_SECTION_05,False
UC3_TCTAATACTGCCTCAG-1,BLIND_SECTION_05,False
UC3_TCTACCCAATAGAGAG-1,BLIND_SECTION_05,False
UC3_TCTAGCAATCTCCGCC-1,BLIND_SECTION_05,True
UC3_TCTAGGTGGCGACGCT-1,BLIND_SECTION_05,False
UC3_TCTAGTGATATCGTGG-1,BLIND_SECTION_05,False
UC3_TCTATCCGATTGCACA-1,BLIND_SECTION_05,False
UC3_TCTCAAATCAATCGGG-1,BLIND_SECTION_05,False
UC3_TCTCATGAGATAGGGT-1,BLIND_SECTION_05,True
UC3_TCTCTCGCCGCACATA-1,BLIND_SECTION_05,True
UC3_TCTCTTACCGCGAACC-1,BLIND_SECTION_05,True
UC3_TCTGAACTCGTACCCG-1,BLIND_SECTION_05,True
UC3_TCTGAAGCACGTGGTC-1,BLIND_SECTION_05,True
UC3_TCTGAATTCCGTACAA-1,BLIND_SECTION_05,False
UC3_TCTGAGCAATTGACTG-1,BLIND_SECTION_05,False
UC3_TCTGATCGGGTGCTAG-1,BLIND_SECTION_05,False
UC3_TCTGATGTATTCTGTC-1,BLIND_SECTION_05,False
UC3_TCTGCCAGAAACTGCA-1,BLIND_SECTION_05,False
UC3_TCTGGGTAGCGCTCAT-1,BLIND_SECTION_05,True
UC3_TCTGTGCCATCATAGT-1,BLIND_SECTION_05,False
UC3_TCTGTTACCCAGCATA-1,BLIND_SECTION_05,True
UC3_TCTTACCGGAACTCGT-1,BLIND_SECTION_05,True
UC3_TCTTACTTATGCCTCT-1,BLIND_SECTION_05,False
UC3_TCTTAGAGCTCCAATT-1,BLIND_SECTION_05,False
UC3_TCTTAGAGTGAACTCT-1,BLIND_SECTION_05,False
UC3_TCTTCCCATGGGCACA-1,BLIND_SECTION_05,False
UC3_TCTTCGAATAGACGTT-1,BLIND_SECTION_05,True
UC3_TCTTCTATAACCCGCC-1,BLIND_SECTION_05,False
UC3_TCTTTAAGACTATGAA-1,BLIND_SECTION_05,False
UC3_TCTTTAGAGTCTAACA-1,BLIND_SECTION_05,False
UC3_TCTTTAGCAGGCGAAC-1,BLIND_SECTION_05,False
UC3_TGAAAGGACCTGACTC-1,BLIND_SECTION_05,False
UC3_TGAATGAGTGTTTCCC-1,BLIND_SECTION_05,True
UC3_TGAATGTCAGCCGGCC-1,BLIND_SECTION_05,True
UC3_TGACATCGAGCGGACC-1,BLIND_SECTION_05,False
UC3_TGAGCCATACAGTCTC-1,BLIND_SECTION_05,False
UC3_TGAGGTGTGTGGCGGA-1,BLIND_SECTION_05,True
UC3_TGAGTAAATTAGCGTA-1,BLIND_SECTION_05,True
UC3_TGAGTGGTCCGTGACG-1,BLIND_SECTION_05,False
UC3_TGATCACCACACTGAC-1,BLIND_SECTION_05,True
UC3_TGATCTATCACACTCT-1,BLIND_SECTION_05,False
UC3_TGATTCCCGGTTACCT-1,BLIND_SECTION_05,False
UC3_TGCAGTTTCCTCCCAT-1,BLIND_SECTION_05,False
UC3_TGCATATGTCTGTCAC-1,BLIND_SECTION_05,False
UC3_TGCATGTGGTAATCTA-1,BLIND_SECTION_05,False
UC3_TGCCAATGGGTACTCT-1,BLIND_SECTION_05,True
UC3_TGCCGGATGTACGAGC-1,BLIND_SECTION_05,False
UC3_TGCCTAATTGAAGATT-1,BLIND_SECTION_05,True
UC3_TGCGACGGCCGAACGT-1,BLIND_SECTION_05,False
UC3_TGCGAGAATATTACCC-1,BLIND_SECTION_05,True
UC3_TGCGTCATGACTGAGC-1,BLIND_SECTION_05,False
UC3_TGCGTTTGTTGACACT-1,BLIND_SECTION_05,False
UC3_TGCTCCACAGTTCTTA-1,BLIND_SECTION_05,False
UC3_TGCTCGGTGGGTCACC-1,BLIND_SECTION_05,False
UC3_TGCTTCCCAAGCAGTA-1,BLIND_SECTION_05,False
UC3_TGGACCAATCTAAGAT-1,BLIND_SECTION_05,False
UC3_TGGACGCAATCCAGCC-1,BLIND_SECTION_05,False
UC3_TGGACTGTTCGCTCAA-1,BLIND_SECTION_05,True
UC3_TGGCAATGGGACGGCG-1,BLIND_SECTION_05,False
UC3_TGGCCAAACTGAAGTA-1,BLIND_SECTION_05,False
UC3_TGGCGACTGCTCCAAA-1,BLIND_SECTION_05,False
UC3_TGGCTATGTGACATAC-1,BLIND_SECTION_05,False
UC3_TGGGCCCATACTAATT-1,BLIND_SECTION_05,False
UC3_TGGTAGAATATATGGG-1,BLIND_SECTION_05,False
UC3_TGTACTATCGCTCGTT-1,BLIND_SECTION_05,False
UC3_TGTAGCCAATTCCGTT-1,BLIND_SECTION_05,False
UC3_TGTAGGAGAAATTTCC-1,BLIND_SECTION_05,False
UC3_TGTATAACAGATCCTG-1,BLIND_SECTION_05,True
UC3_TGTGAGACTAGCCCAA-1,BLIND_SECTION_05,False
UC3_TGTGCCGGTGCCGGAA-1,BLIND_SECTION_05,False
UC3_TGTGGCAAAGCGTATG-1,BLIND_SECTION_05,False
UC3_TGTGGCTCCCACCAAC-1,BLIND_SECTION_05,True
UC3_TGTGGTTGCTAAAGCT-1,BLIND_SECTION_05,True
UC3_TGTTATTGTATGTGGC-1,BLIND_SECTION_05,False
UC3_TGTTGTCAAGAAGTCT-1,BLIND_SECTION_05,False
UC3_TGTTTGAGATCGTCAG-1,BLIND_SECTION_05,True
UC3_TTAAACTCGAATTCAT-1,BLIND_SECTION_05,False
UC3_TTAACTTCAGGTAGGA-1,BLIND_SECTION_05,False
UC3_TTAAGGCCCGTACTTT-1,BLIND_SECTION_05,True
UC3_TTAATTGCTTTGGGTG-1,BLIND_SECTION_05,False
UC3_TTACAGACCTAAATGA-1,BLIND_SECTION_05,False
UC3_TTACATGCCACAACTA-1,BLIND_SECTION_05,False
UC3_TTACCCTAGGGATTGG-1,BLIND_SECTION_05,False
UC3_TTACGGATGGTTCGAG-1,BLIND_SECTION_05,False
UC3_TTACTCCGGCCGGGAA-1,BLIND_SECTION_05,False
UC3_TTACTCTGGTACGTAC-1,BLIND_SECTION_05,True
UC3_TTAGAATAAGGGTCGG-1,BLIND_SECTION_05,True
UC3_TTAGAGTTTAGAAGGA-1,BLIND_SECTION_05,True
UC3_TTAGGTCATAACCGAC-1,BLIND_SECTION_05,True
UC3_TTAGTTATTCGTGGCA-1,BLIND_SECTION_05,False
UC3_TTATAGGTAATTGTCT-1,BLIND_SECTION_05,True
UC3_TTATATACGCTGTCAC-1,BLIND_SECTION_05,False
UC3_TTATGATCTTAACGAA-1,BLIND_SECTION_05,False
UC3_TTCAAAGTCTCTAGCC-1,BLIND_SECTION_05,True
UC3_TTCAATACTCTGAATC-1,BLIND_SECTION_05,False
UC3_TTCACTTCCTAGAACG-1,BLIND_SECTION_05,True
UC3_TTCAGCCCTGGTCCAC-1,BLIND_SECTION_05,False
UC3_TTCAGCTGGCGTGCCC-1,BLIND_SECTION_05,False
UC3_TTCCACACAGATTTGA-1,BLIND_SECTION_05,False
UC3_TTCCAGACGAGATTTA-1,BLIND_SECTION_05,False
UC3_TTCCGGTATCTGTGTC-1,BLIND_SECTION_05,True
UC3_TTCCGGTTACCCACTT-1,BLIND_SECTION_05,False
UC3_TTCCTCGGACTAACCA-1,BLIND_SECTION_05,True
UC3_TTCGCGCGCCATACGA-1,BLIND_SECTION_05,False
UC3_TTCGCTAGGAAGTTGT-1,BLIND_SECTION_05,True
UC3_TTCGGGACTAATCGCG-1,BLIND_SECTION_05,True
UC3_TTCTAACCGAAGCTTA-1,BLIND_SECTION_05,False
UC3_TTCTAGAAAGTCTTAT-1,BLIND_SECTION_05,False
UC3_TTCTGCGGGTTAGCGG-1,BLIND_SECTION_05,False
UC3_TTCTTATCCGCTGGGT-1,BLIND_SECTION_05,False
UC3_TTCTTGAGCCGCGCTA-1,BLIND_SECTION_05,True
UC3_TTCTTGGACGATCTGC-1,BLIND_SECTION_05,True
UC3_TTGAACGACGTGCTGA-1,BLIND_SECTION_05,False
UC3_TTGAATATGGACTTTC-1,BLIND_SECTION_05,True
UC3_TTGACAGGAGCTCCCG-1,BLIND_SECTION_05,False
UC3_TTGACATGAACGTGGA-1,BLIND_SECTION_05,False
UC3_TTGACCGTGTTAATGA-1,BLIND_SECTION_05,False
UC3_TTGACTACCATATGGT-1,BLIND_SECTION_05,False
UC3_TTGAGAAGTTTAGCAT-1,BLIND_SECTION_05,False
UC3_TTGAGAGTACTGCTAA-1,BLIND_SECTION_05,False
UC3_TTGAGCAGCCCACGGT-1,BLIND_SECTION_05,False
UC3_TTGAGCGCCACGTGAT-1,BLIND_SECTION_05,False
UC3_TTGAGTCCCGCTGCTG-1,BLIND_SECTION_05,False
UC3_TTGATGTGTAGTCCCG-1,BLIND_SECTION_05,False
UC3_TTGATTAGCTGTTTCT-1,BLIND_SECTION_05,True
UC3_TTGCAAGAAGACTCCT-1,BLIND_SECTION_05,False
UC3_TTGCATGCTGATCACG-1,BLIND_SECTION_05,False
UC3_TTGCCAAGCAGAACCC-1,BLIND_SECTION_05,False
UC3_TTGCCATAGCCCGCTC-1,BLIND_SECTION_05,True
UC3_TTGCCGCTTTCTAGTA-1,BLIND_SECTION_05,False
UC3_TTGCGGCATCAGAAAG-1,BLIND_SECTION_05,False
UC3_TTGCGTCGGCCAACCG-1,BLIND_SECTION_05,True
UC3_TTGGAAGAATACAGTC-1,BLIND_SECTION_05,False
UC3_TTGGACCATCTGGCAA-1,BLIND_SECTION_05,True
UC3_TTGGACCTATAACAGT-1,BLIND_SECTION_05,True
UC3_TTGGCCAAATTGTATC-1,BLIND_SECTION_05,False
UC3_TTGGGCGGCGGTTGCC-1,BLIND_SECTION_05,False
UC3_TTGGTATGGCTTGTGT-1,BLIND_SECTION_05,True
UC3_TTGGTCACACTCGTAA-1,BLIND_SECTION_05,False
UC3_TTGGTTGCGGTGCGCG-1,BLIND_SECTION_05,True
UC3_TTGTAAGGACCTAAGT-1,BLIND_SECTION_05,False
UC3_TTGTAAGGCCAGTTGG-1,BLIND_SECTION_05,True
UC3_TTGTGAACCTAATCCG-1,BLIND_SECTION_05,False
UC3_TTGTGCAGCCACGTCA-1,BLIND_SECTION_05,False
UC3_TTGTGGTAGGAGGGAT-1,BLIND_SECTION_05,False
UC3_TTGTTGTGTGTCAAGA-1,BLIND_SECTION_05,False
UC3_TTGTTTCACATCCAGG-1,BLIND_SECTION_05,True
UC3_TTGTTTCATTAGTCTA-1,BLIND_SECTION_05,False
UC3_TTGTTTCCATACAACT-1,BLIND_SECTION_05,False
UC4_AAACAAGTATCTCCCA-1,BLIND_SECTION_06,True
UC4_AAACAGAGCGACTCCT-1,BLIND_SECTION_06,True
UC4_AAACATTTCCCGGATT-1,BLIND_SECTION_06,False
UC4_AAACCTAAGCAGCCGG-1,BLIND_SECTION_06,True
UC4_AAACGAGACGGTTGAT-1,BLIND_SECTION_06,False
UC4_AAACGGGCGTACGGGT-1,BLIND_SECTION_06,False
UC4_AAACTTGCAAACGTAT-1,BLIND_SECTION_06,False
UC4_AAAGGCCCTATAATAC-1,BLIND_SECTION_06,True
UC4_AAAGGCTACGGACCAT-1,BLIND_SECTION_06,False
UC4_AAAGGCTCTCGCGCCG-1,BLIND_SECTION_06,False
UC4_AAAGGGATGTAGCAAG-1,BLIND_SECTION_06,True
UC4_AAAGTCGACCCTCAGT-1,BLIND_SECTION_06,True
UC4_AAATACCTATAAGCAT-1,BLIND_SECTION_06,True
UC4_AAATAGCTTAGACTTT-1,BLIND_SECTION_06,True
UC4_AAATAGGGTGCTATTG-1,BLIND_SECTION_06,True
UC4_AAATCCGATACACGCC-1,BLIND_SECTION_06,True
UC4_AAATCTAGCCCTGCTA-1,BLIND_SECTION_06,False
UC4_AAATGGCCCGTGCCCT-1,BLIND_SECTION_06,False
UC4_AAATTACCTATCGATG-1,BLIND_SECTION_06,False
UC4_AAATTTACCGAAATCC-1,BLIND_SECTION_06,True
UC4_AACACACGCTCGCCGC-1,BLIND_SECTION_06,False
UC4_AACAGGTAGTATGGAT-1,BLIND_SECTION_06,True
UC4_AACATCGATACGTCTA-1,BLIND_SECTION_06,False
UC4_AACATTGTGACTCGAG-1,BLIND_SECTION_06,False
UC4_AACCAGTATCACTCTT-1,BLIND_SECTION_06,True
UC4_AACCCATCCCATGATC-1,BLIND_SECTION_06,False
UC4_AACCCGAGCAGAATCG-1,BLIND_SECTION_06,False
UC4_AACCGAGCTTGGTCAT-1,BLIND_SECTION_06,False
UC4_AACCTCGCTTTAGCCC-1,BLIND_SECTION_06,True
UC4_AACGACCTCCTAGCCG-1,BLIND_SECTION_06,True
UC4_AACGATATGTCAACTG-1,BLIND_SECTION_06,False
UC4_AACGCGGTCTCCAGCC-1,BLIND_SECTION_06,False
UC4_AACGCTGTTGCTGAAA-1,BLIND_SECTION_06,False
UC4_AACGTGCGAAAGTCTC-1,BLIND_SECTION_06,False
UC4_AACTCCAGAGCGTGTT-1,BLIND_SECTION_06,False
UC4_AACTCCTAATCCCATG-1,BLIND_SECTION_06,True
UC4_AAGAAAGTTTGATGGG-1,BLIND_SECTION_06,True
UC4_AAGACCAAATAACTCA-1,BLIND_SECTION_06,True
UC4_AAGACCCAACTGAACA-1,BLIND_SECTION_06,False
UC4_AAGACTGCAAGCTACT-1,BLIND_SECTION_06,False
UC4_AAGAGCTCTTTATCGG-1,BLIND_SECTION_06,False
UC4_AAGAGGCATGGATCGC-1,BLIND_SECTION_06,False
UC4_AAGAGGCCCTTTGGAA-1,BLIND_SECTION_06,False
UC4_AAGATGGCACCGGACC-1,BLIND_SECTION_06,False
UC4_AAGCCGAAGCGGTTTA-1,BLIND_SECTION_06,True
UC4_AAGCCGCCGTGAAATC-1,BLIND_SECTION_06,True
UC4_AAGCGGCGTCATGGGT-1,BLIND_SECTION_06,True
UC4_AAGCTAGATCGAGTAA-1,BLIND_SECTION_06,False
UC4_AAGCTCGTGCCAAGTC-1,BLIND_SECTION_06,False
UC4_AAGCTCTTTCATGGTG-1,BLIND_SECTION_06,True
UC4_AAGGATCGATCGCTTG-1,BLIND_SECTION_06,True
UC4_AAGGCAGGCTGTCTCC-1,BLIND_SECTION_06,False
UC4_AAGGGAACGACTGGCT-1,BLIND_SECTION_06,True
UC4_AAGGGACAGATTCTGT-1,BLIND_SECTION_06,False
UC4_AAGGTATCCTAATATA-1,BLIND_SECTION_06,False
UC4_AAGTGAGTCGGGTTTA-1,BLIND_SECTION_06,False
UC4_AAGTGTTTGGAGACGG-1,BLIND_SECTION_06,True
UC4_AAGTTCACTCCAAGCT-1,BLIND_SECTION_06,True
UC4_AAGTTGTGATGTTATA-1,BLIND_SECTION_06,False
UC4_AATAGAATCTGTTTCA-1,BLIND_SECTION_06,False
UC4_AATAGTCCGTCCCGAC-1,BLIND_SECTION_06,False
UC4_AATATCGAATCAATGC-1,BLIND_SECTION_06,False
UC4_AATATCGAGGGTTCTC-1,BLIND_SECTION_06,False
UC4_AATCATGTAAAGACTC-1,BLIND_SECTION_06,False
UC4_AATCGCCTCAGCGCCA-1,BLIND_SECTION_06,True
UC4_AATCGCGCAGAGGACT-1,BLIND_SECTION_06,True
UC4_AATCGGTATAGCCCTC-1,BLIND_SECTION_06,False
UC4_AATCGTGAGCCGAGCA-1,BLIND_SECTION_06,True
UC4_AATCTAGGTTTACTTG-1,BLIND_SECTION_06,True
UC4_AATCTCTACTGTGGTT-1,BLIND_SECTION_06,True
UC4_AATGACGTAGGATGTC-1,BLIND_SECTION_06,True
UC4_AATGCAACCGGGTACC-1,BLIND_SECTION_06,True
UC4_AATGTATGGCACTGTA-1,BLIND_SECTION_06,True
UC4_AATGTTGTCGTGAGAC-1,BLIND_SECTION_06,False
UC4_AATTAAAGGTCGGCGT-1,BLIND_SECTION_06,True
UC4_AATTACGAGACCCATC-1,BLIND_SECTION_06,False
UC4_AATTCATTGTCATGCA-1,BLIND_SECTION_06,True
UC4_AATTCGATTCGAGGAT-1,BLIND_SECTION_06,True
UC4_AATTGCAGCAATCGAC-1,BLIND_SECTION_06,False
UC4_AATTGCGTGGATTACA-1,BLIND_SECTION_06,True
UC4_AATTTGGGACATAGTA-1,BLIND_SECTION_06,True
UC4_ACAAACCATGCGTCCT-1,BLIND_SECTION_06,False
UC4_ACAAATCGCACCGAAT-1,BLIND_SECTION_06,True
UC4_ACAACAGCATGAGCTA-1,BLIND_SECTION_06,False
UC4_ACAAGGAAATCCGCCC-1,BLIND_SECTION_06,False
UC4_ACAAGGATGCTTTAGG-1,BLIND_SECTION_06,False
UC4_ACAAGGGCAGGCTCTG-1,BLIND_SECTION_06,False
UC4_ACAATTGTGTCTCTTT-1,BLIND_SECTION_06,False
UC4_ACAATTTGAGCAGTGG-1,BLIND_SECTION_06,False
UC4_ACAATTTGGCCATATT-1,BLIND_SECTION_06,False
UC4_ACACCGGTCTGACCGC-1,BLIND_SECTION_06,False
UC4_ACACCTTACTACTTGC-1,BLIND_SECTION_06,True
UC4_ACACGTAGGCCACAAG-1,BLIND_SECTION_06,True
UC4_ACAGCGACATTCTCAT-1,BLIND_SECTION_06,False
UC4_ACAGGCACGGATCCTT-1,BLIND_SECTION_06,False
UC4_ACAGTAATACAACTTG-1,BLIND_SECTION_06,False
UC4_ACATCCCGGCCATACG-1,BLIND_SECTION_06,False
UC4_ACATCCTGGTAACTGT-1,BLIND_SECTION_06,False
UC4_ACATCGATCGTTTACC-1,BLIND_SECTION_06,True
UC4_ACATGGCGCCAAAGTA-1,BLIND_SECTION_06,True
UC4_ACCAAACACCCAGCGA-1,BLIND_SECTION_06,True
UC4_ACCAACGCTTATTTAT-1,BLIND_SECTION_06,False
UC4_ACCACCAATGTAACAA-1,BLIND_SECTION_06,True
UC4_ACCACGTGCAGCTATA-1,BLIND_SECTION_06,False
UC4_ACCATATCCGCAATAA-1,BLIND_SECTION_06,True
UC4_ACCCAACGCCCGTGGC-1,BLIND_SECTION_06,False
UC4_ACCCATTTGTCCCTCT-1,BLIND_SECTION_06,False
UC4_ACCCGGATGACGCATC-1,BLIND_SECTION_06,True
UC4_ACCCGTAGCAGAGAAT-1,BLIND_SECTION_06,True
UC4_ACCCGTAGTCTAGTTG-1,BLIND_SECTION_06,False
UC4_ACCCGTGTCATCAGTA-1,BLIND_SECTION_06,False
UC4_ACCCTCCCTTGCTATT-1,BLIND_SECTION_06,False
UC4_ACCGAGTCTCCTTATT-1,BLIND_SECTION_06,True
UC4_ACCGATAGGCATAACC-1,BLIND_SECTION_06,True
UC4_ACCGATATTTAATCAT-1,BLIND_SECTION_06,True
UC4_ACCGCAATAACTGCCT-1,BLIND_SECTION_06,False
UC4_ACCGGTCAGGTACACC-1,BLIND_SECTION_06,False
UC4_ACCGTCCACTGGGCCC-1,BLIND_SECTION_06,False
UC4_ACCTACAGTATGTGGT-1,BLIND_SECTION_06,False
UC4_ACCTCCGCCCTCGCTG-1,BLIND_SECTION_06,False
UC4_ACCTCCGTTATTCACC-1,BLIND_SECTION_06,True
UC4_ACCTCGAACTTATGCT-1,BLIND_SECTION_06,True
UC4_ACCTGCGTGTCATGTT-1,BLIND_SECTION_06,False
UC4_ACGACTCTAGGGCCGA-1,BLIND_SECTION_06,False
UC4_ACGAGGATACCACTCT-1,BLIND_SECTION_06,False
UC4_ACGAGGTTTACAACGT-1,BLIND_SECTION_06,False
UC4_ACGAGTACGGATGCCC-1,BLIND_SECTION_06,True
UC4_ACGATCATACATAGAG-1,BLIND_SECTION_06,False
UC4_ACGATCATCTTGTAAA-1,BLIND_SECTION_06,True
UC4_ACGCAAACTAATAGAT-1,BLIND_SECTION_06,False
UC4_ACGCATACGTTTACTA-1,BLIND_SECTION_06,False
UC4_ACGCCGCTAGACGACC-1,BLIND_SECTION_06,True
UC4_ACGCTAGTGATACACT-1,BLIND_SECTION_06,True
UC4_ACGGACTCTCAAAGCG-1,BLIND_SECTION_06,False
UC4_ACGGAGCGCAAATTAC-1,BLIND_SECTION_06,False
UC4_ACGGATGGTGCGGATA-1,BLIND_SECTION_06,True
UC4_ACGGCCAACATGGACT-1,BLIND_SECTION_06,False
UC4_ACGGCGACGATGGGAA-1,BLIND_SECTION_06,True
UC4_ACGGCTGGATGTAGAA-1,BLIND_SECTION_06,False
UC4_ACGTTAATGTCGAAGA-1,BLIND_SECTION_06,False
UC4_ACGTTCGCAATCAATT-1,BLIND_SECTION_06,False
UC4_ACGTTCGTTCAGGAAA-1,BLIND_SECTION_06,False
UC4_ACGTTCTGTACAAGTC-1,BLIND_SECTION_06,False
UC4_ACTAATACGTCAGGCG-1,BLIND_SECTION_06,True
UC4_ACTACATCCCGACAAG-1,BLIND_SECTION_06,False
UC4_ACTACGCGTTAGAATT-1,BLIND_SECTION_06,False
UC4_ACTAGTTGCGATCGTC-1,BLIND_SECTION_06,True
UC4_ACTATATGCTGTGTTC-1,BLIND_SECTION_06,True
UC4_ACTATCCAGGGCATGG-1,BLIND_SECTION_06,False
UC4_ACTATCTGCCCGCGTA-1,BLIND_SECTION_06,False
UC4_ACTATGTCCAGCTGCC-1,BLIND_SECTION_06,True
UC4_ACTATTTCCGGGCCCA-1,BLIND_SECTION_06,False
UC4_ACTCAAGTGCAAGGCT-1,BLIND_SECTION_06,True
UC4_ACTCATGGCAGCCTTC-1,BLIND_SECTION_06,False
UC4_ACTCCCATTCCTAAAG-1,BLIND_SECTION_06,False
UC4_ACTCCCGAATTCGTTT-1,BLIND_SECTION_06,False
UC4_ACTCCGGCCGACCACT-1,BLIND_SECTION_06,False
UC4_ACTCGCCGTTCGATAA-1,BLIND_SECTION_06,False
UC4_ACTCGTCAGTAATCCC-1,BLIND_SECTION_06,False
UC4_ACTCTCTGACTTAGGT-1,BLIND_SECTION_06,False
UC4_ACTCTTCAGCTCCCGC-1,BLIND_SECTION_06,False
UC4_ACTGAAACGCCGTTAG-1,BLIND_SECTION_06,False
UC4_ACTGAATGGCGAAAGT-1,BLIND_SECTION_06,False
UC4_ACTGCGGACACACCGT-1,BLIND_SECTION_06,False
UC4_ACTGTACGATACACAT-1,BLIND_SECTION_06,False
UC4_ACTTACCGGGCGCGCA-1,BLIND_SECTION_06,True
UC4_ACTTATTAGGATCGGT-1,BLIND_SECTION_06,False
UC4_ACTTCAGGCTGATCCC-1,BLIND_SECTION_06,True
UC4_ACTTCCATGCGGGACA-1,BLIND_SECTION_06,False
UC4_ACTTGACTCCCTCTTT-1,BLIND_SECTION_06,False
UC4_ACTTGCCATATTGTAC-1,BLIND_SECTION_06,False
UC4_ACTTGTAGTCCCTTCA-1,BLIND_SECTION_06,False
UC4_ACTTGTGGATGGAACG-1,BLIND_SECTION_06,True
UC4_ACTTTACCCTCATGAA-1,BLIND_SECTION_06,False
UC4_ACTTTATACACCACTT-1,BLIND_SECTION_06,True
UC4_ACTTTGTCGACGCACT-1,BLIND_SECTION_06,True
UC4_AGAAATTATGACTCGC-1,BLIND_SECTION_06,True
UC4_AGAACCCTCAATTGGG-1,BLIND_SECTION_06,False
UC4_AGAAGGTTGTAGGTCG-1,BLIND_SECTION_06,True
UC4_AGAATGCGGGTTCGGA-1,BLIND_SECTION_06,True
UC4_AGAATTATGGATTCGA-1,BLIND_SECTION_06,False
UC4_AGACCGCTCCGCGGTT-1,BLIND_SECTION_06,False
UC4_AGACCGGGAAACCCTG-1,BLIND_SECTION_06,True
UC4_AGACGAAGTGCCGGTC-1,BLIND_SECTION_06,True
UC4_AGACGCCCACTTCGCC-1,BLIND_SECTION_06,True
UC4_AGAGATCTCTAAAGCG-1,BLIND_SECTION_06,True
UC4_AGAGGCTTCGGAAACC-1,BLIND_SECTION_06,True
UC4_AGAGTAAACTTCACTA-1,BLIND_SECTION_06,True
UC4_AGAGTTAGAGACCGAT-1,BLIND_SECTION_06,True
UC4_AGATACCAATAGAACC-1,BLIND_SECTION_06,False
UC4_AGATACCAGCACTTCA-1,BLIND_SECTION_06,True
UC4_AGATATAATACGACTA-1,BLIND_SECTION_06,True
UC4_AGATCGTGCATAAGAT-1,BLIND_SECTION_06,False
UC4_AGATCTCAGGTGTGAT-1,BLIND_SECTION_06,False
UC4_AGATGAGGGTTGCGAT-1,BLIND_SECTION_06,True
UC4_AGATGATGGAGTCTGG-1,BLIND_SECTION_06,False
UC4_AGATGCAAGACGTGCA-1,BLIND_SECTION_06,False
UC4_AGATTATAGGACGTTT-1,BLIND_SECTION_06,True
UC4_AGATTCACAACCGATA-1,BLIND_SECTION_06,False
UC4_AGCAACCGAAAGTAAT-1,BLIND_SECTION_06,False
UC4_AGCACTACCTCACCAG-1,BLIND_SECTION_06,True
UC4_AGCAGCCAGATGAATA-1,BLIND_SECTION_06,False
UC4_AGCAGTCGAAGCATGC-1,BLIND_SECTION_06,True
UC4_AGCATATCAATATGCT-1,BLIND_SECTION_06,False
UC4_AGCATCATTTCGAAAG-1,BLIND_SECTION_06,False
UC4_AGCATTACGAGGCAAG-1,BLIND_SECTION_06,False
UC4_AGCCACAGGTTACCCG-1,BLIND_SECTION_06,False
UC4_AGCCACTCCCGTGCTT-1,BLIND_SECTION_06,False
UC4_AGCCCGGTAGCCTGTA-1,BLIND_SECTION_06,False
UC4_AGCCCTGTCGCACCGT-1,BLIND_SECTION_06,False
UC4_AGCCCTTCTAATCCGA-1,BLIND_SECTION_06,False
UC4_AGCCCTTGGACATCCC-1,BLIND_SECTION_06,True
UC4_AGCCTAATACCCACGT-1,BLIND_SECTION_06,False
UC4_AGCGATGCGCCTAATA-1,BLIND_SECTION_06,False
UC4_AGCGCATAATGAATCG-1,BLIND_SECTION_06,False
UC4_AGCGCTAGAGCGATGT-1,BLIND_SECTION_06,False
UC4_AGCGCTTATGGGCAAG-1,BLIND_SECTION_06,False
UC4_AGCGGCGGTTAGCGGT-1,BLIND_SECTION_06,False
UC4_AGCGGTTGCCGCTCTG-1,BLIND_SECTION_06,False
UC4_AGCGTGGTATTCTACT-1,BLIND_SECTION_06,True
UC4_AGCTAAGTACGCAGGC-1,BLIND_SECTION_06,True
UC4_AGCTCCATATATGTTC-1,BLIND_SECTION_06,False
UC4_AGCTCCTTCGCACATC-1,BLIND_SECTION_06,True
UC4_AGCTCTAGACGTTCCA-1,BLIND_SECTION_06,False
UC4_AGCTCTTCGTAACCTT-1,BLIND_SECTION_06,True
UC4_AGCTTGATCAGGGTAG-1,BLIND_SECTION_06,True
UC4_AGGACATCGGCACACT-1,BLIND_SECTION_06,False
UC4_AGGAGGCCTTCGCGCG-1,BLIND_SECTION_06,True
UC4_AGGATATCCGACTGCA-1,BLIND_SECTION_06,True
UC4_AGGATCACGCGATCTG-1,BLIND_SECTION_06,False
UC4_AGGCACGTGACTGTCC-1,BLIND_SECTION_06,True
UC4_AGGCAGATGCGTAAAC-1,BLIND_SECTION_06,False
UC4_AGGCAGGGAGCGTACT-1,BLIND_SECTION_06,False
UC4_AGGCATTGTCGTAGGG-1,BLIND_SECTION_06,True
UC4_AGGCCTGAGAATCTCG-1,BLIND_SECTION_06,False
UC4_AGGCGATAACTGGCGT-1,BLIND_SECTION_06,True
UC4_AGGCGGTTTGTCCCGC-1,BLIND_SECTION_06,False
UC4_AGGCGTCTATGGACGG-1,BLIND_SECTION_06,False
UC4_AGGGAAACGAGGTACT-1,BLIND_SECTION_06,False
UC4_AGGGACCGGCTGCGTT-1,BLIND_SECTION_06,True
UC4_AGGGACTCTACGCGAC-1,BLIND_SECTION_06,False
UC4_AGGGAGACATACTTCG-1,BLIND_SECTION_06,False
UC4_AGGGTCAGTAACCCTA-1,BLIND_SECTION_06,True
UC4_AGGGTCGATGCGAACT-1,BLIND_SECTION_06,True
UC4_AGGGTCTGGACGCAGT-1,BLIND_SECTION_06,False
UC4_AGGTATAATTGATAGT-1,BLIND_SECTION_06,True
UC4_AGGTATGCGGACATTA-1,BLIND_SECTION_06,True
UC4_AGGTCAGGTGAGAGTG-1,BLIND_SECTION_06,False
UC4_AGGTGGTGACCTTCGC-1,BLIND_SECTION_06,False
UC4_AGGTGTATCGCCATGA-1,BLIND_SECTION_06,False
UC4_AGGTTCTCCTTTCCGG-1,BLIND_SECTION_06,True
UC4_AGGTTTCACACACCTT-1,BLIND_SECTION_06,True
UC4_AGTAACGTTCATCCTG-1,BLIND_SECTION_06,True
UC4_AGTAACTATAGCAGCC-1,BLIND_SECTION_06,False
UC4_AGTAATCTAAGGGTGG-1,BLIND_SECTION_06,True
UC4_AGTACAGAAGCTTATA-1,BLIND_SECTION_06,True
UC4_AGTACATCATTTATCA-1,BLIND_SECTION_06,False
UC4_AGTACGGGCACCTGGC-1,BLIND_SECTION_06,False
UC4_AGTACTCTTATGCCCA-1,BLIND_SECTION_06,False
UC4_AGTAGGAAGGAAGTTG-1,BLIND_SECTION_06,False
UC4_AGTATTTGGCACGACC-1,BLIND_SECTION_06,False
UC4_AGTCAAGATGACACTT-1,BLIND_SECTION_06,True
UC4_AGTCACTAGCTCTCGA-1,BLIND_SECTION_06,True
UC4_AGTCGGTTGCGTGAGA-1,BLIND_SECTION_06,False
UC4_AGTCGTATAAAGCAGA-1,BLIND_SECTION_06,True
UC4_AGTCGTCGACCACCAA-1,BLIND_SECTION_06,True
UC4_AGTCTAAAGTATACTC-1,BLIND_SECTION_06,False
UC4_AGTCTTCTCCTCAAAT-1,BLIND_SECTION_06,False
UC4_AGTCTTTAAAGTGTCC-1,BLIND_SECTION_06,True
UC4_AGTGAGCCTCGCCGCC-1,BLIND_SECTION_06,False
UC4_AGTGAGGGTTTCTGAC-1,BLIND_SECTION_06,True
UC4_AGTGAGTCGAATTAAC-1,BLIND_SECTION_06,False
UC4_AGTGATAACCTGCGCG-1,BLIND_SECTION_06,True
UC4_AGTGCACGCTTAAGAA-1,BLIND_SECTION_06,True
UC4_AGTGCTAAACACAGCA-1,BLIND_SECTION_06,True
UC4_AGTGGCGGCAATTTGA-1,BLIND_SECTION_06,False
UC4_AGTGGCGTCTGAAGGT-1,BLIND_SECTION_06,False
UC4_AGTGGTGTTACCCGTG-1,BLIND_SECTION_06,False
UC4_AGTTCCTATTTATGTT-1,BLIND_SECTION_06,True
UC4_AGTTGGCAAGGCTAGA-1,BLIND_SECTION_06,False
UC4_AGTTTGGCACGGGTTG-1,BLIND_SECTION_06,False
UC4_ATAAACGTTGCACCAC-1,BLIND_SECTION_06,False
UC4_ATAACGCCGGAGGGTC-1,BLIND_SECTION_06,False
UC4_ATAAGGTGGAGAACAT-1,BLIND_SECTION_06,False
UC4_ATAAGTAGGGCGACTC-1,BLIND_SECTION_06,True
UC4_ATAATCTTGGAGAACC-1,BLIND_SECTION_06,True
UC4_ATACCCTCCCGGCCAA-1,BLIND_SECTION_06,False
UC4_ATACCGTCATCCATAA-1,BLIND_SECTION_06,True
UC4_ATACGAAGGCTTTCCA-1,BLIND_SECTION_06,False
UC4_ATACGCCGGCGAAACC-1,BLIND_SECTION_06,True
UC4_ATACGGAACGTCGTTT-1,BLIND_SECTION_06,False
UC4_ATACTACCCGTACCAC-1,BLIND_SECTION_06,False
UC4_ATACTAGCATGACCCT-1,BLIND_SECTION_06,False
UC4_ATACTGCCTTACACCG-1,BLIND_SECTION_06,True
UC4_ATAGCAACTAGGGAAG-1,BLIND_SECTION_06,True
UC4_ATAGTTCCACCCACTC-1,BLIND_SECTION_06,True
UC4_ATATACGCTCGTGACG-1,BLIND_SECTION_06,False
UC4_ATATAGAGTATTGGTC-1,BLIND_SECTION_06,True
UC4_ATATCAACCTACAGAG-1,BLIND_SECTION_06,True
UC4_ATATCGGTAGGGAGAT-1,BLIND_SECTION_06,False
UC4_ATATCGTTCCTCGAAC-1,BLIND_SECTION_06,False
UC4_ATATGTCTCCCTAGCC-1,BLIND_SECTION_06,True
UC4_ATATTCCACATAGTGA-1,BLIND_SECTION_06,False
UC4_ATATTGGAGAGGCCTT-1,BLIND_SECTION_06,True
UC4_ATCAAACACTGTTCCA-1,BLIND_SECTION_06,False
UC4_ATCAATGCCGTGGCTG-1,BLIND_SECTION_06,False
UC4_ATCAGCCTCATGCTGC-1,BLIND_SECTION_06,True
UC4_ATCAGGTCGCCATTGC-1,BLIND_SECTION_06,True
UC4_ATCATAGCCCTATGTA-1,BLIND_SECTION_06,False
UC4_ATCATCCAATATTTGT-1,BLIND_SECTION_06,True
UC4_ATCCAATGGTACCGAA-1,BLIND_SECTION_06,True
UC4_ATCCAGAGCAACAACC-1,BLIND_SECTION_06,True
UC4_ATCCCATCCACAGCGC-1,BLIND_SECTION_06,False
UC4_ATCGACCCAATACAGA-1,BLIND_SECTION_06,True
UC4_ATCGACTCTTTCCGTT-1,BLIND_SECTION_06,True
UC4_ATCGCCAGTCAACATT-1,BLIND_SECTION_06,False
UC4_ATCGCTTTACGTCTCA-1,BLIND_SECTION_06,False
UC4_ATCGGAGACAGACGGC-1,BLIND_SECTION_06,False
UC4_ATCGTGGAAAGTCTGG-1,BLIND_SECTION_06,False
UC4_ATCGTTAGCTAGCGGA-1,BLIND_SECTION_06,False
UC4_ATCGTTCACTTTCGCC-1,BLIND_SECTION_06,True
UC4_ATCTACCATCTGCTCC-1,BLIND_SECTION_06,True
UC4_ATCTCCCACGGAATAT-1,BLIND_SECTION_06,False
UC4_ATCTGCACCTCTGCGA-1,BLIND_SECTION_06,True
UC4_ATCTTAGGGCATTAAT-1,BLIND_SECTION_06,True
UC4_ATCTTATCGCACACCC-1,BLIND_SECTION_06,False
UC4_ATCTTGACTTGTCCAA-1,BLIND_SECTION_06,False
UC4_ATGAGGGCAGCGGCTA-1,BLIND_SECTION_06,False
UC4_ATGCATGATCCAGGAT-1,BLIND_SECTION_06,False
UC4_ATGCCAATCGCTCTGC-1,BLIND_SECTION_06,False
UC4_ATGCCGGTCTTGCATA-1,BLIND_SECTION_06,False
UC4_ATGCGACAATTGGTCC-1,BLIND_SECTION_06,True
UC4_ATGCGACAGTCCCATT-1,BLIND_SECTION_06,False
UC4_ATGCGAGTCCCACCAC-1,BLIND_SECTION_06,False
UC4_ATGCTCTGGCGCGGTA-1,BLIND_SECTION_06,True
UC4_ATGGAACCTTTGCACA-1,BLIND_SECTION_06,False
UC4_ATGGAGCAGGCCGTGA-1,BLIND_SECTION_06,False
UC4_ATGGATCCGGCGTCCG-1,BLIND_SECTION_06,True
UC4_ATGGCAGCATTACGAT-1,BLIND_SECTION_06,True
UC4_ATGGCTGGAAATGGCC-1,BLIND_SECTION_06,True
UC4_ATGGGTGTATACCTCC-1,BLIND_SECTION_06,True
UC4_ATGTAAGGCTGCTCTT-1,BLIND_SECTION_06,False
UC4_ATGTTCGTCGACCCAC-1,BLIND_SECTION_06,True
UC4_ATGTTGATTAGAGACT-1,BLIND_SECTION_06,False
UC4_ATTAAACATGCGGACC-1,BLIND_SECTION_06,True
UC4_ATTAATACTACGCGGG-1,BLIND_SECTION_06,False
UC4_ATTAATGAACCAGTCG-1,BLIND_SECTION_06,False
UC4_ATTACATGTCAGTCTT-1,BLIND_SECTION_06,True
UC4_ATTAGGCGATGCTTTC-1,BLIND_SECTION_06,False
UC4_ATTCAACCATTTAAGG-1,BLIND_SECTION_06,False
UC4_ATTCATCGTTGAGGCA-1,BLIND_SECTION_06,True
UC4_ATTCCTAAGACGTGGA-1,BLIND_SECTION_06,False
UC4_ATTCGCGCCTTGAGAG-1,BLIND_SECTION_06,False
UC4_ATTCGTGCTATCTCTT-1,BLIND_SECTION_06,True
UC4_ATTGATGAGTCCTAAC-1,BLIND_SECTION_06,True
UC4_ATTGCCTTTATGTTTG-1,BLIND_SECTION_06,True
UC4_ATTGCGATCAGTAACT-1,BLIND_SECTION_06,True
UC4_ATTGGATTACAGCGTA-1,BLIND_SECTION_06,False
UC4_ATTGTACAACTCGGCT-1,BLIND_SECTION_06,True
UC4_ATTGTGACTTCGCTGC-1,BLIND_SECTION_06,True
UC4_ATTTACTAAGTCCATT-1,BLIND_SECTION_06,False
UC4_CAAAGGTCATCTGAAA-1,BLIND_SECTION_06,False
UC4_CAACCTACCGAGCAGT-1,BLIND_SECTION_06,False
UC4_CAACGAGCTTATTATG-1,BLIND_SECTION_06,False
UC4_CAACGTGGTGGAGTCT-1,BLIND_SECTION_06,False
UC4_CAACTGCTCATCCGAT-1,BLIND_SECTION_06,False
UC4_CAAGGATCGCATGTTC-1,BLIND_SECTION_06,True
UC4_CAAGGTCCTATAGGCT-1,BLIND_SECTION_06,True
UC4_CAATACGAGAGTCTGA-1,BLIND_SECTION_06,False
UC4_CAATGGAATCTACATA-1,BLIND_SECTION_06,True
UC4_CAATGTGCCAACCCTT-1,BLIND_SECTION_06,False
UC4_CACAAACCGCAGAACT-1,BLIND_SECTION_06,False
UC4_CACAAGAAAGATATTA-1,BLIND_SECTION_06,True
UC4_CACAAGCTAAGAAAGG-1,BLIND_SECTION_06,True
UC4_CACACACGCTAACGAG-1,BLIND_SECTION_06,False
UC4_CACACAGCTTGCGCTC-1,BLIND_SECTION_06,True
UC4_CACACGTTTCAATGGG-1,BLIND_SECTION_06,True
UC4_CACAGAGACGAGGACG-1,BLIND_SECTION_06,True
UC4_CACAGGGCCATATAGT-1,BLIND_SECTION_06,False
UC4_CACAGTTCGCTTCCCA-1,BLIND_SECTION_06,True
UC4_CACCAGTCAGCATGCA-1,BLIND_SECTION_06,False
UC4_CACCATGATCGCAAAG-1,BLIND_SECTION_06,True
UC4_CACCCAAATCTTATGT-1,BLIND_SECTION_06,True
UC4_CACCCTAACAAGATCT-1,BLIND_SECTION_06,False
UC4_CACCCTTGGTGAGACC-1,BLIND_SECTION_06,False
UC4_CACCGATGATGGGTAC-1,BLIND_SECTION_06,False
UC4_CACCGCCAGAAGGTTT-1,BLIND_SECTION_06,False
UC4_CACCGCGTCCACTCTA-1,BLIND_SECTION_06,False
UC4_CACCGGAGATATCTCC-1,BLIND_SECTION_06,True
UC4_CACCGGTAGAGACATT-1,BLIND_SECTION_06,True
UC4_CACCGTATCCCATCCG-1,BLIND_SECTION_06,False
UC4_CACCTTGCGAAACTCG-1,BLIND_SECTION_06,False
UC4_CACCTTGGCGCCTTTG-1,BLIND_SECTION_06,True
UC4_CACGCACAGCGCAGCT-1,BLIND_SECTION_06,False
UC4_CACGGCGCGCCAAAGG-1,BLIND_SECTION_06,False
UC4_CACGTCAATCAATGGA-1,BLIND_SECTION_06,True
UC4_CACGTCTATGATGTGG-1,BLIND_SECTION_06,True
UC4_CACGTTCGTGCTCTAG-1,BLIND_SECTION_06,False
UC4_CACGTTTCGTACACAC-1,BLIND_SECTION_06,False
UC4_CACTAAAGTTGCCTAT-1,BLIND_SECTION_06,False
UC4_CACTACGGGAGCTGCC-1,BLIND_SECTION_06,True
UC4_CACTCAAGAGCTATGG-1,BLIND_SECTION_06,True
UC4_CACTCGAGCTGAACAA-1,BLIND_SECTION_06,False
UC4_CACTCTTCTGCTAGCC-1,BLIND_SECTION_06,False
UC4_CACTGACGATTGTGGA-1,BLIND_SECTION_06,False
UC4_CAGAATAACACACGGA-1,BLIND_SECTION_06,False
UC4_CAGACACCGATCGCTG-1,BLIND_SECTION_06,False
UC4_CAGACCTGTAAGTGTT-1,BLIND_SECTION_06,False
UC4_CAGACGAACCTGATAC-1,BLIND_SECTION_06,True
UC4_CAGAGACGGTCACCCA-1,BLIND_SECTION_06,False
UC4_CAGAGGCGATGCATGA-1,BLIND_SECTION_06,False
UC4_CAGATCCTGGTTTGAA-1,BLIND_SECTION_06,False
UC4_CAGCAGTCCAGACTAT-1,BLIND_SECTION_06,True
UC4_CAGCAGTCTGTGCTGC-1,BLIND_SECTION_06,True
UC4_CAGCCTCCTGCAGAGG-1,BLIND_SECTION_06,False
UC4_CAGCCTCTCCTCAAGA-1,BLIND_SECTION_06,True
UC4_CAGGCAGTCTTACCAG-1,BLIND_SECTION_06,True
UC4_CAGGCGCCATGCTAGG-1,BLIND_SECTION_06,False
UC4_CAGTAAGGGACGTCTC-1,BLIND_SECTION_06,True
UC4_CAGTACCAGTTTACGT-1,BLIND_SECTION_06,False
UC4_CAGTCTGTATACTGGG-1,BLIND_SECTION_06,True
UC4_CAGTGAATAAATGACT-1,BLIND_SECTION_06,True
UC4_CAGTGTCGGCTGGCCC-1,BLIND_SECTION_06,False
UC4_CATACACGGTTCCCAC-1,BLIND_SECTION_06,False
UC4_CATACGGCGTCTGGGC-1,BLIND_SECTION_06,False
UC4_CATACTTAGGCAATAC-1,BLIND_SECTION_06,False
UC4_CATAGAGGAGATACTA-1,BLIND_SECTION_06,False
UC4_CATAGTCAAATACATA-1,BLIND_SECTION_06,False
UC4_CATCAAACTGGCGCCC-1,BLIND_SECTION_06,True
UC4_CATCATTACCCTGAGG-1,BLIND_SECTION_06,False
UC4_CATCCAATATAGTTTG-1,BLIND_SECTION_06,False
UC4_CATCCCGAGATTCATA-1,BLIND_SECTION_06,False
UC4_CATCCTCTCAAAGATC-1,BLIND_SECTION_06,True
UC4_CATCTAGTGAAGGGAA-1,BLIND_SECTION_06,False
UC4_CATCTTACACCACCTC-1,BLIND_SECTION_06,True
UC4_CATGACTTCGCTGAAT-1,BLIND_SECTION_06,True
UC4_CATGAGATGCACTCTC-1,BLIND_SECTION_06,True
UC4_CATGGATTGTCTTCCG-1,BLIND_SECTION_06,False
UC4_CATGGGTATGCCTTAT-1,BLIND_SECTION_06,True
UC4_CATGGTAAGTAGCGTT-1,BLIND_SECTION_06,False
UC4_CATGGTATTAGTTTGT-1,BLIND_SECTION_06,False
UC4_CATGGTCTAGATACCG-1,BLIND_SECTION_06,False
UC4_CATGTAAGAGACATTT-1,BLIND_SECTION_06,False
UC4_CATGTCTCATTTATGG-1,BLIND_SECTION_06,False
UC4_CATTTAGCGGACCATG-1,BLIND_SECTION_06,False
UC4_CATTTGAGTGGTACGT-1,BLIND_SECTION_06,False
UC4_CCAAATAACAAGATTC-1,BLIND_SECTION_06,True
UC4_CCAACGCTTGCCAGGG-1,BLIND_SECTION_06,True
UC4_CCAAGAAAGTGGGCGA-1,BLIND_SECTION_06,True
UC4_CCAAGCGTAACTCGTA-1,BLIND_SECTION_06,False
UC4_CCAAGGTTGCCCTTTC-1,BLIND_SECTION_06,False
UC4_CCACAATGTACGTCTT-1,BLIND_SECTION_06,False
UC4_CCACACTGAGATATTA-1,BLIND_SECTION_06,True
UC4_CCACATACTGCACCCA-1,BLIND_SECTION_06,True
UC4_CCACCCAAGGAAAGTG-1,BLIND_SECTION_06,False
UC4_CCACGAATTTAACCTC-1,BLIND_SECTION_06,True
UC4_CCACGGTGCCCGGTAG-1,BLIND_SECTION_06,True
UC4_CCACTCAGATCCGCAA-1,BLIND_SECTION_06,True
UC4_CCACTGTTTGGATTAA-1,BLIND_SECTION_06,False
UC4_CCAGAAACTGATGCGA-1,BLIND_SECTION_06,False
UC4_CCAGGCTGGCGTCTGA-1,BLIND_SECTION_06,True
UC4_CCAGTTCGGTAACTCA-1,BLIND_SECTION_06,True
UC4_CCATAACCTGTGCAGT-1,BLIND_SECTION_06,True
UC4_CCATACCTTTACTTGT-1,BLIND_SECTION_06,True
UC4_CCATAGAGGCTGCCAG-1,BLIND_SECTION_06,False
UC4_CCATATGGAAACTATA-1,BLIND_SECTION_06,True
UC4_CCATCTCACCAGTGAA-1,BLIND_SECTION_06,True
UC4_CCATGCCCTAGATTTC-1,BLIND_SECTION_06,False
UC4_CCATGCCTGTTTAGTA-1,BLIND_SECTION_06,False
UC4_CCCAAGTCATTACACT-1,BLIND_SECTION_06,False
UC4_CCCAATGAGATTTGCA-1,BLIND_SECTION_06,False
UC4_CCCAGGTCTGAAGGCT-1,BLIND_SECTION_06,True
UC4_CCCGAAGTTTCGCGAA-1,BLIND_SECTION_06,False
UC4_CCCGAGTTTCTCCGTA-1,BLIND_SECTION_06,True
UC4_CCCGATAGCCTCGCCT-1,BLIND_SECTION_06,False
UC4_CCCGCAGCGCGAACTA-1,BLIND_SECTION_06,True
UC4_CCCGGTGTATCGGAAT-1,BLIND_SECTION_06,False
UC4_CCCGTTTCGCAGATGT-1,BLIND_SECTION_06,False
UC4_CCCTACTTGAACAATG-1,BLIND_SECTION_06,True
UC4_CCCTATGTAGAGCAGA-1,BLIND_SECTION_06,False
UC4_CCCTCCTCGCTCGTAT-1,BLIND_SECTION_06,False
UC4_CCCTTTAATGGAGTTC-1,BLIND_SECTION_06,False
UC4_CCCTTTGACAGGTCTT-1,BLIND_SECTION_06,False
UC4_CCGAAACACGACCTCT-1,BLIND_SECTION_06,True
UC4_CCGAACACTGGGCCTC-1,BLIND_SECTION_06,False
UC4_CCGAACCTTCCCGGCC-1,BLIND_SECTION_06,True
UC4_CCGAAGCATTGACCAA-1,BLIND_SECTION_06,True
UC4_CCGACAATAGGCCGCC-1,BLIND_SECTION_06,False
UC4_CCGACGTAAACACAAC-1,BLIND_SECTION_06,True
UC4_CCGAGCTGTGCTTGTC-1,BLIND_SECTION_06,False
UC4_CCGATCTCAACCTTAT-1,BLIND_SECTION_06,True
UC4_CCGCACAAAGACCAAC-1,BLIND_SECTION_06,False
UC4_CCGCACACGAACGTGT-1,BLIND_SECTION_06,False
UC4_CCGCACTTGCAATGAC-1,BLIND_SECTION_06,False
UC4_CCGCCGTTGAGGATAA-1,BLIND_SECTION_06,False
UC4_CCGCCTGCGAATTGGT-1,BLIND_SECTION_06,True
UC4_CCGCGGAATGCGTCAC-1,BLIND_SECTION_06,False
UC4_CCGGAGCGTACTTTCT-1,BLIND_SECTION_06,False
UC4_CCGGCACGACCGTTTC-1,BLIND_SECTION_06,True
UC4_CCGGCGTGAGACTCTG-1,BLIND_SECTION_06,False
UC4_CCGGGCGGTCTCGTCA-1,BLIND_SECTION_06,False
UC4_CCGGTAATGGCTAGTC-1,BLIND_SECTION_06,False
UC4_CCGTAAGTTGGTCCCA-1,BLIND_SECTION_06,False
UC4_CCGTAGGAAATCCCTG-1,BLIND_SECTION_06,False
UC4_CCGTAGGGTTGTTTAC-1,BLIND_SECTION_06,False
UC4_CCGTATTAGCGCAGTT-1,BLIND_SECTION_06,False
UC4_CCGTCAACCTCTGGCG-1,BLIND_SECTION_06,True
UC4_CCTAAATTAACGGTTC-1,BLIND_SECTION_06,True
UC4_CCTAAATTGTATCCTA-1,BLIND_SECTION_06,True
UC4_CCTAGGTAAAGGTAGC-1,BLIND_SECTION_06,True
UC4_CCTATACCGTCCTGTC-1,BLIND_SECTION_06,False
UC4_CCTATATCGTGTCACG-1,BLIND_SECTION_06,False
UC4_CCTATATTTGTCCTGG-1,BLIND_SECTION_06,False
UC4_CCTATCTATATCGGAA-1,BLIND_SECTION_06,True
UC4_CCTATGAAGTGGTGCC-1,BLIND_SECTION_06,True
UC4_CCTATGGCTCCTAGTG-1,BLIND_SECTION_06,True
UC4_CCTATGTCCACTCCAC-1,BLIND_SECTION_06,False
UC4_CCTATTATTCCGGCCG-1,BLIND_SECTION_06,True
UC4_CCTCACCTGAGGGAGC-1,BLIND_SECTION_06,False
UC4_CCTCACCTTAGCATCG-1,BLIND_SECTION_06,True
UC4_CCTCCTGAGCCCACAT-1,BLIND_SECTION_06,True
UC4_CCTCCTGTTGTGTCGT-1,BLIND_SECTION_06,False
UC4_CCTCGCGCTGTGCGAT-1,BLIND_SECTION_06,False
UC4_CCTCTAATCTGCCAAG-1,BLIND_SECTION_06,False
UC4_CCTGAATATTTACATA-1,BLIND_SECTION_06,False
UC4_CCTGGAAACGTTCTGC-1,BLIND_SECTION_06,False
UC4_CCTGTCCCTCACGTTA-1,BLIND_SECTION_06,False
UC4_CCTGTTTGAAGACACG-1,BLIND_SECTION_06,True
UC4_CCTTCAGTTAAAGTGA-1,BLIND_SECTION_06,False
UC4_CCTTGACCACTTTATT-1,BLIND_SECTION_06,False
UC4_CCTTTAAGGGAGCACT-1,BLIND_SECTION_06,False
UC4_CCTTTCAATGAAGAAA-1,BLIND_SECTION_06,False
UC4_CGAACAGTATGGGCGT-1,BLIND_SECTION_06,False
UC4_CGAACCCGCATGCGTC-1,BLIND_SECTION_06,True
UC4_CGAACGGCCGGACAAC-1,BLIND_SECTION_06,False
UC4_CGAAGCTATAAATTCA-1,BLIND_SECTION_06,False
UC4_CGAAGGGTTTCAGATT-1,BLIND_SECTION_06,True
UC4_CGAATCTGCTCGACGC-1,BLIND_SECTION_06,False
UC4_CGAATGAAGTCATTGC-1,BLIND_SECTION_06,False
UC4_CGAATGACGCATAATG-1,BLIND_SECTION_06,False
UC4_CGACCCTTAACGCCGG-1,BLIND_SECTION_06,True
UC4_CGACGCATCCGTACCT-1,BLIND_SECTION_06,False
UC4_CGACTTTGTATAGCCT-1,BLIND_SECTION_06,False
UC4_CGAGACCCTAGAGTGT-1,BLIND_SECTION_06,False
UC4_CGAGAGATGTGAACCT-1,BLIND_SECTION_06,False
UC4_CGAGAGCGCGTAGATA-1,BLIND_SECTION_06,False
UC4_CGAGAGCTTTCACTAC-1,BLIND_SECTION_06,False
UC4_CGAGAGGGTAGCCGCG-1,BLIND_SECTION_06,False
UC4_CGAGATTTCGCTCGGG-1,BLIND_SECTION_06,False
UC4_CGAGGGACTGCGGTCG-1,BLIND_SECTION_06,False
UC4_CGAGTTCTGTCCCACC-1,BLIND_SECTION_06,False
UC4_CGATACCTCGCGGACA-1,BLIND_SECTION_06,True
UC4_CGATAGCGATACAGTG-1,BLIND_SECTION_06,True
UC4_CGATAGTCGTACTGCA-1,BLIND_SECTION_06,False
UC4_CGATCCGACCCAGTGC-1,BLIND_SECTION_06,True
UC4_CGCACGTGCGCTATCA-1,BLIND_SECTION_06,True
UC4_CGCAGGCGATCCAAAC-1,BLIND_SECTION_06,True
UC4_CGCATGCCGAATGCGT-1,BLIND_SECTION_06,False
UC4_CGCATGGTGCGATGCT-1,BLIND_SECTION_06,True
UC4_CGCATTAGCTAATAGG-1,BLIND_SECTION_06,False
UC4_CGCCAAGAAGCCGAGT-1,BLIND_SECTION_06,True
UC4_CGCCACAGGTCGCGAT-1,BLIND_SECTION_06,False
UC4_CGCCAGTAGTACCTTG-1,BLIND_SECTION_06,True
UC4_CGCCATCCGATTATGA-1,BLIND_SECTION_06,False
UC4_CGCCCAGCACGCCTAG-1,BLIND_SECTION_06,False
UC4_CGCCCAGCGTTTCACG-1,BLIND_SECTION_06,False
UC4_CGCCGCCCATGCCTGT-1,BLIND_SECTION_06,False
UC4_CGCCGTCTACCCATCG-1,BLIND_SECTION_06,False
UC4_CGCCGTTCAGCATAGT-1,BLIND_SECTION_06,False
UC4_CGCCTCCCTCCTCTAT-1,BLIND_SECTION_06,True
UC4_CGCCTTTAGCATGCTC-1,BLIND_SECTION_06,True
UC4_CGCGACCGCGACAGAT-1,BLIND_SECTION_06,True
UC4_CGCGAGAGGGACTTGT-1,BLIND_SECTION_06,False
UC4_CGCGAGTCTGCCGGGT-1,BLIND_SECTION_06,False
UC4_CGCGCAAATGTCCAGA-1,BLIND_SECTION_06,False
UC4_CGCGCATGTTTGATTG-1,BLIND_SECTION_06,False
UC4_CGCGGGAATTCCTTTC-1,BLIND_SECTION_06,True
UC4_CGCTAGAGACCGCTGC-1,BLIND_SECTION_06,True
UC4_CGCTATTCTTAGGCTC-1,BLIND_SECTION_06,False
UC4_CGCTGTGTGGATGTTG-1,BLIND_SECTION_06,False
UC4_CGCTTCGGTCTAAGAC-1,BLIND_SECTION_06,False
UC4_CGCTTGGACGGATAGA-1,BLIND_SECTION_06,False
UC4_CGCTTTCTTGCATTCG-1,BLIND_SECTION_06,False
UC4_CGGAAAGAATCAAACG-1,BLIND_SECTION_06,False
UC4_CGGAGCATGGCGATCC-1,BLIND_SECTION_06,True
UC4_CGGATCCTCAAGGACT-1,BLIND_SECTION_06,True
UC4_CGGCAATAAGATCGCC-1,BLIND_SECTION_06,False
UC4_CGGCACCGTTAGCGCC-1,BLIND_SECTION_06,True
UC4_CGGCAGGGTCGGGTTG-1,BLIND_SECTION_06,False
UC4_CGGCCCAGGTATATCC-1,BLIND_SECTION_06,True
UC4_CGGCGCCATCAATCCC-1,BLIND_SECTION_06,False
UC4_CGGGAATATAGTATAC-1,BLIND_SECTION_06,True
UC4_CGGGATCAATGTAAGA-1,BLIND_SECTION_06,True
UC4_CGGGCCTTCTTTGTAA-1,BLIND_SECTION_06,False
UC4_CGGGCGATGGATCACG-1,BLIND_SECTION_06,False
UC4_CGGGTGTACCCATTTA-1,BLIND_SECTION_06,False
UC4_CGGGTTTGTTAGGGCT-1,BLIND_SECTION_06,True
UC4_CGGTATAGGTATTAGC-1,BLIND_SECTION_06,True
UC4_CGGTCCGTCGCAAGCC-1,BLIND_SECTION_06,False
UC4_CGGTGGGCTCCAGCCT-1,BLIND_SECTION_06,False
UC4_CGGTTATCCAACAGTG-1,BLIND_SECTION_06,True
UC4_CGGTTGGGTTCAAGTT-1,BLIND_SECTION_06,False
UC4_CGGTTTACTGAACATT-1,BLIND_SECTION_06,True
UC4_CGTACCTGATAGGCCT-1,BLIND_SECTION_06,False
UC4_CGTAGAGAGTAATTAT-1,BLIND_SECTION_06,False
UC4_CGTCCTCATCGCGTGC-1,BLIND_SECTION_06,False
UC4_CGTCGCATGTGAGCCA-1,BLIND_SECTION_06,True
UC4_CGTCGGATAGTGTTGA-1,BLIND_SECTION_06,True
UC4_CGTCGGGTCTAAGCGC-1,BLIND_SECTION_06,False
UC4_CGTCTTGAGTGTGACG-1,BLIND_SECTION_06,False
UC4_CGTGAAGTTAATTCAC-1,BLIND_SECTION_06,True
UC4_CGTGACCAGTCCTCTG-1,BLIND_SECTION_06,False
UC4_CGTGCACACCACTGTA-1,BLIND_SECTION_06,False
UC4_CGTGCCCTCCCGAAGA-1,BLIND_SECTION_06,False
UC4_CGTGGCCGAATATCTA-1,BLIND_SECTION_06,False
UC4_CGTGTATGGGAGCTGA-1,BLIND_SECTION_06,False
UC4_CGTTAATGTCCCGACG-1,BLIND_SECTION_06,True
UC4_CGTTAGCTCACAACTG-1,BLIND_SECTION_06,True
UC4_CGTTGAATACCGCGCT-1,BLIND_SECTION_06,True
UC4_CGTTGAGCGACCGTCG-1,BLIND_SECTION_06,False
UC4_CGTTGAGTAATTGCGT-1,BLIND_SECTION_06,True
UC4_CTAAATCCTATTCCGG-1,BLIND_SECTION_06,False
UC4_CTAACGAAACTTGCTG-1,BLIND_SECTION_06,True
UC4_CTAACTGATAATCGCC-1,BLIND_SECTION_06,False
UC4_CTAAGGGAATGATTGG-1,BLIND_SECTION_06,False
UC4_CTAATTCTCAGATATT-1,BLIND_SECTION_06,False
UC4_CTACAAGAAATAACCC-1,BLIND_SECTION_06,False
UC4_CTACACTCGCAGATGG-1,BLIND_SECTION_06,False
UC4_CTACGCACGGAGTACC-1,BLIND_SECTION_06,False
UC4_CTACTATCTTTCAGAG-1,BLIND_SECTION_06,True
UC4_CTACTCAAGGTATAGT-1,BLIND_SECTION_06,False
UC4_CTAGACATATATGTAG-1,BLIND_SECTION_06,True
UC4_CTAGACTGCATTTCGT-1,BLIND_SECTION_06,True
UC4_CTAGATGTGAGTGTAA-1,BLIND_SECTION_06,True
UC4_CTAGATTTACGACGGC-1,BLIND_SECTION_06,False
UC4_CTAGCATAGTATAATG-1,BLIND_SECTION_06,False
UC4_CTAGCCACAGGCGAGC-1,BLIND_SECTION_06,True
UC4_CTAGGTCTGAAGGAAT-1,BLIND_SECTION_06,True
UC4_CTAGTAGAAAGGGATT-1,BLIND_SECTION_06,True
UC4_CTAGTCACGTCTTAAG-1,BLIND_SECTION_06,False
UC4_CTATAAGTAGGGTTTG-1,BLIND_SECTION_06,True
UC4_CTATCGACGAAATACA-1,BLIND_SECTION_06,False
UC4_CTATCGCGTAGAGAAC-1,BLIND_SECTION_06,True
UC4_CTATCGGGTCTCAACA-1,BLIND_SECTION_06,False
UC4_CTATGGGAAGCGGAAT-1,BLIND_SECTION_06,False
UC4_CTATGTGAGTCACGGC-1,BLIND_SECTION_06,False
UC4_CTATTGTGTTTGGTCA-1,BLIND_SECTION_06,False
UC4_CTATTTGGTTACGGAT-1,BLIND_SECTION_06,False
UC4_CTCAACTAACCCGGAT-1,BLIND_SECTION_06,False
UC4_CTCAAGACATTAGCGC-1,BLIND_SECTION_06,True
UC4_CTCACTGTGATACTTA-1,BLIND_SECTION_06,True
UC4_CTCAGTCACGACAAAT-1,BLIND_SECTION_06,False
UC4_CTCATTGCTCTAACAA-1,BLIND_SECTION_06,True
UC4_CTCATTTGATGGGCGG-1,BLIND_SECTION_06,False
UC4_CTCCCAATGAGTCGCG-1,BLIND_SECTION_06,True
UC4_CTCCCTTGTATCAAGG-1,BLIND_SECTION_06,True
UC4_CTCCTCCAGCTCACAC-1,BLIND_SECTION_06,False
UC4_CTCCTGTTCAAGGCAG-1,BLIND_SECTION_06,False
UC4_CTCGCACCTATATAGT-1,BLIND_SECTION_06,False
UC4_CTCGGTACCACTGCTC-1,BLIND_SECTION_06,False
UC4_CTCGTCTGTGCCTTCG-1,BLIND_SECTION_06,True
UC4_CTCTAGCCCTCGGAAA-1,BLIND_SECTION_06,False
UC4_CTCTATTTGGCTGCAG-1,BLIND_SECTION_06,True
UC4_CTCTCTAACTGCCTAG-1,BLIND_SECTION_06,False
UC4_CTGACATAGAAATAGA-1,BLIND_SECTION_06,True
UC4_CTGACTGCGCAGCTCG-1,BLIND_SECTION_06,False
UC4_CTGCAAGCACGTTCCG-1,BLIND_SECTION_06,True
UC4_CTGCACAACTACATAT-1,BLIND_SECTION_06,False
UC4_CTGCAGAGAATCAGAG-1,BLIND_SECTION_06,False
UC4_CTGCCAAGGTTGGAAG-1,BLIND_SECTION_06,False
UC4_CTGCCATGCATCACAT-1,BLIND_SECTION_06,True
UC4_CTGCCTTTCTAGTAAA-1,BLIND_SECTION_06,False
UC4_CTGCGGTAGTCACGTG-1,BLIND_SECTION_06,True
UC4_CTGGATTTACACTTGA-1,BLIND_SECTION_06,False
UC4_CTGGCTGGTTGTCAGT-1,BLIND_SECTION_06,False
UC4_CTGGGATAAATAATGG-1,BLIND_SECTION_06,False
UC4_CTGGGTAGGCAGTTAA-1,BLIND_SECTION_06,True
UC4_CTGGTAACGAGCTCTT-1,BLIND_SECTION_06,True
UC4_CTGGTGAATGGGCCTA-1,BLIND_SECTION_06,True
UC4_CTGGTTCGCGAGCTAC-1,BLIND_SECTION_06,False
UC4_CTGTACTTCTTAGCAT-1,BLIND_SECTION_06,True
UC4_CTGTAGCCATCTCACT-1,BLIND_SECTION_06,False
UC4_CTGTCACGCCAGGCGC-1,BLIND_SECTION_06,True
UC4_CTGTGCAGGGTAGGTC-1,BLIND_SECTION_06,False
UC4_CTGTGGTCGGGAGATA-1,BLIND_SECTION_06,True
UC4_CTTAACTTACAGTATA-1,BLIND_SECTION_06,False
UC4_CTTACATAGATTTCTT-1,BLIND_SECTION_06,True
UC4_CTTAGCCTTCCACATG-1,BLIND_SECTION_06,False
UC4_CTTAGGTATAGACCAG-1,BLIND_SECTION_06,False
UC4_CTTAGTAGGCCTACAG-1,BLIND_SECTION_06,False
UC4_CTTAGTGTAGTAGCAT-1,BLIND_SECTION_06,True
UC4_CTTATAGATGGCTGTT-1,BLIND_SECTION_06,False
UC4_CTTCAACTCCACTTGG-1,BLIND_SECTION_06,False
UC4_CTTCAGTGGTCGCCTA-1,BLIND_SECTION_06,False
UC4_CTTCAGTTGGACAACG-1,BLIND_SECTION_06,True
UC4_CTTCCGCTCCGTGAAG-1,BLIND_SECTION_06,False
UC4_CTTCGATTGCGCAAGC-1,BLIND_SECTION_06,False
UC4_CTTCGGCCAATTGTTT-1,BLIND_SECTION_06,False
UC4_CTTCTATTAATGCTAG-1,BLIND_SECTION_06,True
UC4_CTTGGCCAAGCTGGGA-1,BLIND_SECTION_06,False
UC4_CTTGTTGCTGAGTCAA-1,BLIND_SECTION_06,True
UC4_CTTTAACTTTCAAAGG-1,BLIND_SECTION_06,False
UC4_CTTTAATATTGGTCGA-1,BLIND_SECTION_06,False
UC4_CTTTACCGAATAGTAG-1,BLIND_SECTION_06,True
UC4_CTTTGCATCGCTCTTG-1,BLIND_SECTION_06,False
UC4_GAAACATAGGAAACAG-1,BLIND_SECTION_06,False
UC4_GAAACCTATACAAATG-1,BLIND_SECTION_06,False
UC4_GAAAGAACAGCGTTAT-1,BLIND_SECTION_06,True
UC4_GAAAGCAGTGCACTTT-1,BLIND_SECTION_06,False
UC4_GAAATATGCTTGAATG-1,BLIND_SECTION_06,False
UC4_GAACAACTGGGATGAA-1,BLIND_SECTION_06,True
UC4_GAACCTTTAACGATCC-1,BLIND_SECTION_06,True
UC4_GAACGTCTCATGGTCG-1,BLIND_SECTION_06,False
UC4_GAAGCTCGGACCCGTC-1,BLIND_SECTION_06,False
UC4_GAAGGGTCATTAAGAC-1,BLIND_SECTION_06,True
UC4_GAAGTCAGTTGCACTA-1,BLIND_SECTION_06,False
UC4_GAATAGCATTTAGGGT-1,BLIND_SECTION_06,True
UC4_GAATCTGAACATTCTC-1,BLIND_SECTION_06,True
UC4_GAATGAAGGTCTTCAG-1,BLIND_SECTION_06,False
UC4_GAATGTATGGCAGGTC-1,BLIND_SECTION_06,True
UC4_GAATGTTGGGTAATCT-1,BLIND_SECTION_06,False
UC4_GAATTATAGTGAAAGG-1,BLIND_SECTION_06,False
UC4_GACAACGACCATTGAA-1,BLIND_SECTION_06,False
UC4_GACAAGACGCCCGTGC-1,BLIND_SECTION_06,False
UC4_GACAAGAGATGAGATT-1,BLIND_SECTION_06,True
UC4_GACACTGGAACCCGAT-1,BLIND_SECTION_06,False
UC4_GACACTTCCAATTACC-1,BLIND_SECTION_06,False
UC4_GACATCGATTTATAAC-1,BLIND_SECTION_06,False
UC4_GACCAAACGTTGACTG-1,BLIND_SECTION_06,False
UC4_GACCACACTTCCCTTT-1,BLIND_SECTION_06,True
UC4_GACCCAATTATGATAC-1,BLIND_SECTION_06,False
UC4_GACCGACGTGAAAGCA-1,BLIND_SECTION_06,False
UC4_GACCGCGTCTGACGTG-1,BLIND_SECTION_06,False
UC4_GACCGTGCTGACGGTG-1,BLIND_SECTION_06,True
UC4_GACCTTCCACGTCTAC-1,BLIND_SECTION_06,True
UC4_GACGAGGCTAATAAAC-1,BLIND_SECTION_06,False
UC4_GACGCATACCCGTCGG-1,BLIND_SECTION_06,True
UC4_GACGCCGTAAAGGCTA-1,BLIND_SECTION_06,False
UC4_GACGGGTTGGCCCGTA-1,BLIND_SECTION_06,False
UC4_GACGGTCAATAGAAGC-1,BLIND_SECTION_06,True
UC4_GACTAGGCCGTTAGGT-1,BLIND_SECTION_06,True
UC4_GACTCACCCACGTGAG-1,BLIND_SECTION_06,True
UC4_GACTCGCGGGAATGAC-1,BLIND_SECTION_06,False
UC4_GACTGATTGGTCACAA-1,BLIND_SECTION_06,True
UC4_GACTGGGCGCCGCAAC-1,BLIND_SECTION_06,True
UC4_GAGAACGGTTCTGACT-1,BLIND_SECTION_06,False
UC4_GAGACCCTGCAACGCC-1,BLIND_SECTION_06,True
UC4_GAGACTTCGCGACCGA-1,BLIND_SECTION_06,False
UC4_GAGATCTGTCACTCCG-1,BLIND_SECTION_06,False
UC4_GAGATGGCTTTAATCA-1,BLIND_SECTION_06,True
UC4_GAGCACCTGTGTCCAG-1,BLIND_SECTION_06,True
UC4_GAGCACGGCGCCTCTT-1,BLIND_SECTION_06,False
UC4_GAGCCAGCTACCTGTG-1,BLIND_SECTION_06,False
UC4_GAGCCGAGCGTTTATT-1,BLIND_SECTION_06,True
UC4_GAGCGCAAATACTCCG-1,BLIND_SECTION_06,False
UC4_GAGCGCTGTTAGGTAA-1,BLIND_SECTION_06,False
UC4_GAGCTAAGGGCATATC-1,BLIND_SECTION_06,False
UC4_GAGGATAAACAGTGCT-1,BLIND_SECTION_06,False
UC4_GAGGCCCGACTCCGCA-1,BLIND_SECTION_06,False
UC4_GAGGCCTGTTGATACA-1,BLIND_SECTION_06,False
UC4_GAGTAAACCGGAAAGT-1,BLIND_SECTION_06,True
UC4_GAGTAAATTAAGAACC-1,BLIND_SECTION_06,False
UC4_GAGTAAGGCCACGGGA-1,BLIND_SECTION_06,False
UC4_GAGTATCAAAGTTACA-1,BLIND_SECTION_06,True
UC4_GAGTCAGACCAGAATC-1,BLIND_SECTION_06,False
UC4_GAGTGTCAACCAGAAA-1,BLIND_SECTION_06,True
UC4_GAGTTGATGGCAATTT-1,BLIND_SECTION_06,False
UC4_GAGTTGTCACCAGTCT-1,BLIND_SECTION_06,True
UC4_GATAGGATTAATTACA-1,BLIND_SECTION_06,False
UC4_GATAGGTGTCCCGGGC-1,BLIND_SECTION_06,False
UC4_GATATGAGACACTAAC-1,BLIND_SECTION_06,True
UC4_GATATTGAGATTGGCG-1,BLIND_SECTION_06,True
UC4_GATCCGAATATAAGTG-1,BLIND_SECTION_06,False
UC4_GATCCGGGAATTAACA-1,BLIND_SECTION_06,False
UC4_GATCCTAAATCGGGAC-1,BLIND_SECTION_06,False
UC4_GATCGCGGGCTCTCCA-1,BLIND_SECTION_06,True
UC4_GATCGCTACCCGATTT-1,BLIND_SECTION_06,True
UC4_GATCGGATAGAACCAT-1,BLIND_SECTION_06,True
UC4_GATCGTGACTGATATC-1,BLIND_SECTION_06,False
UC4_GATCTAACCGTATTCA-1,BLIND_SECTION_06,False
UC4_GATCTGCTATCTAAGG-1,BLIND_SECTION_06,False
UC4_GATCTTGGAGGGCATA-1,BLIND_SECTION_06,False
UC4_GATGAGGAACCTTCGG-1,BLIND_SECTION_06,True
UC4_GATGCGTCCTGCATTC-1,BLIND_SECTION_06,True
UC4_GATGCTGTATTTCATC-1,BLIND_SECTION_06,False
UC4_GATGTAACGAACCACC-1,BLIND_SECTION_06,False
UC4_GATTAACCGAAAGCCC-1,BLIND_SECTION_06,False
UC4_GATTCCCTTGTCGCAG-1,BLIND_SECTION_06,False
UC4_GATTCGACGGTTCACG-1,BLIND_SECTION_06,False
UC4_GATTGGGAAAGGTTGT-1,BLIND_SECTION_06,True
UC4_GCAAACCCTACATTAT-1,BLIND_SECTION_06,False
UC4_GCAAACGTCGCCAGGT-1,BLIND_SECTION_06,False
UC4_GCAAAGGGCGTTAGCC-1,BLIND_SECTION_06,True
UC4_GCAACACACTAGAACT-1,BLIND_SECTION_06,False
UC4_GCAACCACCAGACCGG-1,BLIND_SECTION_06,True
UC4_GCAACGGCTAGTTATG-1,BLIND_SECTION_06,False
UC4_GCACAAACCCTAGATG-1,BLIND_SECTION_06,True
UC4_GCACACACTGGTAGCC-1,BLIND_SECTION_06,False
UC4_GCACGTGGTTTACTTA-1,BLIND_SECTION_06,False
UC4_GCAGACCCAGCACGTA-1,BLIND_SECTION_06,True
UC4_GCAGATCCATAAGACT-1,BLIND_SECTION_06,True
UC4_GCAGCCTATATCACAT-1,BLIND_SECTION_06,False
UC4_GCAGCTATGGACAGGT-1,BLIND_SECTION_06,True
UC4_GCAGCTGTCAACGCAT-1,BLIND_SECTION_06,False
UC4_GCAGTGTGGCTATAGG-1,BLIND_SECTION_06,True
UC4_GCAGTTCGATCCGAGC-1,BLIND_SECTION_06,True
UC4_GCATAGAGCACTCAGG-1,BLIND_SECTION_06,False
UC4_GCATTTCCAAGGCTCC-1,BLIND_SECTION_06,False
UC4_GCCAAGAATACTTCTG-1,BLIND_SECTION_06,False
UC4_GCCACTCAGAGCGCGA-1,BLIND_SECTION_06,False
UC4_GCCACTCCTTACGGTA-1,BLIND_SECTION_06,False
UC4_GCCAGGCGTTCGCATG-1,BLIND_SECTION_06,True
UC4_GCCATCGAGCTGCGTG-1,BLIND_SECTION_06,False
UC4_GCCATCGATGCTGCAT-1,BLIND_SECTION_06,False
UC4_GCCCGAGAGTCTAAAT-1,BLIND_SECTION_06,True
UC4_GCCGATTGGCCAAGCT-1,BLIND_SECTION_06,False
UC4_GCCGCACTCCGTTTCA-1,BLIND_SECTION_06,False
UC4_GCCGTGGAAGAAATGT-1,BLIND_SECTION_06,True
UC4_GCCTACGTTCTGTGCA-1,BLIND_SECTION_06,False
UC4_GCCTATGCTGGGCCTT-1,BLIND_SECTION_06,False
UC4_GCCTCCGACAATTCAC-1,BLIND_SECTION_06,False
UC4_GCCTCTATACATAGCA-1,BLIND_SECTION_06,False
UC4_GCCTTTGTCAGTGGAC-1,BLIND_SECTION_06,True
UC4_GCGAAACGATCGGGAG-1,BLIND_SECTION_06,False
UC4_GCGAAGAATCTGACGG-1,BLIND_SECTION_06,True
UC4_GCGACATGTAAACATC-1,BLIND_SECTION_06,True
UC4_GCGACGATAGTTGTAC-1,BLIND_SECTION_06,False
UC4_GCGAGAGTTGCGTCCA-1,BLIND_SECTION_06,False
UC4_GCGAGCGCATGCTCCC-1,BLIND_SECTION_06,False
UC4_GCGAGTTCTGCAAAGA-1,BLIND_SECTION_06,False
UC4_GCGATTGTTAACGTTA-1,BLIND_SECTION_06,False
UC4_GCGCAAGAGCGCGCTG-1,BLIND_SECTION_06,True
UC4_GCGCATCCAGTCAGCA-1,BLIND_SECTION_06,True
UC4_GCGCCGTTCCACGATA-1,BLIND_SECTION_06,True
UC4_GCGCGTCATTGGTACA-1,BLIND_SECTION_06,True
UC4_GCGCTAATTGAATAGA-1,BLIND_SECTION_06,False
UC4_GCGCTGCTTTGCATTT-1,BLIND_SECTION_06,True
UC4_GCGCTTAAATAATTGG-1,BLIND_SECTION_06,True
UC4_GCGGCTTTAGCAAGTT-1,BLIND_SECTION_06,True
UC4_GCGGGCGAGCCTTACC-1,BLIND_SECTION_06,False
UC4_GCGGTCTTGCTTTCAC-1,BLIND_SECTION_06,True
UC4_GCGTAAATGGCCATAA-1,BLIND_SECTION_06,True
UC4_GCTAACTGAAGTCTGA-1,BLIND_SECTION_06,False
UC4_GCTAAGTAGTTTCTCT-1,BLIND_SECTION_06,False
UC4_GCTACAATCGAGGATA-1,BLIND_SECTION_06,False
UC4_GCTACGACTTATTGGG-1,BLIND_SECTION_06,False
UC4_GCTACTATAGTAGAGT-1,BLIND_SECTION_06,False
UC4_GCTACTCGGACGCAGA-1,BLIND_SECTION_06,True
UC4_GCTAGACCGTCTACTG-1,BLIND_SECTION_06,True
UC4_GCTAGAGTAGAGATGT-1,BLIND_SECTION_06,False
UC4_GCTAGCACCTGGGCCA-1,BLIND_SECTION_06,False
UC4_GCTAGCAGGGAGTGGG-1,BLIND_SECTION_06,True
UC4_GCTAGCGATAGGTCTT-1,BLIND_SECTION_06,False
UC4_GCTAGTAGAGCTTGTA-1,BLIND_SECTION_06,False
UC4_GCTCAATGTAATACCG-1,BLIND_SECTION_06,False
UC4_GCTCATTACTGCATGT-1,BLIND_SECTION_06,True
UC4_GCTCCCAGTCGGTCCA-1,BLIND_SECTION_06,False
UC4_GCTCCGCTCGCTTCAG-1,BLIND_SECTION_06,False
UC4_GCTCGCTCATGTCCAA-1,BLIND_SECTION_06,True
UC4_GCTCTAAACCCTGACG-1,BLIND_SECTION_06,True
UC4_GCTCTCGGGTACCGAA-1,BLIND_SECTION_06,True
UC4_GCTCTTTCCGCTAGTG-1,BLIND_SECTION_06,False
UC4_GCTGAACTCTCCAGGG-1,BLIND_SECTION_06,False
UC4_GCTGAATCTTCCAATC-1,BLIND_SECTION_06,False
UC4_GCTGAGGCGTGAGTAT-1,BLIND_SECTION_06,True
UC4_GCTGCACGGTTTCTTA-1,BLIND_SECTION_06,False
UC4_GCTGCTAAGTAGTCGA-1,BLIND_SECTION_06,False
UC4_GCTGCTACTGCGTAGC-1,BLIND_SECTION_06,False
UC4_GCTGGACCCAAAGTGG-1,BLIND_SECTION_06,True
UC4_GCTTACGTAGTTAGTA-1,BLIND_SECTION_06,False
UC4_GCTTGCAGCACAATTG-1,BLIND_SECTION_06,False
UC4_GCTTGGATCGATTAGG-1,BLIND_SECTION_06,True
UC4_GCTTTACACAACTGGG-1,BLIND_SECTION_06,False
UC4_GGAAACTAAATGGGCC-1,BLIND_SECTION_06,False
UC4_GGAACCGTGTAAATTG-1,BLIND_SECTION_06,True
UC4_GGAACCTTGACTCTGC-1,BLIND_SECTION_06,False
UC4_GGAACTTTGGCGATTA-1,BLIND_SECTION_06,False
UC4_GGAAGGACACCGTATA-1,BLIND_SECTION_06,True
UC4_GGAATGCGCTAGCGTG-1,BLIND_SECTION_06,False
UC4_GGACCTACGGTAACGT-1,BLIND_SECTION_06,False
UC4_GGACGTCCATAGTTGG-1,BLIND_SECTION_06,True
UC4_GGACTCTTCCGGTTGA-1,BLIND_SECTION_06,True
UC4_GGACTCTTTGACTAAG-1,BLIND_SECTION_06,True
UC4_GGAGACCATCTACATA-1,BLIND_SECTION_06,False
UC4_GGAGACGACACCTTTG-1,BLIND_SECTION_06,True
UC4_GGAGCAACATTTCAAG-1,BLIND_SECTION_06,False
UC4_GGAGCACCAAGAACTA-1,BLIND_SECTION_06,False
UC4_GGAGGCCGAAGTCGTC-1,BLIND_SECTION_06,False
UC4_GGAGGGCTTGGTTGGC-1,BLIND_SECTION_06,False
UC4_GGATCATCCCGTACGC-1,BLIND_SECTION_06,False
UC4_GGATCCGGAATATACT-1,BLIND_SECTION_06,False
UC4_GGATCTTGACTCAACC-1,BLIND_SECTION_06,False
UC4_GGATTAATCATGGACC-1,BLIND_SECTION_06,False
UC4_GGATTGCTGTGACTCC-1,BLIND_SECTION_06,True
UC4_GGATTTCACTTCTATA-1,BLIND_SECTION_06,False
UC4_GGCAAATTACTTTACT-1,BLIND_SECTION_06,False
UC4_GGCACTGCGGTGGTTT-1,BLIND_SECTION_06,False
UC4_GGCAGCAAACCTATGC-1,BLIND_SECTION_06,False
UC4_GGCAGCGGTAATCCTA-1,BLIND_SECTION_06,True
UC4_GGCCCAGCTGGTTTGC-1,BLIND_SECTION_06,False
UC4_GGCCCAGTTATCAGCA-1,BLIND_SECTION_06,True
UC4_GGCCCGTATACCATGC-1,BLIND_SECTION_06,True
UC4_GGCCGGCGTCTGCTAT-1,BLIND_SECTION_06,True
UC4_GGCCGTTTGGGTTTCA-1,BLIND_SECTION_06,False
UC4_GGCGAGCGAAACGGCA-1,BLIND_SECTION_06,False
UC4_GGCGCATGAATTGATG-1,BLIND_SECTION_06,True
UC4_GGCGCGGAGATCTTTC-1,BLIND_SECTION_06,True
UC4_GGCGTAGGGAAAGCTG-1,BLIND_SECTION_06,True
UC4_GGCTAATGATTGAAAT-1,BLIND_SECTION_06,True
UC4_GGCTGAAATAGCAAAG-1,BLIND_SECTION_06,False
UC4_GGCTGAGCATCGTAAG-1,BLIND_SECTION_06,True
UC4_GGGAAAGAATGCCAAC-1,BLIND_SECTION_06,False
UC4_GGGAAGACGGTCTGTC-1,BLIND_SECTION_06,True
UC4_GGGAAGGGCTTTCTCA-1,BLIND_SECTION_06,True
UC4_GGGAATGAGCCCTCAC-1,BLIND_SECTION_06,False
UC4_GGGACCCGTATATCTT-1,BLIND_SECTION_06,False
UC4_GGGAGCGACCGTAGTG-1,BLIND_SECTION_06,True
UC4_GGGAGGATGCCCGAAA-1,BLIND_SECTION_06,True
UC4_GGGAGTTAATGAGGCG-1,BLIND_SECTION_06,False
UC4_GGGATGGACCCGCGTC-1,BLIND_SECTION_06,True
UC4_GGGCAACCGCACGTGC-1,BLIND_SECTION_06,False
UC4_GGGCAGACGTCACTGC-1,BLIND_SECTION_06,True
UC4_GGGCAGGATTTCTGTG-1,BLIND_SECTION_06,True
UC4_GGGCAGTCAACGCCAA-1,BLIND_SECTION_06,True
UC4_GGGCCATTCGTGCTGG-1,BLIND_SECTION_06,True
UC4_GGGCCCGTCTTAAACA-1,BLIND_SECTION_06,True
UC4_GGGCCCTACGAAAGGG-1,BLIND_SECTION_06,True
UC4_GGGCCGGCCGAAGTAC-1,BLIND_SECTION_06,False
UC4_GGGCCTAAATGGGCTA-1,BLIND_SECTION_06,False
UC4_GGGCGTGGTTTCCCAG-1,BLIND_SECTION_06,True
UC4_GGGCTACTATTTCGTG-1,BLIND_SECTION_06,True
UC4_GGGCTATGATCGATGG-1,BLIND_SECTION_06,False
UC4_GGGTGCATATGAAAGC-1,BLIND_SECTION_06,True
UC4_GGGTTAACATTTGAGT-1,BLIND_SECTION_06,False
UC4_GGGTTTAGGATAGGAT-1,BLIND_SECTION_06,False
UC4_GGTACAAACATGCTAT-1,BLIND_SECTION_06,True
UC4_GGTACCATTAAGACGG-1,BLIND_SECTION_06,False
UC4_GGTACGTTGCGGCCGG-1,BLIND_SECTION_06,False
UC4_GGTAGACCGTTGGGCG-1,BLIND_SECTION_06,False
UC4_GGTAGTGCTCGCACCA-1,BLIND_SECTION_06,False
UC4_GGTCAAGACTACTTCG-1,BLIND_SECTION_06,True
UC4_GGTCGGCCAGGAGCTT-1,BLIND_SECTION_06,False
UC4_GGTCGGTCGTCCACAG-1,BLIND_SECTION_06,False
UC4_GGTCGTAAGCTCGCAC-1,BLIND_SECTION_06,False
UC4_GGTCTCCGTCCAGGTT-1,BLIND_SECTION_06,False
UC4_GGTCTGAGAATCTGGA-1,BLIND_SECTION_06,False
UC4_GGTGATAAGGAGCAGT-1,BLIND_SECTION_06,False
UC4_GGTGGACTGCTCTGGC-1,BLIND_SECTION_06,False
UC4_GGTTCTACTCGTCTGA-1,BLIND_SECTION_06,False
UC4_GGTTTAGCCTTTCTTG-1,BLIND_SECTION_06,False
UC4_GGTTTGACAAGAAGCT-1,BLIND_SECTION_06,True
UC4_GGTTTGTGACCTGAGG-1,BLIND_SECTION_06,False
UC4_GTAACATCTAAGATAA-1,BLIND_SECTION_06,False
UC4_GTAAGCGGGCAGTCAG-1,BLIND_SECTION_06,False
UC4_GTAAGTAACAGTCTGG-1,BLIND_SECTION_06,True
UC4_GTAAGTCCACACTCTA-1,BLIND_SECTION_06,True
UC4_GTAATAAAGGGCTCCC-1,BLIND_SECTION_06,False
UC4_GTACAGAGGCAAGGGT-1,BLIND_SECTION_06,False
UC4_GTACGCTTCATTGCAC-1,BLIND_SECTION_06,True
UC4_GTACGTCACGTATTAA-1,BLIND_SECTION_06,True
UC4_GTACGTTTGCCCGTCA-1,BLIND_SECTION_06,True
UC4_GTACTGGAGTTAGACC-1,BLIND_SECTION_06,False
UC4_GTAGCCAAACATGGGA-1,BLIND_SECTION_06,False
UC4_GTAGCGGCTATACACT-1,BLIND_SECTION_06,False
UC4_GTAGTCGCGGGAATCA-1,BLIND_SECTION_06,False
UC4_GTAGTCTACGATATTG-1,BLIND_SECTION_06,True
UC4_GTAGTGAGCAACCTCA-1,BLIND_SECTION_06,False
UC4_GTATCAAACGTTAGCT-1,BLIND_SECTION_06,False
UC4_GTATCCTTTGGTAACC-1,BLIND_SECTION_06,False
UC4_GTATCTCAGTCTTGAC-1,BLIND_SECTION_06,False
UC4_GTATGAAATTTCACTC-1,BLIND_SECTION_06,False
UC4_GTATTTAATGGCATAA-1,BLIND_SECTION_06,True
UC4_GTCAAAGAAGTGGTGT-1,BLIND_SECTION_06,False
UC4_GTCAACCAGGCCTATA-1,BLIND_SECTION_06,False
UC4_GTCAAGCGGACTCGGG-1,BLIND_SECTION_06,False
UC4_GTCATGGACATGACTA-1,BLIND_SECTION_06,False
UC4_GTCATTAGAGCGAACG-1,BLIND_SECTION_06,False
UC4_GTCCAATATTTAGCCT-1,BLIND_SECTION_06,False
UC4_GTCCATTACTGCTACG-1,BLIND_SECTION_06,True
UC4_GTCCCAACGTAAAGTA-1,BLIND_SECTION_06,False
UC4_GTCCCGCGACGTTATG-1,BLIND_SECTION_06,True
UC4_GTCCGGACCTGAAATT-1,BLIND_SECTION_06,False
UC4_GTCCTACGAATAGTCT-1,BLIND_SECTION_06,True
UC4_GTCCTAGGATACCTTA-1,BLIND_SECTION_06,True
UC4_GTCGATAGGTGACTTT-1,BLIND_SECTION_06,True
UC4_GTCGCCGTTGTGTGTT-1,BLIND_SECTION_06,False
UC4_GTCGCGTAACCCGTTG-1,BLIND_SECTION_06,False
UC4_GTCGGAAGGATACCAG-1,BLIND_SECTION_06,True
UC4_GTCGGGTGAAGTACCG-1,BLIND_SECTION_06,False
UC4_GTCTAGTGAGCCGCTT-1,BLIND_SECTION_06,False
UC4_GTCTATTGCATGCTCG-1,BLIND_SECTION_06,False
UC4_GTCTCCCGAGTCCCGT-1,BLIND_SECTION_06,False
UC4_GTCTGCCGACTCGACG-1,BLIND_SECTION_06,True
UC4_GTCTTGAGGAGCAGTG-1,BLIND_SECTION_06,False
UC4_GTCTTGTAGCTATTCA-1,BLIND_SECTION_06,False
UC4_GTGAACTCCCATTCGA-1,BLIND_SECTION_06,False
UC4_GTGAAGTCACGACTCG-1,BLIND_SECTION_06,True
UC4_GTGACAGCTTCCCACT-1,BLIND_SECTION_06,True
UC4_GTGACGAGGGTGACCC-1,BLIND_SECTION_06,False
UC4_GTGACGCAGGTTTCAT-1,BLIND_SECTION_06,True
UC4_GTGAGGACACTTAAGG-1,BLIND_SECTION_06,False
UC4_GTGAGTCGACTAATAG-1,BLIND_SECTION_06,False
UC4_GTGAGTGGTACAACGC-1,BLIND_SECTION_06,False
UC4_GTGATCCTTGTCATGA-1,BLIND_SECTION_06,True
UC4_GTGATGCACAACATCT-1,BLIND_SECTION_06,True
UC4_GTGCCTCAGTGTACGG-1,BLIND_SECTION_06,False
UC4_GTGCCTGAGACCAAAC-1,BLIND_SECTION_06,False
UC4_GTGCGACAGGGAGTGT-1,BLIND_SECTION_06,True
UC4_GTGCTCAAGTACTGTC-1,BLIND_SECTION_06,False
UC4_GTGCTGCAGATAAGGA-1,BLIND_SECTION_06,True
UC4_GTGCTTACATCAGCGC-1,BLIND_SECTION_06,True
UC4_GTGGAGCATGTCGGCC-1,BLIND_SECTION_06,False
UC4_GTGGAGCGTTTACCGA-1,BLIND_SECTION_06,False
UC4_GTGGCCGGTTTCTCGG-1,BLIND_SECTION_06,True
UC4_GTGGCTGTTTCTGTTC-1,BLIND_SECTION_06,False
UC4_GTGGGAAGACTGAATC-1,BLIND_SECTION_06,False
UC4_GTGGGTACTGAGCGTA-1,BLIND_SECTION_06,True
UC4_GTGGTCAGCGAAGTAT-1,BLIND_SECTION_06,True
UC4_GTGGTTACTTCTTTCG-1,BLIND_SECTION_06,False
UC4_GTGTGAATAACTTAGG-1,BLIND_SECTION_06,False
UC4_GTGTTACTATGCGTCC-1,BLIND_SECTION_06,False
UC4_GTTAAAGTAGGACTGG-1,BLIND_SECTION_06,False
UC4_GTTAACTATGTTGTCA-1,BLIND_SECTION_06,True
UC4_GTTACCAAGGCGTACG-1,BLIND_SECTION_06,True
UC4_GTTAGCCCATGACATC-1,BLIND_SECTION_06,True
UC4_GTTAGCCGTAAATCAA-1,BLIND_SECTION_06,False
UC4_GTTATAATACGGTGAA-1,BLIND_SECTION_06,False
UC4_GTTATATTATCTCCCT-1,BLIND_SECTION_06,True
UC4_GTTCATCGTTTGGCTG-1,BLIND_SECTION_06,False
UC4_GTTCCCGTAAACATAT-1,BLIND_SECTION_06,True
UC4_GTTCGCCATAAGTGCC-1,BLIND_SECTION_06,True
UC4_GTTCGCTGAGACGTCT-1,BLIND_SECTION_06,False
UC4_GTTCGGAGCACTCAAC-1,BLIND_SECTION_06,False
UC4_GTTCGGATCGGGAACA-1,BLIND_SECTION_06,True
UC4_GTTCGGGCGTACCATT-1,BLIND_SECTION_06,False
UC4_GTTGAGTCCCGCCGGT-1,BLIND_SECTION_06,True
UC4_GTTGCGCTAACATTAC-1,BLIND_SECTION_06,False
UC4_GTTGCGGACGGTCAGG-1,BLIND_SECTION_06,True
UC4_GTTGGATTCAGTGGCT-1,BLIND_SECTION_06,True
UC4_GTTTCAAACGAGTTGT-1,BLIND_SECTION_06,True
UC4_GTTTCTAGAGGCGCGG-1,BLIND_SECTION_06,False
UC4_GTTTCTGCAGTCTCCC-1,BLIND_SECTION_06,False
UC4_GTTTGGCCCAAGTTAT-1,BLIND_SECTION_06,False
UC4_GTTTGGGTTTCGCCCG-1,BLIND_SECTION_06,False
UC4_TAAAGACAACCCTTTA-1,BLIND_SECTION_06,False
UC4_TAAAGCGGTATTTCCA-1,BLIND_SECTION_06,False
UC4_TAAAGCTGCAATAGGG-1,BLIND_SECTION_06,False
UC4_TAACATACAATGTGGG-1,BLIND_SECTION_06,False
UC4_TAACCTACCGTCCGAG-1,BLIND_SECTION_06,True
UC4_TAACCTAGGGAGTCCA-1,BLIND_SECTION_06,False
UC4_TAACTATTACGCCAAA-1,BLIND_SECTION_06,True
UC4_TAAGAGGGACAGGGAC-1,BLIND_SECTION_06,True
UC4_TAAGCCCTTACGACCA-1,BLIND_SECTION_06,True
UC4_TAAGCGCGAATCAAAT-1,BLIND_SECTION_06,False
UC4_TAAGGCATAACATCAA-1,BLIND_SECTION_06,False
UC4_TAAGGGCCTGTCCGAT-1,BLIND_SECTION_06,False
UC4_TAAGTTGCGACGTAGG-1,BLIND_SECTION_06,False
UC4_TAATACTAGAACAGAC-1,BLIND_SECTION_06,True
UC4_TAATAGGTCACCAGAA-1,BLIND_SECTION_06,False
UC4_TAATCGATCCGTACGT-1,BLIND_SECTION_06,False
UC4_TAATTACGTCAGTAGA-1,BLIND_SECTION_06,False
UC4_TAATTAGGACATCCGT-1,BLIND_SECTION_06,True
UC4_TAATTGGAATCGGGAA-1,BLIND_SECTION_06,False
UC4_TACAACGCACAACTCA-1,BLIND_SECTION_06,True
UC4_TACAAGGGCTTCTTTA-1,BLIND_SECTION_06,False
UC4_TACACCTCTTCGAATC-1,BLIND_SECTION_06,True
UC4_TACAGAAACGGTGGGC-1,BLIND_SECTION_06,False
UC4_TACATAGGCATACACC-1,BLIND_SECTION_06,True
UC4_TACATTTCTAACGTGC-1,BLIND_SECTION_06,True
UC4_TACCAATAAAGTACCA-1,BLIND_SECTION_06,True
UC4_TACCGAATAATTGTAA-1,BLIND_SECTION_06,False
UC4_TACCGCGGACTTGCAG-1,BLIND_SECTION_06,True
UC4_TACCGTAGGTTAACTA-1,BLIND_SECTION_06,False
UC4_TACCTCAGTTGTCTGT-1,BLIND_SECTION_06,False
UC4_TACGACTGCCTCTTAG-1,BLIND_SECTION_06,True
UC4_TACGCAGTTCTTTCCT-1,BLIND_SECTION_06,True
UC4_TACGCCTCCATTCCGA-1,BLIND_SECTION_06,False
UC4_TACGCTATAGAAACCT-1,BLIND_SECTION_06,True
UC4_TACGGCATGGACGCTA-1,BLIND_SECTION_06,False
UC4_TACGGGTAATAACATA-1,BLIND_SECTION_06,True
UC4_TACGTAAAGCGGAGTG-1,BLIND_SECTION_06,False
UC4_TACGTGGGCCCAGGGC-1,BLIND_SECTION_06,True
UC4_TACTACGTGCAATGCG-1,BLIND_SECTION_06,True
UC4_TACTATGGTTCCTCAG-1,BLIND_SECTION_06,False
UC4_TACTCGGCACGCCGGG-1,BLIND_SECTION_06,False
UC4_TACTCGTTTGAATCAA-1,BLIND_SECTION_06,True
UC4_TACTCTTTCGTCTTCA-1,BLIND_SECTION_06,False
UC4_TACTGAACAGATTTAG-1,BLIND_SECTION_06,False
UC4_TACTGAGGGAAGAAAG-1,BLIND_SECTION_06,False
UC4_TACTTAAACATGTACA-1,BLIND_SECTION_06,False
UC4_TACTTTACTGAGCCGG-1,BLIND_SECTION_06,True
UC4_TACTTTCCGCACGCCA-1,BLIND_SECTION_06,False
UC4_TAGAAAGGTGGCGCTA-1,BLIND_SECTION_06,False
UC4_TAGAATAGCCGATGAA-1,BLIND_SECTION_06,False
UC4_TAGACGAAACGCCAAT-1,BLIND_SECTION_06,True
UC4_TAGACTACCTAGCGTT-1,BLIND_SECTION_06,True
UC4_TAGAGGTTCTACTTGT-1,BLIND_SECTION_06,False
UC4_TAGATATGGACTGGAA-1,BLIND_SECTION_06,True
UC4_TAGATGGTTCCTTACT-1,BLIND_SECTION_06,False
UC4_TAGCCATGATTGCCTA-1,BLIND_SECTION_06,True
UC4_TAGCCGGCGGTCAGCG-1,BLIND_SECTION_06,False
UC4_TAGCGTTGGGTCTTAC-1,BLIND_SECTION_06,False
UC4_TAGCTAGAAGGCATGA-1,BLIND_SECTION_06,True
UC4_TAGCTAGTGATGATGG-1,BLIND_SECTION_06,False
UC4_TAGCTCACTGTGTTTG-1,BLIND_SECTION_06,True
UC4_TAGCTCGCCTGATAAC-1,BLIND_SECTION_06,False
UC4_TAGGAACAGCCTCCAG-1,BLIND_SECTION_06,True
UC4_TAGGCCTATATAGTCT-1,BLIND_SECTION_06,False
UC4_TAGGTCGCCGGAACTG-1,BLIND_SECTION_06,False
UC4_TAGGTGACGATAACCT-1,BLIND_SECTION_06,True
UC4_TAGGTTCGAGTTCGTC-1,BLIND_SECTION_06,False
UC4_TAGTACCACAACTTTC-1,BLIND_SECTION_06,False
UC4_TAGTAGCTTATACCAG-1,BLIND_SECTION_06,False
UC4_TAGTCCCGGAGACCAC-1,BLIND_SECTION_06,False
UC4_TAGTCCGCAGAGAATG-1,BLIND_SECTION_06,True
UC4_TAGTCTTTCCGAATTG-1,BLIND_SECTION_06,True
UC4_TATAGATGGTCGCAGT-1,BLIND_SECTION_06,True
UC4_TATAGCGCACGTTATC-1,BLIND_SECTION_06,True
UC4_TATATCCCTGGGAGGA-1,BLIND_SECTION_06,True
UC4_TATATTACAAATGTCG-1,BLIND_SECTION_06,False
UC4_TATCACCATGTAAAGT-1,BLIND_SECTION_06,True
UC4_TATCACTTCGAGTAAC-1,BLIND_SECTION_06,False
UC4_TATCCGCACCGTCGGG-1,BLIND_SECTION_06,False
UC4_TATCTACCACAGCGGG-1,BLIND_SECTION_06,True
UC4_TATCTGAGCCGATATT-1,BLIND_SECTION_06,True
UC4_TATGATCTTCTCTTTA-1,BLIND_SECTION_06,True
UC4_TATGCTCCCTACTTAC-1,BLIND_SECTION_06,False
UC4_TATGGGACCGAGCAGG-1,BLIND_SECTION_06,False
UC4_TATGGTCTGAGTAACA-1,BLIND_SECTION_06,False
UC4_TATGGTTAGTGGGAGA-1,BLIND_SECTION_06,True
UC4_TATGTAGAAACCCGGC-1,BLIND_SECTION_06,True
UC4_TATGTCTCATTGTGCC-1,BLIND_SECTION_06,False
UC4_TATTAACCTGACCGCG-1,BLIND_SECTION_06,False
UC4_TATTATGTTTGCCTGC-1,BLIND_SECTION_06,False
UC4_TATTCAATTCTAATCC-1,BLIND_SECTION_06,False
UC4_TATTCGTGCCAGAATA-1,BLIND_SECTION_06,False
UC4_TATTTGATTTGCACAG-1,BLIND_SECTION_06,True
UC4_TCAAACAACCGCGTCG-1,BLIND_SECTION_06,True
UC4_TCAAATTGTTGTGCCG-1,BLIND_SECTION_06,True
UC4_TCAACATAGCGCCCTA-1,BLIND_SECTION_06,False
UC4_TCAACTGCAGAGTCAG-1,BLIND_SECTION_06,False
UC4_TCAAGAAATACTAGCT-1,BLIND_SECTION_06,False
UC4_TCAAGCGCGGACGGTA-1,BLIND_SECTION_06,True
UC4_TCAAGGTTACTACACC-1,BLIND_SECTION_06,True
UC4_TCAATATACAGGAGGC-1,BLIND_SECTION_06,False
UC4_TCAATCCCGCGCCAAA-1,BLIND_SECTION_06,True
UC4_TCACAAACCGAGGTAC-1,BLIND_SECTION_06,False
UC4_TCACAGCAAACTCGAA-1,BLIND_SECTION_06,True
UC4_TCACAGGAGAATAAGA-1,BLIND_SECTION_06,False
UC4_TCACAGGGAATCGCAA-1,BLIND_SECTION_06,False
UC4_TCACGTGCCCGATTCA-1,BLIND_SECTION_06,True
UC4_TCACTACGACCAATGC-1,BLIND_SECTION_06,True
UC4_TCACTCGTGCAACGGC-1,BLIND_SECTION_06,True
UC4_TCAGAACCTCCACAGG-1,BLIND_SECTION_06,False
UC4_TCAGAACGGCGGTAAT-1,BLIND_SECTION_06,True
UC4_TCAGACGCTATAGAAG-1,BLIND_SECTION_06,True
UC4_TCAGAGCATGTCAACG-1,BLIND_SECTION_06,False
UC4_TCAGCAAATGCATCTC-1,BLIND_SECTION_06,False
UC4_TCAGCCAATCCGTAAA-1,BLIND_SECTION_06,False
UC4_TCAGGGTGCACGAAAC-1,BLIND_SECTION_06,True
UC4_TCATCCTCAGCTGCTT-1,BLIND_SECTION_06,False
UC4_TCATCGACGACCGTCG-1,BLIND_SECTION_06,False
UC4_TCATTTAAGTCTCCGA-1,BLIND_SECTION_06,False
UC4_TCATTTAGAAGTGTGA-1,BLIND_SECTION_06,False
UC4_TCCAACTCAGCTATCT-1,BLIND_SECTION_06,False
UC4_TCCAAGCCTAGACACA-1,BLIND_SECTION_06,True
UC4_TCCAATAAAGGCTACC-1,BLIND_SECTION_06,False
UC4_TCCACCTCTAGCCTTT-1,BLIND_SECTION_06,False
UC4_TCCACTTTATCTAGGT-1,BLIND_SECTION_06,False
UC4_TCCAGAGCACCGGTTC-1,BLIND_SECTION_06,False
UC4_TCCAGCGCTATAAGCG-1,BLIND_SECTION_06,True
UC4_TCCATCAATACTAATC-1,BLIND_SECTION_06,True
UC4_TCCCAAAGACGAAGGA-1,BLIND_SECTION_06,True
UC4_TCCCAAAGCCCTAAAT-1,BLIND_SECTION_06,False
UC4_TCCCACTCTCTTCCGG-1,BLIND_SECTION_06,False
UC4_TCCCGTCAGTCCCGCA-1,BLIND_SECTION_06,False
UC4_TCCGAAGTAGTCACCA-1,BLIND_SECTION_06,True
UC4_TCCGAATGGTCCTGAG-1,BLIND_SECTION_06,False
UC4_TCCGCGGCAGCATCTG-1,BLIND_SECTION_06,False
UC4_TCCGCGGCCCAATGAA-1,BLIND_SECTION_06,False
UC4_TCCGCTGTCATCCCGG-1,BLIND_SECTION_06,False
UC4_TCCGGAGGAAGGGCTG-1,BLIND_SECTION_06,True
UC4_TCCGGCCTAGCGTACA-1,BLIND_SECTION_06,True
UC4_TCCGGTTCGTCCGGTC-1,BLIND_SECTION_06,False
UC4_TCCGTTAAGCTAATAT-1,BLIND_SECTION_06,True
UC4_TCCTAAAGATTCAGAC-1,BLIND_SECTION_06,True
UC4_TCCTAACCGTCGGGCA-1,BLIND_SECTION_06,False
UC4_TCCTATCATAGGTAAC-1,BLIND_SECTION_06,True
UC4_TCCTCGGGCTGGGCTT-1,BLIND_SECTION_06,False
UC4_TCCTGCCAACTGGAGA-1,BLIND_SECTION_06,False
UC4_TCCTGGCGCTGCCTGG-1,BLIND_SECTION_06,True
UC4_TCCTTTAAATCCGCTT-1,BLIND_SECTION_06,False
UC4_TCGACAACTGAACCCG-1,BLIND_SECTION_06,False
UC4_TCGAGACCAACACCGT-1,BLIND_SECTION_06,True
UC4_TCGAGGGCAACAGACG-1,BLIND_SECTION_06,True
UC4_TCGATGTTACGGCCGT-1,BLIND_SECTION_06,True
UC4_TCGCACCAGGAGGCAG-1,BLIND_SECTION_06,False
UC4_TCGCCCAACTGACTCC-1,BLIND_SECTION_06,False
UC4_TCGCCGACATATTCGC-1,BLIND_SECTION_06,False
UC4_TCGCCGCACCGCGTGA-1,BLIND_SECTION_06,False
UC4_TCGCTACTGGCTTTGA-1,BLIND_SECTION_06,True
UC4_TCGCTGCCAATGCTGT-1,BLIND_SECTION_06,False
UC4_TCGGACGCCCAGCCCA-1,BLIND_SECTION_06,False
UC4_TCGGAGTACATGAGTA-1,BLIND_SECTION_06,False
UC4_TCGGCAGGGTTAAGGG-1,BLIND_SECTION_06,False
UC4_TCGGCGAACCCAAACC-1,BLIND_SECTION_06,True
UC4_TCGGCGTACTGCACAA-1,BLIND_SECTION_06,False
UC4_TCGGCTTGTATCGACG-1,BLIND_SECTION_06,False
UC4_TCGGGAACGTGCCTAG-1,BLIND_SECTION_06,False
UC4_TCGGGATTCAAACATA-1,BLIND_SECTION_06,True
UC4_TCGGTCCCGACAATAG-1,BLIND_SECTION_06,False
UC4_TCGGTCCCTGACTCCA-1,BLIND_SECTION_06,True
UC4_TCGGTGACCGCTCCGG-1,BLIND_SECTION_06,False
UC4_TCGTAACTCCCAAGAC-1,BLIND_SECTION_06,False
UC4_TCGTAAGCTCCGAGGA-1,BLIND_SECTION_06,False
UC4_TCGTCTTAGGCGTTAA-1,BLIND_SECTION_06,False
UC4_TCGTGTATTGGTCACG-1,BLIND_SECTION_06,True
UC4_TCGTTAGGAGTCCCTA-1,BLIND_SECTION_06,False
UC4_TCGTTGCTATCCGGTC-1,BLIND_SECTION_06,False
UC4_TCGTTTACGCGACCCT-1,BLIND_SECTION_06,False
UC4_TCTACACGTTCATGCA-1,BLIND_SECTION_06,True
UC4_TCTACCCAATAGAGAG-1,BLIND_SECTION_06,False
UC4_TCTAGCATGCCCAGAA-1,BLIND_SECTION_06,True
UC4_TCTAGGTGGCGACGCT-1,BLIND_SECTION_06,True
UC4_TCTAGTTATCAGAAGA-1,BLIND_SECTION_06,False
UC4_TCTATAGGTGGGTAAT-1,BLIND_SECTION_06,False
UC4_TCTATCCGATTGCACA-1,BLIND_SECTION_06,True
UC4_TCTATCGGTCGCAACA-1,BLIND_SECTION_06,False
UC4_TCTATGCTATAACGAC-1,BLIND_SECTION_06,False
UC4_TCTCAAATCAATCGGG-1,BLIND_SECTION_06,True
UC4_TCTCAGGCTACTCGCT-1,BLIND_SECTION_06,False
UC4_TCTCATGAGATAGGGT-1,BLIND_SECTION_06,False
UC4_TCTCCAACGTAGGTTA-1,BLIND_SECTION_06,False
UC4_TCTCCACAAGTTGAAT-1,BLIND_SECTION_06,True
UC4_TCTCGAACGAGGTCAC-1,BLIND_SECTION_06,True
UC4_TCTCGACGTATCGCCG-1,BLIND_SECTION_06,False
UC4_TCTCGAGGAGGTTCGC-1,BLIND_SECTION_06,False
UC4_TCTCTCGCCGCACATA-1,BLIND_SECTION_06,True
UC4_TCTGAAGCACGTGGTC-1,BLIND_SECTION_06,True
UC4_TCTGAGCAATTGACTG-1,BLIND_SECTION_06,True
UC4_TCTGATGTATTCTGTC-1,BLIND_SECTION_06,True
UC4_TCTGATTGGAAATGGA-1,BLIND_SECTION_06,False
UC4_TCTGCATACCTTGCTT-1,BLIND_SECTION_06,False
UC4_TCTGCCAGAAACTGCA-1,BLIND_SECTION_06,False
UC4_TCTGGAGCGTAAGAGT-1,BLIND_SECTION_06,False
UC4_TCTGTGCCATCATAGT-1,BLIND_SECTION_06,False
UC4_TCTGTTTAGATTGTTC-1,BLIND_SECTION_06,False
UC4_TCTTAGAGCTCCAATT-1,BLIND_SECTION_06,False
UC4_TCTTCCCATGGGCACA-1,BLIND_SECTION_06,False
UC4_TCTTCGAATAGACGTT-1,BLIND_SECTION_06,False
UC4_TCTTCGCGGTGAGAGG-1,BLIND_SECTION_06,False
UC4_TCTTGGTAACACCAAA-1,BLIND_SECTION_06,False
UC4_TCTTTAAGACTATGAA-1,BLIND_SECTION_06,True
UC4_TCTTTAGAGTCTAACA-1,BLIND_SECTION_06,True
UC4_TCTTTCATCCGTCCTT-1,BLIND_SECTION_06,True
UC4_TCTTTCCTTCGAGATA-1,BLIND_SECTION_06,True
UC4_TGAAAGGACCTGACTC-1,BLIND_SECTION_06,False
UC4_TGAATACCGACGCGTA-1,BLIND_SECTION_06,False
UC4_TGAATATGCTATAAAC-1,BLIND_SECTION_06,True
UC4_TGACAACGCATGTCGC-1,BLIND_SECTION_06,False
UC4_TGACACTTCTCTTTGC-1,BLIND_SECTION_06,False
UC4_TGACATCGAGCGGACC-1,BLIND_SECTION_06,True
UC4_TGACCAGCTTCAAAGT-1,BLIND_SECTION_06,True
UC4_TGACTCCGAATCATAC-1,BLIND_SECTION_06,False
UC4_TGAGATTAGGCCCTAA-1,BLIND_SECTION_06,True
UC4_TGAGTGGTCCGTGACG-1,BLIND_SECTION_06,False
UC4_TGATCTACGCTGATCT-1,BLIND_SECTION_06,False
UC4_TGATCTATCACACTCT-1,BLIND_SECTION_06,False
UC4_TGATGTCAATTAAGTG-1,BLIND_SECTION_06,False
UC4_TGATTATGGCACGCAG-1,BLIND_SECTION_06,True
UC4_TGATTCAGGTCCCGCG-1,BLIND_SECTION_06,True
UC4_TGATTCCCGGTTACCT-1,BLIND_SECTION_06,False
UC4_TGCAACCCATCTGCGG-1,BLIND_SECTION_06,False
UC4_TGCAACTACTGGTTGA-1,BLIND_SECTION_06,False
UC4_TGCAATCTAACACGGT-1,BLIND_SECTION_06,False
UC4_TGCAATTTGGGCACGG-1,BLIND_SECTION_06,True
UC4_TGCACAGTGAAGTTAT-1,BLIND_SECTION_06,True
UC4_TGCAGGATCGGCAAAG-1,BLIND_SECTION_06,False
UC4_TGCATATGTCTGTCAC-1,BLIND_SECTION_06,False
UC4_TGCATGTGGTAATCTA-1,BLIND_SECTION_06,False
UC4_TGCCAATGGGTACTCT-1,BLIND_SECTION_06,False
UC4_TGCCAGTACGTGGAGA-1,BLIND_SECTION_06,False
UC4_TGCCCGATAGTTAGAA-1,BLIND_SECTION_06,True
UC4_TGCCCGTACCGTTAAA-1,BLIND_SECTION_06,False
UC4_TGCCTAAATTTAATAG-1,BLIND_SECTION_06,False
UC4_TGCCTAATTGAAGATT-1,BLIND_SECTION_06,False
UC4_TGCCTTGGCCAGGCAA-1,BLIND_SECTION_06,True
UC4_TGCGAGATGGCGGCCA-1,BLIND_SECTION_06,True
UC4_TGCGAGCCCTTCCGCG-1,BLIND_SECTION_06,False
UC4_TGCGCCGTTAATAACG-1,BLIND_SECTION_06,False
UC4_TGCGGACTTGACTCCG-1,BLIND_SECTION_06,True
UC4_TGCGGAGTAAAGGTGC-1,BLIND_SECTION_06,False
UC4_TGCGTCATGACTGAGC-1,BLIND_SECTION_06,True
UC4_TGCGTTTGTTGACACT-1,BLIND_SECTION_06,False
UC4_TGCTATACAAACGGAC-1,BLIND_SECTION_06,False
UC4_TGCTGTTGAAGAACTC-1,BLIND_SECTION_06,False
UC4_TGGACCAATCTAAGAT-1,BLIND_SECTION_06,True
UC4_TGGACTGTTCGCTCAA-1,BLIND_SECTION_06,False
UC4_TGGCAAACTAAATTAC-1,BLIND_SECTION_06,False
UC4_TGGCAATGGGACGGCG-1,BLIND_SECTION_06,False
UC4_TGGCAGATTACGATCA-1,BLIND_SECTION_06,True
UC4_TGGCAGCAGTAATAGT-1,BLIND_SECTION_06,True
UC4_TGGCCAATTTGGTACT-1,BLIND_SECTION_06,False
UC4_TGGCGACTGCTCCAAA-1,BLIND_SECTION_06,False
UC4_TGGCGATCAAGTTATG-1,BLIND_SECTION_06,False
UC4_TGGCTATGTGACATAC-1,BLIND_SECTION_06,False
UC4_TGGCTTGTACAAGCTT-1,BLIND_SECTION_06,True
UC4_TGGGATGCACTCATTC-1,BLIND_SECTION_06,True
UC4_TGGGCAATAGTTGGGT-1,BLIND_SECTION_06,True
UC4_TGGGCAGGCCACCGCA-1,BLIND_SECTION_06,True
UC4_TGGGTGCACAAGCCAT-1,BLIND_SECTION_06,True
UC4_TGGGTGGGATGTCATT-1,BLIND_SECTION_06,True
UC4_TGGTCCCACGCTACGG-1,BLIND_SECTION_06,True
UC4_TGGTTAACTTACATTT-1,BLIND_SECTION_06,False
UC4_TGGTTCAACGGGTAAT-1,BLIND_SECTION_06,False
UC4_TGGTTGGAGGATCCTG-1,BLIND_SECTION_06,True
UC4_TGTAATGACCACAATA-1,BLIND_SECTION_06,True
UC4_TGTACCCGACCCTAAT-1,BLIND_SECTION_06,True
UC4_TGTACCTACACGAGGG-1,BLIND_SECTION_06,True
UC4_TGTACGAACAAATCCG-1,BLIND_SECTION_06,True
UC4_TGTACTTCCGGGCATG-1,BLIND_SECTION_06,False
UC4_TGTAGCCAATTCCGTT-1,BLIND_SECTION_06,True
UC4_TGTAGCCATCCCATTC-1,BLIND_SECTION_06,False
UC4_TGTAGGAGAAATTTCC-1,BLIND_SECTION_06,False
UC4_TGTATCAGACTGAAGC-1,BLIND_SECTION_06,True
UC4_TGTATTTACCTAATGC-1,BLIND_SECTION_06,True
UC4_TGTGACTAGAGTTTGC-1,BLIND_SECTION_06,False
UC4_TGTGCCGGTGCCGGAA-1,BLIND_SECTION_06,False
UC4_TGTGTAGTAGCACGTG-1,BLIND_SECTION_06,False
UC4_TGTTGCCGTCGTCCCA-1,BLIND_SECTION_06,False
UC4_TGTTGTCAAGAAGTCT-1,BLIND_SECTION_06,False
UC4_TGTTTCTGAAGCGTGC-1,BLIND_SECTION_06,True
UC4_TTAAACTCGAATTCAT-1,BLIND_SECTION_06,False
UC4_TTAAAGTAAGTCGCCA-1,BLIND_SECTION_06,False
UC4_TTAAGGCCCGTACTTT-1,BLIND_SECTION_06,False
UC4_TTAAGTATTGTTATCC-1,BLIND_SECTION_06,False
UC4_TTAATCAGTACGTCAG-1,BLIND_SECTION_06,False
UC4_TTAATTGCTTTGGGTG-1,BLIND_SECTION_06,True
UC4_TTACACGATCTGCGAC-1,BLIND_SECTION_06,True
UC4_TTACATGCCACAACTA-1,BLIND_SECTION_06,True
UC4_TTACCCTAGGGATTGG-1,BLIND_SECTION_06,False
UC4_TTACTAAAGGACTTTA-1,BLIND_SECTION_06,False
UC4_TTACTCCGGCCGGGAA-1,BLIND_SECTION_06,False
UC4_TTACTGTCTAGAGCTC-1,BLIND_SECTION_06,False
UC4_TTAGAATAAGGGTCGG-1,BLIND_SECTION_06,False
UC4_TTAGACGAGTCACCTC-1,BLIND_SECTION_06,False
UC4_TTAGAGGGATATACAG-1,BLIND_SECTION_06,True
UC4_TTAGCATCCCTCACGT-1,BLIND_SECTION_06,True
UC4_TTAGCTAATACGATCT-1,BLIND_SECTION_06,False
UC4_TTAGTAAACCTGCTCT-1,BLIND_SECTION_06,True
UC4_TTATAGGTAATTGTCT-1,BLIND_SECTION_06,False
UC4_TTATATACGCTGTCAC-1,BLIND_SECTION_06,False
UC4_TTATATTTGGCAATCC-1,BLIND_SECTION_06,False
UC4_TTATCCTCAAGGAATA-1,BLIND_SECTION_06,False
UC4_TTATCTGACATTAGGA-1,BLIND_SECTION_06,False
UC4_TTATCTGTATCATAAC-1,BLIND_SECTION_06,False
UC4_TTATGAATGAAAGGGA-1,BLIND_SECTION_06,True
UC4_TTATGATCTTAACGAA-1,BLIND_SECTION_06,False
UC4_TTATTATCTGGAAGGC-1,BLIND_SECTION_06,True
UC4_TTCAAAGTCTCTAGCC-1,BLIND_SECTION_06,False
UC4_TTCACGAAAGGATCAC-1,BLIND_SECTION_06,True
UC4_TTCAGCCCTGGTCCAC-1,BLIND_SECTION_06,False
UC4_TTCAGCTGGCGTGCCC-1,BLIND_SECTION_06,False
UC4_TTCAGGCGTCAAAGCC-1,BLIND_SECTION_06,True
UC4_TTCCACACAGATTTGA-1,BLIND_SECTION_06,True
UC4_TTCCAGACGAGATTTA-1,BLIND_SECTION_06,False
UC4_TTCCATCATGCGGTGA-1,BLIND_SECTION_06,True
UC4_TTCCATCGACAGCGTG-1,BLIND_SECTION_06,False
UC4_TTCCCGGCGCCAATAG-1,BLIND_SECTION_06,False
UC4_TTCCGGCTCGACTTCT-1,BLIND_SECTION_06,True
UC4_TTCCGGTATCTGTGTC-1,BLIND_SECTION_06,False
UC4_TTCCTCGGACTAACCA-1,BLIND_SECTION_06,False
UC4_TTCCTCTGCCCGAATA-1,BLIND_SECTION_06,False
UC4_TTCGCGCGCCATACGA-1,BLIND_SECTION_06,False
UC4_TTCGCTAGGAAGTTGT-1,BLIND_SECTION_06,False
UC4_TTCGGACTGATGCCTT-1,BLIND_SECTION_06,True
UC4_TTCGGGACTAATCGCG-1,BLIND_SECTION_06,False
UC4_TTCGGGTTGCCACGGG-1,BLIND_SECTION_06,True
UC4_TTCTAGAAAGTCTTAT-1,BLIND_SECTION_06,False
UC4_TTCTCTTACAGGTGAT-1,BLIND_SECTION_06,True
UC4_TTCTGACCGGGCTCAA-1,BLIND_SECTION_06,True
UC4_TTCTGCCGCGCCTAGA-1,BLIND_SECTION_06,False
UC4_TTCTGCGGGTTAGCGG-1,BLIND_SECTION_06,True
UC4_TTCTGCTAGACTCCAA-1,BLIND_SECTION_06,False
UC4_TTCTTATCCGCTGGGT-1,BLIND_SECTION_06,False
UC4_TTCTTGCTAGCATCTC-1,BLIND_SECTION_06,False
UC4_TTGAAACCCTCATTCC-1,BLIND_SECTION_06,False
UC4_TTGAACGACGTGCTGA-1,BLIND_SECTION_06,False
UC4_TTGAAGGATGGGCGCC-1,BLIND_SECTION_06,True
UC4_TTGAATATGGACTTTC-1,BLIND_SECTION_06,False
UC4_TTGAATCGTTGTATAA-1,BLIND_SECTION_06,False
UC4_TTGACCAGGAACAACT-1,BLIND_SECTION_06,True
UC4_TTGACCATGTTCTCCG-1,BLIND_SECTION_06,False
UC4_TTGACGCTCCATGAGC-1,BLIND_SECTION_06,True
UC4_TTGACTATTGTCCGGC-1,BLIND_SECTION_06,False
UC4_TTGAGAAGTTTAGCAT-1,BLIND_SECTION_06,False
UC4_TTGAGCGCCACGTGAT-1,BLIND_SECTION_06,False
UC4_TTGAGGCATTTAACTC-1,BLIND_SECTION_06,True
UC4_TTGAGTCCCGCTGCTG-1,BLIND_SECTION_06,False
UC4_TTGCCGCAGACCTACA-1,BLIND_SECTION_06,False
UC4_TTGCCGCTTTCTAGTA-1,BLIND_SECTION_06,True
UC4_TTGCCGGTGATCCCTC-1,BLIND_SECTION_06,True
UC4_TTGCCTTCTCGCCGGG-1,BLIND_SECTION_06,False
UC4_TTGCGTGAACGCTTAG-1,BLIND_SECTION_06,False
UC4_TTGCGTGTGTAGGCAT-1,BLIND_SECTION_06,False
UC4_TTGCTCATAGTACGTG-1,BLIND_SECTION_06,False
UC4_TTGCTCCCATACCGGA-1,BLIND_SECTION_06,False
UC4_TTGGACCATCTGGCAA-1,BLIND_SECTION_06,True
UC4_TTGGACCTATAACAGT-1,BLIND_SECTION_06,False
UC4_TTGGATATCGTCTACG-1,BLIND_SECTION_06,True
UC4_TTGGCCAAATTGTATC-1,BLIND_SECTION_06,True
UC4_TTGGCTCAATATGTGT-1,BLIND_SECTION_06,False
UC4_TTGGGACGTAAGAGTT-1,BLIND_SECTION_06,False
UC4_TTGGTTCGCTCAAAGG-1,BLIND_SECTION_06,False
UC4_TTGGTTGCGGTGCGCG-1,BLIND_SECTION_06,False
UC4_TTGTAAGGCCAGTTGG-1,BLIND_SECTION_06,False
UC4_TTGTAATCCGTACTCG-1,BLIND_SECTION_06,False
UC4_TTGTGAACCTAATCCG-1,BLIND_SECTION_06,False
UC4_TTGTGCAGCCACGTCA-1,BLIND_SECTION_06,False
UC4_TTGTGGTGGTACTAAG-1,BLIND_SECTION_06,False
UC4_TTGTTCAGTGTGCTAC-1,BLIND_SECTION_06,False
UC4_TTGTTTCACATCCAGG-1,BLIND_SECTION_06,False
UC5_AAACAAGTATCTCCCA-1,BLIND_SECTION_07,False
UC5_AAACACCAATAACTGC-1,BLIND_SECTION_07,True
UC5_AAACAGGGTCTATATT-1,BLIND_SECTION_07,True
UC5_AAACCGGGTAGGTACC-1,BLIND_SECTION_07,True
UC5_AAACGAGACGGTTGAT-1,BLIND_SECTION_07,False
UC5_AAACTTGCAAACGTAT-1,BLIND_SECTION_07,False
UC5_AAAGTAGCATTGCTCA-1,BLIND_SECTION_07,True
UC5_AAAGTTGACTCCCGTA-1,BLIND_SECTION_07,True
UC5_AAATAGCTTAGACTTT-1,BLIND_SECTION_07,True
UC5_AAATAGGGTGCTATTG-1,BLIND_SECTION_07,False
UC5_AAATGGCCCGTGCCCT-1,BLIND_SECTION_07,True
UC5_AAATGGTCAATGTGCC-1,BLIND_SECTION_07,False
UC5_AAATTACCTATCGATG-1,BLIND_SECTION_07,True
UC5_AAATTCCAGGTCCAAA-1,BLIND_SECTION_07,True
UC5_AACAACTGGTAGTTGC-1,BLIND_SECTION_07,False
UC5_AACACACGCTCGCCGC-1,BLIND_SECTION_07,False
UC5_AACACGAGACGCGGCC-1,BLIND_SECTION_07,True
UC5_AACAGGTAGTATGGAT-1,BLIND_SECTION_07,False
UC5_AACATATCAACTGGTG-1,BLIND_SECTION_07,False
UC5_AACCCATCCCATGATC-1,BLIND_SECTION_07,True
UC5_AACCCTACTGTCAATA-1,BLIND_SECTION_07,True
UC5_AACCTCGCTTTAGCCC-1,BLIND_SECTION_07,False
UC5_AACGCTGTTGCTGAAA-1,BLIND_SECTION_07,True
UC5_AACGGACGTACGTATA-1,BLIND_SECTION_07,False
UC5_AACGTGCGAAAGTCTC-1,BLIND_SECTION_07,True
UC5_AACTCTCAATAGAGCG-1,BLIND_SECTION_07,False
UC5_AAGAGCTCTTTATCGG-1,BLIND_SECTION_07,False
UC5_AAGAGGCATGGATCGC-1,BLIND_SECTION_07,False
UC5_AAGATTGGCGGAACGT-1,BLIND_SECTION_07,False
UC5_AAGCACCCTGCGTATC-1,BLIND_SECTION_07,False
UC5_AAGCCGAAGCGGTTTA-1,BLIND_SECTION_07,False
UC5_AAGCTCGTGCCAAGTC-1,BLIND_SECTION_07,True
UC5_AAGCTCTTTCATGGTG-1,BLIND_SECTION_07,False
UC5_AAGGAGCGGTTGGTGC-1,BLIND_SECTION_07,True
UC5_AAGGATCGATCGCTTG-1,BLIND_SECTION_07,True
UC5_AAGGATGAGGGACCTC-1,BLIND_SECTION_07,True
UC5_AAGGGACAGATTCTGT-1,BLIND_SECTION_07,True
UC5_AAGGTATCCTAATATA-1,BLIND_SECTION_07,False
UC5_AAGTGCGTTAGAATCT-1,BLIND_SECTION_07,False
UC5_AAGTGTTTGGAGACGG-1,BLIND_SECTION_07,False
UC5_AAGTTCACTCCAAGCT-1,BLIND_SECTION_07,False
UC5_AAGTTCGGCCAACAGG-1,BLIND_SECTION_07,False
UC5_AATATCGAGGGTTCTC-1,BLIND_SECTION_07,True
UC5_AATCGCCTCAGCGCCA-1,BLIND_SECTION_07,False
UC5_AATCTAGGTTTACTTG-1,BLIND_SECTION_07,True
UC5_AATCTGCGTTGGGACG-1,BLIND_SECTION_07,False
UC5_AATCTGGCTTTCTAGT-1,BLIND_SECTION_07,True
UC5_AATGACAGCAATGTCT-1,BLIND_SECTION_07,False
UC5_AATGATGATACGCTAT-1,BLIND_SECTION_07,True
UC5_AATGTGCCCGAGGTGT-1,BLIND_SECTION_07,False
UC5_AATTAAAGGTCGGCGT-1,BLIND_SECTION_07,False
UC5_AATTAACGGATTTCCA-1,BLIND_SECTION_07,False
UC5_AATTCATAAGGGATCT-1,BLIND_SECTION_07,True
UC5_ACAAGGATGCTTTAGG-1,BLIND_SECTION_07,False
UC5_ACAATAGTCGTACGTT-1,BLIND_SECTION_07,True
UC5_ACAATCCATTTAAACC-1,BLIND_SECTION_07,True
UC5_ACAATGAATACGGAGA-1,BLIND_SECTION_07,False
UC5_ACAATTGTGTCTCTTT-1,BLIND_SECTION_07,False
UC5_ACAATTTGAGCAGTGG-1,BLIND_SECTION_07,False
UC5_ACACACCAGGACCAGT-1,BLIND_SECTION_07,False
UC5_ACAGAACTGAGAACAA-1,BLIND_SECTION_07,False
UC5_ACAGGCTTGCCCGACT-1,BLIND_SECTION_07,False
UC5_ACAGTAATACAACTTG-1,BLIND_SECTION_07,True
UC5_ACATCCTGGTAACTGT-1,BLIND_SECTION_07,False
UC5_ACATGGCGCCAAAGTA-1,BLIND_SECTION_07,False
UC5_ACCAGTGCGGGAGACG-1,BLIND_SECTION_07,False
UC5_ACCATATCCGCAATAA-1,BLIND_SECTION_07,False
UC5_ACCATCCGCCAACTAG-1,BLIND_SECTION_07,True
UC5_ACCATCGTATATGGTA-1,BLIND_SECTION_07,False
UC5_ACCCAACGCCCGTGGC-1,BLIND_SECTION_07,False
UC5_ACCCATCTTGAGGGTA-1,BLIND_SECTION_07,True
UC5_ACCCGAGCGAAATTAC-1,BLIND_SECTION_07,True
UC5_ACCCGGAAACTCCCAG-1,BLIND_SECTION_07,False
UC5_ACCCGGATGACGCATC-1,BLIND_SECTION_07,True
UC5_ACCCGGTTACACTTCC-1,BLIND_SECTION_07,False
UC5_ACCGAAGAGTCTGGTT-1,BLIND_SECTION_07,True
UC5_ACCGACACATCTCCCA-1,BLIND_SECTION_07,False
UC5_ACCGATGGTAGCATCG-1,BLIND_SECTION_07,False
UC5_ACCGGGCCTTTGTTGA-1,BLIND_SECTION_07,False
UC5_ACCGGTCAGGTACACC-1,BLIND_SECTION_07,True
UC5_ACCTAAGTACCTTTCA-1,BLIND_SECTION_07,False
UC5_ACCTCCGTTATTCACC-1,BLIND_SECTION_07,True
UC5_ACCTGCGTGTCATGTT-1,BLIND_SECTION_07,False
UC5_ACGAGGATACCACTCT-1,BLIND_SECTION_07,True
UC5_ACGAGGTTTACAACGT-1,BLIND_SECTION_07,False
UC5_ACGATCATCTTGTAAA-1,BLIND_SECTION_07,True
UC5_ACGCGCTACACAGGGT-1,BLIND_SECTION_07,True
UC5_ACGCTAGTGATACACT-1,BLIND_SECTION_07,True
UC5_ACGGACTCTCAAAGCG-1,BLIND_SECTION_07,False
UC5_ACGGATGGTGCGGATA-1,BLIND_SECTION_07,False
UC5_ACGGGAGTGTCGGCCC-1,BLIND_SECTION_07,False
UC5_ACGTATTACTCCGATC-1,BLIND_SECTION_07,False
UC5_ACGTTAATGTCGAAGA-1,BLIND_SECTION_07,False
UC5_ACGTTAGATTTGCCCG-1,BLIND_SECTION_07,True
UC5_ACGTTCGCAATCAATT-1,BLIND_SECTION_07,True
UC5_ACTAGTTGCGATCGTC-1,BLIND_SECTION_07,False
UC5_ACTATCCAGGGCATGG-1,BLIND_SECTION_07,False
UC5_ACTCAAGTGCAAGGCT-1,BLIND_SECTION_07,False
UC5_ACTCCAATATCATCAT-1,BLIND_SECTION_07,False
UC5_ACTCCCATTCCTAAAG-1,BLIND_SECTION_07,True
UC5_ACTCCCGAATTCGTTT-1,BLIND_SECTION_07,True
UC5_ACTCCCTAATGCTAAA-1,BLIND_SECTION_07,False
UC5_ACTCGTAACCCGTCCT-1,BLIND_SECTION_07,False
UC5_ACTCGTCAGTAATCCC-1,BLIND_SECTION_07,False
UC5_ACTCTCTGACTTAGGT-1,BLIND_SECTION_07,False
UC5_ACTGAAACGCCGTTAG-1,BLIND_SECTION_07,False
UC5_ACTGCTCGGAAGGATG-1,BLIND_SECTION_07,True
UC5_ACTGTACGATACACAT-1,BLIND_SECTION_07,False
UC5_ACTTACGCATCCACGC-1,BLIND_SECTION_07,False
UC5_ACTTATACTTACCCGG-1,BLIND_SECTION_07,False
UC5_ACTTATTTATGTGCCA-1,BLIND_SECTION_07,False
UC5_ACTTCAGGCTGATCCC-1,BLIND_SECTION_07,True
UC5_ACTTCCATGCGGGACA-1,BLIND_SECTION_07,False
UC5_ACTTGGGACCCGGTGG-1,BLIND_SECTION_07,True
UC5_ACTTTACCCTCATGAA-1,BLIND_SECTION_07,True
UC5_AGAAGGTACACTTCAC-1,BLIND_SECTION_07,True
UC5_AGAAGTGATTCGTGAT-1,BLIND_SECTION_07,False
UC5_AGAATTATGGATTCGA-1,BLIND_SECTION_07,False
UC5_AGACCAAACCACACCT-1,BLIND_SECTION_07,True
UC5_AGACGAAGTGCCGGTC-1,BLIND_SECTION_07,False
UC5_AGACTAGCCTTCCAGA-1,BLIND_SECTION_07,True
UC5_AGAGAACCGTCTAGGA-1,BLIND_SECTION_07,False
UC5_AGATAACTTCAGGGCC-1,BLIND_SECTION_07,True
UC5_AGATACCGGTGTTCAC-1,BLIND_SECTION_07,False
UC5_AGATCGTGCATAAGAT-1,BLIND_SECTION_07,True
UC5_AGATCTCAGGTGTGAT-1,BLIND_SECTION_07,False
UC5_AGATGATGGAGTCTGG-1,BLIND_SECTION_07,True
UC5_AGATTATAGGACGTTT-1,BLIND_SECTION_07,False
UC5_AGATTCACAACCGATA-1,BLIND_SECTION_07,True
UC5_AGCAAAGGCCGCTAGT-1,BLIND_SECTION_07,False
UC5_AGCAACATATCTTATT-1,BLIND_SECTION_07,False
UC5_AGCAACCGAAAGTAAT-1,BLIND_SECTION_07,True
UC5_AGCACTACCTCACCAG-1,BLIND_SECTION_07,False
UC5_AGCACTTAAGGACGCC-1,BLIND_SECTION_07,True
UC5_AGCATATCAATATGCT-1,BLIND_SECTION_07,False
UC5_AGCATCATTTCGAAAG-1,BLIND_SECTION_07,True
UC5_AGCCGTGGCTAAATGT-1,BLIND_SECTION_07,False
UC5_AGCCTAATACCCACGT-1,BLIND_SECTION_07,True
UC5_AGCGCGGGTGCCAATG-1,BLIND_SECTION_07,True
UC5_AGCGGCGGTTAGCGGT-1,BLIND_SECTION_07,True
UC5_AGCTAGAAGCAGAAGT-1,BLIND_SECTION_07,True
UC5_AGCTCCTTCGCACATC-1,BLIND_SECTION_07,False
UC5_AGCTCTAGACGTTCCA-1,BLIND_SECTION_07,True
UC5_AGCTCTTCGTAACCTT-1,BLIND_SECTION_07,True
UC5_AGCTGTAACCTCAATC-1,BLIND_SECTION_07,False
UC5_AGGACGACCCATTAGA-1,BLIND_SECTION_07,False
UC5_AGGATCACGCGATCTG-1,BLIND_SECTION_07,True
UC5_AGGCATTGTCGTAGGG-1,BLIND_SECTION_07,False
UC5_AGGCCCTAGAACGCCA-1,BLIND_SECTION_07,True
UC5_AGGCGGTTTGTCCCGC-1,BLIND_SECTION_07,False
UC5_AGGGACCGGCTGCGTT-1,BLIND_SECTION_07,True
UC5_AGGGCGAGCAGCTGAT-1,BLIND_SECTION_07,False
UC5_AGGGTCGATGCGAACT-1,BLIND_SECTION_07,False
UC5_AGGGTGCTCTCGAGGG-1,BLIND_SECTION_07,False
UC5_AGGGTTCCCTTTGGTT-1,BLIND_SECTION_07,False
UC5_AGGTAGGTACAAAGCT-1,BLIND_SECTION_07,False
UC5_AGGTATAATTGATAGT-1,BLIND_SECTION_07,True
UC5_AGGTCAGGTGAGAGTG-1,BLIND_SECTION_07,True
UC5_AGTACGGGCACCTGGC-1,BLIND_SECTION_07,False
UC5_AGTACTCTTATGCCCA-1,BLIND_SECTION_07,False
UC5_AGTCAACACCACCATC-1,BLIND_SECTION_07,False
UC5_AGTCAAGATGACACTT-1,BLIND_SECTION_07,False
UC5_AGTCGGCTCAACTTTA-1,BLIND_SECTION_07,False
UC5_AGTCGTCGACCACCAA-1,BLIND_SECTION_07,True
UC5_AGTCGTGGGCATTACG-1,BLIND_SECTION_07,False
UC5_AGTCTCACAAGACTAC-1,BLIND_SECTION_07,False
UC5_AGTGACCTACTTTACG-1,BLIND_SECTION_07,False
UC5_AGTGAGCCTCGCCGCC-1,BLIND_SECTION_07,True
UC5_AGTGATAACCTGCGCG-1,BLIND_SECTION_07,False
UC5_AGTGATTCAAGCAGGA-1,BLIND_SECTION_07,False
UC5_AGTGCACGCTTAAGAA-1,BLIND_SECTION_07,False
UC5_AGTGCTTGCACGAATA-1,BLIND_SECTION_07,False
UC5_AGTGGCGGCAATTTGA-1,BLIND_SECTION_07,True
UC5_AGTTAAGTCAACCGCT-1,BLIND_SECTION_07,False
UC5_AGTTCCTACAGAATTA-1,BLIND_SECTION_07,True
UC5_AGTTTGCACCTGCCTC-1,BLIND_SECTION_07,False
UC5_AGTTTGGCACGGGTTG-1,BLIND_SECTION_07,False
UC5_AGTTTGGCCAGACCTA-1,BLIND_SECTION_07,False
UC5_ATAAAGGCTCGGTCGT-1,BLIND_SECTION_07,False
UC5_ATAACGCCGGAGGGTC-1,BLIND_SECTION_07,False
UC5_ATAAGTAGGATTCAGA-1,BLIND_SECTION_07,True
UC5_ATAAGTAGGGCGACTC-1,BLIND_SECTION_07,False
UC5_ATAATCTTGGAGAACC-1,BLIND_SECTION_07,False
UC5_ATACGCCGGCGAAACC-1,BLIND_SECTION_07,False
UC5_ATACGGAACGTCGTTT-1,BLIND_SECTION_07,True
UC5_ATACGGGTTTCGATTG-1,BLIND_SECTION_07,True
UC5_ATACGTACTTAGCCAC-1,BLIND_SECTION_07,False
UC5_ATACGTCCACTCCTGT-1,BLIND_SECTION_07,False
UC5_ATACTGCCTTACACCG-1,BLIND_SECTION_07,False
UC5_ATAGACAACGGGACCT-1,BLIND_SECTION_07,True
UC5_ATAGAGTACTGGGACA-1,BLIND_SECTION_07,False
UC5_ATAGAGTTATCAACTT-1,BLIND_SECTION_07,True
UC5_ATAGGCGGCTATAGAA-1,BLIND_SECTION_07,False
UC5_ATAGGCTAGCTTCGCA-1,BLIND_SECTION_07,True
UC5_ATAGTTCCACCCACTC-1,BLIND_SECTION_07,True
UC5_ATATAAAGCGCTCGTG-1,BLIND_SECTION_07,False
UC5_ATATCAACCTACAGAG-1,BLIND_SECTION_07,True
UC5_ATATCGGTAGGGAGAT-1,BLIND_SECTION_07,True
UC5_ATATCGTTCCTCGAAC-1,BLIND_SECTION_07,False
UC5_ATATCTCCCTCGTTAA-1,BLIND_SECTION_07,True
UC5_ATATGTCTCCCTAGCC-1,BLIND_SECTION_07,False
UC5_ATCAAACGAAGGTTTG-1,BLIND_SECTION_07,False
UC5_ATCAGACGGCACGCCG-1,BLIND_SECTION_07,False
UC5_ATCAGCCTCATGCTGC-1,BLIND_SECTION_07,False
UC5_ATCAGCTCGTCCACTA-1,BLIND_SECTION_07,True
UC5_ATCAGTAGGCAGGGAT-1,BLIND_SECTION_07,True
UC5_ATCCAATGGAGGGTCC-1,BLIND_SECTION_07,True
UC5_ATCCACATCGACAGAA-1,BLIND_SECTION_07,False
UC5_ATCCAGGATTCGTGAA-1,BLIND_SECTION_07,False
UC5_ATCCTACCTAAGCTCT-1,BLIND_SECTION_07,False
UC5_ATCGGCAAGCAGTCCA-1,BLIND_SECTION_07,False
UC5_ATCTGCACCTCTGCGA-1,BLIND_SECTION_07,False
UC5_ATCTGGGCTGTTCTTG-1,BLIND_SECTION_07,False
UC5_ATCTTGACCTGCAACG-1,BLIND_SECTION_07,True
UC5_ATCTTGACTTGTCCAA-1,BLIND_SECTION_07,True
UC5_ATGACGCGTTCTATCC-1,BLIND_SECTION_07,False
UC5_ATGCACGCGCTGTTCA-1,BLIND_SECTION_07,True
UC5_ATGCACTACCGCATTG-1,BLIND_SECTION_07,True
UC5_ATGCCATTTGCGACCA-1,BLIND_SECTION_07,False
UC5_ATGCCGGTCTTGCATA-1,BLIND_SECTION_07,False
UC5_ATGCTCTGGCGCGGTA-1,BLIND_SECTION_07,False
UC5_ATGGGACCTGCTGAAC-1,BLIND_SECTION_07,True
UC5_ATGTAAGGCTGCTCTT-1,BLIND_SECTION_07,True
UC5_ATGTGAAAGCCTAATG-1,BLIND_SECTION_07,True
UC5_ATTAATGAACCAGTCG-1,BLIND_SECTION_07,True
UC5_ATTACGCGCTGGCAGG-1,BLIND_SECTION_07,True
UC5_ATTACTTACTGGGCAT-1,BLIND_SECTION_07,True
UC5_ATTCACTGATGTTGGA-1,BLIND_SECTION_07,True
UC5_ATTCAGGACCTATTTC-1,BLIND_SECTION_07,True
UC5_ATTGAAGATCTTAGTG-1,BLIND_SECTION_07,True
UC5_ATTGATGAGTCCTAAC-1,BLIND_SECTION_07,False
UC5_ATTGCGATCAGTAACT-1,BLIND_SECTION_07,False
UC5_ATTGCTGCTCCTCCAT-1,BLIND_SECTION_07,True
UC5_ATTGGATTACAGCGTA-1,BLIND_SECTION_07,False
UC5_ATTGTACAACTCGGCT-1,BLIND_SECTION_07,True
UC5_ATTTACAGTTTACTGG-1,BLIND_SECTION_07,True
UC5_ATTTACTAAGTCCATT-1,BLIND_SECTION_07,True
UC5_ATTTGCGCGAGTAGCT-1,BLIND_SECTION_07,False
UC5_ATTTGTCTTGGGAGCT-1,BLIND_SECTION_07,False
UC5_CAAATCTCTCACAAGG-1,BLIND_SECTION_07,False
UC5_CAAGCAACGTCGGAGT-1,BLIND_SECTION_07,True
UC5_CAAGGTCCTATAGGCT-1,BLIND_SECTION_07,True
UC5_CAATGCGAGAAGTATC-1,BLIND_SECTION_07,False
UC5_CAATGGATCTCTACCA-1,BLIND_SECTION_07,False
UC5_CAATGTGCCAACCCTT-1,BLIND_SECTION_07,False
UC5_CACAATGAGCTGCTAT-1,BLIND_SECTION_07,False
UC5_CACACGCGCTGTCTTA-1,BLIND_SECTION_07,False
UC5_CACAGGGCCATATAGT-1,BLIND_SECTION_07,True
UC5_CACATCTCACCGACGA-1,BLIND_SECTION_07,False
UC5_CACCCAAATCTTATGT-1,BLIND_SECTION_07,True
UC5_CACCCACGAGGCAATT-1,BLIND_SECTION_07,True
UC5_CACCCTAACAAGATCT-1,BLIND_SECTION_07,False
UC5_CACCCTTGGTGAGACC-1,BLIND_SECTION_07,True
UC5_CACCGTATCCCATCCG-1,BLIND_SECTION_07,False
UC5_CACCGTTGCGCGATAT-1,BLIND_SECTION_07,False
UC5_CACCTTGCGAAACTCG-1,BLIND_SECTION_07,False
UC5_CACGCAGCGAGGCTTT-1,BLIND_SECTION_07,True
UC5_CACGCGGAACTGTTGC-1,BLIND_SECTION_07,True
UC5_CACGTTCGTGCTCTAG-1,BLIND_SECTION_07,False
UC5_CACGTTTCGTACACAC-1,BLIND_SECTION_07,True
UC5_CACTAAAGTTGCCTAT-1,BLIND_SECTION_07,False
UC5_CAGAACTTAGCCCTCT-1,BLIND_SECTION_07,False
UC5_CAGACCTGTAAGTGTT-1,BLIND_SECTION_07,False
UC5_CAGATACTAACATAGT-1,BLIND_SECTION_07,False
UC5_CAGATCCTGGTTTGAA-1,BLIND_SECTION_07,True
UC5_CAGCAGCCCGTTCCTT-1,BLIND_SECTION_07,False
UC5_CAGCAGTCCAGACTAT-1,BLIND_SECTION_07,False
UC5_CAGCAGTCTGTGCTGC-1,BLIND_SECTION_07,False
UC5_CAGCTCGACAAGTTAA-1,BLIND_SECTION_07,False
UC5_CAGCTGGCGTAACCGT-1,BLIND_SECTION_07,False
UC5_CAGGCGCACGGTGGTC-1,BLIND_SECTION_07,False
UC5_CAGTACCAGTTTACGT-1,BLIND_SECTION_07,True
UC5_CAGTAGCCCACGCGGT-1,BLIND_SECTION_07,True
UC5_CAGTCGAGGATGCAAT-1,BLIND_SECTION_07,True
UC5_CAGTGAATAAATGACT-1,BLIND_SECTION_07,False
UC5_CAGTTCAAATTGACAC-1,BLIND_SECTION_07,False
UC5_CATAACGGACAGTCGT-1,BLIND_SECTION_07,False
UC5_CATAAGAAGCTTGGCT-1,BLIND_SECTION_07,False
UC5_CATACCCGTACCCAGT-1,BLIND_SECTION_07,True
UC5_CATAGTCCACAAGAAC-1,BLIND_SECTION_07,False
UC5_CATATGTCAGGCTACG-1,BLIND_SECTION_07,False
UC5_CATCATTACCCTGAGG-1,BLIND_SECTION_07,False
UC5_CATCCTCTCAAAGATC-1,BLIND_SECTION_07,True
UC5_CATCTTACACCACCTC-1,BLIND_SECTION_07,False
UC5_CATGACTTCGCTGAAT-1,BLIND_SECTION_07,True
UC5_CATGAGATGCACTCTC-1,BLIND_SECTION_07,False
UC5_CATGCCAACTCGCAAA-1,BLIND_SECTION_07,True
UC5_CATGCGACCAGTTTAA-1,BLIND_SECTION_07,True
UC5_CATGGATTGTCTTCCG-1,BLIND_SECTION_07,False
UC5_CATGGGTATGCCTTAT-1,BLIND_SECTION_07,False
UC5_CATGGGTCGGGTGTGG-1,BLIND_SECTION_07,True
UC5_CATGTAAGAGACATTT-1,BLIND_SECTION_07,False
UC5_CATTATGCTTGTTGTG-1,BLIND_SECTION_07,True
UC5_CATTTAGCGGACCATG-1,BLIND_SECTION_07,False
UC5_CCAACGATGCACTGAT-1,BLIND_SECTION_07,True
UC5_CCAATAGTGCCGTCGA-1,BLIND_SECTION_07,True
UC5_CCAATGTCACAGCAAG-1,BLIND_SECTION_07,False
UC5_CCAATTACGGGTCGAG-1,BLIND_SECTION_07,False
UC5_CCACAATGTACGTCTT-1,BLIND_SECTION_07,False
UC5_CCACACTGAGATATTA-1,BLIND_SECTION_07,False
UC5_CCACAGTACCCATCCT-1,BLIND_SECTION_07,False
UC5_CCACCCAAGGAAAGTG-1,BLIND_SECTION_07,True
UC5_CCACGGTGCCCGGTAG-1,BLIND_SECTION_07,True
UC5_CCAGATAGTTGAGTGA-1,BLIND_SECTION_07,False
UC5_CCAGGGACGTGGCCTC-1,BLIND_SECTION_07,False
UC5_CCAGTAGTCTGATCCA-1,BLIND_SECTION_07,True
UC5_CCAGTCTAGACGGCGC-1,BLIND_SECTION_07,True
UC5_CCATACCTTTACTTGT-1,BLIND_SECTION_07,True
UC5_CCATATGGAAACTATA-1,BLIND_SECTION_07,False
UC5_CCATCTCACCAGTGAA-1,BLIND_SECTION_07,False
UC5_CCATGCCCTAGATTTC-1,BLIND_SECTION_07,True
UC5_CCATGCCTGTTTAGTA-1,BLIND_SECTION_07,True
UC5_CCATTAGCGATAATCC-1,BLIND_SECTION_07,True
UC5_CCATTCCCTGCCCACA-1,BLIND_SECTION_07,True
UC5_CCCAAACATGCTGCTC-1,BLIND_SECTION_07,False
UC5_CCCAACATACGTCGCG-1,BLIND_SECTION_07,False
UC5_CCCAATTTCACAACTT-1,BLIND_SECTION_07,True
UC5_CCCAGTAAACTTGGGA-1,BLIND_SECTION_07,True
UC5_CCCGGTGTATCGGAAT-1,BLIND_SECTION_07,True
UC5_CCCTCCTCGCTCGTAT-1,BLIND_SECTION_07,False
UC5_CCGAACACTGGGCCTC-1,BLIND_SECTION_07,False
UC5_CCGACGGGCATGAGGT-1,BLIND_SECTION_07,False
UC5_CCGATCTCAACCTTAT-1,BLIND_SECTION_07,True
UC5_CCGCACAAAGACCAAC-1,BLIND_SECTION_07,False
UC5_CCGCCGGAACTTCTCG-1,BLIND_SECTION_07,False
UC5_CCGGCACGACCGTTTC-1,BLIND_SECTION_07,True
UC5_CCGGCGTGAGACTCTG-1,BLIND_SECTION_07,True
UC5_CCGGGCTGCTCCATAC-1,BLIND_SECTION_07,False
UC5_CCGGGTTCGAGGTTAC-1,BLIND_SECTION_07,True
UC5_CCGTATCTCGTCGTAG-1,BLIND_SECTION_07,False
UC5_CCTAACCCAAACAAGT-1,BLIND_SECTION_07,False
UC5_CCTAACTAAGGCTCTA-1,BLIND_SECTION_07,True
UC5_CCTACATTCACAGACG-1,BLIND_SECTION_07,False
UC5_CCTACTGCTTACACTT-1,BLIND_SECTION_07,False
UC5_CCTAGGTAAAGGTAGC-1,BLIND_SECTION_07,True
UC5_CCTATAATGAGTGCCC-1,BLIND_SECTION_07,False
UC5_CCTATGAAGTGGTGCC-1,BLIND_SECTION_07,True
UC5_CCTCACCTGAGGGAGC-1,BLIND_SECTION_07,True
UC5_CCTCACCTTAGCATCG-1,BLIND_SECTION_07,True
UC5_CCTCCGACAATTCAAG-1,BLIND_SECTION_07,False
UC5_CCTCGCGCGATATAGG-1,BLIND_SECTION_07,True
UC5_CCTCGGACCGGGATAG-1,BLIND_SECTION_07,False
UC5_CCTCTATCGATTAGCA-1,BLIND_SECTION_07,False
UC5_CCTCTCTCCCATCTAG-1,BLIND_SECTION_07,True
UC5_CCTGAACGATATATTC-1,BLIND_SECTION_07,False
UC5_CCTGCTATTTGAGAAG-1,BLIND_SECTION_07,False
UC5_CCTGGCTAGACCCGCC-1,BLIND_SECTION_07,False
UC5_CCTGGTCGAATGTGGG-1,BLIND_SECTION_07,False
UC5_CCTGTAAGACATGATA-1,BLIND_SECTION_07,True
UC5_CCTGTTTGAAGACACG-1,BLIND_SECTION_07,True
UC5_CCTTCTCAGCGTTCCT-1,BLIND_SECTION_07,True
UC5_CCTTTCAATGAAGAAA-1,BLIND_SECTION_07,True
UC5_CGAAACGCAATTCATG-1,BLIND_SECTION_07,False
UC5_CGAACAGTATGGGCGT-1,BLIND_SECTION_07,False
UC5_CGAACGGCCGGACAAC-1,BLIND_SECTION_07,True
UC5_CGAAGTTGCTCTGTGT-1,BLIND_SECTION_07,True
UC5_CGACAATTTGATCTAA-1,BLIND_SECTION_07,True
UC5_CGACAGTTCGCGTTAT-1,BLIND_SECTION_07,True
UC5_CGACCCTTAACGCCGG-1,BLIND_SECTION_07,True
UC5_CGACGCATCCGTACCT-1,BLIND_SECTION_07,True
UC5_CGACTCAGGATGTTAT-1,BLIND_SECTION_07,True
UC5_CGACTTTGTATAGCCT-1,BLIND_SECTION_07,True
UC5_CGAGTGAAGGTACCAG-1,BLIND_SECTION_07,False
UC5_CGAGTTCTGTCCCACC-1,BLIND_SECTION_07,False
UC5_CGAGTTTATCGGACTG-1,BLIND_SECTION_07,False
UC5_CGATACCTCGCGGACA-1,BLIND_SECTION_07,False
UC5_CGATCCGACCCAGTGC-1,BLIND_SECTION_07,True
UC5_CGATCTGTTGGAGGAC-1,BLIND_SECTION_07,True
UC5_CGATGGACCCTACGCC-1,BLIND_SECTION_07,True
UC5_CGATGTTGTTATCTAC-1,BLIND_SECTION_07,True
UC5_CGATTCGCCTGGCTGC-1,BLIND_SECTION_07,False
UC5_CGCAATTAGGGTAATA-1,BLIND_SECTION_07,True
UC5_CGCACATGTCCACTAC-1,BLIND_SECTION_07,False
UC5_CGCACGTGCGCTATCA-1,BLIND_SECTION_07,False
UC5_CGCAGGCGATCCAAAC-1,BLIND_SECTION_07,False
UC5_CGCCACAGGTCGCGAT-1,BLIND_SECTION_07,True
UC5_CGCCGCCCATGCCTGT-1,BLIND_SECTION_07,False
UC5_CGCCTCCCTCCTCTAT-1,BLIND_SECTION_07,False
UC5_CGCGACCGCGACAGAT-1,BLIND_SECTION_07,False
UC5_CGCGAGTCTGCCGGGT-1,BLIND_SECTION_07,False
UC5_CGCGCAAATGTCCAGA-1,BLIND_SECTION_07,False
UC5_CGCGGCTCAACTTGAA-1,BLIND_SECTION_07,True
UC5_CGCGTTCATGAAATAC-1,BLIND_SECTION_07,False
UC5_CGCTACGGGACATTTA-1,BLIND_SECTION_07,False
UC5_CGCTAGAGACCGCTGC-1,BLIND_SECTION_07,False
UC5_CGCTCTCCGTAGATTA-1,BLIND_SECTION_07,True
UC5_CGCTGGTGACTACCCT-1,BLIND_SECTION_07,False
UC5_CGCTGTGACGCCGCAC-1,BLIND_SECTION_07,True
UC5_CGCTTATTCCCGGTCG-1,BLIND_SECTION_07,True
UC5_CGCTTTCTTGCATTCG-1,BLIND_SECTION_07,False
UC5_CGGATCCTCAAGGACT-1,BLIND_SECTION_07,False
UC5_CGGCAGGGTCGGGTTG-1,BLIND_SECTION_07,False
UC5_CGGCGCCATCAATCCC-1,BLIND_SECTION_07,True
UC5_CGGGAGCTTCAGTGTA-1,BLIND_SECTION_07,False
UC5_CGGGTGTACCCATTTA-1,BLIND_SECTION_07,False
UC5_CGGTAGAGGTGCAGGT-1,BLIND_SECTION_07,True
UC5_CGGTTATCCAACAGTG-1,BLIND_SECTION_07,False
UC5_CGTCGGATAGTGTTGA-1,BLIND_SECTION_07,False
UC5_CGTCGGGTCTAAGCGC-1,BLIND_SECTION_07,False
UC5_CGTCGTCCTTCGCGAA-1,BLIND_SECTION_07,False
UC5_CGTGCATTGTCGACGC-1,BLIND_SECTION_07,True
UC5_CGTGCTTCTACCTAAA-1,BLIND_SECTION_07,False
UC5_CGTTAATGTCCCGACG-1,BLIND_SECTION_07,False
UC5_CGTTCATGGTGCGCGT-1,BLIND_SECTION_07,True
UC5_CGTTGAATACCGCGCT-1,BLIND_SECTION_07,False
UC5_CGTTGAGCGACCGTCG-1,BLIND_SECTION_07,True
UC5_CGTTGTTTCAATTCCC-1,BLIND_SECTION_07,True
UC5_CTAAAGAATGCCTACT-1,BLIND_SECTION_07,True
UC5_CTAAATCCTATTCCGG-1,BLIND_SECTION_07,False
UC5_CTAACCGCGCGCCCGT-1,BLIND_SECTION_07,True
UC5_CTAACGAAACTTGCTG-1,BLIND_SECTION_07,True
UC5_CTACCCTAAGGTCATA-1,BLIND_SECTION_07,True
UC5_CTACTATCATAGGTTT-1,BLIND_SECTION_07,False
UC5_CTACTATCTTTCAGAG-1,BLIND_SECTION_07,True
UC5_CTAGATGTGAGTGTAA-1,BLIND_SECTION_07,False
UC5_CTAGGCGCCCTATCAG-1,BLIND_SECTION_07,False
UC5_CTAGGTCTGAAGGAAT-1,BLIND_SECTION_07,False
UC5_CTAGGTTCGGACGTGA-1,BLIND_SECTION_07,False
UC5_CTAGTAGAAAGGGATT-1,BLIND_SECTION_07,False
UC5_CTAGTGAAGGACAGGA-1,BLIND_SECTION_07,True
UC5_CTATAAGAGCCAATCG-1,BLIND_SECTION_07,True
UC5_CTATCGACGAAATACA-1,BLIND_SECTION_07,False
UC5_CTATGTGAGTCACGGC-1,BLIND_SECTION_07,True
UC5_CTATTTGGTTACGGAT-1,BLIND_SECTION_07,False
UC5_CTCACTGTGATACTTA-1,BLIND_SECTION_07,False
UC5_CTCACTTGGCTGGTAA-1,BLIND_SECTION_07,True
UC5_CTCAGTCACGACAAAT-1,BLIND_SECTION_07,True
UC5_CTCATGGTAATTTGCG-1,BLIND_SECTION_07,False
UC5_CTCATTGCTCTAACAA-1,BLIND_SECTION_07,True
UC5_CTCCCTCCTTTCGATC-1,BLIND_SECTION_07,False
UC5_CTCGGGTTCTCTGGCC-1,BLIND_SECTION_07,False
UC5_CTCGGTACCACTGCTC-1,BLIND_SECTION_07,False
UC5_CTCGGTTGTCGGCCCT-1,BLIND_SECTION_07,False
UC5_CTCTACACTGGCGATT-1,BLIND_SECTION_07,True
UC5_CTCTCTAACTGCCTAG-1,BLIND_SECTION_07,True
UC5_CTGACTGCGCAGCTCG-1,BLIND_SECTION_07,True
UC5_CTGCCATGCATCACAT-1,BLIND_SECTION_07,False
UC5_CTGGAAGACACGGTGG-1,BLIND_SECTION_07,False
UC5_CTGGACGCAGTCCGGC-1,BLIND_SECTION_07,True
UC5_CTGGCATCCGAATGAG-1,BLIND_SECTION_07,False
UC5_CTGGCTGATTCATCCT-1,BLIND_SECTION_07,False
UC5_CTGGGATAAATAATGG-1,BLIND_SECTION_07,False
UC5_CTGGGCCTGCTATATC-1,BLIND_SECTION_07,False
UC5_CTGGGTTGAGTTAAAG-1,BLIND_SECTION_07,True
UC5_CTGGTAACACATAGAA-1,BLIND_SECTION_07,False
UC5_CTGGTAACGAGCTCTT-1,BLIND_SECTION_07,True
UC5_CTGTACTTCTTAGCAT-1,BLIND_SECTION_07,False
UC5_CTGTGGTCGGGAGATA-1,BLIND_SECTION_07,False
UC5_CTTAGTAGGCCTACAG-1,BLIND_SECTION_07,True
UC5_CTTAGTGTAGTAGCAT-1,BLIND_SECTION_07,False
UC5_CTTCAACTCCACTTGG-1,BLIND_SECTION_07,False
UC5_CTTCAGTGGTCGCCTA-1,BLIND_SECTION_07,False
UC5_CTTCTATGTTGAAGTA-1,BLIND_SECTION_07,True
UC5_CTTGAGTTAGGGTAAT-1,BLIND_SECTION_07,False
UC5_CTTGCCCAGGCTCTAC-1,BLIND_SECTION_07,False
UC5_CTTGTGCTCACCGATT-1,BLIND_SECTION_07,True
UC5_CTTGTTGCTGAGTCAA-1,BLIND_SECTION_07,False
UC5_CTTTACCGAATAGTAG-1,BLIND_SECTION_07,False
UC5_CTTTAGGAACACTGTT-1,BLIND_SECTION_07,False
UC5_CTTTGGCTTTAGTAAA-1,BLIND_SECTION_07,True
UC5_GAAACAGATGACCACC-1,BLIND_SECTION_07,False
UC5_GAAAGAACAGCGTTAT-1,BLIND_SECTION_07,True
UC5_GAAATGGCGGTGTTAG-1,BLIND_SECTION_07,False
UC5_GAACAGATTACTAAAT-1,BLIND_SECTION_07,False
UC5_GAACCCTCTGTGTTCT-1,BLIND_SECTION_07,False
UC5_GAACCTTTAACGATCC-1,BLIND_SECTION_07,False
UC5_GAACGCGGGTCACACG-1,BLIND_SECTION_07,False
UC5_GAACGTCTCATGGTCG-1,BLIND_SECTION_07,False
UC5_GAAGAAACGATATTGT-1,BLIND_SECTION_07,False
UC5_GAAGCTCGGACCCGTC-1,BLIND_SECTION_07,False
UC5_GAAGTGATTTATCGTG-1,BLIND_SECTION_07,False
UC5_GAATAGACGCGACCCA-1,BLIND_SECTION_07,False
UC5_GACAACGACCATTGAA-1,BLIND_SECTION_07,False
UC5_GACACTGAGTTCAGTG-1,BLIND_SECTION_07,False
UC5_GACAGCCAGACCTGAC-1,BLIND_SECTION_07,False
UC5_GACCAGAGCCCTGTAG-1,BLIND_SECTION_07,True
UC5_GACCCAATTATGATAC-1,BLIND_SECTION_07,True
UC5_GACCGCGTCTGACGTG-1,BLIND_SECTION_07,False
UC5_GACGCCGTAAAGGCTA-1,BLIND_SECTION_07,False
UC5_GACGCTTGCTTCTAAA-1,BLIND_SECTION_07,False
UC5_GACGGTCAATAGAAGC-1,BLIND_SECTION_07,True
UC5_GACTAAGTAGGCTCAC-1,BLIND_SECTION_07,False
UC5_GACTACAAAGCGGTGG-1,BLIND_SECTION_07,False
UC5_GACTCACCCACGTGAG-1,BLIND_SECTION_07,True
UC5_GACTCCTTCCAATTGA-1,BLIND_SECTION_07,True
UC5_GACTCGCGGGAATGAC-1,BLIND_SECTION_07,True
UC5_GACTGCAAATCGAGCT-1,BLIND_SECTION_07,False
UC5_GAGAGGGCGCGAGGTT-1,BLIND_SECTION_07,False
UC5_GAGAGGTGCATTCTGG-1,BLIND_SECTION_07,False
UC5_GAGATCTGTCACTCCG-1,BLIND_SECTION_07,False
UC5_GAGCACCTGTGTCCAG-1,BLIND_SECTION_07,False
UC5_GAGCATCAACAACTTG-1,BLIND_SECTION_07,False
UC5_GAGCCAGCTACCTGTG-1,BLIND_SECTION_07,False
UC5_GAGCGCGCACGAGTAG-1,BLIND_SECTION_07,False
UC5_GAGCTAAGGGCATATC-1,BLIND_SECTION_07,False
UC5_GAGGCCCGACTCCGCA-1,BLIND_SECTION_07,False
UC5_GAGGGCGCAGCTCTGC-1,BLIND_SECTION_07,False
UC5_GAGGGTAGTAACAAAG-1,BLIND_SECTION_07,False
UC5_GAGTAAGGCCACGGGA-1,BLIND_SECTION_07,True
UC5_GAGTTGATGGCAATTT-1,BLIND_SECTION_07,True
UC5_GATAACTCGCACTGTG-1,BLIND_SECTION_07,False
UC5_GATATGAGACACTAAC-1,BLIND_SECTION_07,False
UC5_GATATGCGGTAGCCAA-1,BLIND_SECTION_07,True
UC5_GATATTGAGATTGGCG-1,BLIND_SECTION_07,False
UC5_GATCCGGGAATTAACA-1,BLIND_SECTION_07,False
UC5_GATCCTAAATCGGGAC-1,BLIND_SECTION_07,True
UC5_GATCCTCGACACTGGC-1,BLIND_SECTION_07,False
UC5_GATCGACACTATCTGA-1,BLIND_SECTION_07,True
UC5_GATCGCGGGCTCTCCA-1,BLIND_SECTION_07,False
UC5_GATCGCTACCCGATTT-1,BLIND_SECTION_07,False
UC5_GATCTTTGCAGGGTAT-1,BLIND_SECTION_07,True
UC5_GATGCCTTCTGCGGCA-1,BLIND_SECTION_07,False
UC5_GATGCGTCCTGCATTC-1,BLIND_SECTION_07,False
UC5_GATGTAACGAACCACC-1,BLIND_SECTION_07,True
UC5_GATTAACCGAAAGCCC-1,BLIND_SECTION_07,False
UC5_GATTCGACGGTTCACG-1,BLIND_SECTION_07,False
UC5_GATTGCTCCAGTTGCA-1,BLIND_SECTION_07,True
UC5_GCAAACCTTGGCCATA-1,BLIND_SECTION_07,False
UC5_GCAAATATTACGCTTT-1,BLIND_SECTION_07,True
UC5_GCAACACACTAGAACT-1,BLIND_SECTION_07,True
UC5_GCAACCACGGCCGCGT-1,BLIND_SECTION_07,True
UC5_GCACACACTGGTAGCC-1,BLIND_SECTION_07,True
UC5_GCAGACCCAGCACGTA-1,BLIND_SECTION_07,True
UC5_GCAGATCCATAAGACT-1,BLIND_SECTION_07,False
UC5_GCAGCACACAGCCCAG-1,BLIND_SECTION_07,False
UC5_GCAGGAACTTAGATCT-1,BLIND_SECTION_07,True
UC5_GCAGGACTATAGAATA-1,BLIND_SECTION_07,True
UC5_GCAGTGTGGCTATAGG-1,BLIND_SECTION_07,False
UC5_GCATGAGGGACGCGGC-1,BLIND_SECTION_07,True
UC5_GCATTTCCAAGGCTCC-1,BLIND_SECTION_07,True
UC5_GCCAAGAATACTTCTG-1,BLIND_SECTION_07,True
UC5_GCCATATTGCACACAG-1,BLIND_SECTION_07,True
UC5_GCCATCGATGCTGCAT-1,BLIND_SECTION_07,True
UC5_GCCATTAGCCTCAAAC-1,BLIND_SECTION_07,True
UC5_GCCCGACTTCTTCCCG-1,BLIND_SECTION_07,False
UC5_GCCCGTAATACCTTCT-1,BLIND_SECTION_07,False
UC5_GCCCTAGCCGTCGCGA-1,BLIND_SECTION_07,True
UC5_GCCGAAATTCCTACGT-1,BLIND_SECTION_07,True
UC5_GCCGACCCACGACTGC-1,BLIND_SECTION_07,False
UC5_GCCGCTTGTGAGAAAC-1,BLIND_SECTION_07,True
UC5_GCCTATAGTGTCAGGG-1,BLIND_SECTION_07,True
UC5_GCCTCATCTGGAAATA-1,BLIND_SECTION_07,False
UC5_GCCTCTATACATAGCA-1,BLIND_SECTION_07,False
UC5_GCGACATGTAAACATC-1,BLIND_SECTION_07,True
UC5_GCGAGAGTTGCGTCCA-1,BLIND_SECTION_07,True
UC5_GCGAGCGCATGCTCCC-1,BLIND_SECTION_07,True
UC5_GCGATTGTTAACGTTA-1,BLIND_SECTION_07,False
UC5_GCGCAAATATATTCAA-1,BLIND_SECTION_07,False
UC5_GCGCAAGAGCGCGCTG-1,BLIND_SECTION_07,True
UC5_GCGCATCCAGTCAGCA-1,BLIND_SECTION_07,True
UC5_GCGCGTCATTGGTACA-1,BLIND_SECTION_07,False
UC5_GCGCTGCTTTGCATTT-1,BLIND_SECTION_07,True
UC5_GCGCTTAAATAATTGG-1,BLIND_SECTION_07,False
UC5_GCGGCTCTGACGTACC-1,BLIND_SECTION_07,False
UC5_GCGGTGAACTGCGCTC-1,BLIND_SECTION_07,True
UC5_GCGTAAATGGCCATAA-1,BLIND_SECTION_07,False
UC5_GCGTGGTACTGGGTTA-1,BLIND_SECTION_07,False
UC5_GCTAACTGAAGTCTGA-1,BLIND_SECTION_07,False
UC5_GCTAAGTAGTTTCTCT-1,BLIND_SECTION_07,False
UC5_GCTACTATAGTAGAGT-1,BLIND_SECTION_07,False
UC5_GCTAGAGTAGAGATGT-1,BLIND_SECTION_07,True
UC5_GCTAGGCACCACGGAG-1,BLIND_SECTION_07,False
UC5_GCTATACGTCTCGGAC-1,BLIND_SECTION_07,False
UC5_GCTCGCTCATGTCCAA-1,BLIND_SECTION_07,False
UC5_GCTCGGAATTTAAAGC-1,BLIND_SECTION_07,False
UC5_GCTGCACGGTTTCTTA-1,BLIND_SECTION_07,False
UC5_GCTGGTTTAGGCCATA-1,BLIND_SECTION_07,False
UC5_GCTGTTGCTACCGAAC-1,BLIND_SECTION_07,False
UC5_GCTTCCGTCCCTAGAC-1,BLIND_SECTION_07,False
UC5_GCTTGGATCGATTAGG-1,BLIND_SECTION_07,False
UC5_GCTTTCAGAGGAGGTG-1,BLIND_SECTION_07,False
UC5_GGAAAGTGCCCATGCC-1,BLIND_SECTION_07,True
UC5_GGAGACCATCTACATA-1,BLIND_SECTION_07,True
UC5_GGAGCACCAAGAACTA-1,BLIND_SECTION_07,False
UC5_GGATCCGGAATATACT-1,BLIND_SECTION_07,False
UC5_GGATCTTGACTCAACC-1,BLIND_SECTION_07,True
UC5_GGATGTCCTTACCGCA-1,BLIND_SECTION_07,False
UC5_GGATTGCTGTGACTCC-1,BLIND_SECTION_07,False
UC5_GGATTTCACTTCTATA-1,BLIND_SECTION_07,False
UC5_GGCAAAGGCGCCAATA-1,BLIND_SECTION_07,False
UC5_GGCAAATTACTTTACT-1,BLIND_SECTION_07,False
UC5_GGCAGCAAACCTATGC-1,BLIND_SECTION_07,False
UC5_GGCATACAGGTAGCGG-1,BLIND_SECTION_07,False
UC5_GGCGAGCGAAACGGCA-1,BLIND_SECTION_07,True
UC5_GGCGCGGAGATCTTTC-1,BLIND_SECTION_07,False
UC5_GGCTATTAAGTTGTAT-1,BLIND_SECTION_07,False
UC5_GGCTCGCGTTGAGGTA-1,BLIND_SECTION_07,True
UC5_GGGAACGGTTTCAGAT-1,BLIND_SECTION_07,True
UC5_GGGACAGAGTTACTCC-1,BLIND_SECTION_07,True
UC5_GGGATTTACCGCACCT-1,BLIND_SECTION_07,False
UC5_GGGCAACCGCACGTGC-1,BLIND_SECTION_07,True
UC5_GGGCCCGTCTTAAACA-1,BLIND_SECTION_07,False
UC5_GGGCCGGCCGAAGTAC-1,BLIND_SECTION_07,False
UC5_GGGCGTGGTTTCCCAG-1,BLIND_SECTION_07,False
UC5_GGGCTCATCGAACCCA-1,BLIND_SECTION_07,True
UC5_GGGTACTTCATGAACT-1,BLIND_SECTION_07,True
UC5_GGGTATTCTAGCAAAC-1,BLIND_SECTION_07,True
UC5_GGTAACCGGGAGGATA-1,BLIND_SECTION_07,False
UC5_GGTACCATTAAGACGG-1,BLIND_SECTION_07,True
UC5_GGTCGTAAGCTCGCAC-1,BLIND_SECTION_07,True
UC5_GGTCTGAGAATCTGGA-1,BLIND_SECTION_07,False
UC5_GGTGATAAGGAGCAGT-1,BLIND_SECTION_07,False
UC5_GGTGCTGGTACACATT-1,BLIND_SECTION_07,False
UC5_GGTGGACTGCTCTGGC-1,BLIND_SECTION_07,False
UC5_GGTTAGCTATATGTCT-1,BLIND_SECTION_07,False
UC5_GGTTCTACTCGTCTGA-1,BLIND_SECTION_07,False
UC5_GGTTTCAATCGGTCAG-1,BLIND_SECTION_07,False
UC5_GTAAGTAACAGTCTGG-1,BLIND_SECTION_07,False
UC5_GTAATAAAGGGCTCCC-1,BLIND_SECTION_07,True
UC5_GTACAGAGGCAAGGGT-1,BLIND_SECTION_07,False
UC5_GTACTCCTGGGTATGC-1,BLIND_SECTION_07,True
UC5_GTAGAGGGAGACAAGT-1,BLIND_SECTION_07,False
UC5_GTAGCTTCCTCTTGTT-1,BLIND_SECTION_07,False
UC5_GTAGTCTACGATATTG-1,BLIND_SECTION_07,False
UC5_GTATGAAATTTCACTC-1,BLIND_SECTION_07,False
UC5_GTCAAAGAAGTGGTGT-1,BLIND_SECTION_07,True
UC5_GTCAAGCGGACTCGGG-1,BLIND_SECTION_07,True
UC5_GTCCCGCGACGTTATG-1,BLIND_SECTION_07,False
UC5_GTCCGGACCTGAAATT-1,BLIND_SECTION_07,False
UC5_GTCCGGCTGAATTGCG-1,BLIND_SECTION_07,False
UC5_GTCCTACGAATAGTCT-1,BLIND_SECTION_07,False
UC5_GTCGCGTAACCCGTTG-1,BLIND_SECTION_07,True
UC5_GTCGGATATCTCAGAC-1,BLIND_SECTION_07,True
UC5_GTCGTTATTCGCTTAT-1,BLIND_SECTION_07,False
UC5_GTCTATTGGTTCCGGT-1,BLIND_SECTION_07,False
UC5_GTCTCCTGCCAGTATG-1,BLIND_SECTION_07,True
UC5_GTGAAACGGCGCCACC-1,BLIND_SECTION_07,True
UC5_GTGAACTCCCATTCGA-1,BLIND_SECTION_07,True
UC5_GTGAAGTCACGACTCG-1,BLIND_SECTION_07,True
UC5_GTGACCGCACACTACG-1,BLIND_SECTION_07,False
UC5_GTGATCACTAACGCCT-1,BLIND_SECTION_07,False
UC5_GTGATCCTTGTCATGA-1,BLIND_SECTION_07,False
UC5_GTGCCCGTTCGGATTC-1,BLIND_SECTION_07,False
UC5_GTGCGACAGGGAGTGT-1,BLIND_SECTION_07,False
UC5_GTGCGTGTATATGAGC-1,BLIND_SECTION_07,False
UC5_GTGCTCAAGTACTGTC-1,BLIND_SECTION_07,False
UC5_GTGGACCAACCCGATT-1,BLIND_SECTION_07,False
UC5_GTGGAGCGTTTACCGA-1,BLIND_SECTION_07,True
UC5_GTGGCAAACAGCGGCA-1,BLIND_SECTION_07,True
UC5_GTGGGAAGACTGAATC-1,BLIND_SECTION_07,True
UC5_GTGGTTACTTCTTTCG-1,BLIND_SECTION_07,True
UC5_GTGGTTTCCGCCTTTC-1,BLIND_SECTION_07,False
UC5_GTGTACCTTGGCTACG-1,BLIND_SECTION_07,False
UC5_GTGTATATCAGCGGGC-1,BLIND_SECTION_07,False
UC5_GTGTTACTATGCGTCC-1,BLIND_SECTION_07,False
UC5_GTTAACATCACTTAAA-1,BLIND_SECTION_07,False
UC5_GTTAAGGGTGCGATGT-1,BLIND_SECTION_07,False
UC5_GTTACAATTGGTGACG-1,BLIND_SECTION_07,True
UC5_GTTAGGCTACCCGTTT-1,BLIND_SECTION_07,True
UC5_GTTCACAGGAGTCTAG-1,BLIND_SECTION_07,True
UC5_GTTCATCGTTTGGCTG-1,BLIND_SECTION_07,True
UC5_GTTCGCCATAAGTGCC-1,BLIND_SECTION_07,False
UC5_GTTCGGGCGTACCATT-1,BLIND_SECTION_07,True
UC5_GTTCGTCTAAAGAACT-1,BLIND_SECTION_07,False
UC5_GTTGAACCGGTTCCAT-1,BLIND_SECTION_07,False
UC5_GTTGGATTGAGAACAC-1,BLIND_SECTION_07,False
UC5_GTTTCTGCAGTCTCCC-1,BLIND_SECTION_07,True
UC5_GTTTGGCCCAAGTTAT-1,BLIND_SECTION_07,False
UC5_TAAAGCGTTAGGAGAA-1,BLIND_SECTION_07,False
UC5_TAACATACACGCGATC-1,BLIND_SECTION_07,False
UC5_TAACCTACCGTCCGAG-1,BLIND_SECTION_07,False
UC5_TAACTATTACGCCAAA-1,BLIND_SECTION_07,True
UC5_TAAGGCCCGTCACCCT-1,BLIND_SECTION_07,False
UC5_TAAGGGCCTGTCCGAT-1,BLIND_SECTION_07,True
UC5_TAAGTCGCCGAGTATC-1,BLIND_SECTION_07,False
UC5_TAATAGTGACGACCAG-1,BLIND_SECTION_07,False
UC5_TAATCGATCCGTACGT-1,BLIND_SECTION_07,True
UC5_TACAACGCACAACTCA-1,BLIND_SECTION_07,False
UC5_TACAGAAACGGTGGGC-1,BLIND_SECTION_07,False
UC5_TACATAGGCATACACC-1,BLIND_SECTION_07,False
UC5_TACATCCCTATCCCTG-1,BLIND_SECTION_07,True
UC5_TACCAATAAAGTACCA-1,BLIND_SECTION_07,False
UC5_TACCGCGGACTTGCAG-1,BLIND_SECTION_07,False
UC5_TACCTTAAGATTTCCC-1,BLIND_SECTION_07,False
UC5_TACGAACACGACTTCA-1,BLIND_SECTION_07,False
UC5_TACGAGAACTTCACGT-1,BLIND_SECTION_07,True
UC5_TACGATGTTGATCATC-1,BLIND_SECTION_07,True
UC5_TACGCAGTTCTTTCCT-1,BLIND_SECTION_07,False
UC5_TACGCTATAGAAACCT-1,BLIND_SECTION_07,True
UC5_TACGTTTACCGGCAAT-1,BLIND_SECTION_07,True
UC5_TACTTGTTAGTAGTCC-1,BLIND_SECTION_07,False
UC5_TACTTTACTGAGCCGG-1,BLIND_SECTION_07,True
UC5_TACTTTCCGCACGCCA-1,BLIND_SECTION_07,True
UC5_TAGACGAAACGCCAAT-1,BLIND_SECTION_07,False
UC5_TAGACGCCCGTACCGG-1,BLIND_SECTION_07,False
UC5_TAGACTACCTAGCGTT-1,BLIND_SECTION_07,True
UC5_TAGCCATTTCAAAGTC-1,BLIND_SECTION_07,False
UC5_TAGCCGGCGGTCAGCG-1,BLIND_SECTION_07,False
UC5_TAGGCATGTTACGCCA-1,BLIND_SECTION_07,True
UC5_TAGGCGATGAGGTCTC-1,BLIND_SECTION_07,True
UC5_TAGGGAGCTTGGGATG-1,BLIND_SECTION_07,False
UC5_TAGGTCGCCGGAACTG-1,BLIND_SECTION_07,False
UC5_TAGGTGACGATAACCT-1,BLIND_SECTION_07,False
UC5_TAGGTGCTCGCCTAGC-1,BLIND_SECTION_07,False
UC5_TAGTCCGCAGAGAATG-1,BLIND_SECTION_07,True
UC5_TAGTCGATCACGGGTT-1,BLIND_SECTION_07,False
UC5_TAGTCTAACAACGAGA-1,BLIND_SECTION_07,True
UC5_TAGTGCCCTCCAGAGT-1,BLIND_SECTION_07,False
UC5_TATACGCGTCATCACT-1,BLIND_SECTION_07,False
UC5_TATACTCATGCGGCAA-1,BLIND_SECTION_07,False
UC5_TATAGATGGTCGCAGT-1,BLIND_SECTION_07,True
UC5_TATATATCGAGAAATG-1,BLIND_SECTION_07,False
UC5_TATATCCCTGGGAGGA-1,BLIND_SECTION_07,False
UC5_TATCCAATTGGTTATC-1,BLIND_SECTION_07,False
UC5_TATCGATCTATGCATA-1,BLIND_SECTION_07,True
UC5_TATCTTGCAATACAAC-1,BLIND_SECTION_07,True
UC5_TATGATCTTCTCTTTA-1,BLIND_SECTION_07,False
UC5_TATGTCAAGACCGACT-1,BLIND_SECTION_07,True
UC5_TATGTCTCATTGTGCC-1,BLIND_SECTION_07,False
UC5_TATTAACACCAAAGCA-1,BLIND_SECTION_07,True
UC5_TATTACCATCCTGCTT-1,BLIND_SECTION_07,False
UC5_TATTATGTTTGCCTGC-1,BLIND_SECTION_07,True
UC5_TATTCAATTCTAATCC-1,BLIND_SECTION_07,True
UC5_TATTCCGAGCTGTTAT-1,BLIND_SECTION_07,False
UC5_TATTCCTCCGCCCACT-1,BLIND_SECTION_07,False
UC5_TCAAATTTGAGACTCA-1,BLIND_SECTION_07,False
UC5_TCAACAAAGATAATTC-1,BLIND_SECTION_07,False
UC5_TCAACATCGACCGAGA-1,BLIND_SECTION_07,True
UC5_TCAACGAGGAGACAAA-1,BLIND_SECTION_07,False
UC5_TCAACGCAGGAAATAA-1,BLIND_SECTION_07,False
UC5_TCAAGAAATACTAGCT-1,BLIND_SECTION_07,True
UC5_TCACCGCTCGGCACTC-1,BLIND_SECTION_07,True
UC5_TCACGATGTCCGTGGA-1,BLIND_SECTION_07,False
UC5_TCACGCATTGTAGATC-1,BLIND_SECTION_07,True
UC5_TCAGAACCTCCACAGG-1,BLIND_SECTION_07,True
UC5_TCAGCAAATGCATCTC-1,BLIND_SECTION_07,False
UC5_TCAGGTTCTTTGAGAA-1,BLIND_SECTION_07,True
UC5_TCAGTAGGGACTATAA-1,BLIND_SECTION_07,False
UC5_TCATCGATGGTCCCAA-1,BLIND_SECTION_07,False
UC5_TCATTTAAGTCTCCGA-1,BLIND_SECTION_07,False
UC5_TCCAACTTTAAATTCT-1,BLIND_SECTION_07,False
UC5_TCCACAATGGTTTACG-1,BLIND_SECTION_07,True
UC5_TCCAGAGCACCGGTTC-1,BLIND_SECTION_07,False
UC5_TCCCACTCTCTTCCGG-1,BLIND_SECTION_07,True
UC5_TCCCAGGCTTAGCTAA-1,BLIND_SECTION_07,True
UC5_TCCCGGGTGTGCTGCT-1,BLIND_SECTION_07,True
UC5_TCCCTGGCGTATTAAC-1,BLIND_SECTION_07,True
UC5_TCCGCCTGTCTACAAG-1,BLIND_SECTION_07,False
UC5_TCCGCGGCCCAATGAA-1,BLIND_SECTION_07,False
UC5_TCCGGCCTAGCGTACA-1,BLIND_SECTION_07,False
UC5_TCCGTTTAGCCTTGAA-1,BLIND_SECTION_07,True
UC5_TCCTAGCAAAGAAGCT-1,BLIND_SECTION_07,False
UC5_TCCTCCTAAGACATTC-1,BLIND_SECTION_07,True
UC5_TCCTCGGGCTGGGCTT-1,BLIND_SECTION_07,False
UC5_TCCTTACGACGGTCCG-1,BLIND_SECTION_07,False
UC5_TCCTTTAAATCCGCTT-1,BLIND_SECTION_07,True
UC5_TCGAAATTTAGGACCA-1,BLIND_SECTION_07,True
UC5_TCGACAACTGAACCCG-1,BLIND_SECTION_07,True
UC5_TCGAGACCAACACCGT-1,BLIND_SECTION_07,False
UC5_TCGCTAAACCGCTATC-1,BLIND_SECTION_07,True
UC5_TCGCTTTAAACGTTTG-1,BLIND_SECTION_07,False
UC5_TCGGAGAGTATCGGGA-1,BLIND_SECTION_07,False
UC5_TCGGCGAACCCAAACC-1,BLIND_SECTION_07,False
UC5_TCGGCGTACTGCACAA-1,BLIND_SECTION_07,True
UC5_TCGGGAACGTGCCTAG-1,BLIND_SECTION_07,True
UC5_TCGGGAGACAGCGTAC-1,BLIND_SECTION_07,False
UC5_TCGGTCCCGACAATAG-1,BLIND_SECTION_07,False
UC5_TCGTCTTAGGCGTTAA-1,BLIND_SECTION_07,False
UC5_TCGTGTCACGCTGACA-1,BLIND_SECTION_07,True
UC5_TCTAAAGAACAGTCTC-1,BLIND_SECTION_07,True
UC5_TCTAATACTGCCTCAG-1,BLIND_SECTION_07,False
UC5_TCTAGCAATCTCCGCC-1,BLIND_SECTION_07,False
UC5_TCTAGGTGGCGACGCT-1,BLIND_SECTION_07,True
UC5_TCTCATGAGATAGGGT-1,BLIND_SECTION_07,False
UC5_TCTCCCTGGGCAGCGT-1,BLIND_SECTION_07,False
UC5_TCTGAACTCGTACCCG-1,BLIND_SECTION_07,False
UC5_TCTGAAGCACGTGGTC-1,BLIND_SECTION_07,False
UC5_TCTGAATTCCGTACAA-1,BLIND_SECTION_07,False
UC5_TCTGATGTATTCTGTC-1,BLIND_SECTION_07,False
UC5_TCTGCCAGAAACTGCA-1,BLIND_SECTION_07,False
UC5_TCTGGGAACCTTTGAA-1,BLIND_SECTION_07,False
UC5_TCTGGGTAGCGCTCAT-1,BLIND_SECTION_07,False
UC5_TCTTACTTATGCCTCT-1,BLIND_SECTION_07,False
UC5_TCTTAGAGTGAACTCT-1,BLIND_SECTION_07,True
UC5_TCTTCCCATGGGCACA-1,BLIND_SECTION_07,False
UC5_TCTTCGAATAGACGTT-1,BLIND_SECTION_07,True
UC5_TCTTTAAGACTATGAA-1,BLIND_SECTION_07,False
UC5_TCTTTAGAGTCTAACA-1,BLIND_SECTION_07,False
UC5_TGAAAGGACCTGACTC-1,BLIND_SECTION_07,False
UC5_TGACATCGAGCGGACC-1,BLIND_SECTION_07,True
UC5_TGACGAATATTTCCCT-1,BLIND_SECTION_07,False
UC5_TGACGATGCACTAGAA-1,BLIND_SECTION_07,False
UC5_TGAGAGATTTACCACG-1,BLIND_SECTION_07,False
UC5_TGAGCCATACAGTCTC-1,BLIND_SECTION_07,False
UC5_TGAGTGGTCCGTGACG-1,BLIND_SECTION_07,False
UC5_TGAGTTAAAGACATTC-1,BLIND_SECTION_07,False
UC5_TGATCTCCGGCGCCAG-1,BLIND_SECTION_07,True
UC5_TGATTCGTCTATCACT-1,BLIND_SECTION_07,True
UC5_TGATTTATTAGCTGTG-1,BLIND_SECTION_07,True
UC5_TGCAACCCATCTGCGG-1,BLIND_SECTION_07,False
UC5_TGCAGAGTACCGAGCA-1,BLIND_SECTION_07,False
UC5_TGCAGATCGTCCTAGG-1,BLIND_SECTION_07,True
UC5_TGCAGTTTCCTCCCAT-1,BLIND_SECTION_07,False
UC5_TGCATATGTCTGTCAC-1,BLIND_SECTION_07,False
UC5_TGCATGTGGTAATCTA-1,BLIND_SECTION_07,False
UC5_TGCCAAAGTCAGACTT-1,BLIND_SECTION_07,False
UC5_TGCCAATGGGTACTCT-1,BLIND_SECTION_07,False
UC5_TGCCATTACTAAAGAA-1,BLIND_SECTION_07,True
UC5_TGCCTTGGCCAGGCAA-1,BLIND_SECTION_07,False
UC5_TGCGAATATGGGATTT-1,BLIND_SECTION_07,True
UC5_TGCGTCATGACTGAGC-1,BLIND_SECTION_07,False
UC5_TGCTAAGTGTCTATTT-1,BLIND_SECTION_07,False
UC5_TGCTCCACAGTTCTTA-1,BLIND_SECTION_07,False
UC5_TGGAAGAAGGGAACGT-1,BLIND_SECTION_07,False
UC5_TGGACCAATCTAAGAT-1,BLIND_SECTION_07,False
UC5_TGGACGCAATCCAGCC-1,BLIND_SECTION_07,True
UC5_TGGACTGTTCGCTCAA-1,BLIND_SECTION_07,True
UC5_TGGAGTGATGCGATGA-1,BLIND_SECTION_07,True
UC5_TGGCAACTCGCGCGCC-1,BLIND_SECTION_07,True
UC5_TGGCATGAAGTTTGGG-1,BLIND_SECTION_07,True
UC5_TGGCCAAACTGAAGTA-1,BLIND_SECTION_07,False
UC5_TGGCCAATTTGGTACT-1,BLIND_SECTION_07,True
UC5_TGGCTATGTGACATAC-1,BLIND_SECTION_07,False
UC5_TGTACCTACACGAGGG-1,BLIND_SECTION_07,True
UC5_TGTAGTGATCTATAAT-1,BLIND_SECTION_07,True
UC5_TGTATAACAGATCCTG-1,BLIND_SECTION_07,False
UC5_TGTCGTTATCACATAT-1,BLIND_SECTION_07,True
UC5_TGTGGCAAAGCGTATG-1,BLIND_SECTION_07,False
UC5_TGTTCTTCCATTGACT-1,BLIND_SECTION_07,True
UC5_TGTTGTCAAGAAGTCT-1,BLIND_SECTION_07,False
UC5_TTAAACTCGAATTCAT-1,BLIND_SECTION_07,False
UC5_TTAACTTCAGGTAGGA-1,BLIND_SECTION_07,False
UC5_TTAAGCGCCTGACCCA-1,BLIND_SECTION_07,False
UC5_TTAATTGCTTTGGGTG-1,BLIND_SECTION_07,False
UC5_TTACAGACCTAAATGA-1,BLIND_SECTION_07,True
UC5_TTACATGCCACAACTA-1,BLIND_SECTION_07,True
UC5_TTACGGATGGTTCGAG-1,BLIND_SECTION_07,False
UC5_TTACTCTGGTACGTAC-1,BLIND_SECTION_07,False
UC5_TTAGCTAATACGATCT-1,BLIND_SECTION_07,True
UC5_TTAGCTGATTTGCCGT-1,BLIND_SECTION_07,False
UC5_TTATAGGTAATTGTCT-1,BLIND_SECTION_07,False
UC5_TTATATACGCTGTCAC-1,BLIND_SECTION_07,False
UC5_TTATCCGGGATCTATA-1,BLIND_SECTION_07,False
UC5_TTATCCTCAAGGAATA-1,BLIND_SECTION_07,True
UC5_TTATGATCTTAACGAA-1,BLIND_SECTION_07,False
UC5_TTCAAAGTCTCTAGCC-1,BLIND_SECTION_07,True
UC5_TTCAATACTCTGAATC-1,BLIND_SECTION_07,False
UC5_TTCAGCTGGCGTGCCC-1,BLIND_SECTION_07,False
UC5_TTCCAATCAGAGCTAG-1,BLIND_SECTION_07,True
UC5_TTCCCGGCGCCAATAG-1,BLIND_SECTION_07,True
UC5_TTCCGCAGAGAAATAT-1,BLIND_SECTION_07,True
UC5_TTCCTCGGACTAACCA-1,BLIND_SECTION_07,False
UC5_TTCTAACCGAAGCTTA-1,BLIND_SECTION_07,False
UC5_TTCTGACCGGGCTCAA-1,BLIND_SECTION_07,False
UC5_TTCTGCGGGTTAGCGG-1,BLIND_SECTION_07,False
UC5_TTCTTATCCGCTGGGT-1,BLIND_SECTION_07,False
UC5_TTCTTGGACGATCTGC-1,BLIND_SECTION_07,False
UC5_TTGAACGACGTGCTGA-1,BLIND_SECTION_07,False
UC5_TTGAAGAATTCCCAGG-1,BLIND_SECTION_07,True
UC5_TTGAATATGGACTTTC-1,BLIND_SECTION_07,True
UC5_TTGAATCGTTGTATAA-1,BLIND_SECTION_07,True
UC5_TTGAATTCACGTGAGG-1,BLIND_SECTION_07,True
UC5_TTGACATGAACGTGGA-1,BLIND_SECTION_07,False
UC5_TTGACCATGTTCTCCG-1,BLIND_SECTION_07,True
UC5_TTGACGCTCCATGAGC-1,BLIND_SECTION_07,False
UC5_TTGAGAAGTTTAGCAT-1,BLIND_SECTION_07,False
UC5_TTGATGTGTAGTCCCG-1,BLIND_SECTION_07,True
UC5_TTGCCATAGCCCGCTC-1,BLIND_SECTION_07,False
UC5_TTGCCCTGATCACGGG-1,BLIND_SECTION_07,True
UC5_TTGCCGCTTTCTAGTA-1,BLIND_SECTION_07,False
UC5_TTGGAAGAATACAGTC-1,BLIND_SECTION_07,False
UC5_TTGGACATGTGGCTTA-1,BLIND_SECTION_07,True
UC5_TTGGACCATCTGGCAA-1,BLIND_SECTION_07,False
UC5_TTGGACCTATAACAGT-1,BLIND_SECTION_07,False
UC5_TTGGGCGGCGGTTGCC-1,BLIND_SECTION_07,False
UC5_TTGGTTGCGGTGCGCG-1,BLIND_SECTION_07,False
UC5_TTGTAAGGCCAGTTGG-1,BLIND_SECTION_07,False
UC5_TTGTGAACCTAATCCG-1,BLIND_SECTION_07,False
UC5_TTGTGAGGCATGACGC-1,BLIND_SECTION_07,True
UC5_TTGTGCAGCCACGTCA-1,BLIND_SECTION_07,False
UC5_TTGTGGTAGGAGGGAT-1,BLIND_SECTION_07,False
UC5_TTGTTTCATTAGTCTA-1,BLIND_SECTION_07,False
UC5_TTGTTTCCATACAACT-1,BLIND_SECTION_07,True
