"gene","median_rank","median_distance","best_rank","n_top100","n_seeds_tested","rank_IQR","top100_recurrence"
"GART",1,4.30638120209456e-05,1,5,5,0,1
"KRT20",3,1.0474676309192e-07,2,4,5,78,0.8
"SDCBP2",6,8.82827697795526e-08,3,4,5,71,0.8
"C19orf10",11,5.06647754896199e-08,8,2,3,613.5,0.666666666666667
"TSPAN1",11,8.73311285328022e-08,6,3,5,160,0.6
"NAP1L1",12,8.48382821939393e-08,5,4,5,55,0.8
"NME1",12,2.71478862863436e-07,3,5,5,8,1
"CDK4",15,1.32542246252695e-07,3,5,5,8,1
"LDHB",15,1.43325424161257e-07,9,5,5,14,1
"RANBP1",15,1.55760010061105e-07,6,5,5,7,1
"KRT19",16,1.00257036692385e-07,4,3,5,116,0.6
"CDCA7",19,6.66419973779963e-08,8,3,5,109,0.6
"SLC12A2",20,8.83818382164082e-08,5,3,5,171,0.6
"EIF4EBP1",21,2.65188396904598e-07,6,4,5,51,0.8
"IMPDH2",25,9.89501717578364e-08,14,5,5,39,1
"TFF1",25,1.4363777929334e-07,2,4,5,32,0.8
"NPM1",28,1.32383545230328e-07,18,5,5,4,1
"ASCL2",29,6.22370878477409e-08,4,3,5,271,0.6
"MCM7",31,1.28784759437008e-07,9,5,5,15,1
"FBL",32,1.13500522483593e-07,17,5,5,12,1
"AKR1B10",34,6.53777583301036e-08,9,3,5,603,0.6
"REG4",34,6.03620749387535e-08,2,3,5,133,0.6
"NPM3",37,1.21812615151862e-07,18,5,5,28,1
"S100P",37,1.29159179252105e-07,10,3,5,107,0.6
"IGJ",42,7.12127030276489e-08,16,2,3,204.5,0.666666666666667
"GINS2",43,1.25372896864169e-07,30,5,5,22,1
"PSAT1",43,6.31343282645027e-08,4,3,5,2576,0.6
"C1QBP",44,1.55217732415866e-07,11,4,5,37,0.8
"CEACAM1",44,8.89519420640753e-08,10,5,5,61,1
"NHP2",45,1.2855264413628e-07,25,5,5,7,1
"CEACAM6",47,7.39589459409656e-08,25,3,5,75,0.6
"PLAC8",48,9.27048927916813e-08,7,5,5,59,1
"SET",48,6.36352110048201e-08,25,3,5,130,0.6
"CEACAM7",49,7.60969657128582e-08,12,3,5,111,0.6
"EBNA1BP2",51,1.6107592288952e-07,15,3,5,110,0.6
"MALL",54,5.40990911332141e-08,10,3,5,136,0.6
"POLD2",55,8.05348164038871e-08,31,4,5,11,0.8
"NOP16",56,1.20068046282098e-07,27,3,5,141,0.6
"PAICS",56,1.09896274321228e-07,22,5,5,34,1
"HSPD1",59,1.00715077231144e-07,40,5,5,24,1
"S100A14",60,1.31256984670876e-07,17,3,5,87,0.6
"DUT",62,7.19956342957485e-08,28,4,5,51,0.8
"TOMM40",62,8.98531804277744e-08,27,4,5,37,0.8
"STMN1",63,5.17133614418535e-08,60,3,5,127,0.6
"EIF3L",64,6.50315465198341e-08,22,3,5,105,0.6
"HRCT1",64,5.08448889807505e-08,13,3,5,785,0.6
"CD320",66,1.30913922399399e-07,32,3,5,115,0.6
"DUOX2",68,1.02047139749664e-07,26,3,5,88,0.6
"MXD1",68,8.30340607131276e-08,38,3,5,64,0.6
"TYMS",69,4.9395953185563e-08,56,3,5,230,0.6
"RAN",70,1.14786107642619e-07,29,3,5,49,0.6
"CA2",72,4.8258526765189e-08,16,3,5,954,0.6
"C19orf48",75,4.85909065501393e-08,23,3,5,122,0.6
"EEF1B2",76,8.36199038408906e-08,57,3,5,49,0.6
"SNRPB",77,1.22056747315525e-07,35,4,5,35,0.8
"TUBA1B",78,1.58611896340659e-07,16,3,5,85,0.6
"PABPC1",79,6.37265027121265e-08,24,3,5,111,0.6
"HMGA1",80,7.02627967996321e-08,32,3,5,73,0.6
"PRMT1",80,1.36498433820686e-07,30,3,5,73,0.6
"PA2G4",81,9.49150231591834e-08,72,4,5,5,0.8
"HNRNPA1",82,6.63429508568298e-08,48,3,5,40,0.6
"H2AFZ",83,9.15516280607866e-08,63,4,5,26,0.8
"PYCR1",86,1.27334568433177e-07,19,3,5,103,0.6
"TUBB",86,9.28130796032855e-08,73,3,5,32,0.6
"PDE4C",88,1.50617600041858e-07,22,3,5,72,0.6
"HK2",90,8.02689316879916e-08,40,3,5,65,0.6
"IGLC3",92,9.36019798174375e-08,31,3,5,544,0.6
"GCNT3",93,4.3005760459013e-08,45,3,5,135,0.6
"IGKC",96,9.94286596515865e-08,36,3,5,493,0.6
"SDF2L1",96,9.33729572417979e-08,17,3,5,422,0.6
"MRPL12",97,9.45122009346999e-08,81,3,5,80,0.6
"CDA",98,5.49451360682968e-08,39,3,5,130,0.6
"NME4",98,8.4142152998435e-08,82,3,5,16,0.6
"PCNA",98,7.21938197472159e-08,53,3,5,78,0.6
"KRT8",99,6.51957826377782e-08,32,3,5,167,0.6
"NASP",100,7.20594601127605e-08,54,3,5,82,0.6
"AGR2",102,7.66291784989912e-08,2,2,5,388,0.4
"EEF1A1",102,6.01946269831419e-08,35,2,5,88,0.4
"BTG2",104,7.50092444068172e-08,17,2,5,123,0.4
"NOP56",104,8.13006480637753e-08,47,2,5,10,0.4
"C17orf76-AS1",105,5.92745955227969e-08,37,1,3,80.5,0.333333333333333
"SOX4",106,5.43360389840492e-08,53,1,5,876,0.2
"NCL",108,5.94697508891356e-08,72,2,5,66,0.4
"FABP5",109,1.16764247441973e-07,21,2,5,61,0.4
"PHGDH",109,2.25902796179994e-08,99,1,3,1318,0.333333333333333
"ETS2",111,4.23751113319416e-08,33,2,5,510,0.4
"MRPS26",111,8.46880302959691e-08,79,2,5,48,0.4
"XDH",111,6.27800485796911e-08,48,1,5,114,0.2
"RRP7A",112,1.60771454527226e-07,14,2,5,193,0.4
"LGALS3",114,8.01471746370372e-08,39,2,5,92,0.4
"TIMM13",115,9.64153544729256e-08,68,2,5,55,0.4
"APEX1",116,4.7733527485936e-08,89,1,5,62,0.2
"GADD45GIP1",116,1.03129841718474e-07,41,2,5,118,0.4
"SNHG17",116,2.12211368284888e-08,64,1,3,195,0.333333333333333
"S100A16",117,1.3697121223214e-07,28,2,5,242,0.4
"EPHB2",120,6.31454057304378e-08,26,2,5,303,0.4
"EPHB3",120,3.99150512356129e-08,17,2,5,375,0.4
"STRA13",120,2.22893960041777e-08,104,0,3,133.5,0
"RGMB",122,3.96724920315075e-08,19,2,5,422,0.4
"SRM",122,8.25241626681702e-08,37,2,5,66,0.4
"TMEM147",125,8.35401447587288e-08,86,1,5,128,0.2
"SNRPD1",127,1.01466734304002e-07,52,2,5,74,0.4
"IGHA1",130,7.21056879896344e-08,35,2,5,406,0.4
"HELLS",134,3.79809023611055e-08,42,2,5,385,0.4
"NUDC",134,8.75499252174846e-08,94,1,5,116,0.2
"DEK",135,4.7789123126042e-08,74,1,5,82,0.2
"GNB2L1",137,4.88990236287125e-08,71,1,3,46.5,0.333333333333333
"PARK7",137,9.93409315682767e-08,30,2,5,194,0.4
"SLC40A1",137,7.44154242607248e-08,53,1,5,32,0.2
"TUBA4A",137,1.12549607788876e-07,8,2,5,260,0.4
"ANXA2",140,1.18338045497712e-07,18,2,5,61,0.4
"PHB",140,8.63330107026456e-08,50,1,5,142,0.2
"FEN1",144,7.13029270932854e-08,80,2,5,82,0.4
"IGHG2",146,4.68640820887171e-08,78,1,3,1048,0.333333333333333
"SNHG8",147,3.66294711723154e-08,113,0,5,221,0
"SMOC2",148,4.22421533143102e-08,20,1,5,323,0.2
"HSP90AB1",150,7.45431919485024e-08,118,0,5,37,0
"CENPV",151,1.02736363528861e-07,67,1,5,212,0.2
"GGCT",152,7.41684641205784e-08,121,0,5,12,0
"SF3B5",152,8.32651258938896e-08,45,2,5,218,0.4
"ALDH1B1",153,3.94136079217557e-08,38,1,5,476,0.2
"SIVA1",155,6.59133160130039e-08,150,0,5,32,0
"EIF3E",157,4.79664574223447e-08,65,2,5,114,0.4
"C11orf48",158,2.25677581485293e-08,100,1,3,207,0.333333333333333
"DNMT1",160,5.52564056750688e-08,77,2,5,198,0.4
"MZB1",160,9.49830371998084e-08,23,2,5,480,0.4
"OLFM4",160,6.19966923184875e-08,30,2,5,219,0.4
"ZFAS1",161,3.65083229477254e-08,88,1,5,358,0.2
"PTMA",163,5.59428287222448e-08,45,1,5,96,0.2
"DKC1",166,4.5679018632732e-08,121,0,5,75,0
"NHP2L1",166,2.84842495274854e-08,135,0,3,48.5,0
"IL1R2",168,5.03588114527361e-08,65,1,5,512,0.2
"CCT2",169,5.60152027606938e-08,149,0,5,19,0
"U2AF1",169,9.05993375851255e-08,65,2,5,100,0.4
"GPX4",171,3.8332762273969e-08,132,0,5,198,0
"CCDC85B",173,4.41955322604369e-08,91,2,5,300,0.4
"ASNS",175,1.17985346607105e-07,5,2,5,265,0.4
"PARP1",176,5.04023023568583e-08,94,1,5,112,0.2
"DTYMK",178,5.64154310062246e-08,107,0,5,101,0
"MRPS34",178,7.08542787790482e-08,130,0,5,29,0
"HSP90AA1",180,6.83608415235789e-08,121,0,5,33,0
"SLC1A5",181,6.39382171920577e-08,4,2,5,975,0.4
"EEF2",182,4.97950638599361e-08,67,1,5,90,0.2
"SLPI",182,3.28773300253682e-08,70,1,5,558,0.2
"SEPP1",183,2.20597754152548e-08,108,0,3,157.5,0
"EMP1",184,4.76172998160607e-08,55,2,5,223,0.4
"CLTB",185,6.93187681708393e-08,79,2,5,104,0.4
"DHRS9",185,5.81967935215892e-08,71,2,5,163,0.4
"CDHR5",186,3.92609021763735e-08,50,2,5,196,0.4
"DCTPP1",187,9.20000367076516e-08,89,2,5,193,0.4
"EMG1",187,7.77994828840258e-08,37,1,5,191,0.2
"BANF1",188,8.81234465979491e-08,83,1,5,105,0.2
"SLC26A3",188,5.7048767916882e-08,33,2,5,205,0.4
"PRDX2",189,7.53099960367522e-08,60,2,5,306,0.4
"SERBP1",189,4.17180357009872e-08,117,0,5,103,0
"TRAP1",190,7.19026369398124e-08,165,0,5,118,0
"CEACAM5",191,4.56612024911361e-08,110,0,5,145,0
"HMGB2",192,3.20527194013954e-08,120,0,5,364,0
"MCM5",193,6.81357483595752e-08,70,2,5,113,0.4
"HSPE1",194,6.8062686266971e-08,109,0,5,112,0
"LSM2",194,7.01174281611541e-08,165,0,5,55,0
"TRMT112",194,9.39777122672003e-08,78,2,5,125,0.4
"EIF3I",195,8.49199003080426e-08,15,2,5,185,0.4
"NFIA",196,4.36561296770168e-08,76,2,5,528,0.4
"LEFTY1",198,3.24819660562461e-08,184,0,5,453,0
"SLC38A5",199,8.8595842074803e-08,51,1,5,224,0.2
"ATF3",201,6.66311126062199e-08,81,1,5,428,0.2
"NUCKS1",201,3.59172095076638e-08,156,0,5,268,0
"CDK6",202,3.11554744258004e-08,27,2,5,462,0.4
"HNRNPD",203,7.02399602179496e-08,178,0,5,29,0
"MRPL11",204,4.93648410697328e-08,167,0,5,141,0
"STOML2",205,6.96581193618755e-08,184,0,5,33,0
"C9orf142",206,2.10766897754466e-08,143,0,3,129,0
"GMNN",207,3.89775075489467e-08,154,0,5,290,0
"MS4A12",209,4.20359766745487e-08,58,2,5,344,0.4
"MRPL17",210,6.53592875129415e-08,110,0,5,69,0
"LSM4",211,6.91347707281695e-08,161,0,5,40,0
"ATP5G1",212,2.76995243752573e-08,147,0,3,52,0
"SRSF7",212,7.01237723454386e-08,69,1,5,158,0.2
"POLR3K",214,6.56967776028064e-08,189,0,5,160,0
"HNRNPA0",215,4.1860676277777e-08,105,0,5,36,0
"ISG20",218,3.05445411641447e-08,119,0,5,237,0
"RHOF",218,2.97244614466996e-08,202,0,3,80,0
"GLTSCR2",219,3.31325004211056e-08,41,1,3,268.5,0.333333333333333
"IGLV6-57",219,3.96905079334169e-08,121,0,3,1028,0
"YBX1",220,6.35880746305484e-08,130,0,5,138,0
"CCNG1",221,3.47779815499399e-08,165,0,5,396,0
"HMGN2",221,4.58332968129745e-08,82,1,5,27,0.2
"PSMG1",222,5.89306568620753e-08,206,0,5,36,0
"ZNF22",222,1.78807270590107e-07,177,0,2,45,0
"REPIN1",223,3.56261873908322e-08,157,0,5,261,0
"RSL1D1",223,2.93746889363173e-08,122,0,5,348,0
"EXOSC8",225,7.78274330126332e-08,135,0,5,219,0
"MUC13",225,5.09315690135398e-08,105,0,5,169,0
"FABP1",226,3.58400999501642e-08,14,2,5,365,0.4
"SNRNP25",226,6.26200907045322e-08,146,0,5,22,0
"CCDC34",227,2.90483850569863e-08,136,0,5,403,0
"EPB41L4A-AS1",227,1.82539844751561e-07,211,0,2,16,0
"NUDT8",227,6.66977322512747e-08,114,0,5,156,0
"PLAUR",227,3.80389585964133e-08,162,0,5,229,0
"SYNE2",227.5,1.80135449771465e-07,140,0,2,87.5,0
"PLA2G10",230,2.87281767816747e-08,90,1,5,540,0.2
"SLC51B",231,3.22953226185299e-08,38,1,3,278.5,0.333333333333333
"HMGB1",232,4.6026150922132e-08,159,0,5,79,0
"APRT",233,7.51050887716813e-08,102,0,5,148,0
"SLC25A6",233,5.26354778419761e-08,61,1,5,30,0.2
"STOM",233,2.14650804344605e-08,115,0,3,213.5,0
"IGHA2",234,4.1308888749787e-08,188,0,5,447,0
"C16orf13",235,2.82797851428811e-08,148,0,3,110,0
"UBE2T",236,6.12494961172736e-08,145,0,5,141,0
"SNRPE",237,6.00565586424377e-08,141,0,5,102,0
"DCXR",238,7.30998635364234e-08,74,1,5,259,0.2
"SSBP1",240,5.64195905475165e-08,92,1,5,307,0.2
"SLC6A8",241,3.78258956233907e-08,92,1,5,46,0.2
"SNHG6",241,2.42849361894714e-08,40,1,3,362,0.333333333333333
"IPO5",241.5,1.72744356248886e-07,184,0,2,57.5,0
"WDR34",242,4.26893658970225e-08,127,0,5,103,0
"NOP58",243,5.84530231685764e-08,141,0,5,95,0
"C6orf48",245,4.09791656469393e-08,115,0,5,544,0
"MRTO4",249,5.27590750704501e-08,212,0,5,56,0
"ADM",250,4.10481595638429e-08,123,0,5,224,0
"CENPM",250,5.50309552690978e-08,87,1,5,153,0.2
"TNIP3",250,3.76922730108038e-08,126,0,5,242,0
"ZFP36L2",251,4.22760926270587e-08,99,1,5,263,0.2
"NR4A1",252,3.08672823037979e-08,93,1,5,594,0.2
"PKIB",253,4.55659944080561e-08,81,2,5,264,0.4
"CACYBP",254,6.63544580385065e-08,203,0,5,76,0
"EIF4B",254,2.73535085896926e-08,196,0,5,325,0
"NACA",254,4.80180573368634e-08,154,0,5,13,0
"NFIC",255,2.72647584952734e-08,50,2,5,384,0.4
"POLR2G",255,7.57927968616024e-08,143,0,5,184,0
"ANP32B",258,4.15587526373342e-08,186,0,5,139,0
"DNPH1",259,7.116703360036e-08,93,1,5,91,0.2
"FKBP11",259,8.0112838393903e-08,127,0,5,279,0
"NOL7",260,8.16530014896394e-08,84,2,5,323,0.4
"SEPW1",261,1.69977787845254e-08,223,0,3,158.5,0
"SLC22A18",261,2.69665851578958e-08,53,2,5,539,0.4
"CDKN1A",263,4.12498115037731e-08,93,1,5,292,0.2
"C20orf27",264,5.81051554495369e-08,63,2,5,217,0.4
"CCT7",264,9.31448233947053e-08,85,2,5,251,0.4
"FGFBP1",265,2.66934622261334e-08,134,0,5,47,0
"CELF2",266,2.66845326334621e-08,138,0,5,423,0
"MRPL24",266,5.81825132989655e-08,157,0,5,49,0
"SNRPC",268,5.15369761554164e-08,247,0,5,211,0
"PEBP1",269,5.06612048233139e-08,136,0,5,80,0
"SSRP1",269,5.07140998430317e-08,108,0,5,199,0
"TRIM31",272,3.35566152345174e-08,236,0,5,302,0
"TMEM97",273,3.45784767628964e-08,75,1,5,319,0.2
"PRDX4",276,8.4053934816834e-08,76,1,5,172,0.2
"ATP5D",281,1.69978752324522e-08,238,0,3,150.5,0
"EGR3",281,2.5966798600503e-08,247,0,3,981,0
"FN1",281,5.53621355938289e-08,84,1,5,74,0.2
"RBMX",281,3.41563004614418e-08,168,0,5,466,0
"TMEM123",282,3.13278303227454e-08,200,0,5,338,0
"CCT5",284,7.65148029401104e-08,105,0,5,340,0
"PHGR1",284,4.36954609305973e-08,51,2,5,234,0.4
"CD44",285,4.26802057842917e-08,94,1,5,358,0.2
"FABP2",286,2.56782177248248e-08,27,2,5,345,0.4
"MCM3",288,5.46880290896863e-08,105,0,5,225,0
"CLNS1A",289,3.02207101898404e-08,214,0,5,348,0
"SSB",289,5.68935140096455e-08,211,0,5,31,0
"SMARCC1",290,2.54494745361717e-08,167,0,5,270,0
"SNHG7",291,3.76826570726873e-08,138,0,5,473,0
"MCM6",292,5.45109816812279e-08,130,0,5,175,0
"IGHM",293,7.54457189700313e-08,13,2,5,491,0.4
"CHCHD2",296,6.6006857458341e-08,46,2,5,291,0.4
"NGFRAP1",296,2.74157892856286e-08,253,0,3,132.5,0
"RUVBL2",296,7.46130268131717e-08,149,0,5,110,0
"POLE3",297,2.53070885065228e-08,179,0,5,224,0
"EIF3D",298,2.52513281446103e-08,244,0,5,108,0
"LMO7",298,3.74335420574521e-08,183,0,5,203,0
"MRPS12",299,5.24060621717383e-08,158,0,5,130,0
"VIM",299,4.52281403718424e-08,86,1,3,375,0.333333333333333
"ERH",300,4.26949407723608e-08,171,0,5,396,0
"WBSCR22",300,2.02729878742792e-08,167,0,3,133,0
"DUOXA2",301,1.98570625724403e-08,198,0,5,446,0
"MYADM",301,2.51739267666009e-08,94,1,5,996,0.2
"SRSF2",303,2.97419300116496e-08,236,0,5,103,0
"MISP",306,2.50753171888879e-08,230,0,5,464,0
"GBP3",307,3.4538628733054e-08,170,0,5,323,0
"MARCKSL1",307,2.8176233114144e-08,238,0,5,262,0
"ATAD3A",307.5,1.50309881568917e-07,246,0,2,61.5,0
"SLC25A39",308,5.12776917891159e-08,241,0,5,41,0
"HNRNPA3",309,7.00835782933897e-08,162,0,5,206,0
"HNRNPDL",311,3.00106357333881e-08,175,0,5,286,0
"F12",312,5.92492168871892e-08,197,0,5,397,0
"GAS5",312,1.50238168893823e-08,11,1,3,523,0.333333333333333
"HMGN1",313,4.63191047011817e-08,79,1,5,159,0.2
"RNASEH2A",314,4.41551001554214e-08,103,0,5,165,0
"PCBD1",316,5.06106369130463e-08,256,0,5,33,0
"SNRPD2",317,4.83483285909151e-08,158,0,5,172,0
"SRPK1",317,2.44139051005992e-08,263,0,5,667,0
"SIGMAR1",320,4.31046116208225e-08,124,0,5,188,0
"HMGN3",321,3.65408940887623e-08,147,0,5,92,0
"TMPRSS2",323,5.02921371058275e-08,156,0,5,158,0
"CNN3",325,5.32685616836676e-08,57,1,5,469,0.2
"EBPL",326,4.26525702373908e-08,281,0,5,76,0
"GCSH",326,5.02437951015203e-08,168,0,5,171,0
"PSIP1",326,3.14408737289948e-08,117,0,5,465,0
"RGS1",327,3.37249330449777e-08,172,0,3,1007,0
"CYC1",328,5.90075302298699e-08,253,0,5,237,0
"EEF1E1",328,5.0189336129528e-08,265,0,5,24,0
"ZWINT",329,2.38893947744257e-08,278,0,5,270,0
"EIF3K",331,3.87176253294457e-08,299,0,5,563,0
"FLNB",331,3.30016006652657e-08,181,0,5,785,0
"ILF2",332,6.06651361889361e-08,241,0,5,52,0
"TGM2",332,2.25603953197571e-08,101,0,3,218,0
"NEDD9",332.5,1.65231328579379e-07,85,1,2,247.5,0.5
"AHCY",334,4.28793108017357e-08,181,0,5,178,0
"GSTP1",335,5.83358092813891e-08,54,2,5,375,0.4
"HSPA8",335,4.50153175481601e-08,213,0,5,57,0
"EIF3F",336,3.32098188474992e-08,178,0,5,41,0
"C17orf89",338,3.06682588726572e-08,208,0,3,87,0
"KRTCAP3",338,6.34835512877534e-08,151,0,5,132,0
"MANF",340,4.6008695985012e-08,36,2,5,557,0.4
"NDUFAB1",342,5.59865771424408e-08,85,2,5,359,0.4
"CCT3",343,6.28304140166368e-08,223,0,5,59,0
"ZNF511",343,4.57997895310202e-08,202,0,5,148,0
"FOSB",344,4.03692380071387e-08,118,0,5,479,0
"NDUFS8",344,5.69368143768718e-08,194,0,5,174,0
"CCT8",346,6.01845543916574e-08,215,0,5,258,0
"HSPBP1",346,7.34125160483536e-08,110,0,5,271,0
"DANCR",348,2.81934471512591e-08,237,0,3,102,0
"MRPL55",348,5.96501297480037e-08,248,0,5,217,0
"HHLA2",349,1.89838223245329e-08,258,0,3,109,0
"SNHG5",349,2.30599051599634e-08,153,0,3,181,0
"DUSP1",353,3.21925659232347e-08,246,0,5,806,0
"MRPS15",354,5.42523390775066e-08,293,0,5,126,0
"SRPRB",354,6.40830161785423e-08,89,1,5,488,0.2
"IRF2BP2",355,2.27962502086736e-08,243,0,5,540,0
"BOD1",356,1.39408877753562e-07,174,0,2,182,0
"CERS6",358,2.27095155596717e-08,185,0,5,523,0
"BZW2",359,2.05090697239579e-08,192,0,5,224,0
"EEF1D",359,4.51336129555512e-08,280,0,5,25,0
"PPIB",359,5.70011018622792e-08,13,2,5,363,0.4
"PSMA7",360,4.27459691548335e-08,70,2,5,334,0.4
"RMI2",360,2.26222950095332e-08,133,0,5,463,0
"TP53",361,2.26215427391861e-08,100,1,5,695,0.2
"C11orf86",364,3.2435218271612e-08,186,0,3,167,0
"OAS1",365,2.2541331381911e-08,132,0,5,532,0
"DDX21",366,2.24970436700824e-08,133,0,5,715,0
"NCOA7",366,4.28818816165689e-08,170,0,5,730,0
"CSNK1E",368,1.26311455173564e-07,296,0,2,72,0
"ATP5O",370,1.44273883241366e-08,297,0,3,180,0
"HDGF",370,2.7448963030326e-08,252,0,5,641,0
"S100A6",370,2.21912812152129e-08,285,0,5,428,0
"CLDN7",371,8.25163885098954e-08,63,1,5,82,0.2
"PHLDA2",373,3.21365779516818e-08,240,0,5,269,0
"EXOSC5",374,4.14854699957045e-08,185,0,5,187,0
"FAU",379,5.02056237800586e-08,306,0,5,348,0
"KIAA0101",380,3.42084479828017e-08,166,0,3,175.5,0
"CA4",382,3.7057618842057e-08,214,0,5,185,0
"PCBP2",382,3.30074914912911e-08,180,0,5,422,0
"SLC16A3",383,2.16224558730528e-08,95,1,5,346,0.2
"TIMM9",384.5,1.22148131088022e-07,289,0,2,95.5,0
"PDCD5",385,4.50843488787597e-08,272,0,5,33,0
"TK1",385,3.78842743185531e-08,210,0,5,184,0
"CASP5",387,1.57559754638418e-08,245,0,3,178,0
"FUS",389,4.49464585792986e-08,325,0,5,59,0
"PNRC1",389,2.3400804106314e-08,250,0,5,236,0
"IGLC2",391,5.33600227614117e-08,56,1,5,671,0.2
"ATP5G3",392,1.2359372416082e-08,344,0,3,218,0
"BCL7C",392,4.48219430485878e-08,210,0,5,107,0
"ENO1",392,6.4513282813407e-08,65,2,5,328,0.4
"MYL12B",392,4.53626441541514e-08,275,0,5,66,0
"ATRX",393,1.25011369270605e-07,230,0,2,163,0
"MRPL20",394,4.34612056213119e-08,182,0,5,399,0
"PPP1R15A",395,4.37714253659764e-08,101,0,5,302,0
"COL17A1",396,2.20474142961805e-08,375,0,3,101,0
"CCT6A",397,3.8590541448118e-08,318,0,5,127,0
"PRKDC",397,2.11850935189535e-08,111,0,5,729,0
"CMSS1",398,2.33218792342062e-08,91,1,5,598,0.2
"ZFP36L1",400,3.62815164387601e-08,143,0,5,823,0
"CAPN8",407,4.99400766216384e-08,221,0,5,298,0
"AGPAT2",408,4.29892683310851e-08,173,0,5,155,0
"MRPL4",408,3.71032413483973e-08,236,0,5,36,0
"CCDC14",409,2.51066905860889e-08,238,0,5,911,0
"CLCA4",409,3.7284999757987e-08,302,0,5,116,0
"CTD-2228K2.5",409,2.00244787143434e-08,246,0,3,97,0
"SHMT2",411,4.3431365046546e-08,207,0,5,62,0
"CUTA",412,4.27324464608828e-08,201,0,5,62,0
"MUC2",413,2.07977324901975e-08,38,2,5,2183,0.4
"FKBP4",414,3.83284390588918e-08,254,0,5,176,0
"RHOBTB3",415,2.07408964204507e-08,284,0,5,356,0
"RP11-294O2.2",415,1.36168485867516e-08,391,0,3,157,0
"GARS",416,3.44160989741894e-08,12,2,5,1063,0.4
"HMBS",418,4.25808045516302e-08,232,0,5,57,0
"HPGD",421,3.27730868911918e-08,139,0,5,340,0
"SH3BGRL3",421,4.46296972335591e-08,112,0,5,318,0
"IDH2",422,3.15381692600639e-08,267,0,5,189,0
"PDZK1IP1",422,2.5043240523522e-08,294,0,5,438,0
"USP1",423,2.13443835988144e-08,208,0,5,578,0
"EGR1",424,4.39487297379753e-08,78,2,5,452,0.4
"CCND2",425,3.64075737677265e-08,259,0,5,89,0
"CCT4",425,5.04639505695228e-08,320,0,5,57,0
"CIB1",426,7.72834722186649e-08,138,0,5,251,0
"HES6",426,2.04639797555122e-08,135,0,5,921,0
"RBPJ",427,1.12947263625768e-07,292,0,2,135,0
"KCNQ1",428,1.10865832778896e-07,352,0,2,76,0
"MRPS7",428,5.78559812329751e-08,176,0,5,228,0
"GPA33",432,2.02814488701153e-08,258,0,5,925,0
"YPEL5",432,2.46289988796477e-08,314,0,5,696,0
"AIMP2",435,5.3957280270559e-08,178,0,5,409,0
"GNL3",435,3.05519644118685e-08,239,0,5,232,0
"NDUFAF3",436,6.16535666329012e-08,199,0,5,405,0
"PLS1",436,3.62324080194751e-08,150,0,5,338,0
"PPIA",437,2.91853328699582e-08,317,0,5,461,0
"GPX1",440,1.97710991466327e-08,405,0,3,21,0
"DST",442,4.06898916856355e-08,177,0,5,52,0
"SERPINB6",443,3.50498143076955e-08,152,0,5,456,0
"COPS6",444,4.86474036138223e-08,159,0,5,270,0
"IFI27",444,2.68704209955715e-08,295,0,5,348,0
"LINC00035",445,1.94932377153516e-08,225,0,3,336.5,0
"EIF1AX",446,3.18443912964652e-08,199,0,5,227,0
"MKI67IP",446,1.40574164289336e-08,311,0,3,248,0
"SNRPF",448,4.02882932889324e-08,231,0,5,161,0
"PI3",449,1.66838190253264e-08,129,0,5,432,0
"SMC4",449,1.97175289395854e-08,199,0,5,428,0
"CKS1B",450,3.5301577268083e-08,263,0,5,130,0
"IGHG3",450,5.89879456638854e-08,52,1,5,638,0.2
"SPCS1",450,3.00320701060984e-08,157,0,5,521,0
"PHB2",451,3.44048702919844e-08,294,0,5,85,0
"ASS1",452,1.62890942384719e-08,190,0,5,365,0
"RRM1",452,1.96495950517763e-08,210,0,5,598,0
"C11orf31",453,1.45893939603166e-08,339,0,3,155,0
"CISD3",453,4.77632876001217e-08,126,0,5,341,0
"SELK",453,1.13405567013967e-08,424,0,3,467,0
"JUN",454,3.73296728775577e-08,139,0,5,882,0
"UNG",455,2.06456676798258e-08,162,0,5,504,0
"LSM7",457,3.24577761718084e-08,433,0,5,153,0
"POLR2E",457,3.95051265465925e-08,355,0,5,70,0
"CHCHD10",458,5.76801105294239e-08,216,0,5,329,0
"ATP5C1",460,1.27880435695426e-08,310,0,3,221,0
"FXYD3",460,1.93746012644897e-08,87,1,5,634,0.2
"NOB1",460.5,1.04116137049309e-07,426,0,2,34.5,0
"B4GALT1",461,2.39178832380011e-08,258,0,5,314,0
"MLXIP",463,1.93268707672807e-08,244,0,5,362,0
"TUFM",463,3.91645907612502e-08,371,0,5,316,0
"NFKBIA",465,3.91313760010199e-08,320,0,5,673,0
"TAF1D",466,1.91960160149837e-08,171,0,5,714,0
"POLR1D",467,1.91930791617054e-08,287,0,5,220,0
"PAFAH1B3",468,2.51075405349245e-08,407,0,5,165,0
"PPIF",469,2.54686558308057e-08,257,0,5,184,0
"S100A11",469,5.72934369728417e-08,269,0,5,182,0
"PTGES3",471,2.81406617939988e-08,239,0,5,80,0
"MKI67",473,2.08273225541197e-08,161,0,5,329,0
"BRIX1",474,5.8590081150518e-08,257,0,5,92,0
"PRAC1",474,3.34483912648572e-08,174,0,5,312,0
"ILF3",475,2.2362263559554e-08,122,0,5,419,0
"PLEC",475,2.31922077811682e-08,397,0,5,292,0
"ERRFI1",476,3.82183873689952e-08,226,0,5,617,0
"HNRNPA2B1",477,1.89430902502438e-08,359,0,5,627,0
"MRPL16",477,3.37576244949705e-08,328,0,5,91,0
"MYO10",478.5,1.0061477599907e-07,383,0,2,95.5,0
"PSMG3",479,5.54279300327938e-08,142,0,5,387,0
"TRIM15",479,2.49800585676494e-08,231,0,5,465,0
"CD55",481,2.99001187782317e-08,314,0,5,211,0
"CCDC124",482,5.67840145351175e-08,265,0,5,290,0
"NONO",483,1.86172474576418e-08,132,0,5,412,0
"PHIP",483,9.98159015384614e-08,375,0,2,108,0
"TOMM20",483,2.52389419326007e-08,299,0,5,254,0
"MRPS23",484,3.03225581637013e-08,304,0,5,170,0
"SRSF3",484,3.78138754760525e-08,319,0,5,228,0
"DHFR",485,2.80682043288896e-08,192,0,5,478,0
"PFDN2",485,4.31811794091067e-08,260,0,5,431,0
"C4BPB",486,1.85087012012153e-08,152,0,5,433,0
"BTG1",488,3.19308874777115e-08,196,0,5,939,0
"SNRNP70",488,3.88509639897666e-08,370,0,5,128,0
"TOMM22",489,3.41576088658429e-08,427,0,5,97,0
"C19orf33",490,1.84689364615321e-08,283,0,5,560,0
"SAMD9",490,1.11786246559289e-08,433,0,3,222.5,0
"EIF3M",491,4.52188444018959e-08,331,0,5,290,0
"CRELD2",492,1.77820658441084e-08,176,0,5,1291,0
"TPT1",493,2.44650002099528e-08,265,0,5,471,0
"CYSTM1",494,3.72672081499764e-08,384,0,5,97,0
"HIST1H1C",494,3.6056944117561e-08,286,0,5,103,0
"RRM2",494,1.90095524317898e-08,351,0,5,485,0
"HSD17B2",496,1.82709715421016e-08,141,0,3,1010.5,0
"SFPQ",497,1.82239292527875e-08,440,0,5,531,0
"FAM133B",498,2.4798732317868e-08,309,0,5,560,0
"SSR2",498,3.05782850902527e-08,101,0,5,492,0
"HES1",499,2.71028853653214e-08,256,0,5,360,0
"LYAR",499,3.30350065206682e-08,113,0,5,394,0
"MRPL37",499,3.48993002977742e-08,335,0,5,89,0
"TRA2B",500,2.29382872888085e-08,352,0,5,294,0
"SLC6A14",502,2.65530700102796e-08,339,0,5,287,0
"ATP5B",503,1.45613569587256e-08,342,0,3,155,0
"MGST3",504,3.23838443183761e-08,350,0,5,149,0
"CD59",505,3.24191804814862e-08,306,0,5,163,0
"PMAIP1",506,2.30074657730628e-08,158,0,5,814,0
"RBBP6",506,9.49904639809417e-08,460,0,2,46,0
"TMEM54",506,1.79717295874401e-08,248,0,5,634,0
"LGALS4",507,2.97790330883149e-08,305,0,5,186,0
"AURKAIP1",508,4.6406808693673e-08,275,0,5,198,0
"MRPL3",508,3.62381056977951e-08,288,0,5,87,0
"PSMB5",508,3.2522733655458e-08,232,0,5,525,0
"IGLC7",511,4.57932220984116e-08,83,1,5,421,0.2
"UPP1",511,1.79242444045724e-08,345,0,5,897,0
"KLHDC3",512,9.50255499735352e-08,490,0,2,22,0
"CDT1",514,3.00271816887632e-08,216,0,3,313.5,0
"TM4SF1",515,4.33968606835089e-08,227,0,5,376,0
"ATIC",516,4.38448368719688e-08,403,0,5,89,0
"MAFF",516,1.37357717882995e-08,354,0,3,170,0
"PUM1",516.5,9.35542401975836e-08,430,0,2,86.5,0
"FHL2",517,1.50872043829029e-08,376,0,5,539,0
"BBX",518.5,9.52866217495796e-08,330,0,2,188.5,0
"BIRC3",519,1.93226607244998e-08,165,0,5,1023,0
"NOS2",519,3.56631163671204e-08,273,0,5,224,0
"PRPS2",522,1.76102160167428e-08,308,0,5,330,0
"HSD17B8",523,1.00871927414375e-07,403,0,2,120,0
"PPM1G",523,2.04106455307397e-08,379,0,5,314,0
"SRGN",523,3.53976250264164e-08,114,0,3,1028,0
"TOMM7",523,4.46715767637714e-08,88,1,5,219,0.2
"COMT",524,5.06475475373161e-08,261,0,5,251,0
"HLA-DPB1",524,5.63284728559281e-08,43,1,5,343,0.2
"PPP1R1B",524,2.06983644522842e-08,380,0,5,204,0
"CUEDC2",524.5,9.14330035246311e-08,495,0,2,29.5,0
"AQP1",525,9.6154963190998e-09,164,0,3,811.5,0
"TRIM28",525,1.74166435368745e-08,290,0,5,654,0
"CDC37",527,3.992128749522e-08,75,1,5,352,0.2
"NOLC1",529,2.09469698134562e-08,168,0,5,301,0
"PRSS3",529,3.23395462141976e-08,260,0,5,243,0
"RNF213",529,3.37407488088224e-08,378,0,5,479,0
"SLCO2A1",534,1.72351407368283e-08,192,0,3,527,0
"CAPG",537,8.308915919559e-08,118,0,5,251,0
"SRRM1",537,1.82866914586083e-08,373,0,5,682,0
"SNHG15",537.5,8.92451665507248e-08,525,0,2,12.5,0
"KLF6",538,4.82910734499346e-08,347,0,5,194,0
"PSMB3",542,2.93594214543153e-08,56,2,5,491,0.4
"CD79A",543,2.58294749790093e-08,283,0,3,958.5,0
"NSA2",546,1.68564690729583e-08,487,0,5,603,0
"SSFA2",547,3.1688549416082e-08,225,0,5,76,0
"FOS",548,4.02689486756816e-08,119,0,5,623,0
"LUM",550,3.43695748655463e-08,123,0,3,323,0
"LYRM4",550,8.68824708116415e-08,501,0,2,49,0
"GTF3A",553,2.41751046256253e-08,363,0,5,195,0
"ETHE1",554,1.84975722932965e-08,166,0,5,670,0
"DNAJC9",555,3.41328742339085e-08,201,0,5,390,0
"NAP1L4",555.5,8.67815023748737e-08,485,0,2,70.5,0
"VILL",556,1.65772410413077e-08,324,0,5,676,0
"SULT1B1",558,2.93335461843081e-08,167,0,5,421,0
"HSD17B10",559,3.00567803677792e-08,169,0,5,316,0
"SNHG16",560,1.50509163031974e-08,339,0,3,358.5,0
"ZBP1",560,1.6061239647292e-08,233,0,3,738,0
"METAP2",562,1.65277366775093e-08,527,0,5,1125,0
"NT5C3A",563,2.66195996785475e-08,465,0,5,150,0
"BCAS1",564,2.61670825790803e-08,275,0,5,1693,0
"MRPL51",564,3.25822333726393e-08,319,0,5,254,0
"TSC22D1",565,3.33333828612058e-08,143,0,5,253,0
"HNRNPC",566,2.85485334545747e-08,405,0,5,124,0
"RHOB",566,3.39795647786409e-08,170,0,5,606,0
"COX4I1",567,1.33983826998897e-08,482,0,3,115.5,0
"MAGOHB",567,4.20661794063909e-08,355,0,5,464,0
"PABPC4",567,8.56945576436581e-08,541,0,2,26,0
"IMP4",568,2.34051362331707e-08,443,0,5,177,0
"RCN2",568,1.7008598093633e-08,538,0,5,66,0
"OSTC",570,2.88479066965825e-08,83,1,5,539,0.2
"MYC",571,1.62724055735702e-08,392,0,5,149,0
"TMED9",573,3.39587020201862e-08,29,2,5,691,0.4
"TPI1",573,3.20991733604054e-08,239,0,5,380,0
"RP11-48O20.4",574,9.03353789711968e-09,145,0,3,836,0
"NUDT5",575,3.66028519744476e-08,290,0,5,297,0
"RNPS1",575,1.75682654840501e-08,297,0,5,187,0
"ASL",576,3.79142495051217e-08,229,0,5,863,0
"TSFM",576,4.03669158786567e-08,447,0,5,220,0
"EBP",582,3.85376267742739e-08,471,0,5,72,0
"H3F3A",583,3.63793102925426e-08,151,0,5,244,0
"KHDRBS1",583,1.71151335867012e-08,500,0,5,302,0
"MRPS2",583,3.29847625344976e-08,322,0,5,268,0
"PSMA3",583,2.96667361580955e-08,91,1,5,631,0.2
"BTF3",585,3.28082653713062e-08,337,0,5,103,0
"CEBPZ",585,8.12743103288479e-08,539,0,2,46,0
"WNK2",585,1.59126910274812e-08,211,0,5,1017,0
"CDHR2",586,1.46038455501876e-08,423,0,3,111.5,0
"PTPLAD1",586,2.30986617934355e-08,348,0,3,194,0
"NDUFB11",587,3.52453569824168e-08,352,0,5,281,0
"WDR18",587,3.7669463174579e-08,386,0,5,612,0
"SNRPD3",588,1.58649140128757e-08,330,0,5,736,0
"USP53",589,3.25132388531058e-08,312,0,5,326,0
"PSMB6",590,3.03306340326449e-08,54,2,5,591,0.4
"PSMB1",591,2.09137683834326e-08,145,0,5,728,0
"PARM1",592,2.22052290042601e-08,220,0,5,261,0
"TFDP1",592,1.59855514971519e-08,523,0,5,469,0
"TUBB4B",594,3.62984715533279e-08,220,0,5,398,0
"SNRPA1",595,4.59353310557936e-08,370,0,5,182,0
"CXCL2",597,3.2199713830365e-08,411,0,5,695,0
"POP5",598,5.3892304079946e-08,296,0,5,197,0
"RCN1",598,1.56674420280864e-08,242,0,5,706,0
"C11orf83",599,1.11964183832093e-08,510,0,3,170,0
"PFKFB3",599,1.1497409383199e-08,413,0,3,357.5,0
"SUMO2",600,2.50061775402296e-08,308,0,5,95,0
"TAGLN2",600,2.65561453271331e-08,268,0,5,387,0
"MLEC",601,3.17981385027366e-08,219,0,5,201,0
"SURF2",601,8.31128330472898e-08,510,0,2,91,0
"ZNF593",601,3.20886198645651e-08,242,0,5,160,0
"RBM8A",603,2.12492378348951e-08,325,0,5,479,0
"UGP2",603,1.76608201746635e-08,371,0,5,519,0
"JTB",604,3.19061080368137e-08,566,0,5,242,0
"NAA10",605,3.42389459494336e-08,539,0,5,63,0
"PSMC3",605,1.39750697085767e-08,386,0,5,268,0
"RUVBL1",607,2.67785534501708e-08,383,0,5,158,0
"EIF2S3",608,1.53466776358896e-08,310,0,5,1254,0
"COA4",609,4.34428759885318e-08,309,0,5,387,0
"LITAF",609,1.73000642472478e-08,591,0,5,745,0
"TPGS2",611,2.07756639090085e-08,414,0,5,263,0
"ITGB6",612,1.0967180688055e-08,484,0,3,190.5,0
"TOP2A",612,1.64722136403601e-08,279,0,5,784,0
"SARS",613,3.94976204150866e-08,82,1,5,439,0.2
"IFNGR1",614,1.76392994914836e-08,441,0,5,392,0
"WIPI2",614,7.7091262349412e-08,536,0,2,78,0
"DDX39A",615,4.058178880147e-08,400,0,5,224,0
"MGLL",616,1.52164810153493e-08,346,0,5,476,0
"SHD",618,2.04314361666988e-08,551,0,5,200,0
"CCL28",620,1.67398121539761e-08,450,0,5,454,0
"CDH17",620,1.51454632834588e-08,385,0,5,959,0
"UBA2",620,8.042505261315e-08,509,0,2,111,0
"YBX3",621,2.59841869835965e-08,279,0,5,165,0
"MRPS28",622,3.27029882475776e-08,588,0,5,336,0
"SSR3",623,2.3645859069497e-08,161,0,5,539,0
"MTHFD1",624,2.3073860764064e-08,253,0,5,362,0
"FAM96B",625,2.45985482615099e-08,51,2,5,741,0.4
"ORMDL2",626,1.65370259061483e-08,181,0,5,836,0
"TMPO",628,1.49271250235648e-08,295,0,5,596,0
"UQCC2",629,3.06003450673718e-08,465,0,5,145,0
"HNRNPM",631,1.48851175045359e-08,538,0,5,304,0
"SOX9",632,1.48829739448471e-08,148,0,5,789,0
"H2AFV",633,2.60539934836577e-08,277,0,5,205,0
"KRT7",633,1.60144335194991e-08,580,0,3,121.5,0
"EXOSC4",634,3.81113822748512e-08,456,0,5,176,0
"SLC39A8",634,2.31137049457638e-08,347,0,5,335,0
"MZT2A",635,3.94243762525847e-08,124,0,5,321,0
"ABCC3",636,2.24099022557777e-08,377,0,5,203,0
"SORD",636,1.7905708442291e-08,377,0,5,840,0
"MRPL27",637,3.09821957713404e-08,173,0,5,474,0
"NUDT1",637,2.37540741827388e-08,326,0,5,405,0
"EIF3B",638,3.28748981814417e-08,584,0,5,74,0
"ATP5G2",639,1.93675545035345e-08,461,0,3,142.5,0
"GDPD3",640,3.00394838646418e-08,33,1,3,333.5,0.333333333333333
"HSPA9",640,2.61508263030281e-08,479,0,5,94,0
"QTRT1",640,1.46704197567748e-08,459,0,5,74,0
"CENPW",644,1.95954291719788e-08,377,0,5,451,0
"PDAP1",644,2.66982063698806e-08,490,0,5,59,0
"YDJC",644.5,7.30392337546589e-08,560,0,2,84.5,0
"MLTK",645,9.66561972658116e-09,282,0,3,514,0
"RNASEH2C",646,2.0594762612675e-08,389,0,5,238,0
"IPO7",649,7.25695467873115e-08,552,0,2,97,0
"ATP5F1",650,1.3374451382457e-08,324,0,3,195.5,0
"NEDD8",651,2.23241249177141e-08,319,0,5,406,0
"EIF4A2",652,1.61847182104289e-08,574,0,5,483,0
"EIF3H",653,2.36933658202287e-08,333,0,5,29,0
"KIAA1324",653,1.45290512892919e-08,108,0,5,1105,0
"LMNB1",654,1.45011080135794e-08,284,0,5,564,0
"THOC6",654.5,7.34488721342834e-08,571,0,2,83.5,0
"SLBP",655,2.47762138536122e-08,346,0,5,317,0
"IFRD2",656,2.93676542068196e-08,374,0,5,451,0
"KPNB1",656,2.44796667467464e-08,369,0,5,265,0
"MRPL23",656,4.15729469098386e-08,408,0,5,124,0
"TMEM141",658,1.77519194914075e-08,230,0,5,742,0
"XRCC6",660,4.13555190721195e-08,418,0,5,271,0
"CCDC58",661,2.91015477560294e-08,432,0,5,43,0
"PFN1",661,2.98026356069519e-08,24,2,5,1047,0.4
"EGLN3",663,1.53479152044835e-08,262,0,3,322.5,0
"EIF2S1",663,3.40615694281259e-08,395,0,5,108,0
"NDUFB8",664,1.92694497168566e-08,309,0,5,657,0
"NDUFAF2",665,3.10721747283693e-08,478,0,5,384,0
"PDIA6",665,1.67514011601622e-08,464,0,5,362,0
"MRPL36",666,3.05077912531306e-08,596,0,5,129,0
"ECI1",667,3.54327730192401e-08,337,0,5,345,0
"SAT1",668,1.89287856640832e-08,454,0,5,729,0
"C10orf99",669,1.92160479888961e-08,316,0,5,309,0
"C19orf43",671,9.55405448170937e-09,427,0,3,269,0
"LEPREL1",673,7.7774964981146e-09,448,0,3,705,0
"RHOC",673,1.41801229625503e-08,268,0,5,473,0
"UFD1L",674,7.7766944293984e-09,571,0,3,298.5,0
"YY1",674,1.65653764218821e-08,558,0,5,410,0
"DUSP2",675,2.64620018936594e-08,271,0,5,645,0
"MYO1A",675,2.78212106474293e-08,454,0,5,167,0
"KLK1",676,3.48373029075453e-08,10,2,5,1027,0.4
"VAMP8",676,1.40988126964057e-08,437,0,5,386,0
"LSM5",677,3.20598442326047e-08,191,0,5,278,0
"SMC2",677,1.40798136848718e-08,255,0,5,509,0
"TCEA1",679,1.98874154173942e-08,443,0,5,332,0
"GPRC5A",680,1.53012127392375e-08,512,0,5,921,0
"MDH2",681,1.64945658602792e-08,416,0,5,923,0
"PSMC5",681,2.01252813132706e-08,398,0,5,496,0
"ST13",681,2.02520152931454e-08,434,0,5,181,0
"MRP63",682,1.40168217017763e-08,659,0,3,76.5,0
"PMEPA1",684,1.15477135965744e-08,396,0,5,796,0
"PSMD8",684,2.84829414863037e-08,245,0,5,495,0
"MRPL14",685,2.96277607904096e-08,333,0,5,355,0
"PFDN6",685,3.5440287246563e-08,522,0,5,93,0
"TRIM40",685,1.15911326550978e-08,407,0,3,385.5,0
"CYP3A5",686,9.37549708121211e-09,337,0,5,1349,0
"EIF3A",687,1.3852154599567e-08,387,0,5,818,0
"ZBTB38",688.5,7.08715765936015e-08,486,0,2,202.5,0
"TAPBP",690,2.72969428988406e-08,647,0,5,283,0
"PSMD7",691,1.37806441268681e-08,235,0,5,952,0
"TMC5",691,1.99202892551392e-08,541,0,5,600,0
"LSMD1",693,1.08167387813978e-08,533,0,3,362,0
"MVP",696,3.30189463229535e-08,545,0,5,211,0
"MRPS25",697,2.86931660436699e-08,496,0,5,79,0
"GSTO1",698,1.9299324442337e-08,236,0,5,455,0
"CIRBP",699,1.76312184630056e-08,520,0,5,576,0
"PPP2R5E",699.5,6.5830296350411e-08,628,0,2,71.5,0
"AHSA1",702,4.76026187078944e-08,358,0,5,86,0
"NANS",702,1.36255635348013e-08,278,0,5,786,0
"GPBP1",702.5,7.27204785235142e-08,421,0,2,281.5,0
"CDX1",704,3.18349780558907e-08,496,0,5,486,0
"MRPL54",706,2.39780899108982e-08,238,0,5,482,0
"FIS1",707,1.53517871163205e-08,237,0,5,885,0
"ATP5A1",708,1.31187337831254e-08,533,0,3,98,0
"TRIB1",708,1.77566029735354e-08,443,0,5,785,0
"HNRNPU",711,1.3473161835018e-08,439,0,5,346,0
"NAPRT1",711,7.2864384130072e-09,449,0,3,709,0
"HNRNPF",712,2.6366265556548e-08,617,0,5,120,0
"KRT18",713,2.46873365867274e-08,33,2,5,934,0.4
"ANKRD12",714,7.22623966610344e-08,417,0,2,297,0
"ACTB",715,2.94813527665511e-08,590,0,5,465,0
"PPIH",715,2.61655520053218e-08,491,0,5,265,0
"C19orf53",717,2.63307938255777e-08,670,0,5,66,0
"LAGE3",717,2.27845378888127e-08,568,0,5,237,0
"BTG3",718,1.33216717844169e-08,524,0,5,759,0
"TNFAIP3",720,1.81545975560302e-08,500,0,3,374.5,0
"CCNI",722,2.15583857505781e-08,386,0,5,1157,0
"RPA3",724,1.59783049388249e-08,659,0,5,113,0
"YARS",725,4.03923267919409e-08,88,1,5,614,0.2
"WDR74",726,6.35482467919148e-08,665,0,2,61,0
"SMPDL3A",728,1.02422847243037e-08,492,0,3,439.5,0
"ZC3H12A",729,3.18304932510215e-08,589,0,5,220,0
"GSN",731,1.31038320238481e-08,416,0,5,332,0
"FDPS",732,2.43113264710008e-08,124,0,5,495,0
"NR2C2AP",732,1.19503595948495e-08,566,0,3,118.5,0
"PRPF19",733,2.524081599223e-08,415,0,5,333,0
"RARRES3",733,1.52855093092823e-08,463,0,5,476,0
"ATP5H",734,9.43196875830615e-09,687,0,3,142,0
"COMMD6",735,3.52858520090621e-08,161,0,5,135,0
"NDUFS6",735,2.23519398535265e-08,578,0,5,382,0
"COMTD1",736,1.52107229945603e-08,439,0,5,805,0
"TIMM50",736,3.82911891730714e-08,475,0,5,353,0
"COX11",737,1.83836212210092e-08,423,0,5,403,0
"EPRS",738,2.03738315474785e-08,77,1,5,738,0.2
"GALE",739,2.06152592102567e-08,99,1,5,730,0.2
"YIF1A",739,2.08426738354621e-08,455,0,5,402,0
"TGIF1",741,2.17450461776647e-08,381,0,5,717,0
"ADRM1",742,2.14567129052654e-08,318,0,5,802,0
"SF3B14",742,8.6918346529265e-09,636,0,3,200.5,0
"SUPT16H",742,1.29646295171699e-08,215,0,5,811,0
"ASF1B",744,2.11990410534649e-08,396,0,3,209,0
"SPCS2",745,1.51289409688085e-08,285,0,5,595,0
"MATR3",746,1.16051096310894e-08,571,0,5,121,0
"PSMA5",749,1.92895149762523e-08,177,0,5,767,0
"EIF2S2",750,1.97756535038691e-08,243,0,5,709,0
"IER3",750,1.67546200951725e-08,267,0,5,429,0
"SPDEF",751,1.81841994618451e-08,67,1,5,1187,0.2
"SRSF9",752,1.4974058039085e-08,729,0,5,491,0
"CBX3",754,1.90807259663598e-08,529,0,5,164,0
"ADSL",755,2.46558886821787e-08,627,0,5,295,0
"TRIM2",755,1.27777994601488e-08,584,0,5,824,0
"TIMP2",756,6.83209195973105e-09,740,0,3,547,0
"TST",757,2.95240593711007e-08,608,0,5,106,0
"CALM2",758,5.86519912498201e-08,254,0,5,255,0
"SOCS3",759,1.7332593344608e-08,578,0,5,601,0
"PPIC",761,2.76486711900019e-08,663,0,5,835,0
"SLC25A5",761,2.3062355522008e-08,304,0,5,739,0
"LAPTM5",762,1.3213501801539e-08,726,0,3,812,0
"PRRC2A",764,6.30755209117355e-08,518,0,2,246,0
"BRD4",767,5.75436287306322e-08,741,0,2,26,0
"QARS",767,2.10710603132386e-08,402,0,5,370,0
"CKS2",770,1.62568390668694e-08,572,0,5,233,0
"UBA52",771,2.40308539042122e-08,410,0,5,279,0
"PTPRH",772,1.25700733699848e-08,698,0,3,215.5,0
"ALG3",773,2.86128092789467e-08,602,0,5,200,0
"DDX18",773,1.25700587407223e-08,630,0,5,542,0
"BCAP31",774,1.52633526145044e-08,277,0,5,663,0
"CCDC167",774,1.52302618463232e-08,545,0,5,795,0
"CXCL1",775,2.38231785640199e-08,493,0,5,446,0
"LPCAT4",775,2.75766020116586e-08,681,0,5,53,0
"PHF5A",775,2.30874306840648e-08,496,0,5,96,0
"RNASEH2B",776,2.33031565765738e-08,274,0,5,435,0
"MRPL22",777,1.79542410323447e-08,470,0,5,225,0
"LYPD8",779,1.31278089854922e-08,520,0,5,562,0
"SOCS1",779,6.85946145978656e-09,754,0,3,474,0
"FAM132A",780,1.41897919201869e-08,671,0,3,200,0
"BRD7",781,1.81419654374132e-08,501,0,5,249,0
"AOC1",783,1.22813075518243e-08,273,0,5,749,0
"IARS",783,2.41592809278913e-08,766,0,5,10,0
"MYL12A",783,4.35964980055116e-08,410,0,5,318,0
"CLN6",784,1.94075433972403e-08,279,0,5,545,0
"IL18",785,1.22672473114133e-08,398,0,5,423,0
"ST3GAL4",785,1.31568528031896e-08,318,0,5,668,0
"IMP3",786,2.98296234844928e-08,646,0,5,142,0
"APOA1BP",787,8.86904389342416e-09,754,0,3,133,0
"ATP6V0B",787,1.96883660604024e-08,102,0,5,710,0
"HP1BP3",788,1.22032510381946e-08,470,0,5,952,0
"UQCRH",788,1.15887596879541e-08,576,0,5,1117,0
"PITX1",789,1.5200428233981e-08,266,0,5,1099,0
"VRK1",789,1.21644441988831e-08,703,0,3,317.5,0
"CNPY2",791,2.24859180150783e-08,488,0,5,118,0
"CBX5",794,1.21048443918049e-08,206,0,5,665,0
"YWHAQ",794,1.84796057500825e-08,489,0,5,44,0
"NXT1",795,1.95926030272023e-08,385,0,5,190,0
"HLA-DPA1",797,4.92193452382619e-08,50,1,5,578,0.2
"VSIG2",798,1.20370705288764e-08,220,0,5,1135,0
"ID1",799,1.20292597603751e-08,319,0,5,940,0
"EIF6",800,2.28580151964636e-08,36,2,5,1072,0.4
"SNRPA",800,3.48940431307975e-08,531,0,5,508,0
"CCL20",801,6.9768923418103e-09,620,0,5,922,0
"SMPD1",801,1.21702728967937e-08,689,0,3,248.5,0
"BCL2L12",802,2.0127528405408e-08,304,0,5,517,0
"DYNLL1",804,1.38702189027122e-08,266,0,5,1117,0
"SEC61B",804,2.30047115871304e-08,90,1,5,781,0.2
"WDR61",805,2.3141603922784e-08,377,0,5,441,0
"MAGOH",807,2.60881206228112e-08,719,0,5,10,0
"PSMB7",808,2.28039622123177e-08,338,0,5,437,0
"RCAN1",808,6.39213686028153e-09,511,0,3,609.5,0
"FARSA",809,3.18252288538655e-08,451,0,5,246,0
"ARID1A",810,1.18395974117545e-08,443,0,5,1059,0
"CCNG2",811,6.38906735637245e-09,552,0,3,629,0
"PLIN3",811,1.18293215434446e-08,464,0,5,355,0
"NDUFA9",812,1.61719837811156e-08,217,0,5,624,0
"SFN",813,2.23662185722096e-08,757,0,5,239,0
"ARPC1B",814,3.13855597387047e-08,305,0,5,755,0
"GTF2I",815,1.16631776392111e-08,268,0,5,1181,0
"AP2S1",816,2.53470490354414e-08,455,0,5,528,0
"CDC42EP1",817,1.16266899993744e-08,497,0,5,1150,0
"SEC11C",817,1.81094793483581e-08,191,0,5,861,0
"POLR2F",821,2.2554018893868e-08,617,0,5,118,0
"HLA-DQA1",822,2.05441996675128e-08,424,0,3,882.5,0
"LIPH",823,9.34583113265868e-09,471,0,5,1324,0
"SLC35B1",825,1.91989754953124e-08,532,0,5,575,0
"CBR1",826,1.37493854341532e-08,214,0,5,1431,0
"H2AFX",826,1.50354315473073e-08,625,0,5,366,0
"AHNAK",827,1.14861232495724e-08,549,0,5,687,0
"APOL1",827,1.06292001310204e-08,466,0,3,407.5,0
"MRPS16",828,3.03421952578498e-08,617,0,5,114,0
"PPA2",828,2.02433639368787e-08,504,0,5,313,0
"TIMM17A",829,1.14437063460441e-08,428,0,5,441,0
"DNAJB1",831,2.65728694491585e-08,268,0,5,761,0
"GSKIP",832,1.14131106828343e-08,384,0,5,488,0
"ERO1L",835,1.01993942127838e-08,495,0,3,361.5,0
"HDAC2",835,1.90349440988382e-08,719,0,5,118,0
"RBBP4",835,1.13569098973551e-08,460,0,5,565,0
"LRP10",837,1.49324969360244e-08,532,0,5,447,0
"ASRGL1",838,1.21279415674846e-08,773,0,5,131,0
"BIRC5",839,1.30179053767881e-08,601,0,5,283,0
"NDUFB9",840,1.55291059693445e-08,416,0,5,715,0
"PRR13",841,2.17788147265923e-08,600,0,5,275,0
"ENKUR",842,7.3256099877598e-09,707,0,3,509.5,0
"ECHS1",843,2.15408558860276e-08,336,0,5,437,0
"FAM173A",844,2.05606208155948e-08,776,0,5,455,0
"MTHFD2",844,2.20612514269561e-08,642,0,5,35,0
"SSNA1",847,1.62225844799954e-08,662,0,5,546,0
"TAF9",847,1.66017858449921e-08,697,0,5,159,0
"ANAPC11",848,2.11793764499314e-08,724,0,5,237,0
"HIGD1A",848,1.12251918644068e-08,332,0,5,962,0
"NKTR",848,5.5287217927068e-08,572,0,2,276,0
"MCM4",849,1.76319016130175e-08,519,0,3,340.5,0
"NDUFC2",849,1.74710587295379e-08,326,0,5,684,0
"HNRNPUL1",851,1.11619950318248e-08,594,0,5,1190,0
"TMBIM1",851,2.10726332116567e-08,311,0,5,427,0
"FXYD5",852,2.05830354941785e-08,257,0,5,575,0
"SSSCA1",852,3.30575380690832e-08,579,0,5,325,0
"WAC",852.5,5.52038943048745e-08,570,0,2,282.5,0
"RNA18S5",853,6.17120294053449e-09,425,0,3,1148,0
"GAS6",854,2.47115944370548e-08,313,0,5,18,0
"GBP2",854,1.14145072475402e-08,419,0,3,1130,0
"C7orf50",855,2.76133035341143e-08,427,0,5,248,0
"PFDN5",855,1.36509668594865e-08,689,0,5,662,0
"FERMT1",857,2.51188557851655e-08,302,0,5,919,0
"UQCRFS1",858,1.73440635746646e-08,462,0,5,618,0
"OAZ1",859,1.47213435004924e-08,398,0,5,618,0
"MTX1",863,1.90515501789287e-08,393,0,5,366,0
"PTGES2",863,2.13307437290758e-08,811,0,5,149,0
"SPINK1",863,2.07347114470596e-08,369,0,5,602,0
"MYO15B",866,9.95247469956587e-09,511,0,3,403.5,0
"MDM4",867,5.50611550388688e-08,544,0,2,323,0
"RBM39",867,1.09284070198482e-08,670,0,5,369,0
"TMEM205",869,2.69601704490508e-08,479,0,5,424,0
"LRRC59",870,2.54306728823024e-08,154,0,5,690,0
"TAF15",870,2.05573883572747e-08,718,0,5,218,0
"RAB31",871,6.79059672467196e-09,759,0,3,472.5,0
"PSMD4",872,1.27311130408492e-08,302,0,5,385,0
"ALG5",873,2.35077982607789e-08,348,0,5,181,0
"LSM6",873,2.05192089932127e-08,753,0,5,235,0
"MAD2L1",873,1.51083665277893e-08,445,0,5,601,0
"ANXA4",874,1.31322504547319e-08,406,0,5,684,0
"CD74",874,5.47169899798729e-08,49,1,5,616,0.2
"XRCC5",874,2.50342972032168e-08,739,0,5,177,0
"AKR7A3",876,2.03543368221089e-08,506,0,5,707,0
"SDR16C5",877,2.03505715797652e-08,837,0,5,293,0
"TKT",877,2.20071077886789e-08,679,0,5,56,0
"CISD1",878,1.90001017087087e-08,715,0,5,184,0
"SMIM5",879,1.11323857097959e-08,434,0,3,263,0
"TFF2",880,1.30192045770905e-08,737,0,3,831,0
"MYL6",881,2.21739082376715e-08,137,0,5,935,0
"PRR15L",881,2.38634267359526e-08,773,0,5,92,0
"COPE",882,2.01562103535869e-08,95,1,5,801,0.2
"EPHA2",882,6.40443019337329e-09,363,0,5,1294,0
"SVIP",882,1.0648706397839e-08,582,0,5,1203,0
"SAC3D1",883,1.74480056977754e-08,327,0,5,574,0
"TXNL4A",884,2.93374730234855e-08,657,0,5,43,0
"MRPL13",885,2.24266215846282e-08,404,0,5,705,0
"ISG15",886,1.88317732985546e-08,436,0,5,137,0
"OLA1",886,1.05420894482716e-08,611,0,5,268,0
"RAD23A",887,1.6176618991927e-08,536,0,5,39,0
"GCHFR",888,3.72578520377623e-08,495,0,5,449,0
"BATF2",890,6.80495892990698e-09,775,0,3,226,0
"CHPT1",890,1.61112636029626e-08,577,0,5,534,0
"TSTA3",890,1.61837672731387e-08,271,0,5,1029,0
"TMSB4X",891,1.05235502878046e-08,560,0,5,707,0
"ECH1",894,1.24086244009973e-08,535,0,5,549,0
"MCL1",896,2.37184217170572e-08,554,0,5,135,0
"NDUFS5",896,1.25806503760487e-08,763,0,5,799,0
"PGP",897,1.94963497551515e-08,489,0,5,835,0
"VPS25",897,1.37093198130238e-08,307,0,5,673,0
"PSMB2",898,1.29768243384804e-08,343,0,5,762,0
"GLRX",899,8.12942003865931e-09,421,0,5,481,0
"PLEKHJ1",900,1.64170884773969e-08,544,0,5,481,0
"SNRNP40",900,1.64269222511797e-08,758,0,5,70,0
"DPM1",901,1.99099517688407e-08,581,0,5,580,0
"IGLL5",901,1.80663048555987e-08,503,0,3,866,0
"NBEAL1",901,2.87497345540657e-08,229,0,5,347,0
"CCNL1",902,1.78590529509209e-08,341,0,5,430,0
"CLIC1",902,1.86863972712934e-08,61,1,5,1527,0.2
"EPCAM",903,2.4814866066873e-08,747,0,5,698,0
"TECR",904,1.87228089564621e-08,481,0,5,235,0
"ASH1L",904.5,4.59135114223891e-08,835,0,2,69.5,0
"GPATCH4",905,1.84156527840878e-08,617,0,5,287,0
"CD63",906,3.76594354075621e-08,450,0,5,41,0
"HPRT1",906,1.92146506171283e-08,582,0,5,539,0
"PHPT1",906,1.68369580141494e-08,610,0,5,703,0
"TRAPPC2L",908,2.47738454300797e-08,543,0,5,427,0
"DSC2",909,1.73743513713077e-08,438,0,5,340,0
"RBP4",909,1.02862912026394e-08,458,0,3,326,0
"LSM3",911,1.71181631453082e-08,531,0,5,227,0
"HNRNPR",912,1.25360818964782e-08,494,0,5,637,0
"FBLIM1",913,4.66392427132609e-08,827,0,2,86,0
"KCNN4",913,1.62293195254231e-08,484,0,5,493,0
"PSME2",915,1.67105408880937e-08,195,0,5,584,0
"TMEM106C",915,2.14993277735855e-08,388,0,5,490,0
"H1FX",916,1.57880470330102e-08,549,0,5,906,0
"DMKN",917,1.56342456451487e-08,134,0,5,673,0
"POLR2I",917,2.1948063794212e-08,567,0,5,133,0
"ATF4",918,1.01742732701011e-08,551,0,5,351,0
"RNF145",918,6.28824202424758e-09,619,0,5,638,0
"SLC39A4",918,2.59512449635365e-08,445,0,5,315,0
"IMPA2",920,1.01297246755901e-08,648,0,5,529,0
"KTN1",920,1.30787233572685e-08,813,0,5,829,0
"APPL1",921,1.0085412747839e-08,357,0,5,395,0
"MMAB",921,2.36107096676855e-08,780,0,5,46,0
"TNFSF10",921,1.20793493061621e-08,586,0,5,745,0
"MYH14",922,1.13281418511531e-08,525,0,5,375,0
"UCHL3",922,2.06184961263371e-08,437,0,5,384,0
"SIK1",923,1.00554866747408e-08,761,0,3,725,0
"TMEM208",923,1.57408599205368e-08,169,0,5,958,0
"DDX5",924,1.00490732137311e-08,509,0,5,571,0
"BAIAP2L1",925,1.6153702734256e-08,497,0,5,171,0
"HRASLS2",925,9.89471438972636e-09,761,0,3,269,0
"EMC4",927,1.72413479071986e-08,721,0,5,307,0
"IDH3B",927,2.16238223336969e-08,771,0,5,164,0
"DRAP1",929,1.52826478749477e-08,539,0,5,235,0
"DHRS4L2",930,2.1456916519825e-08,655,0,5,261,0
"UBE2I",930,1.71507982073609e-08,796,0,5,126,0
"IRF1",932,1.83549639928636e-08,755,0,5,152,0
"ACVRL1",934,1.30003151550227e-08,404,0,5,381,0
"NT5C",934,8.31286113385866e-09,367,0,5,1224,0
"TNFRSF1A",934,6.05343861437514e-09,442,0,5,583,0
"SAMD9L",935,6.50116413522622e-09,802,0,3,528.5,0
"MRPL32",936,2.09977249785121e-08,853,0,5,215,0
"SKIL",936,1.40072644681089e-08,433,0,5,632,0
"PRKRA",937,4.37360888886122e-08,905,0,2,32,0
"PSMD13",937,1.21340528586016e-08,115,0,5,843,0
"SCO2",937,1.61053561445665e-08,685,0,5,687,0
"HSP90B1",940,1.54481891909353e-08,257,0,5,1184,0
"PMVK",940,1.13265456671027e-08,629,0,5,275,0
"STARD10",941,1.6288055017528e-08,228,0,5,674,0
"RNH1",942,1.9758858976502e-08,469,0,5,788,0
"LAPTM4B",943,1.37984588402433e-08,394,0,5,669,0
"PSMD2",943,9.45821306144325e-09,536,0,5,386,0
"GPR160",944,1.79305080370724e-08,510,0,5,518,0
"TDP2",944,9.29103252331068e-09,264,0,5,800,0
"YTHDC1",944,1.6087575537914e-08,578,0,5,933,0
"EIF3G",945,1.77427747173081e-08,858,0,5,67,0
"TPR",945,9.4723292666097e-09,303,0,5,637,0
"DNAJC4",946,5.27015154121389e-08,519,0,2,427,0
"RBM17",946,1.53333015340399e-08,610,0,5,330,0
"PTTG1IP",947,2.15683763556743e-08,594,0,5,355,0
"CNBP",948,1.59694456452708e-08,581,0,5,360,0
"SON",948,1.05712735790435e-08,815,0,5,321,0
"LGALS1",949,1.997999138818e-08,343,0,5,518,0
"MIR24-2",949,1.76290605621451e-08,220,0,3,976.5,0
"NUCB2",949,1.74268586232048e-08,312,0,5,699,0
"PTPRO",951,6.58450383429128e-09,133,0,3,720.5,0
"BCL10",953,1.74684940400015e-08,390,0,5,430,0
"PHLDA1",953,9.69708628598693e-09,248,0,5,1492,0
"PPP1R14D",954,8.03699617906182e-09,328,0,5,723,0
"SLC46A3",954,9.69049895012521e-09,902,0,3,193.5,0
"NOC2L",955,1.58028954000555e-08,844,0,5,111,0
"RBM3",955,9.67210043971477e-09,661,0,5,999,0
"AP1S1",956,1.61333471757613e-08,140,0,5,996,0
"DAD1",958,1.51888797112414e-08,197,0,5,943,0
"MZT2B",958,1.73506204995218e-08,710,0,5,103,0
"EIF5",959,1.11952735567431e-08,668,0,5,864,0
"CDKN3",960,9.63746671796612e-09,661,0,5,138,0
"NUBP2",960,1.74263486422687e-08,659,0,5,344,0
"PAQR8",960,1.43570633752343e-08,647,0,5,371,0
"ERP29",961,1.67528043445594e-08,695,0,5,435,0
"ODC1",961,1.56655068387587e-08,534,0,5,285,0
"ITGB4",962,7.5722899098037e-09,702,0,5,521,0
"OASL",962,9.32460244840196e-09,766,0,3,106.5,0
"NDUFA4",963,6.18551933751735e-09,850,0,5,1419,0
"MRPL18",965,1.27597359593583e-08,921,0,5,633,0
"BTNL3",966,9.54796584132195e-09,849,0,3,214.5,0
"ANXA1",967,9.54534145406101e-09,714,0,5,560,0
"BTNL8",967,6.33007347659864e-09,819,0,3,244,0
"TMEM261",967,1.42656037436931e-08,666,0,3,189,0
"HLA-DRA",968,2.72759538048078e-08,90,1,5,756,0.2
"CLTA",969,1.7336916557797e-08,491,0,5,450,0
"HLA-E",969,2.91182532604289e-08,521,0,5,462,0
"B2M",970,1.71145528579613e-08,631,0,5,619,0
"CASP7",970,1.39418289452225e-08,446,0,5,450,0
"S100A10",972,3.63696239250272e-08,506,0,5,339,0
"NDUFAF4",973,1.80281002125164e-08,938,0,5,66,0
"FAM134B",974,5.48433596231575e-09,904,0,3,887,0
"MDH1",974,9.37472699311225e-09,706,0,5,619,0
"MLPH",975,9.36383693871398e-09,569,0,5,917,0
"PLCD3",975,1.07745517858981e-08,215,0,3,522,0
"RIOK3",979,1.38234127696277e-08,522,0,5,450,0
"NABP2",980,9.62476635951586e-09,487,0,5,416,0
"TMEM171",980,1.72454912346838e-08,655,0,5,553,0
"ADTRP",981,7.99703905411917e-09,375,0,5,914,0
"SMARCA5",981,4.15251050180032e-08,903,0,2,78,0
"SYNCRIP",981,1.91398298234399e-08,704,0,5,247,0
"NDUFS7",983,1.72960628276714e-08,697,0,5,96,0
"NQO1",983,1.68313007853042e-08,404,0,5,291,0
"ST6GALNAC6",983,9.27593054185053e-09,625,0,5,733,0
"GLDN",984,6.57455958089997e-09,791,0,3,232,0
"SAP18",984,8.87860608064721e-09,614,0,5,1253,0
"CCDC68",985,9.2323342533276e-09,830,0,3,204.5,0
"GRHPR",987,1.66701361311902e-08,691,0,5,44,0
"SMG1",987.5,4.35000731927965e-08,687,0,2,300.5,0
"C19orf70",988,1.9433989149649e-08,435,0,5,398,0
"DNAJC19",988,9.27901582211721e-09,888,0,5,232,0
"TOP2B",988,3.98691035737774e-08,949,0,2,39,0
"PIN1",989,2.94088976307566e-08,654,0,5,321,0
"RALB",989,1.41170687475616e-08,528,0,5,364,0
"ATP10B",990,1.66951296356853e-08,513,0,5,573,0
"COTL1",990,1.90288605411172e-08,474,0,5,460,0
"C2orf88",991,8.72500995549187e-09,820,0,3,107.5,0
"CDC123",991,3.15609181365947e-08,485,0,5,140,0
"GRPEL1",992,2.30612547609287e-08,792,0,5,297,0
"MUC1",992,9.94771261311453e-09,488,0,5,112,0
"UPF3A",992,4.11816572042869e-08,729,0,2,263,0
"CAPN5",993,9.14350836295801e-09,868,0,5,1258,0
"FUT2",994,5.34420320858449e-09,852,0,5,822,0
"SOD2",995,1.31040084599065e-08,730,0,5,251,0
"TFAM",995,9.0963101744226e-09,455,0,5,457,0
"LAMB3",996,1.66262760035868e-08,787,0,5,100,0
"SUMF2",996,4.61922448586972e-08,598,0,2,398,0
"TMED3",996,2.00365555694029e-08,804,0,5,243,0
"GNG12",997,9.75958722951163e-09,558,0,5,431,0
"CAMK2N1",998,7.95796485755055e-09,468,0,5,945,0
"CHMP2A",998,3.13959052742329e-08,556,0,5,505,0
"HN1",999,5.85367388682474e-09,859,0,3,252.5,0
"MRPL39",1001,5.29621616288003e-09,501,0,3,867.5,0
"SLC25A10",1002.5,4.0654235488904e-08,909,0,2,93.5,0
"BRD2",1003,9.01645694187623e-09,678,0,5,901,0
"CLRN3",1003,2.17364995576633e-08,834,0,5,541,0
"STAT1",1005,2.11932762818581e-08,839,0,5,295,0
"PADI2",1006,1.63783107970011e-08,509,0,3,273,0
"CARD16",1008,1.59260751124162e-08,689,0,5,42,0
"CTSH",1010,8.96265234382479e-09,871,0,5,413,0
"RANBP2",1010,3.89433217373426e-08,997,0,2,13,0
"EFHD2",1011,1.82163017232895e-08,797,0,5,132,0
"LGR5",1011,5.19194221285926e-09,586,0,3,575,0
"MPC2",1011,1.08189928221815e-08,818,0,5,681,0
"RPAIN",1013.5,4.33291074687305e-08,655,0,2,358.5,0
"COX5A",1014,1.43659182256834e-08,661,0,5,667,0
"PSMD14",1016,1.40892013791595e-08,568,0,5,354,0
"LAMA3",1017,1.18085218974173e-08,717,0,5,832,0
"QDPR",1017,3.97676315460173e-08,904,0,2,113,0
"STIP1",1018,2.02247010914247e-08,672,0,5,287,0
"STUB1",1018,2.36038613869689e-08,574,0,5,281,0
"CTSS",1020,9.74483492195688e-09,535,0,5,385,0
"SEC13",1020,1.78700616955345e-08,147,0,5,1403,0
"GBP1",1021,6.23790165895796e-09,840,0,3,922,0
"UBE2G2",1021.5,3.83657249873071e-08,823,0,2,198.5,0
"NELFE",1022,1.16940022844934e-08,721,0,5,884,0
"CTSD",1023,9.45325197916762e-09,610,0,5,376,0
"SPATS2L",1023,1.02173215857863e-08,712,0,5,300,0
"SNRPG",1024,1.34523091371329e-08,712,0,5,590,0
"RP11-519G16.5",1025,7.584897592102e-09,482,0,3,497,0
"SLC38A2",1026,8.77174003591728e-09,431,0,5,737,0
"PTGDR",1030,6.58967575856419e-09,547,0,3,513,0
"SLC25A3",1030,8.76062342817385e-09,829,0,5,820,0
"EDN1",1031,1.11210168221996e-08,314,0,5,288,0
"UQCRC1",1031,8.88023606477515e-09,368,0,5,861,0
"PPP1CC",1032,1.76562669792761e-08,518,0,5,317,0
"CNOT7",1033,5.64265860517243e-09,797,0,5,503,0
"NDUFS3",1038,1.41489398656837e-08,472,0,5,691,0
"DAAM1",1038.5,4.10484545859244e-08,691,0,2,347.5,0
"POLR2H",1039,1.99911296748755e-08,730,0,5,528,0
"TMEM37",1039,9.57062646728966e-09,530,0,3,381.5,0
"NENF",1040,1.66834175114398e-08,863,0,5,218,0
"TJP3",1040,8.65502803695017e-09,514,0,5,794,0
"CRLS1",1041,1.08600413964104e-08,737,0,5,286,0
"MRPL21",1041,1.98795580323935e-08,548,0,5,214,0
"GLO1",1042,2.23193311192431e-08,368,0,5,234,0
"GPT",1042,8.64247153257396e-09,330,0,5,1046,0
"NEO1",1042.5,3.68651110417437e-08,851,0,2,191.5,0
"NFKBIZ",1043,1.79150061966395e-08,896,0,5,337,0
"TMEM14B",1043,1.54172586637072e-08,911,0,5,129,0
"PRPF4B",1043.5,3.66260256456925e-08,860,0,2,183.5,0
"LAMTOR1",1045,1.16472602980129e-08,532,0,5,707,0
"WSB1",1046,2.10851594918422e-08,671,0,5,660,0
"RP11-304L19.5",1048,9.28045847034559e-09,179,0,3,582,0
"AGR3",1049,2.84452883659859e-08,78,2,5,1093,0.4
"C14orf166",1049,8.79884411568236e-09,881,0,3,248.5,0
"CES2",1049,2.16254086316879e-08,548,0,5,443,0
"PPP4C",1050,6.09159809649531e-09,639,0,5,1172,0
"CD52",1051,7.10252981717193e-09,757,0,3,221.5,0
"CTBP2",1052,6.96450065764526e-09,612,0,5,287,0
"SLC26A2",1052,1.51133230735033e-08,530,0,5,774,0
"NUFIP2",1053,3.65476444122881e-08,849,0,2,204,0
"C15orf48",1054,4.96097670360369e-09,614,0,5,946,0
"ALDOA",1056,1.54906725055563e-08,991,0,5,1126,0
"RAD21",1056,7.86825847157755e-09,580,0,5,225,0
"RFC4",1056,8.48248298389399e-09,600,0,3,241.5,0
"PLP2",1057,2.19692247320374e-08,613,0,5,471,0
"DUSP5",1058,8.46735938824218e-09,725,0,3,234.5,0
"UXT",1058,1.55939650879296e-08,721,0,5,645,0
"ABHD3",1060,1.43983991459028e-08,765,0,5,134,0
"G3BP1",1060,8.66037811903463e-09,569,0,5,526,0
"GIPC1",1061,1.26256995109897e-08,742,0,5,244,0
"FARSB",1063,1.294029052434e-08,755,0,5,105,0
"NIT2",1065,2.12680096820587e-08,841,0,5,144,0
"APOL2",1066,6.20894982326206e-09,846,0,3,498,0
"C21orf59",1066,8.3479231154267e-09,701,0,3,207.5,0
"COA3",1067,8.9570806394282e-09,956,0,5,580,0
"EMP3",1067,1.47260210516359e-08,521,0,3,928.5,0
"HAX1",1067,7.95166087750661e-09,371,0,5,452,0
"HNRNPL",1068,3.48294797756666e-08,930,0,2,138,0
"MCM2",1068,7.67675288318765e-09,694,0,3,224,0
"TYMP",1068,9.33393317254518e-09,549,0,5,877,0
"C1orf35",1069,1.46508969564833e-08,970,0,5,530,0
"MRPL52",1069,1.20770350392792e-08,923,0,5,333,0
"RFC2",1069,4.89681968859891e-09,914,0,3,319.5,0
"PRDM1",1072,6.69374878683188e-09,774,0,3,482,0
"GAPDH",1074,6.61299637496566e-09,558,0,3,343,0
"TSPAN8",1074,1.28304774941838e-08,329,0,5,765,0
"TMEM230",1075,8.27946837351253e-09,870,0,5,74,0
"ITPA",1076,1.7203528867846e-08,722,0,5,182,0
"SMIM22",1076,9.38918142295803e-09,821,0,5,266,0
"PPP2CB",1078,8.24676679322872e-09,581,0,5,678,0
"RNASE1",1078,1.52281496764768e-08,205,0,5,1398,0
"PLOD2",1079,6.5195443624654e-09,799,0,3,501,0
"APEH",1080,1.95981976293283e-08,794,0,5,252,0
"CD81",1080,9.25500523971421e-09,650,0,5,689,0
"CHD9",1080,3.41422255564957e-08,1021,0,2,59,0
"POP7",1080,1.43204261522653e-08,686,0,5,284,0
"ESD",1081,1.48696011010895e-08,633,0,5,314,0
"YPEL2",1083,5.9568508705857e-09,888,0,3,472.5,0
"HNRNPAB",1085,1.49320622823947e-08,627,0,5,434,0
"PAPOLA",1085,1.41969731320055e-08,670,0,5,104,0
"TMA7",1085,1.18598986476611e-08,599,0,5,924,0
"RAB11FIP1",1086,1.41807163554602e-08,439,0,5,164,0
"RBBP7",1086,1.10152009361598e-08,909,0,5,186,0
"TMEM14C",1087,7.28897158392704e-09,700,0,5,1215,0
"ATPIF1",1088,7.56654380931631e-09,688,0,3,339,0
"PSMD6",1089,1.0605837045435e-08,500,0,5,642,0
"CYBA",1090,1.19988645666431e-08,718,0,5,469,0
"TCOF1",1090,1.26099640651495e-08,769,0,3,266,0
"C12orf57",1091,8.12614011508039e-09,884,0,5,741,0
"STEAP1",1093,1.40985834382997e-08,823,0,5,465,0
"COX7A2L",1094,8.05457097696925e-09,696,0,5,1013,0
"IGFBP7",1096,1.40615486983367e-08,278,0,3,956.5,0
"TRMT10C",1098,1.39685855110744e-08,1045,0,5,313,0
"SRI",1099,1.27697612244568e-08,666,0,5,466,0
"GTPBP4",1099.5,3.40697978334302e-08,1039,0,2,60.5,0
"DPM2",1100,1.72257771122365e-08,807,0,5,289,0
"HNRNPK",1101,1.1154682076492e-08,853,0,5,327,0
"KLK15",1101,8.09164908449435e-09,646,0,3,495,0
"RFK",1101,7.53002792713907e-09,658,0,5,516,0
"EI24",1102,1.48146295771987e-08,635,0,5,338,0
"ITM2B",1102,6.57934504426825e-09,1009,0,5,200,0
"RSF1",1103.5,3.95657150191813e-08,822,0,2,281.5,0
"PUF60",1104,1.37474255907275e-08,528,0,5,112,0
"VPS29",1105,9.54512815802182e-09,621,0,5,839,0
"NDUFB7",1107,9.03423254468586e-09,712,0,5,630,0
"CKMT1B",1108,8.98392887945532e-09,301,0,5,1258,0
"DERL3",1108,4.53323358292673e-09,175,0,3,827,0
"FAM207A",1110,3.23875417776523e-08,1046,0,2,64,0
"LCN2",1110,1.29911965729521e-08,806,0,5,77,0
"TMEM45B",1110,7.93128625362742e-09,475,0,5,961,0
"CIDEC",1111,4.49875603961734e-09,621,0,3,1052,0
"ZG16",1111,1.30593914896997e-08,530,0,5,320,0
"RNF43",1113,7.91995329296909e-09,165,0,5,1073,0
"MXI1",1114,1.01774123542351e-08,497,0,3,1090,0
"EDF1",1115,1.51563598979945e-08,218,0,5,907,0
"BLVRB",1116,2.53390029372003e-08,189,0,5,1007,0
"KLF2",1116,5.84625950940764e-09,911,0,3,491.5,0
"MRPL46",1117,1.88612698938996e-08,918,0,5,486,0
"TSPAN3",1117,7.88358026134498e-09,607,0,5,773,0
"DHX9",1118,1.56084815731529e-08,1037,0,5,42,0
"RGCC",1118,1.35870644881005e-08,425,0,3,894,0
"B3GNT3",1119,1.65926402135333e-08,768,0,5,241,0
"PRSS23",1120,7.86492004853195e-09,1025,0,3,115.5,0
"ELP5",1121,1.53369192568218e-08,879,0,5,358,0
"IFRD1",1121.5,3.43196721005296e-08,810,0,2,311.5,0
"EIF1",1124,7.81584077136339e-09,670,0,5,1525,0
"MAL2",1125,7.82247707794708e-09,701,0,5,555,0
"THRAP3",1125,8.78280503712953e-09,700,0,5,734,0
"PRSS8",1127,8.6716920319649e-09,672,0,5,675,0
"NBL1",1129,1.29994352373328e-08,740,0,5,225,0
"DBI",1130,7.76693112401337e-09,699,0,5,879,0
"CSE1L",1131,8.22571621652066e-09,1081,0,3,283.5,0
"NET1",1133,1.34283616127167e-08,1043,0,5,76,0
"PKP3",1133,1.25179575260312e-08,809,0,5,795,0
"ARGLU1",1134,4.28959439775773e-09,1033,0,5,851,0
"PPP1R10",1136,3.06924180043348e-08,1054,0,2,82,0
"ZNHIT1",1137,1.45507321237256e-08,293,0,5,1004,0
"CAP1",1138,7.71741174169932e-09,651,0,5,724,0
"CCDC107",1138,1.35216818091317e-08,929,0,5,176,0
"HMGB3",1139,1.09497818802653e-08,866,0,5,116,0
"PPP1R14B",1139,1.20402203374423e-08,797,0,5,380,0
"PRRC2C",1139,7.7122845487501e-09,288,0,5,1117,0
"ESF1",1140,3.28749200900294e-08,842,0,2,298,0
"EMC6",1141,1.04511949232057e-08,815,0,5,424,0
"FKBP2",1141,1.44399616296691e-08,298,0,5,946,0
"COL3A1",1142,1.31111390234098e-08,303,0,3,991.5,0
"ATP6V0D1",1143,1.52374879398303e-08,919,0,5,1040,0
"ACADM",1144,3.36646856207639e-08,804,0,2,340,0
"TMEM179B",1144,8.59562314699299e-09,731,0,5,576,0
"ISOC2",1145,1.41741618195486e-08,1026,0,5,135,0
"NRARP",1145,1.56742992480813e-08,597,0,5,222,0
"ICAM1",1146,7.6354256594613e-09,1008,0,3,141,0
"IQGAP2",1147,1.36663630125875e-08,478,0,5,146,0
"BAX",1148,1.59676505097721e-08,526,0,5,648,0
"PCK2",1148,1.2513162800865e-08,130,0,5,1248,0
"SMCO4",1149,1.46671153377011e-08,711,0,5,63,0
"GTF3C6",1154,1.03111032496817e-08,483,0,5,949,0
"MEST",1156,3.12821821559673e-08,1072,0,2,84,0
"TCF7L2",1156,1.27342538388095e-08,470,0,5,808,0
"VARS",1157,3.13656505250222e-08,1065,0,2,92,0
"HAUS1",1159,1.19813957461303e-08,801,0,3,443,0
"PLEK2",1159,2.22123702495196e-08,590,0,5,452,0
"MGST2",1160,8.6358886600649e-09,355,0,5,873,0
"ATP5J",1161,4.95397441240483e-09,1082,0,3,230.5,0
"HIST1H4C",1161,1.3269108405681e-08,723,0,5,1196,0
"UNC13D",1162,6.31594879095254e-09,822,0,3,276,0
"SDHB",1163,1.51582287143056e-08,456,0,5,308,0
"APIP",1164,1.26248124924275e-08,700,0,5,368,0
"HINT2",1164,2.28038094529169e-08,710,0,5,82,0
"C19orf60",1165,7.40529230198776e-09,750,0,3,238.5,0
"C1S",1165,1.26069871338961e-08,622,0,3,803.5,0
"STK24",1166,1.25798075023713e-08,779,0,5,185,0
"PYURF",1167,1.0521735190037e-08,892,0,5,174,0
"ARL3",1168,8.69227588639175e-09,912,0,5,651,0
"COPS3",1171,1.24547835644087e-08,856,0,5,613,0
"FRMD3",1172,4.03513295159839e-09,384,0,3,1156,0
"LY6E",1172,1.24456979031247e-08,488,0,3,874.5,0
"HDDC3",1172.5,3.00761085270855e-08,1118,0,2,54.5,0
"GLRX5",1174,1.45730072554475e-08,650,0,5,214,0
"DDX46",1176,8.79811938266396e-09,832,0,5,424,0
"NR4A2",1176,1.23236231762719e-08,762,0,3,735.5,0
"WFDC2",1176,7.70226124892435e-09,798,0,5,900,0
"DPP7",1177.5,2.90974646488784e-08,1040,0,2,137.5,0
"CHP1",1178,9.51708965011532e-09,797,0,5,314,0
"ABHD11",1179,8.24858598270199e-09,679,0,5,921,0
"PARP14",1179,6.36573917867188e-09,920,0,3,174.5,0
"DNAJB11",1180,7.38654742958124e-09,380,0,5,737,0
"MRPL40",1180,1.69779549531021e-08,980,0,5,160,0
"TSC22D3",1180,1.22762735460108e-08,418,0,3,898.5,0
"IGHG4",1181,2.23788282400157e-08,322,0,5,1463,0
"LMNA",1181,9.27310593156201e-09,555,0,5,827,0
"RTF1",1181,1.5312319563251e-08,611,0,5,622,0
"RP11-357H14.17",1182,4.38605600413226e-09,1001,0,3,416,0
"SRA1",1182,1.0271854578131e-08,222,0,5,1278,0
"CYB5A",1183,1.2410083444923e-08,716,0,5,649,0
"TPRKB",1186,9.41104166076326e-09,827,0,5,13,0
"HLA-DQB1",1188,2.53880229238868e-08,292,0,5,642,0
"ZCRB1",1188,7.2229436085567e-09,640,0,5,979,0
"FOSL2",1189,1.21124488830518e-08,910,0,5,398,0
"LMAN2",1189,9.21375822100078e-09,650,0,5,609,0
"CXCR4",1191,1.20686501088964e-08,478,0,3,888.5,0
"DNAJB6",1191,1.01495102435314e-08,711,0,5,821,0
"FASN",1191,9.55199778931302e-09,907,0,5,375,0
"NUDT4",1192,1.20573435246177e-08,878,0,5,536,0
"TCP1",1192,1.2487742868146e-08,914,0,5,131,0
"ANP32E",1193,7.178681728961e-09,723,0,5,568,0
"ATP1B1",1193,7.71452401867239e-09,616,0,5,869,0
"PRDX1",1194,8.00172662372178e-09,340,0,5,1231,0
"TRIAP1",1195,2.79414367404796e-08,1151,0,2,44,0
"TNRC6B",1196,7.14925323813304e-09,361,0,5,788,0
"ANXA3",1197,2.16913115019685e-08,69,1,5,1212,0.2
"CSNK2B",1197,5.60153818453014e-09,821,0,5,1233,0
"DDOST",1197,7.49163689611091e-09,530,0,5,503,0
"SNX5",1198,7.77505576483801e-09,900,0,5,310,0
"MRPL34",1199,1.24145616099106e-08,1093,0,5,114,0
"RPF2",1200,2.87678076828165e-08,1162,0,2,38,0
"MYB",1201,7.10112664084363e-09,621,0,5,268,0
"SH3YL1",1201,1.9629791139428e-08,453,0,5,590,0
"CNOT2",1202,2.98126871786872e-08,889,0,2,313,0
"ARL2",1203,1.79408449069794e-08,939,0,5,128,0
"AUP1",1204,1.92805325415128e-08,575,0,5,408,0
"CA12",1207,1.17745755452423e-08,857,0,5,276,0
"ITGB3BP",1207,6.73208470380619e-09,940,0,3,309.5,0
"ATP5E",1208,6.39547845154661e-09,403,0,3,593.5,0
"FAM162A",1208,1.45633466566031e-08,291,0,5,1912,0
"PDIA3",1210,1.17712289414572e-08,282,0,5,1059,0
"PSMA4",1211,6.99598801628556e-09,864,0,5,499,0
"AK2",1212,7.99306087449579e-09,683,0,5,687,0
"ITGB1BP1",1214,1.16722595724916e-08,1000,0,5,75,0
"CFLAR",1215,1.16672893084019e-08,818,0,5,467,0
"ZNF703",1215,6.94626227333172e-09,457,0,5,841,0
"CSTB",1216,1.16596516970979e-08,850,0,5,707,0
"RETSAT",1216,2.73258538104724e-08,1213,0,2,3,0
"EPS8L1",1217,3.73356719964503e-09,429,0,3,1132,0
"FFAR4",1217,1.15862722240447e-08,584,0,3,801.5,0
"MARCH6",1217.5,2.94786972581294e-08,863,0,2,354.5,0
"ANP32A",1218,1.42478654424628e-08,732,0,5,350,0
"ACO1",1220,6.89006333227699e-09,840,0,5,548,0
"KRT10",1220,9.34436002775479e-09,979,0,5,255,0
"CDC42EP5",1221,9.7863741969819e-09,884,0,5,639,0
"CSDE1",1221,6.76814506777025e-09,807,0,5,292,0
"CDK1",1222,6.88072192597983e-09,480,0,5,1196,0
"APP",1224,8.7285675996501e-09,891,0,5,856,0
"ETFB",1225,6.839549841475e-09,705,0,5,573,0
"MIEN1",1225,6.90665873881109e-09,542,0,5,806,0
"MUC4",1227,5.79772113034271e-09,987,0,5,920,0
"DCN",1228,6.79656438487907e-09,1213,0,3,539,0
"SF1",1228,5.9603578093206e-09,585,0,5,928,0
"F11R",1229,9.27788751376616e-09,976,0,5,331,0
"SEP15",1229,4.77078243877233e-09,1153,0,3,207.5,0
"NDUFV1",1230,1.70966784791521e-08,687,0,5,103,0
"KCNE3",1231,6.76176282009165e-09,393,0,5,885,0
"CKAP2",1233,3.66775070626793e-09,839,0,3,957,0
"CD274",1234,7.13569515535998e-09,720,0,3,504.5,0
"NUTF2",1235,1.12492004306626e-08,1112,0,5,110,0
"COMMD4",1236,1.21361311753663e-08,978,0,5,378,0
"SMDT1",1238,6.6892078145751e-09,900,0,5,999,0
"CCDC59",1239,2.66529547054197e-08,1223,0,2,16,0
"BRK1",1241,4.89177769259942e-09,1070,0,5,1092,0
"C19orf24",1241,1.11409608112261e-08,759,0,5,154,0
"FGGY",1241,3.68480250639945e-09,945,0,3,498,0
"CDKN2B",1242,9.82904438616330e-09,946,0,3,158,0
"CXCL3",1243,1.3629283117461e-08,701,0,5,348,0
"AMN",1244,1.11250135487099e-08,516,0,5,661,0
"ATP5I",1245,3.66738117695248e-09,693,0,3,625.5,0
"RPN2",1245,6.59370786485011e-09,452,0,5,995,0
"CXCL16",1247,3.1092519414955e-08,762,0,2,485,0
"CYB561D2",1247,5.06453196897851e-09,473,0,5,1157,0
"STAT3",1247,1.10864725505681e-08,774,0,5,522,0
"WTAP",1249,7.1092805623645e-09,937,0,5,1176,0
"TRABD2A",1250,6.54591944763775e-09,785,0,5,863,0
"DDX60",1251,6.1736492339141e-09,852,0,3,918,0
"MLF1IP",1251,5.89637600724148e-09,692,0,3,473.5,0
"AZIN1",1252,2.60680373942682e-08,1237,0,2,15,0
"CASP10",1253,9.60008525920161e-09,527,0,3,411.5,0
"MRPL9",1253,1.78678885740413e-08,942,0,5,611,0
"CDHR1",1254,3.53871976004899e-09,757,0,3,1008,0
"PSMC4",1256,5.59121976018326e-09,246,0,5,413,0
"RSL24D1",1257,6.47783176654524e-09,685,0,5,1035,0
"PDCD6",1258,1.01819395292408e-08,659,0,5,147,0
"CLPP",1259,1.83971820576762e-08,930,0,5,93,0
"HOXD13",1260,6.55919124999406e-09,997,0,3,289,0
"RNF19B",1260,6.1744331828238e-09,851,0,3,266.5,0
"ARHGAP5",1261,2.61036779432197e-08,979,0,2,282,0
"SQSTM1",1261,1.91005472037588e-08,467,0,5,1000,0
"WDR83OS",1261,4.96918664464989e-09,1062,0,5,1112,0
"XRN2",1262,7.76651668944412e-09,816,0,5,747,0
"ACAT2",1263,2.43897091094805e-08,760,0,5,242,0
"LSM10",1263,2.71045103149425e-08,1158,0,2,105,0
"TMX2",1263,6.45319895266358e-09,1000,0,5,441,0
"PES1",1264,2.57766316710595e-08,1263,0,2,1,0
"LINC00483",1265,3.47085791233349e-09,407,0,3,1141.5,0
"GBP4",1266,3.45837903359953e-09,1249,0,3,273.5,0
"QPRT",1267,8.89526719994671e-09,1014,0,5,439,0
"MRPS33",1268,1.27850299124349e-08,753,0,5,337,0
"RRAS",1268,1.06115507123725e-08,735,0,5,236,0
"MAPK3",1271,1.05565058124794e-08,750,0,5,633,0
"MEP1A",1271,7.03391672515916e-09,619,0,3,454,0
"SMARCE1",1272.5,2.81691027168418e-08,1079,0,2,193.5,0
"ANG",1275,2.01746134898992e-08,133,0,5,1644,0
"MACROD1",1275,1.04391812231423e-08,588,0,5,812,0
"C8orf59",1278,1.11470198079051e-08,854,0,5,873,0
"GGH",1278,1.49428014155746e-08,412,0,5,440,0
"PSMG4",1278,6.28581588358652e-09,859,0,5,846,0
"RAD51AP1",1278,3.40141919342925e-09,566,0,3,754,0
"EIF5B",1281,1.1033117292358e-08,807,0,5,471,0
"OFD1",1282.5,2.64207591734214e-08,931,0,2,351.5,0
"MRPL19",1284,1.02033164315464e-08,914,0,5,568,0
"SH3GLB1",1284,6.99148572876574e-09,802,0,5,492,0
"CKB",1286,1.01571738134343e-08,619,0,5,807,0
"TXN",1286,1.89395372704217e-08,128,0,5,1301,0
"ACHE",1287,3.36328294643194e-09,1198,0,3,765,0
"B3GALT5",1289,6.23563528956603e-09,743,0,5,1456,0
"DNAJC2",1289.5,3.06189698468651e-08,983,0,2,306.5,0
"C1orf210",1292,3.32335085116981e-09,1264,0,3,399,0
"NTHL1",1292,6.20604341343832e-09,691,0,5,1040,0
"NDUFB6",1294,9.32329223383021e-09,789,0,5,161,0
"RP11-59E19.1",1294,6.45322703057529e-09,1262,0,3,41.5,0
"NDRG1",1295,9.99343603249182e-09,837,0,5,321,0
"SLC25A11",1295,1.84124142876968e-08,678,0,5,130,0
"CPSF6",1297,2.40398012904133e-08,1246,0,2,51,0
"VKORC1",1300,9.82473425246981e-09,843,0,5,834,0
"ERI3",1301,1.12226809752052e-08,622,0,5,470,0
"FAM96A",1301,8.83664234451161e-09,345,0,5,215,0
"SUDS3",1302,6.15747847827916e-09,1063,0,5,204,0
"WDR45B",1304.5,2.32341042199547e-08,1193,0,2,111.5,0
"TMEM61",1305,4.05933195872281e-09,1230,0,3,207.5,0
"BOLA3",1306,8.01094649139717e-09,819,0,5,287,0
"HBEGF",1306,1.41532200722258e-08,1089,0,5,450,0
"MGST1",1308,6.10519409269648e-09,902,0,5,875,0
"SLC52A2",1308,7.25315618795847e-09,1136,0,5,700,0
"EPSTI1",1309,5.93420742768649e-09,893,0,3,245,0
"RHOD",1310,3.23846578609066e-09,1282,0,3,731,0
"RER1",1311,9.34605384538718e-09,401,0,5,1046,0
"PRPF31",1312,9.65280455832314e-09,993,0,5,522,0
"IGHG1",1314,1.81707986771639e-08,385,0,5,1571,0
"DNAJC12",1315,3.21107535085675e-09,1181,0,3,801,0
"SMC1A",1316,6.05948672579454e-09,399,0,5,1183,0
"UFC1",1316,3.7052302390274e-09,1223,0,5,1321,0
"KLF5",1318,6.48443659819563e-09,1200,0,5,643,0
"EIF2AK1",1319,8.24506570607291e-09,793,0,5,1219,0
"FAM3B",1319,3.24549655804317e-09,936,0,3,414,0
"NTMT1",1320,1.30072559192235e-08,672,0,5,609,0
"SULT1A2",1320,6.14332888768529e-09,1304,0,3,12,0
"IGFBP4",1322,6.04444677777233e-09,1020,0,5,536,0
"CFDP1",1323,9.51052206926007e-09,1051,0,5,317,0
"DSG2",1323,1.06840174233701e-08,1073,0,5,63,0
"MAZ",1323,9.11280597700434e-09,690,0,5,101,0
"GUCA2A",1325,7.08989783202421e-09,806,0,5,433,0
"MMP28",1326,9.46313981290643e-09,66,1,3,1057,0.333333333333333
"PTPRR",1328,3.14083405245185e-09,1315,0,3,271,0
"NCBP2-AS2",1329,9.43999463589726e-09,1140,0,5,707,0
"RCC2",1331,5.99611650276504e-09,360,0,5,1225,0
"SRCAP",1332,5.7550423335229e-09,757,0,5,607,0
"YWHAE",1333,7.44227482269149e-09,1137,0,5,791,0
"SULT1A1",1334,3.30417124257817e-09,1018,0,3,479,0
"MRPS11",1335,7.46513856447324e-09,1007,0,5,507,0
"TNFRSF11A",1337,6.38580214917393e-09,836,0,5,495,0
"ARPP19",1338,2.21132304146124e-08,1201,0,2,137,0
"ACTL6A",1339,9.32286757594862e-09,632,0,5,580,0
"FRYL",1339,5.96462902863113e-09,664,0,5,593,0
"CAMLG",1339.5,2.3101153906047e-08,1031,0,2,308.5,0
"BPTF",1340,5.95766812075685e-09,550,0,5,932,0
"SETD5",1340,2.35764769033792e-08,987,0,2,353,0
"NFIB",1341,5.94497493116181e-09,711,0,5,1078,0
"ANKRD10",1342,2.80174874623592e-08,808,0,2,534,0
"MT1E",1342,1.40278168822348e-08,680,0,5,540,0
"NDUFA12",1342,6.03708650681496e-09,693,0,5,1017,0
"POLD4",1342,3.0921117582476e-09,1000,0,3,520.5,0
"SCNN1A",1343,9.49868501851706e-09,845,0,5,219,0
"PDCD2",1344,7.99143816379866e-09,1012,0,5,785,0
"MKNK2",1344.5,2.36004570234641e-08,971,0,2,373.5,0
"MRPL15",1345,1.46626118378836e-08,692,0,5,466,0
"TIMM8B",1345,1.37216627517095e-08,946,0,5,311,0
"PRDX3",1348,9.20635085322572e-09,703,0,5,343,0
"WDR46",1349.5,2.71262885165051e-08,1062,0,2,287.5,0
"ENTPD8",1350,6.33222610219024e-09,1273,0,3,490.5,0
"NBR1",1350,2.1690360984055e-08,1229,0,2,121,0
"DDX17",1351,5.91168578823596e-09,520,0,5,605,0
"SLIRP",1351,9.82008621873886e-09,947,0,5,403,0
"USP16",1351,2.19359792298463e-08,1306,0,2,45,0
"CCDC12",1353,1.01160542455159e-08,596,0,5,703,0
"LARS",1355,2.37837350945864e-08,957,0,2,398,0
"SDC4",1355,5.9005193720716e-09,482,0,5,156,0
"CLDN23",1356,5.77875832154803e-09,1026,0,3,175,0
"LTA4H",1356,2.21789964671127e-08,1091,0,2,265,0
"BNIP3L",1357,5.46428705845156e-09,1005,0,3,219,0
"CDK2AP2",1357,1.13767675250252e-08,796,0,5,785,0
"ARL14",1358,1.35906181344508e-08,1117,0,5,270,0
"G0S2",1358,4.04570537048289e-09,1169,0,3,854,0
"SEC11A",1360,1.52256948932115e-08,614,0,5,198,0
"DCAF13",1362,9.35363600309931e-09,1165,0,5,329,0
"SHMT1",1362,4.15028563108538e-09,824,0,3,519.5,0
"ATP5L",1364,6.50539055152615e-09,1254,0,3,104.5,0
"PSMA2",1364,4.86113468295199e-09,677,0,5,296,0
"TRPM6",1364,3.13580853113708e-09,1329,0,3,268,0
"RSAD2",1365,2.9761440125542e-09,1012,0,3,886.5,0
"NAMPT",1366,9.00349751659099e-09,753,0,5,104,0
"BMP2",1369,3.02438112915465e-09,1279,0,3,269.5,0
"GLRX3",1369,6.04794830461599e-09,611,0,5,565,0
"UCA1",1369,3.08943379035136e-09,1344,0,3,243,0
"SSR4",1370,8.08663896291556e-09,647,0,5,379,0
"HECTD1",1372.5,2.09237543479144e-08,1192,0,2,180.5,0
"DEFB1",1374,5.7722417113939e-09,1352,0,3,12.5,0
"M6PR",1375,2.69972628145508e-08,1054,0,2,321,0
"SYTL2",1375,5.78760093631853e-09,1253,0,3,97.5,0
"HIST1H2BD",1377,4.98006572294328e-09,1337,0,3,199,0
"TSPO",1379,1.4086889558799e-08,279,0,5,1180,0
"SLC15A1",1380,3.23982420961107e-09,1309,0,3,250,0
"CLSPN",1381,6.11782518106738e-09,1152,0,3,230,0
"ZFAND5",1381,9.50986410876166e-09,631,0,5,589,0
"UBE2R2",1381.5,2.33438054834796e-08,942,0,2,439.5,0
"SEC61A1",1382,8.50205403671776e-09,527,0,5,973,0
"SECTM1",1382,3.15195328237547e-09,1326,0,3,726.5,0
"NDUFB10",1383,8.56716904337295e-09,1053,0,5,315,0
"DTD1",1383.5,2.30954102273293e-08,954,0,2,429.5,0
"ELAVL1",1384,7.74883250376205e-09,1135,0,5,683,0
"NUDT21",1386,5.72216814392783e-09,1172,0,5,829,0
"GNA11",1387,5.71926218967457e-09,1086,0,5,958,0
"TMIGD1",1388,2.9309898980971e-09,1321,0,3,259.5,0
"ANAPC15",1389,1.2099456236102e-08,1009,0,5,530,0
"ANGPTL4",1391,3.19686285201680e-09,1318,0,3,228.5,0
"SPINK5",1391,5.55220646975664e-09,367,0,5,1166,0
"EFNA2",1392,5.68510612554689e-09,1390,0,3,133.5,0
"UBE2S",1392,5.69496157252184e-09,720,0,5,853,0
"AXDND1",1393,2.88662121841862e-09,1354,0,3,356,0
"CMC1",1393,1.02073701181999e-08,735,0,5,862,0
"RAD51",1393,5.6940902582613e-09,1173,0,3,924.5,0
"HIST1H2AC",1394,2.88314104621679e-09,1182,0,3,346.5,0
"CENPK",1395,5.20954991011471e-09,830,0,3,434.5,0
"FAM214B",1397,5.61622864520207e-09,1384,0,3,12,0
"EPAS1",1398,5.67862888924968e-09,943,0,3,353.5,0
"CPM",1399,5.74684884290709e-09,933,0,3,484,0
"NUPR1",1399,1.02278123312002e-08,896,0,5,437,0
"PTP4A1",1400,8.55044418891943e-09,977,0,5,453,0
"RBX1",1400,7.76463713376885e-09,641,0,5,875,0
"CGN",1402,5.57258663625875e-09,1367,0,3,25,0
"CHCHD3",1402,1.26907541690555e-08,1158,0,5,382,0
"UBB",1402,5.65238014790251e-09,911,0,5,996,0
"ARPC2",1403,8.49319173224101e-09,1165,0,5,904,0
"BAG1",1404,5.97857091214282e-09,1321,0,5,440,0
"DDX3X",1404,6.05739927818114e-09,1082,0,5,1125,0
"LAMC2",1404,2.85142501097005e-09,1287,0,3,721.5,0
"BHLHE40",1405,8.10786940051696e-09,1013,0,3,209,0
"SLC2A1",1405,5.59089091321965e-09,1400,0,3,134,0
"VPS51",1406,5.6316310726594e-09,809,0,5,647,0
"AHCYL2",1407,5.62280737884689e-09,1377,0,3,32,0
"AREG",1407,2.86840761104459e-09,1397,0,3,229,0
"TUBA1C",1407,1.31299403811973e-08,335,0,5,1441,0
"VIMP",1407,5.55506763112987e-09,1045,0,3,187.5,0
"FAM195A",1411,5.59829235791199e-09,1312,0,3,85.5,0
"CDC6",1412,7.23098648263623e-09,1187,0,3,988,0
"COPRS",1412,5.73755013945867e-09,887,0,5,647,0
"PRDX5",1413,5.12615808935894e-09,962,0,5,1327,0
"KPNA4",1415,1.98593117990916e-08,1312,0,2,103,0
"NDUFA10",1415,4.70210311228304e-09,885,0,5,754,0
"SRP9",1416,1.28619195579537e-08,747,0,5,239,0
"HLA-B",1417,1.26225228596447e-08,768,0,5,78,0
"ARL5A",1419,1.94309745682921e-08,1162,0,2,257,0
"MOGAT3",1419,8.25000549024359e-09,438,0,3,865,0
"FAM213A",1420,2.78658257562778e-09,779,0,5,1273,0
"SECISBP2",1420,2.01978686462067e-08,1103,0,2,317,0
"SLC35D1",1421,3.13456649898052e-09,1346,0,3,326.5,0
"UQCRB",1421,1.10155733700095e-08,862,0,5,303,0
"IER2",1422,9.16242343473911e-09,988,0,5,537,0
"NUDCD2",1422,8.22310115609867e-09,713,0,5,139,0
"ANAPC5",1423,5.54019114249675e-09,1122,0,5,714,0
"PRSS22",1423,2.79857114562342e-09,1385,0,3,328.5,0
"ENTPD5",1424,5.5369397746676e-09,1207,0,5,855,0
"CNPY3",1424.5,1.92740345978452e-08,1276,0,2,148.5,0
"HLA-DMA",1425,6.93042627721846e-09,535,0,5,885,0
"PAPSS2",1425,5.53441284313069e-09,1046,0,5,631,0
"SPPL2A",1426,7.94679701093628e-09,587,0,5,550,0
"MYEOV2",1427,6.80144592945634e-09,1062,0,3,245.5,0
"KIF20B",1429,2.83123993208242e-09,1082,0,3,477.5,0
"DOK4",1430,2.76490013240457e-09,1126,0,5,767,0
"ITGA2",1431,2.90051149440847e-09,1276,0,3,284.5,0
"EHF",1432,5.49720250963063e-09,917,0,5,575,0
"COX20",1433,1.19444572235501e-08,756,0,5,342,0
"CKMT1A",1434,8.27998308320205e-09,606,0,5,885,0
"HMOX2",1436,8.34401729514151e-09,551,0,5,1320,0
"CRIP2",1437,7.09179587576331e-09,1202,0,3,537,0
"C1orf106",1438,2.73756551798407e-09,1291,0,3,327,0
"TXNDC12",1438,5.88850051998227e-09,1142,0,5,417,0
"TMEM176A",1439,8.01410908594701e-09,1047,0,5,879,0
"YME1L1",1439.5,2.05941612198573e-08,1354,0,2,85.5,0
"KRBOX1",1440,3.88848045648496e-09,1196,0,3,916,0
"QSOX1",1440,5.47375313801702e-09,875,0,5,1048,0
"EIF4G1",1441,1.53292332007673e-08,569,0,5,723,0
"SUCLG1",1441,5.4708393762414e-09,982,0,5,603,0
"STXBP2",1442,7.99283472629889e-09,1226,0,5,724,0
"EMC7",1444,7.78811312246124e-09,394,0,5,937,0
"NOXO1",1447,6.08047520347585e-09,1299,0,5,469,0
"TRAPPC1",1447,8.88618037923622e-09,581,0,5,764,0
"LBH",1448,3.59085830376886e-09,1240,0,3,228.5,0
"SRSF11",1448,5.8748101165652e-09,1214,0,5,306,0
"APOE",1450,7.86868858811787e-09,248,0,3,1018.5,0
"ERAP2",1450,2.89085344948639e-09,1160,0,3,344,0
"TP53I3",1450,5.44649961659162e-09,572,0,5,1221,0
"HIGD2A",1451,1.18368106417958e-08,596,0,5,370,0
"CADM1",1453,7.79153004079316e-09,790,0,3,742.5,0
"VDAC2",1455,1.60289173740485e-08,1020,0,5,898,0
"BUB3",1456,7.76496518506208e-09,1083,0,5,143,0
"FDFT1",1456,9.32743682225743e-09,1300,0,5,437,0
"GSDMB",1456,4.78649244541131e-09,907,0,5,781,0
"VCP",1456,1.12856836783571e-08,337,0,5,1182,0
"FAM129B",1457,5.41989581955189e-09,1346,0,5,799,0
"GLRX2",1457,2.78081763863057e-09,878,0,3,502.5,0
"HLA-A",1457,1.4891565069955e-08,630,0,5,547,0
"RAC1",1458,1.38225099025609e-08,1104,0,5,421,0
"SPARC",1459,7.73718447114963e-09,1032,0,3,617.5,0
"TNFRSF21",1459,5.41388908199931e-09,1350,0,3,155.5,0
"TPSG1",1460,7.72831167337818e-09,1055,0,3,613,0
"CTNNA1",1461,7.72785152789973e-09,1052,0,5,307,0
"HM13",1461,9.07539790368376e-09,172,0,5,2075,0
"CFL1",1462,1.62312651402301e-08,175,0,5,1333,0
"AKR1A1",1463,5.36219494053524e-09,1110,0,5,699,0
"C1orf86",1464,5.36127528287634e-09,1147,0,3,210,0
"H2AFY",1465,7.68081579777557e-09,834,0,5,880,0
"TXNIP",1465,5.36043853282012e-09,1041,0,5,156,0
"GDI2",1466,8.29519968037111e-09,1071,0,5,320,0
"ATRAID",1467,5.58500689488355e-09,1264,0,5,265,0
"RPIA",1467.5,2.15405420624461e-08,1233,0,2,234.5,0
"AC013394.2",1468,7.65510886202819e-09,1027,0,3,589.5,0
"APOBR",1468,2.68334868028084e-09,1032,0,5,846,0
"ACAA1",1469,9.40575643866357e-09,1333,0,5,228,0
"RABAC1",1469,8.61750625775799e-09,481,0,5,1429,0
"TAX1BP3",1470,5.04343211818255e-09,751,0,5,735,0
"STARD7",1471,5.3513107811306e-09,1022,0,5,551,0
"NDUFA11",1473,6.61066866827337e-09,1169,0,5,608,0
"PXN",1473,2.6864123688703e-09,1466,0,3,627.5,0
"ACP1",1474,7.60590826758974e-09,1171,0,5,380,0
"SLC9A3R1",1474,5.34777054725526e-09,953,0,5,695,0
"LAD1",1476,1.50187219891125e-08,277,0,5,1287,0
"PFKP",1476,4.79956435322192e-09,1133,0,5,360,0
"BCL2L15",1477,5.12599254275508e-09,923,0,5,567,0
"HSD11B2",1477,5.90721687458631e-09,861,0,5,770,0
"MTDH",1477,9.32975722639377e-09,1204,0,5,241,0
"CORO2A",1478,2.73493104077818e-09,1455,0,3,301,0
"ITGAV",1478,2.80732296897624e-09,1319,0,3,275.5,0
"ALAS1",1479,2.71578474367687e-09,1451,0,3,305,0
"GLUL",1479,1.73901213448507e-08,526,0,5,1081,0
"CHPF",1480,2.87442116949078e-09,1396,0,3,768,0
"HEPH",1480,5.18403063786212e-09,731,0,5,517,0
"MAGEF1",1480,1.93389464115171e-08,1383,0,2,97,0
"CA1",1481,2.78069394015418e-09,458,0,5,1062,0
"TMCC3",1481,3.02546661828876e-09,1444,0,3,186.5,0
"USP7",1483,2.05564395582744e-08,1297,0,2,186,0
"ARL4A",1484,2.65741699844516e-09,833,0,5,1195,0
"EHBP1L1",1484,2.74643027448647e-09,1436,0,3,320.5,0
"ACOX1",1485,2.67674120007363e-09,1474,0,3,241,0
"MAPK6",1485,2.6570315017861e-09,1178,0,3,766.5,0
"GGA1",1486,1.91909604642059e-08,1058,0,2,428,0
"OPTN",1486,1.02114892695052e-08,858,0,5,268,0
"VDAC3",1486,4.52649308936073e-09,793,0,5,900,0
"HSD17B12",1487,5.94122521458613e-09,1234,0,5,369,0
"REEP5",1487,1.07757236988291e-08,456,0,5,1231,0
"SH3KBP1",1487,7.49772214446893e-09,754,0,5,545,0
"BSPRY",1488,1.38425817960256e-08,688,0,5,928,0
"COX16",1488,7.55004519412354e-09,1256,0,5,368,0
"C9orf16",1490,4.09189426120642e-09,1232,0,5,972,0
"LYPD1",1490,2.64732437730707e-09,1430,0,3,665,0
"VOPP1",1490,2.02392032443753e-08,991,0,2,499,0
"FAM107B",1491,2.71795301700339e-09,1449,0,3,645,0
"NDUFS2",1491,6.778900859699e-09,357,0,5,1038,0
"DAZAP1",1492,5.290209162636e-09,1396,0,5,513,0
"KCNK1",1492,7.44523561562139e-09,1095,0,5,186,0
"SMIM14",1492,4.93340528293391e-09,928,0,5,121,0
"KCNS3",1493,3.16568151522625e-09,1325,0,3,269,0
"COPZ1",1494,6.92774841350942e-09,723,0,5,1322,0
"SIRT7",1494,1.82105312274106e-08,1490,0,2,4,0
"CST3",1497,1.21078306264526e-08,1030,0,5,690,0
"RP11-747D18.1",1497,3.03421502862527e-09,1435,0,3,190,0
"TXNDC17",1497,1.71098231659415e-08,126,0,5,1306,0
"CTSE",1498,4.71968416277953e-09,899,0,5,707,0
"GMPPA",1498,6.77279570459737e-09,669,0,5,1151,0
"CAPN2",1499,4.88000969722837e-09,1036,0,5,259,0
"CCL2",1499,7.11294563250991e-09,1198,0,3,594,0
"ARL6IP1",1500,5.48689771728263e-09,1096,0,5,476,0
"ELOVL6",1500,2.62820920339774e-09,1055,0,5,801,0
"MIS18A",1500,7.34956308331419e-09,929,0,3,351,0
"SQRDL",1500,5.19408752207305e-09,891,0,3,635,0
"OXA1L",1501,5.18989436107966e-09,1105,0,5,550,0
"PDCD6IP",1501,7.34634648093662e-09,954,0,5,129,0
"THOC7",1503,9.35872298619692e-09,977,0,5,360,0
"SLC35B2",1503.5,1.96290774479044e-08,1334,0,2,169.5,0
"RAB11A",1504,7.30590812767622e-09,796,0,5,678,0
"MRPS21",1505,7.30587313663494e-09,700,0,5,408,0
"VAMP5",1506,5.90061746298376e-09,901,0,3,490.5,0
"VMP1",1506,4.72158177143476e-09,438,0,5,519,0
"PARP9",1508,2.62108666386375e-09,1507,0,3,223.5,0
"OSTF1",1509,2.67773752610114e-09,1053,0,5,838,0
"LAMTOR5",1510,1.35103832167455e-08,330,0,5,1126,0
"TMEM176B",1510,7.22519931273794e-09,952,0,5,987,0
"WASL",1510,2.61810193091343e-09,872,0,5,763,0
"ACAA2",1511,5.31280917065056e-09,579,0,5,712,0
"CHMP1B",1512,5.11224025356665e-09,928,0,5,136,0
"VWA1",1512,3.75358598927617e-09,1427,0,3,251,0
"SCAND1",1513,3.97100561092587e-09,1185,0,5,783,0
"ARPC3",1514,1.20358577253482e-08,424,0,5,1133,0
"OARD1",1515,3.06066401939473e-09,1187,0,5,415,0
"GGT6",1516,5.16129223191644e-09,1313,0,5,20,0
"AKIRIN2",1517,2.60874197985342e-09,1148,0,3,791.5,0
"SLC35C1",1517.5,1.86483024731439e-08,1050,0,2,467.5,0
"CAST",1519,5.05580033598772e-09,824,0,5,467,0
"INSR",1519,4.32122608896759e-09,638,0,5,757,0
"CHMP5",1520,5.04806138083585e-09,819,0,5,614,0
"GNPNAT1",1520,5.57279133759431e-09,1118,0,5,393,0
"TPMT",1520,2.66246724870712e-09,1045,0,5,880,0
"EPB41L4B",1521,7.07174005030189e-09,964,0,5,642,0
"C6orf62",1522,5.67719470469405e-09,1081,0,5,977,0
"COL1A2",1523,7.06775899141782e-09,1098,0,3,643,0
"PFDN4",1524,5.03826132263804e-09,1088,0,5,829,0
"STAP2",1524,7.05442788812661e-09,1199,0,5,381,0
"CAB39",1525,7.04739766378719e-09,963,0,5,185,0
"DARS",1525,5.03173608203978e-09,1015,0,5,601,0
"CHMP2B",1526,5.0209010289904e-09,986,0,5,333,0
"ITGA3",1526,2.59587897359665e-09,912,0,5,438,0
"CECR5",1527,5.05101379542596e-09,1155,0,3,284.5,0
"SGOL1",1527,2.93270736302177e-09,1378,0,3,449.5,0
"LAMTOR4",1528,7.89470728555369e-09,996,0,5,600,0
"MDK",1528,5.37081190897653e-09,990,0,5,532,0
"NFATC2IP",1528,1.67999221250745e-08,1487,0,2,41,0
"S100A9",1528,5.94461789955777e-09,891,0,5,708,0
"UPF2",1529.5,1.66948605762015e-08,1485,0,2,44.5,0
"TAP1",1530,6.98843572075918e-09,781,0,5,1249,0
"CHMP4B",1531,6.96719441797198e-09,1265,0,5,332,0
"HLA-DRB1",1531,1.73172995243011e-08,340,0,5,641,0
"ZG16B",1531,4.98914043092502e-09,957,0,5,1101,0
"ARHGEF35",1531.5,1.61630485810212e-08,1351,0,2,180.5,0
"CD69",1532,6.96271630970702e-09,562,0,3,874.5,0
"RPN1",1532,7.00652585035505e-09,635,0,5,848,0
"TMED10",1532,1.00512624422895e-08,476,0,5,1225,0
"ATP1B3",1533,2.58541081028109e-09,871,0,5,1158,0
"IFNGR2",1533,6.43125752709294e-09,1353,0,5,430,0
"PRPF38B",1533,4.97928008748211e-09,758,0,5,801,0
"SKA2",1534,2.58471733463238e-09,1260,0,3,448.5,0
"PACSIN2",1534.5,1.6906444784587e-08,1517,0,2,17.5,0
"CTTN",1535,4.97604053389523e-09,1432,0,5,749,0
"IL8",1536,6.91808598943739e-09,1216,0,3,650,0
"MUC12",1536,8.14319148552909e-09,1156,0,5,276,0
"IFI35",1538,5.14389268680369e-09,1056,0,5,489,0
"RBM47",1538,6.91088622757897e-09,812,0,5,426,0
"APOBEC1",1539,2.94153760635157e-09,1412,0,3,212,0
"LGR4",1540,2.56880819330996e-09,1302,0,5,471,0
"PSMC2",1540,4.95956385074076e-09,665,0,5,554,0
"LIMA1",1541,4.95681059393974e-09,978,0,5,531,0
"PRDX6",1541,6.89465836541721e-09,1245,0,5,843,0
"SERPINB1",1541,4.83018277153705e-09,1103,0,5,133,0
"DHX36",1541.5,1.60965395974176e-08,1400,0,2,141.5,0
"APOL6",1542,7.20942935955291e-09,1013,0,5,59,0
"CDH1",1542,4.97605440010072e-09,958,0,5,990,0
"EZR",1544,5.01798471576464e-09,946,0,5,1031,0
"PDIA4",1545,9.66643899788224e-09,523,0,5,941,0
"EPS8",1547,5.16460541018759e-09,971,0,5,1494,0
"RNASET2",1547,6.72754791280695e-09,801,0,5,800,0
"RAB18",1548,2.55705100579056e-09,1112,0,5,716,0
"HSPB1",1549,2.5564931439039e-09,887,0,5,1057,0
"MYOF",1549,6.82625141213466e-09,534,0,3,845,0
"CD9",1550,8.04395175495217e-09,1435,0,5,369,0
"MAP2K6",1550,6.82230862616347e-09,1052,0,5,147,0
"GOLM1",1551,6.80716684044671e-09,818,0,5,553,0
"KRAS",1551,4.89966283057034e-09,1128,0,5,217,0
"BCL3",1552,9.0669404361377e-09,1363,0,5,272,0
"CASP1",1554,2.55040890375999e-09,869,0,5,929,0
"MCTS1",1554,4.55887383716027e-09,951,0,5,1073,0
"FTH1",1555,6.78471467623214e-09,1061,0,5,945,0
"CHID1",1557,1.5813097414097e-08,1460,0,2,97,0
"HIST1H2BK",1558,4.80245100888545e-09,1368,0,5,258,0
"PDLIM5",1559,3.62177100144547e-09,1129,0,5,840,0
"TALDO1",1559,5.09111960160698e-09,806,0,5,571,0
"VEGFA",1560,6.70955084819138e-09,710,0,5,145,0
"AKR1C3",1561,5.14053594152154e-09,565,0,5,1069,0
"GMDS",1561,5.2642719821391e-09,1236,0,5,470,0
"PPAP2C",1561,6.04213421808096e-09,1323,0,3,355,0
"CENPF",1562,3.39570404993671e-09,1280,0,3,726,0
"HINT1",1563,3.80371423880646e-09,1206,0,5,1335,0
"MIDN",1563,3.82842854608506e-09,996,0,5,930,0
"STAU1",1563.5,1.54963789558069e-08,1425,0,2,138.5,0
"CXADR",1564,6.69200567294376e-09,1138,0,5,627,0
"ELOVL1",1564,5.88621278809468e-09,1394,0,5,713,0
"PBDC1",1565,1.00658988226736e-08,383,0,5,1229,0
"SERINC2",1565,4.80850631592376e-09,927,0,5,499,0
"ACTR3",1566,4.80197470438632e-09,1096,0,5,1074,0
"ANKRD22",1567,6.53492968915491e-09,1035,0,5,45,0
"SETD5-AS1",1567,2.52814308889755e-09,778,0,3,980.5,0
"EIF1B",1567.5,1.55915224865891e-08,1250,0,2,317.5,0
"SDCBP",1569,2.52752729817946e-09,1205,0,5,573,0
"HOXD11",1571,4.75747802959719e-09,1390,0,3,462.5,0
"ACIN1",1572,1.53608663824511e-08,1293,0,2,279,0
"MIF",1572,6.60500686423179e-09,1061,0,5,195,0
"PBK",1574,2.52308299883085e-09,857,0,3,664.5,0
"MRPS22",1575,1.04343037270462e-08,830,0,5,629,0
"ZKSCAN1",1575,3.31590847633437e-09,515,0,5,980,0
"ACTN4",1576,7.10935108528907e-09,1286,0,5,103,0
"FAM120A",1576,5.45583969972525e-09,945,0,5,866,0
"PDCD10",1578,2.60217915035074e-09,1195,0,5,810,0
"ATP5J2",1579,4.5808144996473e-09,1306,0,3,144,0
"SORL1",1579,6.5295210570265e-09,1293,0,5,337,0
"ATP6V1D",1584,2.50619296866572e-09,1171,0,5,663,0
"PTBP1",1587,4.6257701480276e-09,975,0,5,664,0
"MORF4L1",1588,7.9528864262009e-09,930,0,5,684,0
"MPST",1588,5.15462589928719e-09,1003,0,5,679,0
"MYO6",1588,7.93100950947448e-09,913,0,5,782,0
"PTP4A2",1588,6.14741906430462e-09,966,0,5,678,0
"BUD31",1589,1.20789763397715e-08,491,0,5,1022,0
"MAP3K13",1589,1.12346073277289e-08,589,0,5,1003,0
"PPP1R2",1589,1.97253969329066e-08,939,0,2,650,0
"MAP7",1590.5,1.514498039615e-08,1528,0,2,62.5,0
"PKM",1591,1.2304567396636e-08,231,0,5,1307,0
"CLCN3",1594,2.51477374702209e-09,1136,0,5,666,0
"EFNB2",1594,2.62404759798897e-09,1068,0,5,569,0
"PPP2R2A",1594,1.48123640504799e-08,1294,0,2,300,0
"PNKD",1595,6.45500991770044e-09,1243,0,5,445,0
"CD2AP",1596,7.14441460702356e-09,1024,0,5,597,0
"MAP1LC3B",1597,8.71770421114276e-09,896,0,5,354,0
"SH3BGRL",1597,7.37624207170673e-09,1036,0,5,566,0
"HNRNPH3",1598,4.51312232605516e-09,713,0,5,975,0
"IL13RA1",1598,4.4385338484031e-09,1371,0,5,312,0
"ITGA6",1599,8.15259147803879e-09,904,0,5,281,0
"LRRFIP1",1599,2.49539445093542e-09,1327,0,5,466,0
"CTNND1",1600,2.48168513644027e-09,1106,0,5,578,0
"MMP24-AS1",1602,2.47779005883125e-09,1591,0,3,235,0
"TC2N",1603,6.76919989662217e-09,1164,0,5,99,0
"HDDC2",1604,9.75973734857964e-09,1201,0,5,268,0
"ZDHHC2",1604,6.22029471054499e-09,805,0,3,713,0
"SEC24D",1605,2.80449258855304e-09,1414,0,3,361,0
"SPTBN1",1605,6.34854891884619e-09,1075,0,5,377,0
"YTHDF2",1607,4.55693496532138e-09,1412,0,5,456,0
"ACSL5",1610,4.414205145997e-09,1378,0,5,93,0
"LTB",1610,6.12825969039872e-09,1204,0,3,586,0
"PRC1",1610,2.46942381810598e-09,636,0,3,749,0
"LASP1",1611,4.65931568789623e-09,960,0,5,201,0
"PPP2R1A",1611,6.6297648643952e-09,627,0,5,1214,0
"CENPA",1612,2.97459200104053e-09,1366,0,3,706,0
"UBE2A",1612,2.46688930340039e-09,1325,0,5,558,0
"BAK1",1613,2.4635499242085e-09,1374,0,5,599,0
"IGBP1",1613,6.35276493909479e-09,1270,0,5,358,0
"NPEPPS",1613,6.11765104922525e-09,1242,0,5,139,0
"METTL7A",1614,4.39417319098891e-09,1298,0,3,488,0
"SPTSSA",1614,2.46348297405031e-09,1252,0,5,845,0
"LAMTOR3",1616,1.64590890023089e-08,1410,0,2,206,0
"MRPL1",1616,4.81636745324643e-09,1357,0,5,378,0
"PAIP1",1617,8.36472880813301e-09,1065,0,5,638,0
"JOSD2",1618,2.45568285248807e-09,1326,0,5,1230,0
"FAM3D",1619,1.13555717666131e-08,791,0,5,843,0
"HMMR",1619,2.90944570929036e-09,1386,0,3,678.5,0
"SLC35A3",1619,2.45336750941014e-09,1242,0,5,569,0
"CTSZ",1620,2.45221958615295e-09,1132,0,5,822,0
"GUCA2B",1620,2.90058366504682e-09,1389,0,3,298.5,0
"PTEN",1620.5,1.40764380600027e-08,1334,0,2,286.5,0
"REXO2",1621,9.00662902304009e-09,1004,0,5,184,0
"SNHG18",1621,4.33185278733573e-09,1332,0,5,316,0
"CDC42SE2",1623,2.55486856675154e-09,1051,0,5,894,0
"EWSR1",1623,4.30580135016322e-09,1013,0,5,980,0
"DSP",1624,4.30053301394513e-09,629,0,5,794,0
"KRCC1",1624,2.51191301610435e-09,1250,0,5,483,0
"GDF15",1625,4.29607807987425e-09,801,0,5,1802,0
"GNB2",1626,4.27045446443243e-09,1018,0,5,998,0
"UBE3A",1627.5,1.56629647786899e-08,1495,0,2,132.5,0
"SCARB2",1628,1.46774643044062e-08,1603,0,2,25,0
"ID3",1630,1.55100296052161e-08,228,0,5,1437,0
"RASSF7",1631,5.04573591781979e-09,643,0,5,1322,0
"NDUFB3",1632,4.18264950326659e-09,845,0,5,1381,0
"PLA2G2A",1632,6.31922184077281e-09,1419,0,5,935,0
"CYR61",1633,5.92910723710453e-09,1305,0,3,590.5,0
"NOP10",1633,6.11545402086807e-09,817,0,5,872,0
"NUSAP1",1633,5.08702608878858e-09,856,0,3,430,0
"TMPRSS4",1633,2.54752822720697e-09,1169,0,5,409,0
"PMF1",1634,8.01630691098384e-09,1423,0,5,361,0
"TIMP1",1635,6.10720234083898e-09,832,0,5,1025,0
"IL10RB",1636,5.08040357015744e-09,1279,0,5,165,0
"PSAP",1636,5.99493615505963e-09,1332,0,5,817,0
"REP15",1636,2.42571765575841e-09,1362,0,3,728.5,0
"UBE2L3",1637,6.96949643202388e-09,741,0,5,924,0
"VAPA",1637,2.42067665350494e-09,1042,0,5,781,0
"C6orf132",1638,2.51883140309734e-09,1577,0,5,547,0
"CCNA2",1638,3.02297353433034e-09,1355,0,3,430,0
"TMEM30A",1638,1.53241292008751e-08,1491,0,2,147,0
"MAF1",1640,4.71158730754345e-09,1081,0,5,1196,0
"ANXA11",1641,2.41551896827937e-09,1166,0,5,632,0
"GRN",1641,6.87371036964265e-09,967,0,5,135,0
"SMARCB1",1641,1.37167563848228e-08,695,0,5,338,0
"KHSRP",1642,5.87311190037742e-09,567,0,5,1021,0
"CD3D",1643,5.85902320716867e-09,1287,0,3,589,0
"DGCR6L",1644,5.79013367775564e-09,1461,0,5,21,0
"JUND",1644,5.8579927726042e-09,1266,0,5,376,0
"RBM14",1644,1.44175881351819e-08,1605,0,2,39,0
"UBALD2",1644,5.65941523305801e-09,1397,0,5,431,0
"PTPRF",1645,4.42421253559542e-09,1129,0,5,148,0
"ARL6IP4",1646,1.03023218882398e-08,854,0,5,803,0
"LINC00520",1647,2.98926240950111e-09,1375,0,3,224.5,0
"UBXN4",1647,3.38567816400288e-09,862,0,5,1223,0
"CALM1",1648,4.04813366651037e-09,447,0,5,1774,0
"CD151",1649,3.65082207594839e-09,1228,0,5,1083,0
"CD164",1649,2.38295539173498e-09,1085,0,5,744,0
"YWHAG",1649,1.52112948100661e-08,1123,0,2,526,0
"ITGAE",1650,6.22513130221981e-09,1320,0,5,384,0
"MRPS18A",1651,4.21965448787979e-09,1140,0,5,474,0
"MLX",1653,1.33866126574319e-08,1494,0,2,159,0
"RP11-665N17.4",1653,2.92761953922627e-09,1387,0,3,227,0
"CDC42",1654,2.3823969447647e-09,1271,0,5,459,0
"DNAJA1",1654,4.03355400334902e-09,1029,0,5,627,0
"ATP8B1",1656,2.36957187223531e-09,1243,0,5,498,0
"DUSP23",1656,6.75609171116933e-09,1205,0,5,372,0
"ARPC5L",1657,8.05176850880647e-09,1434,0,5,533,0
"LMNB2",1657,3.96616701707428e-09,703,0,5,954,0
"NEURL",1657,2.36937957193781e-09,1402,0,3,727.5,0
"PERP",1658,4.57526872977574e-09,1150,0,5,194,0
"RP11-462G2.1",1658,2.84940487857047e-09,1410,0,3,223,0
"ITGB1",1659,2.36329726786994e-09,1130,0,5,1157,0
"CORO1B",1661,1.1858947225561e-08,1190,0,5,472,0
"ARHGAP11A",1663,2.41651999338449e-09,1601,0,3,274.5,0
"MLF2",1664,3.46062909644446e-09,1279,0,5,172,0
"CD47",1665,6.99393885946524e-09,748,0,5,697,0
"PITHD1",1665.5,1.45323796400589e-08,1527,0,2,138.5,0
"PPP1CB",1667,6.36446353148181e-09,1228,0,5,272,0
"TMEM160",1667,5.59752651617999e-09,1348,0,5,328,0
"AKAP13",1668,1.68099228606935e-08,1024,0,2,644,0
"DEFB4A",1669,2.86231968970281e-09,1401,0,3,696,0
"GADD45A",1670,3.87910531487995e-09,592,0,5,855,0
"KARS",1670,9.13469610276674e-09,1357,0,5,402,0
"KLF4",1670,3.45994421355297e-09,1021,0,5,791,0
"MRFAP1",1670,3.25533472489967e-09,1343,0,5,152,0
"CHCHD5",1671,4.56820567257008e-09,1176,0,5,805,0
"KDELR2",1671,8.3921564891117e-09,624,0,5,1148,0
"ACOT7",1672,4.64391660302226e-09,971,0,5,1020,0
"ERGIC2",1672.5,1.29790166183704e-08,1338,0,2,334.5,0
"KLF3",1673,3.24767779862351e-09,1074,0,5,598,0
"MRPL47",1674,8.91518704932354e-09,1370,0,5,169,0
"SERPINB5",1674,5.53389840888909e-09,1104,0,5,392,0
"ARPC5",1675,4.36834318085904e-09,1155,0,5,345,0
"ALDH1A2",1676,2.86714531798082e-09,1398,0,3,231.5,0
"ABCF1",1677,1.29765325651037e-08,1502,0,2,175,0
"RAP1B",1679,2.52015223125249e-09,1312,0,5,663,0
"CENPN",1680,3.8055763931996e-09,1563,0,3,84,0
"HLA-F",1680,2.37528484342731e-09,1529,0,5,640,0
"ZC3H13",1682.5,1.28509970747785e-08,1479,0,2,203.5,0
"LMAN1",1683,3.78678941648611e-09,1155,0,5,895,0
"NDFIP1",1683,4.37463009300703e-09,1493,0,5,277,0
"NAA20",1684,5.30327773227435e-09,1133,0,5,458,0
"XBP1",1684,4.68722218872148e-09,1095,0,5,777,0
"FNTA",1684.5,1.30455920234925e-08,1672,0,2,12.5,0
"ITM2C",1686,2.3194027716869e-09,792,0,5,1102,0
"SPINT2",1686,1.05886449929745e-08,924,0,5,236,0
"SRSF1",1687,5.77035430011133e-09,1540,0,5,360,0
"SS18L2",1687,1.05794118642061e-08,1153,0,5,202,0
"FAM136A",1688,5.28690977634614e-09,1482,0,5,225,0
"MRPS35",1690,5.3479139848109e-09,1223,0,5,581,0
"HOXB13",1691,7.11813375527276e-09,725,0,5,893,0
"TMBIM4",1691,2.29218265407412e-09,1330,0,5,816,0
"ABCA5",1692,2.61881402011015e-09,1508,0,3,233.5,0
"FUT3",1692,1.05003132456735e-08,1100,0,5,294,0
"MESDC2",1693,3.6725026572932e-09,1073,0,3,423,0
"GOLIM4",1694,6.07042958612102e-09,938,0,5,435,0
"HDAC9",1694,3.50647786729432e-09,1323,0,3,192.5,0
"PIM3",1694,6.05334959050407e-09,1333,0,5,194,0
"PPP1CA",1694,3.60723708046665e-09,997,0,5,569,0
"GFPT1",1695,6.6781397071865e-09,1504,0,5,151,0
"STS",1695,2.68763162469275e-09,1465,0,3,646,0
"CTDSP2",1696,1.31144394475409e-08,1274,0,2,422,0
"YWHAB",1696,3.59790237273881e-09,816,0,5,1452,0
"ZFP36",1696,6.3118288570416e-09,1070,0,5,121,0
"MRPL48",1697,1.04005437777072e-08,974,0,5,578,0
"IER5",1698,2.27293887828324e-09,897,0,3,922,0
"PPP4R2",1699.5,1.24734499545276e-08,1509,0,2,190.5,0
"NFE2L3",1701,5.18899431473995e-09,870,0,3,732.5,0
"P4HB",1701,5.86702180731317e-09,861,0,5,920,0
"PPP1R12A",1701,2.03176510213822e-08,883,0,2,818,0
"HDHD3",1703,7.08365522789091e-09,1388,0,5,644,0
"KCTD12",1703,2.60071977669659e-09,1523,0,3,454,0
"FH",1704,3.86968435467734e-09,1320,0,5,261,0
"PIGR",1704,6.15935019286483e-09,1390,0,5,190,0
"SLC4A4",1704,5.17027460137422e-09,798,0,5,711,0
"ATG3",1705,7.66328578792575e-09,843,0,5,401,0
"SNHG3",1705,5.15826431125594e-09,1482,0,3,126.5,0
"RELB",1706,5.15503635799773e-09,973,0,3,712.5,0
"C11orf58",1707,7.31996311645534e-09,1177,0,5,633,0
"DUS1L",1707,5.15111398931954e-09,1065,0,5,720,0
"GNAQ",1707,3.77462177625612e-09,1393,0,5,518,0
"IL3RA",1708,3.09481992867698e-09,1382,0,3,208.5,0
"MUC5AC",1710,3.50272640968498e-09,1665,0,3,380,0
"TMEM63A",1710,2.4014750305765e-09,716,0,5,882,0
"BIN1",1710.5,1.23277990063657e-08,1659,0,2,51.5,0
"AHCYL1",1711,7.04797141410593e-09,1152,0,5,643,0
"HSPA5",1711,7.86980014437443e-09,209,0,5,1793,0
"RAB1A",1711,1.01761076144709e-08,1114,0,5,537,0
"RACGAP1",1712,2.25748454523798e-09,1678,0,3,262,0
"CARHSP1",1713,2.23186944794294e-09,1223,0,5,1005,0
"FKBP1B",1714,2.60909523929032e-09,1516,0,3,224,0
"SAE1",1714,3.47594681778431e-09,637,0,5,1339,0
"DGUOK",1716,6.12567917025157e-09,1306,0,5,502,0
"KMT2E",1716,2.57989158937291e-09,696,0,5,605,0
"TARS",1716,1.10524920133763e-08,187,0,5,1348,0
"H2AFJ",1718,4.06036722768634e-09,1385,0,5,334,0
"KDELR3",1719,3.45894814768009e-09,947,0,5,229,0
"PKN2",1719,1.21738255759227e-08,1557,0,2,162,0
"GTSE1",1720,2.2176652449869e-09,1239,0,3,766,0
"KIF9",1722,3.450151218403e-09,1137,0,5,692,0
"MRPS14",1722,1.0003255673871e-08,1065,0,5,355,0
"DHRS11",1723,6.30161852552474e-09,1154,0,5,793,0
"TM7SF3",1723,3.44608456619533e-09,1241,0,5,1298,0
"PDE9A",1727,5.04176876172623e-09,905,0,3,978.5,0
"SRP14",1728,4.28597224230786e-09,937,0,5,933,0
"CDCP1",1729,2.69126002079422e-09,1272,0,5,1115,0
"CRIP1",1730,2.53197750672265e-09,1514,0,5,418,0
"DGAT1",1730,6.72529418426349e-09,1560,0,5,48,0
"CRYL1",1731,5.12174548320929e-09,1188,0,5,349,0
"MAP2K2",1732,3.61427446913707e-09,1339,0,5,247,0
"TAX1BP1",1733,4.15051121322518e-09,1202,0,5,167,0
"TBCA",1734,3.12962434050626e-09,1330,0,5,1061,0
"ABI1",1735,1.21960856363842e-08,1665,0,2,70,0
"C20orf24",1736,2.29412427096045e-09,975,0,3,588,0
"CALR",1736,5.63629640269791e-09,952,0,5,1074,0
"ROCK2",1736,1.17033140605082e-08,1574,0,2,162,0
"CXCL14",1737,4.95775942009673e-09,981,0,3,653,0
"UBC",1737,4.01029155707125e-09,1113,0,5,288,0
"EIF2A",1738,3.11676785226502e-09,1221,0,5,292,0
"ADAR",1739,3.33700807650773e-09,802,0,5,434,0
"BRMS1",1739,9.67835718762623e-09,1209,0,5,525,0
"RARRES2",1739,2.30267569287015e-09,880,0,5,1101,0
"PMP22",1740,3.33072065643091e-09,1625,0,3,413.5,0
"FOXM1",1741,2.63012273765499e-09,868,0,3,605.5,0
"TXN2",1744,9.41695003711081e-09,931,0,5,303,0
"IL34",1745,4.93369023855389e-09,1274,0,3,558.5,0
"MBNL1",1745,1.29081684779413e-08,1566,0,2,179,0
"OCIAD2",1745,7.90583330737818e-09,1446,0,5,196,0
"PPA1",1746,8.26472107524330e-09,1076,0,5,769,0
"TBL1XR1",1746,3.30846113134411e-09,841,0,5,1177,0
"FOXA3",1747,3.3064510596712e-09,486,0,5,1802,0
"PLSCR1",1748,2.59116196178831e-09,1281,0,5,1038,0
"SBDS",1748,2.82685670434472e-09,651,0,5,461,0
"FNDC3B",1750,2.65898845127039e-09,1482,0,3,611.5,0
"UGT2B17",1750,2.6774867148016e-09,1088,0,5,779,0
"PRPF40A",1751,3.2904464978427e-09,1016,0,5,919,0
"SLC22A18AS",1751,4.87438928835503e-09,128,0,3,1021.5,0
"TMEM258",1751,2.12199088909126e-09,1271,0,5,1140,0
"SAA1",1752,4.86988008029761e-09,1270,0,5,189,0
"EHD4",1753,1.31966293298886e-08,1161,0,2,592,0
"NUP37",1753,2.11177188836843e-09,1522,0,3,781,0
"URM1",1754.5,1.19595012040721e-08,1663,0,2,91.5,0
"FCGRT",1755,4.58448133319297e-09,1477,0,5,460,0
"XIAP",1755,4.84500382844959e-09,998,0,5,356,0
"TINAGL1",1755.5,1.27411205686074e-08,1196,0,2,559.5,0
"ABHD17C",1756,4.57966717390185e-09,1307,0,5,221,0
"IFT57",1756,1.21436064664073e-08,1275,0,2,481,0
"TMSB10",1757,3.25716211045868e-09,1304,0,3,549.5,0
"AIF1",1758,3.26367476218438e-09,1715,0,3,527,0
"CINP",1758,1.46444704462447e-08,1408,0,2,350,0
"C10orf118",1760,2.51295724953401e-09,1589,0,3,206.5,0
"MKKS",1760,8.23088411792666e-09,1405,0,5,435,0
"MYBL2",1761,4.80638284863801e-09,439,0,3,685,0
"MYO5B",1761,2.44604531046288e-09,1117,0,5,425,0
"GSTT1",1762,2.54791888219724e-09,1398,0,3,292,0
"BEST2",1763,4.74659466126583e-09,1573,0,3,503.5,0
"SRP72",1763,8.20069807394255e-09,895,0,5,197,0
"DHRS7",1764,4.20767688140334e-09,1372,0,5,157,0
"IL32",1764,6.64707445788716e-09,1112,0,5,460,0
"NT5DC2",1765,3.90725043904641e-09,1664,0,3,540,0
"TRAPPC6A",1765,3.23149662752809e-09,894,0,5,497,0
"CAPZA1",1766,4.78955833493326e-09,1673,0,5,384,0
"ADIPOR1",1767,1.14012229712922e-08,1337,0,2,430,0
"NDFIP2",1767,4.72531446118405e-09,1092,0,5,233,0
"EFNB1",1767.5,1.12238627926906e-08,1720,0,2,47.5,0
"CEBPG",1768,4.77773652992211e-09,1241,0,5,699,0
"PLGRKT",1768,8.50361958672741e-09,988,0,5,457,0
"DUSP6",1769,2.64380416628014e-09,1496,0,3,220.5,0
"CNIH4",1770,2.0690150317673e-09,1330,0,5,867,0
"YWHAH",1770,5.47246642186408e-09,669,0,5,745,0
"ADD3",1771,3.20598061164991e-09,1172,0,5,908,0
"ZNF428",1772,4.74261777231745e-09,1750,0,5,149,0
"ROMO1",1773,3.60985477772043e-09,1524,0,5,242,0
"EPS8L3",1775,2.48349705673155e-09,1236,0,5,536,0
"ECSIT",1776,5.50584721305575e-09,1431,0,5,186,0
"NFE2L1",1776,4.72768415083901e-09,1439,0,5,451,0
"FNIP2",1777,1.2207544279983e-08,1595,0,2,182,0
"AK3",1778,2.54857087734729e-09,1037,0,5,630,0
"FTL",1778,4.45134622968583e-09,1261,0,5,502,0
"CAPZA2",1779,4.70398031535093e-09,1153,0,5,304,0
"ST14",1779,4.27341047072057e-09,1331,0,5,148,0
"MTCH1",1780,6.75884820983208e-09,1232,0,5,518,0
"TM9SF2",1780,4.58005690400316e-09,1554,0,5,122,0
"VNN1",1780,2.93129751600708e-09,1379,0,3,695,0
"THUMPD1",1780.5,1.19556525367753e-08,1639,0,2,141.5,0
"ECT2",1781,2.59251701908529e-09,1175,0,3,458,0
"THOC3",1781,3.17707279468542e-09,1037,0,5,656,0
"TNFAIP2",1781,3.37160073369788e-09,1734,0,3,542,0
"KPNA2",1782,3.25635708717331e-09,1419,0,5,25,0
"LBR",1782,3.37791382958982e-09,956,0,5,620,0
"MAT2A",1782,3.16607215878459e-09,448,0,5,1337,0
"LAMA1",1784,3.80138389360636e-09,1681,0,3,309.5,0
"OIP5-AS1",1784,3.25961786430569e-09,1759,0,3,87.5,0
"NPTN",1785,2.53954325869726e-09,1560,0,3,269.5,0
"TMEM223",1785,1.07111707101198e-08,1781,0,2,4,0
"TMOD3",1786,2.52778946559375e-09,1389,0,5,475,0
"MPC1",1787,8.4096779276829e-09,1266,0,5,348,0
"TCEB1",1787,3.13921604938451e-09,1675,0,3,163,0
"TUBG1",1787,2.04485143052132e-09,1028,0,3,726,0
"IFI44L",1788,4.65601436473038e-09,1298,0,3,620.5,0
"SERF2",1789,3.12957836416681e-09,1734,0,3,109.5,0
"COX7C",1790,8.3337378084177e-09,493,0,5,957,0
"GPR110",1790,2.71139314229498e-09,1452,0,3,670,0
"DENR",1791,3.12317193494401e-09,1568,0,5,446,0
"TMEM50A",1791,4.07812123540059e-09,1591,0,5,129,0
"FYB",1792,4.64112368864829e-09,1217,0,3,678,0
"NDUFB2",1792,5.16139861684737e-09,1021,0,5,361,0
"TMEM87A",1792,3.1217060547429e-09,760,0,5,1299,0
"METTL5",1794,5.90516817716228e-09,1638,0,5,304,0
"POMP",1794,7.52147419482709e-09,419,0,5,1862,0
"GRINA",1794.5,1.42906339265752e-08,1089,0,2,705.5,0
"COA6",1795,4.19215584303214e-09,1584,0,5,392,0
"TTC19",1796,2.17143941875147e-09,1079,0,5,947,0
"AMD1",1797,4.03807868782407e-09,510,0,5,1097,0
"PGK1",1797,7.92712470237497e-09,1015,0,5,360,0
"NDUFA6",1800,8.1848936669096e-09,1295,0,5,476,0
"RASSF6",1801,2.65753119520684e-09,1483,0,3,269.5,0
"HSBP1",1802,3.06503376154607e-09,1403,0,5,436,0
"SQLE",1802,5.27541804784161e-09,1690,0,5,348,0
"BRI3",1803,3.7818984476083e-09,1424,0,5,182,0
"GPSM2",1803,1.99952259948951e-09,1640,0,3,577.5,0
"TES",1803.5,1.17173045250882e-08,1253,0,2,550.5,0
"PTMS",1804,3.06019072298931e-09,1029,0,5,842,0
"CMC2",1805,3.0601439184799e-09,1463,0,5,1003,0
"N4BP2L2",1805,4.32350202076389e-09,786,0,5,770,0
"PVRL2",1805,2.49136305016222e-09,1595,0,3,551.5,0
"PTRH1",1806,1.99799929303376e-09,913,0,5,861,0
"SND1",1806,4.40895522654383e-09,1122,0,5,798,0
"KNOP1",1807,1.02048073030222e-08,1656,0,2,151,0
"MRPL2",1807,6.87123525748263e-09,1545,0,5,274,0
"MRPS6",1807,3.05819300706585e-09,1258,0,5,321,0
"CMAS",1808,4.57122483577877e-09,1340,0,5,831,0
"EPS8L2",1808,1.10538122203633e-08,1686,0,2,122,0
"HLA-C",1808,1.98900898299566e-09,1008,0,5,1012,0
"DDX54",1809,1.03610217116166e-08,1507,0,2,302,0
"SPINT1",1809,2.46741027083628e-09,1185,0,5,490,0
"FZD5",1811,1.33015764644511e-08,1472,0,2,339,0
"REEP3",1811,4.53502566075388e-09,1376,0,5,499,0
"RAB25",1812,8.8108885444586e-09,1351,0,5,322,0
"SH3BGRL2",1812,4.53172012241234e-09,1211,0,5,402,0
"DPM3",1814,4.37678686276778e-09,792,0,5,1385,0
"CLSTN1",1816,4.51928741821306e-09,1289,0,5,368,0
"NUDT14",1817,1.12356188296008e-08,845,0,5,634,0
"PREB",1818,7.18679482992279e-09,916,0,5,810,0
"EIF5A",1819,8.29829388588966e-09,709,0,5,456,0
"MRPL28",1819,7.99957886291472e-09,1143,0,5,504,0
"SBNO2",1820,2.5822080132582e-09,1535,0,3,586,0
"TEX264",1820,6.45429596162073e-09,1583,0,5,96,0
"RNF181",1821,4.98440312961144e-09,1010,0,5,1292,0
"TMEM158",1821,3.01306787545669e-09,1618,0,3,706.5,0
"LDHA",1822,1.13143295877967e-08,963,0,5,547,0
"SURF6",1822.5,1.36950136717854e-08,1435,0,2,387.5,0
"TPM4",1823,2.45875996769197e-09,1599,0,5,489,0
"ISCA1",1823.5,1.30494239479144e-08,1488,0,2,335.5,0
"ARL6IP5",1824,2.29237713482152e-09,1486,0,5,428,0
"WDR1",1825,4.45618685123235e-09,1517,0,5,663,0
"EML2",1825.5,1.07495232861871e-08,1328,0,2,497.5,0
"COX17",1827,2.29564028052791e-09,1601,0,5,573,0
"AURKA",1828,1.92354493386603e-09,1659,0,3,609,0
"CAPNS1",1828,7.87866391861624e-09,602,0,5,1278,0
"FSTL1",1828,3.07600782199678e-09,1346,0,3,672,0
"CNOT1",1829,2.97857906510233e-09,1057,0,5,670,0
"ADAM9",1831,4.41099277767503e-09,1226,0,5,336,0
"IFITM3",1831,2.24143899874967e-09,1642,0,5,633,0
"PTPMT1",1831,3.32334926674732e-09,1655,0,5,831,0
"SRSF6",1831,1.91411459132365e-09,783,0,5,863,0
"CLDN4",1832,4.01523393816304e-09,1156,0,5,192,0
"IDH3G",1833,2.49314720184252e-09,753,0,5,218,0
"TMCO1",1833,7.78756930567709e-09,1307,0,5,53,0
"LEPROT",1833.5,1.00779655769293e-08,1459,0,2,374.5,0
"CREB3L1",1836,2.48119582257984e-09,1596,0,5,415,0
"FAM200B",1838,1.89320403379205e-09,1429,0,5,811,0
"SLC39A7",1839,3.46239172960343e-09,950,0,5,1369,0
"MIER1",1840,2.29894396487905e-09,1689,0,3,551,0
"IFT172",1841,3.99581067665589e-09,1678,0,5,180,0
"DYNLT1",1842,4.58841981071749e-09,985,0,5,1522,0
"TXNRD1",1842,4.32106674962946e-09,1483,0,5,221,0
"HAT1",1843,4.32866606438315e-09,1256,0,5,632,0
"SLC26A4",1843,2.90800546214568e-09,1799,0,3,413.5,0
"PPIE",1843.5,1.08327035246454e-08,1652,0,2,191.5,0
"GPBP1L1",1844.5,1.06867824078982e-08,1313,0,2,531.5,0
"GTPBP6",1845,9.91531510370583e-09,1793,0,2,52,0
"SMIM19",1845,2.99108998171841e-09,1740,0,5,115,0
"C7orf55-LUC7L2",1847.5,9.78681221207814e-09,1470,0,2,377.5,0
"RBM42",1848,3.0575726897531e-09,1049,0,5,559,0
"SELENBP1",1848,4.27313797589341e-09,1405,0,5,260,0
"IFIT3",1849,2.8908123383508e-09,1497,0,3,177,0
"STX10",1849,4.5205178253848e-09,1676,0,5,1081,0
"ARL1",1851,5.45743935906609e-09,709,0,5,1465,0
"KLHDC2",1851,9.58747518904851e-09,1567,0,2,284,0
"SURF4",1851,2.22100676625616e-09,1475,0,5,998,0
"C4BPA",1852,2.79029106979046e-09,1416,0,3,969,0
"TNPO1",1852.5,9.80389476402746e-09,1462,0,2,390.5,0
"AAMP",1853,1.0926103637919e-08,1252,0,5,449,0
"THYN1",1853,3.93570090898307e-09,1290,0,5,361,0
"JUP",1854,4.19873718194107e-09,1280,0,5,295,0
"TMEM70",1855,2.03703966143907e-09,973,0,5,649,0
"GCC2",1856,4.1887953685051e-09,1168,0,5,486,0
"MX1",1857,4.18514432350242e-09,1378,0,3,625,0
"GAR1",1858,4.93512908776463e-09,1474,0,5,261,0
"RND1",1859,2.65645547114752e-09,1486,0,3,627,0
"RBPMS",1860,2.62398793262128e-09,1503,0,3,230,0
"TRAPPC4",1861,2.46748831447046e-09,818,0,5,304,0
"COX6A1",1862,5.930821891177e-09,1632,0,5,411,0
"SAA2",1864,2.82695733661699e-09,1069,0,5,728,0
"SLC5A1",1864,4.1500666008139e-09,864,0,5,700,0
"TOP1",1865,2.34233346232319e-09,1563,0,5,989,0
"BCLAF1",1866,2.81803553298422e-09,725,0,5,1111,0
"FOXP1",1869,3.10269238248048e-09,1483,0,5,539,0
"KIF22",1870,3.14940928053008e-09,1069,0,5,318,0
"GPS1",1871,3.25275332474574e-09,1715,0,5,407,0
"YWHAZ",1871,3.86236668810615e-09,1643,0,5,194,0
"RAB6A",1871.5,9.46365729235507e-09,1847,0,2,24.5,0
"PRAP1",1872,2.80011656996998e-09,1460,0,3,289,0
"MRPS18C",1873,3.82467191000847e-09,1242,0,5,366,0
"CFB",1876,2.4940646399164e-09,1593,0,3,566,0
"HSPH1",1876,2.65470880623066e-09,745,0,5,1164,0
"DSTN",1877,2.33409175623344e-09,1628,0,5,1253,0
"USP22",1878,2.78771499140367e-09,943,0,5,1281,0
"HDAC1",1880,5.91105751898997e-09,1635,0,5,146,0
"MFF",1880,4.05039881568132e-09,1359,0,5,232,0
"ARPC1A",1881,5.5301298954921e-09,676,0,5,1464,0
"ANKRD9",1882,2.47605540146686e-09,1603,0,3,600.5,0
"MTHFS",1882,1.92985810091847e-09,1157,0,3,568,0
"MESP1",1883,1.83711743356614e-09,1859,0,3,591.5,0
"CTD-2047H16.2",1884,2.77966618600593e-09,1380,0,3,437,0
"FAM204A",1886,9.3037614113391e-09,1482,0,2,404,0
"SH3D19",1886.5,1.03754399104179e-08,1302,0,2,584.5,0
"JAK1",1887,4.03315455090621e-09,1007,0,5,1041,0
"NDUFA2",1888,2.47060546523703e-09,1608,0,5,1183,0
"C4orf3",1889,2.07043088009773e-09,1771,0,5,380,0
"GLTP",1889,9.17084790087406e-09,1833,0,2,56,0
"MEA1",1889,5.47760516633432e-09,1210,0,5,484,0
"MRPL41",1891,3.70384359397872e-09,1127,0,5,995,0
"S100A13",1891,4.37235854753351e-09,1568,0,5,393,0
"WDR33",1891.5,8.8098863879478e-09,1590,0,2,301.5,0
"TMA16",1892.5,9.15355979403355e-09,1854,0,2,38.5,0
"ERP44",1893,5.3622122581155e-09,900,0,5,1104,0
"PLA2G12A",1894.5,8.91450408044567e-09,1562,0,2,332.5,0
"SLC25A37",1896,2.96908312425043e-09,1542,0,5,512,0
"UBE2B",1896,6.05922133939346e-09,1317,0,5,922,0
"PTS",1897,2.05621939213737e-09,1839,0,5,409,0
"ERBB3",1898,3.98667587286021e-09,677,0,5,964,0
"PON2",1899,3.96410919371878e-09,1465,0,5,464,0
"RALBP1",1899,2.73901668864003e-09,1387,0,5,360,0
"AL928768.3",1900,2.73820182195477e-09,1498,0,3,478.5,0
"ATP2C2",1900,1.72551228119796e-09,667,0,5,1616,0
"C4orf48",1900,3.9633585115181e-09,1546,0,5,281,0
"ACTN1",1901,5.07342859821893e-09,1517,0,5,27,0
"NMRAL1",1902,5.12920660480671e-09,1712,0,5,237,0
"ARFIP2",1903,2.72320781858531e-09,1050,0,5,1583,0
"GPX2",1903,1.7197008250438e-09,1243,0,5,1039,0
"ME1",1904,2.71536750703268e-09,1293,0,3,505.5,0
"CANX",1905,3.45600084664202e-09,1720,0,5,346,0
"EIF4EBP2",1907.5,8.97512428882884e-09,1786,0,2,121.5,0
"CD46",1908,2.69456922446234e-09,780,0,5,669,0
"EIF4G2",1908,6.90390535253311e-09,1077,0,5,778,0
"PAWR",1908,2.5064898392421e-09,1206,0,5,325,0
"IQGAP1",1909,3.7667349967779e-09,1304,0,5,462,0
"RNF130",1909,1.70696579248089e-09,1694,0,5,579,0
"SYNGR2",1909,2.68978951871019e-09,964,0,5,1248,0
"PPAPDC1B",1910,2.43513467856688e-09,1569,0,3,241,0
"FUBP1",1912,8.64008823038817e-09,1908,0,2,4,0
"TCEB2",1912,1.70034816349364e-09,1436,0,3,630.5,0
"INF2",1913,8.37537790986759e-09,1718,0,2,195,0
"CTBP1",1915,2.67886010182569e-09,1264,0,5,233,0
"MRPL43",1915,4.13553800609253e-09,1547,0,5,123,0
"TMEM66",1915,1.89562290608894e-09,1613,0,3,355,0
"FAT1",1915.5,8.38739462753915e-09,1628,0,2,287.5,0
"ARF4",1917,6.74014648855304e-09,1149,0,5,793,0
"COQ4",1917,4.14396821778429e-09,1755,0,5,302,0
"PSMC1",1917,1.72682445203774e-09,1238,0,5,429,0
"SLC44A4",1918,2.4161819275635e-09,989,0,5,483,0
"HSPA1B",1919,6.47506424687531e-09,1254,0,5,1018,0
"KCMF1",1919,8.32756824402621e-09,1890,0,2,29,0
"MLST8",1919,9.2636856808529e-09,1424,0,2,495,0
"ALYREF",1920,1.68497499429966e-09,1283,0,3,564,0
"UBE2Z",1920,8.68441632900306e-09,1534,0,2,386,0
"CTNNB1",1922,4.03486390810202e-09,935,0,5,211,0
"PXMP2",1922,5.53186054607129e-09,1183,0,5,616,0
"RBM25",1923,3.78357650785692e-09,1681,0,5,138,0
"RAP1GAP",1924,1.67332280225402e-09,1921,0,3,473.5,0
"KLRB1",1925,2.66386419643499e-09,1631,0,3,396,0
"PPIG",1925,3.77636869314012e-09,1221,0,5,735,0
"FBXL15",1926,5.63887642468418e-09,1341,0,5,115,0
"SEPT2",1926,2.66357522945635e-09,1158,0,5,734,0
"CLMN",1928,3.76567602556057e-09,1445,0,5,793,0
"HLA-DMB",1928,1.0159582283253e-08,732,0,5,1234,0
"PPHLN1",1928.5,8.95825871190891e-09,1458,0,2,470.5,0
"NDUFA5",1929,4.2480150462335e-09,903,0,5,268,0
"TTC3",1929,2.66054275963908e-09,743,0,5,1093,0
"TCF25",1931,2.20169846475539e-09,1363,0,5,409,0
"POP4",1933,5.9122016910695e-09,1301,0,5,303,0
"TIMM17B",1933,4.15369106101905e-09,1148,0,5,1012,0
"SLC44A3",1933.5,7.84857896448826e-09,1807,0,2,126.5,0
"ENSA",1934,4.13251300593158e-09,1184,0,5,409,0
"RAB13",1935,2.64711958037468e-09,1797,0,5,90,0
"TMBIM6",1936,3.72586508896266e-09,1285,0,5,655,0
"TOB1",1937,3.72524692882472e-09,1604,0,5,483,0
"ELF1",1937.5,7.80410965868457e-09,1793,0,2,144.5,0
"GPR153",1938,2.63885463015319e-09,1281,0,3,576,0
"SHROOM3",1938,4.0363357994114e-09,1452,0,5,725,0
"PLA2G16",1939,2.63813800291308e-09,1487,0,3,345,0
"IBTK",1940,3.86828794639202e-09,1609,0,5,60,0
"MALSU1",1940,1.96721392021902e-09,1549,0,5,568,0
"JAG1",1941,2.63581664206415e-09,1040,0,5,786,0
"ZC3HAV1",1941.5,7.76717435296533e-09,1830,0,2,111.5,0
"GUK1",1942,6.57775885161513e-09,789,0,5,1371,0
"SLC25A4",1942,4.7101965147928e-09,1540,0,5,131,0
"SMIM4",1943,1.60808685343367e-09,1328,0,5,669,0
"TPRN",1943,2.63406936134955e-09,1728,0,3,293,0
"CHD4",1944,2.99683755910132e-09,540,0,5,1284,0
"PSMA1",1944,1.60342855413259e-09,1455,0,5,831,0
"MINOS1",1946,3.02435626373251e-09,1819,0,5,281,0
"SIRT6",1946,2.72323662005676e-09,1445,0,3,279,0
"POLE4",1947,2.26648622689803e-09,1509,0,5,312,0
"STXBP6",1948,3.05713196364663e-09,1808,0,5,76,0
"ANPEP",1951,2.61287294676058e-09,1491,0,3,352,0
"UBE2D3",1951,4.50524748055902e-09,1140,0,5,521,0
"HOOK1",1951.5,7.98028452761008e-09,1904,0,2,47.5,0
"PAK1",1951.5,8.13884447819011e-09,1581,0,2,370.5,0
"C1orf122",1952,4.09770879316993e-09,1162,0,5,690,0
"SEC61G",1955,8.88538264533505e-09,524,0,5,1170,0
"TXNDC9",1955,6.01938529739135e-09,1088,0,5,804,0
"RWDD1",1956,2.82820408180028e-09,1862,0,5,124,0
"ZNF706",1956,1.91432720639535e-09,1383,0,5,347,0
"CRB3",1957,6.45799607688489e-09,1445,0,5,549,0
"ERBB2IP",1957,2.57170761072311e-09,1539,0,3,297,0
"EID1",1958,2.54568734593408e-09,1453,0,5,458,0
"TATDN1",1958,7.65784777077087e-09,1688,0,2,270,0
"IFITM1",1959,2.59403079860613e-09,1446,0,3,333,0
"LSM14A",1960,7.36237748338004e-09,1811,0,2,149,0
"PPP3CA",1961,7.58159855644344e-09,1911,0,2,50,0
"ADD1",1961.5,7.6293924575239e-09,1675,0,2,286.5,0
"RBM7",1961.5,7.680020745568e-09,1660,0,2,301.5,0
"SLC25A1",1962,3.46669590091624e-09,1864,0,5,134,0
"UBE2C",1962,1.55143923173081e-09,1195,0,5,999,0
"PIH1D1",1963,6.28119364503477e-09,1280,0,5,599,0
"ALDH7A1",1964,1.54969815290198e-09,1615,0,5,723,0
"GFER",1964,3.44612000926886e-09,1409,0,5,506,0
"RALA",1965,3.45095290562992e-09,1736,0,5,396,0
"NDUFA8",1966,5.10192663771911e-09,1158,0,5,501,0
"PIN4",1969,1.84584220755132e-09,1162,0,5,439,0
"PPDPF",1971,2.56531137709089e-09,1138,0,5,428,0
"TMEM139",1972,2.5594007961664e-09,1439,0,3,374,0
"BCCIP",1976.5,8.99428369442498e-09,1705,0,2,271.5,0
"AKAP1",1978,2.54926537691555e-09,1081,0,5,864,0
"FKBP3",1979,5.01620545121215e-09,1515,0,5,431,0
"ETFA",1981,3.2506109917587e-09,1471,0,5,537,0
"TMEM59",1983,2.0700115525621e-09,1284,0,5,471,0
"U2SURP",1983,1.53183572760414e-09,744,0,5,1540,0
"HDLBP",1984,1.50516421877135e-09,1857,0,5,567,0
"ISCU",1985,3.10204443847392e-09,1812,0,5,24,0
"SPAG16",1985.5,1.19858260881324e-08,1470,0,2,515.5,0
"TESC",1987,3.20845770900719e-09,1458,0,3,432.5,0
"VPS35",1989,2.54030060733211e-09,1218,0,5,704,0
"KIF13B",1991,2.53795295213025e-09,1489,0,3,329.5,0
"SRP19",1991,1.70377099478418e-09,1361,0,5,404,0
"TUBB2A",1992,2.53209946706892e-09,1453,0,3,688.5,0
"HKDC1",1994,3.15501325445792e-09,989,0,3,627.5,0
"EIF3J",1995,2.81151942808223e-09,1328,0,5,162,0
"C14orf119",1996,4.08580111783799e-09,941,0,5,680,0
"MAPRE1",1996,6.77072598244479e-09,1783,0,2,213,0
"MMP1",1996,2.52359839459043e-09,1663,0,3,856.5,0
"UBE2D2",1997,3.14805423153576e-09,1313,0,5,1535,0
"GHITM",1998,8.07046992707749e-09,1267,0,5,449,0
"SF3B2",1998,3.48481923098066e-09,1143,0,5,486,0
"SLC44A1",2000,2.34225366876261e-09,1400,0,5,498,0
"HIF1A",2003,3.8755934008123e-09,1298,0,5,180,0
"PHF14",2003,6.93878079896145e-09,1910,0,2,93,0
"PNN",2003,1.47897139996752e-09,415,0,5,2123,0
"SUMO3",2004,2.39974698600405e-09,1775,0,5,175,0
"VAMP3",2005,7.04842908822533e-09,1724,0,2,281,0
"PDHA1",2007,4.26459908936639e-09,1589,0,5,382,0
"SMC3",2007,3.06102285312648e-09,776,0,5,1187,0
"LRPPRC",2008,3.00539392423151e-09,593,0,5,1093,0
"LSR",2008,7.160330116689e-09,1424,0,5,384,0
"TMEM125",2008,4.5075757185775e-09,1757,0,5,328,0
"TOB2",2010,6.91563994197637e-09,1740,0,2,270,0
"PNISR",2012,1.45314263089379e-09,573,0,5,1750,0
"CAMTA1",2013,1.68307657352612e-09,1433,0,5,592,0
"VPS4B",2015,3.7662288331819e-09,1657,0,5,301,0
"GNAS",2019,2.92815942980184e-09,1272,0,5,456,0
"HSD17B11",2020,2.06915121060223e-09,1172,0,5,995,0
"PCNP",2020,1.43819096031116e-09,1475,0,5,994,0
"MSRB2",2022,2.85037172780547e-09,1682,0,5,536,0
"PDHB",2022,4.69110662073546e-09,1059,0,5,155,0
"KLF10",2022.5,6.84291540772405e-09,1719,0,2,303.5,0
"PRR11",2023,2.91137938234959e-09,1618,0,3,386,0
"HOXB9",2025,1.78904684697885e-09,982,0,5,1331,0
"ZNF90",2025,4.44358383151929e-09,332,0,5,1340,0
"BRI3BP",2026,7.24677835233184e-09,1184,0,5,588,0
"SSR1",2026,4.18995989033529e-09,1109,0,5,970,0
"UGDH",2026,2.47220436174075e-09,1246,0,5,800,0
"MVD",2027,8.10336920369175e-09,1331,0,5,436,0
"SLC25A24",2027,2.4695491949306e-09,1489,0,5,598,0
"VDAC1",2028,2.42328847782923e-09,1083,0,5,197,0
"DNAJC10",2029,2.46716282676613e-09,1386,0,5,444,0
"TOMM5",2029,1.41012307420434e-09,1746,0,5,656,0
"TMC4",2030,2.46411769465209e-09,1367,0,5,875,0
"UHRF1",2030,2.86144194333082e-09,1502,0,3,902.5,0
"IARS2",2031,1.63016025163822e-09,1567,0,5,689,0
"ACTG1",2032,4.30954588303772e-09,1300,0,5,849,0
"ENY2",2032,3.13455114304058e-09,1590,0,5,701,0
"TSEN34",2033,2.84380640418286e-09,1295,0,5,817,0
"CAPZB",2034,3.62508382739845e-09,912,0,5,1415,0
"ZC3H15",2035,3.3235231107552e-09,1742,0,5,443,0
"HNF4A",2036,2.45582943925531e-09,1741,0,5,378,0
"EIF4E2",2037,4.38092987118306e-09,1135,0,5,465,0
"IL2RG",2038,2.65665811571855e-09,1633,0,5,357,0
"CTD-2090I13.1",2039,2.81652433110363e-09,823,0,3,721.5,0
"SMARCA4",2041,2.45109511122814e-09,701,0,5,1057,0
"MTCH2",2043,5.28729183702037e-09,1213,0,5,837,0
"L1TD1",2044,2.78934445096075e-09,1163,0,3,622,0
"CCDC64B",2045,2.78481060886541e-09,1373,0,3,423,0
"NDUFB4",2045,2.34458534008593e-09,1754,0,5,398,0
"SLC39A1",2045.5,6.09281010684686e-09,1868,0,2,177.5,0
"IFI6",2046,7.80731566422698e-09,963,0,5,1200,0
"CMPK1",2048,4.83770423860746e-09,1333,0,5,571,0
"SMIM12",2048,2.14781367992248e-09,1850,0,5,349,0
"SRRM2",2048,2.77637032298558e-09,1947,0,5,156,0
"RAB2A",2049,1.89970532075287e-09,1743,0,5,657,0
"CHP2",2050,2.4370944243332e-09,911,0,5,701,0
"COX7A2",2050,2.76556732835397e-09,1852,0,5,322,0
"MAT2B",2050,1.03746785440141e-08,1231,0,2,819,0
"MRPS18B",2051,3.43054288439750e-09,1962,0,5,120,0
"NDUFA1",2054,3.26620189877483e-09,1714,0,5,513,0
"PDXK",2054,4.35254925928375e-09,1773,0,5,248,0
"NSRP1",2054.5,7.36218037928608e-09,1827,0,2,227.5,0
"PAFAH1B2",2055,7.31517546961984e-09,1561,0,2,494,0
"TYROBP",2056,2.42739694233465e-09,1122,0,3,589.5,0
"CENPE",2058,2.73224877607665e-09,1440,0,3,451,0
"RRBP1",2058,4.01018713622391e-09,1893,0,5,176,0
"MORF4L2",2059,3.26928206617331e-09,1254,0,5,669,0
"PLXNB2",2059,2.42213612509941e-09,1586,0,5,445,0
"FAR1",2059.5,6.89658178525547e-09,1608,0,2,451.5,0
"C11orf73",2060,2.57993433776379e-09,1472,0,3,312,0
"MAP4",2060,5.94513835148019e-09,1977,0,2,83,0
"ARMC10",2062,1.90247163663451e-09,1506,0,5,610,0
"CCNB2",2062,1.99942680854104e-09,1504,0,5,618,0
"UBQLN1",2064,6.21339787880232e-09,1754,0,2,310,0
"MRPS9",2065.5,6.20250211657943e-09,2029,0,2,36.5,0
"ABHD2",2066,2.41434678218066e-09,1413,0,5,720,0
"POLR2K",2066,2.48818610810105e-09,1752,0,5,523,0
"C1QB",2068,2.67769339177077e-09,1170,0,3,674.5,0
"TIPIN",2068,3.42800273143536e-09,725,0,5,722,0
"DPY30",2069,2.20498726517866e-09,1242,0,5,291,0
"GOT2",2069,2.67140718060305e-09,1732,0,5,678,0
"TIMM10",2071,2.41458345535688e-09,1087,0,5,821,0
"NSMCE1",2072,2.65794100992356e-09,1500,0,5,191,0
"PPARG",2075,2.65002471522418e-09,1921,0,3,196,0
"ATF6B",2076,6.08780586301411e-09,2038,0,2,38,0
"KIAA1522",2076,2.40505386862349e-09,1937,0,5,433,0
"KDELR1",2078,2.10322694551363e-09,1398,0,5,381,0
"PDZD11",2078,1.44006883887463e-09,1552,0,5,751,0
"KRTCAP2",2079,3.75232529763009e-09,674,0,5,1013,0
"NAA38",2079,2.79553107477877e-09,1374,0,5,298,0
"CPA3",2080,2.3989650292649e-09,1607,0,3,514,0
"BSG",2081,1.38383329535637e-09,1151,0,5,695,0
"MIR4435-1HG",2081,2.62755339591894e-09,1850,0,3,221.5,0
"VPS37B",2081,6.31148858043069e-09,1701,0,2,380,0
"ARF6",2083,2.39618235795708e-09,1336,0,5,773,0
"CSRP2",2084,2.60977852252543e-09,1389,0,3,483.5,0
"EIF4H",2084,1.2708332078517e-09,1560,0,5,660,0
"PCMT1",2084,4.49511773776769e-09,1120,0,5,170,0
"FGD5-AS1",2086,3.11932184148423e-09,1793,0,5,570,0
"RAB10",2086,2.39222494845038e-09,1260,0,5,788,0
"ZDHHC12",2086,2.22585701037727e-09,1950,0,5,108,0
"C14orf2",2092,1.31309404417439e-09,1522,0,3,486.5,0
"SPTAN1",2093,2.383535207443e-09,1900,0,5,874,0
"ARHGAP27",2094,6.06698935550363e-09,2003,0,2,91,0
"NUDT22",2094,2.02136270435252e-09,1823,0,5,243,0
"FBXO7",2094.5,6.64549173080158e-09,1889,0,2,205.5,0
"SLC50A1",2096,2.21122647111132e-09,1051,0,5,963,0
"ERGIC3",2097,1.99278837106211e-09,1394,0,5,523,0
"CBLC",2098,5.54207164048051e-09,1812,0,2,286,0
"SUB1",2099,1.97559844939005e-09,1813,0,5,696,0
"UBE2E3",2099,5.76945776472183e-09,1763,0,2,336,0
"PMPCA",2099.5,5.76210545770653e-09,2081,0,2,18.5,0
"LUC7L3",2100,1.22551212955181e-09,924,0,5,1091,0
"CISD2",2101,6.94543529014992e-09,1385,0,5,547,0
"TMEM106B",2102.5,5.498597259106e-09,1820,0,2,282.5,0
"COPG1",2103,2.45796483432791e-09,1391,0,5,394,0
"SNW1",2103.5,7.19594733769956e-09,1801,0,2,302.5,0
"NME3",2104,2.85481617930589e-09,1853,0,5,158,0
"PDLIM1",2105,4.3219835547514e-09,1516,0,5,340,0
"RBCK1",2106,1.19564655894952e-09,1521,0,5,668,0
"IFI16",2107.5,5.75162534370475e-09,2063,0,2,44.5,0
"SPG21",2109,1.17833241937119e-09,1975,0,5,496,0
"C10orf10",2110,2.36113160598612e-09,1292,0,3,507,0
"EMD",2110,2.5310135074225e-09,1809,0,5,644,0
"C12orf10",2113,5.62078529755885e-09,2087,0,2,26,0
"SEC62",2113,1.93557561642883e-09,1492,0,5,266,0
"GPI",2114,1.14914477308951e-09,1076,0,5,1060,0
"ATP1A1",2115,1.84020837260431e-09,1930,0,5,326,0
"CALM3",2116,3.86494493363024e-09,1672,0,5,116,0
"RAB5A",2116,9.51321107128452e-09,1596,0,2,520,0
"RABL6",2116,2.98502381808582e-09,1825,0,5,195,0
"RP11-835E18.5",2116,2.52124755917269e-09,1539,0,3,413,0
"PRELID1",2117,4.21996482002694e-09,1414,0,5,34,0
"VASP",2117,2.34854236810306e-09,1488,0,5,688,0
"A2M",2119,2.51699137896871e-09,536,0,3,936.5,0
"DDT",2119,2.79637068866842e-09,1874,0,5,284,0
"OST4",2120,1.08849507334874e-09,1755,0,5,620,0
"PAK2",2121.5,7.56971090294349e-09,1467,0,2,654.5,0
"PANK3",2122,2.33709762743647e-09,1578,0,5,544,0
"UBE2V2",2122,1.9798376416045e-09,1811,0,5,242,0
"LARP1",2123,1.07510185826217e-09,1191,0,5,1221,0
"PLCB4",2124,2.49695281473944e-09,1682,0,3,366,0
"TPSAB1",2124,2.33547565670506e-09,1587,0,3,397.5,0
"MMP15",2125,2.33535191974201e-09,1480,0,5,781,0
"C1QA",2126,2.3442554569713e-09,2120,0,3,175.5,0
"ICA1",2126,7.46435608331937e-09,1480,0,2,646,0
"NR2F6",2128,3.49858573905416e-09,1958,0,5,243,0
"POLDIP2",2128,2.47880814638879e-09,1534,0,5,78,0
"COX5B",2129,2.45006379586819e-09,1722,0,5,119,0
"ZNF622",2129,1.85503829783006e-09,1134,0,5,347,0
"EXOSC7",2130,2.0019337772231e-09,1285,0,5,478,0
"CKLF",2132,3.9367015318648e-09,1523,0,5,191,0
"CLN3",2132,2.45479770258856e-09,2037,0,5,268,0
"DDRGK1",2133,2.35081605222869e-09,1863,0,5,209,0
"C8orf82",2135,5.52574267854731e-09,1757,0,2,378,0
"ATP6V1E1",2138,2.31246914284224e-09,1531,0,5,653,0
"RP11-14N7.2",2139,2.44487075857942e-09,1275,0,3,577.5,0
"FCGBP",2140,2.40036355078153e-09,1717,0,5,104,0
"CYCS",2141,6.06454664553403e-10,1643,0,5,787,0
"ABHD14B",2146,2.52409472530413e-09,2114,0,5,153,0
"ERN2",2147,5.86286031869189e-09,565,0,5,1811,0
"PRPF38A",2147,5.67571863664329e-09,1733,0,2,414,0
"MEAF6",2155.5,4.64891996208032e-09,2082,0,2,73.5,0
"LRPAP1",2156,1.866116450395e-09,1168,0,5,336,0
"TUBA1A",2157,2.28499539659109e-09,1998,0,3,170.5,0
"VPS28",2157,3.87345338537872e-09,1349,0,5,187,0
"IST1",2158,2.28443714824758e-09,1134,0,5,404,0
"MYH9",2159,3.74028313599161e-09,1170,0,5,349,0
"PLAU",2159,2.39094738171705e-09,1968,0,3,498,0
"ADIRF",2160,2.42000809221384e-09,1937,0,5,647,0
"PRELID2",2160,2.390350801314e-09,1113,0,5,1135,0
"NCF4",2161,2.39007190620961e-09,1233,0,3,656.5,0
"DNAJC3",2162,2.27241406213861e-09,1728,0,5,908,0
"COPB2",2164,2.18320547011736e-09,1732,0,5,428,0
"SMAP1",2164,2.2688399729926e-09,1347,0,5,671,0
"NCOA4",2166,6.22349441341232e-09,1613,0,2,553,0
"PGRMC1",2169,1.57614914751842e-09,1942,0,5,538,0
"DESI1",2169.5,4.7975351195177e-09,2153,0,2,16.5,0
"HTATIP2",2170,2.25808520870609e-09,1551,0,5,752,0
"SRSF4",2170.5,4.40269699156237e-09,2042,0,2,128.5,0
"EIF4A3",2171,2.30527710672217e-09,819,0,5,463,0
"UBA1",2171,1.97920173122464e-09,1725,0,5,724,0
"PCSK7",2174,2.24608966704327e-09,2030,0,5,137,0
"METTL9",2175,3.64232065313154e-09,1173,0,5,357,0
"FAM84A",2177,3.03699725669958e-09,1814,0,5,330,0
"PSMD1",2178,4.17058958163706e-09,933,0,5,1174,0
"ALDH9A1",2179,8.17328124223103e-09,1678,0,2,501,0
"CTSB",2180,5.4615562220091e-09,754,0,5,1221,0
"IGHV1-24",2183,2.2242233184696e-09,1472,0,3,508.5,0
"POLR2L",2186,2.29193494218211e-09,1692,0,5,399,0
"IFIT2",2188,2.30449139018795e-09,1459,0,3,657,0
"ACTR2",2190,2.20645714930379e-09,1425,0,5,605,0
"GPR85",2191,2.20601060676879e-09,1868,0,3,267.5,0
"PPP1R35",2191,2.28094718068647e-09,1923,0,5,744,0
"ARHGDIA",2193,4.29241058699302e-09,1133,0,5,1002,0
"CDKN2A",2195,2.18933402532966e-09,1136,0,3,596.5,0
"ZC3H11A",2195,4.28951051249564e-09,2169,0,2,26,0
"NDUFB1",2196,2.09834872389394e-09,1224,0,5,492,0
"ATP2B1",2198,3.43864102046987e-09,1629,0,5,307,0
"GNG5",2198,1.52924656426972e-09,1844,0,5,571,0
"RHEB",2198,3.44807372484515e-09,1343,0,5,249,0
"RAB4A",2199,1.91803114976729e-09,1888,0,5,408,0
"C2orf82",2200,1.84949229925467e-09,2058,0,3,127.5,0
"PQBP1",2200,3.44290627262755e-09,1507,0,5,266,0
"SAR1B",2200,2.17537183253123e-09,1700,0,5,275,0
"CCDC6",2200.5,4.19579205392062e-09,2123,0,2,77.5,0
"ATP2A2",2201,2.17442466131798e-09,1964,0,5,233,0
"MPDU1",2202,1.85495546220126e-09,1150,0,5,235,0
"TLE1",2203,2.66614836783107e-09,1430,0,5,323,0
"TMED7",2204,2.17303107806751e-09,1713,0,5,469,0
"UQCRC2",2204,2.25322558062015e-09,1443,0,5,913,0
"RAB27A",2205,2.16579789608245e-09,1907,0,3,223.5,0
"SERPINE2",2205,2.24148615915731e-09,1475,0,3,688,0
"SLC3A2",2205,2.85172022665667e-09,1347,0,5,687,0
"ATP2A3",2207,2.16044009839742e-09,1585,0,5,311,0
"COX7B",2207,2.16221049139528e-09,1993,0,5,83,0
"USMG5",2207,1.78857213341118e-09,1063,0,3,651,0
"C8orf33",2208.5,7.08916959012754e-09,1765,0,2,443.5,0
"COX8A",2211,9.78775163899471e-10,1984,0,5,520,0
"EXOSC1",2211,6.23377717129063e-09,1877,0,2,334,0
"GSPT1",2211,2.5265654455068e-09,2068,0,5,168,0
"SCP2",2211,2.22496325066976e-09,1173,0,5,821,0
"CANT1",2212,2.15842859528553e-09,1173,0,5,909,0
"AKR1C2",2214,2.21397639263858e-09,2160,0,3,493,0
"RP11-277P12.20",2214,2.15055419138413e-09,1600,0,3,557.5,0
"BIRC6",2215,3.92843864039191e-09,2044,0,2,171,0
"PRKACB",2216,2.1482073837544e-09,1682,0,5,663,0
"GANAB",2217,2.20260061429628e-09,975,0,5,1161,0
"PRR15",2218,2.2014669129922e-09,1383,0,5,807,0
"TAF10",2218,2.14800504380739e-09,1585,0,5,1056,0
"ABRACL",2219,2.13437185512242e-09,1510,0,5,633,0
"RP1-3J17.3",2219,2.1992429256799e-09,861,0,3,743,0
"CDV3",2220,2.13279707122412e-09,1295,0,5,156,0
"PDCL3",2221,3.18571513686641e-09,1793,0,5,176,0
"NEDD4L",2222,2.19708121831338e-09,1750,0,3,301.5,0
"TGOLN2",2223,2.1246380774296e-09,1860,0,5,450,0
"ANXA5",2225,2.18319833889003e-09,1373,0,5,475,0
"CDKN1C",2226,2.11967256001673e-09,1630,0,3,573,0
"STAT6",2226.5,3.95923598872521e-09,2187,0,2,39.5,0
"MRPL33",2227,2.25232658569977e-09,2075,0,5,93,0
"UQCRQ",2227,1.30642006220716e-09,1367,0,5,381,0
"TIMM44",2227.5,3.95593635947162e-09,2203,0,2,24.5,0
"ABCD3",2228,3.90007965713718e-09,2145,0,2,83,0
"CX3CL1",2228,2.17197158220887e-09,1988,0,3,305,0
"RND3",2229,2.17173954897714e-09,2096,0,3,396.5,0
"CCL3",2231,2.16540873857896e-09,1858,0,3,285,0
"LIX1L",2232,2.16132323092503e-09,1429,0,3,482,0
"UBL5",2232,2.30105745665968e-09,1569,0,5,318,0
"CMBL",2233,2.1608259308269e-09,1143,0,5,1045,0
"UBE2D1",2233.5,3.85614053418289e-09,1990,0,2,243.5,0
"MYEOV",2234,1.22933619319354e-10,579,0,3,1081.5,0
"UBAC1",2234.5,3.91300662012006e-09,2212,0,2,22.5,0
"C21orf33",2235,1.41534812531764e-09,2041,0,3,196.5,0
"INO80C",2236.5,4.05356325771502e-09,2165,0,2,71.5,0
"RP1-193H18.2",2238,2.08671299565055e-09,1891,0,3,215.5,0
"C14orf1",2239,2.13970268979866e-09,1707,0,3,541,0
"RTN4",2240,2.13740771915403e-09,1382,0,5,843,0
"SEMA4G",2240,2.07807293363649e-09,1697,0,3,343,0
"SOD3",2241,4.35406203430944e-09,1230,0,5,767,0
"GALNT5",2242,2.12774517195384e-09,2187,0,3,153.5,0
"MTRNR2L13",2243,2.07316957591357e-09,1495,0,3,503,0
"RAB5B",2243,2.12258734242066e-09,1862,0,5,634,0
"GPAA1",2245,2.03303702378621e-09,2072,0,5,159,0
"MLLT4",2245,2.11957354572535e-09,1368,0,3,470,0
"PSMB9",2245,4.07939213726858e-10,1129,0,5,529,0
"SHISA5",2246,2.43758928911829e-09,1542,0,5,56,0
"POF1B",2246.5,4.35999456440412e-09,2104,0,2,142.5,0
"COX6B1",2248,2.06520086155806e-09,2118,0,5,330,0
"JUNB",2248,3.25313143027025e-09,1085,0,5,1043,0
"SLC39A3",2248,4.59235811496058e-09,2057,0,2,191,0
"SMS",2248,2.65376462979725e-09,1933,0,5,282,0
"CDK16",2249,6.99482789259548e-09,1512,0,2,737,0
"SULT2B1",2249,2.06274544438311e-09,2179,0,3,239,0
"HLA-DRB5",2250,2.34556221181591e-10,517,0,5,1177,0
"TBRG4",2250,5.16366611254089e-09,1971,0,2,279,0
"BLOC1S1",2251,1.69707478644922e-09,1505,0,5,483,0
"LIMK2",2251,3.08383292646802e-09,1800,0,5,811,0
"DRG1",2252.5,3.67210335343531e-09,2238,0,2,14.5,0
"MTRNR2L3",2253,2.38894075147692e-09,1237,0,5,996,0
"TFF3",2253,2.37525495199088e-09,1654,0,5,740,0
"NNMT",2255,2.04772563978058e-09,1226,0,3,665,0
"BECN1",2255.5,3.52673671080509e-09,2041,0,2,214.5,0
"RP11-302B13.5",2256,2.04679656864812e-09,1571,0,3,499.5,0
"MTRNR2L8",2257,2.08044939070929e-09,1560,0,3,367,0
"ADAMDEC1",2258,2.0717216068853e-09,1012,0,3,662,0
"SLC7A1",2259,5.14147671857692e-09,1970,0,2,289,0
"RAP1A",2260,2.06340030772414e-09,2095,0,5,763,0
"SUMO1",2261,1.6254867855198e-09,1890,0,5,762,0
"BCAP29",2262,3.17972293982618e-09,958,0,5,1254,0
"FIBP",2262,2.25256456012992e-09,1786,0,5,241,0
"TMC6",2262,2.02719529685962e-09,1838,0,5,452,0
"TNIP1",2264,2.55253561279498e-09,1691,0,5,514,0
"UBXN6",2264.5,3.50868842245294e-09,2244,0,2,20.5,0
"DYNC1I2",2265,2.05459516708023e-09,1506,0,5,971,0
"HEBP2",2265,2.02005018367356e-09,1618,0,5,425,0
"USO1",2265.5,3.49784225819088e-09,2005,0,2,260.5,0
"RP11-345J4.5",2266,2.00725155046794e-09,1794,0,3,547,0
"DNAJC8",2267,2.05143393428017e-09,1744,0,5,225,0
"FAM177A1",2268,2.60673445862479e-09,1403,0,5,570,0
"NDUFS4",2268,2.00011524340933e-09,1659,0,5,564,0
"CLDN3",2270,2.59084023872907e-09,1797,0,5,113,0
"PDK4",2270,1.99109826537871e-09,1852,0,3,331,0
"CTSA",2271,2.03183214619529e-09,1700,0,5,326,0
"ACADVL",2272,1.97657962181041e-09,1154,0,5,519,0
"EFNA1",2272,2.02791279213166e-09,926,0,5,347,0
"CCND1",2273,1.32022061666459e-09,1183,0,5,449,0
"BID",2274,2.02128000478939e-09,2226,0,5,248,0
"TMEM98",2274,1.80992629944195e-09,1813,0,5,340,0
"ARHGAP32",2275,3.66727573353677e-09,2191,0,2,84,0
"SFT2D1",2275,1.97535669887754e-09,1411,0,5,527,0
"ACSS2",2276,1.96922864298019e-09,1906,0,5,551,0
"THOP1",2276,1.99061245736489e-09,1677,0,5,641,0
"FAM46A",2278,2.01231059231347e-09,1671,0,3,563.5,0
"CD2BP2",2279,4.44822412192761e-09,2064,0,2,215,0
"SEC23B",2280.5,6.56426647918409e-09,1787,0,2,493.5,0
"MYO1B",2282,1.96453204764573e-09,1739,0,5,419,0
"UBE2L6",2282,1.69464376301071e-09,1298,0,5,887,0
"LAPTM4A",2283,1.84929189242854e-09,1630,0,5,485,0
"GNE",2284,1.97994531011604e-10,1470,0,3,618.5,0
"MZT1",2284,1.76534016034393e-09,1888,0,3,284,0
"CAPN1",2285,1.99827322771544e-09,1723,0,5,499,0
"GALNT7",2286,2.15137325716141e-09,1602,0,5,632,0
"ENPP2",2287,1.98974686251153e-09,1930,0,3,321,0
"ATG12",2287.5,3.47934387953885e-09,1970,0,2,317.5,0
"PARL",2288,3.5820157074056e-09,2194,0,2,94,0
"RPP25L",2288,2.95929265885349e-09,1944,0,5,691,0
"HYOU1",2289,1.72149566631739e-09,1902,0,5,606,0
"C12orf36",2290,1.98614562076486e-09,1399,0,3,705,0
"SNX6",2290,1.93737563376267e-09,1524,0,5,237,0
"ATP6V0E1",2291,1.47538088017401e-09,2000,0,5,335,0
"PRPF6",2291,3.24774124738377e-09,2083,0,2,208,0
"LPP",2292,3.39092577783397e-09,1573,0,5,432,0
"GABARAPL2",2294,1.92530548118377e-09,1701,0,5,327,0
"CDKN2B-AS1",2296,2.15975777972246e-10,565,0,3,1069,0
"DPP3",2296,3.36821551102752e-09,2234,0,2,62,0
"BACE2",2299,2.27356005711285e-09,1415,0,5,794,0
"MAP2K3",2300,5.11100403624958e-09,1944,0,2,356,0
"RAB7A",2300,1.95848899624286e-09,1724,0,5,431,0
"CTGF",2303,1.87487907781458e-09,2297,0,3,114,0
"PET100",2303,1.82643294298993e-09,1401,0,5,184,0
"PLEKHB1",2303,1.94185540625909e-09,1421,0,3,582.5,0
"GOLPH3",2304,3.17885070599786e-09,1120,0,5,661,0
"COX6C",2305,1.15190896894092e-09,2117,0,5,219,0
"QPCT",2305,1.94001749938635e-09,1609,0,3,353.5,0
"ATXN10",2306,2.34419925821899e-09,1760,0,5,433,0
"CMTM6",2306,2.77945476016706e-09,1319,0,5,921,0
"ANKRD37",2309,1.9313462556797e-09,2141,0,3,137.5,0
"C12orf75",2309,1.80335927534877e-09,1136,0,5,62,0
"TMEM256",2313,1.91811633792108e-09,1265,0,5,538,0
"C15orf61",2314.5,2.93690354143891e-09,2254,0,2,60.5,0
"BST2",2317,1.83507776349436e-09,2266,0,3,85,0
"C2",2317,1.15690019062511e-10,1150,0,3,799,0
"CLINT1",2317,1.91413526304174e-09,1499,0,5,706,0
"CKAP4",2318,1.91332338601607e-09,1593,0,5,720,0
"PTBP3",2318,1.83235283137314e-09,806,0,5,1223,0
"ELF3",2319,1.91261431448513e-09,1727,0,5,509,0
"NTRK2",2320,1.90737235666709e-09,910,0,5,1268,0
"RNF186",2320,1.58162374430316e-09,1777,0,5,435,0
"APCDD1",2322,1.80677294540976e-09,1580,0,3,466,0
"FAM3C",2322,2.75873937309168e-09,1565,0,5,740,0
"PLEKHB2",2322,2.21395157702339e-09,1452,0,5,929,0
"FBXO25",2325.5,3.88561535174092e-09,1854,0,2,471.5,0
"PSME3",2327,4.41611635506255e-09,2016,0,2,311,0
"ALDH2",2328,1.77309813333846e-09,1428,0,5,477,0
"GSTK1",2328,1.52772916653391e-09,2089,0,5,108,0
"LDLR",2328,1.78523397518797e-09,619,0,5,940,0
"ABT1",2329,7.34572662311246e-09,1726,0,2,603,0
"C9orf89",2329,1.8614087666506e-09,2199,0,3,90,0
"H1F0",2329,2.17030866379197e-09,1935,0,5,340,0
"JAGN1",2330,2.16657835906465e-09,1802,0,5,382,0
"RN7SL368P",2331,1.85888027899092e-09,1409,0,3,694,0
"CDK10",2332,2.79267067877154e-09,2224,0,2,108,0
"IGFBP2",2332,2.15872168464227e-09,1251,0,5,386,0
"LINC00969",2333,1.85322722360064e-09,2312,0,3,102.5,0
"NDUFA3",2333,1.09942244325401e-09,1521,0,5,239,0
"HAGH",2334,2.83151059967494e-09,2178,0,2,156,0
"TBCB",2334,2.08938815530433e-09,1421,0,5,221,0
"NSMCE4A",2336,1.55516394580001e-09,1724,0,5,688,0
"ARF3",2337,8.66092050913475e-11,1772,0,5,708,0
"NPDC1",2337,1.75761050588763e-09,1754,0,5,280,0
"C8orf4",2338,1.84290005346297e-09,1586,0,3,614.5,0
"GALNT1",2341,1.73703478226252e-09,2076,0,5,79,0
"MTRNR2L10",2341,1.83315870912318e-09,1574,0,3,410,0
"TPM3",2341,1.41987571754969e-09,2163,0,5,236,0
"STK25",2342,2.8919151712837e-09,2075,0,2,267,0
"HGD",2344,1.53298681579439e-10,2011,0,3,359.5,0
"MTRNR2L11",2344,1.79747048703019e-09,2324,0,3,81.5,0
"BTN3A2",2345,1.72557426167311e-09,2292,0,3,73,0
"CLDN2",2346,7.01466210414782e-11,813,0,3,995,0
"TFG",2346,1.82281757881402e-09,1665,0,5,648,0
"SHFM1",2347,1.00594415334691e-09,2142,0,3,201.5,0
"GABRP",2348,1.81746806304437e-09,880,0,3,781.5,0
"SMIM20",2348,1.37113703744035e-09,2101,0,5,165,0
"MIA",2350,1.80923223891092e-09,1806,0,3,395,0
"APLP2",2351,3.5664950401821e-10,1844,0,5,395,0
"DYNC1LI2",2351,1.80879577977392e-09,1422,0,5,199,0
"MRPL42",2351,1.38908512306466e-09,1983,0,5,445,0
"SERP1",2352,1.34891707954382e-09,1829,0,5,358,0
"UBE2J1",2352,1.84525584009189e-09,1767,0,5,108,0
"OTUB1",2355,1.75322797308318e-09,1830,0,5,860,0
"PRUNE2",2359,7.51605441877107e-11,2264,0,3,262.5,0
"LMO4",2360,1.79637103423899e-09,1210,0,5,617,0
"NCOR1",2361,2.33917081980333e-09,1749,0,5,670,0
"SBF2",2361,1.68301945149758e-09,2307,0,3,102,0
"TFRC",2361,1.79385664254441e-09,1777,0,5,364,0
"CIR1",2361.5,2.94674632837407e-09,2260,0,2,101.5,0
"PPCS",2362,2.03230338654244e-09,1570,0,5,589,0
"TWF1",2362,1.79178434815678e-09,2033,0,5,239,0
"CAND1",2363.5,2.67650166539953e-09,2340,0,2,23.5,0
"TRABD",2364.5,6.3289273486319e-09,1802,0,2,562.5,0
"AES",2365,2.00346613297911e-09,1624,0,5,947,0
"DDA1",2365,2.53274318776212e-09,2215,0,2,150,0
"ENOSF1",2365.5,2.57642206164298e-09,2190,0,2,175.5,0
"GNB1",2366,1.78100456066019e-09,2072,0,5,347,0
"DNAJA2",2367,2.65207199209823e-09,2147,0,2,220,0
"KIAA2013",2367,1.77516545020196e-09,1951,0,5,693,0
"CDC25B",2369,1.7736961009779e-09,2327,0,3,393.5,0
"COMMD3",2369,1.98765884656108e-09,2132,0,5,351,0
"MAPK13",2369,1.65530710042927e-09,1834,0,5,333,0
"ATP6V1G1",2370,1.04004700356327e-10,1934,0,5,673,0
"CEBPD",2370,1.76991843206843e-09,1630,0,5,250,0
"H3F3B",2372,7.07782576604242e-10,1610,0,5,385,0
"MARCKS",2372,1.72230125621872e-09,1858,0,5,50,0
"DDIT4",2373,1.76541407983964e-09,1808,0,5,593,0
"DHCR24",2373,1.24917236098294e-09,2054,0,5,736,0
"STAG2",2373,1.64678785685045e-09,2249,0,5,50,0
"AKAP9",2374,1.76393407615329e-09,1094,0,5,223,0
"GSTO2",2374,1.64621199618648e-09,2050,0,5,401,0
"TSPAN13",2374,2.12080097016117e-09,1773,0,5,528,0
"NARF",2374.5,2.645121588894e-09,2328,0,2,46.5,0
"RAB5C",2375,1.63760640691571e-09,1078,0,5,791,0
"GALK1",2376,1.76239256680191e-09,2288,0,3,406.5,0
"MOB1A",2377,1.9266145252535e-09,1774,0,5,66,0
"SOD1",2377,1.63943860052648e-09,2137,0,5,167,0
"PREP",2378,2.3355410899365e-09,2271,0,2,107,0
"ALKBH7",2380,1.10939604402398e-09,1796,0,5,497,0
"NPC2",2380,1.85128309723248e-09,1835,0,5,96,0
"TM9SF3",2381,1.89665472642053e-09,2027,0,5,301,0
"TMEM173",2381,1.77253802030901e-09,1680,0,5,526,0
"MKRN1",2382,1.36328209183444e-09,2181,0,5,99,0
"PSENEN",2383,3.03764597488204e-09,1542,0,5,454,0
"RP6-109B7.3",2383,1.70211455279223e-09,2355,0,3,29,0
"RP11-295G20.2",2384,1.7502230438964e-09,1995,0,3,304,0
"DMBT1",2385,1.878925479601e-09,2145,0,5,205,0
"CDC45",2388,1.59429504754066e-09,1578,0,3,682,0
"TMEM134",2388,1.55953505610096e-09,1871,0,5,344,0
"PNP",2389,2.00569042747881e-09,1269,0,5,190,0
"LPGAT1",2391.5,3.98906547740264e-09,2055,0,2,336.5,0
"PSMB10",2392,1.72201365447397e-09,1892,0,5,611,0
"DAZAP2",2394,1.72066886571032e-09,1788,0,5,81,0
"PHF19",2396,1.71488873669751e-09,1151,0,3,952,0
"SERINC3",2398,1.55374898420549e-09,1535,0,5,533,0
"CCNDBP1",2399,1.69896115104878e-09,2043,0,5,298,0
"SLTM",2400,1.70593109482717e-09,1303,0,5,708,0
"ASPM",2401,1.54178398149386e-09,1437,0,3,671,0
"CPT1A",2402,3.07573332613562e-10,1877,0,5,612,0
"PKIG",2404,1.12839810510115e-09,2397,0,3,59,0
"BASP1",2407,1.68836964224165e-09,1399,0,3,691,0
"LAMTOR2",2407,1.37933520029918e-09,1984,0,5,480,0
"PYCARD",2408,9.12348785713661e-11,1795,0,5,634,0
"ACOT13",2409,1.73976132288057e-09,1772,0,5,275,0
"LYZ",2411,1.50380134181889e-09,532,0,5,847,0
"TXNL1",2412,1.49740642079869e-09,1916,0,5,682,0
"IL1B",2413,1.66893602418322e-09,2012,0,3,678,0
"CPNE1",2413.5,3.76793034732574e-09,1856,0,2,557.5,0
"C18orf56",2415,1.56405759159695e-10,948,0,3,889.5,0
"TPX2",2415,1.47899740574866e-09,2183,0,3,325.5,0
"SNX17",2416,1.70953187711094e-09,1977,0,5,738,0
"SOX8",2416,1.66632503915952e-09,1832,0,3,425,0
"UQCR10",2417,6.36642743096412e-10,2097,0,5,546,0
"COA1",2418,1.69385115438373e-09,1840,0,5,436,0
"FUOM",2418,4.09533570166549e-11,1981,0,3,416.5,0
"NDUFB5",2418,1.3663618274565e-09,2032,0,5,815,0
"SUPT5H",2418,2.11423426002318e-09,2394,0,2,24,0
"HEXA",2418.5,2.14426489285109e-09,2407,0,2,11.5,0
"MT1F",2419,1.66462019143764e-09,2129,0,5,350,0
"PLBD1",2419,8.23627169818202e-10,1922,0,5,300,0
"TMED2",2420,1.1650783824459e-09,2128,0,5,174,0
"S100A4",2421,1.46118143551105e-09,2256,0,3,268.5,0
"RP11-81H14.2",2422,3.06599346820481e-11,2275,0,3,468,0
"CHMP3",2423,2.29597459579669e-10,2327,0,5,387,0
"SREK1IP1",2423,1.99822895180896e-09,2027,0,5,162,0
"DCAF11",2423.5,2.18046356029489e-09,2402,0,2,21.5,0
"GOLGB1",2424,1.327692905188e-09,522,0,5,856,0
"PSMA6",2424,1.63748197765199e-09,2232,0,3,186.5,0
"SDC2",2424,1.45262367469871e-09,2339,0,3,71,0
"ACBD3",2425,1.63614215425674e-09,1512,0,5,862,0
"SAP30",2425,1.45127250709214e-09,1469,0,3,704.5,0
"CASC4",2426,1.43021354634456e-09,1521,0,5,16,0
"RP5-940J5.9",2427,1.62574389738327e-09,2298,0,3,102.5,0
"SYAP1",2427,1.64278104060792e-09,1499,0,5,69,0
"TPD52",2427,1.43533248226818e-09,2094,0,5,371,0
"BAZ1A",2428,2.09704215419856e-09,2425,0,2,3,0
"GSS",2428,1.71410911050832e-09,1194,0,5,332,0
"HADH",2428,1.64243589866207e-09,1017,0,5,402,0
"TFCP2L1",2429.5,2.23631245275491e-09,2166,0,2,263.5,0
"SERTAD1",2432,1.61075588615248e-09,2265,0,5,365,0
"KIF5B",2433,1.60548787321735e-09,2124,0,5,203,0
"RHOA",2433,1.30691251169867e-09,1725,0,5,733,0
"AQP3",2434,5.28371616263227e-11,1870,0,3,456,0
"ITPR3",2437.5,1.93552542408322e-09,2368,0,2,69.5,0
"SI",2438,1.56959049344077e-09,2269,0,5,217,0
"CAT",2439,9.56739033336933e-11,1869,0,5,512,0
"MMP7",2439,1.58710525688688e-09,1341,0,5,779,0
"TMUB1",2440,2.33961873437637e-09,2092,0,2,348,0
"DHCR7",2441,1.38222812046621e-09,1912,0,3,643.5,0
"STX4",2441,2.08018395852949e-09,2412,0,2,29,0
"NACA2",2442,1.554913600238e-09,779,0,5,850,0
"PTGDS",2442,1.25159585515003e-09,2430,0,3,37.5,0
"PCBP1",2446,1.36822545319505e-09,2352,0,5,118,0
"RNPEP",2446,2.24462174961043e-09,1678,0,5,580,0
"ACSM3",2447,5.9662505053464e-11,2420,0,3,201.5,0
"ATOX1",2447,1.9285702328802e-09,2181,0,5,122,0
"ORMDL1",2447,3.13863776571239e-09,2154,0,2,293,0
"DHRS4",2448,1.36235893041663e-09,2102,0,3,443.5,0
"SATB2",2448,1.56750278435219e-09,1579,0,5,543,0
"TRBC2",2448,1.52896339927655e-09,2149,0,3,153.5,0
"CD99",2449,1.97251005948377e-09,2295,0,5,156,0
"PGAM1",2449,2.32434530687579e-10,1741,0,5,586,0
"RNF7",2450,7.9312462184481e-11,1992,0,5,444,0
"GPR56",2451,1.34300693197664e-09,1790,0,3,498,0
"UBBP4",2453,1.54382404002098e-09,2338,0,3,151,0
"DDAH2",2454,1.73084844195459e-09,1798,0,5,70,0
"PSMD12",2455.5,2.05703678104973e-09,2193,0,2,262.5,0
"PTPRK",2456,2.34720263848784e-09,2292,0,2,164,0
"COX14",2457,9.82492612747571e-10,2133,0,5,247,0
"FMOD",2458,6.83318063065807e-11,770,0,3,1018.5,0
"TMEM219",2459,1.49180786211515e-09,1766,0,5,472,0
"ALOX5",2461,1.47725301888178e-09,1918,0,3,620,0
"KCNQ1OT1",2461,3.73326829691306e-11,2456,0,3,228,0
"HSPA1A",2462,1.31280304618285e-09,1642,0,5,820,0
"SDF4",2462,1.47029024166346e-09,1901,0,5,694,0
"SEPT9",2462,3.42775141036684e-11,2105,0,5,542,0
"GADD45B",2463,2.83148220252404e-11,1655,0,3,652.5,0
"LSM12",2463,2.28325392522694e-09,2302,0,2,161,0
"BROX",2463.5,1.9760132365249e-09,2202,0,2,261.5,0
"CCL15",2464,1.66564655069945e-09,2346,0,5,428,0
"UBE2J2",2465,4.0252095020056e-09,2032,0,2,433,0
"TJP2",2467,2.57909728493786e-11,2019,0,5,531,0
"CCL11",2468,1.44927806987019e-09,1159,0,3,949.5,0
"DNAJC15",2468,8.06632644537727e-11,1771,0,5,918,0
"ZRANB2",2468.5,1.66953342373809e-09,2338,0,2,130.5,0
"CRABP2",2469,2.55410144082202e-11,2134,0,3,482,0
"MAP1LC3A",2469,1.29895745101088e-09,877,0,5,1365,0
"NDUFS1",2469,1.70428645991046e-09,2366,0,2,103,0
"UQCR11",2469,1.53143276545326e-09,1468,0,5,509,0
"RAB14",2470,1.44593381714775e-09,1965,0,5,651,0
"SYF2",2470,1.28994638528614e-09,1840,0,5,548,0
"UHMK1",2471.5,2.45157012989874e-09,2047,0,2,424.5,0
"MTUS1",2472,1.4207695691738e-09,1647,0,5,614,0
"TNFRSF14",2472,1.13464030767928e-09,1741,0,5,754,0
"ACTR10",2473,1.17402747887086e-09,1819,0,5,628,0
"GOLGA4",2473,1.2887779893015e-09,861,0,5,895,0
"RBP1",2475,1.41135230985886e-09,2257,0,3,369,0
"TPM1",2475,5.01293260920867e-10,2153,0,5,262,0
"C1orf21",2476,2.52220530689787e-11,1538,0,5,1279,0
"ERBB2",2476,1.30749185742277e-09,1361,0,5,113,0
"IL23A",2476,1.40610281415267e-09,1362,0,3,801.5,0
"ACN9",2477,1.40036033145577e-09,1582,0,3,703,0
"SGSM3",2477,1.39578328715568e-09,2024,0,5,687,0
"ARF5",2478,8.59013404974529e-11,1548,0,5,652,0
"ARPC4",2478,1.37678406077585e-09,1092,0,5,977,0
"AK8",2479,1.39314801333664e-09,2221,0,3,501.5,0
"NOX1",2479,1.58499634306666e-10,1892,0,5,515,0
"ANXA7",2480,1.22997693463762e-09,2335,0,5,44,0
"MAPK1",2482.5,1.6533449696427e-09,2441,0,2,41.5,0
"IGFBP5",2484,1.35963285137498e-09,2028,0,3,292,0
"C7orf55",2485,1.35888725136039e-09,1999,0,3,408.5,0
"VPS26A",2485,2.16656606851378e-09,2119,0,2,366,0
"PKMYT1",2486,1.35447614889232e-09,1363,0,3,837.5,0
"FAM111B",2487,1.34650345272999e-09,1249,0,3,916.5,0
"FAM213B",2487,1.62128937332909e-09,2447,0,2,40,0
"ANKRD42",2488,1.22460333775952e-09,2129,0,3,275,0
"HRAS",2488,1.63753575801407e-09,2454,0,2,34,0
"S100A8",2489,1.34298429026638e-09,1509,0,3,592,0
"FBP1",2490,1.34240364924934e-09,2098,0,5,91,0
"IGKV3-20",2492,2.34438307235114e-11,2301,0,3,318,0
"TM2D1",2492.5,1.60471581244344e-09,2460,0,2,32.5,0
"DYNLRB1",2493,1.80118998648074e-10,2303,0,5,394,0
"PFKL",2493,1.24042350163069e-09,1838,0,5,509,0
"LONP2",2493.5,1.56626631329903e-09,2291,0,2,202.5,0
"C2orf54",2494,1.3178211722114e-09,1928,0,3,422.5,0
"SRSF5",2494,1.21011522389106e-09,983,0,5,1236,0
"STT3A",2494.5,1.55610244643248e-09,2345,0,2,149.5,0
"ABLIM1",2496,2.40869838039864e-11,2014,0,5,454,0
"CD7",2496,1.30795644876106e-09,2385,0,3,266.5,0
"SREK1",2496,3.82541422334833e-09,2056,0,2,440,0
"TSPAN6",2498,9.35396897767579e-10,1762,0,5,332,0
"RPA2",2499,1.29919215333786e-09,1721,0,3,631,0
"WASF2",2499,1.19574814972709e-09,1965,0,5,539,0
"DAP3",2500,1.19486711906058e-09,2034,0,5,420,0
"PDCD4",2500,1.29450358707915e-09,1643,0,5,601,0
"SNX2",2500,1.57578108809551e-09,2258,0,2,242,0
"MTPN",2501,1.35052376290624e-09,2344,0,5,212,0
"PROX1",2501,1.28626781627815e-09,2075,0,3,286.5,0
"ADI1",2502,1.27846635106206e-09,2048,0,5,202,0
"DDR1",2502,3.00102197279384e-11,1583,0,5,465,0
"RP11-283G6.4",2503,1.26305834372761e-09,2296,0,3,550,0
"MFSD2B",2504,6.82596035630309e-11,2334,0,3,237.5,0
"NDUFC1",2504,1.25377954775473e-09,2318,0,5,46,0
"RSRC2",2504,1.16558470333899e-09,1407,0,5,829,0
"TCF12",2505,3.87556722973224e-11,1676,0,3,615.5,0
"AKT1",2507,2.12539076228189e-09,2301,0,2,206,0
"CELF1",2507,1.23347420631576e-09,782,0,5,1844,0
"FAAH",2507,1.69500990541624e-09,2426,0,2,81,0
"MXD3",2507,3.97271390610185e-11,2350,0,3,276.5,0
"GALNT3",2508,3.613465111011e-11,2018,0,5,728,0
"TRA2A",2508,1.15869986895979e-09,1481,0,5,764,0
"CDS1",2508.5,1.57177543566136e-09,2508,0,2,0.5,0
"LLGL2",2509,8.16846680703417e-11,1863,0,5,487,0
"PPP2R5C",2509,1.15351398200614e-09,1169,0,5,948,0
"SLC38A1",2510,2.72284217190546e-11,2319,0,5,463,0
"SKP1",2511,8.88629301512282e-10,1660,0,5,647,0
"HS3ST1",2512,1.20663732620129e-09,2250,0,3,493.5,0
"GPM6A",2515,2.18693607818125e-11,2488,0,3,208.5,0
"CCS",2515.5,1.57665308188892e-09,2478,0,2,37.5,0
"EMP2",2517,1.17377906695072e-09,2080,0,5,688,0
"GMFB",2517,1.53197375266356e-09,2368,0,5,399,0
"MANBAL",2517,1.46109892612582e-09,2287,0,2,230,0
"TMEM11",2517,1.12288063044303e-09,1592,0,5,416,0
"SIAE",2518.5,1.57522747798976e-09,2466,0,2,52.5,0
"CLUH",2519,1.1597696573093e-09,1292,0,5,1133,0
"LRRFIP2",2520,1.51440091174435e-10,2379,0,5,358,0
"TMEM30B",2521,1.41467117680212e-09,2304,0,2,217,0
"GUSB",2523.5,1.68456164435366e-09,2408,0,2,115.5,0
"MT1M",2524,1.07523057178129e-09,1874,0,5,547,0
"ARRDC1",2525,1.14254280764475e-09,2404,0,5,269,0
"SGOL2",2526,4.30286599046153e-11,2370,0,3,257.5,0
"G3BP2",2528,1.06471694865018e-09,1699,0,5,829,0
"TSG101",2529,1.13435034503179e-09,2112,0,5,460,0
"GSTM3",2530,7.13160258744947e-11,1112,0,3,843.5,0
"ICT1",2531,1.1313640847887e-09,2300,0,3,324,0
"STRAP",2531,1.14865949756584e-09,2413,0,5,173,0
"BCAS2",2532,1.13833668848735e-09,2021,0,5,312,0
"HNMT",2532,1.05590569782187e-09,2170,0,5,322,0
"PRKAR1A",2532,3.13403679591558e-10,1543,0,5,422,0
"DPEP1",2533,1.05541564093612e-09,2445,0,3,439.5,0
"MT2A",2533,1.13485764431378e-09,2302,0,5,319,0
"APH1A",2534,1.33361509450574e-09,2049,0,5,63,0
"HES4",2534,1.05056412783996e-09,1974,0,5,786,0
"NUDT16L1",2534,1.09943076279797e-09,1887,0,5,812,0
"SEPT11",2535,1.09125507589479e-09,1617,0,5,371,0
"MAGT1",2536,1.34310466117968e-09,2492,0,2,44,0
"NEURL1B",2536,4.05595207814225e-11,1706,0,3,596,0
"MECOM",2537,6.99703281253988e-10,1044,0,5,872,0
"OAT",2537,1.04577442516735e-09,1693,0,5,787,0
"SPIB",2537,1.08969533633402e-09,1960,0,5,778,0
"UROS",2538.5,1.30904971870223e-09,2437,0,2,101.5,0
"MGMT",2539,1.07334984919341e-09,1549,0,5,510,0
"TRAF7",2540.5,1.25870458011898e-09,2401,0,2,139.5,0
"CAPRIN1",2541,1.06336999474575e-09,730,0,5,558,0
"HEXIM1",2541.5,1.62205125631225e-09,2225,0,2,316.5,0
"USP14",2542,1.33505103673074e-09,2530,0,2,12,0
"CHI3L1",2544,2.00988313379384e-11,2098,0,3,586,0
"DEPDC1",2544,4.4547606358885e-11,2529,0,3,171,0
"NAE1",2544,1.08441717193587e-09,1739,0,5,201,0
"FAM32A",2545.5,1.35825421247468e-09,2510,0,2,35.5,0
"NAA50",2547,1.04282526873727e-09,2004,0,5,475,0
"ST6GALNAC1",2547,5.55220662194709e-10,1872,0,5,156,0
"TMEM165",2547,1.00193340348633e-09,2103,0,5,269,0
"PTTG1",2548,1.00108314261816e-09,1490,0,5,920,0
"PTAFR",2549,1.04158996775884e-09,2233,0,3,479.5,0
"TACC3",2549,9.97306054358772e-10,2064,0,3,528,0
"APMAP",2550,3.21433953772806e-09,2125,0,2,425,0
"SF3B1",2550,9.96647176784519e-10,1308,0,5,1302,0
"C7orf73",2552,1.03819773616611e-09,2121,0,3,235,0
"CEACAM3",2552,1.97354678477744e-11,2246,0,3,465.5,0
"SPCS3",2552,1.02603761204119e-09,1156,0,5,947,0
"CA7",2553,1.52993639219367e-09,1495,0,5,754,0
"SNRNP200",2553,1.03401980154068e-09,1192,0,5,1030,0
"CRK",2554,6.26616369217939e-11,1667,0,5,981,0
"SCD",2554,1.01983230596802e-09,2262,0,5,18,0
"CS",2555,1.01299666613155e-09,1580,0,5,91,0
"DDX24",2555,9.73800602255978e-10,2091,0,5,771,0
"LGALS9",2555,1.48208547353958e-09,1924,0,5,382,0
"ARF1",2557,1.15018162142123e-09,2162,0,5,160,0
"TTK",2557,1.92926807055003e-11,1663,0,3,699.5,0
"ENDOG",2559,9.77009048083178e-10,1464,0,5,1246,0
"EMC10",2560,9.48301785255329e-10,1879,0,5,613,0
"FOXA2",2560,9.73790238902314e-10,978,0,3,937,0
"LINC00657",2561,5.91781440230185e-11,2020,0,3,402.5,0
"FUCA2",2562,9.64612787192983e-10,2201,0,5,209,0
"FUNDC2",2562,1.3093103125661e-09,2279,0,5,104,0
"PROM1",2562,6.85096320599192e-11,2444,0,3,180.5,0
"PSMD3",2562,9.8947144320687e-10,1810,0,5,464,0
"NSFL1C",2562.5,1.14685098946229e-09,2434,0,2,128.5,0
"CFTR",2563,2.58811622984942e-11,1377,0,5,718,0
"IER3IP1",2563,9.60438688239906e-10,2004,0,5,214,0
"MIR4458HG",2564,5.48656730788245e-11,2432,0,3,202,0
"KIF1C",2565,8.71553419510076e-10,2180,0,5,145,0
"TNFAIP8L1",2565,4.43143225528917e-11,2548,0,3,162,0
"C9orf78",2565.5,1.17140238403732e-09,2482,0,2,83.5,0
"EMC3",2566,9.39613234312747e-10,2192,0,5,200,0
"FUCA1",2567,6.90743822066259e-11,1316,0,5,1257,0
"FRG1",2568,1.86560224051165e-11,2546,0,3,474,0
"IDH3A",2570,1.19720775123277e-09,2077,0,5,452,0
"SYPL1",2570,9.3941667765655e-10,1900,0,5,66,0
"ZNF207",2570,9.09107702697302e-10,1153,0,5,1159,0
"CHCHD1",2571,1.24101755864474e-09,2095,0,5,463,0
"LINC00493",2574,8.97736516156281e-10,2056,0,3,368.5,0
"CDCA8",2575,8.95772180090007e-10,1779,0,3,521.5,0
"IRAK1",2575,9.04998818723145e-10,1541,0,5,947,0
"DDIT3",2576,1.82503305739451e-11,2347,0,3,374.5,0
"TCEAL8",2576,1.20921885457458e-09,2000,0,5,111,0
"TP53TG1",2576,8.95425285268614e-10,1968,0,5,241,0
"SCAF11",2578,8.92721706198178e-10,805,0,5,1282,0
"ASNA1",2579,8.72992054329854e-10,1503,0,5,218,0
"HSPB11",2579,9.20961518786919e-10,2487,0,5,312,0
"TCEA3",2579,8.73825647878152e-10,2118,0,5,82,0
"MAPK1IP1L",2579.5,1.07366624873215e-09,2474,0,2,105.5,0
"CC2D1A",2580,2.34073522943925e-09,2238,0,2,342,0
"STT3B",2580,8.84455413105284e-10,1859,0,5,463,0
"PABPN1",2581,8.80816385177668e-10,1132,0,5,289,0
"DHX15",2582,8.78012345303584e-10,830,0,5,1514,0
"NCKAP1",2582,1.18908953764023e-09,1426,0,5,310,0
"WDR13",2582.5,1.10645261683441e-09,2537,0,2,45.5,0
"LAP3",2583,2.3692349136494e-10,2243,0,5,355,0
"CTDNEP1",2584,8.64957603547201e-10,1945,0,5,112,0
"HNRNPH1",2585,8.62359704464189e-10,1000,0,5,1320,0
"PCGF5",2585,4.5586089200828e-11,2372,0,5,437,0
"ANAPC16",2586,8.42050975860579e-10,2105,0,5,251,0
"TACC1",2586,8.5953199014981e-10,1689,0,5,940,0
"ILK",2587,6.15523229118544e-11,2137,0,5,316,0
"FAM120AOS",2588,1.03798925716972e-09,2422,0,2,166,0
"GSDMD",2588,5.6738149953883e-11,1940,0,5,649,0
"DYNC1H1",2589,2.98417807332535e-11,796,0,5,1122,0
"TMEM167A",2590,8.4095362803243e-10,2156,0,5,647,0
"KIF11",2592,5.24552098974688e-11,2466,0,3,187.5,0
"TDG",2592,8.45316248895503e-10,1640,0,5,872,0
"CCNC",2592.5,1.0185188468325e-09,2453,0,2,139.5,0
"SPINK4",2593,1.92689317597871e-11,2391,0,5,413,0
"MRPS10",2594,9.49206235690328e-10,2103,0,5,187,0
"AKR7A2",2595,8.39708565347192e-10,2102,0,5,318,0
"INSIG1",2597,8.09248823138141e-10,1932,0,5,643,0
"PIF1",2597,1.74948022823441e-11,2193,0,3,574,0
"VIL1",2598,8.09095735367089e-10,1971,0,5,601,0
"NDUFA13",2599,8.18144455060456e-10,2026,0,5,394,0
"SNF8",2599,8.09646947647525e-10,1628,0,5,382,0
"PDXDC1",2600,2.80507793075844e-11,1375,0,5,940,0
"XPO1",2600,8.00253170524885e-10,1119,0,5,1185,0
"PSME1",2601,7.98458391840165e-10,1324,0,5,497,0
"ICAM3",2602,7.94169493301396e-10,2315,0,5,480,0
"CTSC",2603,7.90415108079172e-10,2070,0,5,1078,0
"MTRNR2L4",2604,1.94341606855818e-11,2358,0,3,282.5,0
"GJB1",2607,1.46795782220924e-10,2240,0,5,258,0
"ZMAT2",2607.5,9.41789674799758e-10,2436,0,2,171.5,0
"DLGAP5",2608,6.24258482187418e-11,2521,0,3,148.5,0
"LDHD",2608,7.21371550699766e-11,1902,0,3,447,0
"MRPL50",2608,7.57288364998295e-10,1453,0,5,1269,0
"SSU72",2608,1.16761775273877e-09,1675,0,5,703,0
"TMEM126B",2609,8.3136397847051e-10,2395,0,5,61,0
"USH1C",2609,7.46866407560282e-11,1912,0,5,642,0
"TSPYL1",2610,7.92017146570197e-10,1592,0,5,560,0
"B3GNT7",2611,7.90323414352199e-10,2251,0,5,397,0
"HMG20B",2612,7.86760838116187e-10,2120,0,5,453,0
"DNAJC1",2613,7.55300643707449e-10,2258,0,5,520,0
"ZDHHC3",2614,2.20899028616552e-11,2149,0,5,552,0
"E2F4",2615,1.008354644687e-09,2538,0,2,77,0
"MPZL1",2615,7.6758331685702e-10,1435,0,5,161,0
"CCAR1",2616,7.475339366299e-10,1644,0,5,1241,0
"CITED2",2616,8.09795323059387e-10,2451,0,5,57,0
"CASC5",2617,4.91451465741852e-11,2431,0,3,212,0
"IFIT1",2618,1.661816112895e-11,1993,0,3,660.5,0
"SNX7",2619,2.7890814104254e-10,2092,0,5,211,0
"MPG",2620,1.86877857930841e-11,2437,0,5,344,0
"ATP6V1F",2622,7.36335046065539e-10,2023,0,5,324,0
"PRKCSH",2622,7.28727712722516e-10,1981,0,5,858,0
"MAP3K11",2623.5,8.6479553408119e-10,2484,0,2,139.5,0
"FDX1",2624,2.48786693540073e-10,2009,0,5,658,0
"PTRHD1",2625,7.103030833981e-10,2289,0,5,230,0
"SMAGP",2625,2.18900760474591e-10,2097,0,5,166,0
"BABAM1",2627,7.02659161771132e-10,2426,0,5,546,0
"NUDT16",2627,2.76172628680238e-10,2475,0,5,209,0
"BAD",2628,1.25157488624249e-10,2453,0,5,236,0
"TSTD1",2629,6.93588081998758e-10,2138,0,5,174,0
"NDUFV2",2630,1.06991916978453e-09,1909,0,5,253,0
"TTC38",2630,1.05067250232388e-09,2354,0,2,276,0
"DEGS2",2631,7.04703657333418e-10,2015,0,5,717,0
"PRAC2",2631,4.88981029933371e-11,2497,0,3,179.5,0
"UBE2F",2631.5,8.3110253123182e-10,2601,0,2,30.5,0
"RRAGA",2632,8.63702434436575e-10,2443,0,2,189,0
"THOC2",2633,6.85670399422143e-10,1662,0,5,547,0
"DCTN3",2635,6.83258077586954e-10,1955,0,5,342,0
"DNM2",2636,2.50021235277964e-11,1959,0,5,689,0
"GLUD1",2636,6.64430881017364e-10,2126,0,5,506,0
"ADSS",2636.5,1.15418883758666e-09,2469,0,2,167.5,0
"RNF126",2638,6.6192445006038e-10,1541,0,5,1120,0
"AVPI1",2638.5,1.13965965794603e-09,2317,0,2,321.5,0
"IDO1",2639,7.76778505352252e-11,2393,0,3,172.5,0
"SNX3",2639,6.3189172571316e-10,2567,0,5,35,0
"TMEM126A",2640,6.22909759176942e-10,2008,0,5,259,0
"HEXB",2641,6.52317169409169e-10,2163,0,5,786,0
"ZNF664",2642,5.76447265942546e-10,1580,0,5,1289,0
"UBXN1",2643,6.3656316991272e-10,2620,0,5,27,0
"C6orf222",2644,5.83112418991457e-11,1457,0,3,657,0
"MRPS36",2644,5.80602491343094e-10,2367,0,5,117,0
"NFE2L2",2644,5.67457206496224e-10,2539,0,5,73,0
"ADAM15",2647,6.2425887670363e-10,2298,0,5,325,0
"DCAF7",2647,5.32050125484718e-10,1322,0,5,1574,0
"PAIP2",2647,1.52588917812167e-11,1843,0,5,984,0
"AP2M1",2648,5.89145204103941e-10,2490,0,5,136,0
"RPF1",2648,7.40689842698383e-10,2602,0,2,46,0
"PSMB8",2649,5.28831324597657e-10,2032,0,5,343,0
"CPNE3",2650,9.72942643109774e-10,1846,0,5,567,0
"SAMD1",2651,6.15658924658325e-10,2606,0,3,405,0
"AP3S1",2652,8.6789892883771e-11,2402,0,5,211,0
"GOLGA3",2653.5,9.1343652451745e-10,2539,0,2,114.5,0
"TRAF4",2653.5,7.49709306896093e-10,2631,0,2,22.5,0
"NOSIP",2655,4.94617113644958e-10,2235,0,5,148,0
"SLC37A1",2656,2.39654745487756e-10,2402,0,5,352,0
"PGM1",2658,1.02743685961192e-10,2533,0,5,256,0
"PKP2",2658,3.89199570850128e-11,1954,0,5,558,0
"TRAPPC3",2659,5.61505562530832e-10,2422,0,5,502,0
"MPZL2",2662,2.3393892093074e-11,1980,0,5,923,0
"DDAH1",2664,1.46203056750287e-11,1986,0,5,1083,0
"FAM83D",2665,4.33269900275858e-11,2579,0,3,150,0
"NCBP2",2666.5,7.99858687112577e-10,2578,0,2,88.5,0
"CKAP5",2667,5.4153987766966e-11,1673,0,3,582.5,0
"DERA",2668,1.19339186232444e-09,2446,0,2,222,0
"NEMF",2669,6.73378238058444e-10,2656,0,2,13,0
"HLA-DQA2",2670,1.87842891189898e-11,1409,0,3,813,0
"RABGGTB",2670,4.53543331600818e-10,1746,0,5,1039,0
"ILVBL",2671,6.09057676188389e-10,2629,0,5,76,0
"TNFRSF25",2671,2.06458831584177e-11,2288,0,3,312,0
"APOPT1",2671.5,6.90216064125562e-10,2519,0,2,152.5,0
"ALDH3A2",2673.5,7.55734734855207e-10,2471,0,2,202.5,0
"C9orf152",2676,5.28134863256935e-11,2036,0,5,374,0
"TSN",2677,6.57005006371387e-10,2652,0,2,25,0
"LYPLA1",2678,7.49854898055617e-10,1897,0,5,720,0
"VAMP2",2678,8.2810614802066e-10,2432,0,2,246,0
"DDX1",2679,4.26533000868733e-10,1759,0,5,233,0
"PRMT2",2681,7.20261279296933e-10,2483,0,2,198,0
"U2AF2",2681,6.72302512141757e-10,2636,0,2,45,0
"DENND2A",2683,1.74151626451703e-11,1771,0,5,760,0
"IMMT",2683,4.4631611767802e-10,2131,0,5,198,0
"SAMM50",2684,4.82257575701697e-10,2045,0,5,601,0
"TP53I11",2684,4.37920071883752e-10,2472,0,5,352,0
"MTIF3",2685,2.85665031717784e-10,2237,0,5,298,0
"ATP2C1",2685.5,8.45297078710423e-10,2543,0,2,142.5,0
"SURF1",2686,7.52540016302218e-11,2491,0,5,166,0
"AIMP1",2687,5.49520520920021e-10,2493,0,5,104,0
"DRAM2",2687,9.18407359080323e-10,2521,0,2,166,0
"GNLY",2687,1.37934990704804e-11,2467,0,3,318.5,0
"UNC50",2687,7.40564553331924e-10,2473,0,2,214,0
"HTATSF1",2688.5,1.3747777699707e-09,2410,0,2,278.5,0
"MED4",2690,9.40978994302308e-10,2383,0,2,307,0
"NIPA2",2690,9.5780966183009e-10,2378,0,2,312,0
"YIF1B",2690,1.39032267955048e-11,2555,0,3,219,0
"TAOK3",2691,4.50290381488016e-11,1650,0,5,518,0
"LETM1",2693,5.57198716137827e-10,2572,0,2,121,0
"RSBN1L",2693,3.88831016535717e-10,2337,0,5,677,0
"COPS5",2695,6.87730806340624e-10,2453,0,5,361,0
"PRPF8",2696,1.3422727347091e-11,2021,0,5,843,0
"LARP7",2697,4.34845089501839e-10,2616,0,5,316,0
"TUSC2",2697,1.34301795401842e-11,2214,0,5,634,0
"KEAP1",2699,1.33015877885774e-09,2419,0,2,280,0
"NEU4",2699,4.27651812822165e-11,2064,0,5,210,0
"DNPEP",2700,3.7369751892839e-10,2065,0,5,430,0
"EBAG9",2700.5,8.7751892887443e-10,2405,0,2,295.5,0
"HEPACAM2",2703,1.98716069650423e-11,1955,0,3,482.5,0
"PIGZ",2704,1.31825263230155e-11,2268,0,3,427,0
"BHLHE41",2706,1.31279398355402e-11,2125,0,3,549,0
"MRPS5",2706,4.57697038099383e-10,2503,0,5,157,0
"CHCHD7",2709,3.50052523068608e-10,1910,0,5,653,0
"TRAM1",2709,1.95175669096876e-11,2479,0,5,451,0
"ANAPC13",2709.5,4.85552697274175e-10,2702,0,2,7.5,0
"XPNPEP1",2709.5,5.59458659202001e-10,2551,0,2,158.5,0
"FLII",2711,8.61211698575317e-10,2530,0,2,181,0
"GOT1",2712,1.18860107478352e-10,2436,0,5,148,0
"GTF2A2",2712,6.10260439497799e-10,1977,0,5,240,0
"DHRS3",2713,3.11606526364458e-11,1575,0,5,645,0
"CDK5RAP3",2715,5.9929465736364e-10,2580,0,5,105,0
"CLTC",2716,1.01376518279697e-10,2217,0,5,295,0
"KIF23",2718,3.36736337180368e-11,2389,0,3,271.5,0
"SCAMP2",2719.5,4.66365792892019e-10,2603,0,2,116.5,0
"CEP55",2720,6.05283336646232e-11,1653,0,3,584,0
"ECHDC1",2720,5.72667139536513e-10,2597,0,5,317,0
"PNPLA4",2720.5,6.25991117531179e-10,2621,0,2,99.5,0
"SEPT7",2722,1.2756621292971e-11,2148,0,5,751,0
"RALY",2724,3.12920895888465e-10,2321,0,5,105,0
"LINC00675",2726,5.32460470443624e-11,1844,0,3,468,0
"UBE2M",2726,5.4158693253723e-10,1896,0,5,554,0
"HNRNPH2",2727,9.58052972723418e-11,1985,0,5,377,0
"LGMN",2729,4.34614512611493e-10,2572,0,5,297,0
"NUF2",2729,2.94354908849588e-11,2486,0,3,233.5,0
"RAD23B",2729,2.97004691644233e-10,2520,0,5,426,0
"PSMG2",2730,5.14253475036542e-10,1920,0,5,219,0
"CNPPD1",2731.5,6.31807496062133e-10,2601,0,2,130.5,0
"COQ2",2733,2.88085318274161e-10,2073,0,5,1101,0
"LEPROTL1",2734,1.12327402882469e-10,2070,0,5,394,0
"LGALS3BP",2734,7.89647162646432e-11,1988,0,5,315,0
"CNIH1",2735,4.94691529540653e-10,2569,0,5,449,0
"MGAT1",2736.5,6.11704137459876e-10,2521,0,2,215.5,0
"MTRNR2L12",2739,1.58981632089773e-11,424,0,5,444,0
"NUCB1",2739,4.71912562326432e-10,1566,0,5,643,0
"VBP1",2740,4.66517143963108e-10,2234,0,5,387,0
"CSNK1D",2740.5,3.61493924558714e-10,2731,0,2,9.5,0
"CCDC109B",2741,2.02101120094946e-11,1344,0,3,837,0
"PYGB",2741,3.94199828377552e-11,1702,0,5,416,0
"NDC80",2742,1.22710969514808e-11,2559,0,3,371.5,0
"PPP1R7",2743,2.64699613056359e-10,1546,0,5,352,0
"MVB12A",2746,1.86241826067607e-10,2511,0,5,162,0
"SCOC",2749,1.52915764447186e-11,2230,0,5,714,0
"UFM1",2752,2.48887164012e-11,1824,0,5,712,0
"CYB561",2752.5,6.56481320636326e-10,2591,0,2,161.5,0
"SEC31A",2755,4.3326841274535e-11,1664,0,5,714,0
"CYHR1",2755.5,5.64591467703837e-10,2538,0,2,217.5,0
"ANLN",2756,7.07835494979293e-11,2402,0,3,199.5,0
"MFSD10",2757,2.38009289015954e-10,2564,0,5,279,0
"NMT1",2757,1.19000367103296e-11,2574,0,5,739,0
"PSMF1",2757,3.18649984386963e-10,2416,0,5,410,0
"RNPEPL1",2757.5,6.0284466087222e-10,2523,0,2,234.5,0
"ANXA13",2758,3.47321136787189e-11,2009,0,3,414,0
"FBXW5",2758,1.69589016316593e-11,2384,0,5,348,0
"OIP5",2759,1.83126952285791e-11,2529,0,3,256.5,0
"UBE2K",2759,4.03980380343949e-10,1980,0,5,405,0
"HMGCS1",2760,4.02493534825604e-10,2508,0,5,462,0
"WIPI1",2761,7.41240539648911e-11,1776,0,3,508,0
"SDF2",2761.5,7.05081239767782e-10,2573,0,2,188.5,0
"SNRPB2",2762,1.17520785076273e-11,1649,0,5,341,0
"C9orf3",2763,9.32301986828947e-11,2516,0,3,190.5,0
"SUCLG2",2763,1.37098636806001e-10,2627,0,5,204,0
"AP1M2",2764,4.84350943916188e-11,2132,0,5,260,0
"BZW1",2766,4.50718749193938e-11,1655,0,5,302,0
"TSPAN15",2766,9.32029813036023e-11,2511,0,5,150,0
"HPS1",2767,3.33718696224041e-10,2637,0,2,130,0
"LTBR",2767,3.66578769224396e-10,2618,0,2,149,0
"SRD5A3",2767,1.4066807912529e-11,2675,0,5,344,0
"ATP5EP2",2768,2.70262989707564e-11,2583,0,3,192.5,0
"MYO1C",2768,1.77431430523171e-11,1933,0,5,343,0
"SDHC",2770,2.00893915922015e-10,2234,0,5,211,0
"YIPF6",2770,3.75880137424437e-10,2610,0,2,160,0
"SDHA",2772,5.51814746440212e-11,2014,0,5,397,0
"SHARPIN",2773.5,5.81643370230457e-10,2614,0,2,159.5,0
"CLIC3",2774,8.6867686774927e-11,2130,0,3,522.5,0
"PGD",2774,2.47571110457023e-10,2623,0,5,432,0
"ZFYVE21",2775,2.96025072431643e-10,2344,0,5,189,0
"BUB1",2777,2.26894247891436e-11,2568,0,3,217.5,0
"MCRS1",2780,5.12309004465806e-10,2645,0,2,135,0
"CREB3",2781,4.63708127059558e-11,2120,0,5,296,0
"CXCL5",2781,1.22629969283412e-11,2743,0,3,321.5,0
"ZMPSTE24",2781,4.02316901782566e-10,2677,0,2,104,0
"CES3",2784,2.15466545750278e-11,2299,0,3,355.5,0
"ST3GAL1",2785,3.98779956855377e-11,2325,0,3,246.5,0
"MRPL35",2786,2.57635810534925e-11,2516,0,5,202,0
"FAM26F",2788,3.79715681590594e-11,1617,0,3,646,0
"LGALS2",2789,1.65984777460415e-10,1897,0,5,83,0
"ADH5",2790,2.4854601119619e-10,2340,0,5,183,0
"SPON1",2792,1.10577586083931e-11,2506,0,3,360,0
"LCMT1",2792.5,2.5221577354274e-10,2665,0,2,127.5,0
"MT1X",2793,1.62297421411651e-10,2621,0,5,286,0
"GCLM",2794,4.91209170440109e-11,2372,0,3,385.5,0
"CCNB1",2795,1.64809861918891e-11,1923,0,5,815,0
"ETF1",2796.5,1.83624115662767e-10,2771,0,2,25.5,0
"ANKRD36C",2797,1.08214297576101e-11,2208,0,3,499,0
"COPB1",2798,2.28702080722002e-10,2088,0,5,687,0
"ZFAND6",2798,3.1699846264379e-11,1978,0,5,193,0
"C6orf136",2799.5,1.83293193223409e-10,2790,0,2,9.5,0
"ANO9",2800,1.2802928989248e-11,2414,0,3,298,0
"MUC5B",2800,3.35699084883157e-11,2255,0,5,440,0
"GDE1",2801,5.14730345985237e-11,2444,0,5,212,0
"NDUFV3",2803,1.75081236933972e-10,2551,0,5,274,0
"RNF10",2804.5,1.74452380156766e-10,2792,0,2,12.5,0
"AFG3L2",2806,1.05859125905448e-11,2024,0,5,933,0
"MGAT4B",2807,4.35839614355567e-11,2331,0,5,27,0
"PSMD9",2808,1.68799852134651e-11,2645,0,3,154,0
"AURKB",2809,1.03750378716495e-11,2381,0,3,431,0
"CYB5R3",2810,4.27951122430537e-11,2289,0,5,618,0
"DNAJC7",2810,1.2844063487239e-10,2617,0,5,335,0
"MCFD2",2810.5,1.61870913616307e-10,2765,0,2,45.5,0
"ATAD2",2811,2.28552505448818e-11,1550,0,3,726,0
"POLR2J",2812,1.26609794619257e-10,2210,0,5,238,0
"PTOV1",2812,1.99984869393168e-10,2626,0,5,498,0
"MGAT2",2814,5.08333008170745e-10,2642,0,2,172,0
"UBE2N",2814,1.57022126025625e-11,2418,0,5,382,0
"PIGT",2815,1.23217760070024e-10,2122,0,5,348,0
"ELOF1",2817,4.12647031377625e-10,2670,0,2,147,0
"TMEM183A",2817,1.94790962328031e-11,2641,0,5,301,0
"ZBTB8OS",2817,1.22629101586915e-10,1969,0,5,631,0
"BDH1",2818,2.44117004394454e-10,2664,0,2,154,0
"ENTPD6",2818.5,3.75410702716326e-10,2682,0,2,136.5,0
"SLMO2",2819,3.35023096395207e-11,2500,0,3,173.5,0
"SLC7A11",2820,1.32619267066526e-11,2067,0,3,537.5,0
"CSRP1",2821,2.02312267174079e-10,2695,0,2,126,0
"PRKAR2A",2821,2.97787144397184e-11,2220,0,5,565,0
"EPB41L2",2823,1.73826258778983e-11,2602,0,5,530,0
"IFI27L2",2823,2.42302156304926e-11,2506,0,5,174,0
"PGLS",2826,1.60791925912344e-11,1931,0,5,341,0
"HSPA4",2827,3.98017357408342e-10,2674,0,2,153,0
"RNF167",2827,3.14927968717413e-10,2710,0,2,117,0
"ARSE",2827.5,4.19599764900375e-10,2668,0,2,159.5,0
"TAPBPL",2830,1.26838746308641e-10,2825,0,2,5,0
"TSSC4",2830.5,4.24242686520361e-10,2666,0,2,164.5,0
"AAMDC",2831,7.01697611070142e-11,2514,0,5,155,0
"FAM177B",2831,2.19373396790563e-11,2518,0,3,244.5,0
"SDC1",2833,3.56973039308532e-11,2527,0,5,183,0
"F3",2835,3.55107219664546e-11,2250,0,3,452.5,0
"ID2",2835,4.46856911465105e-11,1709,0,5,749,0
"SAFB",2835.5,1.64782343526583e-10,2722,0,2,113.5,0
"CASP6",2836,9.39137779521341e-11,2552,0,5,443,0
"SZRD1",2836.5,1.80462151068576e-10,2769,0,2,67.5,0
"MXRA5",2837,2.85008744431951e-11,2327,0,3,271.5,0
"DUOXA1",2840,3.42308763446957e-11,1717,0,3,633.5,0
"NAPA",2840,2.75359773468591e-11,2583,0,5,316,0
"ZNRD1",2840,9.64412830794744e-11,1747,0,5,1041,0
"DERL2",2841,8.11261962985579e-11,1730,0,5,914,0
"PPP1R11",2841,4.40726993673417e-11,1988,0,5,801,0
"ZFAND2B",2841.5,1.09132325170149e-10,2834,0,2,7.5,0
"DBNL",2842,1.69823297839936e-11,1718,0,5,519,0
"PDLIM4",2844,1.61239466090683e-11,2733,0,3,173,0
"SPTLC2",2844,5.17330999440293e-11,2012,0,5,884,0
"SIL1",2846,7.56251182710145e-11,2474,0,5,424,0
"ERLEC1",2847,2.88752093389508e-11,2503,0,5,209,0
"HAPLN1",2847,2.4505207053002e-11,2326,0,3,333,0
"TMEM92",2847,5.12026574809401e-11,2077,0,3,390,0
"MAEA",2848,1.37670086820956e-10,2745,0,2,103,0
"SCFD1",2848,1.25654542657533e-10,2800,0,2,48,0
"SERPINA1",2849,3.32424702149684e-11,1816,0,5,457,0
"GSTM4",2850,9.32554013410664e-12,2624,0,3,294.5,0
"DCTN6",2851.5,8.81093837803262e-11,2851,0,2,0.5,0
"CREB3L4",2852,3.2176282689736e-11,1971,0,3,549.5,0
"KLC4",2852,1.59940955720395e-11,2632,0,3,248,0
"MARVELD3",2853.5,9.99011654124291e-11,2827,0,2,26.5,0
"LINC00998",2854,2.12461601496986e-11,2603,0,3,204.5,0
"ACAT1",2855,5.96596590317076e-11,2671,0,5,495,0
"CDC20",2856,2.25046909934674e-11,1601,0,5,1271,0
"SEPHS2",2856,5.96014242497803e-11,2643,0,5,26,0
"SAP30BP",2857,8.92165474380276e-11,2831,0,2,26,0
"CRYM",2858,4.79415974798914e-11,2536,0,3,162.5,0
"ESRP1",2858,9.07973205918374e-12,2342,0,5,750,0
"TIFA",2858,1.06397747293444e-11,2799,0,3,278,0
"C1orf63",2860,3.06834530233781e-11,1782,0,3,546.5,0
"EMC8",2860,1.97586204642716e-10,2762,0,2,98,0
"MOB4",2861,2.57937136178304e-11,2179,0,5,567,0
"PSMB4",2861,3.03464098647758e-11,795,0,5,1291,0
"TM4SF20",2862,4.61428238329421e-11,2039,0,3,455,0
"CHMP1A",2863.5,7.81609482742808e-11,2859,0,2,4.5,0
"TMX1",2863.5,1.3829614857181e-10,2786,0,2,77.5,0
"HADHB",2864,4.58246663633796e-11,2208,0,5,639,0
"LAMP1",2864,5.54877276377473e-11,2387,0,5,358,0
"PALLD",2864,2.94235087234744e-11,1251,0,5,1067,0
"RASD1",2864,9.06628646462263e-12,2394,0,3,410.5,0
"RHOT2",2864.5,2.31200063309441e-10,2744,0,2,120.5,0
"ZBTB7A",2865,3.33473002057708e-11,2122,0,5,187,0
"POLR3GL",2867,3.13517685888387e-11,1847,0,5,290,0
"ZCCHC10",2867,7.09656589609649e-11,2867,0,2,0,0
"MT1A",2870,1.23179580453268e-11,2492,0,3,331.5,0
"YIPF3",2870,1.81466673848601e-11,2606,0,5,240,0
"PSMD11",2871,8.23872994715020e-11,2142,0,5,562,0
"SYNPO2",2871,8.84827174030907e-12,2451,0,3,352.5,0
"BAG6",2872.5,1.2292940985139e-10,2754,0,2,118.5,0
"IVNS1ABP",2874,2.74031336068198e-11,1749,0,5,872,0
"RFXANK",2875,1.20507764721571e-10,2756,0,2,119,0
"RP11-108M9.4",2875,4.39588363124937e-11,2541,0,3,330,0
"EPN1",2876,4.15212369444382e-11,2307,0,5,90,0
"CEBPA",2878,7.35453217511202e-11,2848,0,2,30,0
"SPAG7",2878,2.62844456149521e-11,2394,0,5,297,0
"MSMO1",2880,7.70934218503047e-11,2617,0,5,499,0
"NARS",2882,7.59086060940446e-11,2364,0,5,460,0
"RARS",2883,1.22827724901399e-11,2471,0,5,345,0
"TMEM170A",2883.5,5.88061606984247e-11,2879,0,2,4.5,0
"GAK",2884,1.12388397844394e-11,2338,0,5,473,0
"HMGCR",2884,4.01627638901331e-11,2152,0,5,428,0
"ITLN1",2885,1.53605507291088e-11,2719,0,5,98,0
"EAPP",2887,8.41313202409177e-12,2597,0,5,365,0
"FKBP8",2887,3.08511376146458e-11,2588,0,5,201,0
"CDH3",2889,9.7455894834398e-12,2836,0,3,228.5,0
"AGTRAP",2890,1.22779002069508e-11,2530,0,3,313.5,0
"AP3D1",2890,7.21064335216728e-11,2396,0,5,431,0
"EREG",2892,2.33937608352054e-11,2353,0,3,365,0
"COPA",2893,3.46618741393455e-11,1639,0,5,842,0
"IFT27",2894,1.58045114263489e-11,2638,0,5,418,0
"PLK1",2894,4.01653200574017e-11,2609,0,3,145.5,0
"DNTTIP1",2895,1.06695985732684e-11,2617,0,5,513,0
"RTN3",2895,3.38269268510944e-11,2016,0,5,685,0
"ZFAND2A",2895,2.27428827360352e-11,1537,0,3,923,0
"SLC39A5",2895.5,4.26024735591766e-11,2878,0,2,17.5,0
"MID1IP1",2896,2.27152737347441e-11,2078,0,3,679,0
"FLOT1",2897,3.05869260493086e-11,2598,0,5,44,0
"MCUR1",2898,3.9964175193678e-11,2873,0,2,25,0
"MED28",2898,9.199336289213e-11,2820,0,2,78,0
"SSBP3",2898,2.58926798787757e-11,1627,0,5,1312,0
"TIMMDC1",2899,8.20288206521233e-12,2632,0,5,678,0
"AP2B1",2900,1.68368194360052e-11,2613,0,5,213,0
"THAP4",2900,8.17699971941877e-12,2472,0,5,91,0
"SLC35A1",2901,4.04759439858090e-11,2866,0,2,35,0
"RAB11B",2902,2.7872670718301e-11,2626,0,5,656,0
"SRP54",2902,3.8723041753235e-11,2876,0,2,26,0
"ZNF326",2902.5,3.79500711790226e-11,2894,0,2,8.5,0
"RRAD",2903,3.92229609953079e-11,2308,0,3,298,0
"SUPT4H1",2903,1.75963432520335e-11,2650,0,5,196,0
"COMMD1",2904,2.92091963498312e-11,2777,0,5,160,0
"DHX29",2908,4.60863942540116e-11,2886,0,2,22,0
"IL7R",2908,1.81952682320237e-11,2301,0,3,371.5,0
"RARRES1",2908,3.80343794644811e-11,2390,0,5,500,0
"HLA-G",2909,8.2475367202683e-12,2523,0,3,355.5,0
"TMEM248",2909,1.25514587434075e-11,2664,0,5,323,0
"RNF114",2910,3.76733161826405e-11,2010,0,5,396,0
"KIF19",2911,7.89331541497394e-12,2519,0,3,399.5,0
"SAR1A",2911,1.9169656563333e-11,2558,0,5,300,0
"LLPH",2912,1.89025703760351e-11,1822,0,5,64,0
"SEMA7A",2912,7.85576910978706e-12,2820,0,3,290.5,0
"ACADS",2913,2.06217091650858e-11,2303,0,5,713,0
"EIF1AY",2913,1.82543018352339e-11,2907,0,3,13,0
"DAG1",2914,3.69456659966536e-11,1343,0,5,750,0
"GALM",2915,7.81049287889466e-12,2520,0,5,608,0
"IGFBP3",2916,1.24289570303217e-11,2176,0,3,488.5,0
"OCIAD1",2917,2.28983637188633e-11,2595,0,5,111,0
"COX6A1P2",2918,2.00560076164833e-11,2808,0,3,92.5,0
"AIFM1",2918.5,2.82511685301445e-11,2889,0,2,29.5,0
"TFPI",2919,1.51354147584689e-11,2126,0,3,487,0
"HERPUD1",2921,3.63041353305495e-11,2584,0,5,175,0
"SLC2A6",2921,1.95416505170404e-11,2533,0,3,281.5,0
"UBE2E1",2921,2.06630461924939e-11,2868,0,5,280,0
"HMGCS2",2923,3.61078461166358e-11,1920,0,5,552,0
"C1GALT1C1",2925,1.89613232194605e-11,2337,0,5,573,0
"MYO1D",2925,3.55179950445508e-11,1979,0,5,694,0
"CAV1",2926,1.91950389225076e-11,2406,0,3,276.5,0
"HOXB7",2926,8.59954760696127e-12,2547,0,5,301,0
"MELK",2927,1.72247436337339e-11,2390,0,3,334.5,0
"NEK2",2928,3.46533747061796e-11,2566,0,3,278.5,0
"IDI1",2929,1.84254476950991e-11,2070,0,5,510,0
"SLC38A10",2929,2.81293680472424e-11,2910,0,2,19,0
"LACTB2",2930,1.61482758421125e-11,2869,0,5,187,0
"EFCAB4A",2931,3.380610022872e-11,2631,0,3,317,0
"KXD1",2931,1.49886493479415e-11,2247,0,5,357,0
"PIGP",2931,2.88682038400786e-11,2077,0,5,320,0
"SIGIRR",2932,2.87531087194825e-11,2646,0,5,625,0
"UAP1",2933,3.35751165507909e-11,1814,0,5,715,0
"BMP7",2934,2.52933664169373e-11,1356,0,3,815,0
"LYPLA2",2934,2.10882283945927e-11,2893,0,2,41,0
"FAM114A1",2935,1.47533837484210e-11,2463,0,3,260.5,0
"TADA3",2935,3.00855007345923e-11,2905,0,2,30,0
"SCNN1B",2936,1.04980205642638e-11,2804,0,3,285.5,0
"WARS",2936,1.6926425334664e-11,2168,0,5,704,0
"KCNE2",2937,1.03916264310834e-11,2437,0,3,310.5,0
"DECR1",2938,3.29689986719731e-11,2088,0,5,457,0
"MMP9",2938,7.20389044556307e-12,2895,0,3,219.5,0
"CDX2",2940,2.51298897761071e-11,1978,0,5,244,0
"PGRMC2",2940,1.77863930960948e-11,2871,0,5,187,0
"DHPS",2941,2.35937398465481e-11,2653,0,5,525,0
"MAOA",2941,3.17172177419113e-11,1968,0,5,811,0
"MAP1LC3B2",2941,1.77041243764142e-11,2206,0,3,447,0
"PPP6C",2941.5,3.47299724091855e-11,2893,0,2,48.5,0
"PFDN1",2942,1.78149645211053e-11,2939,0,2,3,0
"POLR2C",2942,1.95203559304811e-11,2938,0,2,4,0
"NDRG2",2943,2.12826207796763e-11,2530,0,5,319,0
"HOOK2",2944,7.64996065724086e-12,2450,0,5,302,0
"RP1-17K7.2",2944,1.73355652865961e-11,2385,0,3,377.5,0
"FIBCD1",2945,8.46184686668347e-12,2531,0,3,348,0
"HARS",2945.5,1.66758147867784e-11,2910,0,2,35.5,0
"CCL23",2946,1.71469487441929e-11,2205,0,5,404,0
"COL16A1",2946,3.05405490419885e-11,2507,0,3,443.5,0
"OS9",2947,1.35024033285083e-11,2571,0,5,192,0
"SLC30A9",2947.5,2.84456677643034e-11,2902,0,2,45.5,0
"CSF2RB",2948,1.5549380788491e-11,2876,0,3,106,0
"C6orf203",2950,1.79293428473968e-11,2600,0,5,351,0
"CFP",2950,2.18931156920415e-11,2316,0,3,346,0
"COASY",2950,1.48040276631211e-11,2931,0,2,19,0
"TMEM9B",2952,2.96473401883098e-11,1706,0,5,936,0
"LINC00668",2954,2.93572240754425e-11,2046,0,3,493.5,0
"NFU1",2955,6.90872485113817e-12,2700,0,5,268,0
"C1orf56",2956,1.67781311482008e-11,2460,0,3,323.5,0
"VTI1B",2956,1.60176561883777e-11,2603,0,5,303,0
"IFT20",2958,1.1897379535071e-11,2919,0,5,188,0
"IAH1",2959,1.18213434821278e-11,2596,0,5,366,0
"S100A7",2959,1.66573362130798e-11,2492,0,3,332,0
"TNIP2",2959,1.13814984984298e-11,2934,0,2,25,0
"CLCA1",2960,1.20756161566912e-11,2464,0,5,323,0
"TSR3",2961,1.35993488055815e-11,2455,0,5,405,0
"VPS36",2961,1.69436120825e-11,2276,0,5,690,0
"C1orf43",2962,1.10511452396885e-11,2515,0,5,421,0
"FKBP1A",2962,1.35929562235982e-11,2154,0,5,301,0
"RAB1B",2962,1.61114680265208e-11,2138,0,5,270,0
"KLK10",2963,2.74521378920306e-11,2072,0,3,671,0
"ZNHIT3",2963,1.00097984297887e-11,2034,0,5,877,0
"MED10",2963.5,1.05619533224933e-11,2949,0,2,14.5,0
"PDLIM7",2966,6.74698467865814e-12,2929,0,3,216,0
"HYPK",2967,2.607959792273e-11,2485,0,3,245.5,0
"PRKCG",2967,2.70676721815135e-11,2180,0,3,430,0
"EGLN2",2968,1.01389980170107e-11,2959,0,2,9,0
"RTCB",2968,1.56200848195579e-11,2549,0,5,229,0
"RAB32",2969,2.6981615588802e-11,2271,0,5,217,0
"SNORA67",2970,1.54800836129556e-11,2624,0,3,314.5,0
"CXCL11",2971,6.56925516945187e-12,2967,0,3,216,0
"GID8",2971.5,8.89798216504468e-12,2954,0,2,17.5,0
"C12orf54",2972,6.55519798198953e-12,2965,0,3,116.5,0
"FGL2",2973,1.53365983596463e-11,1466,0,3,901.5,0
"RP1-241P17.4",2973,8.59369812838113e-12,2423,0,3,400.5,0
"TMSB4Y",2973,1.46219917750872e-11,2663,0,3,177,0
"NADK",2973.5,8.07814346865505e-12,2971,0,2,2.5,0
"CHTOP",2974,9.07934373270176e-12,2667,0,5,307,0
"HLA-DQB2",2974,2.617938512395e-11,2483,0,3,434.5,0
"TNFRSF12A",2975,6.49733955521161e-12,2497,0,5,398,0
"SAPCD2",2977,6.46894682387853e-12,2299,0,3,461.5,0
"EFCAB14",2978,1.40215905702919e-11,2339,0,5,683,0
"MMADHC",2981,2.58412708106792e-11,2492,0,5,240,0
"RP11-161M6.2",2981,1.79552710286544e-11,2031,0,3,508.5,0
"CLPTM1",2981.5,6.30870267869993e-12,2966,0,2,15.5,0
"COMMD7",2982,6.42822765966394e-12,2602,0,5,369,0
"PSMC6",2982,1.47537435241144e-11,2634,0,5,99,0
"SF3B4",2983.5,6.28818261732339e-12,2967,0,2,16.5,0
"AC009501.4",2984,2.55839209327934e-11,2287,0,3,425,0
"HADHA",2985,2.5393986252237e-11,2085,0,5,194,0
"DDB1",2986,1.63260545306398e-11,2321,0,5,330,0
"TARDBP",2986,1.7786349509849e-11,1411,0,5,1122,0
"MS4A1",2987,1.42953212240441e-11,2381,0,3,393,0
"PTGR1",2987,1.58359806436216e-11,2632,0,3,226,0
"IRF3",2987.5,3.49459320048306e-12,2982,0,2,5.5,0
"BNIP3",2990,6.1934535760052e-12,2866,0,3,217.5,0
"NCLN",2992,1.71504371141621e-11,2404,0,5,611,0
"FAM192A",2994,2.24986177900751e-12,2987,0,2,7,0
"EMC9",2995,8.66975809166682e-12,2992,0,3,114,0
"RSU1",2996,1.27208209993915e-11,2725,0,3,291,0
"C22orf39",2997,2.37367130070117e-11,2399,0,5,336,0
"CETN2",2997,7.91190440000658e-12,2622,0,5,571,0
"TTC1",2998,5.14094749403068e-12,2750,0,5,472,0
"REG3A",3001,2.33944358524991e-13,2188,0,5,904,0
"YIPF4",3001,2.30671543660716e-11,2536,0,5,283,0
"ALDOB",3003,1.67421096245288e-11,2952,0,3,60,0
"CTNNBIP1",3005,1.07988142829479e-11,2502,0,5,232,0
"HJURP",3006,1.80534353748373e-11,2363,0,3,342,0
"ARL16",3007,5.95241656981075e-12,2131,0,3,616.5,0
"RHOV",3009,5.90167673921576e-12,2962,0,3,178,0
"SPNS2",3010,2.03007364274711e-11,2008,0,3,504.5,0
"NXPE4",3011,2.12655100683115e-11,2518,0,5,593,0
"LRRC26",3012,6.14649298313893e-12,2587,0,3,299,0
"GIPC2",3013,2.10638454453359e-11,1848,0,5,886,0
"RAMP1",3015,1.26425498711736e-11,1737,0,3,706,0
"TMEM14A",3015,1.25028300900738e-11,2487,0,5,347,0
"ACO2",3016,8.61425687077379e-12,2833,0,5,119,0
"CDC42SE1",3016,1.21990152667268e-11,2280,0,3,370.5,0
"MSRB1",3018,1.24397031566354e-11,2005,0,5,946,0
"ABCG2",3020,1.22636429015016e-11,2991,0,3,57.5,0
"CDC26",3020,1.77224326911296e-11,2746,0,5,170,0
"RP11-1143G9.4",3020,8.43743121827394e-12,2885,0,3,207.5,0
"C19orf77",3021,5.67410752513196e-12,2998,0,3,183.5,0
"LXN",3025,5.64216831555843e-12,2916,0,3,188,0
"PPP1R16A",3025,1.92082951265517e-11,2819,0,5,232,0
"CD97",3026,1.91536915540951e-11,2630,0,3,270,0
"DCTN2",3026,5.665583173033e-12,2472,0,5,611,0
"TRIP6",3027,1.30282750426831e-11,3006,0,3,113.5,0
"RP11-46H11.3",3029,8.66333757496096e-12,2449,0,3,331,0
"AP000350.4",3030,1.6798644555985e-11,2613,0,3,226,0
"ECI2",3030,6.99416485653477e-12,2643,0,5,579,0
"NMI",3030,1.90199995131149e-11,2516,0,5,292,0
"PTGS1",3034,1.89263606516119e-11,1998,0,3,699.5,0
"S100A2",3037,1.23468092462723e-11,2740,0,3,168.5,0
"CYB5B",3043,1.82781332642172e-11,2621,0,5,332,0
"EPHX2",3043,9.87092368215181e-12,2583,0,5,184,0
"EIF4E",3044,5.64019950487568e-12,2850,0,5,314,0
"ARCN1",3046,1.80730875791081e-11,2452,0,5,700,0
"GORASP2",3046,4.57087075889435e-12,2858,0,5,314,0
"GTF2H5",3046,6.39310049813357e-12,2776,0,5,109,0
"FAM50A",3049,1.79366166127998e-11,2556,0,5,688,0
"LAIR2",3049,1.07578276023662e-11,2378,0,3,459.5,0
"DAP",3054,1.3737824300019e-11,2364,0,5,733,0
"KNSTRN",3055,9.64323677164445e-12,2838,0,3,139.5,0
"DRGX",3056,7.48064368851607e-12,2462,0,3,339,0
"SPR",3056,1.05404135560123e-11,2332,0,5,762,0
"BIK",3057,1.7401619471059e-11,2186,0,5,728,0
"LINC00116",3057,1.06061782335443e-11,2573,0,3,306,0
"RAB8A",3057,1.04845000905875e-11,2495,0,5,328,0
"CMTM4",3058,1.73866082205384e-11,2398,0,5,547,0
"SCG5",3059,5.57206245557987e-12,2975,0,3,120,0
"POMC",3060,1.53333859506333e-11,2645,0,3,354,0
"TAP2",3061,9.69150874665905e-12,1996,0,5,278,0
"COL11A2",3062,7.55584485843909e-12,2928,0,3,159.5,0
"DYNLL2",3064,7.09148120473604e-12,2099,0,5,176,0
"GBP5",3064,1.00765487485705e-11,2825,0,3,250,0
"ACSL3",3065,1.14457669689954e-11,2854,0,5,216,0
"GGNBP2",3065,1.01989321824797e-11,2907,0,5,156,0
"FOSL1",3066,1.01597022324373e-11,2310,0,3,520,0
"GPX3",3068,4.85178901418702e-12,2922,0,3,207,0
"HMGCL",3070,1.00380209340901e-11,2378,0,5,646,0
"PPP2CA",3072,4.79810475769734e-12,2968,0,5,201,0
"MBD2",3073,1.67384870801631e-11,2037,0,5,308,0
"UBD",3073,9.90314088364666e-12,3008,0,3,74,0
"CCDC47",3077,1.62339676049658e-11,2899,0,5,356,0
"SPC25",3078,1.52127857397241e-11,2543,0,3,278,0
"SDHD",3079,1.57823573908824e-11,2808,0,5,252,0
"LSM1",3080,1.08635422531302e-11,2602,0,5,275,0
"CNDP2",3081,1.43343070589175e-11,2452,0,5,418,0
"CCL13",3086,4.60748187450526e-12,2406,0,3,505,0
"PTGS2",3087,1.10710783855387e-11,2790,0,3,177.5,0
"RNF5",3087,4.59228652653073e-12,2977,0,5,247,0
"ASAH1",3088,9.39979588288635e-12,2475,0,5,539,0
"RHBDL2",3089,1.33242532426651e-11,1690,0,5,1225,0
"IHH",3090,9.36833533968105e-12,2524,0,3,374,0
"TGFBI",3093,1.5403952936569e-11,2460,0,3,466.5,0
"DEFA6",3094,4.86430393440738e-17,2576,0,5,450,0
"PCSK9",3101,1.09243014372332e-11,3045,0,3,81.5,0
"PTPN18",3101,1.11016653628767e-11,2635,0,5,530,0
"PMPCB",3102,5.42120857096508e-12,2568,0,5,270,0
"RAMP2",3102,1.51098143956117e-11,2594,0,3,265.5,0
"FAM64A",3103,1.05103789950077e-11,2802,0,3,257.5,0
"FAM45A",3108,1.21727824979641e-11,3022,0,3,54.5,0
"ARSD",3109,1.47107390817119e-11,893,0,5,2026,0
"HRSP12",3109,8.70952330484012e-12,3035,0,3,66.5,0
"SELT",3111,1.17003309272056e-11,3031,0,3,170,0
"IDH1",3112,1.45856576198407e-11,2560,0,5,438,0
"VSIG1",3112,8.64949305882435e-12,2335,0,3,475,0
"CWC15",3114,8.61285553314959e-12,2545,0,5,757,0
"TMEM259",3115,1.39780199545579e-11,2903,0,5,350,0
"DPCD",3116,4.09385805670872e-12,1838,0,5,866,0
"TAF7",3116,1.42169989666189e-11,1960,0,5,1127,0
"NPSR1",3119,7.24205344185931e-12,3106,0,3,75,0
"ASPH",3121,8.86493985890019e-12,2261,0,5,590,0
"ECHDC2",3124,3.95389123537316e-12,1998,0,5,774,0
"CTC-425F1.4",3127,3.94645076195978e-12,2478,0,3,451.5,0
"ARC",3133,1.36698634347941e-11,2436,0,3,429,0
"ICAM2",3135,1.3495591940065e-11,2121,0,3,532.5,0
"KCNMA1",3135,7.636080201119e-12,2666,0,3,401,0
"DLD",3137,1.33688227807002e-11,2701,0,5,317,0
"FASTK",3141,1.32782660317259e-11,2356,0,5,402,0
"UGT2A3",3141,7.47305654699503e-12,3075,0,3,68.5,0
"CLPTM1L",3142,8.0270895079765e-12,2721,0,5,453,0
"SUGT1",3143,1.31861564503719e-11,2414,0,5,202,0
"ATP5L2",3144,7.41082536231849e-12,3031,0,3,156.5,0
"PLCB3",3145,3.91966807339341e-12,3067,0,3,108,0
"TRIM47",3147,1.28061208702366e-11,2621,0,3,308,0
"CCDC25",3148,9.75926541795314e-12,2275,0,5,425,0
"IFITM2",3148,3.60990255214538e-12,2660,0,5,666,0
"PIGF",3149,1.21006875561298e-11,2788,0,5,224,0
"MT1G",3150,1.11459179894014e-11,2660,0,5,268,0
"GJB3",3151,7.11982057298344e-12,2994,0,3,198.5,0
"SAT2",3151,3.58754750802849e-12,2704,0,5,458,0
"CXCL10",3152,4.19366215606525e-12,3109,0,3,168,0
"PRADC1",3153,9.09535749647374e-12,2496,0,5,493,0
"CSTF3",3154,8.53751620119045e-12,2880,0,3,144,0
"SAA4",3154,6.98410483926889e-12,2921,0,3,227,0
"CFD",3157,5.48461781612417e-12,3036,0,3,226.5,0
"MMP3",3157,1.03065223382744e-11,2991,0,3,100,0
"KIFC1",3158,6.78731018287241e-12,3097,0,3,48.5,0
"SEC63",3159,1.04660235491877e-11,1427,0,5,1142,0
"FBLN5",3160,9.78185012412933e-12,2177,0,3,511.5,0
"IFT43",3160,5.08362035774966e-12,3053,0,3,122,0
"DERL1",3161,8.56996034386659e-12,2658,0,5,344,0
"SERPINB7",3161,6.75656354937203e-12,2815,0,3,241,0
"CDCA3",3165,4.22774085046382e-12,2546,0,3,384.5,0
"SMIM15",3165,1.19574271852042e-11,2661,0,5,422,0
"SEL1L3",3166,3.32920547024639e-12,2222,0,5,1116,0
"MPLKIP",3167,6.62165235066144e-12,2540,0,5,681,0
"HIBCH",3169,1.03012102815048e-11,2604,0,5,252,0
"MOGAT2",3169,5.38769013814344e-12,2436,0,3,394,0
"MXD4",3169,1.17605764778075e-11,2443,0,3,398.5,0
"C4orf27",3172,4.08629310519234e-12,3117,0,3,101.5,0
"SLITRK4",3172,1.12738025682361e-11,2980,0,3,201.5,0
"NTPCR",3173,1.12684383923811e-11,2641,0,5,609,0
"CFI",3174,1.11874600883456e-11,2961,0,3,202.5,0
"RP11-622K12.1",3174,4.35591104073109e-12,3138,0,3,64,0
"GLOD4",3176,6.40901659873839e-12,2733,0,5,480,0
"SHISA2",3179,3.08198825603576e-12,2315,0,3,538,0
"SMIM7",3179,1.11004482214037e-11,2669,0,5,416,0
"MFAP4",3180,1.10331773133431e-11,2116,0,3,631.5,0
"PF4",3180,3.05525148088078e-12,3024,0,3,180,0
"ATP6AP2",3182,7.1897664628625e-12,2859,0,5,274,0
"GALNT12",3182,6.34082676279738e-12,3179,0,3,18.5,0
"KYNU",3183,3.00212943533281e-12,2939,0,3,214,0
"PON3",3184,6.22099413395235e-12,3089,0,3,50.5,0
"CXCL9",3187,2.93939941328968e-12,3163,0,3,101.5,0
"AQP8",3189,3.77129885122925e-12,3136,0,3,124.5,0
"CXCL17",3190,5.55319630624025e-12,3112,0,3,88,0
"MPHOSPH8",3194,4.9623402816798e-12,2504,0,5,576,0
"LAMP2",3195,6.40480538402203e-12,2980,0,3,111.5,0
"MSLN",3196,8.78744808432569e-12,3108,0,3,99,0
"PRSS21",3197,2.79253160816079e-12,2520,0,3,438.5,0
"FADS2",3198,3.4388011361537e-12,2788,0,3,255,0
"ETNK1",3202,6.68005646940495e-12,1948,0,5,936,0
"COQ9",3203,5.40446177917508e-12,2623,0,5,308,0
"ANKRD11",3205,4.87275078405142e-12,1531,0,5,1584,0
"CORO1A",3205,9.47151316774754e-12,2958,0,3,244,0
"TROAP",3207,5.6493661594728e-12,3019,0,3,215.5,0
"NIPSNAP3A",3208,5.64152375043224e-12,3175,0,3,151,0
"AZGP1",3209,3.14343800396408e-12,3038,0,3,137.5,0
"EML4",3210,9.30205333961718e-12,2497,0,5,578,0
"TRPM4",3211,2.67533160488795e-12,2802,0,5,599,0
"NR1H4",3212,5.52093494947118e-12,3066,0,3,76,0
"GRSF1",3214,3.92435937237715e-12,2371,0,5,686,0
"NDUFA7",3216,5.56164120183545e-12,1953,0,5,924,0
"PEF1",3218,8.80772443839651e-12,2542,0,5,582,0
"MTX2",3220,2.48904636189477e-12,2942,0,5,433,0
"GOPC",3221,8.65622859430141e-12,3091,0,3,176,0
"LINC00152",3221,4.35867682131354e-12,2464,0,3,400.5,0
"HILPDA",3222,8.63362710958814e-12,2945,0,3,237.5,0
"TMEM50B",3227,5.28350425460429e-12,2843,0,5,378,0
"BEST1",3229,3.92656070034134e-12,3128,0,3,128,0
"TMEM33",3229,8.41567802089739e-12,2611,0,5,349,0
"GSTA1",3230,8.35466196463074e-12,2997,0,3,124.5,0
"IP6K2",3231,5.76282391127379e-12,2314,0,5,312,0
"RETNLB",3232,8.30684986992844e-12,964,0,5,2243,0
"NPB",3235,8.21338157590287e-12,2982,0,3,200,0
"GNAI3",3236,4.84082882972197e-12,2583,0,5,384,0
"PRSS1",3240,5.00235049012226e-12,3152,0,3,133,0
"TPGS1",3240,5.91045614598332e-12,3196,0,3,95.5,0
"CLDN14",3241,2.18606158829347e-12,2841,0,3,311.5,0
"LECT1",3242,2.93225252164999e-12,2882,0,3,219,0
"RNA28S5",3243,4.51885479942747e-12,3232,0,3,36,0
"KRT13",3247,4.78970955847327e-12,2964,0,3,237,0
"MSI2",3248,7.5255209803639e-12,1166,0,5,1082,0
"TNFRSF11B",3248,3.59603349832897e-12,3195,0,3,67.5,0
"BEST4",3249,4.73665250693903e-12,2881,0,3,194.5,0
"CHURC1",3249,4.28666794350287e-12,1699,0,5,1389,0
"PCK1",3249,7.52054407191807e-12,2219,0,5,385,0
"IK",3251,2.08177179982005e-12,2481,0,5,709,0
"CALU",3252,2.05378192084915e-12,2066,0,5,1280,0
"CMIP",3252,7.46234705601889e-12,2523,0,3,380.5,0
"CTD-2626G11.2",3252,3.62095238730553e-12,3147,0,3,139.5,0
"LINC00261",3253,6.07188745435099e-12,2998,0,3,139.5,0
"HPCAL1",3254,7.35707490319743e-12,1738,0,5,1068,0
"SMARCD2",3255,3.63502153314378e-12,1958,0,5,938,0
"GZMA",3256,1.92167209641074e-12,3139,0,3,158.5,0
"MMP10",3256,4.59383510015851e-12,2535,0,3,384,0
"PPP1R12B",3257,7.22936193103236e-12,1895,0,5,559,0
"REV1",3258,3.42177428036755e-12,2587,0,3,373,0
"AC092580.4",3263,2.27802264207019e-12,3134,0,3,119.5,0
"CALCOCO2",3265,6.88601261597876e-12,2296,0,5,770,0
"PSRC1",3266,6.85671551121801e-12,2868,0,3,278.5,0
"LMBR1",3268,3.34391069362468e-12,3193,0,3,55.5,0
"RDH11",3268,4.27102635346315e-12,2727,0,5,560,0
"CBR3",3269,4.23828975296172e-12,3123,0,3,94,0
"HSBP1L1",3273,5.56873245376985e-12,2559,0,5,378,0
"MATN2",3275,1.56864133240407e-12,3245,0,3,110.5,0
"CSTA",3276,4.04810167000187e-12,2957,0,3,264,0
"ESRRA",3276,6.11938877339705e-12,2637,0,5,423,0
"RP11-532F12.5",3277,2.72909295182646e-12,3261,0,3,32,0
"BOLA2B",3278,1.96653749675402e-12,3035,0,3,172,0
"CRNDE",3278,3.99178621578548e-12,2596,0,3,343.5,0
"MAGED1",3278,6.00732296690032e-12,3149,0,3,71.5,0
"SELM",3279,3.95954997411553e-12,2569,0,3,417.5,0
"CCL5",3281,3.4879410986296e-12,3052,0,3,121,0
"ALDH1A1",3284,1.59120620043226e-12,2589,0,5,641,0
"ARHGAP4",3285,5.0926568975527e-12,3052,0,3,180.5,0
"CLDN8",3286,3.88754642144515e-12,2244,0,3,559.5,0
"GNG5P2",3286,3.34062854273471e-12,2945,0,3,180,0
"KRT6B",3287,3.8698823002118e-12,3023,0,3,195.5,0
"EIF5AL1",3289,2.99391760762517e-12,3196,0,3,77.5,0
"HSPA6",3290,3.83286248930536e-12,3129,0,3,143,0
"TM4SF4",3292,2.34701968094109e-12,3231,0,3,73.5,0
"ATP6AP1",3298,4.99960518735986e-12,2469,0,5,670,0
"COA5",3298,2.61849144341064e-12,3234,0,3,65,0
"PCSK1",3299,3.42057967933784e-12,2955,0,3,256.5,0
"RP11-599B13.3",3306,4.49344393959824e-12,3246,0,3,117,0
"B3GNT6",3307,4.43621193083149e-12,2584,0,3,382,0
"MBOAT1",3308,4.39877535986333e-12,3116,0,3,127,0
"HNRNPUL2",3309,3.22769976374074e-12,2157,0,5,420,0
"LINC00937",3309,4.37736400924272e-12,3220,0,3,120.5,0
"SERPINB3",3311,1.36105001341985e-12,3293,0,3,70.5,0
"TNNC1",3312,3.16266467517437e-12,3284,0,3,41.5,0
"OTOP2",3313,2.40918959915261e-12,3226,0,3,88,0
"TCN1",3315,3.04802221744008e-12,3251,0,3,125,0
"PCSK1N",3316,4.2187810945907e-12,3121,0,3,159,0
"LENG8",3317,2.95656981445037e-12,1578,0,5,816,0
"MT1HL1",3317,1.49511054077732e-12,3282,0,3,55.5,0
"REG1A",3318,1.7288591295585e-12,1316,0,5,396,0
"SLX1A",3319,2.61848711510316e-12,3263,0,3,51,0
"MAGED2",3322,2.88710054195659e-12,2619,0,5,462,0
"NCCRP1",3322,3.01552681495937e-12,2942,0,3,203,0
"URAD",3323,3.00995879781032e-12,3255,0,3,47.5,0
"CCDC53",3324,3.74279395124632e-12,3250,0,3,46,0
"ERGIC1",3324,2.85950816795782e-12,1991,0,5,1009,0
"CEBPB",3327,3.63940663609403e-12,2596,0,5,678,0
"COL2A1",3327,9.51645191010846e-13,2278,0,3,581.5,0
"KLK12",3329,3.62773836905123e-12,3004,0,3,241,0
"FADS1",3332,2.50752109153245e-12,3146,0,3,126,0
"ZNF302",3332,1.96094933542116e-12,3326,0,3,27,0
"CYP26B1",3333,8.96765333781535e-13,2916,0,3,251.5,0
"GJA1",3334,3.35389167519275e-12,3118,0,3,162.5,0
"TMED4",3335,2.39235542682099e-12,2920,0,5,415,0
"TPPP3",3335,9.21672378326858e-13,3330,0,3,78.5,0
"FLAD1",3336,1.34819537684659e-12,2528,0,3,421,0
"MT1H",3338,1.40881177849639e-12,3310,0,3,29.5,0
"PRRC1",3339,8.29469348565687e-13,2664,0,3,367.5,0
"PCCB",3340,1.20031224527265e-12,3304,0,3,96,0
"NKG7",3342,2.35737036157364e-12,3229,0,3,98.5,0
"PITX2",3343,3.10723152621429e-12,3093,0,3,158.5,0
"PTTG2",3344,3.08286457636082e-12,3274,0,3,92.5,0
"MTRNR2L1",3345,2.12164213194719e-12,2904,0,5,459,0
"AIM1",3346,1.73413808633763e-12,3081,0,3,138.5,0
"PEG10",3346,3.06448129216385e-12,3113,0,3,140.5,0
"MT1B",3347,3.05751274513387e-12,3281,0,3,47,0
"HSPA2",3351,1.8664322588758e-12,3071,0,3,168.5,0
"RGS2",3351,7.33890777156272e-13,3166,0,3,137,0
"KCNJ3",3352,2.97358020607595e-12,3310,0,3,67.5,0
"ADH1B",3354,1.82079834704469e-12,3274,0,3,104,0
"AUNIP",3356,1.14256618267439e-12,2658,0,5,392,0
"HOXB8",3356,2.86138260560707e-12,2923,0,3,242,0
"CDKN2D",3359,8.21027628393484e-13,3341,0,3,32,0
"PDIA2",3361,5.7556665997097e-13,3358,0,3,31,0
"CLGN",3362,5.75071456676662e-13,3050,0,3,213,0
"FDCSP",3365,5.27208599430382e-13,2117,0,3,680.5,0
"HSD17B4",3366,7.04777209962259e-13,2728,0,5,373,0
"ATXN8OS",3367,1.42968860273842e-12,3191,0,3,100.5,0
"CLDN15",3368,2.49445485955895e-12,2929,0,3,282,0
"KLK6",3369,2.39802460491162e-12,3248,0,3,86.5,0
"GABARAP",3376,2.11572300445868e-12,3306,0,3,39.5,0
"PCCA",3378,3.78216135030855e-13,3277,0,3,92,0
"TUBB2B",3379,1.15587111330647e-12,3061,0,3,170,0
"SCCPDH",3381,1.34255835811267e-12,2651,0,5,505,0
"NOTCH2NL",3384,3.29286520619873e-13,3027,0,3,215,0
"CLDN18",3385,1.59922813221238e-12,3177,0,3,115.5,0
"RNA5SP151",3387,1.42142206555732e-12,3368,0,3,38,0
"NPTX2",3388,1.48816575797163e-12,3073,0,3,157.5,0
"SREBF1",3388,3.14153122934278e-13,3125,0,3,172,0
"RN7SK",3389,4.94939527298718e-13,3330,0,3,41,0
"CLDN10",3390,1.3935576737222e-12,3218,0,3,106.5,0
"ARHGDIB",3392,5.42558960300359e-13,2607,0,5,476,0
"CPS1",3398,6.34517158572172e-13,2914,0,3,263,0
"FAM211A",3403,5.7862563091532e-13,3382,0,3,54.5,0
"ISCA2",3404,5.5428914183113e-13,2827,0,5,568,0
"NPPC",3405,1.43874436334971e-13,3233,0,3,117,0
"FRZB",3406,5.88209229604275e-13,3127,0,3,160.5,0
"LPP-AS2",3406,4.87905686723163e-13,3332,0,3,67,0
"CLU",3408,2.98540658116739e-13,3316,0,3,52,0
"MYOM1",3411,2.86559980746706e-13,3395,0,3,25,0
"NBPF10",3411,7.29993295136867e-14,3305,0,3,73,0
"FAIM2",3412,1.33145511165157e-13,3389,0,3,17.5,0
"GP2",3413,2.79771130026851e-13,3412,0,3,45,0
"CHGB",3415,3.29813684068067e-14,3319,0,3,90,0
"S100B",3415,2.64760639917273e-13,3299,0,3,60,0
"BRSK1",3417,3.68823327761497e-13,2928,0,3,256.5,0
"DDC",3418,3.59766972296421e-13,3349,0,3,60.5,0
"INSL5",3418,2.29078290741867e-13,3390,0,3,46,0
"EDARADD",3419,2.43843759486441e-14,3417,0,3,20.5,0
"REEP4",3421,2.6144145085454e-13,3097,0,3,180,0
"DUSP27",3423,1.541991213525e-13,3404,0,3,28,0
"WBP5",3423,7.64083506409893e-15,3259,0,3,86.5,0
"WDR72",3423,1.90698191584403e-13,3300,0,3,81,0
"CHGA",3426,7.05298311358414e-17,3273,0,3,84.5,0
"REG1B",3427,1.03615243089095e-16,2006,0,5,440,0
"RP11-338I21.1",3427,1.48703832582415e-13,3411,0,3,12,0
"DEFA5",3428,9.91712844521287e-17,2985,0,5,448,0
"GSTZ1",3428,3.86547264323127e-14,3239,0,3,126,0
"NUP188",3429,6.56611933970573e-14,3337,0,3,47,0
"FAM58A",3430,5.2551508779038e-14,2634,0,3,431.5,0
"PYY",3430,5.68211700310999e-17,3424,0,3,14,0
"GZMB",3432,5.58533011360157e-17,3378,0,3,35,0
"TPH1",3432,4.59566712235274e-14,3322,0,3,71,0
"H3F3C",3436,2.31693044651604e-15,3403,0,3,23,0
"BEX1",3437,9.70392069901535e-17,3427,0,3,21.5,0
"CTD-2319I12.1",3438,9.63318550655669e-17,3319,0,3,67.5,0
"SCGN",3438,9.00637756366229e-17,3424,0,3,7.5,0
"AKR1C1",3440,3.93521954515854e-17,3401,0,3,32,0
"BLVRA",3443,4.8569220968651e-17,3433,0,3,21,0
"LINC00176",3446,4.59453991901122e-17,3446,0,3,14.5,0
"KLK11",3447,3.40525391435285e-17,3396,0,3,37,0
"RMRP",3447,4.47454748036315e-17,3434,0,3,19.5,0
"ITLN2",3450,4.04016366528713e-17,3444,0,3,24.5,0
"RP11-138I1.4",3450,3.67361990186932e-17,3442,0,3,30,0
"ALDH3A1",3451,3.90303987009517e-17,3268,0,3,92.5,0
"DLL1",3451,3.98341215277896e-17,3433,0,3,20,0
"CD70",3452,2.99417708991186e-17,3191,0,3,143.5,0
"CRYBA2",3452,3.90263779004772e-17,3425,0,3,19,0
"TACSTD2",3453,3.6857300474411e-17,3303,0,3,75,0
"AQP5",3455,3.73917644191505e-17,3448,0,3,3.5,0
"FOLR1",3456,2.71701821100647e-17,3326,0,3,69.5,0
"CTSG",3458,2.92451453326436e-17,3295,0,3,83.5,0
"GADD45G",3458,2.99948881592126e-17,3347,0,3,64,0
"IL19",3459,2.97514210880884e-17,3410,0,3,36.5,0
"SLC4A8",3460,2.85028580613924e-17,3459,0,3,14,0
"ZNF3",3461,2.83940153956373e-17,3377,0,3,57,0
"FZD9",3462,2.11751981228675e-17,3425,0,3,36.5,0
"GAL",3463,2.52022771400769e-17,3061,0,3,204,0
"GCG",3463,2.90903475714865e-17,3359,0,3,63,0
"CNOT10",3464,2.74872320760407e-17,3449,0,3,25.5,0
"BCAS4",3469,1.71798069313667e-17,3409,0,3,44,0
"TCF21",3471,2.44047601613552e-17,2886,0,3,295.5,0
"ITM2A",3472,2.08454353708255e-17,3228,0,3,135.5,0
"FABP6",3474,1.53954083969896e-17,3400,0,3,39.5,0
"PVRL3",3476,1.89289901684949e-17,3106,0,3,191,0
"S100A1",3478,1.37650919531335e-17,3339,0,3,76.5,0
"MB",3479,1.35268327110545e-17,3472,0,3,6,0
"GRAP",3480,1.79581792919137e-17,3264,0,3,115.5,0
"NEUROD1",3480,1.36723576085444e-17,3402,0,3,45.5,0
"GALNTL6",3481,1.35441289210986e-17,3476,0,3,7,0
"KCTD16",3481,1.3088485309956e-17,3447,0,3,24.5,0
"KCNQ4",3482,1.34276722824587e-17,3481,0,3,8.5,0
"NMU",3483,1.24344887679359e-17,3357,0,3,66.5,0
"C5orf38",3484,1.13083015868679e-17,3352,0,3,71.5,0
"SLC27A3",3486,1.103050021258e-17,3120,0,3,189.5,0
"SLC9A3R2",3486,1.39783106706841e-17,2826,0,3,337.5,0
"GULP1",3487,1.33866434095667e-17,3454,0,3,21,0
"ADH1A",3488,1.31837302369998e-17,3465,0,3,13.5,0
"PGC",3488,1.16546961967749e-17,3460,0,3,16,0
"HPGDS",3494,8.42409061380494e-18,3489,0,3,4.5,0
"IL2RB",3495,8.10295505212146e-18,3483,0,3,7,0
"CPE",3500,4.14632734471295e-18,3346,0,3,77.5,0
