"gene","seed","rank","distance"
"GART",1234,1,1.11728219567891e-05
"AGR2",1234,2,7.66291784989912e-08
"NME1",1234,3,7.12372930177128e-08
"SLC1A5",1234,4,6.39382171920577e-08
"ASNS",1234,5,6.33385594294889e-08
"PSAT1",1234,6,6.31343282645027e-08
"EIF4EBP1",1234,7,6.23499091350957e-08
"C19orf10",1234,8,5.06647754896199e-08
"REG4",1234,9,4.57255583503825e-08
"TUBA4A",1234,10,4.54788340421415e-08
"C1QBP",1234,11,4.18756495348555e-08
"LDHB",1234,12,4.09918566407243e-08
"RANBP1",1234,13,4.05321455246516e-08
"RRP7A",1234,14,4.05101393513097e-08
"EBNA1BP2",1234,15,3.99309534170642e-08
"TUBA1B",1234,16,3.99099975224293e-08
"SDF2L1",1234,17,3.99065778666767e-08
"PPIB",1234,18,3.85446594835878e-08
"PYCR1",1234,19,3.74946965205064e-08
"NPM3",1234,20,3.66660337805843e-08
"FABP5",1234,21,3.56434404819559e-08
"CDK4",1234,22,3.5544415374874e-08
"KLK1",1234,23,3.48373029075453e-08
"GARS",1234,24,3.44160989741894e-08
"NHP2",1234,25,3.43728422467435e-08
"DUOX2",1234,26,3.39320254589253e-08
"NOP16",1234,27,3.37903625492573e-08
"NPM1",1234,28,3.37835471636975e-08
"RAN",1234,29,3.35425757179495e-08
"PARK7",1234,30,3.33516517935719e-08
"MCM7",1234,31,3.33496004514281e-08
"CD320",1234,32,3.32381631180125e-08
"EIF3I",1234,33,3.26562456360708e-08
"PRMT1",1234,34,3.23953226864985e-08
"SNRPB",1234,35,3.22094861870562e-08
"MANF",1234,36,3.21717195687135e-08
"EMG1",1234,37,3.2105857723624e-08
"MUC2",1234,38,3.20789911261698e-08
"FBL",1234,39,3.02289820436248e-08
"HSPD1",1234,40,3.01077385695009e-08
"GADD45GIP1",1234,41,2.99292949416068e-08
"PFN1",1234,42,2.98026356069519e-08
"TMED9",1234,43,2.97397625545054e-08
"CEACAM1",1234,44,2.95322867809494e-08
"SF3B5",1234,45,2.92808846067906e-08
"CHCHD2",1234,46,2.88001293818464e-08
"CEACAM6",1234,47,2.87885413368524e-08
"PLAC8",1234,48,2.86670183801803e-08
"CEACAM7",1234,49,2.8657672466547e-08
"PHB",1234,50,2.85888563731404e-08
"SLC38A5",1234,51,2.83853694153064e-08
"SNRPD1",1234,52,2.79758240509321e-08
"PCNA",1234,53,2.79078979908993e-08
"GSTP1",1234,54,2.72136565060618e-08
"MXD1",1234,55,2.68745863384194e-08
"PAICS",1234,56,2.68583362528207e-08
"POLD2",1234,57,2.65792373996696e-08
"GINS2",1234,58,2.65154561202878e-08
"IMPDH2",1234,59,2.65138285698719e-08
"PRDX2",1234,60,2.65015400965627e-08
"PSMB3",1234,61,2.62782055433815e-08
"TOMM40",1234,62,2.62422033271805e-08
"NAP1L1",1234,63,2.60133125243237e-08
"H2AFZ",1234,64,2.59969876613429e-08
"U2AF1",1234,65,2.59493665797903e-08
"HK2",1234,66,2.56311710200264e-08
"SPDEF",1234,67,2.54845668240653e-08
"TIMM13",1234,68,2.53699410400241e-08
"SRSF7",1234,69,2.50848181750003e-08
"PSMA7",1234,70,2.50835980491625e-08
"PSMB6",1234,71,2.48713834096087e-08
"KRT18",1234,72,2.46873365867274e-08
"FAM96B",1234,73,2.45985482615099e-08
"FABP2",1234,74,2.45711675720998e-08
"SDCBP2",1234,75,2.42810052744117e-08
"PRDX4",1234,76,2.41910490056883e-08
"ENO1",1234,77,2.41397656135818e-08
"TRMT112",1234,78,2.40375418762144e-08
"MRPS26",1234,79,2.40208625793847e-08
"KRT20",1234,80,2.39016966027827e-08
"PA2G4",1234,81,2.38793219604038e-08
"HNRNPA1",1234,82,2.38406023437387e-08
"BANF1",1234,83,2.37990373277411e-08
"NOL7",1234,84,2.37037964467738e-08
"NDUFAB1",1234,85,2.32557080644719e-08
"TMEM147",1234,86,2.32244143186092e-08
"CCT7",1234,87,2.32093834489925e-08
"PDE4C",1234,88,2.31237432483081e-08
"SRPRB",1234,89,2.30263060123095e-08
"SEC61B",1234,90,2.30047115871304e-08
"AGR3",1234,91,2.29974406362134e-08
"EIF6",1234,92,2.28580151964636e-08
"DNPH1",1234,93,2.28294094994581e-08
"NUDC",1234,94,2.27924474055138e-08
"DCTPP1",1234,95,2.27855498343858e-08
"MRPL12",1234,96,2.2756317489827e-08
"DUT",1234,97,2.26904351740778e-08
"CDA",1234,98,2.26424847805686e-08
"PHGDH",1234,99,2.25902796179994e-08
"C11orf48",1234,100,2.25677581485293e-08
"TGM2",1234,101,2.25603953197571e-08
"APRT",1234,102,2.25424023793808e-08
"CENPV",1234,103,2.24313156333728e-08
"STRA13",1234,104,2.22893960041777e-08
"C17orf76-AS1",1234,105,2.22483715501119e-08
"NOP56",1234,106,2.21992515535993e-08
"TUBB",1234,107,2.21230244156001e-08
"SEPP1",1234,108,2.20597754152548e-08
"HSPE1",1234,109,2.20244249152138e-08
"MRPL17",1234,110,2.19706384800065e-08
"XDH",1234,111,2.17963865089816e-08
"CCT5",1234,112,2.17546897066917e-08
"SSBP1",1234,113,2.16496891001996e-08
"NUDT8",1234,114,2.14765587461563e-08
"STOM",1234,115,2.14650804344605e-08
"SNHG17",1234,116,2.12211368284888e-08
"EEF1B2",1234,117,2.12036790563417e-08
"HSP90AB1",1234,118,2.10829300161066e-08
"SLC40A1",1234,119,2.10808275357892e-08
"CDCA7",1234,120,2.10581808920206e-08
"HSP90AA1",1234,121,2.09439025529559e-08
"HMGA1",1234,122,2.0816161883707e-08
"DCXR",1234,123,2.0726704066485e-08
"OSTC",1234,124,2.06552379280917e-08
"PTMA",1234,125,2.05260705314599e-08
"CISD3",1234,126,2.04435388529188e-08
"FKBP11",1234,127,2.04389515468078e-08
"SSR2",1234,128,2.04079780789515e-08
"EPRS",1234,129,2.03738315474785e-08
"MRPS34",1234,130,2.03448962214859e-08
"S100A14",1234,131,2.02919733971326e-08
"YBX1",1234,132,2.02306264303394e-08
"ANG",1234,133,2.01746134898992e-08
"COPE",1234,134,2.01562103535869e-08
"NHP2L1",1234,135,2.00921304039142e-08
"MUC13",1234,136,2.00307990265124e-08
"GNB2L1",1234,137,1.97965864759662e-08
"PSMA3",1234,138,1.97548159147688e-08
"ATP6V0B",1234,139,1.96883660604024e-08
"ANXA2",1234,140,1.968593960982e-08
"SNRPE",1234,141,1.96846621710072e-08
"NCL",1234,142,1.96162407519595e-08
"C9orf142",1234,143,1.95510050714507e-08
"FEN1",1234,144,1.95324698398877e-08
"PSMB1",1234,145,1.95295297803652e-08
"NASP",1234,146,1.9483040680824e-08
"ATP5G1",1234,147,1.9397556578714e-08
"EIF3L",1234,148,1.92376564342897e-08
"CCT2",1234,149,1.92287045277751e-08
"SIVA1",1234,150,1.92083679611172e-08
"KRTCAP3",1234,151,1.91732970504052e-08
"C19orf48",1234,152,1.90674669431405e-08
"SNHG5",1234,153,1.90031980987033e-08
"EEF1A1",1234,154,1.89679654615676e-08
"TXN",1234,155,1.89395372704217e-08
"TMPRSS2",1234,156,1.89231857155005e-08
"MRPL24",1234,157,1.87847779643775e-08
"PABPC1",1234,158,1.87077259654729e-08
"CLIC1",1234,159,1.86863972712934e-08
"MALL",1234,160,1.86670218350912e-08
"LSM4",1234,161,1.86118751119453e-08
"HNRNPA3",1234,162,1.85042798647e-08
"HMGN1",1234,163,1.8346789510632e-08
"SRM",1234,164,1.83351605022143e-08
"BIRC3",1234,165,1.83297275511565e-08
"DKC1",1234,166,1.82745120131375e-08
"TSPAN1",1234,167,1.82725461893762e-08
"IL1R2",1234,168,1.82657514849673e-08
"HSD17B10",1234,169,1.82577822075603e-08
"MRPS12",1234,170,1.81636797776533e-08
"ERH",1234,171,1.80428897676975e-08
"SET",1234,172,1.80304137218902e-08
"SNRPD2",1234,173,1.80239206665338e-08
"APEX1",1234,174,1.80181046559701e-08
"DTYMK",1234,175,1.79873259491891e-08
"MRPS7",1234,176,1.79339897084009e-08
"PSMA5",1234,177,1.79131125114767e-08
"AIMP2",1234,178,1.78817831001389e-08
"SLC12A2",1234,179,1.78741715374339e-08
"CEACAM5",1234,180,1.78711889424461e-08
"SEC13",1234,181,1.78700616955345e-08
"MRPL20",1234,182,1.78540572767318e-08
"CRELD2",1234,183,1.77820658441084e-08
"EMP1",1234,184,1.77435731530101e-08
"DHRS9",1234,185,1.76459106573135e-08
"CDHR5",1234,186,1.76080880751299e-08
"EIF3E",1234,187,1.74910744993934e-08
"SLC26A3",1234,188,1.747731362066e-08
"STMN1",1234,189,1.74560648984414e-08
"TRAP1",1234,190,1.73109977089641e-08
"BLVRB",1234,191,1.72614439892275e-08
"SLCO2A1",1234,192,1.72351407368283e-08
"MRPL11",1234,193,1.7229990386677e-08
"NDUFS8",1234,194,1.71972551370477e-08
"SARS",1234,195,1.71498823745751e-08
"DEK",1234,196,1.71143447923295e-08
"TXNDC17",1234,197,1.71098231659415e-08
"GGCT",1234,198,1.70722761614643e-08
"NDUFAF3",1234,199,1.70549197887284e-08
"GCNT3",1234,200,1.70525298506854e-08
"STOML2",1234,201,1.70261722547637e-08
"RHOF",1234,202,1.6948456213273e-08
"HNRNPD",1234,203,1.68859100643649e-08
"MRPL27",1234,204,1.68206803082169e-08
"SPCS1",1234,205,1.67651411002773e-08
"SNRNP25",1234,206,1.67348089238314e-08
"SHMT2",1234,207,1.67036078585638e-08
"EEF2",1234,208,1.6676795381386e-08
"MS4A12",1234,209,1.66692664308633e-08
"BCL7C",1234,210,1.6633583895215e-08
"SSB",1234,211,1.66073908697015e-08
"MRTO4",1234,212,1.66056591055737e-08
"CDC37",1234,213,1.66025071857122e-08
"POLR3K",1234,214,1.65740650741408e-08
"HNRNPA0",1234,215,1.6548987611552e-08
"ORMDL2",1234,216,1.65370259061483e-08
"CHCHD10",1234,217,1.65233645300273e-08
"ISG20",1234,218,1.65225541410805e-08
"GLTSCR2",1234,219,1.65209405862601e-08
"TUBB4B",1234,220,1.65175563686957e-08
"HMGN2",1234,221,1.65009938842525e-08
"PLAUR",1234,222,1.6499273382362e-08
"SEPW1",1234,223,1.64936725656356e-08
"POLR2G",1234,224,1.64602679421584e-08
"EXOSC8",1234,225,1.64159285616669e-08
"ERRFI1",1234,226,1.6415861080317e-08
"TM4SF1",1234,227,1.63402305968155e-08
"STARD10",1234,228,1.6288055017528e-08
"CFL1",1234,229,1.62312651402301e-08
"AP1S1",1234,230,1.61333471757613e-08
"SLC51B",1234,231,1.61266804054226e-08
"PSMB5",1234,232,1.61020382206162e-08
"ZBP1",1234,233,1.6061239647292e-08
"SERBP1",1234,234,1.60507125435163e-08
"PEBP1",1234,235,1.59871919313459e-08
"GSTO1",1234,236,1.59759013257521e-08
"PARP1",1234,237,1.59211831348593e-08
"MRPL54",1234,238,1.58992580868134e-08
"LSM2",1234,239,1.58643173784622e-08
"YARS",1234,240,1.58538135203306e-08
"SNHG6",1234,241,1.58307753908744e-08
"NME4",1234,242,1.58243812388851e-08
"CCT8",1234,243,1.58092418467494e-08
"TNIP3",1234,244,1.57613645422546e-08
"CASP5",1234,245,1.57559754638418e-08
"CTD-2228K2.5",1234,246,1.57477907535543e-08
"TMEM208",1234,247,1.57408599205368e-08
"HSPA5",1234,248,1.57250847439704e-08
"SLC6A8",1234,249,1.56897031939107e-08
"ADM",1234,250,1.56487100794619e-08
"ID3",1234,251,1.56463494185884e-08
"DUOXA2",1234,252,1.55667473884566e-08
"PKIB",1234,253,1.55264312349508e-08
"NACA",1234,254,1.54750308510274e-08
"ANXA3",1234,255,1.54660542155662e-08
"PCBD1",1234,256,1.54613725140022e-08
"HSP90B1",1234,257,1.54481891909353e-08
"HHLA2",1234,258,1.54474619000561e-08
"SLC25A6",1234,259,1.54456267358358e-08
"PFDN2",1234,260,1.5418122532431e-08
"COMT",1234,261,1.53576830546563e-08
"EGLN3",1234,262,1.53479152044835e-08
"CDKN1A",1234,263,1.52574953589296e-08
"RNASE1",1234,264,1.52281496764768e-08
"FDPS",1234,265,1.52071355997666e-08
"PITX1",1234,266,1.5200428233981e-08
"DAD1",1234,267,1.51888797112414e-08
"SNRPC",1234,268,1.51819248878086e-08
"SSRP1",1234,269,1.51731625633034e-08
"CYC1",1234,270,1.51675146386089e-08
"EDF1",1234,271,1.51563598979945e-08
"TRIM31",1234,272,1.51365095907898e-08
"NOS2",1234,273,1.50882007329983e-08
"TMEM141",1234,274,1.50593831646227e-08
"SLC25A39",1234,275,1.50268431247006e-08
"S100P",1234,276,1.50222577043226e-08
"LAD1",1234,277,1.50187219891125e-08
"RUVBL2",1234,278,1.49629848741431e-08
"HMGB1",1234,279,1.49612301550996e-08
"CACYBP",1234,280,1.49464885469917e-08
"ATP5D",1234,281,1.4872915385504e-08
"PSMG1",1234,282,1.48452794610292e-08
"ASL",1234,283,1.48064100454671e-08
"PHGR1",1234,284,1.48041499099748e-08
"PSMG3",1234,285,1.47945520285764e-08
"HIST1H1C",1234,286,1.47429312329613e-08
"TYMS",1234,287,1.4733818465819e-08
"MRPL3",1234,288,1.46850245758312e-08
"LMO7",1234,289,1.45872155322537e-08
"ASCL2",1234,290,1.45740832164553e-08
"FAM162A",1234,291,1.45633466566031e-08
"OLFM4",1234,292,1.45619152671931e-08
"ZNHIT1",1234,293,1.45507321237256e-08
"PDZK1IP1",1234,294,1.45023738761167e-08
"CENPM",1234,295,1.44958061466501e-08
"NGFRAP1",1234,296,1.4455727977424e-08
"WDR34",1234,297,1.44404437876009e-08
"FKBP2",1234,298,1.44399616296691e-08
"EIF3K",1234,299,1.44062482278015e-08
"WBSCR22",1234,300,1.43328789277219e-08
"MYL6",1234,301,1.433166802642e-08
"S100A16",1234,302,1.43283466991446e-08
"SRSF2",1234,303,1.429357815115e-08
"MRPS23",1234,304,1.42764640129203e-08
"TSTA3",1234,305,1.4267917787071e-08
"HSPA8",1234,306,1.42631033004294e-08
"GBP3",1234,307,1.42032836515725e-08
"FGFBP1",1234,308,1.41571866015729e-08
"COA4",1234,309,1.41074229280567e-08
"TSPO",1234,310,1.4086889558799e-08
"MKI67IP",1234,311,1.40574164289336e-08
"GAS5",1234,312,1.40487204331959e-08
"EBPL",1234,313,1.40030167246256e-08
"RNASEH2A",1234,314,1.39771826002012e-08
"EIF3F",1234,315,1.39610322076846e-08
"FAU",1234,316,1.39560720107065e-08
"PPIA",1234,317,1.39294164176551e-08
"CLDN7",1234,318,1.38892032355424e-08
"MRPL51",1234,319,1.38886138038411e-08
"DYNLL1",1234,320,1.38702189027122e-08
"TAGLN2",1234,321,1.37712713006509e-08
"CBR1",1234,322,1.37493854341532e-08
"SSR3",1234,323,1.37190636268234e-08
"ADRM1",1234,324,1.37133913553211e-08
"VPS25",1234,325,1.37093198130238e-08
"NDUFC2",1234,326,1.36637725066232e-08
"COPS6",1234,327,1.35342614846853e-08
"NDUFB8",1234,328,1.35222108375078e-08
"SEC11C",1234,329,1.35120986884777e-08
"LAMTOR5",1234,330,1.35103832167455e-08
"EIF3M",1234,331,1.34869995303382e-08
"ILF2",1234,332,1.34424171905969e-08
"SH3BGRL3",1234,333,1.34411734912986e-08
"MCM6",1234,334,1.34023226387989e-08
"SRSF3",1234,335,1.33431086298354e-08
"MRPL55",1234,336,1.33105999113048e-08
"ECI1",1234,337,1.33011218403134e-08
"C17orf89",1234,338,1.32707662384737e-08
"LRRC59",1234,339,1.32573787481191e-08
"CCT3",1234,340,1.32023157163561e-08
"NDUFA9",1234,341,1.31556068882128e-08
"TUBA1C",1234,342,1.31299403811973e-08
"BCAP31",1234,343,1.3122136426778e-08
"EPHB2",1234,344,1.31102246506881e-08
"NEDD8",1234,345,1.30642838400694e-08
"HSPBP1",1234,346,1.30624892302634e-08
"PSME2",1234,347,1.30499867233157e-08
"DANCR",1234,348,1.30457682965794e-08
"NUCB2",1234,349,1.30391517522877e-08
"IFI27",1234,350,1.30203728938116e-08
"GPX4",1234,351,1.30077571527577e-08
"MZT2A",1234,352,1.29474107489209e-08
"AURKAIP1",1234,353,1.2943660592938e-08
"MRPS15",1234,354,1.28785540375651e-08
"MAGOHB",1234,355,1.27732633473878e-08
"RBM8A",1234,356,1.27230065633601e-08
"NDUFB11",1234,357,1.27052596886188e-08
"CUTA",1234,358,1.27020342764873e-08
"BZW2",1234,359,1.27019754322507e-08
"NOP58",1234,360,1.27017326828594e-08
"SLC25A5",1234,361,1.26848615109481e-08
"GALE",1234,362,1.26533359789729e-08
"NANS",1234,363,1.26491816014982e-08
"C11orf86",1234,364,1.26228620955328e-08
"EIF2S2",1234,365,1.26111572637757e-08
"HMBS",1234,366,1.25835684947551e-08
"SNHG8",1234,367,1.25753958741274e-08
"C16orf13",1234,368,1.25628843728163e-08
"FIS1",1234,369,1.25622196964335e-08
"ATP5O",1234,370,1.25430382923494e-08
"TUFM",1234,371,1.25292615452681e-08
"PCK2",1234,372,1.2513162800865e-08
"SPCS2",1234,373,1.25051503977978e-08
"HMGN3",1234,374,1.25043415300288e-08
"TPI1",1234,375,1.24945892917446e-08
"PSMB7",1234,376,1.2455159696035e-08
"CLCA4",1234,377,1.24438068170701e-08
"HNRNPA2B1",1234,378,1.2391053680066e-08
"EIF3D",1234,379,1.23821494258801e-08
"KIAA0101",1234,380,1.2316329631079e-08
"PSMD8",1234,381,1.22863050559607e-08
"CA4",1234,382,1.22744458758924e-08
"PSMB2",1234,383,1.22654751539981e-08
"ANP32B",1234,384,1.22367828059283e-08
"TK1",1234,385,1.22262912287186e-08
"PSMD7",1234,386,1.21749650415906e-08
"SNRPD3",1234,387,1.21733846381966e-08
"PSMD13",1234,388,1.21340528586016e-08
"NUDT5",1234,389,1.2128044285389e-08
"WDR61",1234,390,1.20677030017896e-08
"FABP1",1234,391,1.20591357694799e-08
"ATP5G3",1234,392,1.20454459306641e-08
"MTX1",1234,393,1.1980924160625e-08
"CCDC124",1234,394,1.19652579484199e-08
"AHCY",1234,395,1.1954438687873e-08
"COL17A1",1234,396,1.19439364334656e-08
"PTGES3",1234,397,1.18833649645669e-08
"OAZ1",1234,398,1.18659901815393e-08
"ZNF511",1234,399,1.18657913864122e-08
"DDX39A",1234,400,1.18002094983978e-08
"PDIA3",1234,401,1.17712289414572e-08
"UBE2T",1234,402,1.16521116096286e-08
"MLEC",1234,403,1.16509188594988e-08
"EPHB3",1234,404,1.16373035535907e-08
"GPX1",1234,405,1.16227676816854e-08
"EEF1D",1234,406,1.16064945687258e-08
"TRIM40",1234,407,1.15911326550978e-08
"MRPL4",1234,408,1.15535442087022e-08
"MRPL14",1234,409,1.15493294508878e-08
"PMEPA1",1234,410,1.15477135965744e-08
"GCSH",1234,411,1.15430376789487e-08
"ZFP36L2",1234,412,1.1508255216799e-08
"PFKFB3",1234,413,1.1497409383199e-08
"FKBP4",1234,414,1.1477623488684e-08
"RP11-294O2.2",1234,415,1.14661222372906e-08
"NDUFB9",1234,416,1.14392701571892e-08
"IDH2",1234,417,1.14212077398297e-08
"XRCC6",1234,418,1.14167126764459e-08
"GBP2",1234,419,1.14145072475402e-08
"SLC6A14",1234,420,1.14084852654635e-08
"HPGD",1234,421,1.13709326340227e-08
"MCM3",1234,422,1.1369498646323e-08
"CDHR2",1234,423,1.13646733716083e-08
"SELK",1234,424,1.13405567013967e-08
"IGJ",1234,425,1.13330176026696e-08
"CIB1",1234,426,1.13249651366134e-08
"TOMM7",1234,427,1.13248487843352e-08
"TMEM97",1234,428,1.1311098188616e-08
"POP5",1234,429,1.12935052719224e-08
"VCP",1234,430,1.12856836783571e-08
"LSM5",1234,431,1.12855388884247e-08
"CCDC58",1234,432,1.12084955857035e-08
"SAMD9",1234,433,1.11786246559289e-08
"SMIM5",1234,434,1.11323857097959e-08
"C19orf70",1234,435,1.11078725704036e-08
"ISG15",1234,436,1.1103229181345e-08
"HELLS",1234,437,1.10957654021925e-08
"LSM7",1234,438,1.10802480360655e-08
"COMTD1",1234,439,1.10765250070046e-08
"NUCKS1",1234,440,1.106707632025e-08
"SIGMAR1",1234,441,1.10600337591798e-08
"TARS",1234,442,1.10524920133763e-08
"SERPINB6",1234,443,1.10397474563709e-08
"CCT4",1234,444,1.09927666971379e-08
"LINC00035",1234,445,1.09893080025927e-08
"EIF1AX",1234,446,1.09853181797085e-08
"CALM1",1234,447,1.09773515955958e-08
"REPIN1",1234,448,1.09625945463781e-08
"PI3",1234,449,1.09081025720841e-08
"CKS1B",1234,450,1.08973491558661e-08
"FARSA",1234,451,1.08704603594409e-08
"ASS1",1234,452,1.08600613278931e-08
"C11orf31",1234,453,1.08515854692416e-08
"DST",1234,454,1.08329256356651e-08
"AP2S1",1234,455,1.08067024978939e-08
"REEP5",1234,456,1.07757236988291e-08
"IGHA1",1234,457,1.07592300643326e-08
"NFIC",1234,458,1.07069037074614e-08
"CCT6A",1234,459,1.07044806841653e-08
"ATP5C1",1234,460,1.06805958139224e-08
"B4GALT1",1234,461,1.06769143349631e-08
"UQCRFS1",1234,462,1.0672490931486e-08
"RARRES3",1234,463,1.06707122521421e-08
"SLC16A3",1234,464,1.06571413760292e-08
"MRPL13",1234,465,1.06303449248689e-08
"APOL1",1234,466,1.06292001310204e-08
"EEF1E1",1234,467,1.06276289630621e-08
"USP53",1234,468,1.06221341712373e-08
"PPIF",1234,469,1.06152505303838e-08
"MRPL22",1234,470,1.0594507385906e-08
"C20orf27",1234,471,1.05835363198113e-08
"RSL1D1",1234,472,1.05567994022218e-08
"RNF213",1234,473,1.05105862825745e-08
"BRIX1",1234,474,1.05053725386797e-08
"PLEC",1234,475,1.047399109988e-08
"POLE3",1234,476,1.04659587019514e-08
"RGMB",1234,477,1.04637522495315e-08
"PKM",1234,478,1.04289643851724e-08
"TRIM15",1234,479,1.04025139847825e-08
"RNH1",1234,480,1.03625927684005e-08
"CD55",1234,481,1.03376510987775e-08
"COX4I1",1234,482,1.0315969091145e-08
"GTF3C6",1234,483,1.03111032496817e-08
"ITGB6",1234,484,1.03104936700801e-08
"PDIA6",1234,485,1.02974039021391e-08
"FOXA3",1234,486,1.02973086263716e-08
"PHB2",1234,487,1.02843312077358e-08
"SNRNP70",1234,488,1.02777203467729e-08
"ECHS1",1234,489,1.02758577810165e-08
"SRA1",1234,490,1.0271854578131e-08
"BUD31",1234,491,1.02674282923074e-08
"SMPDL3A",1234,492,1.02422847243037e-08
"CXCL1",1234,493,1.02370692952316e-08
"HNRNPDL",1234,494,1.02092074632917e-08
"ERO1L",1234,495,1.01993942127838e-08
"PHF5A",1234,496,1.01859160187862e-08
"MXI1",1234,497,1.01774123542351e-08
"CDX1",1234,498,1.01177947697321e-08
"MRPL37",1234,499,1.01086664408722e-08
"PSMD6",1234,500,1.00854587766346e-08
"BTF3",1234,501,1.00668279133634e-08
"PBDC1",1234,502,1.00658988226736e-08
"ATP5B",1234,503,1.00536974641774e-08
"TMED10",1234,504,1.00512624422895e-08
"CD59",1234,505,1.00276300788929e-08
"ZFAS1",1234,506,1.00141171225294e-08
"PLS1",1234,507,9.99648099423093e-09
"CD44",1234,508,9.98146827048437e-09
"TMEM205",1234,509,9.96963336116025e-09
"PSMD4",1234,510,9.96727283231615e-09
"MYO15B",1234,511,9.95247469956587e-09
"POLR2E",1234,512,9.902027354169e-09
"SNRPF",1234,513,9.8693691844608e-09
"ARPC1B",1234,514,9.83308114904259e-09
"FUS",1234,515,9.83168998063555e-09
"MAFF",1234,516,9.81021619376611e-09
"FHL2",1234,517,9.76574383563853e-09
"PSMC5",1234,518,9.76525096134878e-09
"SMARCC1",1234,519,9.73751910398345e-09
"EXOSC5",1234,520,9.73349059656037e-09
"GPRC5A",1234,521,9.70693681785737e-09
"H3F3A",1234,522,9.66979518549743e-09
"PDIA4",1234,523,9.66643899788224e-09
"SEC61G",1234,524,9.64418285364989e-09
"AQP1",1234,525,9.6154963190998e-09
"TSFM",1234,526,9.61139543275415e-09
"CASP10",1234,527,9.60008525920161e-09
"HMGB2",1234,528,9.58399885687856e-09
"NOLC1",1234,529,9.57505270502174e-09
"TMEM37",1234,530,9.57062646728966e-09
"CDK6",1234,531,9.53951381614952e-09
"SLC35B1",1234,532,9.51607050322365e-09
"CCL28",1234,533,9.49969968293715e-09
"SSFA2",1234,534,9.49056528468848e-09
"IGHM",1234,535,9.46605574026257e-09
"PSMD2",1234,536,9.45821306144325e-09
"CAPG",1234,537,9.44697957836306e-09
"KLF6",1234,538,9.43682633068563e-09
"BAX",1234,539,9.42031410943452e-09
"H2AFV",1234,540,9.39799217427041e-09
"TMC5",1234,541,9.38242724904093e-09
"CYP3A5",1234,542,9.37549708121211e-09
"TRAPPC2L",1234,543,9.3627073842656e-09
"IGLC7",1234,544,9.35795300567637e-09
"CCDC167",1234,545,9.35492824875625e-09
"RER1",1234,546,9.34605384538718e-09
"LIPH",1234,547,9.34583113265868e-09
"TOMM22",1234,548,9.34036700080609e-09
"TYMP",1234,549,9.33393317254518e-09
"ZWINT",1234,550,9.32903461283583e-09
"SHD",1234,551,9.30312020896611e-09
"ATIC",1234,552,9.29511313461452e-09
"PPIH",1234,553,9.28212061780834e-09
"NT5C3A",1234,554,9.27534307473884e-09
"LMNA",1234,555,9.27310593156201e-09
"IFNGR1",1234,556,9.26975332913283e-09
"PDCD5",1234,557,9.26705988230316e-09
"SULT1B1",1234,558,9.25147199029516e-09
"CCDC34",1234,559,9.25049844203864e-09
"SNHG16",1234,560,9.24581762251155e-09
"SAT1",1234,561,9.23412389840639e-09
"TMEM123",1234,562,9.22059241090213e-09
"MARCKSL1",1234,563,9.20532295427622e-09
"PPA2",1234,564,9.20050600399943e-09
"TSC22D1",1234,565,9.14871142459811e-09
"JTB",1234,566,9.14690305837048e-09
"UBA52",1234,567,9.13863680739474e-09
"IMP4",1234,568,9.12629330283484e-09
"MLPH",1234,569,9.09420657123737e-09
"MZB1",1234,570,9.07550978088083e-09
"HM13",1234,571,9.07539790368376e-09
"EIF4B",1234,572,9.06470764050706e-09
"PSMC3",1234,573,9.06330579980133e-09
"RP11-48O20.4",1234,574,9.03353789711968e-09
"HNRNPM",1234,575,9.0010739193938e-09
"HLA-E",1234,576,8.9874985657215e-09
"PNRC1",1234,577,8.98607315309884e-09
"NDUFS6",1234,578,8.9856368416519e-09
"CKMT1B",1234,579,8.98392887945532e-09
"DNMT1",1234,580,8.94772190674336e-09
"TRAPPC1",1234,581,8.88618037923622e-09
"NDUFS3",1234,582,8.88118836031328e-09
"UQCRC1",1234,583,8.88023606477515e-09
"EBP",1234,584,8.87439055805995e-09
"GTF3A",1234,585,8.85828968391558e-09
"PTPLAD1",1234,586,8.84614210919145e-09
"PRDX1",1234,587,8.84287019479961e-09
"CNN3",1234,588,8.82833809084231e-09
"CLNS1A",1234,589,8.80871990547305e-09
"MCM5",1234,590,8.76693111568349e-09
"LITAF",1234,591,8.75485361925416e-09
"PARM1",1234,592,8.72401642086203e-09
"CCNG1",1234,593,8.71772725368727e-09
"ATP10B",1234,594,8.70369572879586e-09
"SNRPA1",1234,595,8.68618137717649e-09
"C10orf99",1234,596,8.6834006621527e-09
"CKS2",1234,597,8.68052878210651e-09
"IGKC",1234,598,8.6678191303709e-09
"C11orf83",1234,599,8.65889960811383e-09
"MGST2",1234,600,8.6358886600649e-09
"ALDH1B1",1234,601,8.63131047041605e-09
"RABAC1",1234,602,8.61750625775799e-09
"UGP2",1234,603,8.57555916237618e-09
"RMI2",1234,604,8.57169383238071e-09
"CHMP2A",1234,605,8.5648754627417e-09
"GMNN",1234,606,8.55453851883406e-09
"SLC22A18",1234,607,8.55228700271164e-09
"ETS2",1234,608,8.54504546295002e-09
"PLEKHJ1",1234,609,8.5276612194897e-09
"PHPT1",1234,610,8.52526883075118e-09
"PAFAH1B3",1234,611,8.52396739076019e-09
"EIF2S1",1234,612,8.51039366587608e-09
"RCN2",1234,613,8.50419821403198e-09
"SEC61A1",1234,614,8.50205403671776e-09
"MRPS28",1234,615,8.48892122746126e-09
"LRP10",1234,616,8.48764034731414e-09
"POLR2F",1234,617,8.47715433421137e-09
"ECH1",1234,618,8.47369014548454e-09
"NFIA",1234,619,8.46322468990365e-09
"YIF1A",1234,620,8.45866295380573e-09
"MRPL16",1234,621,8.44633969001488e-09
"HSPA9",1234,622,8.3972654838617e-09
"PPP1R1B",1234,623,8.39712467024273e-09
"KDELR2",1234,624,8.3921564891117e-09
"ILF3",1234,625,8.38853805095811e-09
"PLP2",1234,626,8.36100777357927e-09
"HMOX2",1234,627,8.34401729514151e-09
"SUMO2",1234,628,8.32808618343667e-09
"PMVK",1234,629,8.31989011464496e-09
"NT5C",1234,630,8.31286113385866e-09
"B2M",1234,631,8.29397671409977e-09
"NBEAL1",1234,632,8.28601321394152e-09
"POLR1D",1234,633,8.26104524474646e-09
"FOSB",1234,634,8.25044683779757e-09
"MYC",1234,635,8.24141630724876e-09
"SF3B14",1234,636,8.23031049167583e-09
"PFDN6",1234,637,8.21007520605793e-09
"LEFTY1",1234,638,8.20275292363063e-09
"ATP5G2",1234,639,8.19960551281932e-09
"RBMX",1234,640,8.19636118209294e-09
"CAPNS1",1234,641,8.18557131621285e-09
"MTHFD2",1234,642,8.1401574632511e-09
"HES1",1234,643,8.12872599106008e-09
"IGHA2",1234,644,8.12421587036585e-09
"MLTK",1234,645,8.10677859466179e-09
"KLK15",1234,646,8.09164908449435e-09
"SSR4",1234,647,8.08663896291556e-09
"F12",1234,648,8.07806798827029e-09
"CCND2",1234,649,8.06851010326631e-09
"ATP5F1",1234,650,8.06249132919265e-09
"CELF2",1234,651,8.05459370540861e-09
"AHSA1",1234,652,8.0510212050502e-09
"EIF3H",1234,653,8.0491351693255e-09
"EXOSC4",1234,654,8.04762060025857e-09
"DHRS4L2",1234,655,8.02147968986573e-09
"MRPL23",1234,656,8.00498113104333e-09
"IGLC3",1234,657,7.98487058449954e-09
"CLTA",1234,658,7.97803725273218e-09
"MRP63",1234,659,7.9744402160031e-09
"COMMD6",1234,660,7.97124425042491e-09
"RBM3",1234,661,7.96758165671656e-09
"HAX1",1234,662,7.95166087750661e-09
"CCDC85B",1234,663,7.94739347336034e-09
"HNRNPF",1234,664,7.87641477830504e-09
"UQCRH",1234,665,7.86631550829532e-09
"MRPL36",1234,666,7.858135387985e-09
"ZNF593",1234,667,7.83232700394107e-09
"TIMM17A",1234,668,7.82784435603762e-09
"EIF5",1234,669,7.81748964785118e-09
"EIF1",1234,670,7.81584077136339e-09
"C19orf43",1234,671,7.79846221907549e-09
"EMC7",1234,672,7.78811312246124e-09
"LEPREL1",1234,673,7.7774964981146e-09
"UFD1L",1234,674,7.7766944293984e-09
"RBX1",1234,675,7.76463713376885e-09
"NONO",1234,676,7.75593680922366e-09
"YBX3",1234,677,7.73594511239221e-09
"HNRNPC",1234,678,7.72675102423283e-09
"ABHD11",1234,679,7.71140953241661e-09
"VPS29",1234,680,7.70946156794694e-09
"MDH2",1234,681,7.69997074870869e-09
"SNHG7",1234,682,7.69232033812617e-09
"MLXIP",1234,683,7.68042326770203e-09
"DPM1",1234,684,7.6583321203088e-09
"SCO2",1234,685,7.63003827386318e-09
"C19orf53",1234,686,7.61467714275087e-09
"ATP5H",1234,687,7.60100478424766e-09
"ATPIF1",1234,688,7.56654380931631e-09
"POMP",1234,689,7.52147419482709e-09
"C6orf48",1234,690,7.51300388616644e-09
"GRHPR",1234,691,7.497421401362e-09
"HNRNPAB",1234,692,7.49555322339209e-09
"LSMD1",1234,693,7.4859143463165e-09
"EIF3B",1234,694,7.45888110008212e-09
"ALG5",1234,695,7.44779164429727e-09
"COX7A2L",1234,696,7.4272967586872e-09
"PLA2G10",1234,697,7.42701519263436e-09
"PTPRH",1234,698,7.41978869331687e-09
"DBI",1234,699,7.41138493465574e-09
"GDPD3",1234,700,7.41126076958158e-09
"QTRT1",1234,701,7.40132078128703e-09
"DNAJB11",1234,702,7.38654742958124e-09
"C4BPB",1234,703,7.3845326851306e-09
"PSIP1",1234,704,7.37970489411711e-09
"CMSS1",1234,705,7.36876468266032e-09
"ARPC3",1234,706,7.35663935359536e-09
"ENKUR",1234,707,7.3256099877598e-09
"ATP5A1",1234,708,7.3164874023822e-09
"ARL1",1234,709,7.29069898092375e-09
"MZT2B",1234,710,7.28801310423445e-09
"NAPRT1",1234,711,7.2864384130072e-09
"NDUFB7",1234,712,7.27692373208268e-09
"ARPC1A",1234,713,7.26492247735868e-09
"LSM3",1234,714,7.25351331037878e-09
"CISD1",1234,715,7.20702587801906e-09
"TOMM20",1234,716,7.20076962952115e-09
"LAMA3",1234,717,7.15879818344632e-09
"TAF15",1234,718,7.15173679792155e-09
"EIF4G1",1234,719,7.1434670451564e-09
"CD274",1234,720,7.13569515535998e-09
"NELFE",1234,721,7.13064072040403e-09
"ITPA",1234,722,7.12867678566944e-09
"RHOBTB3",1234,723,7.12580589477446e-09
"ANAPC11",1234,724,7.11868017965337e-09
"HOXB13",1234,725,7.11813375527276e-09
"DNAJC9",1234,726,7.10666373243742e-09
"OAS1",1234,727,7.09763601479794e-09
"NAA10",1234,728,7.0962326376244e-09
"ZC3H12A",1234,729,7.09619858291807e-09
"POLR2H",1234,730,7.07884538924493e-09
"TMEM179B",1234,731,7.07871101328605e-09
"NR2C2AP",1234,732,7.04776103086913e-09
"MISP",1234,733,7.03593221072941e-09
"SAP18",1234,734,7.02191239095538e-09
"RRAS",1234,735,7.01668911599266e-09
"RNPS1",1234,736,7.0073119134619e-09
"RPN1",1234,737,7.00652585035505e-09
"PCBP2",1234,738,6.99554448744526e-09
"CCL20",1234,739,6.9768923418103e-09
"MKI67",1234,740,6.97023454339278e-09
"UBE2L3",1234,741,6.96949643202388e-09
"UQCC2",1234,742,6.94258338353209e-09
"GNL3",1234,743,6.93405108698036e-09
"SLC39A4",1234,744,6.93298148250427e-09
"COPZ1",1234,745,6.92774841350942e-09
"MATR3",1234,746,6.9259090313375e-09
"S100A6",1234,747,6.91743914820739e-09
"MIEN1",1234,748,6.90665873881109e-09
"SOCS3",1234,749,6.9024251169967e-09
"GSN",1234,750,6.89125156835793e-09
"PDAP1",1234,751,6.88933508545476e-09
"SRSF9",1234,752,6.88850264251052e-09
"LSM6",1234,753,6.88371560160462e-09
"SOCS1",1234,754,6.85946145978656e-09
"IRF1",1234,755,6.83542449349836e-09
"TIMP2",1234,756,6.83209195973105e-09
"TST",1234,757,6.80321220988004e-09
"CALM2",1234,758,6.79464037261039e-09
"RAB31",1234,759,6.79059672467196e-09
"NDUFS2",1234,760,6.778900859699e-09
"HRASLS2",1234,761,6.76922917575757e-09
"PRPS2",1234,762,6.76470414589571e-09
"NDUFS5",1234,763,6.76194929171815e-09
"GMPPA",1234,764,6.74849465330072e-09
"CMC1",1234,765,6.74021610879066e-09
"OASL",1234,766,6.73770520104223e-09
"MGST3",1234,767,6.732142426649e-09
"TPGS2",1234,768,6.73128270708437e-09
"LUM",1234,769,6.73118149163848e-09
"FXYD3",1234,770,6.72790647397865e-09
"IDH3B",1234,771,6.71711040440186e-09
"ZNF90",1234,772,6.71135133619508e-09
"PRAC1",1234,773,6.70499625487615e-09
"PRDM1",1234,774,6.69374878683188e-09
"BATF2",1234,775,6.69347775192688e-09
"PPM1G",1234,776,6.6741493400683e-09
"RNASEH2B",1234,777,6.66969043972344e-09
"TRA2B",1234,778,6.6687640314097e-09
"LYPD8",1234,779,6.6530109332657e-09
"FAM132A",1234,780,6.64068253841197e-09
"FAM173A",1234,781,6.63873423737447e-09
"PPP2R1A",1234,782,6.6297648643952e-09
"IARS",1234,783,6.62958690428927e-09
"ST13",1234,784,6.62328771166171e-09
"ST3GAL4",1234,785,6.61347481370386e-09
"TPT1",1234,786,6.60251846964845e-09
"APOA1BP",1234,787,6.58646244325234e-09
"AKR1B10",1234,788,6.58417342116605e-09
"GUK1",1234,789,6.57775885161513e-09
"DRAP1",1234,790,6.57667098342087e-09
"GLDN",1234,791,6.57455958089997e-09
"EMC4",1234,792,6.56864029892594e-09
"MVP",1234,793,6.56839632825912e-09
"YWHAQ",1234,794,6.56652581417285e-09
"PSMB4",1234,795,6.56287668577341e-09
"CDK2AP2",1234,796,6.56141224828933e-09
"EFHD2",1234,797,6.53035800381688e-09
"PSMD14",1234,798,6.52779741026928e-09
"PLOD2",1234,799,6.5195443624654e-09
"SMC4",1234,800,6.51578254595401e-09
"SMPD1",1234,801,6.50350321175197e-09
"SAMD9L",1234,802,6.50116413522622e-09
"TMEM171",1234,803,6.48173454748743e-09
"TMED3",1234,804,6.45673615556086e-09
"LMAN2",1234,805,6.44205219050001e-09
"LCN2",1234,806,6.43001233742063e-09
"MAGOH",1234,807,6.4002226662612e-09
"RCAN1",1234,808,6.39213686028153e-09
"SSNA1",1234,809,6.38982609279602e-09
"MDH1",1234,810,6.38922744109048e-09
"CCNG2",1234,811,6.38906735637245e-09
"SNRPG",1234,812,6.3736606630527e-09
"ESD",1234,813,6.37365779113342e-09
"ASF1B",1234,814,6.35955708851949e-09
"EMC6",1234,815,6.3574098750473e-09
"SMC2",1234,816,6.35025160416465e-09
"IRF2BP2",1234,817,6.33745931047512e-09
"MPC2",1234,818,6.33588775681234e-09
"BTNL8",1234,819,6.33007347659864e-09
"C2orf88",1234,820,6.3274663818862e-09
"HRCT1",1234,821,6.32258828339866e-09
"UNC13D",1234,822,6.31594879095254e-09
"KRT7",1234,823,6.30823436866248e-09
"ZG16",1234,824,6.3031262122505e-09
"TMEM14C",1234,825,6.30081485869787e-09
"GPR160",1234,826,6.29420086218273e-09
"RPA3",1234,827,6.28318469020764e-09
"IMP3",1234,828,6.27964272473251e-09
"SLC25A3",1234,829,6.27318314849545e-09
"CCDC68",1234,830,6.26839205083502e-09
"CAPN8",1234,831,6.26192119892777e-09
"CERS6",1234,832,6.25804208942853e-09
"RRM1",1234,833,6.25779759876335e-09
"KHDRBS1",1234,834,6.25731829578392e-09
"HDAC2",1234,835,6.25534850887539e-09
"VIM",1234,836,6.2544608309197e-09
"RHOC",1234,837,6.25321144741427e-09
"ASRGL1",1234,838,6.25212210435136e-09
"STAT1",1234,839,6.24039602573748e-09
"GBP1",1234,840,6.23790165895796e-09
"LAMTOR1",1234,841,6.23295713620388e-09
"CNPY2",1234,842,6.23050838351407e-09
"CDT1",1234,843,6.21623717116384e-09
"TP53",1234,844,6.21190124392382e-09
"NDUFB3",1234,845,6.20956199949627e-09
"APOL2",1234,846,6.20894982326206e-09
"TAF9",1234,847,6.19597593491046e-09
"RPN2",1234,848,6.19055358960988e-09
"BTNL3",1234,849,6.18594302665701e-09
"NDUFA4",1234,850,6.18551933751735e-09
"RNF19B",1234,851,6.1744331828238e-09
"DDX60",1234,852,6.1736492339141e-09
"RNA18S5",1234,853,6.17120294053449e-09
"ARL6IP4",1234,854,6.16255982490188e-09
"PFDN5",1234,855,6.15595876250597e-09
"GAS6",1234,856,6.14956272575681e-09
"IL18",1234,857,6.1487915226669e-09
"TIMM50",1234,858,6.13912110890519e-09
"TMEM106C",1234,859,6.12866165891033e-09
"MRPS25",1234,860,6.12714014696925e-09
"EI24",1234,861,6.11578581849209e-09
"NOP10",1234,862,6.11545402086807e-09
"PTGES2",1234,863,6.11389186899639e-09
"TIMP1",1234,864,6.10720234083898e-09
"IFRD2",1234,865,6.10310004756344e-09
"PPP4C",1234,866,6.09159809649531e-09
"TXNL4A",1234,867,6.07625030656853e-09
"STUB1",1234,868,6.07355214420713e-09
"DHFR",1234,869,6.07352303577067e-09
"FAM133B",1234,870,6.06937762036055e-09
"TNFRSF1A",1234,871,6.05343861437514e-09
"LMNB1",1234,872,6.04705002969168e-09
"C19orf33",1234,873,6.04335485704003e-09
"XRCC5",1234,874,6.04269979233044e-09
"NDUFA12",1234,875,6.03708650681496e-09
"MGLL",1234,876,6.03619248522085e-09
"TKT",1234,877,6.02732100160869e-09
"GSKIP",1234,878,6.00659308190795e-09
"AUP1",1234,879,6.00554760739208e-09
"MRPL21",1234,880,6.00414754121249e-09
"SNRNP40",1234,881,5.99646479074161e-09
"EPHA2",1234,882,5.99326881462028e-09
"PLIN3",1234,883,5.97705370730973e-09
"C12orf57",1234,884,5.97610702700707e-09
"TMEM54",1234,885,5.9713729789485e-09
"KPNB1",1234,886,5.9603176139679e-09
"RAD23A",1234,887,5.9595171613748e-09
"YPEL2",1234,888,5.9568508705857e-09
"COX7C",1234,889,5.95346711379843e-09
"CHPT1",1234,890,5.94894558511221e-09
"S100A9",1234,891,5.94461789955777e-09
"SLC39A8",1234,892,5.9353637106986e-09
"EPSTI1",1234,893,5.93420742768649e-09
"MMAB",1234,894,5.93373412950241e-09
"COX11",1234,895,5.93240218620232e-09
"NUPR1",1234,896,5.92685086965848e-09
"PRPF19",1234,897,5.92251583752179e-09
"MRPS2",1234,898,5.92071656498718e-09
"GLRX",1234,899,5.91283103093293e-09
"SMDT1",1234,900,5.90153596386836e-09
"VAMP5",1234,901,5.90061746298376e-09
"SLC46A3",1234,902,5.89965003765609e-09
"CKMT1A",1234,903,5.89627282422006e-09
"TECR",1234,904,5.88975667516793e-09
"PDE9A",1234,905,5.8820914389816e-09
"P4HB",1234,906,5.86702180731317e-09
"MRPS16",1234,907,5.86457096768472e-09
"ERN2",1234,908,5.86286031869189e-09
"DSC2",1234,909,5.85924388745627e-09
"TMBIM1",1234,910,5.85835120120926e-09
"KLF2",1234,911,5.84625950940764e-09
"VAMP8",1234,912,5.84578493845287e-09
"MCL1",1234,913,5.83870292971769e-09
"PRKDC",1234,914,5.82569946130428e-09
"HNRNPU",1234,915,5.82565317094391e-09
"PREB",1234,916,5.82485100466054e-09
"BRD7",1234,917,5.81616795714526e-09
"RNF145",1234,918,5.81259054120812e-09
"GIPC1",1234,919,5.81033679723501e-09
"PARP14",1234,920,5.80255140950032e-09
"TNFSF10",1234,921,5.80236714196851e-09
"MYH14",1234,922,5.79319003900256e-09
"ETFB",1234,923,5.77816479467810e-09
"TMA7",1234,924,5.7776063132782e-09
"BAIAP2L1",1234,925,5.77610976520251e-09
"TAF1D",1234,926,5.7759335610568e-09
"FOSL2",1234,927,5.77138233611973e-09
"APPL1",1234,928,5.77039436301374e-09
"TMEM14B",1234,929,5.76379598329651e-09
"UBE2I",1234,930,5.75762720984043e-09
"ITGB4",1234,931,5.75605851947328e-09
"MRPL32",1234,932,5.74897852120985e-09
"CPM",1234,933,5.74684884290709e-09
"ACVRL1",1234,934,5.74451019575302e-09
"DUSP2",1234,935,5.74042555734181e-09
"SKIL",1234,936,5.73527376681083e-09
"CYB5A",1234,937,5.72268248629677e-09
"CD63",1234,938,5.72066108284969e-09
"LAMB3",1234,939,5.70563843399143e-09
"ITGB3BP",1234,940,5.70151860982114e-09
"MYL12A",1234,941,5.70146018596072e-09
"ABHD3",1234,942,5.6977646012533e-09
"EPAS1",1234,943,5.67862888924968e-09
"TDP2",1234,944,5.67772874352184e-09
"TPR",1234,945,5.66457689042504e-09
"TIMM8B",1234,946,5.65779535949831e-09
"PTTG1IP",1234,947,5.65345918983349e-09
"CNBP",1234,948,5.65046839300522e-09
"LGALS1",1234,949,5.64774913625937e-09
"SLC39A7",1234,950,5.64425129607113e-09
"PTPRO",1234,951,5.64133908075349e-09
"CALR",1234,952,5.63629640269791e-09
"SRPK1",1234,953,5.63126808426923e-09
"PPP1R14D",1234,954,5.62844947444431e-09
"NOC2L",1234,955,5.60659810056163e-09
"YWHAB",1234,956,5.60404957705063e-09
"CSNK2B",1234,957,5.60153818453014e-09
"COA3",1234,958,5.59732596391266e-09
"BCL10",1234,959,5.57854866431356e-09
"PAQR8",1234,960,5.5583723883715e-09
"ERP29",1234,961,5.55576233644457e-09
"POLR2I",1234,962,5.55382230065363e-09
"PHLDA2",1234,963,5.55073246807543e-09
"NUDT1",1234,964,5.53742818208323e-09
"MRPL18",1234,965,5.53153718934034e-09
"RFK",1234,966,5.53140514470254e-09
"TMEM261",1234,967,5.53060790738941e-09
"ATP1B1",1234,968,5.52560092149919e-09
"USP1",1234,969,5.52279490740492e-09
"CASP7",1234,970,5.51822139840587e-09
"TAPBP",1234,971,5.50340049897039e-09
"MRPL52",1234,972,5.49843138753416e-09
"NDUFAF4",1234,973,5.49764711169383e-09
"FAM134B",1234,974,5.48433596231575e-09
"PLCD3",1234,975,5.46772753375349e-09
"MUC1",1234,976,5.4580138618896e-09
"SOX4",1234,977,5.4542722863934e-09
"NDRG1",1234,978,5.45109248500499e-09
"RIOK3",1234,979,5.43836433375185e-09
"SSSCA1",1234,980,5.43499373397266e-09
"ADTRP",1234,981,5.43112051521566e-09
"SPATS2L",1234,982,5.41184151452441e-09
"NDUFS7",1234,983,5.4050911540433e-09
"PSMA4",1234,984,5.39249542752806e-09
"CARD16",1234,985,5.39066234419868e-09
"SFPQ",1234,986,5.383515758905e-09
"BCL2L12",1234,987,5.37959799737647e-09
"LGALS3",1234,988,5.37376462263841e-09
"RALB",1234,989,5.372284195458e-09
"MDK",1234,990,5.37081190897653e-09
"ATF3",1234,991,5.3619319009973e-09
"TCEA1",1234,992,5.35855387234984e-09
"CBX3",1234,993,5.348863417235e-09
"FUT2",1234,994,5.34420320858449e-09
"SOD2",1234,995,5.33630494038581e-09
"LAMTOR4",1234,996,5.33295714794342e-09
"GNG12",1234,997,5.32993342515322e-09
"CAMK2N1",1234,998,5.3127085492134e-09
"HN1",1234,999,5.31000679334696e-09
"PSMC4",1234,1000,5.29778950668008e-09
"MRPL39",1234,1001,5.29621616288003e-09
"NDUFAF2",1234,1002,5.29137741351156e-09
"CA2",1234,1003,5.29046627174224e-09
"TMEM230",1234,1004,5.28619765405690e-09
"HDGF",1234,1005,5.25487327184678e-09
"MGST1",1234,1006,5.24389392926485e-09
"TFDP1",1234,1007,5.24329712166527e-09
"CHP1",1234,1008,5.22177181808845e-09
"CLTB",1234,1009,5.21662838223385e-09
"ALG3",1234,1010,5.20657400666304e-09
"LGR5",1234,1011,5.19194221285926e-09
"CCDC12",1234,1012,5.19027893190104e-09
"F11R",1234,1013,5.19014978351614e-09
"COX5A",1234,1014,5.18998005239187e-09
"PKP3",1234,1015,5.18407513500269e-09
"NUDT4",1234,1016,5.17503087158796e-09
"CBX5",1234,1017,5.17399040574774e-09
"STIP1",1234,1018,5.17362481599046e-09
"EPS8",1234,1019,5.16460541018759e-09
"CTSS",1234,1020,5.16347669212751e-09
"NDUFB2",1234,1021,5.16139861684737e-09
"BIRC5",1234,1022,5.14685353887091e-09
"CTSD",1234,1023,5.13927896706118e-09
"GGH",1234,1024,5.13811933021766e-09
"RP11-519G16.5",1234,1025,5.13547247108895e-09
"PRDX5",1234,1026,5.12615808935894e-09
"CDKN3",1234,1027,5.11536130865963e-09
"SUPT16H",1234,1028,5.11266747310464e-09
"TALDO1",1234,1029,5.09111960160698e-09
"PTGDR",1234,1030,5.07515491657921e-09
"STK24",1234,1031,5.07358768804347e-09
"PPP1CC",1234,1032,5.06617760927349e-09
"CNOT7",1234,1033,5.06607241946717e-09
"CYB561D2",1234,1034,5.06453196897851e-09
"VPS51",1234,1035,5.06342472278818e-09
"RASSF7",1234,1036,5.04573591781979e-09
"SH3GLB1",1234,1037,5.02826074426188e-09
"CDC123",1234,1038,5.02432909640703e-09
"EZR",1234,1039,5.01798471576464e-09
"NENF",1234,1040,5.01078657472374e-09
"CRLS1",1234,1041,5.00839900526288e-09
"GLO1",1234,1042,5.00803731551617e-09
"APIP",1234,1043,5.00313356701299e-09
"FARSB",1234,1044,4.99719606282157e-09
"SNRPA",1234,1045,4.98720358214701e-09
"MUC4",1234,1046,4.98567003845827e-09
"RNF181",1234,1047,4.98440312961144e-09
"RP11-304L19.5",1234,1048,4.97972565179515e-09
"C14orf166",1234,1049,4.97759822281863e-09
"CDH1",1234,1050,4.97605440010072e-09
"CD52",1234,1051,4.974338352637e-09
"CTBP2",1234,1052,4.9661397569798e-09
"YY1",1234,1053,4.96298365907922e-09
"C15orf48",1234,1054,4.96097670360369e-09
"PADI2",1234,1055,4.95976650396348e-09
"RAD21",1234,1056,4.95738729092263e-09
"QARS",1234,1057,4.92454220772486e-09
"UXT",1234,1058,4.9180647441277e-09
"H2AFX",1234,1059,4.91790154062537e-09
"ATF4",1234,1060,4.90765531530294e-09
"MIF",1234,1061,4.89454730275285e-09
"FLNB",1234,1062,4.85367386656918e-09
"TFAM",1234,1063,4.84932845579935e-09
"C7orf50",1234,1064,4.8449414255235e-09
"NIT2",1234,1065,4.84489943094659e-09
"MRPS22",1234,1066,4.83636971746935e-09
"EGR1",1234,1067,4.82142615653609e-09
"MCM2",1234,1068,4.81859998354188e-09
"RFC2",1234,1069,4.81708539931491e-09
"DDX21",1234,1070,4.80130413292561e-09
"EIF4A2",1234,1071,4.79373333004506e-09
"NRARP",1234,1072,4.75653377045452e-09
"DSG2",1234,1073,4.7558789592206e-09
"GAPDH",1234,1074,4.75397695843256e-09
"LAGE3",1234,1075,4.75362676864927e-09
"SMIM22",1234,1076,4.74911954352244e-09
"MRPL40",1234,1077,4.74192399712607e-09
"RBBP4",1234,1078,4.7201746044318e-09
"ARFIP2",1234,1079,4.71817781047346e-09
"APEH",1234,1080,4.71377305157213e-09
"MAF1",1234,1081,4.71158730754345e-09
"ATP5J",1234,1082,4.70068812163662e-09
"RFC4",1234,1083,4.6999523903725e-09
"ERP44",1234,1084,4.68933722745673e-09
"PAPOLA",1234,1085,4.6880175969573e-09
"RBBP7",1234,1086,4.68761682624818e-09
"WFDC2",1234,1087,4.68755434818767e-09
"TXNDC9",1234,1088,4.68635157554837e-09
"YPEL5",1234,1089,4.67186384541854e-09
"CYBA",1234,1090,4.67032422295978e-09
"GCHFR",1234,1091,4.65802551018453e-09
"ARPC4",1234,1092,4.6499610726919e-09
"CENPW",1234,1093,4.64891062497508e-09
"H2AFY",1234,1094,4.64392287120567e-09
"ACOT7",1234,1095,4.64391660302226e-09
"ARL6IP1",1234,1096,4.62647444125555e-09
"MAD2L1",1234,1097,4.62507978176758e-09
"AGPAT2",1234,1098,4.62450445006928e-09
"WDR18",1234,1099,4.614267283048e-09
"DPM2",1234,1100,4.60312390149776e-09
"HNRNPK",1234,1101,4.59976803267772e-09
"ITM2B",1234,1102,4.59061581225003e-09
"DYNLT1",1234,1103,4.58841981071749e-09
"PUF60",1234,1104,4.58531445469023e-09
"PSMC2",1234,1105,4.56470700489587e-09
"MCTS1",1234,1106,4.55887383716027e-09
"PSMD1",1234,1107,4.55855048164048e-09
"DERL3",1234,1108,4.53323358292673e-09
"NR4A1",1234,1109,4.52735896134286e-09
"RBP4",1234,1110,4.5168915774456e-09
"CIDEC",1234,1111,4.49875603961734e-09
"NSA2",1234,1112,4.49839838799094e-09
"SMCO4",1234,1113,4.48993787105998e-09
"RAB1A",1234,1114,4.48748542139895e-09
"ABCC3",1234,1115,4.48667094733395e-09
"C21orf59",1234,1116,4.48415002326839e-09
"HNRNPH3",1234,1117,4.46740437468403e-09
"GNPNAT1",1234,1118,4.45078491483605e-09
"RNASET2",1234,1119,4.42892181486763e-09
"COX20",1234,1120,4.41471774666227e-09
"ELP5",1234,1121,4.4096097353098e-09
"SND1",1234,1122,4.40895522654383e-09
"RCN1",1234,1123,4.4083275289058e-09
"BRK1",1234,1124,4.39523021923019e-09
"UBB",1234,1125,4.39350347596059e-09
"DHX9",1234,1126,4.39046582229377e-09
"DPM3",1234,1127,4.37678686276778e-09
"S100A11",1234,1128,4.37108894110673e-09
"NBL1",1234,1129,4.35183709877013e-09
"OLA1",1234,1130,4.34483271136e-09
"GRPEL1",1234,1131,4.34140963511731e-09
"RNASEH2C",1234,1132,4.33598448629825e-09
"ARHGDIA",1234,1133,4.29241058699302e-09
"ARGLU1",1234,1134,4.28959439775773e-09
"SRP14",1234,1135,4.28597224230786e-09
"SLC52A2",1234,1136,4.28212681085184e-09
"UCHL3",1234,1137,4.26078928572238e-09
"COTL1",1234,1138,4.23503431466467e-09
"HMGB3",1234,1139,4.22417057226907e-09
"MRPS18A",1234,1140,4.21965448787979e-09
"SDR16C5",1234,1141,4.21876045188769e-09
"CLN6",1234,1142,4.21420102265562e-09
"MRPL28",1234,1143,4.20617932753468e-09
"CST3",1234,1144,4.2040857166958e-09
"SSR1",1234,1145,4.18995989033529e-09
"LPCAT4",1234,1146,4.18072056623112e-09
"C1orf86",1234,1147,4.16131948017179e-09
"TIMM17B",1234,1148,4.15369106101905e-09
"ARF4",1234,1149,4.14689638632943e-09
"RBM17",1234,1150,4.14427332505921e-09
"CD74",1234,1151,4.14262869459582e-09
"DUSP1",1234,1152,4.14185572623116e-09
"SEP15",1234,1153,4.13399590304795e-09
"ANAPC15",1234,1154,4.13207748993223e-09
"LMAN1",1234,1155,4.12049028099337e-09
"SPCS3",1234,1156,4.11858326112069e-09
"TMPO",1234,1157,4.11736753836833e-09
"POP7",1234,1158,4.11557524395894e-09
"PLEK2",1234,1159,4.11550907291911e-09
"FAM96A",1234,1160,4.11364718963852e-09
"RBM39",1234,1161,4.11067790166855e-09
"C1orf122",1234,1162,4.09770879316993e-09
"SDHB",1234,1163,4.0964720223481e-09
"PMAIP1",1234,1164,4.09473195340288e-09
"TMX2",1234,1165,4.0852850469218e-09
"PIN1",1234,1166,4.06978941211577e-09
"PYURF",1234,1167,4.06753000821501e-09
"MYADM",1234,1168,4.05204887253128e-09
"G0S2",1234,1169,4.04570537048289e-09
"EWSR1",1234,1170,4.04265660909543e-09
"TRIM28",1234,1171,4.0370723835531e-09
"FRMD3",1234,1172,4.03513295159839e-09
"CANT1",1234,1173,4.03383977761968e-09
"GLRX5",1234,1174,4.03178872928292e-09
"GNB2",1234,1175,4.02508704404889e-09
"CHCHD5",1234,1176,4.02225037400964e-09
"SRRM1",1234,1177,4.02018512580437e-09
"MRPS11",1234,1178,4.01133225511468e-09
"SLC25A11",1234,1179,4.00784293288712e-09
"NDUFB6",1234,1180,4.00565171434837e-09
"RTF1",1234,1181,4.00394358483115e-09
"RP11-357H14.17",1234,1182,3.98424451803124e-09
"SLBP",1234,1183,3.97406263078352e-09
"CIRBP",1234,1184,3.97339763594883e-09
"SCAND1",1234,1185,3.97100561092587e-09
"HPRT1",1234,1186,3.95524443586368e-09
"HINT2",1234,1187,3.94971740561295e-09
"TPRKB",1234,1188,3.92527045369184e-09
"MTHFD1",1234,1189,3.91786114669366e-09
"YWHAH",1234,1190,3.9154658423014e-09
"EIF3G",1234,1191,3.91129438048362e-09
"TCP1",1234,1192,3.91111693314272e-09
"MPST",1234,1193,3.89418755769045e-09
"DUSP5",1234,1194,3.89376166011194e-09
"JUN",1234,1195,3.89351955939479e-09
"KRBOX1",1234,1196,3.88848045648496e-09
"DDOST",1234,1197,3.87982960201368e-09
"CLPP",1234,1198,3.87242005812973e-09
"MRPL34",1234,1199,3.8642162687537e-09
"MCM4",1234,1200,3.86207010265246e-09
"SAC3D1",1234,1201,3.85302919540146e-09
"DDX18",1234,1202,3.841262394737e-09
"ARL2",1234,1203,3.83465889464984e-09
"VDAC3",1234,1204,3.82626128348185e-09
"SON",1234,1205,3.80750783252988e-09
"HINT1",1234,1206,3.80371423880646e-09
"MYO1A",1234,1207,3.8007871181606e-09
"ATP5E",1234,1208,3.79154072298143e-09
"G3BP1",1234,1209,3.79125484741931e-09
"HNRNPR",1234,1210,3.78673158030217e-09
"SYNCRIP",1234,1211,3.78461692979393e-09
"AK2",1234,1212,3.76780752060728e-09
"FOS",1234,1213,3.76604491664813e-09
"DNAJC19",1234,1214,3.76220055266615e-09
"CCDC14",1234,1215,3.7525688929059e-09
"KRTCAP2",1234,1216,3.75232529763009e-09
"EPS8L1",1234,1217,3.73356719964503e-09
"ANP32A",1234,1218,3.731988274349e-09
"NFKBIA",1234,1219,3.72778095209622e-09
"KRT10",1234,1220,3.71244030253876e-09
"CSDE1",1234,1221,3.70859794409112e-09
"SEC11A",1234,1222,3.70654357978133e-09
"UFC1",1234,1223,3.7052302390274e-09
"DMKN",1234,1224,3.70520492854934e-09
"MRPL41",1234,1225,3.70384359397872e-09
"ZFP36L1",1234,1226,3.69953171951655e-09
"C19orf60",1234,1227,3.6985205484019e-09
"SF1",1234,1228,3.69263678108488e-09
"SUCLG1",1234,1229,3.68601025465224e-09
"CYSTM1",1234,1230,3.6759095008474e-09
"NCOA7",1234,1231,3.66866960264711e-09
"C9orf16",1234,1232,3.66797109420802e-09
"CKAP2",1234,1233,3.66775070626793e-09
"MRPL15",1234,1234,3.66146190297957e-09
"NDUFV1",1234,1235,3.6536944075438e-09
"COMMD4",1234,1236,3.65114181571583e-09
"CD151",1234,1237,3.65082207594839e-09
"ODC1",1234,1238,3.64803357271519e-09
"UNG",1234,1239,3.64317779872579e-09
"CAPZB",1234,1240,3.62508382739845e-09
"FGGY",1234,1241,3.62257225581886e-09
"CDKN2B",1234,1242,3.60781933991737e-09
"PNKD",1234,1243,3.60595777698429e-09
"ISOC2",1234,1244,3.5861404829574e-09
"ATP5I",1234,1245,3.58592056778389e-09
"HIGD2A",1234,1246,3.57879259684287e-09
"NUTF2",1234,1247,3.57701397620609e-09
"CXCL2",1234,1248,3.57025464643301e-09
"TNFAIP3",1234,1249,3.56965607491735e-09
"PDCD6",1234,1250,3.56545376497106e-09
"MLF1IP",1234,1251,3.56171903158723e-09
"BTG1",1234,1252,3.54965335013838e-09
"SYTL2",1234,1253,3.54572222609805e-09
"CDHR1",1234,1254,3.53871976004899e-09
"NAA20",1234,1255,3.53612952970785e-09
"PRSS23",1234,1256,3.53486012696668e-09
"TRIB1",1234,1257,3.52699418323471e-09
"MAZ",1234,1258,3.49471327859801e-09
"IQGAP2",1234,1259,3.49462175722249e-09
"HOXD13",1234,1260,3.49338308737203e-09
"WDR83OS",1234,1261,3.48681319934284e-09
"IMPA2",1234,1262,3.48442052472955e-09
"PSMA2",1234,1263,3.47696244899818e-09
"ATRAID",1234,1264,3.4734292093143e-09
"LINC00483",1234,1265,3.47085791233349e-09
"GBP4",1234,1266,3.45837903359953e-09
"QPRT",1234,1267,3.45137834361923e-09
"MRPS33",1234,1268,3.44475053205521e-09
"COX16",1234,1269,3.44464696150136e-09
"LYAR",1234,1270,3.44109629925976e-09
"MEP1A",1234,1271,3.43013238988065e-09
"LGALS4",1234,1272,3.42752116280106e-09
"MTDH",1234,1273,3.42689588534958e-09
"GPA33",1234,1274,3.42489503813653e-09
"C19orf24",1234,1275,3.41456420517768e-09
"SH3YL1",1234,1276,3.40932681697222e-09
"SRP9",1234,1277,3.40483937303564e-09
"RAD51AP1",1234,1278,3.40141919342925e-09
"MLF2",1234,1279,3.3982656987352e-09
"CENPF",1234,1280,3.39570404993671e-09
"UQCRB",1234,1281,3.39473740213707e-09
"PRDX3",1234,1282,3.38683217732708e-09
"UBXN4",1234,1283,3.38567816400288e-09
"CA12",1234,1284,3.37376979763191e-09
"THOC7",1234,1285,3.3731303254048e-09
"ACP1",1234,1286,3.36584437554137e-09
"ACHE",1234,1287,3.36328294643194e-09
"XBP1",1234,1288,3.35651252870864e-09
"FXYD5",1234,1289,3.35265034490798e-09
"ICAM1",1234,1290,3.34834291659509e-09
"AOC1",1234,1291,3.3386376658887e-09
"C1orf210",1234,1292,3.32335085116981e-09
"UPP1",1234,1293,3.32067212352438e-09
"DDX5",1234,1294,3.31767462078912e-09
"NDUFA6",1234,1295,3.31752355820054e-09
"MORF4L1",1234,1296,3.29434221878906e-09
"DDX46",1234,1297,3.29251446790278e-09
"ID1",1234,1298,3.2885160324254e-09
"EIF3A",1234,1299,3.28031288212346e-09
"ACTG1",1234,1300,3.28031021585622e-09
"TCOF1",1234,1301,3.27966349565237e-09
"AKR1A1",1234,1302,3.2735935707443e-09
"SOX9",1234,1303,3.26736052033876e-09
"TMSB10",1234,1304,3.25716211045868e-09
"TMEM61",1234,1305,3.25560750967573e-09
"BOLA3",1234,1306,3.25476438981308e-09
"SYNGR2",1234,1307,3.248829688524e-09
"GMDS",1234,1308,3.24052745393769e-09
"SLC15A1",1234,1309,3.23982420961107e-09
"RHOD",1234,1310,3.23846578609066e-09
"PPP1CA",1234,1311,3.23728937378508e-09
"FAM195A",1234,1312,3.22501524298329e-09
"UBE2D2",1234,1313,3.21872629983056e-09
"TGIF1",1234,1314,3.21542034863985e-09
"DNAJC12",1234,1315,3.21107535085675e-09
"DNAJB1",1234,1316,3.21037264077044e-09
"MRPS21",1234,1317,3.19856474469703e-09
"ANGPTL4",1234,1318,3.19686285201680e-09
"FAM3B",1234,1319,3.19563991895574e-09
"SULT1A2",1234,1320,3.18651730844256e-09
"BAG1",1234,1321,3.18604310377799e-09
"HES6",1234,1322,3.18482309589613e-09
"HDAC9",1234,1323,3.18390888471145e-09
"FTL",1234,1324,3.17802602054898e-09
"KCNS3",1234,1325,3.16568151522625e-09
"SECTM1",1234,1326,3.15195328237547e-09
"HIGD1A",1234,1327,3.15161116096063e-09
"PTPRR",1234,1328,3.14083405245185e-09
"TRPM6",1234,1329,3.13580853113708e-09
"TBCA",1234,1330,3.12962434050626e-09
"EIF5B",1234,1331,3.12694981387143e-09
"SRCAP",1234,1332,3.12512469402005e-09
"YWHAE",1234,1333,3.12020543656755e-09
"SULT1A1",1234,1334,3.11093084467339e-09
"SRSF11",1234,1335,3.10262628734551e-09
"NDUFA10",1234,1336,3.09719351271543e-09
"CTSH",1234,1337,3.09688266628088e-09
"VRK1",1234,1338,3.09575036269799e-09
"GUCA2A",1234,1339,3.09323991609817e-09
"WNK2",1234,1340,3.09321994881728e-09
"RUVBL1",1234,1341,3.09276200903897e-09
"POLD4",1234,1342,3.0921117582476e-09
"MRFAP1",1234,1343,3.09169083577924e-09
"UCA1",1234,1344,3.08943379035136e-09
"RP11-59E19.1",1234,1345,3.07883422549154e-09
"FSTL1",1234,1346,3.07600782199678e-09
"TOP2A",1234,1347,3.07311638305274e-09
"S100A10",1234,1348,3.05844795932994e-09
"PRR15L",1234,1349,3.05317014290492e-09
"TNFRSF21",1234,1350,3.04948897276656e-09
"SLIRP",1234,1351,3.04569297266692e-09
"SORD",1234,1352,3.03723196452367e-09
"GDI2",1234,1353,3.03185381399141e-09
"BTG3",1234,1354,3.03043611286652e-09
"CCNA2",1234,1355,3.02297353433034e-09
"CLDN23",1234,1356,3.01281339402625e-09
"BNIP3L",1234,1357,3.01143345590745e-09
"ARL14",1234,1358,3.00083496857641e-09
"CES2",1234,1359,2.99626971396117e-09
"PXMP2",1234,1360,2.99277455274969e-09
"NQO1",1234,1361,2.98820410154253e-09
"SHMT1",1234,1362,2.98495652966029e-09
"CXCL3",1234,1363,2.98398715038675e-09
"ATP5L",1234,1364,2.98104904884298e-09
"RSAD2",1234,1365,2.9761440125542e-09
"CENPA",1234,1366,2.97459200104053e-09
"B3GNT3",1234,1367,2.97314364393685e-09
"FERMT1",1234,1368,2.96355354248775e-09
"BMP2",1234,1369,2.95510529902106e-09
"ANXA4",1234,1370,2.95345372252094e-09
"TJP3",1234,1371,2.95163138915508e-09
"MAL2",1234,1372,2.94833251320315e-09
"SPINK1",1234,1373,2.94820125788356e-09
"DEFB1",1234,1374,2.94426854963509e-09
"LINC00520",1234,1375,2.9440988046148e-09
"ANXA1",1234,1376,2.94339102802219e-09
"HIST1H2BD",1234,1377,2.93983625677628e-09
"SGOL1",1234,1378,2.93270736302177e-09
"VNN1",1234,1379,2.93129751600708e-09
"CTD-2047H16.2",1234,1380,2.92995823418563e-09
"CLSPN",1234,1381,2.92246569608044e-09
"IL3RA",1234,1382,2.9163086498981e-09
"NDUFB10",1234,1383,2.91627542670832e-09
"FAM214B",1234,1384,2.91270492404626e-09
"CDH17",1234,1385,2.91046208311263e-09
"HMMR",1234,1386,2.90944570929036e-09
"RP11-665N17.4",1234,1387,2.90758351029096e-09
"TMIGD1",1234,1388,2.90153924540389e-09
"GUCA2B",1234,1389,2.90058366504682e-09
"ST6GALNAC6",1234,1390,2.90045091233687e-09
"SPINK5",1234,1391,2.89981324272869e-09
"EFNA2",1234,1392,2.89479710535007e-09
"AXDND1",1234,1393,2.88662121841862e-09
"HIST1H2AC",1234,1394,2.88314104621679e-09
"CENPK",1234,1395,2.87815664484924e-09
"CHPF",1234,1396,2.87442116949078e-09
"AREG",1234,1397,2.86840761104459e-09
"ALDH1A2",1234,1398,2.86714531798082e-09
"C12orf36",1234,1399,2.867068483352e-09
"SLC2A1",1234,1400,2.8658594357542e-09
"DEFB4A",1234,1401,2.86231968970281e-09
"CGN",1234,1402,2.86211878473931e-09
"HSBP1",1234,1403,2.85657304030095e-09
"LAMC2",1234,1404,2.85142501097005e-09
"BHLHE40",1234,1405,2.84754282509564e-09
"AHNAK",1234,1406,2.84422433578916e-09
"VIMP",1234,1407,2.83704304589653e-09
"TSPAN8",1234,1408,2.83553205853132e-09
"RN7SL368P",1234,1409,2.82739575834217e-09
"RP11-462G2.1",1234,1410,2.81764106331308e-09
"VSIG2",1234,1411,2.81652399123907e-09
"APOBEC1",1234,1412,2.81271972765168e-09
"SLC26A2",1234,1413,2.80971572277464e-09
"SEC24D",1234,1414,2.80449258855304e-09
"TMSB4X",1234,1415,2.80019055224134e-09
"C4BPA",1234,1416,2.79029106979046e-09
"VEGFA",1234,1417,2.78938857015107e-09
"RNF43",1234,1418,2.78778095333196e-09
"SUDS3",1234,1419,2.78718529988166e-09
"FAM213A",1234,1420,2.78658257562778e-09
"SLC35D1",1234,1421,2.78470130294802e-09
"TSPAN3",1234,1422,2.78339006600915e-09
"PRSS22",1234,1423,2.7810918341976e-09
"AMN",1234,1424,2.78066151770832e-09
"HLA-DMA",1234,1425,2.775250846277e-09
"SPPL2A",1234,1426,2.77471945690437e-09
"MYEOV2",1234,1427,2.77176820641698e-09
"AKR7A3",1234,1428,2.7703839351026e-09
"KIF20B",1234,1429,2.76687688283869e-09
"DOK4",1234,1430,2.76490013240457e-09
"ITGA2",1234,1431,2.76409356389345e-09
"NXT1",1234,1432,2.761991937731e-09
"PRSS8",1234,1433,2.75529000326902e-09
"FUT3",1234,1434,2.75511271164881e-09
"RP11-747D18.1",1234,1435,2.74792647722333e-09
"EHBP1L1",1234,1436,2.74643027448647e-09
"ASPM",1234,1437,2.74630949081656e-09
"C1orf106",1234,1438,2.73756551798407e-09
"TMEM139",1234,1439,2.73700029220294e-09
"CENPE",1234,1440,2.73224877607665e-09
"AHCYL2",1234,1441,2.72890851514508e-09
"CLRN3",1234,1442,2.72521749537233e-09
"UQCRC2",1234,1443,2.72482140922771e-09
"TMCC3",1234,1444,2.72326111213798e-09
"SIRT6",1234,1445,2.72323662005676e-09
"IFITM1",1234,1446,2.72282356129512e-09
"GPT",1234,1447,2.7195666172385e-09
"LBH",1234,1448,2.71860777933196e-09
"FAM107B",1234,1449,2.71795301700339e-09
"ERAP2",1234,1450,2.71633772070537e-09
"ALAS1",1234,1451,2.71217032417096e-09
"GPR110",1234,1452,2.71139314229498e-09
"TUBB2A",1234,1453,2.70239823460708e-09
"ANP32E",1234,1454,2.70181117412977e-09
"CORO2A",1234,1455,2.70145560546649e-09
"GSDMB",1234,1456,2.69910803011085e-09
"GLRX2",1234,1457,2.69840597628184e-09
"SDC4",1234,1458,2.69814538440988e-09
"IFIT2",1234,1459,2.69624373959662e-09
"PRAP1",1234,1460,2.69408440292442e-09
"IL32",1234,1461,2.69179693312425e-09
"CDCP1",1234,1462,2.69126002079422e-09
"NDUFA11",1234,1463,2.69045460263101e-09
"MYB",1234,1464,2.69000355427739e-09
"STS",1234,1465,2.68763162469275e-09
"PXN",1234,1466,2.6864123688703e-09
"CXADR",1234,1467,2.68443427793707e-09
"APOBR",1234,1468,2.68334868028084e-09
"SAP30",1234,1469,2.68280102792322e-09
"TAX1BP3",1234,1470,2.68156738306505e-09
"PPP2CB",1234,1471,2.68010936551399e-09
"TMEM45B",1234,1472,2.67803834207898e-09
"UGT2B17",1234,1473,2.6774867148016e-09
"ACOX1",1234,1474,2.67674120007363e-09
"SERPINE2",1234,1475,2.67436535759631e-09
"PFKP",1234,1476,2.67156308556988e-09
"BCL2L15",1234,1477,2.66877572224627e-09
"ITGAV",1234,1478,2.66720369668382e-09
"TIPIN",1234,1479,2.66463333300513e-09
"HEPH",1234,1480,2.66260476889577e-09
"CA1",1234,1481,2.66028697857979e-09
"FNDC3B",1234,1482,2.65898845127039e-09
"RASSF6",1234,1483,2.65753119520684e-09
"ARL4A",1234,1484,2.65741699844516e-09
"MAPK6",1234,1485,2.6570315017861e-09
"RND1",1234,1486,2.65645547114752e-09
"PLA2G16",1234,1487,2.65505495250677e-09
"BSPRY",1234,1488,2.65300838167041e-09
"KIF13B",1234,1489,2.65281753079676e-09
"LYPD1",1234,1490,2.64732437730707e-09
"ANPEP",1234,1491,2.64234339569809e-09
"SMIM14",1234,1492,2.64128807035407e-09
"KCNK1",1234,1493,2.64121904359149e-09
"RRM2",1234,1494,2.63997214964714e-09
"NFE2L1",1234,1495,2.63944407176326e-09
"DUSP6",1234,1496,2.63923627127396e-09
"IFIT3",1234,1497,2.63893553132646e-09
"CTSE",1234,1498,2.62882520336777e-09
"CAPN2",1234,1499,2.62871188620141e-09
"ELOVL6",1234,1500,2.62820920339774e-09
"CAP1",1234,1501,2.62528925659814e-09
"EFNB2",1234,1502,2.62404759798897e-09
"RBPMS",1234,1503,2.62398793262128e-09
"HIST1H2BK",1234,1504,2.6234677111212e-09
"IFNGR2",1234,1505,2.62341884576216e-09
"VMP1",1234,1506,2.62134665679401e-09
"PARP9",1234,1507,2.62108666386375e-09
"ABCA5",1234,1508,2.61881402011015e-09
"OSTF1",1234,1509,2.61819538338802e-09
"WASL",1234,1510,2.61810193091343e-09
"SLC38A2",1234,1511,2.61584024165141e-09
"VWA1",1234,1512,2.61562046650625e-09
"CAB39",1234,1513,2.61454479797731e-09
"PPIC",1234,1514,2.61325775234363e-09
"OARD1",1234,1515,2.61187839358221e-09
"FKBP1B",1234,1516,2.60909523929032e-09
"AKIRIN2",1234,1517,2.60874197985342e-09
"TXNIP",1234,1518,2.6085472278883e-09
"INSR",1234,1519,2.6071117601491e-09
"TPMT",1234,1520,2.60393364027376e-09
"PRR13",1234,1521,2.60242000962066e-09
"CKB",1234,1522,2.6011514444313e-09
"KCTD12",1234,1523,2.60071977669659e-09
"GGT6",1234,1524,2.59728145915741e-09
"CFLAR",1234,1525,2.5969925932494e-09
"ITGA3",1234,1526,2.59587897359665e-09
"CECR5",1234,1527,2.59410271957296e-09
"PLSCR1",1234,1528,2.59116196178831e-09
"TRIM2",1234,1529,2.59066347738319e-09
"SH3KBP1",1234,1530,2.58883365404284e-09
"HLA-DRB1",1234,1531,2.58774525692041e-09
"ACAA2",1234,1532,2.58589016323964e-09
"ATP1B3",1234,1533,2.58541081028109e-09
"SKA2",1234,1534,2.58471733463238e-09
"SBNO2",1234,1535,2.5822080132582e-09
"NET1",1234,1536,2.58206298158231e-09
"ZFAND2A",1234,1537,2.58027700156743e-09
"IFI35",1234,1538,2.57637564398837e-09
"ERBB2IP",1234,1539,2.57170761072311e-09
"LGR4",1234,1540,2.56880819330996e-09
"SERPINB1",1234,1541,2.56823079105889e-09
"APOL6",1234,1542,2.56583937081536e-09
"SCNN1A",1234,1543,2.56583670034532e-09
"NDFIP2",1234,1544,2.56444342829728e-09
"HBEGF",1234,1545,2.56400315524773e-09
"CHMP2B",1234,1546,2.56121420446954e-09
"CHMP5",1234,1547,2.56105016654246e-09
"RAB18",1234,1548,2.55705100579056e-09
"HSPB1",1234,1549,2.5564931439039e-09
"KIAA1324",1234,1550,2.55483543636135e-09
"OPTN",1234,1551,2.55398487127804e-09
"CCDC107",1234,1552,2.55344458297065e-09
"NFKBIZ",1234,1553,2.55164173091628e-09
"CASP1",1234,1554,2.55040890375999e-09
"IL10RB",1234,1555,2.54804684947615e-09
"KRAS",1234,1556,2.54790254356056e-09
"CLSTN1",1234,1557,2.54737694032952e-09
"WSB1",1234,1558,2.54430644729668e-09
"PDLIM5",1234,1559,2.54063481571008e-09
"NPTN",1234,1560,2.53954325869726e-09
"AKR1C3",1234,1561,2.53949560807666e-09
"PDCD6IP",1234,1562,2.53892106654206e-09
"MIDN",1234,1563,2.53631392664183e-09
"ELOVL1",1234,1564,2.53547888089007e-09
"SH3BGRL2",1234,1565,2.53301669584535e-09
"SERINC2",1234,1566,2.53203438469874e-09
"SETD5-AS1",1234,1567,2.52814308889755e-09
"TMOD3",1234,1568,2.52778946559375e-09
"SDCBP",1234,1569,2.52752729817946e-09
"CCNI",1234,1570,2.52686801300402e-09
"XIAP",1234,1571,2.52402837321659e-09
"TNRC6B",1234,1572,2.5237899109832e-09
"ACO1",1234,1573,2.52334699223072e-09
"PBK",1234,1574,2.52308299883085e-09
"ZKSCAN1",1234,1575,2.5212890997554e-09
"TMPRSS4",1234,1576,2.52058399195123e-09
"C6orf132",1234,1577,2.51883140309734e-09
"PDCD10",1234,1578,2.51636489075373e-09
"ATP5J2",1234,1579,2.51576949561068e-09
"TCF7L2",1234,1580,2.51389590971881e-09
"KRCC1",1234,1581,2.51191301610435e-09
"KCNE3",1234,1582,2.5114732876253e-09
"ABHD17C",1234,1583,2.50801761580912e-09
"ATP6V1D",1234,1584,2.50619296866572e-09
"LASP1",1234,1585,2.50385770766478e-09
"C8orf4",1234,1586,2.50149142413203e-09
"CHMP1B",1234,1587,2.50076018044714e-09
"CDC42EP5",1234,1588,2.49867366900916e-09
"C10orf118",1234,1589,2.49812967054273e-09
"NAMPT",1234,1590,2.49701372712123e-09
"CAST",1234,1591,2.49617283884779e-09
"LRRFIP1",1234,1592,2.49539445093542e-09
"CFB",1234,1593,2.4940646399164e-09
"CLCN3",1234,1594,2.4914201274786e-09
"PVRL2",1234,1595,2.49136305016222e-09
"CD2AP",1234,1596,2.48475871170187e-09
"MAP1LC3B",1234,1597,2.48404421831365e-09
"IL13RA1",1234,1598,2.48403472542794e-09
"EPS8L3",1234,1599,2.48349705673155e-09
"CTNND1",1234,1600,2.48168513644027e-09
"RBM47",1234,1601,2.4789763485901e-09
"MMP24-AS1",1234,1602,2.47779005883125e-09
"ANKRD9",1234,1603,2.47605540146686e-09
"MT1E",1234,1604,2.47479771343887e-09
"SPTBN1",1234,1605,2.47354473583006e-09
"CREB3L1",1234,1606,2.47248403157809e-09
"ADAM9",1234,1607,2.47127431072256e-09
"NDUFA2",1234,1608,2.47060546523703e-09
"IBTK",1234,1609,2.47057117286619e-09
"PRC1",1234,1610,2.46942381810598e-09
"SPINT1",1234,1611,2.46741027083628e-09
"UBE2A",1234,1612,2.46688930340039e-09
"BAK1",1234,1613,2.4635499242085e-09
"SPTSSA",1234,1614,2.46348297405031e-09
"GPATCH4",1234,1615,2.45960851045136e-09
"TPM4",1234,1616,2.45875996769197e-09
"PAIP1",1234,1617,2.45680530955678e-09
"JOSD2",1234,1618,2.45568285248807e-09
"SLC35A3",1234,1619,2.45336750941014e-09
"CTSZ",1234,1620,2.45221958615295e-09
"ANKRD22",1234,1621,2.44706546298200e-09
"EPB41L4B",1234,1622,2.44498479317557e-09
"CDC42SE2",1234,1623,2.44439817230215e-09
"LIMA1",1234,1624,2.44421998796979e-09
"GOLM1",1234,1625,2.4423652493947e-09
"C4orf48",1234,1626,2.44099309774077e-09
"ZNF703",1234,1627,2.44094943919734e-09
"EHF",1234,1628,2.44012809537285e-09
"MYO5B",1234,1629,2.43888434434161e-09
"PPDPF",1234,1630,2.43806968063376e-09
"MIS18A",1234,1631,2.43601474289741e-09
"STAP2",1234,1632,2.43192503110978e-09
"NUSAP1",1234,1633,2.43128759651816e-09
"SORL1",1234,1634,2.42667400237617e-09
"KCNN4",1234,1635,2.42644940042967e-09
"REP15",1234,1636,2.42571765575841e-09
"VAPA",1234,1637,2.42067665350494e-09
"KDELR3",1234,1638,2.42021876993821e-09
"CRIP1",1234,1639,2.4178417815051e-09
"SLC44A4",1234,1640,2.4161819275635e-09
"ANXA11",1234,1641,2.41551896827937e-09
"STAT3",1234,1642,2.40996350735008e-09
"TMEM63A",1234,1643,2.4014750305765e-09
"UBALD2",1234,1644,2.3941779005518e-09
"HP1BP3",1234,1645,2.39406428384531e-09
"CAPZA2",1234,1646,2.3907718354723e-09
"SLC25A37",1234,1647,2.38686027552857e-09
"CSE1L",1234,1648,2.38538126398119e-09
"CD164",1234,1649,2.38295539173498e-09
"CDC42",1234,1650,2.3823969447647e-09
"KTN1",1234,1651,2.38072799510255e-09
"ACTN4",1234,1652,2.37972191397623e-09
"CHMP4B",1234,1653,2.37643039228317e-09
"TFF3",1234,1654,2.37525495199088e-09
"TC2N",1234,1655,2.37111302771646e-09
"ATP8B1",1234,1656,2.36957187223531e-09
"NEURL",1234,1657,2.36937957193781e-09
"PERP",1234,1658,2.36423419032019e-09
"ITGB1",1234,1659,2.36329726786994e-09
"MAP2K6",1234,1660,2.36311297351819e-09
"CORO1B",1234,1661,2.36229133255179e-09
"COPS3",1234,1662,2.35688523235017e-09
"ARHGAP11A",1234,1663,2.35534008824846e-09
"DYNC1I2",1234,1664,2.35410388471999e-09
"CD47",1234,1665,2.35282234961994e-09
"STEAP1",1234,1666,2.34477481964359e-09
"PPP1CB",1234,1667,2.34241319098863e-09
"TOP1",1234,1668,2.34233346232319e-09
"SLC44A1",1234,1669,2.34225366876261e-09
"KLF4",1234,1670,2.34008362217485e-09
"FAM46A",1234,1671,2.33831516524897e-09
"BPTF",1234,1672,2.33699180312221e-09
"KLF3",1234,1673,2.33413550278008e-09
"DSTN",1234,1674,2.33409175623344e-09
"ARPC5",1234,1675,2.33169753774662e-09
"ACSL5",1234,1676,2.33125502443511e-09
"JUP",1234,1677,2.33006045757207e-09
"GRN",1234,1678,2.32637133486185e-09
"RAP1B",1234,1679,2.31919836263367e-09
"HLA-F",1234,1680,2.31742684601714e-09
"ZFAND5",1234,1681,2.31680983648979e-09
"ACAA1",1234,1682,2.31369336978997e-09
"NDFIP1",1234,1683,2.31356941419018e-09
"BCL3",1234,1684,2.31138926130572e-09
"METAP2",1234,1685,2.30562710317439e-09
"ITM2C",1234,1686,2.305578918217e-09
"HAUS1",1234,1687,2.3039445948425e-09
"NABP2",1234,1688,2.30034791366337e-09
"MIER1",1234,1689,2.29894396487905e-09
"COX17",1234,1690,2.29564028052791e-09
"TMBIM4",1234,1691,2.29218265407412e-09
"POLR2L",1234,1692,2.29193494218211e-09
"ERI3",1234,1693,2.2888537397311e-09
"PIM3",1234,1694,2.28681572933988e-09
"GFPT1",1234,1695,2.28402282261397e-09
"ZFP36",1234,1696,2.27969032131025e-09
"CLDN4",1234,1697,2.2788005199944e-09
"IER5",1234,1698,2.27293887828324e-09
"ST14",1234,1699,2.27196085887682e-09
"MAP2K2",1234,1700,2.26957367813608e-09
"ACTL6A",1234,1701,2.26944010606224e-09
"CSTB",1234,1702,2.26605261115644e-09
"NPEPPS",1234,1703,2.26298780296482e-09
"PIGR",1234,1704,2.26298310152562e-09
"DCAF13",1234,1705,2.26112273237408e-09
"ITGA6",1234,1706,2.25903811823264e-09
"GNAQ",1234,1707,2.25658292180742e-09
"HLA-B",1234,1708,2.24905734869362e-09
"SLC3A2",1234,1709,2.24889946854975e-09
"IFITM3",1234,1710,2.24143899874967e-09
"HLA-A",1234,1711,2.24027591102761e-09
"RACGAP1",1234,1712,2.23485667567737e-09
"CARHSP1",1234,1713,2.23186944794294e-09
"HSD17B12",1234,1714,2.23173297697587e-09
"IFT172",1234,1715,2.23041692162318e-09
"KMT2E",1234,1716,2.22900042547724e-09
"ARL3",1234,1717,2.22425002650115e-09
"H2AFJ",1234,1718,2.22302608439744e-09
"SURF4",1234,1719,2.22100676625616e-09
"GTSE1",1234,1720,2.2176652449869e-09
"GTF2I",1234,1721,2.21265839601759e-09
"EIF2S3",1234,1722,2.21141111825592e-09
"SLC50A1",1234,1723,2.21122647111132e-09
"YWHAZ",1234,1724,2.20227471773179e-09
"ARL6IP5",1234,1725,2.20029521262208e-09
"H1FX",1234,1726,2.19809749448189e-09
"NACA2",1234,1727,2.19551118591887e-09
"JUND",1234,1728,2.1952566002969e-09
"IGBP1",1234,1729,2.1950547005615e-09
"DGAT1",1234,1730,2.19499239758957e-09
"CENPN",1234,1731,2.19356366351206e-09
"COPB2",1234,1732,2.18320547011736e-09
"TAX1BP1",1234,1733,2.18301421330369e-09
"SERF2",1234,1734,2.17985353304344e-09
"SNHG3",1234,1735,2.17885449096744e-09
"C20orf24",1234,1736,2.17881584904652e-09
"UBC",1234,1737,2.17476975871882e-09
"EIF2A",1234,1738,2.17411343902661e-09
"RARRES2",1234,1739,2.1642455371991e-09
"DNAJB6",1234,1740,2.15859714719536e-09
"FOXM1",1234,1741,2.15687118080726e-09
"BRI3",1234,1742,2.15254366131868e-09
"TAF10",1234,1743,2.14800504380739e-09
"RTN4",1234,1744,2.14503759663841e-09
"TMEM50A",1234,1745,2.14370731413416e-09
"PPA1",1234,1746,2.14070686993496e-09
"ZNRD1",1234,1747,2.13656784597305e-09
"SBDS",1234,1748,2.13566282331926e-09
"OCIAD2",1234,1749,2.1326708373976e-09
"GOLIM4",1234,1750,2.12456360999967e-09
"TMEM258",1234,1751,2.12199088909126e-09
"PRRC2C",1234,1752,2.119327230822e-09
"NUP37",1234,1753,2.11177188836843e-09
"NTMT1",1234,1754,2.11070271999255e-09
"NUBP2",1234,1755,2.10709066805079e-09
"PTPRF",1234,1756,2.10599599574796e-09
"TMEM125",1234,1757,2.09631654996684e-09
"THRAP3",1234,1758,2.09578211228067e-09
"FASN",1234,1759,2.09459450387038e-09
"IQGAP1",1234,1760,2.09087333330606e-09
"YTHDC1",1234,1761,2.0879560537744e-09
"GSTT1",1234,1762,2.08563205278453e-09
"TNFRSF11A",1234,1763,2.08464848786395e-09
"DHRS7",1234,1764,2.08311357057847e-09
"LMNB2",1234,1765,2.08253527201704e-09
"VKORC1",1234,1766,2.07537651310545e-09
"PGP",1234,1767,2.07387109893962e-09
"PLGRKT",1234,1768,2.07019699029173e-09
"HSD17B11",1234,1769,2.06915121060223e-09
"CNIH4",1234,1770,2.0690150317673e-09
"C4orf3",1234,1771,2.06829433027918e-09
"ACOT13",1234,1772,2.06802441527919e-09
"ROMO1",1234,1773,2.06682307739514e-09
"CDC42EP1",1234,1774,2.0666113754428e-09
"AES",1234,1775,2.0636715431029e-09
"ECSIT",1234,1776,2.05995919648198e-09
"MRPL46",1234,1777,2.05929102884919e-09
"AK3",1234,1778,2.05797808848813e-09
"CDCA8",1234,1779,2.05603695125079e-09
"TM9SF2",1234,1780,2.05316300931163e-09
"ECT2",1234,1781,2.05056986535135e-09
"LBR",1234,1782,2.0488078593905e-09
"NOXO1",1234,1783,2.04823014631689e-09
"OIP5-AS1",1234,1784,2.04780291897972e-09
"TRAPPC4",1234,1785,2.04545756838222e-09
"KPNA2",1234,1786,2.04521947192344e-09
"TUBG1",1234,1787,2.04485143052132e-09
"TMEM59",1234,1788,2.03946226034235e-09
"ZCRB1",1234,1789,2.0371993771791e-09
"GPR56",1234,1790,2.03698822292786e-09
"SPINT2",1234,1791,2.02587023067289e-09
"RABGGTB",1234,1792,2.02154771593656e-09
"ADSL",1234,1793,2.02134936982448e-09
"MRPL9",1234,1794,2.01922341133464e-09
"HDDC2",1234,1795,2.01363988102886e-09
"TTC19",1234,1796,2.01324895109448e-09
"PGK1",1234,1797,2.00948716223705e-09
"ACAT2",1234,1798,2.00785445350963e-09
"NTHL1",1234,1799,2.0071083988083e-09
"MRPL1",1234,1800,2.00308550513344e-09
"EXOSC7",1234,1801,2.0019337772231e-09
"SQLE",1234,1802,2.00033514327846e-09
"GPSM2",1234,1803,1.99952259948951e-09
"CCNB2",1234,1804,1.99942680854104e-09
"SNHG18",1234,1805,1.9985883444481e-09
"PTRH1",1234,1806,1.99799929303376e-09
"THOP1",1234,1807,1.99061245736489e-09
"HLA-C",1234,1808,1.98900898299566e-09
"MYBL2",1234,1809,1.98890592978539e-09
"ELF3",1234,1810,1.98557717665432e-09
"UBA1",1234,1811,1.97920173122464e-09
"RAB25",1234,1812,1.97913942229916e-09
"SUB1",1234,1813,1.97559844939005e-09
"LAPTM4B",1234,1814,1.97286806430893e-09
"RAC1",1234,1815,1.97193110899771e-09
"IGFBP4",1234,1816,1.95966755471343e-09
"MACROD1",1234,1817,1.95562436786437e-09
"HDAC1",1234,1818,1.95504548641404e-09
"EIF5A",1234,1819,1.95075701095319e-09
"RCC2",1234,1820,1.95066096946065e-09
"C1orf35",1234,1821,1.94946706559383e-09
"TEX264",1234,1822,1.94561750491731e-09
"HNRNPUL1",1234,1823,1.94075984815700e-09
"DDX17",1234,1824,1.92692008272481e-09
"TMCO1",1234,1825,1.92650841045284e-09
"TRAPPC6A",1234,1826,1.9251571060657e-09
"ETFA",1234,1827,1.92371774896192e-09
"AURKA",1234,1828,1.92354493386603e-09
"ARID1A",1234,1829,1.9232341629143e-09
"NFIB",1234,1830,1.91424040037147e-09
"SRSF6",1234,1831,1.91411459132365e-09
"PPCS",1234,1832,1.91389989155544e-09
"IDH3G",1234,1833,1.91071587014278e-09
"ARMC10",1234,1834,1.90247163663451e-09
"SVIP",1234,1835,1.90202354753055e-09
"RAB2A",1234,1836,1.89970532075287e-09
"PRPF31",1234,1837,1.89619689303917e-09
"FAM200B",1234,1838,1.89320403379205e-09
"CD81",1234,1839,1.89265161506753e-09
"ITGB1BP1",1234,1840,1.88996705213277e-09
"GFER",1234,1841,1.88712282349544e-09
"NDUFA5",1234,1842,1.88348303074297e-09
"HAT1",1234,1843,1.87929335758416e-09
"PTS",1234,1844,1.876429893402e-09
"RSL24D1",1234,1845,1.87403583044254e-09
"TRABD2A",1234,1846,1.8599664316945e-09
"EIF4A3",1234,1847,1.85520636527186e-09
"RBM42",1234,1848,1.85377585526061e-09
"C8orf59",1234,1849,1.85239232080026e-09
"ANAPC5",1234,1850,1.85176932470669e-09
"AHCYL1",1234,1851,1.851313668797e-09
"IER2",1234,1852,1.85034688126161e-09
"PDXK",1234,1853,1.84922191726397e-09
"CD9",1234,1854,1.84873277582381e-09
"TMEM70",1234,1855,1.84105731232861e-09
"BRD2",1234,1856,1.83961089336779e-09
"NDUFB1",1234,1857,1.83906920960715e-09
"MRPS14",1234,1858,1.83869641894774e-09
"MESP1",1234,1859,1.83711743356614e-09
"AMD1",1234,1860,1.83480725305036e-09
"MSRB2",1234,1861,1.83333787730148e-09
"MRPL48",1234,1862,1.83310333293968e-09
"DDRGK1",1234,1863,1.83067980962023e-09
"DUSP23",1234,1864,1.82726750555735e-09
"NDUFS4",1234,1865,1.82660540376692e-09
"DGCR6L",1234,1866,1.82423252704017e-09
"BCLAF1",1234,1867,1.81863023643354e-09
"ANXA5",1234,1868,1.81834828016743e-09
"FOXP1",1234,1869,1.81811102176849e-09
"KIF22",1234,1870,1.81699274907362e-09
"GPS1",1234,1871,1.81111448102243e-09
"PSMG4",1234,1872,1.8077689667789e-09
"MRPS18C",1234,1873,1.80488671132633e-09
"DGUOK",1234,1874,1.80470491776182e-09
"MRPL47",1234,1875,1.79862447249196e-09
"HSPH1",1234,1876,1.79835019998026e-09
"STARD7",1234,1877,1.79337818579733e-09
"XRN2",1234,1878,1.79238986977347e-09
"SFT2D1",1234,1879,1.78896964475354e-09
"ADAR",1234,1880,1.78735921623349e-09
"BRMS1",1234,1881,1.78646101574676e-09
"MTHFS",1234,1882,1.78150497107341e-09
"UBE2S",1234,1883,1.78027113483322e-09
"MRPL2",1234,1884,1.77924681778083e-09
"MPC1",1234,1885,1.77487451764785e-09
"GLRX3",1234,1886,1.77093718985739e-09
"PDCD2",1234,1887,1.76722005846251e-09
"MZT1",1234,1888,1.76534016034393e-09
"MEA1",1234,1889,1.76527951676795e-09
"APP",1234,1890,1.76515115111466e-09
"CDK1",1234,1891,1.76183904055593e-09
"PPP1R14B",1234,1892,1.75947263356632e-09
"OTUB1",1234,1893,1.75322797308318e-09
"TMEM256",1234,1894,1.75263473819109e-09
"METTL9",1234,1895,1.74985607301663e-09
"ACADVL",1234,1896,1.7348746496189e-09
"LYPLA1",1234,1897,1.73345523751418e-09
"PIN4",1234,1898,1.73126599527074e-09
"KLF5",1234,1899,1.73085710491362e-09
"ATP2C2",1234,1900,1.72551228119796e-09
"SDF4",1234,1901,1.72446333797712e-09
"HYOU1",1234,1902,1.72149566631739e-09
"GPX2",1234,1903,1.7197008250438e-09
"SUMO3",1234,1904,1.71964518800496e-09
"SMARCB1",1234,1905,1.71813845928926e-09
"RAB4A",1234,1906,1.71463415943213e-09
"ZNF428",1234,1907,1.70932323261662e-09
"PAWR",1234,1908,1.70775233189199e-09
"RNF130",1234,1909,1.70696579248089e-09
"PPAPDC1B",1234,1910,1.70289771418134e-09
"RALBP1",1234,1911,1.70235993576159e-09
"TCEB2",1234,1912,1.70034816349364e-09
"ATG3",1234,1913,1.69873843602349e-09
"PSMC1",1234,1914,1.69864257122912e-09
"TMEM66",1234,1915,1.69673244495958e-09
"OXA1L",1234,1916,1.69084064157676e-09
"COQ4",1234,1917,1.69079404610295e-09
"NSMCE1",1234,1918,1.69016016851204e-09
"MESDC2",1234,1919,1.68681059339102e-09
"ALYREF",1234,1920,1.68497499429966e-09
"MFF",1234,1921,1.68256268703993e-09
"RAB13",1234,1922,1.68149496022928e-09
"SRP72",1234,1923,1.67359737267776e-09
"RAP1GAP",1234,1924,1.67332280225402e-09
"MINOS1",1234,1925,1.66942132976179e-09
"FBXL15",1234,1926,1.6659248258566e-09
"SMC1A",1234,1927,1.66538650011651e-09
"FDFT1",1234,1928,1.65685150584998e-09
"REXO2",1234,1929,1.65453967053388e-09
"TXN2",1234,1930,1.64866392399417e-09
"TCF25",1234,1931,1.64742248214695e-09
"RAB5C",1234,1932,1.63760640691571e-09
"POP4",1234,1933,1.63230683911208e-09
"ENSA",1234,1934,1.62852305599451e-09
"SUMO1",1234,1935,1.6254867855198e-09
"SSU72",1234,1936,1.62337175688849e-09
"DARS",1234,1937,1.62214066024778e-09
"SMIM19",1234,1938,1.61932702258287e-09
"CAMTA1",1234,1939,1.61825522269071e-09
"MALSU1",1234,1940,1.61466235544972e-09
"CHCHD3",1234,1941,1.61355496039391e-09
"SLC25A4",1234,1942,1.60984858765668e-09
"SMIM4",1234,1943,1.60808685343367e-09
"PSMA1",1234,1944,1.60342855413259e-09
"COPRS",1234,1945,1.60116107072119e-09
"TXNDC12",1234,1946,1.5986093228115e-09
"POLE4",1234,1947,1.59716905066068e-09
"KHSRP",1234,1948,1.59623636761343e-09
"TTC3",1234,1949,1.59274727409589e-09
"ZNF706",1234,1950,1.58963618916406e-09
"UBE2D3",1234,1951,1.58811621567496e-09
"PRPF38B",1234,1952,1.57996486327542e-09
"PGRMC1",1234,1953,1.57614914751842e-09
"DAZAP1",1234,1954,1.57532561106529e-09
"DCTN3",1234,1955,1.57444649066476e-09
"FH",1234,1956,1.57185926040711e-09
"PMF1",1234,1957,1.56844072612282e-09
"EID1",1234,1958,1.56716196748639e-09
"DNAJC10",1234,1959,1.5654943136488e-09
"CD46",1234,1960,1.55615632925988e-09
"NSMCE4A",1234,1961,1.55516394580001e-09
"UBE2C",1234,1962,1.55143923173081e-09
"ZNF622",1234,1963,1.54974266041785e-09
"ALDH7A1",1234,1964,1.54969815290198e-09
"NCBP2-AS2",1234,1965,1.54848481288406e-09
"NDUFA8",1234,1966,1.54754994405642e-09
"CTBP1",1234,1967,1.54292463874389e-09
"C11orf58",1234,1968,1.54217352574841e-09
"ZBTB8OS",1234,1969,1.54147747378402e-09
"LRPAP1",1234,1970,1.53939794482705e-09
"VIL1",1234,1971,1.53792222061846e-09
"FAM3D",1234,1972,1.53277413281721e-09
"KARS",1234,1973,1.5327568046336e-09
"METTL5",1234,1974,1.53186069203475e-09
"UQCR11",1234,1975,1.53143276545326e-09
"ARPC5L",1234,1976,1.53058619687867e-09
"ISCU",1234,1977,1.52841312062119e-09
"CDX2",1234,1978,1.52143737156144e-09
"FKBP3",1234,1979,1.51554684560781e-09
"JAGN1",1234,1980,1.51456239204304e-09
"PTP4A2",1234,1981,1.51245889428431e-09
"MTCH1",1234,1982,1.51015931561416e-09
"U2SURP",1234,1983,1.50972519907503e-09
"HDLBP",1234,1984,1.50516421877135e-09
"TXNL1",1234,1985,1.50326909031179e-09
"SMIM12",1234,1986,1.50238506660198e-09
"ITGAE",1234,1987,1.50218728754258e-09
"DPY30",1234,1988,1.50142302671348e-09
"SNX5",1234,1989,1.49801416922025e-09
"MRPL43",1234,1990,1.49788041299994e-09
"SRP19",1234,1991,1.49639256486121e-09
"DNAJA1",1234,1992,1.49348944417009e-09
"RHEB",1234,1993,1.49203481854501e-09
"VPS28",1234,1994,1.4908529409823e-09
"NMRAL1",1234,1995,1.48952584814508e-09
"C14orf119",1234,1996,1.48881603099717e-09
"EIF4G2",1234,1997,1.48881186298569e-09
"SF3B2",1234,1998,1.48745618823252e-09
"HIST1H4C",1234,1999,1.48648056613809e-09
"TCEAL8",1234,2000,1.48602249518364e-09
"TCEB1",1234,2001,1.48497136326958e-09
"PCMT1",1234,2002,1.47902067696003e-09
"PNN",1234,2003,1.47897139996752e-09
"IER3IP1",1234,2004,1.47832435523462e-09
"GAR1",1234,2005,1.4777532400168e-09
"MRPL19",1234,2006,1.473149427802e-09
"PDHA1",1234,2007,1.47062047120879e-09
"TMEM126A",1234,2008,1.46772709862193e-09
"PRPF40A",1234,2009,1.46522043898101e-09
"NUDCD2",1234,2010,1.46313318269368e-09
"MRPS6",1234,2011,1.46014703644759e-09
"PNISR",1234,2012,1.45314263089379e-09
"MRPS35",1234,2013,1.45226945001024e-09
"PIH1D1",1234,2014,1.45207345106121e-09
"CHD4",1234,2015,1.44834701287998e-09
"PFDN4",1234,2016,1.44473781658725e-09
"PPIG",1234,2017,1.44273586504296e-09
"PDZD11",1234,2018,1.44006883887463e-09
"STXBP6",1234,2019,1.43949650834874e-09
"PCNP",1234,2020,1.43819096031116e-09
"SAE1",1234,2021,1.43188840478288e-09
"PDHB",1234,2022,1.43065991096146e-09
"COA6",1234,2023,1.42756699342365e-09
"SGSM3",1234,2024,1.42364274205307e-09
"HOXB9",1234,2025,1.41694608621481e-09
"BRI3BP",1234,2026,1.41373662315536e-09
"RWDD1",1234,2027,1.41350086026739e-09
"VDAC1",1234,2028,1.41196893367247e-09
"TOMM5",1234,2029,1.41012307420434e-09
"EIF3J",1234,2030,1.40793275696082e-09
"IARS2",1234,2031,1.40759134027621e-09
"ENY2",1234,2032,1.40548272832765e-09
"PPAP2C",1234,2033,1.39788465202211e-09
"DAP3",1234,2034,1.39679858728167e-09
"ZC3H15",1234,2035,1.39186350882405e-09
"MRPL42",1234,2036,1.38908512306466e-09
"EIF4E2",1234,2037,1.38867791710069e-09
"DENR",1234,2038,1.38511451492756e-09
"SLC25A1",1234,2039,1.38333555250028e-09
"RBM25",1234,2040,1.38186460715365e-09
"C21orf33",1234,2041,1.38076093564437e-09
"LAMTOR2",1234,2042,1.37933520029918e-09
"MTCH2",1234,2043,1.37921859644478e-09
"TMEM160",1234,2044,1.3771681055043e-09
"NDUFB4",1234,2045,1.37471962148752e-09
"SRSF1",1234,2046,1.3742012714766e-09
"TRMT10C",1234,2047,1.37397903517609e-09
"ADI1",1234,2048,1.37038638224481e-09
"NDUFB5",1234,2049,1.3663618274565e-09
"AKAP1",1234,2050,1.3642242588641e-09
"UBE2V2",1234,2051,1.3631136672668e-09
"YTHDF2",1234,2052,1.36148131906877e-09
"FCGRT",1234,2053,1.35621184938783e-09
"THYN1",1234,2054,1.3541466192352e-09
"MAT2A",1234,2055,1.35317452369867e-09
"LINC00493",1234,2056,1.35028936538203e-09
"TMEM98",1234,2057,1.34973389144486e-09
"C2orf82",1234,2058,1.34843628000725e-09
"MORF4L2",1234,2059,1.3460771419758e-09
"C11orf73",1234,2060,1.34435435677593e-09
"MVD",1234,2061,1.34152094135087e-09
"POLDIP2",1234,2062,1.33778122281417e-09
"AAMP",1234,2063,1.33771602088733e-09
"TACC3",1234,2064,1.33675028185147e-09
"TMEM134",1234,2065,1.33295262904373e-09
"POLR2K",1234,2066,1.33118133479576e-09
"BUB3",1234,2067,1.3304529654999e-09
"GSPT1",1234,2068,1.32477890455107e-09
"CCND1",1234,2069,1.32022061666459e-09
"MAPK13",1234,2070,1.31361276829478e-09
"TIMM10",1234,2071,1.30964308588381e-09
"RHOA",1234,2072,1.30691251169867e-09
"COQ2",1234,2073,1.3054523602362e-09
"TMEM219",1234,2074,1.30343326967239e-09
"MRPL33",1234,2075,1.30057277895761e-09
"MPDU1",1234,2076,1.29912077379042e-09
"PIGP",1234,2077,1.29836403139656e-09
"KDELR1",1234,2078,1.29617167693614e-09
"NAA38",1234,2079,1.29532039258935e-09
"EMP2",1234,2080,1.28627964792134e-09
"BSG",1234,2081,1.28255466555092e-09
"DUS1L",1234,2082,1.27732183612184e-09
"SMARCA4",1234,2083,1.27567940764425e-09
"EIF4H",1234,2084,1.2708332078517e-09
"NUDT21",1234,2085,1.26434931426165e-09
"ZDHHC12",1234,2086,1.26161893697794e-09
"MRPS18B",1234,2087,1.25967309214271e-09
"DNAJC8",1234,2088,1.25767931903109e-09
"GSTK1",1234,2089,1.25664818846713e-09
"ELAVL1",1234,2090,1.25614340387409e-09
"MKKS",1234,2091,1.25589220031218e-09
"C14orf2",1234,2092,1.25176415216343e-09
"DHCR24",1234,2093,1.24917236098294e-09
"NUDT22",1234,2094,1.24855634206578e-09
"CHCHD1",1234,2095,1.24101755864474e-09
"PFKL",1234,2096,1.24042350163069e-09
"ERGIC3",1234,2097,1.23709227841627e-09
"LRPPRC",1234,2098,1.23515339441771e-09
"PTBP1",1234,2099,1.23452350440441e-09
"LUC7L3",1234,2100,1.22551212955181e-09
"SMIM20",1234,2101,1.22360296873941e-09
"AKR7A2",1234,2102,1.21616226126245e-09
"MRPS10",1234,2103,1.21538273281536e-09
"NME3",1234,2104,1.21206563260809e-09
"ANAPC16",1234,2105,1.21191047466147e-09
"RBCK1",1234,2106,1.19564655894952e-09
"FAM136A",1234,2107,1.19466020912859e-09
"PSME1",1234,2108,1.18000675925998e-09
"SPG21",1234,2109,1.17833241937119e-09
"CANX",1234,2110,1.17271612771543e-09
"GPAA1",1234,2111,1.16588297353898e-09
"HADH",1234,2112,1.16197385924615e-09
"SEC62",1234,2113,1.15787680199346e-09
"GPI",1234,2114,1.14914477308951e-09
"ATP1A1",1234,2115,1.14042837134249e-09
"RABL6",1234,2116,1.12526713045147e-09
"ALKBH7",1234,2117,1.10939604402398e-09
"TCEA3",1234,2118,1.1026317733279e-09
"DDT",1234,2119,1.10114144571908e-09
"OST4",1234,2120,1.08849507334874e-09
"C7orf73",1234,2121,1.08397561411577e-09
"PIGT",1234,2122,1.07844131030702e-09
"LARP1",1234,2123,1.07510185826217e-09
"KIF5B",1234,2124,1.07055292888875e-09
"SRRM2",1234,2125,1.06558026887049e-09
"ATP6V0E1",1234,2126,1.06366737017383e-09
"CLN3",1234,2127,1.06072587016036e-09
"TMED2",1234,2128,1.06032009024145e-09
"COX5B",1234,2129,1.0435106050206e-09
"ABHD14B",1234,2130,1.01458638173501e-09
"SERP1",1234,2131,9.89695961454313e-10
"CKLF",1234,2132,9.89210264596714e-10
"COX14",1234,2133,9.82492612747571e-10
"COX8A",1234,2134,9.78775163899471e-10
"COX6B1",1234,2135,9.64599054090455e-10
"SKP1",1234,2136,8.88629301512282e-10
"SOD1",1234,2137,7.68604420709661e-10
"TSTD1",1234,2138,6.93588081998758e-10
"UQCR10",1234,2139,6.36642743096412e-10
"PRELID1",1234,2140,6.08713575994204e-10
"CYCS",1234,2141,6.06454664553403e-10
"SHFM1",1234,2142,5.25772545779983e-10
"GNAS",1234,2143,4.10566517610202e-10
"KRT19",1234,2144,2.85846410233289e-10
"KRT8",1234,2145,2.73738611977294e-10
"MYL12B",1234,2146,2.3825204278716e-10
"TFF1",1234,2147,2.33885306046188e-10
"PRSS3",1234,2148,2.03851800696778e-10
"BTG2",1234,2149,2.01854625179615e-10
"HLA-DRA",1234,2150,1.94772990188184e-10
"HLA-DPB1",1234,2151,1.8794756549059e-10
"ACTB",1234,2152,1.87356345598275e-10
"HLA-DPA1",1234,2153,1.8727719836314e-10
"ETHE1",1234,2154,1.81378323705977e-10
"EPCAM",1234,2155,1.73992086247129e-10
"SLPI",1234,2156,1.71048805343776e-10
"RHOB",1234,2157,1.66402011821157e-10
"PPP1R15A",1234,2158,1.57730598097215e-10
"SRI",1234,2159,1.51030420806979e-10
"IGHG3",1234,2160,1.49538312440102e-10
"SQRDL",1234,2161,1.48613935662609e-10
"HSD17B2",1234,2162,1.41942435874462e-10
"HLA-DQB1",1234,2163,1.37160284461791e-10
"ARPC2",1234,2164,1.33749630711664e-10
"CTNNA1",1234,2165,1.32714687550005e-10
"RAB11A",1234,2166,1.29033022632772e-10
"ALDOA",1234,2167,1.28192982032818e-10
"MOGAT3",1234,2168,1.28144533234999e-10
"VILL",1234,2169,1.26886526591094e-10
"SRGN",1234,2170,1.26215715334085e-10
"SLC22A18AS",1234,2171,1.2560893839654e-10
"MAPK3",1234,2172,1.25382218938961e-10
"MIR24-2",1234,2173,1.25304648365687e-10
"IGHG2",1234,2174,1.24637399685443e-10
"CCNL1",1234,2175,1.22940526411829e-10
"IGHG4",1234,2176,1.2133582329539e-10
"IGLV6-57",1234,2177,1.20515855104117e-10
"IGHG1",1234,2178,1.18502457889209e-10
"FN1",1234,2179,1.16683918797258e-10
"MMP28",1234,2180,1.14505226537493e-10
"TMBIM6",1234,2181,1.14108518079078e-10
"TAP1",1234,2182,1.13496953870116e-10
"SFN",1234,2183,1.12970460770499e-10
"PTP4A1",1234,2184,1.12451121026043e-10
"FTH1",1234,2185,1.122990711013e-10
"RGS1",1234,2186,1.11242069149809e-10
"FFAR4",1234,2187,1.10414588535723e-10
"GLUL",1234,2188,1.08923286752287e-10
"HLA-DQA1",1234,2189,1.08864892511327e-10
"IER3",1234,2190,1.07791815473607e-10
"IGFBP7",1234,2191,1.04717550102852e-10
"BCAS1",1234,2192,1.04303523679916e-10
"LDHA",1234,2193,1.04244647109608e-10
"CFDP1",1234,2194,1.03514393125993e-10
"SMOC2",1234,2195,1.03313935321777e-10
"IGLC2",1234,2196,1.028073071425e-10
"VDAC2",1234,2197,9.990581861216e-11
"GNG5",1234,2198,9.87668856907796e-11
"CTSB",1234,2199,9.85149414331533e-11
"CD79A",1234,2200,9.72924919311233e-11
"HSD11B2",1234,2201,9.64273004620582e-11
"MUC12",1234,2202,9.3540643000804e-11
"MAP3K13",1234,2203,9.34344222018215e-11
"GNA11",1234,2204,9.0702259943306e-11
"CAPN5",1234,2205,9.00952006437039e-11
"AC013394.2",1234,2206,8.9870352996467e-11
"USMG5",1234,2207,8.97596565450675e-11
"QSOX1",1234,2208,8.96761860776081e-11
"EGR3",1234,2209,8.94958168768895e-11
"ZG16B",1234,2210,8.92611712689945e-11
"SIK1",1234,2211,8.86829095473144e-11
"DSP",1234,2212,8.76582166027439e-11
"RGCC",1234,2213,8.73679481820388e-11
"TP53I3",1234,2214,8.72530486895274e-11
"TSC22D3",1234,2215,8.72417050543012e-11
"RAB10",1234,2216,8.6668402327113e-11
"COX7A2",1234,2217,8.54697376818691e-11
"RAB11FIP1",1234,2218,8.49485950744256e-11
"CCDC64B",1234,2219,8.49289575897892e-11
"ACTR3",1234,2220,8.49183522016025e-11
"CEBPG",1234,2221,8.4628437140916e-11
"CMPK1",1234,2222,8.43090920778201e-11
"PAPSS2",1234,2223,8.39721485334007e-11
"MYOF",1234,2224,8.29217240748537e-11
"SQSTM1",1234,2225,8.26828452888477e-11
"CALM3",1234,2226,8.2661060934249e-11
"UQCRQ",1234,2227,8.20765359275063e-11
"H3F3B",1234,2228,8.19237414526613e-11
"C1S",1234,2229,8.16361262693009e-11
"ATP6V0D1",1234,2230,8.13948579670334e-11
"ZDHHC2",1234,2231,7.98350023084185e-11
"UBL5",1234,2232,7.92767379060555e-11
"NR4A2",1234,2233,7.86910286765811e-11
"MYEOV",1234,2234,7.86368527121716e-11
"IGLL5",1234,2235,7.70646082672302e-11
"COX6A1",1234,2236,7.65754531499673e-11
"LY6E",1234,2237,7.55139879952323e-11
"FAM129B",1234,2238,7.3502945133799e-11
"TMEM176A",1234,2239,7.34092808463632e-11
"CTTN",1234,2240,7.23983995237168e-11
"TMEM176B",1234,2241,7.12882018927806e-11
"WDR1",1234,2242,7.09380667466166e-11
"CRB3",1234,2243,7.08914954788814e-11
"HKDC1",1234,2244,7.07156706106308e-11
"PSMB9",1234,2245,6.96830820604756e-11
"CLDN3",1234,2246,6.9303926209319e-11
"EDN1",1234,2247,6.87322506612232e-11
"JUNB",1234,2248,6.83495537069032e-11
"SMAP1",1234,2249,6.82401509063488e-11
"HLA-DRB5",1234,2250,6.82351152630147e-11
"BLOC1S1",1234,2251,6.78349339865966e-11
"PDLIM1",1234,2252,6.6934257225476e-11
"MTRNR2L3",1234,2253,6.68823682180664e-11
"ENTPD8",1234,2254,6.60729102632727e-11
"CXCR4",1234,2255,6.57408929022396e-11
"SCP2",1234,2256,6.51883378160568e-11
"PRDX6",1234,2257,6.45865633647715e-11
"FRYL",1234,2258,6.44092484761022e-11
"GHITM",1234,2259,6.42621049544985e-11
"PLXNB2",1234,2260,6.39254513624297e-11
"MYO6",1234,2261,6.33351043998434e-11
"BCAP29",1234,2262,6.32006918430116e-11
"PSAP",1234,2263,6.2944241684995e-11
"PRUNE2",1234,2264,6.27890524553791e-11
"S100A13",1234,2265,6.12258954963023e-11
"CTD-2090I13.1",1234,2266,6.03417259785004e-11
"SPARC",1234,2267,6.01620749746393e-11
"FAM177A1",1234,2268,5.94042954183187e-11
"LSR",1234,2269,5.93691579932385e-11
"NDUFA1",1234,2270,5.91519727963032e-11
"HDHD3",1234,2271,5.91339894373319e-11
"ACTR2",1234,2272,5.90107909584848e-11
"ERBB3",1234,2273,5.90057861902185e-11
"METTL7A",1234,2274,5.8923490558883e-11
"CADM1",1234,2275,5.80811258233981e-11
"CRIP2",1234,2276,5.79521280971084e-11
"HSPA1B",1234,2277,5.79128731111979e-11
"NUDT14",1234,2278,5.77570299371491e-11
"PCSK7",1234,2279,5.67905185419397e-11
"FCGBP",1234,2280,5.64672059168486e-11
"TPSG1",1234,2281,5.6450074629735e-11
"UBE2L6",1234,2282,5.63318968082116e-11
"LAPTM4A",1234,2283,5.58883464391601e-11
"GNE",1234,2284,5.58402291959446e-11
"APOE",1234,2285,5.55055781913198e-11
"COL3A1",1234,2286,5.54182784654063e-11
"CXCL14",1234,2287,5.49604025946613e-11
"SLC9A3R1",1234,2288,5.49551844749746e-11
"COX7B",1234,2289,5.4879726357156e-11
"RRBP1",1234,2290,5.42950050241528e-11
"DCN",1234,2291,5.41818235885985e-11
"SH3BGRL",1234,2292,5.39664165004781e-11
"MIR4435-1HG",1234,2293,5.35223917021639e-11
"MTRNR2L8",1234,2294,5.32054847144451e-11
"ATP6V1E1",1234,2295,5.23974432685174e-11
"CDKN2B-AS1",1234,2296,5.19388353739154e-11
"SLC5A1",1234,2297,5.1671403880455e-11
"HLA-DMB",1234,2298,5.16423775356527e-11
"BACE2",1234,2299,5.15597122282112e-11
"LAMA1",1234,2300,5.15172662781141e-11
"TYROBP",1234,2301,5.13882704277578e-11
"NDUFA3",1234,2302,5.03628662648772e-11
"PET100",1234,2303,5.00432605737433e-11
"ME1",1234,2304,4.98738400658002e-11
"COX6C",1234,2305,4.89244540715229e-11
"C10orf10",1234,2306,4.88014703339744e-11
"MYH9",1234,2307,4.86895484122566e-11
"MLLT4",1234,2308,4.85855541380176e-11
"C12orf75",1234,2309,4.83642366420452e-11
"VASP",1234,2310,4.82439300994116e-11
"CD69",1234,2311,4.80345137631572e-11
"FAM120A",1234,2312,4.78172413455909e-11
"PPARG",1234,2313,4.77061443831224e-11
"TPRN",1234,2314,4.76469645403276e-11
"HOXD11",1234,2315,4.75719956630931e-11
"QPCT",1234,2316,4.72914819607039e-11
"C2",1234,2317,4.70738143660042e-11
"ARF6",1234,2318,4.66601581842131e-11
"UGDH",1234,2319,4.64921223815499e-11
"RNF186",1234,2320,4.6432203671462e-11
"GCC2",1234,2321,4.57929551030546e-11
"RP1-193H18.2",1234,2322,4.55976479152726e-11
"TESC",1234,2323,4.55865792158496e-11
"PHLDA1",1234,2324,4.54720877722723e-11
"STXBP2",1234,2325,4.49486985121652e-11
"JAK1",1234,2326,4.48663967512486e-11
"CHMP3",1234,2327,4.46821511709492e-11
"ALDH2",1234,2328,4.44988873662888e-11
"CDKN2A",1234,2329,4.43005285348243e-11
"HEBP2",1234,2330,4.41975046238555e-11
"CMTM6",1234,2331,4.41227107386622e-11
"IGFBP2",1234,2332,4.40655007979761e-11
"ATP2A2",1234,2333,4.39234922032245e-11
"SAR1B",1234,2334,4.35272286234891e-11
"NFE2L3",1234,2335,4.31499874206361e-11
"ADAMDEC1",1234,2336,4.29102555149028e-11
"ARF3",1234,2337,4.26176190780692e-11
"TGOLN2",1234,2338,4.25601940627554e-11
"TUBA1A",1234,2339,4.23079272211836e-11
"PON2",1234,2340,4.15143023170487e-11
"TPM3",1234,2341,4.13488981202371e-11
"CAPZA1",1234,2342,4.12418532438133e-11
"GADD45A",1234,2343,4.10702880906096e-11
"HGD",1234,2344,4.09974826912186e-11
"IST1",1234,2345,4.09395885278367e-11
"CLDN2",1234,2346,4.08820244330539e-11
"RP1-3J17.3",1234,2347,4.08788991514153e-11
"MKRN1",1234,2348,4.05966450361156e-11
"ATP2A3",1234,2349,4.04043940860298e-11
"LAPTM5",1234,2350,4.02406251264944e-11
"APLP2",1234,2351,4.00256191562561e-11
"PCBP1",1234,2352,3.9719155059694e-11
"NEDD4L",1234,2353,3.97100143672398e-11
"RAB27A",1234,2354,3.9698207350003e-11
"CAPN1",1234,2355,3.96406894380961e-11
"CSRP2",1234,2356,3.93810669444965e-11
"RALA",1234,2357,3.9154827691034e-11
"SELENBP1",1234,2358,3.91361414507484e-11
"IL2RG",1234,2359,3.91226296216938e-11
"RAB7A",1234,2360,3.88673101682496e-11
"NCOR1",1234,2361,3.88103844764753e-11
"NR2F6",1234,2362,3.85655500573525e-11
"SOD3",1234,2363,3.84763390260188e-11
"B3GALT5",1234,2364,3.80405928823860e-11
"RP11-835E18.5",1234,2365,3.7651788167194e-11
"SERPINB5",1234,2366,3.75648913329869e-11
"TFG",1234,2367,3.74406814435521e-11
"MOB1A",1234,2368,3.74067272017328e-11
"ATP2B1",1234,2369,3.7338200351798e-11
"ATP6V1G1",1234,2370,3.72630311914767e-11
"ABHD2",1234,2371,3.68043654173862e-11
"MARCKS",1234,2372,3.64118439869182e-11
"C6orf62",1234,2373,3.61814389244243e-11
"ABRACL",1234,2374,3.60129911472994e-11
"WTAP",1234,2375,3.59971520700849e-11
"LTB",1234,2376,3.5749819221764e-11
"ENTPD5",1234,2377,3.5634749222764e-11
"EMP3",1234,2378,3.56243960011975e-11
"C9orf89",1234,2379,3.54407396297309e-11
"NPC2",1234,2380,3.51843894381459e-11
"HIF1A",1234,2381,3.51026566052207e-11
"TPSAB1",1234,2382,3.5028416797458e-11
"SEMA4G",1234,2383,3.48226879533909e-11
"COL1A2",1234,2384,3.4652848277742e-11
"AKAP9",1234,2385,3.46060643834794e-11
"CCL2",1234,2386,3.44365344455713e-11
"CHP2",1234,2387,3.42964677527182e-11
"CRYL1",1234,2388,3.42744849621433e-11
"CEBPD",1234,2389,3.41713330374336e-11
"PRR11",1234,2390,3.41629316059723e-11
"IL34",1234,2391,3.40596990118141e-11
"N4BP2L2",1234,2392,3.40230825236680e-11
"LIX1L",1234,2393,3.40089307073253e-11
"MTRNR2L10",1234,2394,3.39601255740196e-11
"DHRS11",1234,2395,3.3918445692371e-11
"FAM84A",1234,2396,3.39063985954041e-11
"SLC25A24",1234,2397,3.37349017810516e-11
"RELB",1234,2398,3.37235263575643e-11
"TFF2",1234,2399,3.36988999463483e-11
"STAG2",1234,2400,3.36436503175459e-11
"UBE2B",1234,2401,3.3642167486968e-11
"CPT1A",1234,2402,3.33869297640061e-11
"GPR85",1234,2403,3.3311105479566e-11
"PKIG",1234,2404,3.32967206156648e-11
"CDV3",1234,2405,3.32736015291722e-11
"MUC5B",1234,2406,3.31532669451836e-11
"L1TD1",1234,2407,3.3022129456908e-11
"PYCARD",1234,2408,3.26439778693705e-11
"A2M",1234,2409,3.2588717736017e-11
"PYGB",1234,2410,3.24147983242411e-11
"PSENEN",1234,2411,3.21005760586644e-11
"CCNDBP1",1234,2412,3.18006933572200e-11
"RP6-109B7.3",1234,2413,3.17932546166924e-11
"PLCB4",1234,2414,3.17672883367893e-11
"C18orf56",1234,2415,3.1696939680428e-11
"ANKRD37",1234,2416,3.15297831629545e-11
"TOB1",1234,2417,3.14968239276616e-11
"FUOM",1234,2418,3.11517330598928e-11
"PLBD1",1234,2419,3.11281616720325e-11
"SYAP1",1234,2420,3.09143745209492e-11
"GNB1",1234,2421,3.08652113725602e-11
"RP11-81H14.2",1234,2422,3.06599346820481e-11
"KLRB1",1234,2423,3.06156980062695e-11
"GOLGB1",1234,2424,3.05856083587649e-11
"MUC5AC",1234,2425,3.04818964975399e-11
"CASC4",1234,2426,3.04530748192639e-11
"DAZAP2",1234,2427,3.03745895385195e-11
"CCL3",1234,2428,3.01723666935825e-11
"PCGF5",1234,2429,3.00969020555225e-11
"RP11-14N7.2",1234,2430,2.99495733082865e-11
"SREK1IP1",1234,2431,2.96460437835737e-11
"MIR4458HG",1234,2432,2.94043854570716e-11
"GPR153",1234,2433,2.93264491456828e-11
"AQP3",1234,2434,2.92830238818114e-11
"KIF1C",1234,2435,2.92709744373651e-11
"BST2",1234,2436,2.91945368571547e-11
"VPS4B",1234,2437,2.88856435865253e-11
"BTN3A2",1234,2438,2.87752389152966e-11
"CAT",1234,2439,2.86706910011162e-11
"CMAS",1234,2440,2.85933437395796e-11
"GOLPH3",1234,2441,2.85254676796832e-11
"PTGDS",1234,2442,2.84757215374376e-11
"GABRP",1234,2443,2.83430778993433e-11
"DDX3X",1234,2444,2.83313712317843e-11
"PANK3",1234,2445,2.8106457599758e-11
"RNPEP",1234,2446,2.81019718109828e-11
"ACSM3",1234,2447,2.80331366243821e-11
"TRBC2",1234,2448,2.7591055851537e-11
"PGAM1",1234,2449,2.74857713154024e-11
"RNF7",1234,2450,2.72546724653395e-11
"SLC38A1",1234,2451,2.72284217190546e-11
"PMP22",1234,2452,2.72219435050872e-11
"TM9SF3",1234,2453,2.72198193350279e-11
"GABARAPL2",1234,2454,2.71662691309832e-11
"AL928768.3",1234,2455,2.69336966451326e-11
"KCNQ1OT1",1234,2456,2.69122979934295e-11
"PNP",1234,2457,2.68752205633998e-11
"FMOD",1234,2458,2.67957341179787e-11
"COPG1",1234,2459,2.65489415468911e-11
"FAM3C",1234,2460,2.65412007892859e-11
"CLTC",1234,2461,2.65038808235111e-11
"SEPT9",1234,2462,2.64148074544778e-11
"GADD45B",1234,2463,2.61009087708566e-11
"ANXA7",1234,2464,2.59413067869375e-11
"CD3D",1234,2465,2.58190990393456e-11
"MOB4",1234,2466,2.57937136178304e-11
"TJP2",1234,2467,2.57909728493786e-11
"DNAJC15",1234,2468,2.5728825004364e-11
"CRABP2",1234,2469,2.55410144082202e-11
"LYZ",1234,2470,2.53846631356554e-11
"C1QA",1234,2471,2.52738361740909e-11
"TNFRSF14",1234,2472,2.52015594107274e-11
"ACTR10",1234,2473,2.46636216756556e-11
"CTNNB1",1234,2474,2.46375826933606e-11
"TPM1",1234,2475,2.45549428142415e-11
"C1orf21",1234,2476,2.45289774155454e-11
"MPZL1",1234,2477,2.45039680024607e-11
"ARF5",1234,2478,2.42398945060549e-11
"NOX1",1234,2479,2.41615882889474e-11
"ABLIM1",1234,2480,2.40869838039864e-11
"SDC2",1234,2481,2.40443724801398e-11
"EFNA1",1234,2482,2.37536265464496e-11
"FGD5-AS1",1234,2483,2.3720941634564e-11
"DYNC1LI2",1234,2484,2.3692025248697e-11
"C9orf152",1234,2485,2.36899039314274e-11
"CYR61",1234,2486,2.36607509782287e-11
"MTRNR2L11",1234,2487,2.36355153898358e-11
"HTATIP2",1234,2488,2.36247072267056e-11
"IGHV1-24",1234,2489,2.35387365078605e-11
"LPP",1234,2490,2.35313193110984e-11
"TPD52",1234,2491,2.34501308704165e-11
"IGKV3-20",1234,2492,2.34438307235114e-11
"DYNLRB1",1234,2493,2.34368312437837e-11
"GALNT5",1234,2494,2.33878528961958e-11
"REEP3",1234,2495,2.3348117349847e-11
"H1F0",1234,2496,2.33202495616871e-11
"HSPA1A",1234,2497,2.31383365385843e-11
"TSPAN6",1234,2498,2.31335229015573e-11
"TNIP1",1234,2499,2.30691696568971e-11
"SLMO2",1234,2500,2.30660269586425e-11
"MTRNR2L13",1234,2501,2.304669544135e-11
"DDR1",1234,2502,2.29543422692453e-11
"RP5-940J5.9",1234,2503,2.29414130577093e-11
"MFSD2B",1234,2504,2.26169670184752e-11
"TCF12",1234,2505,2.25689660604842e-11
"IFI27L2",1234,2506,2.24279345745188e-11
"MXD3",1234,2507,2.24132323849909e-11
"GALNT3",1234,2508,2.22076167877863e-11
"LLGL2",1234,2509,2.21430615947498e-11
"MMP15",1234,2510,2.21135422272178e-11
"SBF2",1234,2511,2.20423828560821e-11
"APCDD1",1234,2512,2.20334160790729e-11
"REG3A",1234,2513,2.19776314008937e-11
"PDK4",1234,2514,2.19463329448961e-11
"GPM6A",1234,2515,2.18693607818125e-11
"IL8",1234,2516,2.1822678550947e-11
"LINC00969",1234,2517,2.18126888082518e-11
"FAM177B",1234,2518,2.1752306165607e-11
"C1QB",1234,2519,2.17331376204832e-11
"LRRFIP2",1234,2520,2.16512133655796e-11
"DLGAP5",1234,2521,2.15871127732582e-11
"TMED7",1234,2522,2.14864519507016e-11
"CMIP",1234,2523,2.1442320062105e-11
"IHH",1234,2524,2.14338964802285e-11
"CTGF",1234,2525,2.1400407929071e-11
"SGOL2",1234,2526,2.13959001075707e-11
"TBL1XR1",1234,2527,2.13795894053031e-11
"NUDT16",1234,2528,2.12993146735635e-11
"DEPDC1",1234,2529,2.12071568576985e-11
"GSTM3",1234,2530,2.09591407493981e-11
"DMBT1",1234,2531,2.09154137756666e-11
"PRKAR1A",1234,2532,2.07915154565711e-11
"SLTM",1234,2533,2.071992717844e-11
"PLA2G2A",1234,2534,2.07030997820898e-11
"SERINC3",1234,2535,2.06997369233525e-11
"NEURL1B",1234,2536,2.06700692414147e-11
"MECOM",1234,2537,2.05408402227159e-11
"CREB3",1234,2538,2.03897320150178e-11
"IFI44L",1234,2539,2.03048097726685e-11
"TMC6",1234,2540,2.02493355699309e-11
"GJB1",1234,2541,2.01596131807952e-11
"NTRK2",1234,2542,2.01552021020858e-11
"CTSA",1234,2543,2.01285299497351e-11
"CHI3L1",1234,2544,2.00988313379384e-11
"TLE1",1234,2545,2.00586641986706e-11
"NCF4",1234,2546,2.00425924339892e-11
"ST6GALNAC1",1234,2547,2.0010681450094e-11
"TNFAIP8L1",1234,2548,1.99403666987924e-11
"PRR15",1234,2549,1.9877594927803e-11
"ACSS2",1234,2550,1.98346342494363e-11
"TWF1",1234,2551,1.97734983231203e-11
"CEACAM3",1234,2552,1.97354678477744e-11
"NDUFC1",1234,2553,1.9723291023139e-11
"CRK",1234,2554,1.97102561379049e-11
"LGALS9",1234,2555,1.97072498114727e-11
"NNMT",1234,2556,1.96779207885851e-11
"TTK",1234,2557,1.92926807055003e-11
"SAR1A",1234,2558,1.9169656563333e-11
"LGALS3BP",1234,2559,1.91273501627784e-11
"PSMB10",1234,2560,1.91098568564429e-11
"LINC00657",1234,2561,1.90288528934591e-11
"PROM1",1234,2562,1.89616738710926e-11
"CFTR",1234,2563,1.88687445665208e-11
"RSRC2",1234,2564,1.8860607431499e-11
"BZW1",1234,2565,1.88547757603742e-11
"SDHC",1234,2566,1.87573485512517e-11
"FUCA1",1234,2567,1.86780557941039e-11
"FRG1",1234,2568,1.86560224051165e-11
"TM7SF3",1234,2569,1.86197856329258e-11
"RP11-302B13.5",1234,2570,1.85266241264849e-11
"SNX6",1234,2571,1.85254135502357e-11
"ENPP2",1234,2572,1.85148421096943e-11
"FYB",1234,2573,1.8445157480728e-11
"PGM1",1234,2574,1.84015976843612e-11
"CMBL",1234,2575,1.82980468831253e-11
"DDIT3",1234,2576,1.82503305739451e-11
"BAD",1234,2577,1.81939219763597e-11
"ERBB2",1234,2578,1.81904392113387e-11
"LMO4",1234,2579,1.81255941836994e-11
"BEST2",1234,2580,1.81079930841279e-11
"DDIT4",1234,2581,1.80675062430749e-11
"CLINT1",1234,2582,1.80627082256764e-11
"LAP3",1234,2583,1.80097424379988e-11
"B3GNT6",1234,2584,1.79709699151111e-11
"TBCB",1234,2585,1.79693202854091e-11
"PLEKHB1",1234,2586,1.78215814468185e-11
"ILK",1234,2587,1.78096063469069e-11
"GSDMD",1234,2588,1.77920702064002e-11
"DYNC1H1",1234,2589,1.77852929636285e-11
"MTUS1",1234,2590,1.77673164497596e-11
"NAPA",1234,2591,1.77599917092369e-11
"KIF11",1234,2592,1.7742065681248e-11
"SPINK4",1234,2593,1.77201577129727e-11
"RAMP2",1234,2594,1.7704692302227e-11
"TSG101",1234,2595,1.75643871530668e-11
"MIA",1234,2596,1.75321096462548e-11
"PIF1",1234,2597,1.74948022823441e-11
"CX3CL1",1234,2598,1.74592454977669e-11
"NDUFA13",1234,2599,1.7411078728362e-11
"PDXDC1",1234,2600,1.7400631293926e-11
"PTBP3",1234,2601,1.7396790727342e-11
"EPB41L2",1234,2602,1.73826258778983e-11
"RP11-295G20.2",1234,2603,1.7305357420772e-11
"MTRNR2L4",1234,2604,1.72871492509758e-11
"PSMA6",1234,2605,1.72824736817288e-11
"ADD3",1234,2606,1.71670280354325e-11
"TP53TG1",1234,2607,1.71152691170508e-11
"LDHD",1234,2608,1.70894383226296e-11
"USH1C",1234,2609,1.7076063732022e-11
"SHROOM3",1234,2610,1.70110301759542e-11
"EMC3",1234,2611,1.6990249776887e-11
"IGFBP5",1234,2612,1.69605432656859e-11
"AP000350.4",1234,2613,1.6798644555985e-11
"ZDHHC3",1234,2614,1.67504895557989e-11
"CNOT1",1234,2615,1.67481518284598e-11
"DDAH2",1234,2616,1.67440457224683e-11
"CASC5",1234,2617,1.66463299150526e-11
"IFIT1",1234,2618,1.661816112895e-11
"SNX7",1234,2619,1.65624298417895e-11
"MPG",1234,2620,1.65316805267566e-11
"TRIM47",1234,2621,1.652078140247e-11
"ATOX1",1234,2622,1.65154798430221e-11
"PDCD4",1234,2623,1.65046149956968e-11
"FDX1",1234,2624,1.64769162342597e-11
"SMAGP",1234,2625,1.64714703430428e-11
"SLC26A4",1234,2626,1.6262635399585e-11
"CLMN",1234,2627,1.61957199357024e-11
"MX1",1234,2628,1.61317671664134e-11
"PQBP1",1234,2629,1.60950926435756e-11
"PGLS",1234,2630,1.60791925912344e-11
"PRAC2",1234,2631,1.60618395146115e-11
"KLC4",1234,2632,1.59940955720395e-11
"GDE1",1234,2633,1.59611083990474e-11
"RAB5B",1234,2634,1.59241195411431e-11
"CPA3",1234,2635,1.59037495831562e-11
"DNM2",1234,2636,1.58510938418113e-11
"SI",1234,2637,1.58126548006208e-11
"IFT27",1234,2638,1.58045114263489e-11
"IDO1",1234,2639,1.56977928371877e-11
"UBBP4",1234,2640,1.56479714885583e-11
"VPS35",1234,2641,1.56101764648502e-11
"TXNRD1",1234,2642,1.55564137833072e-11
"SNX3",1234,2643,1.5536837054949e-11
"C6orf222",1234,2644,1.541860047513e-11
"POMC",1234,2645,1.53333859506333e-11
"SEPT2",1234,2646,1.53222309934537e-11
"PAIP2",1234,2647,1.52588917812167e-11
"PROX1",1234,2648,1.5252990521497e-11
"UBXN1",1234,2649,1.52529454382736e-11
"TMEM11",1234,2650,1.52418150463327e-11
"COMMD3",1234,2651,1.51964198709659e-11
"AP3S1",1234,2652,1.51213211545336e-11
"PRELID2",1234,2653,1.50642530179733e-11
"NFE2L2",1234,2654,1.50063183705103e-11
"NOSIP",1234,2655,1.49960223469073e-11
"SLC37A1",1234,2656,1.49156936399309e-11
"SULT2B1",1234,2657,1.48988711595882e-11
"PKP2",1234,2658,1.47261469701052e-11
"TMC4",1234,2659,1.47228089624084e-11
"ZFAND6",1234,2660,1.46843589408172e-11
"CITED2",1234,2661,1.46705427431508e-11
"MPZL2",1234,2662,1.46281945160911e-11
"TMSB4Y",1234,2663,1.46219917750872e-11
"DDAH1",1234,2664,1.46203056750287e-11
"FAM83D",1234,2665,1.45776342547003e-11
"KCNMA1",1234,2666,1.45708451898245e-11
"CKAP5",1234,2667,1.45462747017484e-11
"SLC4A4",1234,2668,1.45043009538127e-11
"SATB2",1234,2669,1.45003967080167e-11
"HLA-DQA2",1234,2670,1.44569638651811e-11
"TNFRSF25",1234,2671,1.43343803981671e-11
"ARF1",1234,2672,1.43185871771845e-11
"GOLGA4",1234,2673,1.42810228528079e-11
"TMEM87A",1234,2674,1.41358047618414e-11
"SRD5A3",1234,2675,1.4066807912529e-11
"SHISA5",1234,2676,1.40437938554698e-11
"DNAJC3",1234,2677,1.40289411660228e-11
"EIF2AK1",1234,2678,1.39936464966826e-11
"ANKRD42",1234,2679,1.39898061881668e-11
"MT1M",1234,2680,1.39811311158274e-11
"GSS",1234,2681,1.39536786368756e-11
"SOX8",1234,2682,1.39391200003067e-11
"DENND2A",1234,2683,1.393498156929e-11
"CA7",1234,2684,1.38966144839904e-11
"MTIF3",1234,2685,1.38590055825053e-11
"SURF1",1234,2686,1.38573397751352e-11
"GNLY",1234,2687,1.37934990704804e-11
"MRPS36",1234,2688,1.37301252941426e-11
"SYF2",1234,2689,1.36491451457161e-11
"YIF1B",1234,2690,1.36402628603289e-11
"TAOK3",1234,2691,1.36176637211639e-11
"USP22",1234,2692,1.36087198207534e-11
"S100A8",1234,2693,1.35350185846791e-11
"AAMDC",1234,2694,1.34593894902513e-11
"STT3B",1234,2695,1.343484014577e-11
"PRPF8",1234,2696,1.3422727347091e-11
"TUSC2",1234,2697,1.3403134271474e-11
"ERLEC1",1234,2698,1.33499914483364e-11
"NEU4",1234,2699,1.33203314090118e-11
"MTPN",1234,2700,1.33045550594038e-11
"AIMP1",1234,2701,1.3291284218891e-11
"NPDC1",1234,2702,1.32724409551345e-11
"HEPACAM2",1234,2703,1.32229189118141e-11
"PIGZ",1234,2704,1.31825263230155e-11
"PSMD3",1234,2705,1.31594953159358e-11
"BHLHE41",1234,2706,1.31279398355402e-11
"RPP25L",1234,2707,1.31135025777759e-11
"MYO1C",1234,2708,1.30805068502692e-11
"TRAM1",1234,2709,1.30266986123812e-11
"TMEM165",1234,2710,1.29791176486109e-11
"FBXW5",1234,2711,1.29658782960413e-11
"GOT1",1234,2712,1.29417572529915e-11
"DHRS3",1234,2713,1.29253145989179e-11
"ARRDC1",1234,2714,1.29220425341228e-11
"RP11-277P12.20",1234,2715,1.28936464435468e-11
"CDK5RAP3",1234,2716,1.28807718519654e-11
"EMC10",1234,2717,1.28688096762638e-11
"KIF23",1234,2718,1.28599838221301e-11
"IMMT",1234,2719,1.28043097656763e-11
"CEP55",1234,2720,1.27911729748675e-11
"GALNT1",1234,2721,1.27773772799723e-11
"SEPT7",1234,2722,1.2756621292971e-11
"PSMB8",1234,2723,1.27518958225669e-11
"FKBP8",1234,2724,1.27347935475277e-11
"RSU1",1234,2725,1.27208209993915e-11
"LINC00675",1234,2726,1.26789077558569e-11
"HNRNPH2",1234,2727,1.26711910097584e-11
"MMP7",1234,2728,1.26692906307707e-11
"NUF2",1234,2729,1.26654872364498e-11
"AP2B1",1234,2730,1.26308423606391e-11
"SCAF11",1234,2731,1.26237322507638e-11
"PPP2R5C",1234,2732,1.25129338496278e-11
"PDLIM4",1234,2733,1.2511760890198e-11
"LEPROTL1",1234,2734,1.24932107193092e-11
"RALY",1234,2735,1.24394926644924e-11
"CS",1234,2736,1.24320741351922e-11
"ATP6V1F",1234,2737,1.24227038759869e-11
"HNMT",1234,2738,1.24098788150717e-11
"MTRNR2L12",1234,2739,1.23697849142501e-11
"S100A2",1234,2740,1.23468092462723e-11
"CCDC109B",1234,2741,1.2306389037377e-11
"NDC80",1234,2742,1.22710969514808e-11
"CXCL5",1234,2743,1.22629969283412e-11
"NT5DC2",1234,2744,1.22585939151041e-11
"SNF8",1234,2745,1.22508431199661e-11
"MVB12A",1234,2746,1.22257607899031e-11
"SRSF5",1234,2747,1.21962697770634e-11
"RAB14",1234,2748,1.21806888825508e-11
"SCOC",1234,2749,1.21741757165279e-11
"PTRHD1",1234,2750,1.21325808976144e-11
"STRAP",1234,2751,1.21315897690961e-11
"UFM1",1234,2752,1.21154383233528e-11
"DEGS2",1234,2753,1.20859377645399e-11
"PRKACB",1234,2754,1.20782622336076e-11
"SEC31A",1234,2755,1.20695225931076e-11
"ANLN",1234,2756,1.20693156070266e-11
"NMT1",1234,2757,1.19000367103296e-11
"ANXA13",1234,2758,1.18974744681839e-11
"OIP5",1234,2759,1.18657211975591e-11
"SUPT4H1",1234,2760,1.18229735852042e-11
"WIPI1",1234,2761,1.1761407689897e-11
"SNRPB2",1234,2762,1.17520785076273e-11
"SUCLG2",1234,2763,1.17410681314841e-11
"AP1M2",1234,2764,1.16814855807391e-11
"MT2A",1234,2765,1.16018817548665e-11
"TSPAN15",1234,2766,1.16006839822624e-11
"TSPYL1",1234,2767,1.15943507602212e-11
"ATP5EP2",1234,2768,1.15588561562583e-11
"AIF1",1234,2769,1.15166564442627e-11
"CAPRIN1",1234,2770,1.14947555590745e-11
"NDUFV2",1234,2771,1.1492386261129e-11
"SDHA",1234,2772,1.14616197449583e-11
"C2orf54",1234,2773,1.1451776747451e-11
"DHX15",1234,2774,1.14397798232612e-11
"SPTAN1",1234,2775,1.14040199533327e-11
"CDKN1C",1234,2776,1.13980169928239e-11
"BUB1",1234,2777,1.13743404739594e-11
"EMD",1234,2778,1.13579191816025e-11
"PSMG2",1234,2779,1.13490391637818e-11
"MGAT4B",1234,2780,1.13238295993332e-11
"BASP1",1234,2781,1.12987618161823e-11
"LDLR",1234,2782,1.12700903026197e-11
"CKAP4",1234,2783,1.12607753174597e-11
"CES3",1234,2784,1.12392385502203e-11
"ST3GAL1",1234,2785,1.11780763606979e-11
"MRPL35",1234,2786,1.11691335794774e-11
"APH1A",1234,2787,1.11513507038476e-11
"FAM26F",1234,2788,1.11467010976592e-11
"C14orf1",1234,2789,1.11103582403068e-11
"PTGS2",1234,2790,1.10710783855387e-11
"MRPS5",1234,2791,1.10660028991936e-11
"SPON1",1234,2792,1.10577586083931e-11
"S100A4",1234,2793,1.1006288949172e-11
"ADIRF",1234,2794,1.0951487202927e-11
"CCNB1",1234,2795,1.09269784073138e-11
"CISD2",1234,2796,1.09209129029369e-11
"ANKRD36C",1234,2797,1.08214297576101e-11
"DNTTIP1",1234,2798,1.06695985732684e-11
"TIFA",1234,2799,1.06397747293444e-11
"ANO9",1234,2800,1.06051758601424e-11
"PLEKHB2",1234,2801,1.05783538923301e-11
"FAM64A",1234,2802,1.05103789950077e-11
"GLUD1",1234,2803,1.05078939676051e-11
"SCNN1B",1234,2804,1.04980205642638e-11
"YIPF3",1234,2805,1.04473123529882e-11
"AFG3L2",1234,2806,1.04200068724282e-11
"SYPL1",1234,2807,1.04127412744766e-11
"PSMD9",1234,2808,1.03980424238976e-11
"AURKB",1234,2809,1.03750378716495e-11
"LGALS2",1234,2810,1.03665959603146e-11
"ATAD2",1234,2811,1.03594842749047e-11
"POLR2J",1234,2812,1.0356361660047e-11
"UBE2J1",1234,2813,1.03510598831545e-11
"UBE2N",1234,2814,1.03315528037699e-11
"SERPINB7",1234,2815,1.03271823663524e-11
"C7orf55",1234,2816,1.03252419759761e-11
"TMEM183A",1234,2817,1.02903282662816e-11
"TNFAIP2",1234,2818,1.0282606783156e-11
"PPP1R35",1234,2819,1.02573934942362e-11
"SLC7A11",1234,2820,1.02135192963927e-11
"PRKAR2A",1234,2821,1.01195539115835e-11
"GOT2",1234,2822,1.0095199553988e-11
"TSEN34",1234,2823,1.00942916702589e-11
"TTC1",1234,2824,1.00849868626179e-11
"GBP5",1234,2825,1.00765487485705e-11
"SLC9A3R2",1234,2826,1.00616135964643e-11
"DDX1",1234,2827,1.00300342421034e-11
"TMEM248",1234,2828,1.00240064907185e-11
"ZFYVE21",1234,2829,9.94862161467765e-12
"TSPAN13",1234,2830,9.94841670192973e-12
"ENDOG",1234,2831,9.9275802212025e-12
"SMS",1234,2832,9.88464620150981e-12
"KIAA1522",1234,2833,9.8694805499362e-12
"TPX2",1234,2834,9.79822190264956e-12
"ID2",1234,2835,9.75033104026261e-12
"CDH3",1234,2836,9.7455894834398e-12
"MXRA5",1234,2837,9.71180029804318e-12
"KNSTRN",1234,2838,9.64323677164445e-12
"ADH5",1234,2839,9.63770946647274e-12
"GTF2A2",1234,2840,9.62048766721206e-12
"PPP1R11",1234,2841,9.6072609775354e-12
"DBNL",1234,2842,9.58739046159018e-12
"MAP1LC3A",1234,2843,9.52657757333153e-12
"CD99",1234,2844,9.52260266835171e-12
"GALNT7",1234,2845,9.52080779962639e-12
"MFSD10",1234,2846,9.51269264328534e-12
"HAPLN1",1234,2847,9.48891342740553e-12
"NCKAP1",1234,2848,9.43997188374924e-12
"JAG1",1234,2849,9.36278409501781e-12
"GSTM4",1234,2850,9.32554013410664e-12
"SMC3",1234,2851,9.30779529655505e-12
"FOXA2",1234,2852,9.30484511616073e-12
"G3BP2",1234,2853,9.28230918452791e-12
"LINC00998",1234,2854,9.21306605229081e-12
"FLOT1",1234,2855,9.1862875882767e-12
"CDC20",1234,2856,9.14752617443374e-12
"TMEM92",1234,2857,9.12434497232688e-12
"ESRP1",1234,2858,9.07973205918374e-12
"TMEM173",1234,2859,9.04521208055738e-12
"LLPH",1234,2860,9.03623259157525e-12
"CRYM",1234,2861,9.02162415268892e-12
"MGMT",1234,2862,8.98764514489796e-12
"CHCHD7",1234,2863,8.9804597913344e-12
"RASD1",1234,2864,8.96353849808653e-12
"ZBTB7A",1234,2865,8.93828294768928e-12
"HMG20B",1234,2866,8.9188045248314e-12
"POLR3GL",1234,2867,8.89765698782114e-12
"PSRC1",1234,2868,8.86291164101047e-12
"SEPHS2",1234,2869,8.86079328037885e-12
"MT1A",1234,2870,8.85555939716659e-12
"SYNPO2",1234,2871,8.84827174030907e-12
"SAA1",1234,2872,8.83570827297491e-12
"COA1",1234,2873,8.8196169990841e-12
"ITLN1",1234,2874,8.72529239248209e-12
"C1orf63",1234,2875,8.66338247042711e-12
"CSF2RB",1234,2876,8.64244915025648e-12
"EPN1",1234,2877,8.59371262158162e-12
"SAA2",1234,2878,8.58291074395837e-12
"ACTN1",1234,2879,8.5412773973676e-12
"CSTF3",1234,2880,8.53751620119045e-12
"UBE2K",1234,2881,8.46674043774819e-12
"HSPB11",1234,2882,8.44993752726744e-12
"RARS",1234,2883,8.44779839135333e-12
"GAK",1234,2884,8.44744272384121e-12
"RP11-1143G9.4",1234,2885,8.43743121827394e-12
"TCF21",1234,2886,8.4244133468543e-12
"EAPP",1234,2887,8.41313202409177e-12
"RP11-345J4.5",1234,2888,8.3863187026221e-12
"RND3",1234,2889,8.36467710600882e-12
"AGTRAP",1234,2890,8.3277380586161e-12
"ATXN10",1234,2891,8.30999821911541e-12
"HNF4A",1234,2892,8.28677715360378e-12
"SEPT11",1234,2893,8.27961928324272e-12
"PLK1",1234,2894,8.27590946324837e-12
"RTN3",1234,2895,8.25634553326662e-12
"STX10",1234,2896,8.24734356654369e-12
"C9orf3",1234,2897,8.2298896104973e-12
"SSBP3",1234,2898,8.21323323949608e-12
"TIMMDC1",1234,2899,8.20288206521233e-12
"THAP4",1234,2900,8.17699971941877e-12
"KIF9",1234,2901,8.17289223996004e-12
"SF3B1",1234,2902,8.15642183477591e-12
"RRAD",1234,2903,8.12107733238855e-12
"ASNA1",1234,2904,8.07840066200291e-12
"RAP1A",1234,2905,8.0280151547689e-12
"PTMS",1234,2906,8.02653393740623e-12
"EIF1AY",1234,2907,7.9751263400538e-12
"IL7R",1234,2908,7.95019858344293e-12
"HLA-G",1234,2909,7.90195862868815e-12
"CELF1",1234,2910,7.9018478976539e-12
"KIF19",1234,2911,7.89331541497394e-12
"SEMA7A",1234,2912,7.85576910978706e-12
"RARRES1",1234,2913,7.84780470968594e-12
"CPS1",1234,2914,7.84414710947388e-12
"GALM",1234,2915,7.81049287889466e-12
"IGFBP3",1234,2916,7.79776168706914e-12
"ACBD3",1234,2917,7.74857581324343e-12
"CD7",1234,2918,7.73834433207499e-12
"TFPI",1234,2919,7.7108738894818e-12
"TFRC",1234,2920,7.64997419131128e-12
"SAA4",1234,2921,7.62645031917841e-12
"GMFB",1234,2922,7.61769499742823e-12
"HOXB8",1234,2923,7.59969944103651e-12
"GSTO2",1234,2924,7.59375451329133e-12
"C1GALT1C1",1234,2925,7.57749070075661e-12
"HOXB7",1234,2926,7.56367565487673e-12
"MELK",1234,2927,7.54299390200911e-12
"COL11A2",1234,2928,7.54271515858964e-12
"CLDN15",1234,2929,7.47322129422726e-12
"LACTB2",1234,2930,7.46197016035243e-12
"KXD1",1234,2931,7.43523745415628e-12
"IVNS1ABP",1234,2932,7.40298154227066e-12
"ILVBL",1234,2933,7.38825202385803e-12
"BMP7",1234,2934,7.38311354230921e-12
"FAM114A1",1234,2935,7.26410116394297e-12
"WARS",1234,2936,7.24693993808853e-12
"KCNE2",1234,2937,7.20703610074785e-12
"MMP9",1234,2938,7.20389044556307e-12
"TDG",1234,2939,7.19508367000743e-12
"AP2M1",1234,2940,7.18832421591837e-12
"FBP1",1234,2941,7.16199759596926e-12
"CDC45",1234,2942,7.16082568873179e-12
"FUCA2",1234,2943,7.14188649472106e-12
"HOOK2",1234,2944,7.09541865259177e-12
"FIBCD1",1234,2945,7.07875711770916e-12
"CYB5R3",1234,2946,7.04005821858609e-12
"DECR1",1234,2947,7.01161726996789e-12
"ICT1",1234,2948,7.01059716618422e-12
"TM4SF20",1234,2949,6.98633939027784e-12
"CFP",1234,2950,6.96486339175478e-12
"FIBP",1234,2951,6.95745638038779e-12
"SPAG7",1234,2952,6.94730586528345e-12
"ICAM3",1234,2953,6.93944066216465e-12
"IDI1",1234,2954,6.91168791063635e-12
"NFU1",1234,2955,6.90872485113817e-12
"VTI1B",1234,2956,6.88919444010191e-12
"CSTA",1234,2957,6.88264803671354e-12
"ZNF207",1234,2958,6.86881175899866e-12
"CAV1",1234,2959,6.85662561166015e-12
"CLCA1",1234,2960,6.85574187665279e-12
"VPS36",1234,2961,6.83243395753701e-12
"CMC2",1234,2962,6.82502773078279e-12
"MYO1B",1234,2963,6.76954175501083e-12
"PLAU",1234,2964,6.75556683430131e-12
"IL23A",1234,2965,6.7484250106285e-12
"PDLIM7",1234,2966,6.74698467865814e-12
"HYPK",1234,2967,6.71599543310669e-12
"TP53I11",1234,2968,6.68471026772748e-12
"LAMP1",1234,2969,6.63130725570985e-12
"TMEM126B",1234,2970,6.5747577392093e-12
"CXCL11",1234,2971,6.56925516945187e-12
"C12orf54",1234,2972,6.55519798198953e-12
"RP1-241P17.4",1234,2973,6.54285885785044e-12
"SDC1",1234,2974,6.49736734670024e-12
"TNFRSF12A",1234,2975,6.49733955521161e-12
"THOC3",1234,2976,6.49566525153912e-12
"SAPCD2",1234,2977,6.46894682387853e-12
"EFCAB14",1234,2978,6.42029483495814e-12
"HERPUD1",1234,2979,6.41596952787037e-12
"LAMP2",1234,2980,6.40480538402203e-12
"RP11-161M6.2",1234,2981,6.37392106518187e-12
"PSMC6",1234,2982,6.34432678991228e-12
"RPA2",1234,2983,6.29307419757567e-12
"DUOXA1",1234,2984,6.28903421562852e-12
"SNX17",1234,2985,6.27647419195304e-12
"TARDBP",1234,2986,6.21417828810108e-12
"PTGR1",1234,2987,6.21351333600848e-12
"ACN9",1234,2988,6.21016592241078e-12
"DHRS4",1234,2989,6.19537492134629e-12
"BNIP3",1234,2990,6.1934535760052e-12
"PSMD11",1234,2991,6.16862326153589e-12
"EMC9",1234,2992,6.16048851608826e-12
"COX6A1P2",1234,2993,6.15544890844886e-12
"COPS5",1234,2994,6.14530166824132e-12
"RBP1",1234,2995,6.12749758756716e-12
"TSR3",1234,2996,6.11952589861091e-12
"CETN2",1234,2997,6.0913502218473e-12
"LINC00261",1234,2998,6.07188745435099e-12
"CASP6",1234,2999,6.03205777333578e-12
"TRA2A",1234,3000,6.02871644369419e-12
"DNAJC7",1234,3001,6.02674960530732e-12
"FKBP1A",1234,3002,6.0184742374183e-12
"ALDOB",1234,3003,6.01540557818058e-12
"KLK12",1234,3004,5.99150799205469e-12
"CTNNBIP1",1234,3005,5.98946486785425e-12
"HJURP",1234,3006,5.97803469962698e-12
"ARL16",1234,3007,5.95241656981075e-12
"UBD",1234,3008,5.90337545473498e-12
"RHOV",1234,3009,5.90167673921576e-12
"SPNS2",1234,3010,5.89828346143402e-12
"NAA50",1234,3011,5.87949361465594e-12
"LRRC26",1234,3012,5.83982308324911e-12
"C1orf43",1234,3013,5.83316384364267e-12
"PPP1R7",1234,3014,5.80865578726486e-12
"RAMP1",1234,3015,5.77466802378052e-12
"CDC42SE1",1234,3016,5.75109903470404e-12
"DDX24",1234,3017,5.74415011408846e-12
"ZNHIT3",1234,3018,5.74411994771807e-12
"FUNDC2",1234,3019,5.70320445612419e-12
"CDC26",1234,3020,5.70287398268727e-12
"C19orf77",1234,3021,5.67410752513196e-12
"RAD51",1234,3022,5.66127391606573e-12
"KRT6B",1234,3023,5.65456827505757e-12
"CLUH",1234,3024,5.64260048129734e-12
"LXN",1234,3025,5.64216831555843e-12
"DCTN2",1234,3026,5.62640014656129e-12
"SERPINA1",1234,3027,5.62560880869967e-12
"OCIAD1",1234,3028,5.6249879752888e-12
"RP11-46H11.3",1234,3029,5.62288321395906e-12
"ECI2",1234,3030,5.62206467996344e-12
"TMEM158",1234,3031,5.60701339808557e-12
"WASF2",1234,3032,5.58554048985118e-12
"LINC00668",1234,3033,5.57107656464941e-12
"GDF15",1234,3034,5.51206473815098e-12
"HRSP12",1234,3035,5.50502735698455e-12
"CFD",1234,3036,5.48461781612417e-12
"SCD",1234,3037,5.48219320732715e-12
"PKMYT1",1234,3038,5.47858781005157e-12
"MRPL50",1234,3039,5.45924339846735e-12
"PRKCG",1234,3040,5.45206168995051e-12
"NAE1",1234,3041,5.44587184872343e-12
"BCAS2",1234,3042,5.36295881668791e-12
"EPHX2",1234,3043,5.35448466658173e-12
"EIF4E",1234,3044,5.32180679361965e-12
"SIL1",1234,3045,5.2979004992225e-12
"GTF2H5",1234,3046,5.24770768668237e-12
"DNAJC1",1234,3047,5.23492896915674e-12
"NUDT16L1",1234,3048,5.18314299249981e-12
"PALLD",1234,3049,5.15590232298894e-12
"PTTG1",1234,3050,5.13113931575662e-12
"HMGCS1",1234,3051,5.12731663853491e-12
"ARHGAP4",1234,3052,5.0926568975527e-12
"IFT43",1234,3053,5.08362035774966e-12
"SS18L2",1234,3054,5.06205709433017e-12
"PHF19",1234,3055,5.06098463927382e-12
"DRGX",1234,3056,5.03679370408679e-12
"LINC00116",1234,3057,5.00317626255977e-12
"CCL11",1234,3058,4.9981359575163e-12
"SCG5",1234,3059,4.99683594438042e-12
"NDRG2",1234,3060,4.98662320840072e-12
"TAP2",1234,3061,4.98117105058369e-12
"VBP1",1234,3062,4.97056709964185e-12
"TMEM9B",1234,3063,4.91946462217654e-12
"DYNLL2",1234,3064,4.91613874128586e-12
"ACSL3",1234,3065,4.89476681753965e-12
"MT1F",1234,3066,4.87781850419097e-12
"UAP1",1234,3067,4.85476196068391e-12
"GPX3",1234,3068,4.85178901418702e-12
"OS9",1234,3069,4.82024489209619e-12
"CREB3L4",1234,3070,4.81421540306287e-12
"HSPA2",1234,3071,4.81191655659044e-12
"PPP2CA",1234,3072,4.79810475769734e-12
"NPTX2",1234,3073,4.7873823863399e-12
"CNIH1",1234,3074,4.7784396746969e-12
"UGT2A3",1234,3075,4.77297127256789e-12
"HMGCL",1234,3076,4.7656501855837e-12
"HNRNPH1",1234,3077,4.7654391469261e-12
"SPC25",1234,3078,4.74447158044608e-12
"PTPMT1",1234,3079,4.68271554226328e-12
"LSM1",1234,3080,4.66520063688059e-12
"GIPC2",1234,3081,4.65637929612266e-12
"FAM111B",1234,3082,4.65022706888527e-12
"EREG",1234,3083,4.6469685614869e-12
"MSRB1",1234,3084,4.63595658204841e-12
"CCL15",1234,3085,4.61867812159467e-12
"CCL13",1234,3086,4.60748187450526e-12
"RNF5",1234,3087,4.59228652653073e-12
"ACO2",1234,3088,4.58979494421487e-12
"RHBDL2",1234,3089,4.58438502924498e-12
"IFI6",1234,3090,4.56238058847269e-12
"INSIG1",1234,3091,4.49828380185398e-12
"SNRNP200",1234,3092,4.49645851027794e-12
"PITX2",1234,3093,4.46986283770909e-12
"DEFA6",1234,3094,4.46886402177504e-12
"THOC2",1234,3095,4.43117682062806e-12
"SLC2A6",1234,3096,4.42261573546135e-12
"KIFC1",1234,3097,4.39800820991703e-12
"B3GNT7",1234,3098,4.36530908702782e-12
"CTDNEP1",1234,3099,4.34975680918532e-12
"MAP1LC3B2",1234,3100,4.34773124269101e-12
"GALK1",1234,3101,4.33059944338488e-12
"PMPCB",1234,3102,4.32144928118024e-12
"RTCB",1234,3103,4.3136274281429e-12
"YIPF4",1234,3104,4.31168544139259e-12
"HADHB",1234,3105,4.30609856211998e-12
"ABCG2",1234,3106,4.2749512885576e-12
"C1orf56",1234,3107,4.2060163696006e-12
"FAM45A",1234,3108,4.20586013029342e-12
"CXCL10",1234,3109,4.19366215606525e-12
"COMMD1",1234,3110,4.18511374303896e-12
"COPA",1234,3111,4.17962910790151e-12
"CXCL17",1234,3112,4.15600011440391e-12
"PEG10",1234,3113,4.1439750990322e-12
"CDC25B",1234,3114,4.1350946942373e-12
"MAOA",1234,3115,4.09546597822955e-12
"DPCD",1234,3116,4.09385805670872e-12
"C4orf27",1234,3117,4.08629310519234e-12
"GJA1",1234,3118,4.06879418195593e-12
"NPSR1",1234,3119,4.04817750183714e-12
"MT1X",1234,3120,4.03884415404655e-12
"ASPH",1234,3121,4.02474193963024e-12
"IDH3A",1234,3122,4.01764659845678e-12
"NEK2",1234,3123,3.98641810458798e-12
"ECHDC2",1234,3124,3.95389123537316e-12
"RAB1B",1234,3125,3.95318292418958e-12
"DAP",1234,3126,3.9488237054139e-12
"CTC-425F1.4",1234,3127,3.94645076195978e-12
"BEST1",1234,3128,3.92656070034134e-12
"HSPA6",1234,3129,3.9038788639436e-12
"PRKCSH",1234,3130,3.86579547128423e-12
"MMADHC",1234,3131,3.85882422170856e-12
"PDCL3",1234,3132,3.84107636336226e-12
"ASAH1",1234,3133,3.8272156796305e-12
"TMEM167A",1234,3134,3.78875647234556e-12
"C22orf39",1234,3135,3.77930010602997e-12
"AQP8",1234,3136,3.77129885122925e-12
"AC009501.4",1234,3137,3.76025688160983e-12
"PTOV1",1234,3138,3.75557842489014e-12
"BABAM1",1234,3139,3.74390726786524e-12
"RP1-17K7.2",1234,3140,3.70436833812724e-12
"RAB8A",1234,3141,3.70239743170256e-12
"CLPTM1L",1234,3142,3.6930045241958e-12
"GCLM",1234,3143,3.65240075926516e-12
"UBE2M",1234,3144,3.64873007194416e-12
"PLCB3",1234,3145,3.64294100889337e-12
"AKR1C2",1234,3146,3.63750998659949e-12
"CTD-2626G11.2",1234,3147,3.62095238730553e-12
"IFITM2",1234,3148,3.60990255214538e-12
"PIGF",1234,3149,3.60702736715139e-12
"MT1G",1234,3150,3.59629824791327e-12
"SAT2",1234,3151,3.58754750802849e-12
"MYO1D",1234,3152,3.5764860121866e-12
"PRADC1",1234,3153,3.56100500177541e-12
"GGNBP2",1234,3154,3.54689508931437e-12
"F3",1234,3155,3.53849504873994e-12
"S100A7",1234,3156,3.53706417867731e-12
"MMP3",1234,3157,3.52489537298386e-12
"ALOX5",1234,3158,3.52423481763413e-12
"SEC63",1234,3159,3.48484008106217e-12
"FBLN5",1234,3160,3.47783274083862e-12
"DERL1",1234,3161,3.40919820125488e-12
"OAT",1234,3162,3.40380644307476e-12
"CDC6",1234,3163,3.35866671265832e-12
"KIAA2013",1234,3164,3.35631139626294e-12
"CDCA3",1234,3165,3.34936020770226e-12
"SEL1L3",1234,3166,3.32920547024639e-12
"MS4A1",1234,3167,3.315454683866e-12
"PSMF1",1234,3168,3.2615717685346e-12
"MOGAT2",1234,3169,3.25038520572476e-12
"CD97",1234,3170,3.24878983025207e-12
"SMIM15",1234,3171,3.24860286336764e-12
"CCAR1",1234,3172,3.23560019761178e-12
"SERTAD1",1234,3173,3.18314308586964e-12
"RP11-622K12.1",1234,3174,3.18153708403514e-12
"CLIC3",1234,3175,3.17443263325784e-12
"BID",1234,3176,3.15346334350444e-12
"CLDN18",1234,3177,3.14043451892787e-12
"NUCB1",1234,3178,3.11553618892751e-12
"SHISA2",1234,3179,3.08198825603576e-12
"PF4",1234,3180,3.05525148088078e-12
"RAD23B",1234,3181,3.03047964992119e-12
"DCAF7",1234,3182,3.0132475800538e-12
"KYNU",1234,3183,3.00212943533281e-12
"PGD",1234,3184,2.97807533759191e-12
"ZNF664",1234,3185,2.96064446001071e-12
"ICAM2",1234,3186,2.94620130771588e-12
"CXCL9",1234,3187,2.93939941328968e-12
"ATP6AP2",1234,3188,2.93859742334541e-12
"ARCN1",1234,3189,2.9191007876335e-12
"PON3",1234,3190,2.9071697065721e-12
"ATXN8OS",1234,3191,2.8840242498802e-12
"PTAFR",1234,3192,2.85584996709336e-12
"NXPE4",1234,3193,2.85397546630116e-12
"MPHOSPH8",1234,3194,2.83245635871957e-12
"CPNE3",1234,3195,2.79740854299404e-12
"EIF5AL1",1234,3196,2.79699828085291e-12
"PRSS21",1234,3197,2.79253160816079e-12
"FADS2",1234,3198,2.78863762058775e-12
"DHCR7",1234,3199,2.77333934130405e-12
"ECHDC1",1234,3200,2.76795162547334e-12
"RP11-108M9.4",1234,3201,2.76525991889163e-12
"ETNK1",1234,3202,2.76437856301609e-12
"COQ9",1234,3203,2.75519789005194e-12
"SPTLC2",1234,3204,2.74588200998469e-12
"ANKRD11",1234,3205,2.74491969578015e-12
"NCLN",1234,3206,2.73763666938451e-12
"TRAPPC3",1234,3207,2.73034089725148e-12
"PCSK9",1234,3208,2.70878686314247e-12
"AZGP1",1234,3209,2.69390378953673e-12
"MSMO1",1234,3210,2.67696677950343e-12
"TRPM4",1234,3211,2.67533160488795e-12
"NR1H4",1234,3212,2.66125508006099e-12
"PPP1R16A",1234,3213,2.65847583786751e-12
"GRSF1",1234,3214,2.63066428470462e-12
"RNF126",1234,3215,2.62728662283338e-12
"GALNT12",1234,3216,2.62291433359655e-12
"NARS",1234,3217,2.59597687153929e-12
"CLDN10",1234,3218,2.58616997606009e-12
"PGRMC2",1234,3219,2.5799727808476e-12
"MTX2",1234,3220,2.48904636189477e-12
"LINC00152",1234,3221,2.45673450160524e-12
"ACADS",1234,3222,2.4462175526673e-12
"DHPS",1234,3223,2.44326340475075e-12
"AK8",1234,3224,2.44298245962368e-12
"AP3D1",1234,3225,2.41946118317448e-12
"OTOP2",1234,3226,2.40918959915261e-12
"LGMN",1234,3227,2.40202762576893e-12
"HMGCS2",1234,3228,2.37497968035301e-12
"NKG7",1234,3229,2.35737036157364e-12
"RAB32",1234,3230,2.35673613435973e-12
"TM4SF4",1234,3231,2.34701968094109e-12
"RNA28S5",1234,3232,2.32307559149117e-12
"TRIP6",1234,3233,2.32131180744413e-12
"IDH1",1234,3234,2.30049356728851e-12
"CHTOP",1234,3235,2.29993613808446e-12
"GNAI3",1234,3236,2.28163930586855e-12
"HS3ST1",1234,3237,2.26360146071139e-12
"TACC1",1234,3238,2.25965129322354e-12
"GSTZ1",1234,3239,2.22840671475737e-12
"MXD4",1234,3240,2.19736082638544e-12
"CLDN14",1234,3241,2.18606158829347e-12
"LECT1",1234,3242,2.17751904168378e-12
"LARP7",1234,3243,2.17518872463513e-12
"DAG1",1234,3244,2.17462606512673e-12
"MBD2",1234,3245,2.16054736613999e-12
"GSTA1",1234,3246,2.15524176538212e-12
"SMIM7",1234,3247,2.14972480439106e-12
"TNFRSF11B",1234,3248,2.13098236469745e-12
"CHURC1",1234,3249,2.12087280818059e-12
"SUGT1",1234,3250,2.10245970877518e-12
"IK",1234,3251,2.08177179982005e-12
"CALU",1234,3252,2.05378192084915e-12
"SNORA67",1234,3253,2.01733112521633e-12
"RNF114",1234,3254,1.95942672086846e-12
"SMARCD2",1234,3255,1.94389852242666e-12
"GZMA",1234,3256,1.92167209641074e-12
"DDB1",1234,3257,1.90928414239537e-12
"REV1",1234,3258,1.90724968139561e-12
"CNDP2",1234,3259,1.89170420249684e-12
"ACAT1",1234,3260,1.86591035226576e-12
"CCDC25",1234,3261,1.86115086190158e-12
"NDUFV3",1234,3262,1.82077441689819e-12
"AC092580.4",1234,3263,1.80943010419932e-12
"GRAP",1234,3264,1.80913548021243e-12
"EFCAB4A",1234,3265,1.7506630211581e-12
"GLOD4",1234,3266,1.74705708753989e-12
"DNPEP",1234,3267,1.73341838354976e-12
"LMBR1",1234,3268,1.71982417349301e-12
"FGL2",1234,3269,1.70462681217014e-12
"BEST4",1234,3270,1.67576643974127e-12
"MPLKIP",1234,3271,1.66733407512381e-12
"HPCAL1",1234,3272,1.64972860946272e-12
"HSBP1L1",1234,3273,1.63051273454325e-12
"CCDC47",1234,3274,1.58008623302172e-12
"MATN2",1234,3275,1.56864133240407e-12
"SPIB",1234,3276,1.55469975562269e-12
"RP11-532F12.5",1234,3277,1.55103257541426e-12
"BOLA2B",1234,3278,1.54227922808898e-12
"SAMM50",1234,3279,1.53366605519704e-12
"SDHD",1234,3280,1.51624691861033e-12
"CCL5",1234,3281,1.5098686126565e-12
"MT1HL1",1234,3282,1.49511054077732e-12
"CRNDE",1234,3283,1.49383120700823e-12
"ALDH1A1",1234,3284,1.4914353247266e-12
"VSIG1",1234,3285,1.4859995913221e-12
"GNG5P2",1234,3286,1.4707399512624e-12
"ADAM15",1234,3287,1.4356156170465e-12
"COMMD7",1234,3288,1.43507816312882e-12
"IRAK1",1234,3289,1.41506324165815e-12
"RSBN1L",1234,3290,1.40039444299249e-12
"PCK1",1234,3291,1.39965697831219e-12
"MAGED1",1234,3292,1.37379187097918e-12
"SERPINB3",1234,3293,1.36105001341985e-12
"ARC",1234,3294,1.36080405266505e-12
"IAH1",1234,3295,1.35900877654661e-12
"UBE2E1",1234,3296,1.33865302367076e-12
"LAIR2",1234,3297,1.31363114630731e-12
"COA5",1234,3298,1.30870822590422e-12
"SIGIRR",1234,3299,1.29482263208545e-12
"WDR72",1234,3300,1.2311519652992e-12
"XPO1",1234,3301,1.22953670673236e-12
"PEF1",1234,3302,1.20950733805096e-12
"MMP10",1234,3303,1.20676823007819e-12
"PCCB",1234,3304,1.20031224527265e-12
"PABPN1",1234,3305,1.19689288874972e-12
"MSLN",1234,3306,1.19664685602608e-12
"UHRF1",1234,3307,1.16630200005582e-12
"TMEM259",1234,3308,1.15582343405046e-12
"ARSD",1234,3309,1.1380252986426e-12
"CALCOCO2",1234,3310,1.13387109734786e-12
"CBR3",1234,3311,1.1056029765629e-12
"CYB5B",1234,3312,1.10221862711786e-12
"TMEM50B",1234,3313,1.09159834302815e-12
"HES4",1234,3314,1.09096122616014e-12
"DERL2",1234,3315,1.09086714104808e-12
"PPP1R12B",1234,3316,1.07929478556674e-12
"LENG8",1234,3317,1.0734651729445e-12
"REG1A",1234,3318,1.07249626020209e-12
"SLX1A",1234,3319,1.07154012033241e-12
"DLD",1234,3320,1.05699415623603e-12
"HIBCH",1234,3321,1.040170678081e-12
"NCCRP1",1234,3322,1.01628818636276e-12
"URAD",1234,3323,9.87702652131685e-13
"DPEP1",1234,3324,9.70464936489278e-13
"PTPN18",1234,3325,9.66823420040025e-13
"TMEM33",1234,3326,9.5816130290929e-13
"COL2A1",1234,3327,9.51645191010846e-13
"HADHA",1234,3328,9.49836455860726e-13
"RAB11B",1234,3329,9.42130931052763e-13
"TPPP3",1234,3330,9.21672378326858e-13
"EML4",1234,3331,9.21495628587727e-13
"ZNF302",1234,3332,8.98357297631463e-13
"CYP26B1",1234,3333,8.96765333781535e-13
"GANAB",1234,3334,8.87965569456376e-13
"HEXB",1234,3335,8.68688350637297e-13
"FLAD1",1234,3336,8.47550944236126e-13
"HMGCR",1234,3337,8.44859645446614e-13
"MT1H",1234,3338,8.42310307438919e-13
"PRRC1",1234,3339,8.29469348565687e-13
"TAF7",1234,3340,8.27009203919633e-13
"CDKN2D",1234,3341,8.21027628393484e-13
"CCDC53",1234,3342,8.17104042352767e-13
"IFT20",1234,3343,8.09808022937511e-13
"ATP5L2",1234,3344,8.09410462628965e-13
"CCL23",1234,3345,8.07245476906647e-13
"AIM1",1234,3346,7.95087844974062e-13
"GADD45G",1234,3347,7.75331891163788e-13
"ESRRA",1234,3348,7.72034305351443e-13
"DDC",1234,3349,7.53326423212756e-13
"FOSL1",1234,3350,7.53275570270993e-13
"RGS2",1234,3351,7.33890777156272e-13
"HLA-DQB2",1234,3352,7.20653721686801e-13
"CTSC",1234,3353,7.07303194007054e-13
"NTPCR",1234,3354,7.04596625110499e-13
"NMI",1234,3355,6.96186172448448e-13
"AUNIP",1234,3356,6.53279088060575e-13
"HNRNPUL2",1234,3357,6.45241282986212e-13
"ERGIC1",1234,3358,6.3648387139457e-13
"GCG",1234,3359,6.10400345113345e-13
"C6orf203",1234,3360,5.97061382125212e-13
"PDIA2",1234,3361,5.7556665997097e-13
"CLGN",1234,3362,5.75071456676662e-13
"CLDN8",1234,3363,5.55202204226722e-13
"MSI2",1234,3364,5.46503069221836e-13
"FDCSP",1234,3365,5.27208599430382e-13
"CFI",1234,3366,5.24183515966513e-13
"TNNC1",1234,3367,5.24103384391598e-13
"IL1B",1234,3368,5.18812974966564e-13
"HSD17B4",1234,3369,5.06728456493682e-13
"MBOAT1",1234,3370,5.03764648717963e-13
"SELT",1234,3371,4.47081354681718e-13
"MTRNR2L1",1234,3372,4.44501789542027e-13
"BIK",1234,3373,4.4144682329522e-13
"CWC15",1234,3374,4.38931898666671e-13
"MT1B",1234,3375,4.38907354888037e-13
"MMP1",1234,3376,4.31057555831776e-13
"ZNF3",1234,3377,3.91936072795086e-13
"PCCA",1234,3378,3.78216135030855e-13
"MFAP4",1234,3379,3.7698082240588e-13
"RETNLB",1234,3380,3.42576408843067e-13
"SCCPDH",1234,3381,3.390337149425e-13
"NPB",1234,3382,3.31907160736969e-13
"SLITRK4",1234,3383,3.30404226051355e-13
"NOTCH2NL",1234,3384,3.29286520619873e-13
"GABARAP",1234,3385,3.28301612309842e-13
"COPB1",1234,3386,3.2082417854582e-13
"TPGS1",1234,3387,3.17152610274197e-13
"SREBF1",1234,3388,3.14153122934278e-13
"RN7SK",1234,3389,3.11732757426501e-13
"INSL5",1234,3390,3.06402986229697e-13
"GJB3",1234,3391,3.04389135223069e-13
"ARHGDIB",1234,3392,3.03198576652068e-13
"TGFBI",1234,3393,3.01308420831192e-13
"COL16A1",1234,3394,2.92832751142554e-13
"MYOM1",1234,3395,2.86559980746706e-13
"RP11-283G6.4",1234,3396,2.80527118137099e-13
"PTGS1",1234,3397,2.72316984757243e-13
"FADS1",1234,3398,2.66014777531015e-13
"LIMK2",1234,3399,2.4663589798591e-13
"RDH11",1234,3400,2.43730926433359e-13
"TUBB2B",1234,3401,2.40475956666948e-13
"NEUROD1",1234,3402,1.96442015574464e-13
"H3F3C",1234,3403,1.84679384491589e-13
"SELM",1234,3404,1.83138541583327e-13
"NPPC",1234,3405,1.43874436334971e-13
"MAGED2",1234,3406,1.43253812463184e-13
"CMTM4",1234,3407,1.36252043023128e-13
"CLU",1234,3408,1.09923433453206e-13
"SPR",1234,3409,1.05815651960634e-13
"IL19",1234,3410,8.7570171627013e-14
"NBPF10",1234,3411,7.29993295136867e-14
"FAIM2",1234,3412,5.67938745027102e-14
"TMED4",1234,3413,5.03561943317247e-14
"KLK10",1234,3414,3.70757099725316e-14
"CHGB",1234,3415,3.29813684068067e-14
"SAMD1",1234,3416,3.25041471332439e-14
"EDARADD",1234,3417,2.43843759486441e-14
"PRSS1",1234,3418,2.29860090360748e-14
"S100B",1234,3419,2.29340754408665e-14
"HILPDA",1234,3420,6.77232117223292e-15
"KLK6",1234,3421,3.19717535892279e-15
"GORASP2",1234,3422,1.51592080556918e-15
"WBP5",1234,3423,1.00759849254772e-15
"SCGN",1234,3424,8.86760015595559e-17
"CRYBA2",1234,3425,7.18602509993232e-17
"CHGA",1234,3426,7.05298311358414e-17
"REG1B",1234,3427,6.94052224857581e-17
"DEFA5",1234,3428,6.16500995644169e-17
"ISCA2",1234,3429,6.08899911384e-17
"PYY",1234,3430,5.68211700310999e-17
"NUP188",1234,3431,5.65923239352312e-17
"GZMB",1234,3432,5.58533011360157e-17
"BLVRA",1234,3433,4.8569220968651e-17
"RMRP",1234,3434,4.70882112609846e-17
"RP11-338I21.1",1234,3435,4.39042139815685e-17
"MID1IP1",1234,3436,4.27045336838633e-17
"NDUFA7",1234,3437,4.24075477699756e-17
"KRT13",1234,3438,4.19708953986883e-17
"PCSK1N",1234,3439,3.96542155773697e-17
"AKR1C1",1234,3440,3.93521954515854e-17
"BRSK1",1234,3441,3.75552248507558e-17
"RP11-138I1.4",1234,3442,3.67361990186932e-17
"GOPC",1234,3443,3.62878510151637e-17
"RNA5SP151",1234,3444,3.5277975324988e-17
"KCNJ3",1234,3445,3.44601613912673e-17
"CORO1A",1234,3446,3.43584312796433e-17
"KLK11",1234,3447,3.40525391435285e-17
"FRZB",1234,3448,3.28722194566173e-17
"CNOT10",1234,3449,3.20843765380676e-17
"TROAP",1234,3450,3.134216562321e-17
"ALDH3A1",1234,3451,3.03734182529478e-17
"CD70",1234,3452,2.99417708991186e-17
"TACSTD2",1234,3453,2.68104400299786e-17
"CTD-2319I12.1",1234,3454,2.65798946385435e-17
"AQP5",1234,3455,2.58816404623426e-17
"FOLR1",1234,3456,2.58748254359086e-17
"REEP4",1234,3457,2.40816743233794e-17
"CTSG",1234,3458,2.34496236811073e-17
"PTTG2",1234,3459,2.29804219500093e-17
"DUSP27",1234,3460,2.19062137014768e-17
"LINC00937",1234,3461,2.13103798130944e-17
"FZD9",1234,3462,2.11751981228675e-17
"GAL",1234,3463,2.09497156818202e-17
"TPH1",1234,3464,2.03051779176406e-17
"ADH1A",1234,3465,1.90756183076843e-17
"LPP-AS2",1234,3466,1.86454581958404e-17
"FASTK",1234,3467,1.78367740381898e-17
"PCSK1",1234,3468,1.72636564377847e-17
"BCAS4",1234,3469,1.71798069313667e-17
"BEX1",1234,3470,1.64245919162484e-17
"CEBPB",1234,3471,1.59793398738257e-17
"FAM50A",1234,3472,1.56241111980995e-17
"DLL1",1234,3473,1.55263017970117e-17
"FABP6",1234,3474,1.53954083969896e-17
"LINC00176",1234,3475,1.49869454279126e-17
"GALNTL6",1234,3476,1.48588480772023e-17
"NIPSNAP3A",1234,3477,1.45266272198319e-17
"S100A1",1234,3478,1.37650919531335e-17
"MB",1234,3479,1.35268327110545e-17
"RP11-599B13.3",1234,3480,1.34851097418678e-17
"KCTD16",1234,3481,1.3088485309956e-17
"ADH1B",1234,3482,1.25104979693572e-17
"NMU",1234,3483,1.24344887679359e-17
"C5orf38",1234,3484,1.13083015868679e-17
"TMEM14A",1234,3485,1.10364717554184e-17
"SLC27A3",1234,3486,1.103050021258e-17
"SLC4A8",1234,3487,1.09193516317108e-17
"PVRL3",1234,3488,1.08114363904829e-17
"IP6K2",1234,3489,1.06595442214107e-17
"ATP6AP1",1234,3490,1.00025028279247e-17
"FAM211A",1234,3491,9.67648929648003e-18
"PGC",1234,3492,9.19512250005248e-18
"ITLN2",1234,3493,8.74536033790958e-18
"HPGDS",1234,3494,8.42409061380494e-18
"IL2RB",1234,3495,8.10295505212146e-18
"GULP1",1234,3496,6.86810656415575e-18
"FAM58A",1234,3497,4.79595286600368e-18
"KCNQ4",1234,3498,4.79039591578729e-18
"ITM2A",1234,3499,4.25939031134168e-18
"CPE",1234,3500,3.14468899557842e-18
"TCN1",1234,3501,2.33269205108493e-18
"GP2",1234,3502,2.32463921515775e-18
"GART",2024,1,4.30638120209456e-05
"REG4",2024,2,3.66261109383459e-07
"AGR2",2024,3,3.38027759975055e-07
"PSAT1",2024,4,2.7363726349753e-07
"NME1",2024,5,2.71478862863436e-07
"EIF4EBP1",2024,6,2.65188396904598e-07
"SLC1A5",2024,7,2.46612866389236e-07
"TUBA4A",2024,8,2.45341410328957e-07
"ASNS",2024,9,2.38319380635158e-07
"KLK1",2024,10,1.89294820936146e-07
"C19orf10",2024,11,1.88825786049047e-07
"GARS",2024,12,1.83807835539249e-07
"PPIB",2024,13,1.82254337173404e-07
"RRP7A",2024,14,1.67924769420991e-07
"EIF3I",2024,15,1.66640879572019e-07
"EBNA1BP2",2024,16,1.62091391816198e-07
"S100A14",2024,17,1.61161781047527e-07
"ANXA2",2024,18,1.5865610269463e-07
"TUBA1B",2024,19,1.58611896340659e-07
"RANBP1",2024,20,1.55760010061105e-07
"C1QBP",2024,21,1.55217732415866e-07
"PDE4C",2024,22,1.5509446105563e-07
"SDF2L1",2024,23,1.54374307605927e-07
"PFN1",2024,24,1.45336220237761e-07
"TFF1",2024,25,1.4363777929334e-07
"LDHB",2024,26,1.43325424161257e-07
"FABP2",2024,27,1.41126719822517e-07
"S100A16",2024,28,1.3697121223214e-07
"TMED9",2024,29,1.36877917959039e-07
"PRMT1",2024,30,1.36498433820686e-07
"CDK4",2024,31,1.32542246252695e-07
"NPM1",2024,32,1.32383545230328e-07
"KRT18",2024,33,1.31828777707767e-07
"CD320",2024,34,1.30913922399399e-07
"IGHA1",2024,35,1.30735479759897e-07
"EIF6",2024,36,1.2924806575296e-07
"S100P",2024,37,1.29159179252105e-07
"MCM7",2024,38,1.28784759437008e-07
"NHP2",2024,39,1.2855264413628e-07
"PARK7",2024,40,1.27872515069282e-07
"PYCR1",2024,41,1.27334568433177e-07
"IGJ",2024,42,1.271941247748e-07
"GINS2",2024,43,1.25372896864169e-07
"IGHM",2024,44,1.23856869443414e-07
"IGLC3",2024,45,1.22948012277414e-07
"SNRPB",2024,46,1.22056747315525e-07
"MUC2",2024,47,1.21950741018058e-07
"NPM3",2024,48,1.21812615151862e-07
"NOP16",2024,49,1.20068046282098e-07
"FABP5",2024,50,1.16764247441973e-07
"FAM96B",2024,51,1.16572522817191e-07
"RAN",2024,52,1.14786107642619e-07
"FBL",2024,53,1.13500522483593e-07
"PSMB6",2024,54,1.13113485442617e-07
"MANF",2024,55,1.12971925223036e-07
"PSMB3",2024,56,1.11128701000598e-07
"SF3B5",2024,57,1.1072228964206e-07
"PAICS",2024,58,1.09896274321228e-07
"CHCHD2",2024,59,1.09694353824236e-07
"PRDX2",2024,60,1.09557611970797e-07
"CLIC1",2024,61,1.09228860319027e-07
"IGKC",2024,62,1.06862573373943e-07
"CLDN7",2024,63,1.06349268382247e-07
"SNHG17",2024,64,1.06250802621718e-07
"ENO1",2024,65,1.05352886168895e-07
"GADD45GIP1",2024,66,1.03129841718474e-07
"CENPV",2024,67,1.02736363528861e-07
"DUOX2",2024,68,1.02047139749664e-07
"ANXA3",2024,69,1.01800604267876e-07
"SNRPD1",2024,70,1.01466734304002e-07
"HSPD1",2024,71,1.00715077231144e-07
"IMPDH2",2024,72,9.89501717578364e-08
"GSTP1",2024,73,9.80743758816576e-08
"DCXR",2024,74,9.80057523592147e-08
"CDC37",2024,75,9.65643687684989e-08
"TIMM13",2024,76,9.64153544729256e-08
"EPRS",2024,77,9.5316463083783e-08
"AGR3",2024,78,9.51351641059824e-08
"MZB1",2024,79,9.49830371998084e-08
"PA2G4",2024,80,9.49150231591834e-08
"MRPL12",2024,81,9.45122009346999e-08
"SARS",2024,82,9.42165649779701e-08
"OSTC",2024,83,9.42098390671884e-08
"TRMT112",2024,84,9.39777122672003e-08
"CCT7",2024,85,9.31448233947053e-08
"TUBB",2024,86,9.28130796032855e-08
"PLAC8",2024,87,9.27048927916813e-08
"YARS",2024,88,9.20618452378513e-08
"DCTPP1",2024,89,9.20000367076516e-08
"H2AFZ",2024,90,9.15516280607866e-08
"PSMA3",2024,91,9.09863930987507e-08
"SSBP1",2024,92,9.07092523637139e-08
"U2AF1",2024,93,9.05993375851255e-08
"PSMA7",2024,94,9.02913542907756e-08
"COPE",2024,95,9.00637462995346e-08
"TOMM40",2024,96,8.98531804277744e-08
"NOL7",2024,97,8.95928508359962e-08
"NDUFAB1",2024,98,8.95111655304807e-08
"GALE",2024,99,8.93767578441998e-08
"CEACAM1",2024,100,8.89519420640753e-08
"SSR2",2024,101,8.88813857304349e-08
"ATP6V0B",2024,102,8.87104833902873e-08
"SLC38A5",2024,103,8.8595842074803e-08
"BANF1",2024,104,8.81234465979491e-08
"CCT5",2024,105,8.80404097467122e-08
"NUDC",2024,106,8.75499252174846e-08
"SEC61B",2024,107,8.66348095807639e-08
"PHB",2024,108,8.63330107026456e-08
"PHGDH",2024,109,8.60590464804206e-08
"HSPBP1",2024,110,8.55630164976831e-08
"MRPS26",2024,111,8.46880302959691e-08
"SH3BGRL3",2024,112,8.45283793560985e-08
"NME4",2024,113,8.4142152998435e-08
"PRDX4",2024,114,8.4053934816834e-08
"PSMD13",2024,115,8.39857776516341e-08
"EEF1B2",2024,116,8.36199038408906e-08
"TMEM147",2024,117,8.35401447587288e-08
"CAPG",2024,118,8.308915919559e-08
"MXD1",2024,119,8.30340607131276e-08
"STRA13",2024,120,8.29632450112554e-08
"KRT19",2024,121,8.28474528555721e-08
"SRM",2024,122,8.25241626681702e-08
"IGLC7",2024,123,8.22419200931826e-08
"FDPS",2024,124,8.20782559251269e-08
"SRPRB",2024,125,8.20347095544434e-08
"TXNDC17",2024,126,8.13228080093974e-08
"NOP56",2024,127,8.13006480637753e-08
"TXN",2024,128,8.1172298466481e-08
"POLD2",2024,129,8.05348164038871e-08
"PCK2",2024,130,8.03837383906016e-08
"HK2",2024,131,8.02689316879916e-08
"LGALS3",2024,132,8.01471746370372e-08
"FKBP11",2024,133,8.0112838393903e-08
"FGFBP1",2024,134,7.84265872214784e-08
"EXOSC8",2024,135,7.78274330126332e-08
"EMG1",2024,136,7.77994828840258e-08
"MYL6",2024,137,7.77745982824044e-08
"CIB1",2024,138,7.72834722186649e-08
"CEACAM7",2024,139,7.60969657128582e-08
"AP1S1",2024,140,7.6005934992439e-08
"HSD17B2",2024,141,7.59311919042377e-08
"PSMG3",2024,142,7.58152747106239e-08
"POLR2G",2024,143,7.57927968616024e-08
"APRT",2024,144,7.54479494320102e-08
"BTG2",2024,145,7.50092444068172e-08
"IGHG2",2024,146,7.4794608054668e-08
"SEC13",2024,147,7.47093943275674e-08
"C16orf13",2024,148,7.46620381652343e-08
"RUVBL2",2024,149,7.46130268131717e-08
"HSP90AB1",2024,150,7.45431919485024e-08
"SLC40A1",2024,151,7.44154242607248e-08
"SERPINB6",2024,152,7.4217720972682e-08
"GGCT",2024,153,7.41684641205784e-08
"LRRC59",2024,154,7.4051622147146e-08
"PSMB1",2024,155,7.40253271582581e-08
"CEACAM6",2024,156,7.39589459409656e-08
"SPCS1",2024,157,7.39133197827103e-08
"C11orf48",2024,158,7.29535513854087e-08
"COPS6",2024,159,7.24932137711025e-08
"PCNA",2024,160,7.21938197472159e-08
"SSR3",2024,161,7.21163374965418e-08
"NASP",2024,162,7.20594601127605e-08
"DUT",2024,163,7.19956342957485e-08
"GNB2L1",2024,164,7.19858393628319e-08
"TRAP1",2024,165,7.19026369398124e-08
"NHP2L1",2024,166,7.17558911126387e-08
"WBSCR22",2024,167,7.17510363904966e-08
"IL1R2",2024,168,7.15945186828841e-08
"TMEM208",2024,169,7.15133075914848e-08
"FEN1",2024,170,7.13029270932854e-08
"DNPH1",2024,171,7.116703360036e-08
"HM13",2024,172,7.10779552070396e-08
"MRPL27",2024,173,7.10465051362853e-08
"MRPS34",2024,174,7.08542787790482e-08
"CFL1",2024,175,7.08462727790145e-08
"CRELD2",2024,176,7.04141043921235e-08
"HMGA1",2024,177,7.02627967996321e-08
"HNRNPD",2024,178,7.02399602179496e-08
"SRSF7",2024,179,7.01237723454386e-08
"LSM2",2024,180,7.01174281611541e-08
"ORMDL2",2024,181,7.00840904895185e-08
"HNRNPA3",2024,182,7.00835782933897e-08
"SEPP1",2024,183,6.99043089840795e-08
"STOML2",2024,184,6.96581193618755e-08
"CLTB",2024,185,6.93187681708393e-08
"LSM4",2024,186,6.91347707281695e-08
"TARS",2024,187,6.89335606160508e-08
"IGHA2",2024,188,6.87294056352059e-08
"BLVRB",2024,189,6.86599938889806e-08
"HSP90AA1",2024,190,6.83608415235789e-08
"SEC11C",2024,191,6.82901726523982e-08
"PSMA5",2024,192,6.82824248388219e-08
"MCM5",2024,193,6.81357483595752e-08
"HSPE1",2024,194,6.8062686266971e-08
"PSME2",2024,195,6.8024926759327e-08
"ERH",2024,196,6.79294880987137e-08
"DAD1",2024,197,6.79069293603323e-08
"C17orf76-AS1",2024,198,6.77962939200377e-08
"SPDEF",2024,199,6.72353322436613e-08
"NUDT8",2024,200,6.66977322512747e-08
"ATF3",2024,201,6.66311126062199e-08
"CISD3",2024,202,6.64706371648304e-08
"CACYBP",2024,203,6.63544580385065e-08
"HNRNPA1",2024,204,6.63429508568298e-08
"RNASE1",2024,205,6.63291983319713e-08
"C9orf142",2024,206,6.61727192333765e-08
"SIVA1",2024,207,6.59133160130039e-08
"POLR3K",2024,208,6.56967776028064e-08
"HSPA5",2024,209,6.56153783014633e-08
"MRPL17",2024,210,6.53592875129415e-08
"KRT8",2024,211,6.51957826377782e-08
"ATP5G1",2024,212,6.51083034567209e-08
"NDUFAF3",2024,213,6.4877759770528e-08
"CBR1",2024,214,6.47626832300304e-08
"CCT8",2024,215,6.45932265451657e-08
"CHCHD10",2024,216,6.44565869676025e-08
"NDUFA9",2024,217,6.4195737960033e-08
"EDF1",2024,218,6.37511615256608e-08
"IGLV6-57",2024,219,6.36225860136773e-08
"YBX1",2024,220,6.35880746305484e-08
"KRTCAP3",2024,221,6.34835512877534e-08
"SRA1",2024,222,6.34032862269311e-08
"CCT3",2024,223,6.28304140166368e-08
"XDH",2024,224,6.27800485796911e-08
"ANG",2024,225,6.2625516637695e-08
"SNRNP25",2024,226,6.26200907045322e-08
"IGHG3",2024,227,6.23353490730927e-08
"ID3",2024,228,6.22325407552078e-08
"ASL",2024,229,6.21610162432092e-08
"TMEM141",2024,230,6.19679285924098e-08
"PKM",2024,231,6.18524483800143e-08
"TUBB4B",2024,232,6.17817142979929e-08
"STOM",2024,233,6.16088633952145e-08
"MRPS7",2024,234,6.14856681635899e-08
"PSMD7",2024,235,6.14486855440341e-08
"UBE2T",2024,236,6.12494961172736e-08
"FIS1",2024,237,6.10908252527169e-08
"ATP5D",2024,238,6.10223396876823e-08
"TPI1",2024,239,6.09038988795426e-08
"NDUFS8",2024,240,6.07308664874681e-08
"ILF2",2024,241,6.06651361889361e-08
"PSMB5",2024,242,6.06283730829616e-08
"EIF2S2",2024,243,6.03118002352529e-08
"SNRPE",2024,244,6.00565586424377e-08
"PSMD8",2024,245,5.99809872960648e-08
"PSMC4",2024,246,5.9916392772632e-08
"EGR3",2024,247,5.98142777959308e-08
"MRPL55",2024,248,5.96501297480037e-08
"NCL",2024,249,5.94697508891356e-08
"PNRC1",2024,250,5.93518221121713e-08
"F12",2024,251,5.92492168871892e-08
"MRPL54",2024,252,5.92016062329466e-08
"CYC1",2024,253,5.90075302298699e-08
"CALM2",2024,254,5.9004910573556e-08
"PSMG1",2024,255,5.89306568620753e-08
"SNRPC",2024,256,5.88774560068512e-08
"BRIX1",2024,257,5.8590081150518e-08
"HSP90B1",2024,258,5.85539632380945e-08
"NOP58",2024,259,5.84530231685764e-08
"BIRC3",2024,260,5.83598091965874e-08
"SEPW1",2024,261,5.82283754933483e-08
"DHRS9",2024,262,5.81967935215892e-08
"MRPL24",2024,263,5.81825132989655e-08
"C20orf27",2024,264,5.81051554495369e-08
"CCDC124",2024,265,5.80730685385775e-08
"DYNLL1",2024,266,5.80568653033918e-08
"GSTO1",2024,267,5.78588179655795e-08
"TAGLN2",2024,268,5.77610486041058e-08
"S100A11",2024,269,5.72934369728417e-08
"MRPL20",2024,270,5.72429205380367e-08
"TSTA3",2024,271,5.71953568736354e-08
"SLC26A3",2024,272,5.7048767916882e-08
"ERRFI1",2024,273,5.69789035182341e-08
"SSB",2024,274,5.68935140096455e-08
"AURKAIP1",2024,275,5.64697670422464e-08
"DTYMK",2024,276,5.64154310062246e-08
"BCAP31",2024,277,5.63675179486987e-08
"NANS",2024,278,5.620105303472e-08
"TSPO",2024,279,5.60706548350555e-08
"CCT2",2024,280,5.60152027606938e-08
"FN1",2024,281,5.53621355938289e-08
"PDIA3",2024,282,5.52883698579616e-08
"DNMT1",2024,283,5.52564056750688e-08
"CENPM",2024,284,5.50309552690978e-08
"SPCS2",2024,285,5.5023692014784e-08
"HSD17B10",2024,286,5.49965677332009e-08
"CDA",2024,287,5.49451360682968e-08
"MCM3",2024,288,5.46880290896863e-08
"PFDN2",2024,289,5.46136940255273e-08
"NUDT5",2024,290,5.45514429149048e-08
"IGLC2",2024,291,5.45406485479219e-08
"MCM6",2024,292,5.45109816812279e-08
"MRPS15",2024,293,5.42523390775066e-08
"COMT",2024,294,5.41078627056025e-08
"AIMP2",2024,295,5.3957280270559e-08
"POP5",2024,296,5.3892304079946e-08
"ATP5O",2024,297,5.31496517199952e-08
"MRTO4",2024,298,5.27590750704501e-08
"VIM",2024,299,5.24123014644987e-08
"MRPS12",2024,300,5.24060621717383e-08
"CKMT1B",2024,301,5.23540290237139e-08
"PSMD4",2024,302,5.23536981671277e-08
"NAP1L1",2024,303,5.23505835387845e-08
"SLC25A5",2024,304,5.2083827616425e-08
"ARPC1B",2024,305,5.19292124635472e-08
"FAU",2024,306,5.19068537128026e-08
"VPS25",2024,307,5.1289579138519e-08
"SLC25A39",2024,308,5.12776917891159e-08
"NDUFB8",2024,309,5.11125056108042e-08
"ATP5C1",2024,310,5.1107694990063e-08
"MUC13",2024,311,5.09315690135398e-08
"NUCB2",2024,312,5.09270039894321e-08
"BTG1",2024,313,5.07379131768617e-08
"SSRP1",2024,314,5.07140998430317e-08
"PEBP1",2024,315,5.06612048233139e-08
"PCBD1",2024,316,5.06106369130463e-08
"EIF3K",2024,317,5.0601692005485e-08
"ADRM1",2024,318,5.05831179991554e-08
"NEDD8",2024,319,5.05057278244897e-08
"CCT4",2024,320,5.04639505695228e-08
"PARP1",2024,321,5.04023023568583e-08
"CDCA7",2024,322,5.03561873242013e-08
"TMPRSS2",2024,323,5.02921371058275e-08
"ATP5F1",2024,324,5.02906664442961e-08
"RBM8A",2024,325,5.02706108286215e-08
"GCSH",2024,326,5.02437951015203e-08
"RGS1",2024,327,5.01935225757707e-08
"EEF1E1",2024,328,5.0189336129528e-08
"PPIA",2024,329,5.0130146546829e-08
"SNRPD3",2024,330,4.9957320434029e-08
"CAPN8",2024,331,4.99400766216384e-08
"TGM2",2024,332,4.97624182912237e-08
"MRPL14",2024,333,4.94686047742214e-08
"MRPL11",2024,334,4.93648410697328e-08
"TUBA1C",2024,335,4.91044569733711e-08
"ECHS1",2024,336,4.90239115500994e-08
"VCP",2024,337,4.8824373946582e-08
"PSMB7",2024,338,4.8721394990502e-08
"C11orf31",2024,339,4.86233040577971e-08
"PRDX1",2024,340,4.86073179683847e-08
"C19orf48",2024,341,4.85909065501393e-08
"ATP5B",2024,342,4.85101587210682e-08
"PSMB2",2024,343,4.84679479643426e-08
"ATP5G3",2024,344,4.83922910896622e-08
"SNRPD2",2024,345,4.83483285909151e-08
"DUSP1",2024,346,4.83470295343046e-08
"KLF6",2024,347,4.82910734499346e-08
"ALG5",2024,348,4.81775883192168e-08
"HHLA2",2024,349,4.81305612965826e-08
"NACA",2024,350,4.80180573368634e-08
"MRPS23",2024,351,4.79316844842578e-08
"NDUFB11",2024,352,4.78416625916759e-08
"APEX1",2024,353,4.7733527485936e-08
"MAFF",2024,354,4.7704400064455e-08
"MGST2",2024,355,4.76717871105201e-08
"EMP1",2024,356,4.76172998160607e-08
"NDUFS2",2024,357,4.76133896908334e-08
"AHSA1",2024,358,4.76026187078944e-08
"HNRNPA2B1",2024,359,4.74773468316906e-08
"COA4",2024,360,4.74390651584867e-08
"ZNHIT1",2024,361,4.72681964122854e-08
"RHOF",2024,362,4.71572012607082e-08
"EPHA2",2024,363,4.7048553577605e-08
"NDUFC2",2024,364,4.69409787250941e-08
"FKBP2",2024,365,4.68989759629621e-08
"NCOA7",2024,366,4.65010897222933e-08
"NT5C",2024,367,4.64458727190245e-08
"UQCRC1",2024,368,4.64323110264694e-08
"HMGB1",2024,369,4.6026150922132e-08
"SNRPA1",2024,370,4.59353310557936e-08
"HAX1",2024,371,4.59007384988932e-08
"ZNF511",2024,372,4.57997895310202e-08
"DKC1",2024,373,4.5679018632732e-08
"CEACAM5",2024,374,4.56612024911361e-08
"MAGOHB",2024,375,4.55940738671441e-08
"PKIB",2024,376,4.55659944080561e-08
"WDR61",2024,377,4.55645179196767e-08
"PTMA",2024,378,4.53795478487296e-08
"MYL12B",2024,379,4.53626441541514e-08
"DNAJB11",2024,380,4.52693303378943e-08
"EIF3M",2024,381,4.52188444018959e-08
"C17orf89",2024,382,4.515015370162e-08
"PBDC1",2024,383,4.51420948017012e-08
"EEF1D",2024,384,4.51336129555512e-08
"PDCD5",2024,385,4.50843488787597e-08
"PSMC3",2024,386,4.50800708749899e-08
"CASP5",2024,387,4.501558447105e-08
"HSPA8",2024,388,4.50153175481601e-08
"FUS",2024,389,4.49464585792986e-08
"LAD1",2024,390,4.49383184115971e-08
"RP11-294O2.2",2024,391,4.48474032944669e-08
"BCL7C",2024,392,4.48219430485878e-08
"YPEL5",2024,393,4.46845200384278e-08
"EMC7",2024,394,4.46696505166502e-08
"EIF2S1",2024,395,4.46499078672377e-08
"PMEPA1",2024,396,4.46055417622129e-08
"FAM162A",2024,397,4.45754858118791e-08
"PSMC5",2024,398,4.44488709764556e-08
"STARD10",2024,399,4.42676465543195e-08
"CCDC85B",2024,400,4.41955322604369e-08
"RER1",2024,401,4.41556247675884e-08
"RNASEH2A",2024,402,4.41551001554214e-08
"ATIC",2024,403,4.38448368719688e-08
"MRPL13",2024,404,4.37965607804173e-08
"PPP1R15A",2024,405,4.37714253659764e-08
"STMN1",2024,406,4.3770696988609e-08
"PHGR1",2024,407,4.36954609305973e-08
"MRPL23",2024,408,4.3634815337077e-08
"CTD-2228K2.5",2024,409,4.36145616657155e-08
"MYL12A",2024,410,4.35964980055116e-08
"SHMT2",2024,411,4.3431365046546e-08
"TM4SF1",2024,412,4.33968606835089e-08
"TYMS",2024,413,4.32403471753617e-08
"SIGMAR1",2024,414,4.31046116208225e-08
"AGPAT2",2024,415,4.29892683310851e-08
"MDH2",2024,416,4.29421730053529e-08
"ECI1",2024,417,4.2888311039793e-08
"AHCY",2024,418,4.28793108017357e-08
"POMP",2024,419,4.27887390902751e-08
"CUTA",2024,420,4.27324464608828e-08
"WDR34",2024,421,4.26893658970225e-08
"EBPL",2024,422,4.26525702373908e-08
"HMBS",2024,423,4.25808045516302e-08
"ARPC3",2024,424,4.25700067144773e-08
"RNA18S5",2024,425,4.24701968529187e-08
"SMOC2",2024,426,4.22421533143102e-08
"C19orf43",2024,427,4.22079528563461e-08
"TIMM17A",2024,428,4.21004231434946e-08
"MRPL51",2024,429,4.20986474074432e-08
"MS4A12",2024,430,4.20359766745487e-08
"SERBP1",2024,431,4.17180357009872e-08
"ANP32B",2024,432,4.15587526373342e-08
"SKIL",2024,433,4.15032424549156e-08
"EXOSC5",2024,434,4.14854699957045e-08
"XRCC6",2024,435,4.13555190721195e-08
"CDKN1A",2024,436,4.12498115037731e-08
"UCHL3",2024,437,4.11262831828771e-08
"ADM",2024,438,4.10481595638429e-08
"EEF1A1",2024,439,4.10183063237813e-08
"GPX1",2024,440,4.08367186874965e-08
"DANCR",2024,441,4.07999335922968e-08
"DST",2024,442,4.06898916856355e-08
"TRIB1",2024,443,4.06204993359992e-08
"DDX39A",2024,444,4.058178880147e-08
"SLC39A4",2024,445,4.05521302448744e-08
"MKI67IP",2024,446,4.04511509719664e-08
"TSFM",2024,447,4.03669158786567e-08
"SNRPF",2024,448,4.02882932889324e-08
"NAPRT1",2024,449,4.01072316972829e-08
"CD63",2024,450,4.01022519179587e-08
"LAMTOR5",2024,451,4.00316623102293e-08
"RPN2",2024,452,3.99615570243163e-08
"SELK",2024,453,3.99460551855833e-08
"SAT1",2024,454,3.98997434329914e-08
"YIF1A",2024,455,3.9689002399276e-08
"SDHB",2024,456,3.96533137253125e-08
"POLR2E",2024,457,3.95051265465925e-08
"RBP4",2024,458,3.94253803906204e-08
"EIF3E",2024,459,3.93870357888733e-08
"CDHR5",2024,460,3.92609021763735e-08
"CALM1",2024,461,3.92240907661326e-08
"NDUFB9",2024,462,3.91798363917887e-08
"TUFM",2024,463,3.91645907612502e-08
"PDIA6",2024,464,3.91391065700572e-08
"NFKBIA",2024,465,3.91313760010199e-08
"AP2S1",2024,466,3.90683131664698e-08
"GMNN",2024,467,3.89775075489467e-08
"SNRNP70",2024,468,3.88509639897666e-08
"RNH1",2024,469,3.86997514832866e-08
"CCT6A",2024,470,3.8590541448118e-08
"EBP",2024,471,3.85376267742739e-08
"NDUFS3",2024,472,3.84889724933158e-08
"CYB561D2",2024,473,3.83400866480473e-08
"FKBP4",2024,474,3.83284390588918e-08
"TIMM50",2024,475,3.82911891730714e-08
"TMED10",2024,476,3.82243035869143e-08
"HNRNPA0",2024,477,3.81741782461966e-08
"EXOSC4",2024,478,3.81113822748512e-08
"TMEM205",2024,479,3.80632365322235e-08
"PLAUR",2024,480,3.80389585964133e-08
"RABAC1",2024,481,3.79363305387039e-08
"TK1",2024,482,3.78842743185531e-08
"SLC6A8",2024,483,3.78258956233907e-08
"SRSF3",2024,484,3.78138754760525e-08
"CDC123",2024,485,3.77746617660671e-08
"TNIP3",2024,486,3.76922730108038e-08
"WDR18",2024,487,3.7669463174579e-08
"CNPY2",2024,488,3.75916881519828e-08
"GCNT3",2024,489,3.75630313735494e-08
"SAMD9",2024,490,3.75573951086755e-08
"CLTA",2024,491,3.74881047936152e-08
"LMO7",2024,492,3.74335420574521e-08
"CLCA4",2024,493,3.7284999757987e-08
"CYSTM1",2024,494,3.72672081499764e-08
"GCHFR",2024,495,3.72578520377623e-08
"CDX1",2024,496,3.72153052033517e-08
"OAZ1",2024,497,3.71578448300734e-08
"MRPL4",2024,498,3.71032413483973e-08
"REEP5",2024,499,3.70618846322619e-08
"CA4",2024,500,3.7057618842057e-08
"MRPL39",2024,501,3.7014098229509e-08
"UQCRFS1",2024,502,3.66597213252717e-08
"PITX1",2024,503,3.66118928169215e-08
"PPA2",2024,504,3.66110628710842e-08
"CCND2",2024,505,3.64075737677265e-08
"S100A10",2024,506,3.63696239250272e-08
"HMGN2",2024,507,3.62559430598677e-08
"MRPL3",2024,508,3.62381056977951e-08
"PLS1",2024,509,3.62324080194751e-08
"C11orf83",2024,510,3.62258849612876e-08
"RCAN1",2024,511,3.61693079243006e-08
"GPRC5A",2024,512,3.61599698063034e-08
"HIST1H1C",2024,513,3.6056944117561e-08
"CDT1",2024,514,3.59770037874556e-08
"SNHG5",2024,515,3.59401585880864e-08
"FABP1",2024,516,3.58400999501642e-08
"KIAA0101",2024,517,3.58310514444233e-08
"NGFRAP1",2024,518,3.57643323262831e-08
"NOS2",2024,519,3.56631163671204e-08
"C11orf86",2024,520,3.56359483377331e-08
"HLA-E",2024,521,3.55828733256146e-08
"PFDN6",2024,522,3.5440287246563e-08
"SRGN",2024,523,3.53976250264164e-08
"HLA-DPB1",2024,524,3.53374529505446e-08
"CKS1B",2024,525,3.5301577268083e-08
"BAX",2024,526,3.5256016400946e-08
"SEC61A1",2024,527,3.51898858364219e-08
"PUF60",2024,528,3.51824623732233e-08
"RNF213",2024,529,3.51600047724665e-08
"DDOST",2024,530,3.51160959063628e-08
"KRT20",2024,531,3.50630318081731e-08
"LAMTOR1",2024,532,3.5054264284013e-08
"ATP5A1",2024,533,3.50518321501858e-08
"SLCO2A1",2024,534,3.50296781926507e-08
"ECH1",2024,535,3.49296211096478e-08
"MRPL37",2024,536,3.48993002977742e-08
"SNRPA",2024,537,3.48940431307975e-08
"HNRNPM",2024,538,3.48288135299525e-08
"DRAP1",2024,539,3.48015922201562e-08
"HMGN1",2024,540,3.47826726291646e-08
"EGR1",2024,541,3.47554437390382e-08
"MIEN1",2024,542,3.47542702733884e-08
"CD79A",2024,543,3.47398831655863e-08
"PLEKHJ1",2024,544,3.45921977671927e-08
"TMEM97",2024,545,3.45784767628964e-08
"GBP3",2024,546,3.4538628733054e-08
"SLC25A6",2024,547,3.45160253619434e-08
"MRPL21",2024,548,3.44571539047948e-08
"PHB2",2024,549,3.44048702919844e-08
"LUM",2024,550,3.43695748655463e-08
"HMOX2",2024,551,3.43179086411808e-08
"CCNG2",2024,552,3.42925249124207e-08
"NAA10",2024,553,3.42389459494336e-08
"TOMM22",2024,554,3.41576088658429e-08
"DNAJC9",2024,555,3.41328742339085e-08
"CHMP2A",2024,556,3.40704065088442e-08
"RGMB",2024,557,3.40343858242e-08
"GAPDH",2024,558,3.39436769488259e-08
"ASCL2",2024,559,3.38286410842735e-08
"ZBP1",2024,560,3.37639651990123e-08
"MRPL16",2024,561,3.37576244949705e-08
"SET",2024,562,3.37278727274298e-08
"TRIM31",2024,563,3.35566152345174e-08
"DEK",2024,564,3.35498792488793e-08
"ERN2",2024,565,3.35486626798944e-08
"NR2C2AP",2024,566,3.34855624234011e-08
"COX4I1",2024,567,3.33908862219817e-08
"PSMD14",2024,568,3.3347958212212e-08
"EIF4G1",2024,569,3.33459716019524e-08
"TSC22D1",2024,570,3.33333828612058e-08
"UFD1L",2024,571,3.33279098584547e-08
"TRAPPC2L",2024,572,3.323987703348e-08
"IGHG1",2024,573,3.3230194234867e-08
"STUB1",2024,574,3.32249466336645e-08
"AUP1",2024,575,3.32099494876577e-08
"BUD31",2024,576,3.32082080910169e-08
"COL17A1",2024,577,3.31481568464534e-08
"GLTSCR2",2024,578,3.31325004211056e-08
"SSSCA1",2024,579,3.30575380690832e-08
"LYAR",2024,580,3.30350065206682e-08
"DPM1",2024,581,3.30201957128092e-08
"MVP",2024,582,3.30189463229535e-08
"MRPS2",2024,583,3.29847625344976e-08
"EIF3B",2024,584,3.28748981814417e-08
"BTF3",2024,585,3.28082653713062e-08
"CDHR2",2024,586,3.28041293949851e-08
"HPGD",2024,587,3.27730868911918e-08
"MRPS28",2024,588,3.27029882475776e-08
"USP53",2024,589,3.25132388531058e-08
"PLEK2",2024,590,3.24615802478356e-08
"LSM7",2024,591,3.24577761718084e-08
"CD59",2024,592,3.24191804814862e-08
"MGST3",2024,593,3.23838443183761e-08
"PRSS3",2024,594,3.23395462141976e-08
"SLC51B",2024,595,3.22953226185299e-08
"CCDC12",2024,596,3.22876137600706e-08
"CXCL2",2024,597,3.2199713830365e-08
"PHLDA2",2024,598,3.21365779516818e-08
"PFKFB3",2024,599,3.21136508975379e-08
"RFC4",2024,600,3.21044332614187e-08
"ZNF593",2024,601,3.20886198645651e-08
"CAPNS1",2024,602,3.20220646577618e-08
"JTB",2024,603,3.19061080368137e-08
"EIF1AX",2024,604,3.18443912964652e-08
"ZC3H12A",2024,605,3.18304932510215e-08
"CKMT1A",2024,606,3.18284339191499e-08
"FARSA",2024,607,3.18252288538655e-08
"MLEC",2024,608,3.17981385027366e-08
"LITAF",2024,609,3.17053847607918e-08
"SSFA2",2024,610,3.1688549416082e-08
"GLRX3",2024,611,3.16698321520611e-08
"ITGB6",2024,612,3.16484352553623e-08
"PLP2",2024,613,3.15910838375979e-08
"SAP18",2024,614,3.15573614664457e-08
"IDH2",2024,615,3.15381692600639e-08
"PSIP1",2024,616,3.14408737289948e-08
"MRPS16",2024,617,3.10859246808974e-08
"NDUFAF2",2024,618,3.10721747283693e-08
"RNF145",2024,619,3.1040193124135e-08
"CCL20",2024,620,3.10364018566781e-08
"VPS29",2024,621,3.09450018738761e-08
"ERI3",2024,622,3.09438459603282e-08
"MRPL22",2024,623,3.0873323930284e-08
"AKR1B10",2024,624,3.08414279323643e-08
"NDUFS6",2024,625,3.08299919578326e-08
"MTX1",2024,626,3.07775367736343e-08
"PPP2R1A",2024,627,3.06799307651663e-08
"EIF3L",2024,628,3.06407330393217e-08
"UQCC2",2024,629,3.06003450673718e-08
"PABPC1",2024,630,3.05792494817405e-08
"GNL3",2024,631,3.05519644118685e-08
"ISG20",2024,632,3.05445411641447e-08
"KRT7",2024,633,3.05136617561299e-08
"MRPL36",2024,634,3.05077912531306e-08
"RPN1",2024,635,3.01419188685292e-08
"GPX4",2024,636,3.01204576482694e-08
"FOXA3",2024,637,3.01188733682896e-08
"PDIA4",2024,638,3.00634505088324e-08
"PPP4C",2024,639,3.00625668518469e-08
"GDPD3",2024,640,3.00394838646418e-08
"RBX1",2024,641,3.00221628562502e-08
"HNRNPDL",2024,642,3.00106357333881e-08
"RASSF7",2024,643,2.99426818680762e-08
"CD55",2024,644,2.99001187782317e-08
"COMTD1",2024,645,2.98775395609592e-08
"IMP3",2024,646,2.98296234844928e-08
"LGALS4",2024,647,2.97790330883149e-08
"SRSF2",2024,648,2.97419300116496e-08
"C19orf70",2024,649,2.96624172004197e-08
"LMAN2",2024,650,2.96578188119464e-08
"SBDS",2024,651,2.9650916743953e-08
"TST",2024,652,2.95240593711007e-08
"ACTB",2024,653,2.94813527665511e-08
"PIN1",2024,654,2.94088976307566e-08
"TMEM171",2024,655,2.93781597806514e-08
"IFRD2",2024,656,2.93676542068196e-08
"TXNL4A",2024,657,2.93374730234855e-08
"SULT1B1",2024,658,2.93335461843081e-08
"PDCD6",2024,659,2.91755005646365e-08
"IGHG4",2024,660,2.91704114650096e-08
"CCDC58",2024,661,2.91015477560294e-08
"SSNA1",2024,662,2.8904541479251e-08
"EGLN3",2024,663,2.87573456652239e-08
"MRPS25",2024,664,2.86931660436699e-08
"PSMC2",2024,665,2.86303333446466e-08
"ALG3",2024,666,2.86128092789467e-08
"HNRNPC",2024,667,2.85485334545747e-08
"EIF5",2024,668,2.82549491975072e-08
"GMPPA",2024,669,2.82213770806288e-08
"C19orf53",2024,670,2.81142391116526e-08
"DHFR",2024,671,2.80682043288896e-08
"STIP1",2024,672,2.79627190223198e-08
"PHPT1",2024,673,2.78960294359512e-08
"KRTCAP2",2024,674,2.78542475021313e-08
"MYO1A",2024,675,2.78212106474293e-08
"ARPC1A",2024,676,2.78141646676592e-08
"PSMA2",2024,677,2.7794978399804e-08
"SLC25A11",2024,678,2.77860962486811e-08
"PPIC",2024,679,2.76486711900019e-08
"C7orf50",2024,680,2.76133035341143e-08
"LPCAT4",2024,681,2.75766020116586e-08
"GTF3C6",2024,682,2.75351653433013e-08
"AK2",2024,683,2.73816848558033e-08
"NUCKS1",2024,684,2.73287038839697e-08
"TRIM40",2024,685,2.73149895671196e-08
"CYP3A5",2024,686,2.73106762071796e-08
"NDUFV1",2024,687,2.73001158680144e-08
"TAPBP",2024,688,2.72969428988406e-08
"PFDN5",2024,689,2.72616302326444e-08
"MARCKSL1",2024,690,2.72423152530516e-08
"TMC5",2024,691,2.72272249442793e-08
"MRPL15",2024,692,2.72038676582162e-08
"NDUFA12",2024,693,2.7113482497924e-08
"MCM2",2024,694,2.70338010474871e-08
"ERP29",2024,695,2.69977939322291e-08
"SLPI",2024,696,2.69293585993641e-08
"NDUFS7",2024,697,2.69020826092534e-08
"IFI27",2024,698,2.68704209955715e-08
"RUVBL1",2024,699,2.67785534501708e-08
"TMEM14C",2024,700,2.67756984289876e-08
"C21orf59",2024,701,2.67488092930371e-08
"PDAP1",2024,702,2.66982063698806e-08
"VRK1",2024,703,2.66439239926985e-08
"NT5C3A",2024,704,2.66195996785475e-08
"ETFB",2024,705,2.66039126076348e-08
"MDH1",2024,706,2.65791371279109e-08
"SLC6A14",2024,707,2.65530700102796e-08
"MALL",2024,708,2.65461778722123e-08
"LSM5",2024,709,2.6506557792417e-08
"HINT2",2024,710,2.6500699236265e-08
"SMCO4",2024,711,2.64608465926654e-08
"HNRNPF",2024,712,2.6366265556548e-08
"HNRNPH3",2024,713,2.63391485498488e-08
"SLC35B1",2024,714,2.6269646861047e-08
"PPIH",2024,715,2.61655520053218e-08
"HSPA9",2024,716,2.61508263030281e-08
"ARL1",2024,717,2.61062145372792e-08
"CYBA",2024,718,2.60974998363818e-08
"MAGOH",2024,719,2.60881206228112e-08
"TNFAIP3",2024,720,2.60100755177219e-08
"EMC4",2024,721,2.59497397577826e-08
"NELFE",2024,722,2.59329762558749e-08
"COPZ1",2024,723,2.58480359657518e-08
"HELLS",2024,724,2.57407253802073e-08
"DUSP5",2024,725,2.57044006146637e-08
"TECR",2024,726,2.56614141110781e-08
"SCO2",2024,727,2.56417812625021e-08
"SMPDL3A",2024,728,2.55211636187609e-08
"SRSF9",2024,729,2.54942638648774e-08
"PPIF",2024,730,2.54686558308057e-08
"POLR2H",2024,731,2.54680774617692e-08
"ANP32A",2024,732,2.52979704794963e-08
"PRPF19",2024,733,2.524081599223e-08
"ATP5H",2024,734,2.52092672425117e-08
"CMC1",2024,735,2.51355014314905e-08
"PTPLAD1",2024,736,2.51276270095149e-08
"PAFAH1B3",2024,737,2.51075405349245e-08
"PDZK1IP1",2024,738,2.5043240523522e-08
"XRCC5",2024,739,2.50342972032168e-08
"TIMP2",2024,740,2.50176993928118e-08
"TRIM15",2024,741,2.49800585676494e-08
"SF3B14",2024,742,2.49704607372021e-08
"LGALS1",2024,743,2.48943388562808e-08
"ASF1B",2024,744,2.4894313705692e-08
"MLPH",2024,745,2.48761412715868e-08
"ATP5G2",2024,746,2.48719862157268e-08
"EPCAM",2024,747,2.4814866066873e-08
"POLR2F",2024,748,2.48126326415409e-08
"RBM3",2024,749,2.48015569106759e-08
"C19orf60",2024,750,2.48007887695645e-08
"SLBP",2024,751,2.47762138536122e-08
"CCDC34",2024,752,2.47388509202184e-08
"IDH3G",2024,753,2.4724764412428e-08
"APOA1BP",2024,754,2.4712988752888e-08
"ADSL",2024,755,2.46558886821787e-08
"PTGES3",2024,756,2.46257772516114e-08
"CD52",2024,757,2.45320350432803e-08
"KPNB1",2024,758,2.44796667467464e-08
"SOCS3",2024,759,2.44677659828684e-08
"ACAT2",2024,760,2.43897091094805e-08
"SIK1",2024,761,2.43870116857652e-08
"LAPTM5",2024,762,2.43072534539964e-08
"EEF2",2024,763,2.43020813483362e-08
"SNHG6",2024,764,2.42849361894714e-08
"GTF3A",2024,765,2.41751046256253e-08
"IARS",2024,766,2.41592809278913e-08
"UBE2L3",2024,767,2.41173332190117e-08
"SDCBP2",2024,768,2.41029375731418e-08
"CDK6",2024,769,2.40701935196888e-08
"UXT",2024,770,2.40398115573398e-08
"UBA52",2024,771,2.40308539042122e-08
"B4GALT1",2024,772,2.39178832380011e-08
"PRR15L",2024,773,2.38634267359526e-08
"CCDC167",2024,774,2.3857206466121e-08
"CXCL1",2024,775,2.38231785640199e-08
"KDELR2",2024,776,2.37976633173152e-08
"NUDT1",2024,777,2.37540741827388e-08
"MCL1",2024,778,2.37184217170572e-08
"SOCS1",2024,779,2.36121728016988e-08
"MMAB",2024,780,2.36107096676855e-08
"IMP4",2024,781,2.34051362331707e-08
"EPHB3",2024,782,2.33977422006221e-08
"CMSS1",2024,783,2.33218792342062e-08
"RNASEH2B",2024,784,2.33031565765738e-08
"LAMA3",2024,785,2.32359993946386e-08
"PLEC",2024,786,2.31922077811682e-08
"EIF3F",2024,787,2.31656783646837e-08
"UQCRH",2024,788,2.31638766045656e-08
"NDUFB6",2024,789,2.31042672024312e-08
"PHF5A",2024,790,2.30874306840648e-08
"MTHFD1",2024,791,2.3073860764064e-08
"GRPEL1",2024,792,2.30612547609287e-08
"VDAC3",2024,793,2.30351186250632e-08
"PSMD2",2024,794,2.29827986794163e-08
"SHD",2024,795,2.29457463863418e-08
"CDK2AP2",2024,796,2.28612563543008e-08
"HLA-DPA1",2024,797,2.28496563728013e-08
"WFDC2",2024,798,2.28357311764042e-08
"NR4A1",2024,799,2.28327883379896e-08
"ABHD11",2024,800,2.28324091125679e-08
"RNASET2",2024,801,2.28235305591312e-08
"SEC61G",2024,802,2.28152857540042e-08
"COX7A2L",2024,803,2.28023924670095e-08
"EIF1",2024,804,2.27854008037298e-08
"LAGE3",2024,805,2.27845378888127e-08
"TALDO1",2024,806,2.27536077047373e-08
"DPM2",2024,807,2.27418909748145e-08
"ZFAS1",2024,808,2.26271873649801e-08
"PKP3",2024,809,2.24146133778597e-08
"ABCC3",2024,810,2.24099022557777e-08
"RHOB",2024,811,2.2403556998093e-08
"MRP63",2024,812,2.23927482581056e-08
"SFN",2024,813,2.23662185722096e-08
"ILF3",2024,814,2.2362263559554e-08
"RSL1D1",2024,815,2.23611820582139e-08
"YWHAB",2024,816,2.22965334137462e-08
"NOP10",2024,817,2.22625968495868e-08
"TRAPPC4",2024,818,2.22562009596923e-08
"EIF4A3",2024,819,2.22184121511419e-08
"PARM1",2024,820,2.22052290042601e-08
"CSNK2B",2024,821,2.21890235634088e-08
"HLA-DQA1",2024,822,2.21826993413067e-08
"LIPH",2024,823,2.210588769651e-08
"MTHFD2",2024,824,2.20612514269561e-08
"H2AFV",2024,825,2.20271908497709e-08
"TKT",2024,826,2.20071077886789e-08
"APOL1",2024,827,2.2003035670386e-08
"ZWINT",2024,828,2.19917262376055e-08
"POLR2I",2024,829,2.1948063794212e-08
"MRPS22",2024,830,2.18917024472139e-08
"PMVK",2024,831,2.18667992911841e-08
"TIMP1",2024,832,2.18338927795572e-08
"PRR13",2024,833,2.17788147265923e-08
"CLRN3",2024,834,2.17364995576633e-08
"ERO1L",2024,835,2.16550954624482e-08
"CES2",2024,836,2.16254086316879e-08
"IDH3B",2024,837,2.16238223336969e-08
"HMGB2",2024,838,2.16044115783914e-08
"PTTG1IP",2024,839,2.15683763556743e-08
"COX5A",2024,840,2.15499740988484e-08
"NIT2",2024,841,2.15437646941395e-08
"ENKUR",2024,842,2.15179793732303e-08
"ATG3",2024,843,2.1488948368364e-08
"FAM173A",2024,844,2.14851664134287e-08
"STAT1",2024,845,2.14655748419424e-08
"DHRS4L2",2024,846,2.1456916519825e-08
"PTGES2",2024,847,2.13307437290758e-08
"ANAPC11",2024,848,2.11793764499314e-08
"MCM4",2024,849,2.11732042677554e-08
"WSB1",2024,850,2.10851594918422e-08
"TMBIM1",2024,851,2.10726332116567e-08
"TNFSF10",2024,852,2.10103683437882e-08
"MRPL32",2024,853,2.09977249785121e-08
"GBP2",2024,854,2.09750772048777e-08
"PSMD6",2024,855,2.09487822047335e-08
"NOLC1",2024,856,2.09469698134562e-08
"GUK1",2024,857,2.09347871876471e-08
"CLNS1A",2024,858,2.08936629456243e-08
"HN1",2024,859,2.08163066298263e-08
"ARL6IP4",2024,860,2.0808232443368e-08
"P4HB",2024,861,2.07925059806733e-08
"UBXN4",2024,862,2.07606203954206e-08
"SPINK1",2024,863,2.07347114470596e-08
"PSMA4",2024,864,2.06569469553448e-08
"UNG",2024,865,2.06456676798258e-08
"MYO15B",2024,866,2.06153770771534e-08
"RNASEH2C",2024,867,2.0594762612675e-08
"DBI",2024,868,2.05835058592565e-08
"FXYD5",2024,869,2.05830354941785e-08
"TAF15",2024,870,2.05573883572747e-08
"RAB31",2024,871,2.05548109994561e-08
"HMGN3",2024,872,2.05508446339237e-08
"LSM6",2024,873,2.05192089932127e-08
"BZW2",2024,874,2.05090697239579e-08
"PPM1G",2024,875,2.04106455307397e-08
"AKR7A3",2024,876,2.03543368221089e-08
"SDR16C5",2024,877,2.03505715797652e-08
"GLRX2",2024,878,2.03090396551812e-08
"ELP5",2024,879,2.03022813257436e-08
"TFF2",2024,880,2.0301999888532e-08
"HOXB13",2024,881,2.01419543126189e-08
"BCL2L12",2024,882,2.0127528405408e-08
"TMED3",2024,883,2.00365555694029e-08
"CDC42EP5",2024,884,2.00191770151762e-08
"NDUFA10",2024,885,1.99753712765544e-08
"NDUFB3",2024,886,1.99225439541169e-08
"DUOXA2",2024,887,1.98570625724403e-08
"PRKDC",2024,888,1.98462479067699e-08
"APEH",2024,889,1.98171295277273e-08
"BATF2",2024,890,1.96842994433072e-08
"SQRDL",2024,891,1.96789623846021e-08
"CENPW",2024,892,1.95954291719788e-08
"NXT1",2024,893,1.95926030272023e-08
"TRAPPC1",2024,894,1.95801411378607e-08
"SRP72",2024,895,1.95766043824683e-08
"NDUFS5",2024,896,1.9544718095876e-08
"PGP",2024,897,1.94963497551515e-08
"LINC00035",2024,898,1.94932377153516e-08
"PPP1R1B",2024,899,1.94810794264111e-08
"ERP44",2024,900,1.94683346829762e-08
"IGLL5",2024,901,1.94448167043862e-08
"MGST1",2024,902,1.94138183152372e-08
"CLN6",2024,903,1.94075433972403e-08
"FAM134B",2024,904,1.93843201235207e-08
"C10orf99",2024,905,1.92160479888961e-08
"HPRT1",2024,906,1.92146506171283e-08
"MZT2A",2024,907,1.92000592595768e-08
"NDUFA4",2024,908,1.91713703596476e-08
"SYNCRIP",2024,909,1.91398298234399e-08
"CBX3",2024,910,1.90807259663598e-08
"UBB",2024,911,1.90782077860266e-08
"CAPZB",2024,912,1.90680205313509e-08
"HDAC2",2024,913,1.90349440988382e-08
"RFC2",2024,914,1.9010451271553e-08
"RRM2",2024,915,1.90095524317898e-08
"EIF3D",2024,916,1.90079222881232e-08
"CISD1",2024,917,1.90001017087087e-08
"MRPL46",2024,918,1.88612698938996e-08
"ISG15",2024,919,1.88317732985546e-08
"KTN1",2024,920,1.88024461693285e-08
"MRPL18",2024,921,1.87109064369715e-08
"SMDT1",2024,922,1.86847335070523e-08
"MRPL52",2024,923,1.86403373684499e-08
"SPINT2",2024,924,1.85294252365091e-08
"FOS",2024,925,1.85274517547579e-08
"ETHE1",2024,926,1.84975722932965e-08
"SNHG8",2024,927,1.8496610571206e-08
"DDX21",2024,928,1.84951011806287e-08
"GPATCH4",2024,929,1.84156527840878e-08
"CLPP",2024,930,1.83971820576762e-08
"TXN2",2024,931,1.83928195452117e-08
"IRF1",2024,932,1.83549639928636e-08
"PSMD1",2024,933,1.8306087674287e-08
"EFHD2",2024,934,1.82163017232895e-08
"SAMD9L",2024,935,1.8198738339402e-08
"FAM3B",2024,936,1.81669897405605e-08
"SRP14",2024,937,1.80402869002324e-08
"NDUFAF4",2024,938,1.80281002125164e-08
"ARL2",2024,939,1.79408449069794e-08
"NFKBIZ",2024,940,1.79150061966395e-08
"C14orf119",2024,941,1.79139800890971e-08
"MRPL9",2024,942,1.78678885740413e-08
"CCNL1",2024,943,1.78590529509209e-08
"C12orf57",2024,944,1.77792466160882e-08
"EIF3G",2024,945,1.77427747173081e-08
"UGP2",2024,946,1.76608201746635e-08
"KDELR3",2024,947,1.76393510625904e-08
"IFNGR1",2024,948,1.76392994914836e-08
"MIR24-2",2024,949,1.76290605621451e-08
"RNPS1",2024,950,1.75682654840501e-08
"MCTS1",2024,951,1.75587230542304e-08
"RBMX",2024,952,1.75567198915894e-08
"BCL10",2024,953,1.74684940400015e-08
"SAC3D1",2024,954,1.74480056977754e-08
"NUBP2",2024,955,1.74263486422687e-08
"COA3",2024,956,1.73813008645567e-08
"DSC2",2024,957,1.73743513713077e-08
"MZT2B",2024,958,1.73506204995218e-08
"SLC25A3",2024,959,1.73351678796579e-08
"SMIM5",2024,960,1.73309240949963e-08
"TMEM179B",2024,961,1.73105897946221e-08
"OASL",2024,962,1.72876042459778e-08
"LDHA",2024,963,1.72662451211941e-08
"SYNGR2",2024,964,1.7256069760628e-08
"ITPA",2024,965,1.7203528867846e-08
"UBE2I",2024,966,1.71507982073609e-08
"BTNL8",2024,967,1.71225419545859e-08
"HLA-DRA",2024,968,1.71164597953831e-08
"NFIC",2024,969,1.71147272077969e-08
"B2M",2024,970,1.71145528579613e-08
"ACOT7",2024,971,1.71080987547907e-08
"MRPS33",2024,972,1.71076901983706e-08
"SLC39A7",2024,973,1.7086775371599e-08
"MRPL48",2024,974,1.70850935834448e-08
"C20orf24",2024,975,1.7050618560341e-08
"ZFP36L1",2024,976,1.70431047674238e-08
"LMNA",2024,977,1.70274623371947e-08
"COMMD4",2024,978,1.70177263208635e-08
"KRT10",2024,979,1.69973736893421e-08
"MRPL40",2024,980,1.69779549531021e-08
"NUPR1",2024,981,1.68674357100198e-08
"SUCLG1",2024,982,1.68647155113117e-08
"NQO1",2024,983,1.68313007853042e-08
"GLDN",2024,984,1.67962758107567e-08
"DYNLT1",2024,985,1.67784284481698e-08
"IER3",2024,986,1.67546200951725e-08
"CCL28",2024,987,1.67398121539761e-08
"PLGRKT",2024,988,1.67292715328092e-08
"FOSB",2024,989,1.67227986972283e-08
"ATP10B",2024,990,1.66951296356853e-08
"C2orf88",2024,991,1.66943882011442e-08
"PI3",2024,992,1.66838190253264e-08
"NENF",2024,993,1.66834175114398e-08
"GRHPR",2024,994,1.66701361311902e-08
"ALDH1B1",2024,995,1.66553615358526e-08
"LAMB3",2024,996,1.66262760035868e-08
"PPP1CA",2024,997,1.66022444692001e-08
"TAF9",2024,998,1.66017858449921e-08
"B3GNT3",2024,999,1.65926402135333e-08
"TMX2",2024,1000,1.65647044408359e-08
"RMI2",2024,1001,1.65619432184305e-08
"LSM3",2024,1002,1.64759182863685e-08
"MPST",2024,1003,1.64280871923379e-08
"SNRNP40",2024,1004,1.64269222511797e-08
"BNIP3L",2024,1005,1.640250919135e-08
"PADI2",2024,1006,1.63783107970011e-08
"MRPS11",2024,1007,1.63397657341358e-08
"ICAM1",2024,1008,1.63338680258085e-08
"ANAPC15",2024,1009,1.63270086501138e-08
"RNF181",2024,1010,1.63179557631642e-08
"MPC2",2024,1011,1.62720804023562e-08
"RSAD2",2024,1012,1.62371218081453e-08
"EWSR1",2024,1013,1.62321757889086e-08
"KCNN4",2024,1014,1.62293195254231e-08
"PGK1",2024,1015,1.61982846907891e-08
"RAD23A",2024,1016,1.6176618991927e-08
"BAIAP2L1",2024,1017,1.6153702734256e-08
"GNB2",2024,1018,1.61314576317164e-08
"CALR",2024,1019,1.61110534261162e-08
"VDAC2",2024,1020,1.60289173740485e-08
"GBP1",2024,1021,1.59971082181985e-08
"TFDP1",2024,1022,1.59855514971519e-08
"RPA3",2024,1023,1.59783049388249e-08
"SNRPG",2024,1024,1.59617159878686e-08
"PRSS23",2024,1025,1.59421218162223e-08
"CLDN23",2024,1026,1.593932159744e-08
"CARD16",2024,1027,1.59260751124162e-08
"TUBG1",2024,1028,1.58723496792328e-08
"NOC2L",2024,1029,1.58028954000555e-08
"CST3",2024,1030,1.57720089102e-08
"REPIN1",2024,1031,1.57693663306304e-08
"TRIM28",2024,1032,1.56835539253237e-08
"ODC1",2024,1033,1.56655068387587e-08
"SNHG7",2024,1034,1.56564750226529e-08
"DMKN",2024,1035,1.56342456451487e-08
"EIF3H",2024,1036,1.56120674243722e-08
"DHX9",2024,1037,1.56084815731529e-08
"LAMTOR4",2024,1038,1.55179323993497e-08
"TMEM37",2024,1039,1.55051211521365e-08
"ALDOA",2024,1040,1.54906725055563e-08
"POLE3",2024,1041,1.54417496084727e-08
"PCBP2",2024,1042,1.54229402550784e-08
"TMEM14B",2024,1043,1.54172586637072e-08
"TMEM261",2024,1044,1.53441815617808e-08
"VIMP",2024,1045,1.52883632276663e-08
"RARRES3",2024,1046,1.52855093092823e-08
"ITM2B",2024,1047,1.52513106094165e-08
"ATP6V0D1",2024,1048,1.52374879398303e-08
"RBM42",2024,1049,1.52253098578012e-08
"ARFIP2",2024,1050,1.52062560982502e-08
"SLC50A1",2024,1051,1.51450947781928e-08
"SLC26A2",2024,1052,1.51133230735033e-08
"MAD2L1",2024,1053,1.51083665277893e-08
"FHL2",2024,1054,1.50872043829029e-08
"YBX3",2024,1055,1.50739716483727e-08
"SNHG16",2024,1056,1.50509163031974e-08
"GAS5",2024,1057,1.50238168893823e-08
"TPGS2",2024,1058,1.49817122071156e-08
"PDHB",2024,1059,1.49718364649291e-08
"SOX4",2024,1060,1.49625164072232e-08
"SMC4",2024,1061,1.49479055732432e-08
"WDR83OS",2024,1062,1.49427241088824e-08
"LRP10",2024,1063,1.49324969360244e-08
"VMP1",2024,1064,1.49274191336074e-08
"MRPS14",2024,1065,1.47798726403609e-08
"APOL2",2024,1066,1.47302014888492e-08
"EMP3",2024,1067,1.47260210516359e-08
"TYMP",2024,1068,1.46649912426887e-08
"C1orf35",2024,1069,1.46508969564833e-08
"BRK1",2024,1070,1.45758852559845e-08
"FAM132A",2024,1071,1.4573626928482e-08
"PRDM1",2024,1072,1.45661006682343e-08
"MESDC2",2024,1073,1.45615556118039e-08
"PREB",2024,1074,1.45442973592975e-08
"MLXIP",2024,1075,1.45248021242491e-08
"ABHD3",2024,1076,1.43983991459028e-08
"PAQR8",2024,1077,1.43570633752343e-08
"RAB5C",2024,1078,1.43400758592831e-08
"PLOD2",2024,1079,1.43241971226718e-08
"POP7",2024,1080,1.43204261522653e-08
"ESD",2024,1081,1.42989204347508e-08
"JUN",2024,1082,1.42782828913865e-08
"YPEL2",2024,1083,1.42421238352452e-08
"FXYD3",2024,1084,1.41924402865285e-08
"TMA7",2024,1085,1.41866926838374e-08
"RAB11FIP1",2024,1086,1.41807163554602e-08
"ISOC2",2024,1087,1.41741618195486e-08
"ATPIF1",2024,1088,1.4161226389291e-08
"HBEGF",2024,1089,1.41532200722258e-08
"TCOF1",2024,1090,1.41496387568557e-08
"HNRNPK",2024,1091,1.4142775518866e-08
"RALB",2024,1092,1.41170687475616e-08
"STEAP1",2024,1093,1.40985834382997e-08
"ASS1",2024,1094,1.40843462111061e-08
"CD74",2024,1095,1.4062653599637e-08
"IGFBP7",2024,1096,1.40615486983367e-08
"CD44",2024,1097,1.40609865633539e-08
"TRMT10C",2024,1098,1.39685855110744e-08
"CASP7",2024,1099,1.39418289452225e-08
"FUT3",2024,1100,1.39345506525477e-08
"KLK15",2024,1101,1.39012183760467e-08
"PPA1",2024,1102,1.38287717732478e-08
"RIOK3",2024,1103,1.38234127696277e-08
"RAC1",2024,1104,1.38225099025609e-08
"LAPTM4B",2024,1105,1.37984588402433e-08
"NSA2",2024,1106,1.37685260879154e-08
"NDUFB7",2024,1107,1.37440858027373e-08
"TIMM8B",2024,1108,1.37216627517095e-08
"SSR1",2024,1109,1.37173244691896e-08
"AKR1A1",2024,1110,1.37119036714931e-08
"SLC16A3",2024,1111,1.369982626986e-08
"IL32",2024,1112,1.36890029609096e-08
"IQGAP2",2024,1113,1.36663630125875e-08
"MXI1",2024,1114,1.36624399867384e-08
"TOMM20",2024,1115,1.36234614659513e-08
"KLF2",2024,1116,1.36084753604767e-08
"ARL14",2024,1117,1.35906181344508e-08
"RGCC",2024,1118,1.35870644881005e-08
"NBEAL1",2024,1119,1.35411657048888e-08
"PCMT1",2024,1120,1.3537685043892e-08
"CCDC107",2024,1121,1.35216818091317e-08
"TYROBP",2024,1122,1.34814443752482e-08
"CNBP",2024,1123,1.34693289666832e-08
"NET1",2024,1124,1.34283616127167e-08
"VILL",2024,1125,1.34212346964745e-08
"HNRNPAB",2024,1126,1.33869049807308e-08
"MRPL41",2024,1127,1.3386548835806e-08
"C19orf33",2024,1128,1.33815952698803e-08
"PTPRH",2024,1129,1.33244927588804e-08
"SUMO2",2024,1130,1.32756022444558e-08
"CSE1L",2024,1131,1.32751643505358e-08
"GLRX5",2024,1132,1.32639247276527e-08
"NAA20",2024,1133,1.32553484364774e-08
"ZNF622",2024,1134,1.32530770231512e-08
"EIF4E2",2024,1135,1.32334032714531e-08
"CDKN2A",2024,1136,1.32071619361963e-08
"YWHAE",2024,1137,1.31978086118832e-08
"PPDPF",2024,1138,1.31790805019557e-08
"ST3GAL4",2024,1139,1.31568528031896e-08
"ANXA4",2024,1140,1.31322504547319e-08
"LYPD8",2024,1141,1.31278089854922e-08
"COL3A1",2024,1142,1.31111390234098e-08
"SF3B2",2024,1143,1.30855466746612e-08
"ZG16",2024,1144,1.30593914896997e-08
"NTMT1",2024,1145,1.30072559192235e-08
"ACVRL1",2024,1146,1.30003151550227e-08
"LCN2",2024,1147,1.29911965729521e-08
"AKIRIN2",2024,1148,1.29663150398406e-08
"FARSB",2024,1149,1.294029052434e-08
"MPDU1",2024,1150,1.29235852394056e-08
"BSG",2024,1151,1.28327430177925e-08
"TSPAN8",2024,1152,1.28304774941838e-08
"SS18L2",2024,1153,1.27934571225139e-08
"ACADVL",2024,1154,1.27841505411578e-08
"SRI",2024,1155,1.27697612244568e-08
"TCF7L2",2024,1156,1.27342538388095e-08
"MTHFS",2024,1157,1.2714702459414e-08
"CHCHD3",2024,1158,1.26907541690555e-08
"HAUS1",2024,1159,1.26848641100919e-08
"ERAP2",2024,1160,1.26519418859703e-08
"ATP5J",2024,1161,1.26485294746479e-08
"UNC13D",2024,1162,1.26417453734432e-08
"GIPC1",2024,1163,1.26256995109897e-08
"APIP",2024,1164,1.26248124924275e-08
"C1S",2024,1165,1.26069871338961e-08
"STK24",2024,1166,1.25798075023713e-08
"HNRNPR",2024,1167,1.25360818964782e-08
"LRPAP1",2024,1168,1.24884393727698e-08
"TCP1",2024,1169,1.2487742868146e-08
"TXNDC9",2024,1170,1.24805305309191e-08
"COPS3",2024,1171,1.24547835644087e-08
"LY6E",2024,1172,1.24456979031247e-08
"RAD51",2024,1173,1.24330242825942e-08
"MRPL34",2024,1174,1.24145616099106e-08
"SLC52A2",2024,1175,1.23379388726027e-08
"NR4A2",2024,1176,1.23236231762719e-08
"TIMM17B",2024,1177,1.22888881737615e-08
"MAPK6",2024,1178,1.22872241945157e-08
"PARP14",2024,1179,1.22769903675614e-08
"TSC22D3",2024,1180,1.22762735460108e-08
"DNAJC12",2024,1181,1.22675130280976e-08
"HIST1H2AC",2024,1182,1.22212798586735e-08
"CYB5A",2024,1183,1.22082394963564e-08
"ENSA",2024,1184,1.22054392259919e-08
"EIF4B",2024,1185,1.21845903105515e-08
"SMPD1",2024,1186,1.21702728967937e-08
"SFPQ",2024,1187,1.21676985069209e-08
"HLA-DQB1",2024,1188,1.21339331981768e-08
"FOSL2",2024,1189,1.21124488830518e-08
"SLIRP",2024,1190,1.21060938931982e-08
"CXCR4",2024,1191,1.20686501088964e-08
"NUDT4",2024,1192,1.20573435246177e-08
"ATP1B1",2024,1193,1.20549486325252e-08
"GSS",2024,1194,1.20514601294594e-08
"RHOBTB3",2024,1195,1.20484758485706e-08
"TMEM123",2024,1196,1.2047947340168e-08
"EPHB2",2024,1197,1.20422807643429e-08
"ACHE",2024,1198,1.19831250790523e-08
"EI24",2024,1199,1.19768385138589e-08
"SLC12A2",2024,1200,1.19720269293669e-08
"HDDC2",2024,1201,1.19307644436864e-08
"TOMM7",2024,1202,1.18943392762606e-08
"CORO1B",2024,1203,1.1858947225561e-08
"MTDH",2024,1204,1.18583114324331e-08
"DUSP23",2024,1205,1.18241163478521e-08
"RAB1A",2024,1206,1.17953772273585e-08
"CA12",2024,1207,1.17745755452423e-08
"ST13",2024,1208,1.17697727384033e-08
"BRMS1",2024,1209,1.17587499537513e-08
"MEA1",2024,1210,1.17586452205615e-08
"NDUFB10",2024,1211,1.17350818690893e-08
"SOD2",2024,1212,1.17330451867304e-08
"DCN",2024,1213,1.17006800383909e-08
"ITGB1BP1",2024,1214,1.16722595724916e-08
"CFLAR",2024,1215,1.16672893084019e-08
"CSTB",2024,1216,1.16596516970979e-08
"FFAR4",2024,1217,1.15862722240447e-08
"KHDRBS1",2024,1218,1.15850849206919e-08
"USP1",2024,1219,1.15834848579445e-08
"POLR1D",2024,1220,1.15206061269066e-08
"AOC1",2024,1221,1.15027328232009e-08
"ARHGDIA",2024,1222,1.1478383895317e-08
"MRPS35",2024,1223,1.14450310327755e-08
"TRA2B",2024,1224,1.14448311552167e-08
"NONO",2024,1225,1.14274457622669e-08
"NNMT",2024,1226,1.14269886240626e-08
"MUC4",2024,1227,1.14168103170825e-08
"CD151",2024,1228,1.13961243200968e-08
"SEP15",2024,1229,1.13737302154378e-08
"TMEM61",2024,1230,1.13657350700493e-08
"MYH14",2024,1231,1.13281418511531e-08
"MIDN",2024,1232,1.13269229752525e-08
"OAS1",2024,1233,1.13210984692172e-08
"CD274",2024,1234,1.12827246981895e-08
"NUTF2",2024,1235,1.12492004306626e-08
"GMDS",2024,1236,1.12364138547145e-08
"MTRNR2L3",2024,1237,1.12293064250374e-08
"PSMC1",2024,1238,1.11982083168442e-08
"CCDC68",2024,1239,1.11786096048101e-08
"LBH",2024,1240,1.11640477812146e-08
"C19orf24",2024,1241,1.11409608112261e-08
"MRPS18C",2024,1242,1.11333363988994e-08
"CXCL3",2024,1243,1.11282700880587e-08
"AMN",2024,1244,1.11250135487099e-08
"EDN1",2024,1245,1.11210168221996e-08
"CBX5",2024,1246,1.10962704274224e-08
"STAT3",2024,1247,1.10864725505681e-08
"RCN2",2024,1248,1.10666363471747e-08
"GBP4",2024,1249,1.1051566544582e-08
"RBBP7",2024,1250,1.10152009361598e-08
"DDX60",2024,1251,1.10137297854255e-08
"AAMP",2024,1252,1.0926103637919e-08
"CASP10",2024,1253,1.09095107800336e-08
"MORF4L2",2024,1254,1.08369320225949e-08
"CA2",2024,1255,1.08308315570354e-08
"COX16",2024,1256,1.08202188381009e-08
"LSMD1",2024,1257,1.08167387813978e-08
"LMNB1",2024,1258,1.07882932211058e-08
"PLCD3",2024,1259,1.07745517858981e-08
"RNF19B",2024,1260,1.07596241611604e-08
"ZFP36L2",2024,1261,1.07548241980467e-08
"CDKN2B",2024,1262,1.07508480422084e-08
"PMAIP1",2024,1263,1.07301083709393e-08
"DSG2",2024,1264,1.06840174233701e-08
"PYURF",2024,1265,1.0663660178178e-08
"MPC1",2024,1266,1.06624812512015e-08
"GHITM",2024,1267,1.06485110709484e-08
"RRAS",2024,1268,1.06115507123725e-08
"PNP",2024,1269,1.05978546130288e-08
"SSR4",2024,1270,1.05922649111251e-08
"MAPK3",2024,1271,1.05565058124794e-08
"CKS2",2024,1272,1.05493515518318e-08
"CHCHD5",2024,1273,1.04750565730675e-08
"EMC6",2024,1274,1.04511949232057e-08
"MACROD1",2024,1275,1.04391812231423e-08
"ITGA2",2024,1276,1.04265330925389e-08
"TMPO",2024,1277,1.03955518648158e-08
"BTNL3",2024,1278,1.03705846630716e-08
"BMP2",2024,1279,1.03067890985373e-08
"HINT1",2024,1280,1.02765711510076e-08
"GPR153",2024,1281,1.02403265830871e-08
"SPATS2L",2024,1282,1.02173215857863e-08
"OPTN",2024,1283,1.02114892695052e-08
"MRPL19",2024,1284,1.02033164315464e-08
"EXOSC7",2024,1285,1.01916721726396e-08
"CKB",2024,1286,1.01571738134343e-08
"LAMC2",2024,1287,1.01384075735159e-08
"SMARCC1",2024,1288,1.01380654380767e-08
"SLC46A3",2024,1289,1.01324050538285e-08
"CD2AP",2024,1290,1.01138862941483e-08
"C1orf106",2024,1291,1.00700560407393e-08
"C10orf10",2024,1292,1.00673260200874e-08
"ME1",2024,1293,1.00620627869953e-08
"RP11-59E19.1",2024,1294,1.00432459831383e-08
"NDRG1",2024,1295,9.99343603249182e-09
"ARF4",2024,1296,9.98322646635519e-09
"MUC1",2024,1297,9.94771261311453e-09
"METTL7A",2024,1298,9.92950519903004e-09
"HRASLS2",2024,1299,9.89471438972636e-09
"VKORC1",2024,1300,9.82473425246981e-09
"POP4",2024,1301,9.77395998578435e-09
"SDC4",2024,1302,9.7668526887651e-09
"GNG12",2024,1303,9.75958722951163e-09
"CTSS",2024,1304,9.74483492195688e-09
"H3F3A",2024,1305,9.73473892801866e-09
"ATP5J2",2024,1306,9.7315677276314e-09
"TMCO1",2024,1307,9.72974898455789e-09
"EIF3A",2024,1308,9.69597698498969e-09
"EPSTI1",2024,1309,9.68291284448187e-09
"MLTK",2024,1310,9.66561972658116e-09
"TAF1D",2024,1311,9.65388767444864e-09
"PRPF31",2024,1312,9.65280455832314e-09
"YWHAQ",2024,1313,9.64392442074423e-09
"NABP2",2024,1314,9.62476635951586e-09
"PTPRR",2024,1315,9.59372599951776e-09
"UFC1",2024,1316,9.57708698121379e-09
"FASN",2024,1317,9.55199778931302e-09
"RCN1",2024,1318,9.5366086206745e-09
"ITGAV",2024,1319,9.52576525897476e-09
"FH",2024,1320,9.52485132217743e-09
"TMIGD1",2024,1321,9.52179165596166e-09
"CHP1",2024,1322,9.51708965011532e-09
"CFDP1",2024,1323,9.51052206926007e-09
"SCNN1A",2024,1324,9.49868501851706e-09
"NDUFA6",2024,1325,9.48573231717387e-09
"MMP28",2024,1326,9.46313981290643e-09
"CTSD",2024,1327,9.45325197916762e-09
"SULT1A2",2024,1328,9.44759751331942e-09
"NCBP2-AS2",2024,1329,9.43999463589726e-09
"CNIH4",2024,1330,9.41903117377002e-09
"MVD",2024,1331,9.4169080454086e-09
"TPRKB",2024,1332,9.41104166076326e-09
"ACAA1",2024,1333,9.40575643866357e-09
"SMIM22",2024,1334,9.38918142295803e-09
"GSN",2024,1335,9.35519518216435e-09
"DCAF13",2024,1336,9.35363600309931e-09
"ANXA1",2024,1337,9.33587601724109e-09
"FDFT1",2024,1338,9.32743682225743e-09
"ACTL6A",2024,1339,9.32286757594862e-09
"TDP2",2024,1340,9.29103252331068e-09
"FBXL15",2024,1341,9.2903670550369e-09
"PDLIM5",2024,1342,9.28261324059876e-09
"RP11-304L19.5",2024,1343,9.28045847034559e-09
"F11R",2024,1344,9.27788751376616e-09
"CD81",2024,1345,9.25500523971421e-09
"SND1",2024,1346,9.2353409854449e-09
"SLC3A2",2024,1347,9.22601561359269e-09
"PRDX3",2024,1348,9.20635085322572e-09
"VPS28",2024,1349,9.20400063513768e-09
"ENTPD8",2024,1350,9.19126849823597e-09
"RAB25",2024,1351,9.18963445355624e-09
"DEFB1",2024,1352,9.18372400625315e-09
"PRPS2",2024,1353,9.17879873211111e-09
"ATF4",2024,1354,9.1761063437221e-09
"MTCH2",2024,1355,9.16619007866466e-09
"MRPL28",2024,1356,9.15908590123036e-09
"KARS",2024,1357,9.13469610276674e-09
"G0S2",2024,1358,9.11295729148446e-09
"MAZ",2024,1359,9.11280597700434e-09
"SEC11A",2024,1360,9.09152597899844e-09
"SRP19",2024,1361,9.08494038329172e-09
"REP15",2024,1362,9.08244218915058e-09
"BCL3",2024,1363,9.0669404361377e-09
"TRPM6",2024,1364,9.06404961635423e-09
"CERS6",2024,1365,9.00682462771583e-09
"NAMPT",2024,1366,9.00349751659099e-09
"CGN",2024,1367,8.99964025688448e-09
"ASRGL1",2024,1368,8.96621223367877e-09
"UCA1",2024,1369,8.93792297321566e-09
"MRPL47",2024,1370,8.91518704932354e-09
"RBBP4",2024,1371,8.89872821146347e-09
"DGUOK",2024,1372,8.89681869787368e-09
"DDX18",2024,1373,8.85564699675905e-09
"LMAN1",2024,1374,8.85433986648973e-09
"FAM96A",2024,1375,8.83664234451161e-09
"KIAA1324",2024,1376,8.81055920407636e-09
"AHCYL2",2024,1377,8.80336435974516e-09
"C14orf166",2024,1378,8.79884411568236e-09
"DDX46",2024,1379,8.79811938266396e-09
"SLC15A1",2024,1380,8.79305066851155e-09
"ZFAND5",2024,1381,8.79177302456128e-09
"SECTM1",2024,1382,8.78928369654152e-09
"ZNF706",2024,1383,8.78593361911712e-09
"CDC42SE2",2024,1384,8.74940044835897e-09
"CISD2",2024,1385,8.74404374156424e-09
"DNAJC10",2024,1386,8.73522170578413e-09
"COX11",2024,1387,8.73353604773125e-09
"MATR3",2024,1388,8.71834997889073e-09
"MAP1LC3B",2024,1389,8.71770421114276e-09
"HOXD11",2024,1390,8.71080038524101e-09
"ANGPTL4",2024,1391,8.70617374542524e-09
"PRSS8",2024,1392,8.6716920319649e-09
"G3BP1",2024,1393,8.66037811903463e-09
"ELOVL1",2024,1394,8.63713074629112e-09
"SMC2",2024,1395,8.62553946977486e-09
"SUPT16H",2024,1396,8.62492217299171e-09
"FAM214B",2024,1397,8.6103353253604e-09
"GSTT1",2024,1398,8.59025908388384e-09
"CPM",2024,1399,8.56067308614193e-09
"PTP4A1",2024,1400,8.55044418891943e-09
"SCAND1",2024,1401,8.53141244474736e-09
"NEURL",2024,1402,8.5227898426191e-09
"ARPC2",2024,1403,8.49319173224101e-09
"BAG1",2024,1404,8.483747134337e-09
"MKKS",2024,1405,8.43565449297734e-09
"KLF4",2024,1406,8.42636908182562e-09
"AREG",2024,1407,8.41877273084179e-09
"ITGB1",2024,1408,8.40445140021712e-09
"GFER",2024,1409,8.40322701642255e-09
"COTL1",2024,1410,8.38458829115818e-09
"SFT2D1",2024,1411,8.37266625723219e-09
"CDC6",2024,1412,8.34446380543692e-09
"PRDX5",2024,1413,8.32348523685449e-09
"PRELID1",2024,1414,8.31672512104093e-09
"PIH1D1",2024,1415,8.28622822024776e-09
"RRM1",2024,1416,8.26086438949052e-09
"TFAM",2024,1417,8.25967865222065e-09
"DSP",2024,1418,8.25464385800265e-09
"MOGAT3",2024,1419,8.25000549024359e-09
"HES1",2024,1420,8.23801998177360e-09
"ACTG1",2024,1421,8.23078267641743e-09
"NUDCD2",2024,1422,8.22310115609867e-09
"AHNAK",2024,1423,8.18147824676681e-09
"LSR",2024,1424,8.17608485635954e-09
"ITGA6",2024,1425,8.15259147803879e-09
"PPP2CB",2024,1426,8.1513155556385e-09
"GNPNAT1",2024,1427,8.14726719434313e-09
"MUC12",2024,1428,8.14319148552909e-09
"JOSD2",2024,1429,8.13391050588092e-09
"LYPD1",2024,1430,8.11869106360773e-09
"BHLHE40",2024,1431,8.10786940051696e-09
"SRPK1",2024,1432,8.09800158957111e-09
"COX20",2024,1433,8.07014774044574e-09
"ARPC5L",2024,1434,8.05176850880647e-09
"CD9",2024,1435,8.04395175495217e-09
"TCEB2",2024,1436,8.04118235538954e-09
"CRIP2",2024,1437,8.03278628053317e-09
"PMF1",2024,1438,8.01630691098384e-09
"TMEM176A",2024,1439,8.01410908594701e-09
"KRBOX1",2024,1440,7.9973915069033e-09
"ADTRP",2024,1441,7.99703905411917e-09
"STXBP2",2024,1442,7.99283472629889e-09
"CAMK2N1",2024,1443,7.95796485755055e-09
"PPP1R14B",2024,1444,7.95242952057712e-09
"SPPL2A",2024,1445,7.94679701093628e-09
"OCIAD2",2024,1446,7.90583330737818e-09
"BOLA3",2024,1447,7.88432934942317e-09
"SYTL2",2024,1448,7.87746673438632e-09
"TPT1",2024,1449,7.87487924549797e-09
"APOE",2024,1450,7.86868858811787e-09
"HIGD2A",2024,1451,7.82574028252369e-09
"EIF5B",2024,1452,7.81941693970787e-09
"CADM1",2024,1453,7.79153004079316e-09
"SNX5",2024,1454,7.77505576483801e-09
"PSMA1",2024,1455,7.76725684110515e-09
"BUB3",2024,1456,7.76496518506208e-09
"C6orf222",2024,1457,7.76137489038594e-09
"HLA-B",2024,1458,7.7481756012971e-09
"SPARC",2024,1459,7.73718447114963e-09
"TPSG1",2024,1460,7.72831167337818e-09
"CTNNA1",2024,1461,7.72785152789973e-09
"PPP1CC",2024,1462,7.71686511834086e-09
"ATP5L",2024,1463,7.69843568979517e-09
"MTCH1",2024,1464,7.68155944148431e-09
"H2AFY",2024,1465,7.68081579777557e-09
"FGL2",2024,1466,7.67932120570212e-09
"ATRAID",2024,1467,7.66006126262913e-09
"AC013394.2",2024,1468,7.65510886202819e-09
"SQSTM1",2024,1469,7.65114655360608e-09
"DNAJC19",2024,1470,7.64416176366504e-09
"ETFA",2024,1471,7.64403108163669e-09
"IGHV1-24",2024,1472,7.63893636930479e-09
"NDUFA11",2024,1473,7.63277178360773e-09
"ACP1",2024,1474,7.60590826758974e-09
"SURF4",2024,1475,7.60337828042162e-09
"RP11-519G16.5",2024,1476,7.584897592102e-09
"MDK",2024,1477,7.58350665212822e-09
"HDGF",2024,1478,7.57272981204757e-09
"ITGB4",2024,1479,7.5722899098037e-09
"CHPF",2024,1480,7.54736885625376e-09
"TMCC3",2024,1481,7.53841188396809e-09
"RFK",2024,1482,7.53002792713907e-09
"FAM195A",2024,1483,7.52932079698989e-09
"RBM17",2024,1484,7.51318939405885e-09
"ACOX1",2024,1485,7.50160624856027e-09
"HNRNPU",2024,1486,7.5004900925604e-09
"SH3KBP1",2024,1487,7.49772214446893e-09
"TMEM258",2024,1488,7.49300035955545e-09
"PNKD",2024,1489,7.4595900525655e-09
"C9orf16",2024,1490,7.45494414640124e-09
"FAM107B",2024,1491,7.44985793582828e-09
"KCNK1",2024,1492,7.44523561562139e-09
"KCNS3",2024,1493,7.40990018920786e-09
"H2AFX",2024,1494,7.40554075466147e-09
"MTRNR2L13",2024,1495,7.40084659285084e-09
"H1FX",2024,1496,7.38650338998315e-09
"RP11-747D18.1",2024,1497,7.37910821732393e-09
"AL928768.3",2024,1498,7.36322321011907e-09
"CCL2",2024,1499,7.35610723863848e-09
"MIS18A",2024,1500,7.34956308331419e-09
"PDCD6IP",2024,1501,7.34634648093662e-09
"OLA1",2024,1502,7.33219307470598e-09
"THOC7",2024,1503,7.3225598102358e-09
"RAB11A",2024,1504,7.30590812767622e-09
"MRPS21",2024,1505,7.30587313663494e-09
"VAMP5",2024,1506,7.29479437092469e-09
"PQBP1",2024,1507,7.28868662266831e-09
"PARP9",2024,1508,7.23236218260332e-09
"TMSB4X",2024,1509,7.23214010435673e-09
"TMEM176B",2024,1510,7.22519931273794e-09
"APOL6",2024,1511,7.20942935955291e-09
"CIRBP",2024,1512,7.17507168542604e-09
"QARS",2024,1513,7.15824186902998e-09
"ID1",2024,1514,7.14774127769800e-09
"TMEM106C",2024,1515,7.12255936685273e-09
"SRRM1",2024,1516,7.12137246022876e-09
"ACTN4",2024,1517,7.10935108528907e-09
"GUCA2A",2024,1518,7.08989783202421e-09
"HDHD3",2024,1519,7.08365522789091e-09
"ITGA3",2024,1520,7.08193306213861e-09
"EPB41L4B",2024,1521,7.07174005030189e-09
"NUP37",2024,1522,7.07067787874257e-09
"COL1A2",2024,1523,7.06775899141782e-09
"STAP2",2024,1524,7.05442788812661e-09
"CAB39",2024,1525,7.04739766378719e-09
"GLO1",2024,1526,7.042736854338e-09
"MEP1A",2024,1527,7.03391672515916e-09
"S100A9",2024,1528,7.00183130603034e-09
"SH3GLB1",2024,1529,6.99148572876574e-09
"TAP1",2024,1530,6.98843572075918e-09
"CHMP4B",2024,1531,6.96719441797198e-09
"CD69",2024,1532,6.96271630970702e-09
"IFNGR2",2024,1533,6.96062871772244e-09
"CTNND1",2024,1534,6.95887343729869e-09
"SRP9",2024,1535,6.92581406178141e-09
"IL8",2024,1536,6.91808598943739e-09
"HSBP1",2024,1537,6.91135188738989e-09
"RBM47",2024,1538,6.91088622757897e-09
"APOBEC1",2024,1539,6.89911811875421e-09
"SLC25A4",2024,1540,6.89695043588656e-09
"PRDX6",2024,1541,6.89465836541721e-09
"CDH1",2024,1542,6.88394358536449e-09
"GRN",2024,1543,6.87371036964265e-09
"EZR",2024,1544,6.87312598356809e-09
"MRPL2",2024,1545,6.87123525748263e-09
"PPP1R7",2024,1546,6.86782497876561e-09
"EPS8",2024,1547,6.85969375757967e-09
"ARF5",2024,1548,6.84351669866611e-09
"MYOF",2024,1549,6.82625141213466e-09
"MAP2K6",2024,1550,6.82230862616347e-09
"GOLM1",2024,1551,6.80716684044671e-09
"PDZD11",2024,1552,6.8038296249827e-09
"MYEOV2",2024,1553,6.80144592945634e-09
"IMPA2",2024,1554,6.79315559517239e-09
"FTH1",2024,1555,6.78471467623214e-09
"TC2N",2024,1556,6.76919989662217e-09
"C4BPB",2024,1557,6.75859983286104e-09
"HES6",2024,1558,6.73845402771920e-09
"ITGB3BP",2024,1559,6.73208470380619e-09
"DGAT1",2024,1560,6.72529418426349e-09
"PPAP2C",2024,1561,6.71734410300511e-09
"VEGFA",2024,1562,6.70955084819138e-09
"CENPN",2024,1563,6.70746516650047e-09
"CXADR",2024,1564,6.69200567294376e-09
"SPTBN1",2024,1565,6.68362458970851e-09
"GFPT1",2024,1566,6.6781397071865e-09
"C1orf86",2024,1567,6.65420497379541e-09
"RBM39",2024,1568,6.64974572030376e-09
"PPAPDC1B",2024,1569,6.63163435461722e-09
"PPCS",2024,1570,6.6271535759745e-09
"RP11-302B13.5",2024,1571,6.60983967066648e-09
"MIF",2024,1572,6.60500686423179e-09
"PTGDR",2024,1573,6.58967575856419e-09
"PTPRO",2024,1574,6.58450383429128e-09
"HOXD13",2024,1575,6.55919124999406e-09
"C1orf122",2024,1576,6.54727011602189e-09
"ANKRD22",2024,1577,6.53492968915491e-09
"CDC45",2024,1578,6.5331890154515e-09
"SORL1",2024,1579,6.5295210570265e-09
"APCDD1",2024,1580,6.50080990092651e-09
"HLA-DRB5",2024,1581,6.49476558436428e-09
"CRB3",2024,1582,6.45799607688489e-09
"TEX264",2024,1583,6.45429596162073e-09
"COA6",2024,1584,6.44360021278794e-09
"TAF10",2024,1585,6.43692833626389e-09
"PRAC1",2024,1586,6.43057325206038e-09
"TPSAB1",2024,1587,6.42333472665998e-09
"MYO6",2024,1588,6.42094469182454e-09
"PDHA1",2024,1589,6.40876853677548e-09
"ATP5E",2024,1590,6.39547845154661e-09
"MMP24-AS1",2024,1591,6.37792049702632e-09
"TMEM11",2024,1592,6.37189741215825e-09
"PPP1CB",2024,1593,6.36446353148181e-09
"HLA-F",2024,1594,6.36429210316776e-09
"GGH",2024,1595,6.35330560183607e-09
"CREB3L1",2024,1596,6.33696577701043e-09
"FKBP3",2024,1597,6.33328676042932e-09
"KLF3",2024,1598,6.32549490666843e-09
"PLA2G2A",2024,1599,6.31922184077281e-09
"RP11-277P12.20",2024,1600,6.31753826254416e-09
"ZFP36",2024,1601,6.3118288570416e-09
"DHRS11",2024,1602,6.30161852552474e-09
"ITGAE",2024,1603,6.22513130221981e-09
"ZDHHC2",2024,1604,6.22029471054499e-09
"SEC24D",2024,1605,6.20164836035679e-09
"HRCT1",2024,1606,6.19905199619559e-09
"CPA3",2024,1607,6.18551623416568e-09
"PIGR",2024,1608,6.15935019286483e-09
"CANT1",2024,1609,6.15887770439251e-09
"LTB",2024,1610,6.12825969039872e-09
"SRSF1",2024,1611,6.12660346060875e-09
"CLSPN",2024,1612,6.11782518106738e-09
"NPEPPS",2024,1613,6.11765104922525e-09
"QTRT1",2024,1614,6.07157221399792e-09
"IL18",2024,1615,6.06566373160635e-09
"VSIG2",2024,1616,6.05423856269701e-09
"PIM3",2024,1617,6.05334959050407e-09
"TMEM158",2024,1618,6.03250219588196e-09
"SLC39A8",2024,1619,6.03186671662347e-09
"GUCA2B",2024,1620,6.02560325658156e-09
"RAP1B",2024,1621,5.98735229071059e-09
"RTF1",2024,1622,5.98186514802235e-09
"MGLL",2024,1623,5.97028080486038e-09
"AES",2024,1624,5.96374291638401e-09
"PMP22",2024,1625,5.96042000742179e-09
"SF1",2024,1626,5.9603578093206e-09
"PSMB4",2024,1627,5.96026152013283e-09
"DSTN",2024,1628,5.95867016674179e-09
"MRPS18A",2024,1629,5.93527451763697e-09
"CDKN1C",2024,1630,5.93480741603251e-09
"KLRB1",2024,1631,5.93223835306637e-09
"COX6A1",2024,1632,5.930821891177e-09
"CYR61",2024,1633,5.92910723710453e-09
"COMMD6",2024,1634,5.91191193113808e-09
"HDAC1",2024,1635,5.91105751898997e-09
"HAT1",2024,1636,5.90987871710005e-09
"HSD11B2",2024,1637,5.90721687458631e-09
"METTL5",2024,1638,5.90516817716228e-09
"MLF1IP",2024,1639,5.89637600724148e-09
"NDUFA8",2024,1640,5.88222598765614e-09
"SRSF11",2024,1641,5.8748101165652e-09
"KHSRP",2024,1642,5.87311190037742e-09
"CD3D",2024,1643,5.85902320716867e-09
"JUND",2024,1644,5.8579927726042e-09
"PTPRF",2024,1645,5.85665819711394e-09
"GPT",2024,1646,5.82020171335517e-09
"LINC00520",2024,1647,5.81356508451668e-09
"DGCR6L",2024,1648,5.79013367775564e-09
"SNRPB2",2024,1649,5.75973934380361e-09
"EPAS1",2024,1650,5.73829257854674e-09
"COPRS",2024,1651,5.73755013945867e-09
"REXO2",2024,1652,5.73206992295551e-09
"RP11-665N17.4",2024,1653,5.70378751077073e-09
"IRF2BP2",2024,1654,5.70182776746077e-09
"PLIN3",2024,1655,5.69955480775614e-09
"HLA-A",2024,1656,5.69068175279685e-09
"EFNA2",2024,1657,5.68510612554689e-09
"RP11-462G2.1",2024,1658,5.67127593310439e-09
"NDUFS4",2024,1659,5.66363453540712e-09
"SKP1",2024,1660,5.65528590225545e-09
"TNFRSF21",2024,1661,5.65329590459507e-09
"APPL1",2024,1662,5.65155670462025e-09
"MMP1",2024,1663,5.6309702266237e-09
"MLF2",2024,1664,5.62198197841821e-09
"MUC5AC",2024,1665,5.61221480248262e-09
"UQCRB",2024,1666,5.59924412052546e-09
"TMEM160",2024,1667,5.59752651617999e-09
"SLC2A1",2024,1668,5.59089091321965e-09
"DEFB4A",2024,1669,5.58980870770875e-09
"MRFAP1",2024,1670,5.55824431069079e-09
"SPINK5",2024,1671,5.55220646975664e-09
"ENY2",2024,1672,5.55013811158507e-09
"GDI2",2024,1673,5.53899387524204e-09
"SERPINB5",2024,1674,5.53389840888909e-09
"TCEB1",2024,1675,5.53192237723613e-09
"ALDH1A2",2024,1676,5.52342197226926e-09
"THOP1",2024,1677,5.50929447786776e-09
"RNPEP",2024,1678,5.50919526472423e-09
"FAM3D",2024,1679,5.47143309610621e-09
"NRARP",2024,1680,5.46856436641392e-09
"GLRX",2024,1681,5.40716152903973e-09
"MSRB2",2024,1682,5.39626410199252e-09
"TNFRSF1A",2024,1683,5.38060118516567e-09
"XBP1",2024,1684,5.31408990477352e-09
"ACAA2",2024,1685,5.31280917065056e-09
"CHP2",2024,1686,5.29915250033049e-09
"ARL3",2024,1687,5.29091483342192e-09
"FAM136A",2024,1688,5.28690977634614e-09
"HP1BP3",2024,1689,5.28579815271148e-09
"SQLE",2024,1690,5.27541804784161e-09
"UBE2S",2024,1691,5.26809681354656e-09
"ABCA5",2024,1692,5.26613178531934e-09
"PAPSS2",2024,1693,5.25834523161167e-09
"HDAC9",2024,1694,5.24637351761772e-09
"STS",2024,1695,5.2288200371824e-09
"OLFM4",2024,1696,5.22055649617711e-09
"SEMA4G",2024,1697,5.21897227230073e-09
"DUSP2",2024,1698,5.21645849379946e-09
"CENPK",2024,1699,5.20954991011471e-09
"TXNIP",2024,1700,5.19589416509829e-09
"NFE2L3",2024,1701,5.18899431473995e-09
"PYGB",2024,1702,5.18587395363043e-09
"HEPH",2024,1703,5.18403063786212e-09
"SLC4A4",2024,1704,5.17027460137422e-09
"SNHG3",2024,1705,5.15826431125594e-09
"RELB",2024,1706,5.15503635799773e-09
"DUS1L",2024,1707,5.15111398931954e-09
"IL3RA",2024,1708,5.146861152694e-09
"IFI35",2024,1709,5.14389268680369e-09
"AKR1C3",2024,1710,5.14053594152154e-09
"TMEM230",2024,1711,5.12929466769661e-09
"NMRAL1",2024,1712,5.12920660480671e-09
"CRYL1",2024,1713,5.12174548320929e-09
"FKBP1B",2024,1714,5.1176157814887e-09
"AIF1",2024,1715,5.09136913254344e-09
"NUSAP1",2024,1716,5.08702608878858e-09
"DUOXA1",2024,1717,5.08411624390433e-09
"DBNL",2024,1718,5.08362350840366e-09
"DDX5",2024,1719,5.08336371258542e-09
"IL10RB",2024,1720,5.08040357015744e-09
"FUT2",2024,1721,5.07833481190703e-09
"COX5B",2024,1722,5.06529381693589e-09
"HSD17B12",2024,1723,5.05976569762298e-09
"CECR5",2024,1724,5.05101379542596e-09
"UBA1",2024,1725,5.04830706539176e-09
"TAX1BP3",2024,1726,5.04343211818255e-09
"PDE9A",2024,1727,5.04176876172623e-09
"TPRN",2024,1728,5.0351522961974e-09
"CDCP1",2024,1729,5.01719272882108e-09
"DERL2",2024,1730,5.00577032502345e-09
"PSMG4",2024,1731,5.00282117543358e-09
"TRABD2A",2024,1732,4.99181943339977e-09
"SH3BGRL",2024,1733,4.98487763003696e-09
"TBCA",2024,1734,4.98347306082998e-09
"HIST1H2BD",2024,1735,4.98006572294328e-09
"LGR5",2024,1736,4.97600033086397e-09
"CXCL14",2024,1737,4.95775942009673e-09
"CAST",2024,1738,4.95145713393043e-09
"NAE1",2024,1739,4.94467500952341e-09
"GLUL",2024,1740,4.94160893590882e-09
"PGAM1",2024,1741,4.94146106634982e-09
"C15orf48",2024,1742,4.93856766721446e-09
"RAB2A",2024,1743,4.93832794203061e-09
"GAR1",2024,1744,4.93512908776463e-09
"IL34",2024,1745,4.93369023855389e-09
"RABGGTB",2024,1746,4.92822846124745e-09
"EIF4A2",2024,1747,4.91291776402186e-09
"PLSCR1",2024,1748,4.89412335001149e-09
"YY1",2024,1749,4.88971966437181e-09
"FNDC3B",2024,1750,4.88310328213064e-09
"SLC22A18AS",2024,1751,4.87438928835503e-09
"SAA1",2024,1752,4.86988008029761e-09
"CTSH",2024,1753,4.8650071692098e-09
"NDUFB4",2024,1754,4.85482017974006e-09
"XIAP",2024,1755,4.84500382844959e-09
"METAP2",2024,1756,4.84024590807846e-09
"TMSB10",2024,1757,4.82419032649016e-09
"VPS51",2024,1758,4.82360682914414e-09
"MRPL1",2024,1759,4.81636745324643e-09
"C10orf118",2024,1760,4.8094306984386e-09
"MYBL2",2024,1761,4.80638284863801e-09
"HIST1H2BK",2024,1762,4.80245100888545e-09
"BEST2",2024,1763,4.8009590067118e-09
"PFKP",2024,1764,4.79956435322192e-09
"NT5DC2",2024,1765,4.79252623627392e-09
"CAPZA1",2024,1766,4.78955833493326e-09
"GSDMB",2024,1767,4.78649244541131e-09
"CEBPG",2024,1768,4.77773652992211e-09
"DUSP6",2024,1769,4.75786259692386e-09
"CDKN3",2024,1770,4.75194377723802e-09
"LEFTY1",2024,1771,4.74380340485822e-09
"ZNF428",2024,1772,4.74261777231745e-09
"PDXK",2024,1773,4.74141621815689e-09
"TXNDC12",2024,1774,4.73171102078857e-09
"SUMO3",2024,1775,4.72952152352876e-09
"NFE2L1",2024,1776,4.72768415083901e-09
"NDFIP2",2024,1777,4.72531446118405e-09
"CTSE",2024,1778,4.71968416277953e-09
"CAPZA2",2024,1779,4.70398031535093e-09
"VNN1",2024,1780,4.69928420561835e-09
"TNFAIP2",2024,1781,4.67273208227587e-09
"C1orf63",2024,1782,4.67175136428463e-09
"CTBP2",2024,1783,4.66694781834368e-09
"LAMA1",2024,1784,4.66444322489941e-09
"NPTN",2024,1785,4.66352121760034e-09
"LASP1",2024,1786,4.65931568789623e-09
"AQP1",2024,1787,4.65895698166564e-09
"IFI44L",2024,1788,4.65601436473038e-09
"NFIA",2024,1789,4.65418280565444e-09
"GPR110",2024,1790,4.65361609335683e-09
"MT1E",2024,1791,4.64842417458331e-09
"FYB",2024,1792,4.64112368864829e-09
"PDCL3",2024,1793,4.63465450732289e-09
"RP11-345J4.5",2024,1794,4.62632641225451e-09
"SMARCB1",2024,1795,4.62603064599033e-09
"ALKBH7",2024,1796,4.60798399604354e-09
"CLDN3",2024,1797,4.60125101999671e-09
"ZNF703",2024,1798,4.59946012726526e-09
"SLC26A4",2024,1799,4.59748916189619e-09
"NTHL1",2024,1800,4.58825174022802e-09
"RASSF6",2024,1801,4.58702256703982e-09
"JAGN1",2024,1802,4.58424026729849e-09
"TM9SF2",2024,1803,4.58005690400316e-09
"ABHD17C",2024,1804,4.57966717390185e-09
"PVRL2",2024,1805,4.57602488508031e-09
"PERP",2024,1806,4.57526872977574e-09
"GPS1",2024,1807,4.57316580814183e-09
"CMAS",2024,1808,4.57122483577877e-09
"SPINT1",2024,1809,4.56003541886242e-09
"PSMD3",2024,1810,4.54451196441118e-09
"REEP3",2024,1811,4.53502566075388e-09
"SH3BGRL2",2024,1812,4.53172012241234e-09
"RSL24D1",2024,1813,4.52801642683359e-09
"DPM3",2024,1814,4.52282673530973e-09
"STX10",2024,1815,4.5205178253848e-09
"CLSTN1",2024,1816,4.51928741821306e-09
"RP11-48O20.4",2024,1817,4.50981292762204e-09
"TMEM125",2024,1818,4.5075757185775e-09
"RAD21",2024,1819,4.50716689755319e-09
"SBNO2",2024,1820,4.48734881592747e-09
"ZNRD1",2024,1821,4.48055457306773e-09
"LLPH",2024,1822,4.47089669392371e-09
"NUDT22",2024,1823,4.46344399148641e-09
"ETS2",2024,1824,4.46212751032379e-09
"WDR1",2024,1825,4.45618685123235e-09
"FTL",2024,1826,4.45134622968583e-09
"IL13RA1",2024,1827,4.4385338484031e-09
"FSTL1",2024,1828,4.43700579692487e-09
"DERL3",2024,1829,4.42894969998201e-09
"OTUB1",2024,1830,4.42618189666697e-09
"ADAM9",2024,1831,4.41099277767503e-09
"HNRNPUL1",2024,1832,4.40777601694553e-09
"RP11-357H14.17",2024,1833,4.38605600413226e-09
"MAPK13",2024,1834,4.38296528475288e-09
"ARPC4",2024,1835,4.37502574715205e-09
"NDFIP1",2024,1836,4.37463009300703e-09
"S100A13",2024,1837,4.37235854753351e-09
"ARPC5",2024,1838,4.36834318085904e-09
"C6orf48",2024,1839,4.35521969761236e-09
"MIER1",2024,1840,4.34081845876199e-09
"INSR",2024,1841,4.32122608896759e-09
"TXNRD1",2024,1842,4.32106674962946e-09
"CRLS1",2024,1843,4.31577606381162e-09
"LINC00675",2024,1844,4.2999786524102e-09
"NBL1",2024,1845,4.28913065849878e-09
"COX7C",2024,1846,4.28415664874436e-09
"ST14",2024,1847,4.27341047072057e-09
"SELENBP1",2024,1848,4.27313797589341e-09
"MAP3K13",2024,1849,4.25977707154872e-09
"SMIM12",2024,1850,4.25161797054901e-09
"IFIT3",2024,1851,4.22069892015298e-09
"PDK4",2024,1852,4.22055404515219e-09
"DHRS7",2024,1853,4.20767688140334e-09
"JUP",2024,1854,4.19873718194107e-09
"BIRC5",2024,1855,4.19499315586089e-09
"GCC2",2024,1856,4.1887953685051e-09
"MX1",2024,1857,4.18514432350242e-09
"LEPREL1",2024,1858,4.17265702806307e-09
"RND1",2024,1859,4.16351072599127e-09
"RBPMS",2024,1860,4.15781371487182e-09
"TCEA1",2024,1861,4.15225360547215e-09
"TAX1BP1",2024,1862,4.15051121322518e-09
"SHMT1",2024,1863,4.15028563108538e-09
"SLC5A1",2024,1864,4.1500666008139e-09
"TOP1",2024,1865,4.14620893619542e-09
"COQ4",2024,1866,4.14396821778429e-09
"MRPL43",2024,1867,4.13553800609253e-09
"GPR85",2024,1868,4.12720220319056e-09
"FRYL",2024,1869,4.1216400074207e-09
"AQP3",2024,1870,4.12020930258293e-09
"TMEM134",2024,1871,4.1021983239149e-09
"PLEKHB2",2024,1872,4.09863494730939e-09
"PAPOLA",2024,1873,4.09845888565609e-09
"TMEM50A",2024,1874,4.07812123540059e-09
"ZC3H15",2024,1875,4.07654347166128e-09
"CFB",2024,1876,4.0753279325979e-09
"CPT1A",2024,1877,4.06860249043015e-09
"H2AFJ",2024,1878,4.06036722768634e-09
"CHMP1B",2024,1879,4.05822159187164e-09
"MFF",2024,1880,4.05039881568132e-09
"DDX17",2024,1881,4.0491268257332e-09
"ANKRD9",2024,1882,4.04862523650154e-09
"MESP1",2024,1883,4.0426620689279e-09
"AMD1",2024,1884,4.03807868782407e-09
"SHROOM3",2024,1885,4.0363357994114e-09
"CTNNB1",2024,1886,4.03486390810202e-09
"JAK1",2024,1887,4.03315455090621e-09
"NDUFA2",2024,1888,4.02796623753237e-09
"CLDN4",2024,1889,4.01523393816304e-09
"UPP1",2024,1890,4.01089094550754e-09
"RP1-193H18.2",2024,1891,4.01059730781018e-09
"UBC",2024,1892,4.01029155707125e-09
"RRBP1",2024,1893,4.01018713622391e-09
"SLC22A18",2024,1894,4.0071046169721e-09
"IFT172",2024,1895,3.99581067665589e-09
"SLC25A37",2024,1896,3.99366826997159e-09
"POLR2L",2024,1897,3.9882113043656e-09
"ERBB3",2024,1898,3.98667587286021e-09
"PON2",2024,1899,3.96410919371878e-09
"C4orf48",2024,1900,3.9633585115181e-09
"ACTN1",2024,1901,3.96106012361019e-09
"BRD2",2024,1902,3.95990611703039e-09
"GPA33",2024,1903,3.95685056830809e-09
"CDC42EP1",2024,1904,3.93098626476503e-09
"SLC25A1",2024,1905,3.92930421194839e-09
"C11orf58",2024,1906,3.92456292640194e-09
"RAB27A",2024,1907,3.92434069648544e-09
"MYC",2024,1908,3.92067227216862e-09
"IQGAP1",2024,1909,3.90373711576194e-09
"POLR2K",2024,1910,3.89601709921733e-09
"SVIP",2024,1911,3.89569836319499e-09
"DHCR7",2024,1912,3.88753964892915e-09
"TNIP1",2024,1913,3.88144045773257e-09
"HIF1A",2024,1914,3.8755934008123e-09
"ACSL5",2024,1915,3.87431940809456e-09
"TXNL1",2024,1916,3.87184947533891e-09
"IBTK",2024,1917,3.86828794639202e-09
"YWHAZ",2024,1918,3.86236668810615e-09
"SON",2024,1919,3.86206460993514e-09
"LPP",2024,1920,3.84256165546988e-09
"RAP1GAP",2024,1921,3.831116701487e-09
"PXMP2",2024,1922,3.7994109620442e-09
"RBM25",2024,1923,3.78357650785692e-09
"BRI3",2024,1924,3.7818984476083e-09
"PPIG",2024,1925,3.77636869314012e-09
"GNAQ",2024,1926,3.77462177625612e-09
"VPS4B",2024,1927,3.7662288331819e-09
"CLMN",2024,1928,3.76567602556057e-09
"VWA1",2024,1929,3.75358598927617e-09
"CA7",2024,1930,3.74069635576868e-09
"MYH9",2024,1931,3.74028313599161e-09
"CDK1",2024,1932,3.73897774491259e-09
"DDT",2024,1933,3.73551993484593e-09
"OIP5-AS1",2024,1934,3.72774651851101e-09
"YWHAH",2024,1935,3.72670181495827e-09
"TMBIM6",2024,1936,3.72586508896266e-09
"TOB1",2024,1937,3.72524692882472e-09
"CCNG1",2024,1938,3.72236254195549e-09
"DAZAP1",2024,1939,3.72107285683781e-09
"TLE1",2024,1940,3.70836518651582e-09
"FGGY",2024,1941,3.68480250639945e-09
"CNOT7",2024,1942,3.67084949844672e-09
"NDUFB2",2024,1943,3.66777694694930e-09
"ATP5I",2024,1944,3.66738117695248e-09
"THRAP3",2024,1945,3.65346722070289e-09
"MINOS1",2024,1946,3.63854806359348e-09
"MAP2K2",2024,1947,3.61427446913707e-09
"STXBP6",2024,1948,3.61078270990898e-09
"ROMO1",2024,1949,3.60985477772043e-09
"ZDHHC12",2024,1950,3.59644200432303e-09
"C8orf59",2024,1951,3.59637238264458e-09
"TSPAN13",2024,1952,3.57809798175611e-09
"SERF2",2024,1953,3.54627777332286e-09
"APP",2024,1954,3.53382698110531e-09
"HEPACAM2",2024,1955,3.51847075539574e-09
"RWDD1",2024,1956,3.51258361785611e-09
"PSENEN",2024,1957,3.50545434193154e-09
"NR2F6",2024,1958,3.49858573905416e-09
"MISP",2024,1959,3.49698689824769e-09
"CKLF",2024,1960,3.49684761168884e-09
"PHLDA1",2024,1961,3.48938457432996e-09
"MKI67",2024,1962,3.48197789081264e-09
"PFDN4",2024,1963,3.47300932709804e-09
"ATP2A2",2024,1964,3.46663440118068e-09
"RALA",2024,1965,3.45095290562992e-09
"ATP2B1",2024,1966,3.43864102046987e-09
"MRPS18B",2024,1967,3.43054288439750e-09
"S100A6",2024,1968,3.39947751583174e-09
"HMGB3",2024,1969,3.38840022981658e-09
"LBR",2024,1970,3.37791382958982e-09
"CREB3L4",2024,1971,3.36347971799438e-09
"SMC1A",2024,1972,3.35889161439667e-09
"PLA2G10",2024,1973,3.34464439911549e-09
"ELAVL1",2024,1974,3.31746872313145e-09
"ERGIC3",2024,1975,3.31382922815181e-09
"SULT1A1",2024,1976,3.30417124257817e-09
"GTF2A2",2024,1977,3.29232631408684e-09
"XRN2",2024,1978,3.29201105979607e-09
"RHOC",2024,1979,3.28602118968299e-09
"MORF4L1",2024,1980,3.28168592580235e-09
"FUOM",2024,1981,3.2761356066488e-09
"COPB2",2024,1982,3.27062969623338e-09
"TOP2A",2024,1983,3.26794440834721e-09
"COX8A",2024,1984,3.25365017939868e-09
"HNRNPH2",2024,1985,3.24842754925545e-09
"GAS6",2024,1986,3.23505914954485e-09
"TESC",2024,1987,3.20845770900719e-09
"LGALS3BP",2024,1988,3.20502498967668e-09
"ATP1A1",2024,1989,3.19942624925264e-09
"RCC2",2024,1990,3.19757563250282e-09
"STARD7",2024,1991,3.19117590605054e-09
"KIF9",2024,1992,3.17290792204113e-09
"PTBP1",2024,1993,3.1672670688374e-09
"HKDC1",2024,1994,3.15501325445792e-09
"KIF22",2024,1995,3.14940928053008e-09
"CDH17",2024,1996,3.14829244856054e-09
"UBE2D2",2024,1997,3.14805423153576e-09
"TUBA1A",2024,1998,3.13465049911432e-09
"SLC35D1",2024,1999,3.13456649898052e-09
"ATP6V0E1",2024,2000,3.13080536888048e-09
"ISCU",2024,2001,3.10204443847392e-09
"ST6GALNAC6",2024,2002,3.09169411605434e-09
"SIRT6",2024,2003,3.08973780362815e-09
"RABL6",2024,2004,3.08437139078213e-09
"HIGD1A",2024,2005,3.07330801239493e-09
"SAE1",2024,2006,3.07002494547723e-09
"SMC3",2024,2007,3.06102285312648e-09
"LRPPRC",2024,2008,3.00539392423151e-09
"ANXA13",2024,2009,3.00298123599576e-09
"BRD7",2024,2010,3.00191587469378e-09
"CHD4",2024,2011,2.99683755910132e-09
"RAB13",2024,2012,2.99565000345686e-09
"CAMTA1",2024,2013,2.99185662070323e-09
"SDHA",2024,2014,2.97033961275504e-09
"QSOX1",2024,2015,2.96994173162404e-09
"RPP25L",2024,2016,2.95929265885349e-09
"GSKIP",2024,2017,2.94888112713833e-09
"PPP1R14D",2024,2018,2.92868260774031e-09
"GNAS",2024,2019,2.92815942980184e-09
"TGIF1",2024,2020,2.92243272915113e-09
"THYN1",2024,2021,2.91968270797768e-09
"COA1",2024,2022,2.91768706935393e-09
"PRR11",2024,2023,2.91137938234959e-09
"CYCS",2024,2024,2.89800016579623e-09
"ZNF90",2024,2025,2.8905291987015e-09
"NDUFA13",2024,2026,2.88333718172827e-09
"TM9SF3",2024,2027,2.8783787000084e-09
"DNAJB1",2024,2028,2.87834205764092e-09
"BTG3",2024,2029,2.87612495486526e-09
"UHRF1",2024,2030,2.86144194333082e-09
"TNRC6B",2024,2031,2.85266272475594e-09
"PSMB8",2024,2032,2.85083521937587e-09
"TSEN34",2024,2033,2.84380640418286e-09
"HLA-DMB",2024,2034,2.84253220747828e-09
"ATXN10",2024,2035,2.8368001397554e-09
"SRCAP",2024,2036,2.8324744856802e-09
"KIF20B",2024,2037,2.83123993208242e-09
"PRAP1",2024,2038,2.82142019085838e-09
"CTD-2090I13.1",2024,2039,2.81652433110363e-09
"TP53I3",2024,2040,2.81467733201699e-09
"POLD4",2024,2041,2.80008395399771e-09
"PRSS22",2024,2042,2.79857114562342e-09
"PDCD2",2024,2043,2.79835976701898e-09
"L1TD1",2024,2044,2.78934445096075e-09
"CCDC64B",2024,2045,2.78481060886541e-09
"CA1",2024,2046,2.78069394015418e-09
"THOC3",2024,2047,2.7768643414505e-09
"SRRM2",2024,2048,2.77637032298558e-09
"TMEM45B",2024,2049,2.77114035098338e-09
"COX7A2",2024,2050,2.76556732835397e-09
"LMNB2",2024,2051,2.76319476193167e-09
"BSPRY",2024,2052,2.7616934774163e-09
"BRI3BP",2024,2053,2.76116007225093e-09
"DHCR24",2024,2054,2.76069345438149e-09
"OST4",2024,2055,2.75906788568367e-09
"GPR160",2024,2056,2.73955701242209e-09
"CORO2A",2024,2057,2.73493104077818e-09
"CENPE",2024,2058,2.73390737555541e-09
"WNK2",2024,2059,2.7298651813774e-09
"SLC38A2",2024,2060,2.72977791375703e-09
"ALAS1",2024,2061,2.71578474367687e-09
"C1orf210",2024,2062,2.71030667974518e-09
"SORD",2024,2063,2.70449936097888e-09
"NEU4",2024,2064,2.69598680687696e-09
"TFF3",2024,2065,2.68662031831766e-09
"AXDND1",2024,2066,2.68525870243635e-09
"OSTF1",2024,2067,2.67773752610114e-09
"C1QB",2024,2068,2.67769339177077e-09
"GOT2",2024,2069,2.67140718060305e-09
"IDI1",2024,2070,2.66428164253217e-09
"TPMT",2024,2071,2.66246724870712e-09
"NSMCE1",2024,2072,2.65794100992356e-09
"IL2RG",2024,2073,2.65665811571855e-09
"RAD51AP1",2024,2074,2.65085447095701e-09
"PPARG",2024,2075,2.65002471522418e-09
"NUDT21",2024,2076,2.64811249862103e-09
"EHBP1L1",2024,2077,2.64716081548373e-09
"MID1IP1",2024,2078,2.63567427665856e-09
"FOXM1",2024,2079,2.63012273765499e-09
"GNA11",2024,2080,2.6282844328194e-09
"MIR4435-1HG",2024,2081,2.62755339591894e-09
"OXA1L",2024,2082,2.61900891063261e-09
"MAL2",2024,2083,2.61408272002816e-09
"CSRP2",2024,2084,2.60977852252543e-09
"PDCD10",2024,2085,2.60217915035074e-09
"SAA2",2024,2086,2.59898575912548e-09
"ELOVL6",2024,2087,2.59887178908264e-09
"VIL1",2024,2088,2.59507818983243e-09
"EFNB2",2024,2089,2.59466556199683e-09
"ENTPD5",2024,2090,2.59331473277459e-09
"ECT2",2024,2091,2.59251701908529e-09
"TSPAN3",2024,2092,2.58977360328166e-09
"FDX1",2024,2093,2.58705035248274e-09
"ZG16B",2024,2094,2.58424298850472e-09
"DOK4",2024,2095,2.58174074720395e-09
"C11orf73",2024,2096,2.57993433776379e-09
"UQCR10",2024,2097,2.57414158459854e-09
"CHI3L1",2024,2098,2.57252182333303e-09
"SUB1",2024,2099,2.5667158296476e-09
"SMIM14",2024,2100,2.56622588679677e-09
"SLC9A3R1",2024,2101,2.56581147488587e-09
"DHRS4",2024,2102,2.54855723181612e-09
"TMPRSS4",2024,2103,2.54752822720697e-09
"CAP1",2024,2104,2.54688008192643e-09
"EID1",2024,2105,2.54568734593408e-09
"SERINC2",2024,2106,2.54548411975867e-09
"GGT6",2024,2107,2.5436301217749e-09
"ARL4A",2024,2108,2.54073858225241e-09
"CRIP1",2024,2109,2.53197750672265e-09
"EMD",2024,2110,2.5310135074225e-09
"SERPINB1",2024,2111,2.52791833063169e-09
"IFITM1",2024,2112,2.52774711215944e-09
"GSPT1",2024,2113,2.5265654455068e-09
"ABHD14B",2024,2114,2.52409472530413e-09
"WASL",2024,2115,2.52155324838154e-09
"RP11-835E18.5",2024,2116,2.52124755917269e-09
"FDCSP",2024,2117,2.51970174043413e-09
"COX6B1",2024,2118,2.51710587673533e-09
"A2M",2024,2119,2.51699137896871e-09
"CREB3",2024,2120,2.51333093249022e-09
"HIST1H4C",2024,2121,2.51264776687142e-09
"ATP1B3",2024,2122,2.50735153017819e-09
"CAPN2",2024,2123,2.50156227373062e-09
"PLCB4",2024,2124,2.49695281473944e-09
"BHLHE41",2024,2125,2.48984990320891e-09
"C1QA",2024,2126,2.48981847538675e-09
"ATP6V1D",2024,2127,2.48437437666502e-09
"POLDIP2",2024,2128,2.47880814638879e-09
"ANKRD42",2024,2129,2.47358167929458e-09
"KRAS",2024,2130,2.46805344209842e-09
"ARL16",2024,2131,2.46673681972227e-09
"COMMD3",2024,2132,2.46522557669826e-09
"ERBB2IP",2024,2133,2.46079249311697e-09
"PRC1",2024,2134,2.46049344287222e-09
"EPS8L3",2024,2135,2.45925981686411e-09
"COPG1",2024,2136,2.45796483432791e-09
"CLCN3",2024,2137,2.45678857579612e-09
"MYO5B",2024,2138,2.44604531046288e-09
"RP11-14N7.2",2024,2139,2.44487075857942e-09
"EIF3J",2024,2140,2.4412704453821e-09
"ZNHIT3",2024,2141,2.43986949631224e-09
"PSMD11",2024,2142,2.43932468553344e-09
"SLC35A3",2024,2143,2.43314067823568e-09
"VDAC1",2024,2144,2.42328847782923e-09
"IGFBP4",2024,2145,2.42321462196583e-09
"SLC25A24",2024,2146,2.42080562569106e-09
"ADIRF",2024,2147,2.42000809221384e-09
"KIF13B",2024,2148,2.41875435832533e-09
"CTSZ",2024,2149,2.4184629742241e-09
"ARHGAP11A",2024,2150,2.41651999338449e-09
"TIMM10",2024,2151,2.41458345535688e-09
"HMGCR",2024,2152,2.4106895236012e-09
"CCNI",2024,2153,2.41055663089973e-09
"CASP1",2024,2154,2.40449137353984e-09
"SGSM3",2024,2155,2.40212905064782e-09
"FCGBP",2024,2156,2.40036355078153e-09
"SKA2",2024,2157,2.39867412270203e-09
"RAB18",2024,2158,2.3938260296272e-09
"PLAU",2024,2159,2.39094738171705e-09
"PRELID2",2024,2160,2.390350801314e-09
"NCF4",2024,2161,2.39007190620961e-09
"ARF1",2024,2162,2.38070147144159e-09
"CANX",2024,2163,2.37701216328685e-09
"FERMT1",2024,2164,2.37684857447684e-09
"GADD45A",2024,2165,2.37218518150275e-09
"APOBR",2024,2166,2.36507225799059e-09
"QPRT",2024,2167,2.35707576669284e-09
"LGR4",2024,2168,2.35643363973952e-09
"VAPA",2024,2169,2.35463363381238e-09
"DDRGK1",2024,2170,2.35081605222869e-09
"ARID1A",2024,2171,2.34991175649743e-09
"IFI6",2024,2172,2.34907844505444e-09
"SDCBP",2024,2173,2.34895256830941e-09
"NAA38",2024,2174,2.34718749006984e-09
"CHCHD1",2024,2175,2.34611419152168e-09
"JAG1",2024,2176,2.34461851191697e-09
"PLA2G16",2024,2177,2.34400251278904e-09
"TP53",2024,2178,2.33852615118476e-09
"SULT2B1",2024,2179,2.33018601143753e-09
"RAB10",2024,2180,2.32806791493897e-09
"CDC42",2024,2181,2.3278453762851e-09
"SLC44A1",2024,2182,2.32481596628881e-09
"TPX2",2024,2183,2.32440721253596e-09
"HSPB1",2024,2184,2.32384994202532e-09
"ITM2C",2024,2185,2.3194027716869e-09
"PBK",2024,2186,2.30793445351888e-09
"TMEM139",2024,2187,2.30497409916654e-09
"IFIT2",2024,2188,2.30449139018795e-09
"SPTSSA",2024,2189,2.30222183333882e-09
"SLC44A4",2024,2190,2.2973792330288e-09
"PPP1R35",2024,2191,2.28094718068647e-09
"HNF4A",2024,2192,2.28000575933407e-09
"PIF1",2024,2193,2.27769437112548e-09
"FAM129B",2024,2194,2.2755531669731e-09
"ANPEP",2024,2195,2.27439143137479e-09
"MYB",2024,2196,2.2675580057573e-09
"ATP8B1",2024,2197,2.26711364007424e-09
"POLE4",2024,2198,2.26648622689803e-09
"AKAP1",2024,2199,2.26420880313111e-09
"C2orf82",2024,2200,2.26316455530375e-09
"TMOD3",2024,2201,2.26209161387261e-09
"RACGAP1",2024,2202,2.25748454523798e-09
"NUDT14",2024,2203,2.25431381680615e-09
"UQCRC2",2024,2204,2.25322558062015e-09
"SERPINE2",2024,2205,2.24148615915731e-09
"MAP1LC3B2",2024,2206,2.23781087645119e-09
"COX7B",2024,2207,2.23514835160415e-09
"SMAP1",2024,2208,2.23033270853651e-09
"KRCC1",2024,2209,2.22967977051925e-09
"POLR2J",2024,2210,2.22762494005401e-09
"SCP2",2024,2211,2.22496325066976e-09
"ARL6IP5",2024,2212,2.22470071688289e-09
"IGBP1",2024,2213,2.22266431799001e-09
"AKR1C2",2024,2214,2.21397639263858e-09
"CCNA2",2024,2215,2.20800912302291e-09
"SNX17",2024,2216,2.2035091564153e-09
"GANAB",2024,2217,2.20260061429628e-09
"PRR15",2024,2218,2.2014669129922e-09
"RP1-3J17.3",2024,2219,2.1992429256799e-09
"RARRES2",2024,2220,2.19839246062842e-09
"FIBP",2024,2221,2.19757957070998e-09
"NEDD4L",2024,2222,2.19708121831338e-09
"MRPS6",2024,2223,2.19669407339847e-09
"ATP6V1E1",2024,2224,2.18324228045054e-09
"ANXA5",2024,2225,2.18319833889003e-09
"ZBTB8OS",2024,2226,2.17289000524461e-09
"ARL6IP1",2024,2227,2.1724896828571e-09
"CX3CL1",2024,2228,2.17197158220887e-09
"RND3",2024,2229,2.17173954897714e-09
"TTC19",2024,2230,2.17143941875147e-09
"CCL3",2024,2231,2.16540873857896e-09
"LIX1L",2024,2232,2.16132323092503e-09
"CMBL",2024,2233,2.1608259308269e-09
"SDHC",2024,2234,2.16060032452362e-09
"C21orf33",2024,2235,2.15547751039116e-09
"TMBIM4",2024,2236,2.15024200819717e-09
"PTMS",2024,2237,2.1470242804177e-09
"SHISA5",2024,2238,2.14101944355338e-09
"C14orf1",2024,2239,2.13970268979866e-09
"RTN4",2024,2240,2.13740771915403e-09
"SOD3",2024,2241,2.13638862113163e-09
"GALNT5",2024,2242,2.12774517195384e-09
"RAB5B",2024,2243,2.12258734242066e-09
"CLDN8",2024,2244,2.12106258770855e-09
"MLLT4",2024,2245,2.11957354572535e-09
"CEACAM3",2024,2246,2.11314377102191e-09
"ABRACL",2024,2247,2.11129480649553e-09
"SMS",2024,2248,2.10431231672095e-09
"KLF5",2024,2249,2.10375485621232e-09
"F3",2024,2250,2.10249516140646e-09
"GTF2I",2024,2251,2.09936510718265e-09
"METTL9",2024,2252,2.09189875771615e-09
"TBCB",2024,2253,2.08938815530433e-09
"CTD-2047H16.2",2024,2254,2.08543743243654e-09
"ANP32E",2024,2255,2.08474084765602e-09
"S100A4",2024,2256,2.08180008834281e-09
"MTRNR2L8",2024,2257,2.08044939070929e-09
"ADAMDEC1",2024,2258,2.0717216068853e-09
"TMEM59",2024,2259,2.0700115525621e-09
"RAP1A",2024,2260,2.06340030772414e-09
"SUMO1",2024,2261,2.06203982267735e-09
"ZCRB1",2024,2262,2.06038278851802e-09
"COX17",2024,2263,2.05687586250211e-09
"DAP3",2024,2264,2.05608909427493e-09
"DYNC1I2",2024,2265,2.05459516708023e-09
"BST2",2024,2266,2.05222082637057e-09
"DNAJC8",2024,2267,2.05143393428017e-09
"PIGZ",2024,2268,2.04253054216723e-09
"SI",2024,2269,2.03622343835939e-09
"GPAA1",2024,2270,2.03303702378621e-09
"CTSA",2024,2271,2.03183214619529e-09
"EFNA1",2024,2272,2.02791279213166e-09
"BCAP29",2024,2273,2.02217335505896e-09
"BID",2024,2274,2.02128000478939e-09
"RP11-81H14.2",2024,2275,2.0182302572984e-09
"OARD1",2024,2276,2.01757940634201e-09
"SGOL1",2024,2277,2.01756071902989e-09
"FAM46A",2024,2278,2.01231059231347e-09
"DPY30",2024,2279,2.0096546076298e-09
"CDC42SE1",2024,2280,2.00873027116006e-09
"PAWR",2024,2281,2.00589464554994e-09
"UGT2B17",2024,2282,2.00376214795155e-09
"HSPA1B",2024,2283,2.00205764216363e-09
"MZT1",2024,2284,1.9988033675276e-09
"CAPN1",2024,2285,1.99827322771544e-09
"CTBP1",2024,2286,1.99518533773008e-09
"ENPP2",2024,2287,1.98974686251153e-09
"TNFRSF25",2024,2288,1.98878857535333e-09
"HYOU1",2024,2289,1.98840094867769e-09
"C12orf36",2024,2290,1.98614562076486e-09
"ARGLU1",2024,2291,1.98227541795282e-09
"BTN3A2",2024,2292,1.98170292234521e-09
"UBE2V2",2024,2293,1.9798376416045e-09
"ACOT13",2024,2294,1.97480176424279e-09
"CD99",2024,2295,1.97251005948377e-09
"CD47",2024,2296,1.9722901547151e-09
"CTGF",2024,2297,1.9713841095884e-09
"EIF2AK1",2024,2298,1.97093978836996e-09
"SAPCD2",2024,2299,1.96718937303683e-09
"RAB7A",2024,2300,1.95848899624286e-09
"IGKV3-20",2024,2301,1.95322284363562e-09
"PRRC2C",2024,2302,1.94381950674809e-09
"PLEKHB1",2024,2303,1.94185540625909e-09
"PAIP1",2024,2304,1.94004958835322e-09
"QPCT",2024,2305,1.94001749938635e-09
"CMTM6",2024,2306,1.93691281375866e-09
"SBF2",2024,2307,1.93446708659737e-09
"APLP2",2024,2308,1.93416067351572e-09
"ANKRD37",2024,2309,1.9313462556797e-09
"FOSL1",2024,2310,1.93043179807217e-09
"USP22",2024,2311,1.92559352307513e-09
"FOXP1",2024,2312,1.91849232522444e-09
"TMEM256",2024,2313,1.91811633792108e-09
"RAB4A",2024,2314,1.91803114976729e-09
"SHISA2",2024,2315,1.91655771080578e-09
"CNOT1",2024,2316,1.91568815571339e-09
"CLINT1",2024,2317,1.91413526304174e-09
"CKAP4",2024,2318,1.91332338601607e-09
"ELF3",2024,2319,1.91261431448513e-09
"NTRK2",2024,2320,1.90737235666709e-09
"EIF2S3",2024,2321,1.90657242746762e-09
"FAM3C",2024,2322,1.90387431790659e-09
"TMEM66",2024,2323,1.89562290608894e-09
"HSPH1",2024,2324,1.88803357682678e-09
"ST3GAL1",2024,2325,1.88042600341793e-09
"DMBT1",2024,2326,1.878925479601e-09
"MXRA5",2024,2327,1.87498936081495e-09
"GSTK1",2024,2328,1.86216474291821e-09
"C9orf89",2024,2329,1.8614087666506e-09
"MAF1",2024,2330,1.85931367928066e-09
"RN7SL368P",2024,2331,1.85888027899092e-09
"IER2",2024,2332,1.85535426108534e-09
"LINC00969",2024,2333,1.85527130198377e-09
"CTSB",2024,2334,1.85021383362975e-09
"VSIG1",2024,2335,1.84942038556237e-09
"ATP2A3",2024,2336,1.84745381333808e-09
"PIN4",2024,2337,1.84584220755132e-09
"C8orf4",2024,2338,1.84290005346297e-09
"SDC2",2024,2339,1.84029644207223e-09
"IST1",2024,2340,1.83787318891971e-09
"MTRNR2L10",2024,2341,1.83315870912318e-09
"AHCYL1",2024,2342,1.83109109277286e-09
"TTC3",2024,2343,1.8295089623595e-09
"MTRNR2L11",2024,2344,1.82699993614009e-09
"PET100",2024,2345,1.82643294298993e-09
"TFG",2024,2346,1.82281757881402e-09
"SHFM1",2024,2347,1.82100412084605e-09
"GABRP",2024,2348,1.81746806304437e-09
"NDUFB1",2024,2349,1.81523805429855e-09
"MIA",2024,2350,1.80923223891092e-09
"DYNC1LI2",2024,2351,1.80879577977392e-09
"UBE2J1",2024,2352,1.80580114294292e-09
"EREG",2024,2353,1.80460582395406e-09
"JUNB",2024,2354,1.80392266511302e-09
"C12orf75",2024,2355,1.80335927534877e-09
"CDV3",2024,2356,1.80316600457278e-09
"C4orf3",2024,2357,1.80166020555377e-09
"MTRNR2L4",2024,2358,1.80077077430543e-09
"UBE2B",2024,2359,1.79955337439487e-09
"LMO4",2024,2360,1.79637103423899e-09
"TFRC",2024,2361,1.79385664254441e-09
"TWF1",2024,2362,1.79178434815678e-09
"HOXB9",2024,2363,1.78904684697885e-09
"PSAP",2024,2364,1.78857708837578e-09
"USMG5",2024,2365,1.78857213341118e-09
"GNB1",2024,2366,1.78100456066019e-09
"KIAA2013",2024,2367,1.77516545020196e-09
"GMFB",2024,2368,1.77374416309618e-09
"CDC25B",2024,2369,1.7736961009779e-09
"CEBPD",2024,2370,1.76991843206843e-09
"FAM120A",2024,2371,1.76829131196917e-09
"GCLM",2024,2372,1.76821453868625e-09
"DDIT4",2024,2373,1.76541407983964e-09
"AKAP9",2024,2374,1.76393407615329e-09
"HLA-C",2024,2375,1.7629225950745e-09
"GALK1",2024,2376,1.76239256680191e-09
"TMC6",2024,2377,1.7596487982065e-09
"LAIR2",2024,2378,1.75657359394295e-09
"SOD1",2024,2379,1.75425483709672e-09
"TPR",2024,2380,1.7529760124223e-09
"MS4A1",2024,2381,1.75144621727056e-09
"MKRN1",2024,2382,1.75120261335601e-09
"RP6-109B7.3",2024,2383,1.75033665957122e-09
"RP11-295G20.2",2024,2384,1.7502230438964e-09
"RP1-17K7.2",2024,2385,1.75019909956723e-09
"FAM177A1",2024,2386,1.74118726932974e-09
"LAPTM4A",2024,2387,1.74074678204631e-09
"GALNT1",2024,2388,1.73114141686744e-09
"RALBP1",2024,2389,1.73035260221413e-09
"CALM3",2024,2390,1.72867774804878e-09
"MARCKS",2024,2391,1.72230125621872e-09
"PSMB10",2024,2392,1.72201365447397e-09
"IDO1",2024,2393,1.72143062185668e-09
"DAZAP2",2024,2394,1.72066886571032e-09
"CMPK1",2024,2395,1.71498791554879e-09
"PHF19",2024,2396,1.71488873669751e-09
"PKIG",2024,2397,1.7088008727925e-09
"NDUFA5",2024,2398,1.70876413206184e-09
"IFITM3",2024,2399,1.70830164753859e-09
"SLTM",2024,2400,1.70593109482717e-09
"TGOLN2",2024,2401,1.70100395387046e-09
"AP3S1",2024,2402,1.70052372024102e-09
"PDLIM1",2024,2403,1.70046114623726e-09
"CCNDBP1",2024,2404,1.69896115104878e-09
"KPNA2",2024,2405,1.697497925676e-09
"CAV1",2024,2406,1.69188426047198e-09
"BASP1",2024,2407,1.68836964224165e-09
"BCLAF1",2024,2408,1.68515693599839e-09
"PTP4A2",2024,2409,1.68087208064435e-09
"CARHSP1",2024,2410,1.67269687608603e-09
"ALYREF",2024,2411,1.67140078056647e-09
"CASC4",2024,2412,1.66996809812321e-09
"IL1B",2024,2413,1.66893602418322e-09
"ANO9",2024,2414,1.66875062446754e-09
"SNX6",2024,2415,1.66754940243469e-09
"SOX8",2024,2416,1.66632503915952e-09
"CCL15",2024,2417,1.66564655069945e-09
"NDUFB5",2024,2418,1.66561626399781e-09
"MT1F",2024,2419,1.66462019143764e-09
"TMED2",2024,2420,1.66217927412166e-09
"EIF2A",2024,2421,1.65526565567429e-09
"CCNB2",2024,2422,1.63932371749876e-09
"SREK1IP1",2024,2423,1.63917122711983e-09
"PSMA6",2024,2424,1.63748197765199e-09
"ACBD3",2024,2425,1.63614215425674e-09
"IARS2",2024,2426,1.63016025163822e-09
"RP5-940J5.9",2024,2427,1.62574389738327e-09
"LEPROTL1",2024,2428,1.62488338572271e-09
"PCBP1",2024,2429,1.62315951686504e-09
"MYO1B",2024,2430,1.61791581380046e-09
"KCTD12",2024,2431,1.61445241974985e-09
"SERTAD1",2024,2432,1.61075588615248e-09
"RHOA",2024,2433,1.60877096176278e-09
"GABARAPL2",2024,2434,1.60869999355315e-09
"FAM84A",2024,2435,1.60827919419506e-09
"MOGAT2",2024,2436,1.60276413793669e-09
"KCNE2",2024,2437,1.60134826868223e-09
"STAG2",2024,2438,1.59293903172517e-09
"MMP7",2024,2439,1.58710525688688e-09
"SLC37A1",2024,2440,1.58597452040457e-09
"TMEM165",2024,2441,1.58497450893079e-09
"CSDE1",2024,2442,1.58390095651243e-09
"RNF130",2024,2443,1.57937219627887e-09
"ARMC10",2024,2444,1.57891821257168e-09
"DPEP1",2024,2445,1.57400400186899e-09
"MT2A",2024,2446,1.57156885470668e-09
"SMIM19",2024,2447,1.57068833391645e-09
"SATB2",2024,2448,1.56750278435219e-09
"RP11-46H11.3",2024,2449,1.56432384890058e-09
"COPB1",2024,2450,1.55650472307944e-09
"SYNPO2",2024,2451,1.55171428111002e-09
"GPX2",2024,2452,1.54424035464604e-09
"UBBP4",2024,2453,1.54382404002098e-09
"DDAH2",2024,2454,1.54255511596743e-09
"GNG5",2024,2455,1.52924656426972e-09
"TRBC2",2024,2456,1.52896339927655e-09
"UBE2D3",2024,2457,1.52844243026657e-09
"SMIM4",2024,2458,1.52514411741409e-09
"TMEM219",2024,2459,1.51915486526342e-09
"C1orf56",2024,2460,1.4941765030416e-09
"ALOX5",2024,2461,1.47725301888178e-09
"DRGX",2024,2462,1.47468665868072e-09
"FAM114A1",2024,2463,1.46033676696341e-09
"LINC00152",2024,2464,1.45910967809774e-09
"N4BP2L2",2024,2465,1.45714133797985e-09
"KIAA1522",2024,2466,1.45252107246568e-09
"GNLY",2024,2467,1.45001400626834e-09
"CCL11",2024,2468,1.44927806987019e-09
"UQCR11",2024,2469,1.44818506841102e-09
"RAB14",2024,2470,1.44593381714775e-09
"CS",2024,2471,1.44576996894001e-09
"MTUS1",2024,2472,1.4207695691738e-09
"TRAPPC6A",2024,2473,1.41410687089927e-09
"TSTD1",2024,2474,1.41348355502129e-09
"RBP1",2024,2475,1.41135230985886e-09
"IL23A",2024,2476,1.40610281415267e-09
"ACN9",2024,2477,1.40036033145577e-09
"CTC-425F1.4",2024,2478,1.39590684174205e-09
"AK8",2024,2479,1.39314801333664e-09
"MRPL33",2024,2480,1.39262557085877e-09
"UBE2C",2024,2481,1.38975698017117e-09
"AK3",2024,2482,1.37597506669388e-09
"TCF25",2024,2483,1.37216589445466e-09
"IGFBP5",2024,2484,1.35963285137498e-09
"C7orf55",2024,2485,1.35888725136039e-09
"PKMYT1",2024,2486,1.35447614889232e-09
"FAM111B",2024,2487,1.34650345272999e-09
"GPM6A",2024,2488,1.34520552740972e-09
"S100A8",2024,2489,1.34298429026638e-09
"FBP1",2024,2490,1.34240364924934e-09
"APH1A",2024,2491,1.33361509450574e-09
"S100A7",2024,2492,1.33354516885376e-09
"SERP1",2024,2493,1.32004322298694e-09
"C2orf54",2024,2494,1.3178211722114e-09
"C14orf2",2024,2495,1.31309404417439e-09
"CD7",2024,2496,1.30795644876106e-09
"UQCRQ",2024,2497,1.30642006220716e-09
"ATOX1",2024,2498,1.30527039509011e-09
"RPA2",2024,2499,1.29919215333786e-09
"PDCD4",2024,2500,1.29450358707915e-09
"PROX1",2024,2501,1.28626781627815e-09
"ADI1",2024,2502,1.27846635106206e-09
"RP11-283G6.4",2024,2503,1.26305834372761e-09
"NDUFC1",2024,2504,1.25377954775473e-09
"PTGDS",2024,2505,1.25159585515003e-09
"SPON1",2024,2506,1.23459574754459e-09
"CELF1",2024,2507,1.23347420631576e-09
"ANXA7",2024,2508,1.22997693463762e-09
"ECSIT",2024,2509,1.22698405532926e-09
"RHEB",2024,2510,1.21874955227069e-09
"TSPAN15",2024,2511,1.21283059925513e-09
"HS3ST1",2024,2512,1.20663732620129e-09
"IDH3A",2024,2513,1.19720775123277e-09
"HADH",2024,2514,1.19565857106262e-09
"C1orf43",2024,2515,1.18670532425043e-09
"ACTR10",2024,2516,1.17402747887086e-09
"EMP2",2024,2517,1.17377906695072e-09
"NDUFV2",2024,2518,1.16524462396483e-09
"CLUH",2024,2519,1.1597696573093e-09
"PRSS21",2024,2520,1.15340993569628e-09
"COX6C",2024,2521,1.15190896894092e-09
"LAMTOR2",2024,2522,1.14657911639543e-09
"PTRH1",2024,2523,1.14608308413662e-09
"SNX7",2024,2524,1.14480478694879e-09
"ARRDC1",2024,2525,1.14254280764475e-09
"DENR",2024,2526,1.1419569206326e-09
"VPS35",2024,2527,1.1406236742785e-09
"FLAD1",2024,2528,1.14020937294753e-09
"TSG101",2024,2529,1.13435034503179e-09
"NDRG2",2024,2530,1.1315604665994e-09
"ICT1",2024,2531,1.1313640847887e-09
"YTHDF2",2024,2532,1.1252011458935e-09
"SLC2A6",2024,2533,1.12108474968336e-09
"NUDT16L1",2024,2534,1.09943076279797e-09
"MMP10",2024,2535,1.09576304354853e-09
"ILK",2024,2536,1.09499500807033e-09
"SPIB",2024,2537,1.08969533633402e-09
"DARS",2024,2538,1.08526425157996e-09
"MGMT",2024,2539,1.07334984919341e-09
"PRPF38B",2024,2540,1.06558579562765e-09
"CAPRIN1",2024,2541,1.06336999474575e-09
"CMC2",2024,2542,1.06331273831453e-09
"PNN",2024,2543,1.05853918366835e-09
"SEC62",2024,2544,1.05523845783514e-09
"KDELR1",2024,2545,1.04469723962658e-09
"FRG1",2024,2546,1.04346930250492e-09
"NAA50",2024,2547,1.04282526873727e-09
"CCND1",2024,2548,1.04240130640587e-09
"PTAFR",2024,2549,1.04158996775884e-09
"SMARCA4",2024,2550,1.04028708872937e-09
"SPG21",2024,2551,1.03846504055791e-09
"C7orf73",2024,2552,1.03819773616611e-09
"SNRNP200",2024,2553,1.03401980154068e-09
"HDLBP",2024,2554,1.02370309920074e-09
"YIF1B",2024,2555,1.01018425590967e-09
"U2SURP",2024,2556,1.00387988847901e-09
"SCD",2024,2557,9.8878823791768e-10
"MAT2A",2024,2558,9.84423735291147e-10
"ENDOG",2024,2559,9.77009048083178e-10
"FOXA2",2024,2560,9.73790238902314e-10
"FCGRT",2024,2561,9.73501676635089e-10
"FUCA2",2024,2562,9.64612787192983e-10
"IER3IP1",2024,2563,9.60438688239906e-10
"SEPT2",2024,2564,9.46887241230578e-10
"SMIM20",2024,2565,9.46605681754417e-10
"EMC3",2024,2566,9.39613234312747e-10
"FUNDC2",2024,2567,9.35690941198497e-10
"GSTO2",2024,2568,9.35608219193224e-10
"SELM",2024,2569,9.2359818815471e-10
"HSPB11",2024,2570,9.20961518786919e-10
"OS9",2024,2571,9.17381851812052e-10
"TMEM98",2024,2572,9.15612306814727e-10
"EIF4H",2024,2573,9.13348560898217e-10
"PTPMT1",2024,2574,9.12644298888648e-10
"IRAK1",2024,2575,9.04998818723145e-10
"SPCS3",2024,2576,9.0290708023502e-10
"COPS5",2024,2577,9.00668603597682e-10
"PTTG1",2024,2578,8.96996475202291e-10
"ASNA1",2024,2579,8.72992054329854e-10
"KIF1C",2024,2580,8.71553419510076e-10
"ANAPC5",2024,2581,8.63434863312132e-10
"MPG",2024,2582,8.63197457455813e-10
"NAPA",2024,2583,8.61575212823442e-10
"TCEA3",2024,2584,8.60083087582129e-10
"RSBN1L",2024,2585,8.56282099620747e-10
"MRPS5",2024,2586,8.47120815139313e-10
"LRRC26",2024,2587,8.4701958045183e-10
"DNAJA1",2024,2588,8.44223102477781e-10
"HMGCS1",2024,2589,8.42139327432411e-10
"TMEM167A",2024,2590,8.4095362803243e-10
"TSR3",2024,2591,8.40009134249648e-10
"NME3",2024,2592,8.37569298021256e-10
"TMEM126B",2024,2593,8.3136397847051e-10
"MRPS10",2024,2594,8.21852630529501e-10
"OCIAD1",2024,2595,8.19298856117689e-10
"CRNDE",2024,2596,8.10544038575895e-10
"INSIG1",2024,2597,8.09248823138141e-10
"SMAGP",2024,2598,8.08021520065467e-10
"SNF8",2024,2599,8.02741284073795e-10
"XPO1",2024,2600,8.00253170524885e-10
"PSME1",2024,2601,7.98458391840165e-10
"ICAM3",2024,2602,7.94169493301396e-10
"CTSC",2024,2603,7.90415108079172e-10
"NPDC1",2024,2604,7.85836629184455e-10
"PFKL",2024,2605,7.81265028998217e-10
"TCEAL8",2024,2606,7.7287358863449e-10
"GJB1",2024,2607,7.66707067135378e-10
"SNX3",2024,2608,7.66655996112498e-10
"MRPL42",2024,2609,7.65349996987707e-10
"MALSU1",2024,2610,7.62518860897666e-10
"CDK5RAP3",2024,2611,7.6216479191838e-10
"DHX15",2024,2612,7.59170860601639e-10
"DNAJC1",2024,2613,7.55300643707449e-10
"COX14",2024,2614,7.48530199436075e-10
"AP1M2",2024,2615,7.47854257798075e-10
"CCAR1",2024,2616,7.475339366299e-10
"MSMO1",2024,2617,7.47176050611316e-10
"GPI",2024,2618,7.42154617658797e-10
"SYPL1",2024,2619,7.4158106133401e-10
"PRPF40A",2024,2620,7.38866629596643e-10
"SIL1",2024,2621,7.38180755408516e-10
"ATP6V1F",2024,2622,7.36335046065539e-10
"PGD",2024,2623,7.35855303786577e-10
"SNORA67",2024,2624,7.33114982253811e-10
"PIGP",2024,2625,7.29547163704855e-10
"SPAG7",2024,2626,7.21835212317823e-10
"NUDT16",2024,2627,7.20818136675511e-10
"BAD",2024,2628,7.20619106734069e-10
"ILVBL",2024,2629,7.17349274652256e-10
"RALY",2024,2630,7.08724006805197e-10
"DEGS2",2024,2631,7.04703657333418e-10
"ALDH7A1",2024,2632,6.96665616939151e-10
"TSPAN1",2024,2633,6.9483827230159e-10
"FAM58A",2024,2634,6.91206214752093e-10
"DCTN3",2024,2635,6.83258077586954e-10
"ECHDC1",2024,2636,6.7671267686036e-10
"HMG20B",2024,2637,6.69737609834979e-10
"RNF126",2024,2638,6.6192445006038e-10
"SSU72",2024,2639,6.58716491597469e-10
"ZFYVE21",2024,2640,6.55272186209469e-10
"HEXB",2024,2641,6.52317169409169e-10
"BCAS2",2024,2642,6.46968154103472e-10
"UBXN1",2024,2643,6.3656316991272e-10
"AKR7A2",2024,2644,6.35671816131386e-10
"PSMD9",2024,2645,6.33196588962915e-10
"CTDNEP1",2024,2646,6.26329438666583e-10
"ADAM15",2024,2647,6.2425887670363e-10
"AP2M1",2024,2648,6.20839128122819e-10
"NSMCE4A",2024,2649,6.18115701076116e-10
"TMEM126A",2024,2650,6.166996813778e-10
"SAMD1",2024,2651,6.15658924658325e-10
"TMEM70",2024,2652,6.09724638702673e-10
"DHPS",2024,2653,6.03407768162415e-10
"MVB12A",2024,2654,6.00521619758132e-10
"SDF4",2024,2655,5.95301144650913e-10
"ADH5",2024,2656,5.72686451526075e-10
"PABPN1",2024,2657,5.71089185958527e-10
"PGM1",2024,2658,5.68383767850857e-10
"TRAPPC3",2024,2659,5.61505562530832e-10
"EMC10",2024,2660,5.56927414196092e-10
"ST6GALNAC1",2024,2661,5.55220662194709e-10
"RBCK1",2024,2662,5.54339766667329e-10
"DNPEP",2024,2663,5.45977148858999e-10
"PRRC1",2024,2664,5.44050419291569e-10
"ANAPC16",2024,2665,5.37411977864001e-10
"DNAJC7",2024,2666,5.33013414968653e-10
"CHTOP",2024,2667,5.2989350007016e-10
"STRAP",2024,2668,5.20045037487438e-10
"CLN3",2024,2669,5.12327947070212e-10
"GOT1",2024,2670,5.07602789317128e-10
"ACAT1",2024,2671,5.03640332879123e-10
"TPM1",2024,2672,5.01293260920867e-10
"NOSIP",2024,2673,4.94617113644958e-10
"C6orf203",2024,2674,4.93580464417204e-10
"VBP1",2024,2675,4.92344935162724e-10
"C9orf152",2024,2676,4.87574465254261e-10
"FKBP1A",2024,2677,4.85619507107886e-10
"SAMM50",2024,2678,4.82257575701697e-10
"LARP1",2024,2679,4.77356749702489e-10
"TMEM54",2024,2680,4.7274308288355e-10
"SURF1",2024,2681,4.62090912289469e-10
"VAMP8",2024,2682,4.56622066895771e-10
"IMMT",2024,2683,4.4631611767802e-10
"TP53I11",2024,2684,4.37920071883752e-10
"FLNB",2024,2685,4.31465018525759e-10
"PTRHD1",2024,2686,3.70263783577973e-10
"AIMP1",2024,2687,3.37278769268689e-10
"BCAS1",2024,2688,3.18043743009981e-10
"CNN3",2024,2689,3.11166586473383e-10
"LINC00483",2024,2690,3.05954489929862e-10
"CD164",2024,2691,2.92963571470093e-10
"AP3D1",2024,2692,2.86578616016612e-10
"EPS8L1",2024,2693,2.8138701080861e-10
"ACTR3",2024,2694,2.80923594711434e-10
"CHMP5",2024,2695,2.69815844640292e-10
"FRMD3",2024,2696,2.61293192477415e-10
"LIMA1",2024,2697,2.56638273099065e-10
"TJP3",2024,2698,2.56106430200971e-10
"ANXA11",2024,2699,2.5280339315802e-10
"CHMP2B",2024,2700,2.42841298872149e-10
"CHPT1",2024,2701,2.26323686403829e-10
"HLA-DRB1",2024,2702,2.17281001701233e-10
"CDKN2B-AS1",2024,2703,2.15975777972246e-10
"CAPN5",2024,2704,2.13281072538571e-10
"MYADM",2024,2705,2.08690051253259e-10
"FAM133B",2024,2706,2.08418797662665e-10
"GNE",2024,2707,1.97994531011604e-10
"H3F3B",2024,2708,1.97910477497694e-10
"TRIM2",2024,2709,1.94444559092975e-10
"TPM4",2024,2710,1.89433764339948e-10
"SOX9",2024,2711,1.8679735857452e-10
"CELF2",2024,2712,1.82753880170309e-10
"HLA-DMA",2024,2713,1.82687511500899e-10
"UBALD2",2024,2714,1.82345797093849e-10
"ACTR2",2024,2715,1.81956559965181e-10
"DNAJB6",2024,2716,1.8115363492747e-10
"SH3YL1",2024,2717,1.81041916944726e-10
"BPTF",2024,2718,1.79843633255276e-10
"LRRFIP1",2024,2719,1.75442348289034e-10
"ZKSCAN1",2024,2720,1.71114984080289e-10
"PXN",2024,2721,1.66242481826188e-10
"B3GALT5",2024,2722,1.63077904300703e-10
"UBL5",2024,2723,1.62500924203107e-10
"CTTN",2024,2724,1.62361314326001e-10
"CIDEC",2024,2725,1.61791553238528e-10
"EIF4G2",2024,2726,1.58588307925235e-10
"C18orf56",2024,2727,1.56405759159695e-10
"CCDC14",2024,2728,1.55758515511091e-10
"BCL2L15",2024,2729,1.53461323795174e-10
"HGD",2024,2730,1.53298681579439e-10
"BLOC1S1",2024,2731,1.47979359748753e-10
"CENPF",2024,2732,1.46905066113545e-10
"UGDH",2024,2733,1.45761072503615e-10
"RNF43",2024,2734,1.42376427683941e-10
"SUDS3",2024,2735,1.31197264345224e-10
"TIPIN",2024,2736,1.29291745306448e-10
"YTHDC1",2024,2737,1.29112564421033e-10
"NDUFA1",2024,2738,1.2810904454886e-10
"SETD5-AS1",2024,2739,1.27329947220239e-10
"UBE2A",2024,2740,1.25910226533646e-10
"IER5",2024,2741,1.24943898481475e-10
"MYEOV",2024,2742,1.22933619319354e-10
"HMMR",2024,2743,1.2089609548635e-10
"RHOD",2024,2744,1.19613822134895e-10
"VASP",2024,2745,1.18105521149325e-10
"KCNE3",2024,2746,1.1678748175735e-10
"TBL1XR1",2024,2747,1.16451765710372e-10
"C2",2024,2748,1.15690019062511e-10
"DNAJC3",2024,2749,1.14510675281303e-10
"ACO1",2024,2750,1.13653731448134e-10
"PLXNB2",2024,2751,1.08435541488532e-10
"ATP6V1G1",2024,2752,1.04004700356327e-10
"CKAP2",2024,2753,1.03800965948979e-10
"H1F0",2024,2754,1.02612418524078e-10
"PCSK7",2024,2755,1.02550997681255e-10
"CLTC",2024,2756,1.01376518279697e-10
"ARF6",2024,2757,1.00871824413781e-10
"WTAP",2024,2758,9.93090879556086e-11
"BACE2",2024,2759,9.71615516483683e-11
"NFIB",2024,2760,9.68641618635434e-11
"C6orf62",2024,2761,9.44648918651487e-11
"SNHG18",2024,2762,9.42563486832894e-11
"C9orf3",2024,2763,9.32301986828947e-11
"NACA2",2024,2764,9.3113176078859e-11
"ACSS2",2024,2765,9.30235213917966e-11
"NDUFA3",2024,2766,9.29737904757091e-11
"BAK1",2024,2767,9.15377519222921e-11
"PYCARD",2024,2768,9.12348785713661e-11
"NPC2",2024,2769,9.06147416024329e-11
"TPM3",2024,2770,8.99537711745627e-11
"GTSE1",2024,2771,8.9920065957404e-11
"IGFBP2",2024,2772,8.79174499986514e-11
"CDHR1",2024,2773,8.74549037143037e-11
"CLIC3",2024,2774,8.6867686774927e-11
"ARF3",2024,2775,8.66092050913475e-11
"PSMB9",2024,2776,8.59908548821373e-11
"HSD17B11",2024,2777,8.5127044818257e-11
"CENPA",2024,2778,8.50602715062496e-11
"ASPM",2024,2779,8.4208111535631e-11
"LLGL2",2024,2780,8.16846680703417e-11
"DNAJC15",2024,2781,8.06632644537727e-11
"HEBP2",2024,2782,8.0374610115483e-11
"TNFRSF11A",2024,2783,7.93130985944476e-11
"RNF7",2024,2784,7.9312462184481e-11
"UBE2L6",2024,2785,7.8402107871761e-11
"GPR56",2024,2786,7.8221386896557e-11
"KMT2E",2024,2787,7.67287218372805e-11
"FADS2",2024,2788,7.60254052983251e-11
"PRUNE2",2024,2789,7.51605441877107e-11
"USH1C",2024,2790,7.46866407560282e-11
"TMED7",2024,2791,7.43249153049004e-11
"WIPI1",2024,2792,7.41240539648911e-11
"LINC00493",2024,2793,7.39139719458491e-11
"HSPA1A",2024,2794,7.27810101000737e-11
"GPSM2",2024,2795,7.27267293320522e-11
"LDHD",2024,2796,7.21371550699766e-11
"PTBP3",2024,2797,7.20743697965906e-11
"C6orf132",2024,2798,7.1977116577505e-11
"GSTM3",2024,2799,7.13160258744947e-11
"GOLPH3",2024,2800,7.09136405325903e-11
"ANLN",2024,2801,7.07835494979293e-11
"NCOR1",2024,2802,7.04840825361786e-11
"CLDN2",2024,2803,7.01466210414782e-11
"FUCA1",2024,2804,6.90743822066259e-11
"PROM1",2024,2805,6.85096320599192e-11
"RNF186",2024,2806,6.83360956976401e-11
"FMOD",2024,2807,6.83318063065807e-11
"COX6A1P2",2024,2808,6.83170064364243e-11
"MFSD2B",2024,2809,6.82596035630309e-11
"CD46",2024,2810,6.80723426496586e-11
"NCKAP1",2024,2811,6.75442185399373e-11
"HTATIP2",2024,2812,6.56036147095322e-11
"LRRFIP2",2024,2813,6.42881782603464e-11
"SRSF6",2024,2814,6.36665293711549e-11
"ADAR",2024,2815,6.28145197985368e-11
"CRK",2024,2816,6.26616369217939e-11
"MRPS36",2024,2817,6.26090119855563e-11
"DLGAP5",2024,2818,6.24258482187418e-11
"SLMO2",2024,2819,6.16793781379113e-11
"TNFRSF14",2024,2820,6.16549716780541e-11
"CEP55",2024,2821,6.05283336646232e-11
"CDCA8",2024,2822,5.97322927219109e-11
"ACSM3",2024,2823,5.9662505053464e-11
"TM7SF3",2024,2824,5.95693840034927e-11
"LINC00657",2024,2825,5.91781440230185e-11
"DDX3X",2024,2826,5.88596257812067e-11
"PANK3",2024,2827,5.7917974073429e-11
"MOB1A",2024,2828,5.73235038348965e-11
"EHF",2024,2829,5.72956165984089e-11
"TUBB2A",2024,2830,5.70832873360158e-11
"AAMDC",2024,2831,5.59415436520611e-11
"GOLGB1",2024,2832,5.56226145044182e-11
"SCAF11",2024,2833,5.53047671344983e-11
"PPP2R5C",2024,2834,5.52089430983931e-11
"FAM213A",2024,2835,5.49743024462975e-11
"MIR4458HG",2024,2836,5.48656730788245e-11
"GSDMD",2024,2837,5.45980471105675e-11
"CKAP5",2024,2838,5.4153987766966e-11
"EIF5A",2024,2839,5.30969617005157e-11
"TP53TG1",2024,2840,5.27057737865792e-11
"KIF11",2024,2841,5.24552098974688e-11
"ALDH2",2024,2842,5.24063884648644e-11
"LYZ",2024,2843,5.19473881434521e-11
"SPTLC2",2024,2844,5.17330999440293e-11
"GDE1",2024,2845,5.14730345985237e-11
"TMEM63A",2024,2846,5.12127398998101e-11
"TMEM92",2024,2847,5.12026574809401e-11
"GALNT7",2024,2848,5.1187348945566e-11
"MMP15",2024,2849,5.07952191259e-11
"MECOM",2024,2850,5.06781295797461e-11
"SYAP1",2024,2851,5.05886038818752e-11
"KLC4",2024,2852,4.97564523769998e-11
"PRKAR1A",2024,2853,4.94488915150167e-11
"LIMK2",2024,2854,4.93128718034533e-11
"CASC5",2024,2855,4.91451465741852e-11
"PRAC2",2024,2856,4.88981029933371e-11
"RSRC2",2024,2857,4.86682874786429e-11
"CRYM",2024,2858,4.79415974798914e-11
"TPD52",2024,2859,4.71479568151483e-11
"DYNLRB1",2024,2860,4.71095176828112e-11
"LGALS9",2024,2861,4.69903947818941e-11
"TM4SF20",2024,2862,4.61428238329421e-11
"ADD3",2024,2863,4.58618448032427e-11
"HADHB",2024,2864,4.58246663633796e-11
"GLUD1",2024,2865,4.5767226659817e-11
"PCGF5",2024,2866,4.5586089200828e-11
"BZW1",2024,2867,4.50718749193938e-11
"UBE2E1",2024,2868,4.4940663712036e-11
"GOLIM4",2024,2869,4.48495205119109e-11
"ID2",2024,2870,4.46856911465105e-11
"DEPDC1",2024,2871,4.4547606358885e-11
"TNFAIP8L1",2024,2872,4.43143225528917e-11
"TMC4",2024,2873,4.40958168983415e-11
"PPP1R11",2024,2874,4.40726993673417e-11
"RP11-108M9.4",2024,2875,4.39588363124937e-11
"ABHD2",2024,2876,4.39567602535321e-11
"AURKA",2024,2877,4.38139680283526e-11
"SAP30",2024,2878,4.35526774523412e-11
"FAM83D",2024,2879,4.33269900275858e-11
"SEC31A",2024,2880,4.3326841274535e-11
"BEST4",2024,2881,4.32974868867958e-11
"LECT1",2024,2882,4.31901546537666e-11
"B3GNT7",2024,2883,4.31853298920974e-11
"MGAT4B",2024,2884,4.30888716022835e-11
"SGOL2",2024,2885,4.30286599046153e-11
"SERINC3",2024,2886,4.26354900007738e-11
"CHCHD7",2024,2887,4.26262464322406e-11
"SYF2",2024,2888,4.24390148720085e-11
"CHMP3",2024,2889,4.23808423117789e-11
"GOLGA4",2024,2890,4.18948123167718e-11
"MTIF3",2024,2891,4.17407171920207e-11
"EPN1",2024,2892,4.15212369444382e-11
"FGD5-AS1",2024,2893,4.14649309644529e-11
"PTS",2024,2894,4.13358586944406e-11
"MMP9",2024,2895,4.11244911045222e-11
"NOXO1",2024,2896,4.10748057731842e-11
"TMEM87A",2024,2897,4.08753983928048e-11
"NEURL1B",2024,2898,4.05595207814225e-11
"FLOT1",2024,2899,4.01730339452746e-11
"PLK1",2024,2900,4.01653200574017e-11
"SAR1B",2024,2901,4.00834705966824e-11
"TDG",2024,2902,3.99750963932356e-11
"MXD3",2024,2903,3.97271390610185e-11
"RRAD",2024,2904,3.92229609953079e-11
"SRSF5",2024,2905,3.90640361732387e-11
"PKP2",2024,2906,3.89199570850128e-11
"TCF12",2024,2907,3.87556722973224e-11
"RARRES1",2024,2908,3.80343794644811e-11
"FAM26F",2024,2909,3.79715681590594e-11
"RNF114",2024,2910,3.76733161826405e-11
"MT1M",2024,2911,3.74873504134422e-11
"KCNQ1OT1",2024,2912,3.73326829691306e-11
"EIF1AY",2024,2913,3.72166857484944e-11
"DAG1",2024,2914,3.69456659966536e-11
"MAP1LC3A",2024,2915,3.69204073805602e-11
"LXN",2024,2916,3.68977149112882e-11
"STT3B",2024,2917,3.67265575477099e-11
"MT1X",2024,2918,3.66108935359755e-11
"MPZL1",2024,2919,3.64577177046232e-11
"SEPHS2",2024,2920,3.63449442942539e-11
"HERPUD1",2024,2921,3.63041353305495e-11
"GALNT3",2024,2922,3.613465111011e-11
"HMGCS2",2024,2923,3.61078461166358e-11
"PRKACB",2024,2924,3.57700577906481e-11
"MYO1D",2024,2925,3.55179950445508e-11
"FAM200B",2024,2926,3.4786463018636e-11
"COPA",2024,2927,3.46618741393455e-11
"NEK2",2024,2928,3.46533747061796e-11
"SEPT9",2024,2929,3.42775141036684e-11
"RTN3",2024,2930,3.38269268510944e-11
"EFCAB4A",2024,2931,3.380610022872e-11
"KIF23",2024,2932,3.36736337180368e-11
"UAP1",2024,2933,3.35751165507909e-11
"NFE2L2",2024,2934,3.35571074319191e-11
"ZBTB7A",2024,2935,3.33473002057708e-11
"SCNN1B",2024,2936,3.33291011867515e-11
"SPTAN1",2024,2937,3.32392678664732e-11
"DECR1",2024,2938,3.29689986719731e-11
"PNISR",2024,2939,3.21036079619293e-11
"WASF2",2024,2940,3.17926883921595e-11
"MAOA",2024,2941,3.17172177419113e-11
"POLR3GL",2024,2942,3.13517685888387e-11
"DCAF7",2024,2943,3.11807054197565e-11
"DHRS3",2024,2944,3.11606526364458e-11
"GNG5P2",2024,2945,3.0790722382719e-11
"COL16A1",2024,2946,3.05405490419885e-11
"CITED2",2024,2947,3.03326725457796e-11
"DDR1",2024,2948,3.00102197279384e-11
"SUCLG2",2024,2949,2.98531130748988e-11
"DYNC1H1",2024,2950,2.98417807332535e-11
"PRKAR2A",2024,2951,2.97787144397184e-11
"TMEM9B",2024,2952,2.96473401883098e-11
"NUF2",2024,2953,2.94354908849588e-11
"LINC00668",2024,2954,2.93572240754425e-11
"PCSK1",2024,2955,2.92359713622527e-11
"COMMD1",2024,2956,2.92091963498312e-11
"ZNF664",2024,2957,2.91856994933233e-11
"IFT20",2024,2958,2.90251169416093e-11
"ERLEC1",2024,2959,2.88752093389508e-11
"GADD45B",2024,2960,2.83148220252404e-11
"PDXDC1",2024,2961,2.80507793075844e-11
"RHOV",2024,2962,2.79306620283764e-11
"KLK10",2024,2963,2.74521378920306e-11
"KRT13",2024,2964,2.73683700082379e-11
"C12orf54",2024,2965,2.73202428219084e-11
"SERPINA1",2024,2966,2.72948392889182e-11
"PRKCG",2024,2967,2.70676721815135e-11
"ATP5EP2",2024,2968,2.70262989707564e-11
"RAB32",2024,2969,2.6981615588802e-11
"SEPT11",2024,2970,2.68729214975262e-11
"CYB5R3",2024,2971,2.68189367012068e-11
"LGMN",2024,2972,2.67932770844963e-11
"TMSB4Y",2024,2973,2.6209851343342e-11
"HLA-DQB2",2024,2974,2.617938512395e-11
"SCG5",2024,2975,2.61538105913467e-11
"HYPK",2024,2976,2.607959792273e-11
"UBE2M",2024,2977,2.60337335211787e-11
"SSBP3",2024,2978,2.58926798787757e-11
"CFTR",2024,2979,2.58811622984942e-11
"TSPAN6",2024,2980,2.58700193688607e-11
"MMADHC",2024,2981,2.58412708106792e-11
"MTPN",2024,2982,2.5777808154726e-11
"NOX1",2024,2983,2.56136315833122e-11
"AC009501.4",2024,2984,2.55839209327934e-11
"HADHA",2024,2985,2.5393986252237e-11
"BMP7",2024,2986,2.52933664169373e-11
"C1orf21",2024,2987,2.52220530689787e-11
"CDX2",2024,2988,2.51298897761071e-11
"LARP7",2024,2989,2.50787091503836e-11
"UFM1",2024,2990,2.48887164012e-11
"ABCG2",2024,2991,2.46676040543209e-11
"HAPLN1",2024,2992,2.4505207053002e-11
"IFI27L2",2024,2993,2.42302156304926e-11
"GJB3",2024,2994,2.42014726503725e-11
"UBE2K",2024,2995,2.3994940960939e-11
"RSU1",2024,2996,2.38620350744238e-11
"C22orf39",2024,2997,2.37367130070117e-11
"C19orf77",2024,2998,2.35781232213603e-11
"MPZL2",2024,2999,2.3393892093074e-11
"PLBD1",2024,3000,2.32409630856917e-11
"YIPF4",2024,3001,2.30671543660716e-11
"ATAD2",2024,3002,2.28552505448818e-11
"BUB1",2024,3003,2.26894247891436e-11
"CDC20",2024,3004,2.25046909934674e-11
"MUC5B",2024,3005,2.24863041486345e-11
"TMEM173",2024,3006,2.23219207745794e-11
"FAM177B",2024,3007,2.19373396790563e-11
"CFP",2024,3008,2.18931156920415e-11
"CAT",2024,3009,2.1614475834761e-11
"CES3",2024,3010,2.15466545750278e-11
"NXPE4",2024,3011,2.12655100683115e-11
"LINC00998",2024,3012,2.12461601496986e-11
"GIPC2",2024,3013,2.10638454453359e-11
"IVNS1ABP",2024,3014,2.07005685021262e-11
"THOC2",2024,3015,2.06896844876817e-11
"ACO2",2024,3016,2.03453106216021e-11
"SPNS2",2024,3017,2.03007364274711e-11
"CCDC109B",2024,3018,2.02101120094946e-11
"TROAP",2024,3019,1.99364534392975e-11
"RP11-1143G9.4",2024,3020,1.9523298073446e-11
"TRAM1",2024,3021,1.95175669096876e-11
"TMEM183A",2024,3022,1.94790962328031e-11
"G3BP2",2024,3023,1.94726165350338e-11
"PF4",2024,3024,1.92782241063668e-11
"PPP1R16A",2024,3025,1.92082951265517e-11
"CD97",2024,3026,1.91536915540951e-11
"TRIP6",2024,3027,1.90602820057773e-11
"PGRMC1",2024,3028,1.90432197451074e-11
"NARS",2024,3029,1.90413872515967e-11
"NMI",2024,3030,1.90199995131149e-11
"ATP5L2",2024,3031,1.90038465735452e-11
"C1GALT1C1",2024,3032,1.89613232194605e-11
"MOB4",2024,3033,1.89408479083861e-11
"PTGS1",2024,3034,1.89263606516119e-11
"HLA-DQA2",2024,3035,1.87842891189898e-11
"LAMP1",2024,3036,1.87013567512299e-11
"S100A2",2024,3037,1.86740044273953e-11
"AZGP1",2024,3038,1.85632371390266e-11
"TRA2A",2024,3039,1.85255623856055e-11
"HNRNPH1",2024,3040,1.8502997930904e-11
"LDLR",2024,3041,1.84018184315921e-11
"OIP5",2024,3042,1.83126952285791e-11
"CYB5B",2024,3043,1.82781332642172e-11
"IL7R",2024,3044,1.81952682320237e-11
"YIPF3",2024,3045,1.81466673848601e-11
"ARCN1",2024,3046,1.80730875791081e-11
"HJURP",2024,3047,1.80534353748373e-11
"RP11-161M6.2",2024,3048,1.79552710286544e-11
"FAM50A",2024,3049,1.79366166127998e-11
"TARDBP",2024,3050,1.7786349509849e-11
"MYO1C",2024,3051,1.77431430523171e-11
"CCL5",2024,3052,1.77365227269348e-11
"CDC26",2024,3053,1.77224326911296e-11
"SUPT4H1",2024,3054,1.75963432520335e-11
"KNSTRN",2024,3055,1.74994695003224e-11
"NDUFV3",2024,3056,1.74834817552935e-11
"BIK",2024,3057,1.7401619471059e-11
"CMTM4",2024,3058,1.73866082205384e-11
"MELK",2024,3059,1.72247436337339e-11
"POMC",2024,3060,1.72165898874302e-11
"TUBB2B",2024,3061,1.72092986393966e-11
"TTK",2024,3062,1.71763296961088e-11
"NCLN",2024,3063,1.71504371141621e-11
"TOMM5",2024,3064,1.71300697459049e-11
"AP000350.4",2024,3065,1.70697139296361e-11
"NR1H4",2024,3066,1.7023175314558e-11
"PLCB3",2024,3067,1.69652690485243e-11
"FBXW5",2024,3068,1.69589016316593e-11
"VPS36",2024,3069,1.69436120825e-11
"AP2B1",2024,3070,1.68368194360052e-11
"RAD23B",2024,3071,1.67714168493891e-11
"ALDOB",2024,3072,1.67421096245288e-11
"MBD2",2024,3073,1.67384870801631e-11
"CPNE3",2024,3074,1.66811050704888e-11
"CCNB1",2024,3075,1.64809861918891e-11
"DDB1",2024,3076,1.63260545306398e-11
"CCDC47",2024,3077,1.62339676049658e-11
"LACTB2",2024,3078,1.61482758421125e-11
"PDLIM4",2024,3079,1.61239466090683e-11
"WARS",2024,3080,1.61199234837637e-11
"AIM1",2024,3081,1.61148087822839e-11
"VTI1B",2024,3082,1.60176561883777e-11
"MTRNR2L12",2024,3083,1.58981632089773e-11
"PTGR1",2024,3084,1.58359806436216e-11
"SDHD",2024,3085,1.57823573908824e-11
"LUC7L3",2024,3086,1.57009728140284e-11
"PIGT",2024,3087,1.56386440508372e-11
"CSF2RB",2024,3088,1.5549380788491e-11
"PON3",2024,3089,1.55234617208349e-11
"GDF15",2024,3090,1.54839371790275e-11
"ABLIM1",2024,3091,1.5466548015267e-11
"GTF2H5",2024,3092,1.54210364791678e-11
"TGFBI",2024,3093,1.5403952936569e-11
"PCNP",2024,3094,1.53962747810015e-11
"KIF5B",2024,3095,1.53197376069647e-11
"DDIT3",2024,3096,1.52999568745082e-11
"SCOC",2024,3097,1.52915764447186e-11
"CRABP2",2024,3098,1.52880520936315e-11
"SPC25",2024,3099,1.52127857397241e-11
"TFPI",2024,3100,1.51354147584689e-11
"PCSK9",2024,3101,1.51273772731935e-11
"RAMP2",2024,3102,1.51098143956117e-11
"FAM64A",2024,3103,1.50992042219538e-11
"OAT",2024,3104,1.50961591594e-11
"KXD1",2024,3105,1.49886493479415e-11
"PVRL3",2024,3106,1.49700957001541e-11
"ZDHHC3",2024,3107,1.49044886471819e-11
"PGRMC2",2024,3108,1.48512378793707e-11
"ARSD",2024,3109,1.47107390817119e-11
"PALLD",2024,3110,1.46587762443885e-11
"SELT",2024,3111,1.46326318678224e-11
"IDH1",2024,3112,1.45856576198407e-11
"PSMG2",2024,3113,1.43354337473014e-11
"CNDP2",2024,3114,1.43343070589175e-11
"TMEM259",2024,3115,1.43118771440458e-11
"TAF7",2024,3116,1.42169989666189e-11
"SPINK4",2024,3117,1.41926971547736e-11
"RAB1B",2024,3118,1.41876762018498e-11
"SLC38A1",2024,3119,1.4185848507756e-11
"TACC3",2024,3120,1.41755349807797e-11
"PGLS",2024,3121,1.4134270459083e-11
"TAOK3",2024,3122,1.4084410002124e-11
"CBR3",2024,3123,1.4034539089256e-11
"EFCAB14",2024,3124,1.40215905702919e-11
"SREBF1",2024,3125,1.39825230164835e-11
"GGNBP2",2024,3126,1.38343054419785e-11
"CASP6",2024,3127,1.38172681221892e-11
"PSMF1",2024,3128,1.37470623966792e-11
"PAIP2",2024,3129,1.37388473334705e-11
"DAP",2024,3130,1.3737824300019e-11
"FAM45A",2024,3131,1.37341370716209e-11
"MFSD10",2024,3132,1.37208421157733e-11
"ARC",2024,3133,1.36698634347941e-11
"MRPL50",2024,3134,1.36099683453842e-11
"ICAM2",2024,3135,1.3495591940065e-11
"TUSC2",2024,3136,1.34301795401842e-11
"DLD",2024,3137,1.33688227807002e-11
"RP11-622K12.1",2024,3138,1.33500777352027e-11
"GZMA",2024,3139,1.33253728890932e-11
"RHBDL2",2024,3140,1.33242532426651e-11
"FASTK",2024,3141,1.32782660317259e-11
"SLC7A11",2024,3142,1.32619267066526e-11
"SUGT1",2024,3143,1.31861564503719e-11
"HNMT",2024,3144,1.3180636430467e-11
"PTGS2",2024,3145,1.31787062982258e-11
"FADS1",2024,3146,1.31773957829329e-11
"TRIM47",2024,3147,1.28061208702366e-11
"BABAM1",2024,3148,1.27923498214261e-11
"RAMP1",2024,3149,1.26425498711736e-11
"DYNLL2",2024,3150,1.2641126577818e-11
"TMEM248",2024,3151,1.25514587434075e-11
"PRSS1",2024,3152,1.24729034056926e-11
"IGFBP3",2024,3153,1.24289570303217e-11
"CSTF3",2024,3154,1.23714553981018e-11
"MT1A",2024,3155,1.23179580453268e-11
"UBD",2024,3156,1.23081204026103e-11
"AGTRAP",2024,3157,1.22779002069508e-11
"RTCB",2024,3158,1.22397939257563e-11
"DNM2",2024,3159,1.22325630084071e-11
"IFT43",2024,3160,1.21184010332964e-11
"PIGF",2024,3161,1.21006875561298e-11
"CLCA1",2024,3162,1.20756161566912e-11
"DENND2A",2024,3163,1.20556176633179e-11
"PSMC6",2024,3164,1.20351894564406e-11
"SMIM15",2024,3165,1.19574271852042e-11
"RGS2",2024,3166,1.19569208618219e-11
"ZNF207",2024,3167,1.19121223182519e-11
"HRSP12",2024,3168,1.17997191780878e-11
"MXD4",2024,3169,1.17605764778075e-11
"ACSL3",2024,3170,1.14457669689954e-11
"TMEM14A",2024,3171,1.1371828104293e-11
"SLITRK4",2024,3172,1.12738025682361e-11
"NTPCR",2024,3173,1.12684383923811e-11
"CFI",2024,3174,1.11874600883456e-11
"NIPSNAP3A",2024,3175,1.11692872390006e-11
"MT1G",2024,3176,1.11459179894014e-11
"EPB41L2",2024,3177,1.11342478121675e-11
"PTPN18",2024,3178,1.11016653628767e-11
"SMIM7",2024,3179,1.11004482214037e-11
"MFAP4",2024,3180,1.10331773133431e-11
"LYPLA1",2024,3181,1.0893002729866e-11
"GALNT12",2024,3182,1.08899432400505e-11
"LSM1",2024,3183,1.08635422531302e-11
"TSPYL1",2024,3184,1.07728564262194e-11
"LINC00116",2024,3185,1.06061782335443e-11
"AFG3L2",2024,3186,1.05859125905448e-11
"CNIH1",2024,3187,1.05696119164853e-11
"SEC63",2024,3188,1.04660235491877e-11
"AQP8",2024,3189,1.0393286892401e-11
"LGALS2",2024,3190,1.03080755099256e-11
"MMP3",2024,3191,1.03065223382744e-11
"HIBCH",2024,3192,1.03012102815048e-11
"LMBR1",2024,3193,1.02982501737724e-11
"KIFC1",2024,3194,1.02273733152446e-11
"LAMP2",2024,3195,1.007580113554e-11
"MSLN",2024,3196,1.00589657767639e-11
"SDC1",2024,3197,1.00314989741313e-11
"PRKCSH",2024,3198,1.00144407363733e-11
"CCL23",2024,3199,9.89222125056241e-12
"FBLN5",2024,3200,9.78185012412933e-12
"SAR1A",2024,3201,9.78111272488512e-12
"ATP2C2",2024,3202,9.76580521058e-12
"CCDC25",2024,3203,9.75926541795314e-12
"PPP2CA",2024,3204,9.47813246541523e-12
"CORO1A",2024,3205,9.47151316774754e-12
"ANKRD36C",2024,3206,9.43277961334978e-12
"ACADS",2024,3207,9.32869275471691e-12
"ITLN1",2024,3208,9.32725497546986e-12
"SEPT7",2024,3209,9.30946523352901e-12
"EML4",2024,3210,9.30205333961718e-12
"LAP3",2024,3211,9.27306008363915e-12
"UGT2A3",2024,3212,9.1931313059389e-12
"GSTM4",2024,3213,9.09768636437107e-12
"PRADC1",2024,3214,9.09535749647374e-12
"RASD1",2024,3215,9.06628646462263e-12
"ASPH",2024,3216,8.86493985890019e-12
"NUCB1",2024,3217,8.80871326368302e-12
"PEF1",2024,3218,8.80772443839651e-12
"GAK",2024,3219,8.78976038553286e-12
"EMC9",2024,3220,8.66975809166682e-12
"GOPC",2024,3221,8.65622859430141e-12
"HILPDA",2024,3222,8.63362710958814e-12
"HOXB7",2024,3223,8.59954760696127e-12
"RP1-241P17.4",2024,3224,8.59369812838113e-12
"DERL1",2024,3225,8.56996034386659e-12
"TJP2",2024,3226,8.51413816803542e-12
"FIBCD1",2024,3227,8.46184686668347e-12
"ITM2A",2024,3228,8.42625699538642e-12
"TMEM33",2024,3229,8.41567802089739e-12
"GSTA1",2024,3230,8.35466196463074e-12
"SRD5A3",2024,3231,8.33644014256641e-12
"RETNLB",2024,3232,8.30684986992844e-12
"DDAH1",2024,3233,8.25889647513781e-12
"HLA-G",2024,3234,8.2475367202683e-12
"NPB",2024,3235,8.21338157590287e-12
"FKBP8",2024,3236,8.18036730515092e-12
"EPHX2",2024,3237,8.17315404347308e-12
"SPR",2024,3238,8.16171550977366e-12
"CLPTM1L",2024,3239,8.0270895079765e-12
"TPGS1",2024,3240,7.99343083588893e-12
"PRPF8",2024,3241,7.92804420516446e-12
"CETN2",2024,3242,7.91190440000658e-12
"AURKB",2024,3243,7.7468326649429e-12
"HOOK2",2024,3244,7.64996065724086e-12
"MATN2",2024,3245,7.59074437356515e-12
"EAPP",2024,3246,7.57052676055882e-12
"COL11A2",2024,3247,7.55584485843909e-12
"MSI2",2024,3248,7.5255209803639e-12
"PCK1",2024,3249,7.52054407191807e-12
"COQ2",2024,3250,7.48760931591662e-12
"TCN1",2024,3251,7.47506743561353e-12
"CMIP",2024,3252,7.46234705601889e-12
"ESRP1",2024,3253,7.43474281995996e-12
"HPCAL1",2024,3254,7.35707490319743e-12
"DDX24",2024,3255,7.2843362875463e-12
"NPSR1",2024,3256,7.24205344185931e-12
"PPP1R12B",2024,3257,7.22936193103236e-12
"ATP6AP2",2024,3258,7.1897664628625e-12
"UBE2N",2024,3259,7.16472332945823e-12
"THAP4",2024,3260,7.16229306610406e-12
"RP11-532F12.5",2024,3261,7.04189441298628e-12
"ECI2",2024,3262,6.99416485653477e-12
"DDX1",2024,3263,6.92107150620324e-12
"RARS",2024,3264,6.91782984356987e-12
"CALCOCO2",2024,3265,6.88601261597876e-12
"PSRC1",2024,3266,6.85671551121801e-12
"TAP2",2024,3267,6.78818272195993e-12
"ALDH3A1",2024,3268,6.78476276505806e-12
"RAB8A",2024,3269,6.72053186387634e-12
"ETNK1",2024,3270,6.68005646940495e-12
"SIGIRR",2024,3271,6.67689968812459e-12
"IHH",2024,3272,6.60817669561257e-12
"CHGA",2024,3273,6.51037373833985e-12
"ADH1B",2024,3274,6.46894063184962e-12
"MPLKIP",2024,3275,6.43570930776718e-12
"ESRRA",2024,3276,6.11938877339705e-12
"LINC00261",2024,3277,6.08949474527059e-12
"MAGED1",2024,3278,6.00732296690032e-12
"ZFAND6",2024,3279,5.99998374796424e-12
"PTOV1",2024,3280,5.94451099600179e-12
"MSRB1",2024,3281,5.80321337925572e-12
"IP6K2",2024,3282,5.76282391127379e-12
"MRPL35",2024,3283,5.70344427017282e-12
"TNNC1",2024,3284,5.60712285670391e-12
"ARHGAP4",2024,3285,5.59387792974233e-12
"ERBB2",2024,3286,5.59036759929962e-12
"HSBP1L1",2024,3287,5.56873245376985e-12
"CXCL17",2024,3288,5.55319630624025e-12
"COQ9",2024,3289,5.48081490985631e-12
"HMGCL",2024,3290,5.2837335612996e-12
"TNFRSF12A",2024,3291,5.27369958619929e-12
"TM4SF4",2024,3292,5.27368835348658e-12
"CDH3",2024,3293,5.23768190382246e-12
"NDUFA7",2024,3294,5.19639940348691e-12
"NFU1",2024,3295,5.17577369554465e-12
"TTC1",2024,3296,5.14094749403068e-12
"SERPINB7",2024,3297,5.07915833555831e-12
"ATP6AP1",2024,3298,4.99960518735986e-12
"S100B",2024,3299,4.98662500630044e-12
"HES4",2024,3300,4.91593037793109e-12
"BNIP3",2024,3301,4.71501091670823e-12
"NDC80",2024,3302,4.59571183509238e-12
"GORASP2",2024,3303,4.57087075889435e-12
"RNA28S5",2024,3304,4.51885479942747e-12
"NBPF10",2024,3305,4.49718106759082e-12
"RP11-599B13.3",2024,3306,4.49344393959824e-12
"B3GNT6",2024,3307,4.43621193083149e-12
"MBOAT1",2024,3308,4.39877535986333e-12
"LINC00937",2024,3309,4.37736400924272e-12
"MT1H",2024,3310,4.37639884573872e-12
"DNTTIP1",2024,3311,4.33247846794054e-12
"PMPCB",2024,3312,4.3298751636765e-12
"OTOP2",2024,3313,4.31280333534111e-12
"IFIT1",2024,3314,4.28941818164343e-12
"CDCA3",2024,3315,4.22774085046382e-12
"PCSK1N",2024,3316,4.2187810945907e-12
"MT1HL1",2024,3317,4.06625750091146e-12
"KIF19",2024,3318,4.05885273816233e-12
"CHGB",2024,3319,3.9103879938997e-12
"C4orf27",2024,3320,3.89780438242309e-12
"GNAI3",2024,3321,3.81160911619007e-12
"TPH1",2024,3322,3.7991872475891e-12
"EIF4E",2024,3323,3.74328993548088e-12
"CCDC53",2024,3324,3.74279395124632e-12
"GBP5",2024,3325,3.70580368537948e-12
"FOLR1",2024,3326,3.63978782839775e-12
"CEBPB",2024,3327,3.63940663609403e-12
"SMARCD2",2024,3328,3.63502153314378e-12
"KLK12",2024,3329,3.62773836905123e-12
"TNFRSF11B",2024,3330,3.59603349832897e-12
"IAH1",2024,3331,3.49190668661219e-12
"LPP-AS2",2024,3332,3.475245092156e-12
"REV1",2024,3333,3.42177428036755e-12
"GJA1",2024,3334,3.35389167519275e-12
"TPPP3",2024,3335,3.32452053842622e-12
"GPX3",2024,3336,3.3175804187987e-12
"NUP188",2024,3337,3.25875552210413e-12
"CTNNBIP1",2024,3338,3.21482055391898e-12
"ECHDC2",2024,3339,3.18221862585382e-12
"PCCB",2024,3340,3.15247918587651e-12
"TIMMDC1",2024,3341,3.13477376736426e-12
"NKG7",2024,3342,3.11510925731869e-12
"PITX2",2024,3343,3.10723152621429e-12
"PTTG2",2024,3344,3.08286457636082e-12
"GLOD4",2024,3345,3.07172908925053e-12
"PEG10",2024,3346,3.06448129216385e-12
"MT1B",2024,3347,3.05751274513387e-12
"NCCRP1",2024,3348,3.01552681495937e-12
"CHURC1",2024,3349,3.01431071117395e-12
"URAD",2024,3350,3.00995879781032e-12
"EIF5AL1",2024,3351,2.99391760762517e-12
"KCNJ3",2024,3352,2.97358020607595e-12
"LENG8",2024,3353,2.95656981445037e-12
"C4BPA",2024,3354,2.90774397013108e-12
"TIFA",2024,3355,2.89743984282228e-12
"HOXB8",2024,3356,2.86138260560707e-12
"NMU",2024,3357,2.83838327007897e-12
"PDIA2",2024,3358,2.83732844794588e-12
"CDKN2D",2024,3359,2.72777834588026e-12
"TACC1",2024,3360,2.69216430332069e-12
"PDLIM7",2024,3361,2.65036476600385e-12
"COMMD7",2024,3362,2.64288551322176e-12
"TMEM50B",2024,3363,2.64062258813899e-12
"COA5",2024,3364,2.61849144341064e-12
"SLX1A",2024,3365,2.61848711510316e-12
"CXCL9",2024,3366,2.61656302051504e-12
"KYNU",2024,3367,2.53613921966902e-12
"CLDN15",2024,3368,2.49445485955895e-12
"KLK6",2024,3369,2.39802460491162e-12
"RDH11",2024,3370,2.3732295086151e-12
"CWC15",2024,3371,2.35216759650949e-12
"HNRNPUL2",2024,3372,2.29744331839213e-12
"AC092580.4",2024,3373,2.27802264207019e-12
"IFITM2",2024,3374,2.25604183717488e-12
"SAA4",2024,3375,2.23181582348042e-12
"GABARAP",2024,3376,2.11572300445868e-12
"MTRNR2L1",2024,3377,2.04809349268233e-12
"GZMB",2024,3378,2.00930508578337e-12
"BOLA2B",2024,3379,1.96653749675402e-12
"ZNF302",2024,3380,1.96094933542116e-12
"GALM",2024,3381,1.9449386187231e-12
"FAM211A",2024,3382,1.83931405436031e-12
"ZFAND2A",2024,3383,1.7948993866257e-12
"BEST1",2024,3384,1.69647614103149e-12
"CLDN18",2024,3385,1.59922813221238e-12
"CXCL5",2024,3386,1.54850006469414e-12
"RNA5SP151",2024,3387,1.53848213794962e-12
"NPTX2",2024,3388,1.48816575797163e-12
"FAIM2",2024,3389,1.39830767627892e-12
"CLDN10",2024,3390,1.3935576737222e-12
"SAT2",2024,3391,1.38479152868049e-12
"ATXN8OS",2024,3392,1.3718255288436e-12
"SCCPDH",2024,3393,1.34255835811267e-12
"DCTN2",2024,3394,1.2877451547453e-12
"TMED4",2024,3395,1.21266539032372e-12
"SF3B1",2024,3396,1.20840955661823e-12
"ALDH1A1",2024,3397,1.09729798753324e-12
"RAB11B",2024,3398,1.03727122229992e-12
"CXCL11",2024,3399,9.37942120530249e-13
"FABP6",2024,3400,9.20240678954308e-13
"SEMA7A",2024,3401,7.14981443747962e-13
"HSD17B4",2024,3402,7.04777209962259e-13
"RNF5",2024,3403,6.49979992908099e-13
"DUSP27",2024,3404,6.29173798321501e-13
"ASAH1",2024,3405,6.03836931586936e-13
"FRZB",2024,3406,5.88209229604275e-13
"SEL1L3",2024,3407,5.72968920211107e-13
"HSPA2",2024,3408,5.52017602455685e-13
"BCAS4",2024,3409,5.49046880006291e-13
"ARHGDIB",2024,3410,5.42558960300359e-13
"MYOM1",2024,3411,4.98190216009724e-13
"RN7SK",2024,3412,4.94939527298718e-13
"GP2",2024,3413,4.22013991324753e-13
"KRT6B",2024,3414,3.83727175173315e-13
"HSPA6",2024,3415,3.80218834201798e-13
"CCL13",2024,3416,3.79630491275835e-13
"BRSK1",2024,3417,3.68823327761497e-13
"DDC",2024,3418,3.59766972296421e-13
"CYP26B1",2024,3419,3.02906390872367e-13
"CLU",2024,3420,2.98540658116739e-13
"REEP4",2024,3421,2.6144145085454e-13
"ERGIC1",2024,3422,2.49132106405492e-13
"WDR72",2024,3423,1.90698191584403e-13
"PYY",2024,3424,1.72883644423968e-13
"FZD9",2024,3425,1.69425844093918e-13
"CTD-2626G11.2",2024,3426,1.59858200164711e-13
"RP11-338I21.1",2024,3427,1.48703832582415e-13
"GSTZ1",2024,3428,3.86547264323127e-14
"AUNIP",2024,3429,3.55476955996706e-14
"GRSF1",2024,3430,2.7056044778364e-14
"NMT1",2024,3431,1.33588332968413e-14
"WBP5",2024,3432,7.64083506409893e-15
"MPHOSPH8",2024,3433,1.39669831926755e-15
"SERPINB3",2024,3434,1.09583884132072e-16
"REG1B",2024,3435,1.03615243089095e-16
"DEFA5",2024,3436,9.91712844521287e-17
"BEX1",2024,3437,9.70392069901535e-17
"CTD-2319I12.1",2024,3438,9.63318550655669e-17
"SCGN",2024,3439,9.00637756366229e-17
"CPS1",2024,3440,8.74060891089818e-17
"COL2A1",2024,3441,7.99609621106083e-17
"REG1A",2024,3442,7.52059585268069e-17
"BLVRA",2024,3443,5.78694699543651e-17
"ISCA2",2024,3444,5.38503347986597e-17
"CXCL10",2024,3445,5.19633650096537e-17
"LINC00176",2024,3446,4.59453991901122e-17
"RMRP",2024,3447,4.47454748036315e-17
"AQP5",2024,3448,4.21896869067572e-17
"H3F3C",2024,3449,4.08395268954687e-17
"ITLN2",2024,3450,4.04016366528713e-17
"DLL1",2024,3451,3.98341215277896e-17
"CRYBA2",2024,3452,3.90263779004772e-17
"TACSTD2",2024,3453,3.6857300474411e-17
"IK",2024,3454,3.66669236825223e-17
"REG3A",2024,3455,3.59298116170471e-17
"CALU",2024,3456,3.4459942450465e-17
"NOTCH2NL",2024,3457,3.11743179787917e-17
"EDARADD",2024,3458,3.10947223689427e-17
"SLC4A8",2024,3459,3.07339183193823e-17
"PGC",2024,3460,3.07119031607551e-17
"PCCA",2024,3461,2.98349035683877e-17
"CTSG",2024,3462,2.92451453326436e-17
"GCG",2024,3463,2.90903475714865e-17
"CLDN14",2024,3464,2.82517174503215e-17
"AKR1C1",2024,3465,2.79973433050785e-17
"DEFA6",2024,3466,2.70576636997251e-17
"NPPC",2024,3467,2.63191475592551e-17
"KCNMA1",2024,3468,2.61075555525137e-17
"GAL",2024,3469,2.52022771400769e-17
"KLK11",2024,3470,2.44791379899401e-17
"TCF21",2024,3471,2.44047601613552e-17
"MB",2024,3472,2.39342541615586e-17
"IFT27",2024,3473,2.36925125123494e-17
"MAGED2",2024,3474,2.3542986903144e-17
"GADD45G",2024,3475,2.17933319257314e-17
"CLGN",2024,3476,1.89754271355455e-17
"MTX2",2024,3477,1.87952617822592e-17
"CD70",2024,3478,1.83885568430796e-17
"DPCD",2024,3479,1.80291845147683e-17
"GRAP",2024,3480,1.79581792919137e-17
"KCNQ4",2024,3481,1.62852140706173e-17
"INSL5",2024,3482,1.60099618982214e-17
"IL19",2024,3483,1.51951080950439e-17
"ANKRD11",2024,3484,1.43420712842419e-17
"CSTA",2024,3485,1.42013508621378e-17
"SLC9A3R2",2024,3486,1.39783106706841e-17
"GULP1",2024,3487,1.33866434095667e-17
"ADH1A",2024,3488,1.31837302369998e-17
"CFD",2024,3489,1.27871477205286e-17
"GALNTL6",2024,3490,1.27356339249963e-17
"ZNF3",2024,3491,1.22103029049774e-17
"S100A1",2024,3492,1.1014449315797e-17
"NEUROD1",2024,3493,9.74155857236491e-18
"TRPM4",2024,3494,9.35726926072135e-18
"C5orf38",2024,3495,9.34099284139004e-18
"KCTD16",2024,3496,9.00245696226402e-18
"IL2RB",2024,3497,7.47653166739601e-18
"HPGDS",2024,3498,6.91553971427821e-18
"SLC27A3",2024,3499,4.78517451024362e-18
"CNOT10",2024,3500,4.57968262845962e-18
"CPE",2024,3501,4.14632734471295e-18
"RP11-138I1.4",2024,3502,3.12795843915692e-18
"GART",7777,1,0.000134836262652048
"KRT20",7777,2,7.07268341528579e-07
"CDK4",7777,3,6.664510062854e-07
"SDCBP2",7777,4,6.53342190494007e-07
"NAP1L1",7777,5,6.29410177526847e-07
"RANBP1",7777,6,6.18417622484931e-07
"PLAC8",7777,7,6.0660765196308e-07
"CDCA7",7777,8,6.06471365183269e-07
"MCM7",7777,9,6.02454220244831e-07
"CEACAM1",7777,10,5.94950705908239e-07
"TSPAN1",7777,11,5.89137403557973e-07
"CEACAM7",7777,12,5.75730926227045e-07
"NME1",7777,13,5.75523564932416e-07
"IMPDH2",7777,14,5.72968599163604e-07
"LDHB",7777,15,5.59355808652056e-07
"KRT19",7777,16,5.58249083488599e-07
"FBL",7777,17,5.5576521435776e-07
"NPM3",7777,18,5.40948784460706e-07
"ASCL2",7777,19,5.3777482677441e-07
"SLC12A2",7777,20,5.35114307661656e-07
"EIF4EBP1",7777,21,5.31521914430093e-07
"PAICS",7777,22,5.13420115073843e-07
"C19orf48",7777,23,5.12182832641783e-07
"MALL",7777,24,5.09346449574775e-07
"CEACAM6",7777,25,5.03264833248616e-07
"FABP1",7777,26,5.00629764095884e-07
"TOMM40",7777,27,4.91717263593786e-07
"NPM1",7777,28,4.86557876093356e-07
"EPHB3",7777,29,4.76169531131581e-07
"GINS2",7777,30,4.74801728514341e-07
"POLD2",7777,31,4.69708518142188e-07
"HMGA1",7777,32,4.62446762465481e-07
"SLC26A3",7777,33,4.48892005589296e-07
"AKR1B10",7777,34,4.46300088988654e-07
"DUOX2",7777,35,4.44924858702691e-07
"HRCT1",7777,36,4.42335067915493e-07
"SRM",7777,37,4.41648735097457e-07
"MXD1",7777,38,4.33765218748296e-07
"TFF1",7777,39,4.29740188771399e-07
"HK2",7777,40,4.24538009149479e-07
"CDA",7777,41,4.1371808128234e-07
"SET",7777,42,4.10026294253327e-07
"PSAT1",7777,43,4.08377985916508e-07
"C1QBP",7777,44,4.06736125856869e-07
"NHP2",7777,45,4.02228993055557e-07
"DUT",7777,46,4.01252141234799e-07
"NOP56",7777,47,3.99409031436809e-07
"XDH",7777,48,3.97875701442784e-07
"CA2",7777,49,3.96369946448581e-07
"CDHR5",7777,50,3.91567313380985e-07
"EBNA1BP2",7777,51,3.91381783277727e-07
"HELLS",7777,52,3.91081788100562e-07
"SLC40A1",7777,53,3.91058091821386e-07
"NASP",7777,54,3.90598460814872e-07
"RGMB",7777,55,3.89658821084735e-07
"NOP16",7777,56,3.87139433030569e-07
"TYMS",7777,57,3.86566074869871e-07
"MS4A12",7777,58,3.86547384429713e-07
"HSPD1",7777,59,3.82929430038138e-07
"STMN1",7777,60,3.81149039849399e-07
"PHGR1",7777,61,3.80914537358435e-07
"HNRNPA1",7777,62,3.76427545944499e-07
"C20orf27",7777,63,3.73113458850291e-07
"EIF3L",7777,64,3.72379081784844e-07
"GCNT3",7777,65,3.7059477898278e-07
"CD320",7777,66,3.69325585206731e-07
"EEF1B2",7777,67,3.66061321894632e-07
"SLC22A18",7777,68,3.60786240196221e-07
"CDK6",7777,69,3.60677012185495e-07
"MCM5",7777,70,3.57776010813207e-07
"DHRS9",7777,71,3.56854714623704e-07
"PA2G4",7777,72,3.55149525963583e-07
"TUBB",7777,73,3.55011449562974e-07
"NFIC",7777,74,3.52963852471018e-07
"TMEM97",7777,75,3.50575976176095e-07
"NCL",7777,76,3.50419353215287e-07
"SNRPB",7777,77,3.48191466086167e-07
"TUBA1B",7777,78,3.44069618967558e-07
"PABPC1",7777,79,3.41432712675834e-07
"PRMT1",7777,80,3.40853121779305e-07
"PKIB",7777,81,3.36770352820846e-07
"PCNA",7777,82,3.35130419635134e-07
"H2AFZ",7777,83,3.3032944779222e-07
"EMP1",7777,84,3.28662995362248e-07
"DNMT1",7777,85,3.27884282740295e-07
"PYCR1",7777,86,3.27397785374701e-07
"CENPM",7777,87,3.26653110135709e-07
"FEN1",7777,88,3.26252681308023e-07
"APEX1",7777,89,3.22260030321736e-07
"PLA2G10",7777,90,3.19230653451798e-07
"CMSS1",7777,91,3.17607373275561e-07
"SLC6A8",7777,92,3.1532288560134e-07
"CDKN1A",7777,93,3.1520159921505e-07
"PARP1",7777,94,3.14750756664887e-07
"MRPS26",7777,95,3.14129073987678e-07
"SDF2L1",7777,96,3.11458441528511e-07
"MRPL12",7777,97,3.09965591160955e-07
"NME4",7777,98,3.07642402894526e-07
"KRT8",7777,99,3.07442008731924e-07
"CCDC85B",7777,100,3.06707769143331e-07
"RAN",7777,101,3.05018806854796e-07
"EEF1A1",7777,102,3.04691691054981e-07
"RNASEH2A",7777,103,3.03777245318346e-07
"BTG2",7777,104,3.02953180535406e-07
"MUC13",7777,105,3.01257015497065e-07
"SOX4",7777,106,3.00293583063083e-07
"DTYMK",7777,107,3.00236034245075e-07
"SSRP1",7777,108,2.98884822968605e-07
"FABP5",7777,109,2.98452041283381e-07
"CEACAM5",7777,110,2.97418401510085e-07
"ETS2",7777,111,2.97339238008836e-07
"RRP7A",7777,112,2.96630844605583e-07
"LYAR",7777,113,2.94060949973442e-07
"LGALS3",7777,114,2.93310296996272e-07
"TIMM13",7777,115,2.92913097839617e-07
"GADD45GIP1",7777,116,2.91746351921053e-07
"PSIP1",7777,117,2.91043525485885e-07
"SLC16A3",7777,118,2.90500259606243e-07
"ISG20",7777,119,2.89870835784649e-07
"EPHB2",7777,120,2.8944889011491e-07
"GGCT",7777,121,2.8829805352311e-07
"RSL1D1",7777,122,2.85719835278492e-07
"ADM",7777,123,2.85484585086872e-07
"SIGMAR1",7777,124,2.8534082427918e-07
"TMEM147",7777,125,2.85230306033791e-07
"TNIP3",7777,126,2.84664385008554e-07
"WDR34",7777,127,2.83503238790652e-07
"S100P",7777,128,2.83142619767282e-07
"PI3",7777,129,2.81052238689827e-07
"MCM6",7777,130,2.77914994981424e-07
"SERBP1",7777,131,2.75932601944003e-07
"OAS1",7777,132,2.75618379022948e-07
"RMI2",7777,133,2.75057913041726e-07
"NUDC",7777,134,2.74572226708083e-07
"DEK",7777,135,2.73975110912536e-07
"FXYD3",7777,136,2.73423049920515e-07
"TUBA4A",7777,137,2.71865744488778e-07
"SLPI",7777,138,2.71715839458447e-07
"MCM3",7777,139,2.70559868310173e-07
"HPGD",7777,140,2.70479615254919e-07
"NOP58",7777,141,2.69977404594097e-07
"DKC1",7777,142,2.67519733614851e-07
"TSC22D1",7777,143,2.67431213383466e-07
"SNRPD1",7777,144,2.66996283701571e-07
"UBE2T",7777,145,2.66449306835244e-07
"SNRNP25",7777,146,2.6442350359493e-07
"SNHG8",7777,147,2.64403551880399e-07
"SMOC2",7777,148,2.63603148882278e-07
"TP53",7777,149,2.63532967831278e-07
"PLS1",7777,150,2.63328914049563e-07
"CENPV",7777,151,2.62570036570513e-07
"C4BPB",7777,152,2.61181275209624e-07
"ALDH1B1",7777,153,2.59991241912586e-07
"GMNN",7777,154,2.59295508670825e-07
"SIVA1",7777,155,2.58324731906246e-07
"CCDC34",7777,156,2.56991473595639e-07
"EIF3E",7777,157,2.56837424049063e-07
"MRPS12",7777,158,2.55813844266149e-07
"PRKDC",7777,159,2.54799985834639e-07
"OLFM4",7777,160,2.54272241557965e-07
"ZFAS1",7777,161,2.53880382904618e-07
"PLAUR",7777,162,2.53324733612688e-07
"PTMA",7777,163,2.52885329261381e-07
"HMGB2",7777,164,2.52343551862569e-07
"LSM2",7777,165,2.52017802975e-07
"HSP90AB1",7777,166,2.51170904989499e-07
"SULT1B1",7777,167,2.51062669978923e-07
"GCSH",7777,168,2.50995370725775e-07
"U2AF1",7777,169,2.50613565520333e-07
"GBP3",7777,170,2.49559618521658e-07
"GPX4",7777,171,2.47570088515867e-07
"MYADM",7777,172,2.47009391617863e-07
"CCT2",7777,173,2.46506148414036e-07
"RBMX",7777,174,2.46248163067225e-07
"ASNS",7777,175,2.45477626266334e-07
"TRAP1",7777,176,2.43894574545869e-07
"DST",7777,177,2.43789166141082e-07
"MRPS34",7777,178,2.43669632891798e-07
"POLE3",7777,179,2.42242134403534e-07
"HSP90AA1",7777,180,2.41323252023909e-07
"SLC1A5",7777,181,2.40107573090538e-07
"EEF2",7777,182,2.39175844877107e-07
"LMO7",7777,183,2.38772867292538e-07
"LEFTY1",7777,184,2.38757406494821e-07
"EXOSC5",7777,185,2.38215656054113e-07
"ANP32B",7777,186,2.37853147208914e-07
"EMG1",7777,187,2.3598881890451e-07
"CLTB",7777,188,2.35779176706629e-07
"POLR3K",7777,189,2.35442849479142e-07
"ASS1",7777,190,2.33680672994609e-07
"TMPRSS2",7777,191,2.33457642340834e-07
"BZW2",7777,192,2.33422763810877e-07
"DHFR",7777,193,2.31439712371177e-07
"TRMT112",7777,194,2.31358761910593e-07
"HNRNPD",7777,195,2.30636007210119e-07
"NFIA",7777,196,2.3062356502176e-07
"F12",7777,197,2.30557142446575e-07
"DUOXA2",7777,198,2.29586759245545e-07
"SLC38A5",7777,199,2.29364111588214e-07
"HMGB1",7777,200,2.2856316392882e-07
"NUCKS1",7777,201,2.26733461156224e-07
"ZNF511",7777,202,2.26253295716265e-07
"EXOSC8",7777,203,2.26149463096903e-07
"MRPL11",7777,204,2.2611266766657e-07
"STOML2",7777,205,2.2408349323887e-07
"ILF3",7777,206,2.22958816596345e-07
"MRPL17",7777,207,2.21131178598875e-07
"HNRNPDL",7777,208,2.20475586513502e-07
"BANF1",7777,209,2.20467342402432e-07
"TK1",7777,210,2.1962330746699e-07
"EPB41L4A-AS1",7777,211,2.17406989762523e-07
"TAF1D",7777,212,2.17091660597389e-07
"DDX21",7777,213,2.15408782078492e-07
"CA4",7777,214,2.15226606724003e-07
"SUPT16H",7777,215,2.15031835752953e-07
"MRTO4",7777,216,2.13049759337024e-07
"AHCY",7777,217,2.12949156679813e-07
"EIF3I",7777,218,2.12613057685795e-07
"HMGN2",7777,219,2.12224378269359e-07
"PARM1",7777,220,2.11746985246292e-07
"CCNG1",7777,221,2.09028382076531e-07
"PSMG1",7777,222,2.08675874915896e-07
"REPIN1",7777,223,2.08023751360524e-07
"TMEM123",7777,224,2.06574254065243e-07
"SSFA2",7777,225,2.05795586988782e-07
"LSM4",7777,226,2.05515818743839e-07
"NUDT8",7777,227,2.05213313502995e-07
"CELF2",7777,228,2.04706904541206e-07
"HNRNPA0",7777,229,2.04494945059068e-07
"MISP",7777,230,2.0389880043438e-07
"TRIM15",7777,231,2.03155400303143e-07
"HMBS",7777,232,2.02706602593898e-07
"SLC25A6",7777,233,2.01775031560499e-07
"PARK7",7777,234,2.01647378277292e-07
"RRM1",7777,235,1.99837924523733e-07
"MRPL4",7777,236,1.99637936236483e-07
"SNRPE",7777,237,1.99030739844261e-07
"DCXR",7777,238,1.97297780709613e-07
"SRSF2",7777,239,1.96888482387676e-07
"NOLC1",7777,240,1.96310668777105e-07
"SLC25A39",7777,241,1.95527207380721e-07
"ZNF593",7777,242,1.9477032219885e-07
"IRF2BP2",7777,243,1.94520945188252e-07
"EIF3D",7777,244,1.94394530175523e-07
"C6orf48",7777,245,1.94073718708788e-07
"ATAD3A",7777,246,1.93558042965575e-07
"EIF4B",7777,247,1.93417886271159e-07
"TMEM54",7777,248,1.93066858583232e-07
"SMARCC1",7777,249,1.92508667036193e-07
"PHB",7777,250,1.91968959601792e-07
"ZFP36L2",7777,251,1.91914621376087e-07
"NR4A1",7777,252,1.91869915853667e-07
"NACA",7777,253,1.91459435527962e-07
"CACYBP",7777,254,1.90295261298312e-07
"POLR2G",7777,255,1.89730551151008e-07
"ETHE1",7777,256,1.89096828100456e-07
"PPIF",7777,257,1.88377360078182e-07
"B4GALT1",7777,258,1.87843610461801e-07
"FKBP11",7777,259,1.8742217565493e-07
"NOL7",7777,260,1.87099047378833e-07
"TRIM31",7777,261,1.86397294411399e-07
"DNPH1",7777,262,1.85643336570874e-07
"SRPK1",7777,263,1.84961306301692e-07
"NONO",7777,264,1.84539166062585e-07
"EEF1E1",7777,265,1.8412841463612e-07
"MRPL24",7777,266,1.84093797043908e-07
"ZNF22",7777,267,1.83970828696662e-07
"RHOC",7777,268,1.83254623135378e-07
"PEBP1",7777,269,1.83132451661807e-07
"YBX1",7777,270,1.8294292579934e-07
"KIAA1324",7777,271,1.82930214239323e-07
"PDCD5",7777,272,1.82804326091227e-07
"TDP2",7777,273,1.82358465803855e-07
"HSPE1",7777,274,1.82313127004664e-07
"SF3B5",7777,275,1.82248638281762e-07
"VSIG2",7777,276,1.81990717679512e-07
"FLNB",7777,277,1.81822387238703e-07
"ZWINT",7777,278,1.81135842079566e-07
"CLN6",7777,279,1.80905084187722e-07
"FKBP4",7777,280,1.80640354073734e-07
"EBPL",7777,281,1.80462835274208e-07
"HMGN3",7777,282,1.8034073038912e-07
"C19orf33",7777,283,1.80095282961485e-07
"RHOBTB3",7777,284,1.79399624354677e-07
"CD44",7777,285,1.78986936583878e-07
"PRDX4",7777,286,1.78272802570697e-07
"HSPBP1",7777,287,1.77892093078242e-07
"DCTPP1",7777,288,1.7667603302914e-07
"CLNS1A",7777,289,1.76661258011126e-07
"TRIM28",7777,290,1.7657046083938e-07
"SNHG7",7777,291,1.76392501797464e-07
"APRT",7777,292,1.76303507783516e-07
"DNAJC9",7777,293,1.76282586445839e-07
"FXYD5",7777,294,1.76184181422935e-07
"IFI27",7777,295,1.75620230945065e-07
"RUVBL2",7777,296,1.75565893853491e-07
"RNPS1",7777,297,1.75348291404696e-07
"BCL7C",7777,298,1.75219898086789e-07
"IPO5",7777,299,1.74567113536447e-07
"PDZK1IP1",7777,300,1.74255527844934e-07
"MARCKSL1",7777,301,1.73538799144034e-07
"CLCA4",7777,302,1.71882756208458e-07
"PCBD1",7777,303,1.71492951849414e-07
"BCL2L12",7777,304,1.71102312910181e-07
"SSB",7777,305,1.70881159827955e-07
"CD59",7777,306,1.70572475707208e-07
"SMC2",7777,307,1.70318014400965e-07
"LMNB1",7777,308,1.70316333098861e-07
"CERS6",7777,309,1.70037245602588e-07
"EIF2S3",7777,310,1.69211336605342e-07
"TMBIM1",7777,311,1.69087353436292e-07
"USP53",7777,312,1.68618551391397e-07
"HMGN1",7777,313,1.68246817797279e-07
"CD55",7777,314,1.67252716704638e-07
"SYNE2",7777,315,1.67156942590069e-07
"C10orf99",7777,316,1.66676221688234e-07
"SNRPD2",7777,317,1.66287323083544e-07
"ST3GAL4",7777,318,1.66137342688376e-07
"S100A6",7777,319,1.66072127513146e-07
"MRPS15",7777,320,1.65866403262887e-07
"MLXIP",7777,321,1.65596326295244e-07
"MRPS2",7777,322,1.64902001711302e-07
"WNK2",7777,323,1.63680193554086e-07
"ILF2",7777,324,1.62966017960584e-07
"CNN3",7777,325,1.62918628924954e-07
"NUDT1",7777,326,1.62722290848293e-07
"SAC3D1",7777,327,1.62606849803318e-07
"MRPL16",7777,328,1.62602419945e-07
"PHLDA2",7777,329,1.62325811614973e-07
"GPT",7777,330,1.62128869338618e-07
"SNRPF",7777,331,1.62026983747158e-07
"CCT6A",7777,332,1.61234919116387e-07
"TPR",7777,333,1.60986111289078e-07
"FUS",7777,334,1.60743539280397e-07
"MRPL37",7777,335,1.60658489763138e-07
"FN1",7777,336,1.60499577770304e-07
"CYP3A5",7777,337,1.60443617487098e-07
"CCT7",7777,338,1.59777658502931e-07
"SLC6A14",7777,339,1.58750866485202e-07
"MANF",7777,340,1.58653249422156e-07
"CKS1B",7777,341,1.58596564132278e-07
"RNASEH2B",7777,342,1.58492055858678e-07
"CCT3",7777,343,1.57591801783697e-07
"FOSB",7777,344,1.57526499338224e-07
"RNF43",7777,345,1.57476589119148e-07
"MGLL",7777,346,1.57471171718929e-07
"EIF1AX",7777,347,1.57450671409537e-07
"MRPL55",7777,348,1.57301398737576e-07
"GPA33",7777,349,1.57298737343675e-07
"CHCHD2",7777,350,1.57273890816205e-07
"PRSS3",7777,351,1.57267377862498e-07
"CBX5",7777,352,1.55782466928475e-07
"KRTCAP3",7777,353,1.55736072478868e-07
"SRPRB",7777,354,1.55134495499173e-07
"POLR2E",7777,355,1.54590854093637e-07
"EIF3F",7777,356,1.54563002959134e-07
"NOS2",7777,357,1.54526723687736e-07
"ID1",7777,358,1.5444579936079e-07
"EEF1D",7777,359,1.54306582252459e-07
"PSMA7",7777,360,1.53541336509859e-07
"UNG",7777,361,1.53186719453939e-07
"DMKN",7777,362,1.53061210234013e-07
"HSPA8",7777,363,1.52995676842448e-07
"HDGF",7777,364,1.51729809881972e-07
"HIGD1A",7777,365,1.51067695803322e-07
"PRDX2",7777,366,1.50748531501065e-07
"SPINK5",7777,367,1.50744967863011e-07
"PDE4C",7777,368,1.50617600041858e-07
"KPNB1",7777,369,1.50079616523619e-07
"SNRNP70",7777,370,1.49897910919148e-07
"UGP2",7777,371,1.49354428235151e-07
"SMC4",7777,372,1.49312810038455e-07
"PPP1R14D",7777,373,1.48090054707532e-07
"IFRD2",7777,374,1.47842622711841e-07
"ADTRP",7777,375,1.47823892744848e-07
"FHL2",7777,376,1.47461551763324e-07
"CENPW",7777,377,1.47047824022931e-07
"RNF213",7777,378,1.47023362191786e-07
"S100A16",7777,379,1.4670824978576e-07
"PPP1R1B",7777,380,1.46475567839895e-07
"PPIB",7777,381,1.46405580537867e-07
"PCBP2",7777,382,1.46364453125224e-07
"RUVBL1",7777,383,1.46332228370371e-07
"GSKIP",7777,384,1.45884374899236e-07
"NXT1",7777,385,1.45875288025198e-07
"WDR18",7777,386,1.45216614411904e-07
"TSPAN8",7777,387,1.44156052897616e-07
"HNRNPA3",7777,388,1.43342225368398e-07
"RNASEH2C",7777,389,1.43341977582519e-07
"BCL10",7777,390,1.43279367066402e-07
"AGR2",7777,391,1.42902057452122e-07
"MYL12B",7777,392,1.42713332993328e-07
"SRSF7",7777,393,1.4265781764364e-07
"LAPTM4B",7777,394,1.4261870417482e-07
"PPP1R15A",7777,395,1.42502947939403e-07
"UPP1",7777,396,1.42333600593925e-07
"PLEC",7777,397,1.41742234670239e-07
"IL18",7777,398,1.41730834611936e-07
"GNL3",7777,399,1.41524699451082e-07
"ZFP36L1",7777,400,1.40975974280505e-07
"HES6",7777,401,1.40710236885709e-07
"PHB2",7777,402,1.40313611349797e-07
"HSD17B8",7777,403,1.4015317143491e-07
"ACVRL1",7777,404,1.39918824510071e-07
"ENO1",7777,405,1.39873793553579e-07
"ANXA4",7777,406,1.39468846852374e-07
"PAFAH1B3",7777,407,1.39160025779943e-07
"AGPAT2",7777,408,1.38874586565387e-07
"CCDC14",7777,409,1.38606462022824e-07
"HIST1H1C",7777,410,1.37852202824737e-07
"SHMT2",7777,411,1.37641838455298e-07
"CUTA",7777,412,1.37635917419338e-07
"POLR1D",7777,413,1.37426752221276e-07
"NDUFS8",7777,414,1.37420625908495e-07
"PRPF19",7777,415,1.36864522378216e-07
"GARS",7777,416,1.36478834285465e-07
"RCN1",7777,417,1.36084011313708e-07
"GSN",7777,418,1.35976317941371e-07
"PNN",7777,419,1.35638762329167e-07
"SSBP1",7777,420,1.35626965804117e-07
"GLRX",7777,421,1.35613750050079e-07
"IDH2",7777,422,1.34857849868488e-07
"USP1",7777,423,1.33890867300664e-07
"EGR1",7777,424,1.33887250269819e-07
"CCND2",7777,425,1.33402787648151e-07
"CDH17",7777,426,1.33398494349268e-07
"C7orf50",7777,427,1.33184564540091e-07
"MRPS7",7777,428,1.31915959164008e-07
"MTHFD1",7777,429,1.31644803406351e-07
"RRM2",7777,430,1.31489943867314e-07
"S100A14",7777,431,1.31256984670876e-07
"PRPS2",7777,432,1.31078906643879e-07
"LSM7",7777,433,1.30973465579592e-07
"SLBP",7777,434,1.30804289802061e-07
"AIMP2",7777,435,1.30651989410568e-07
"NDUFAF3",7777,436,1.30198512859939e-07
"VAMP8",7777,437,1.30065712848719e-07
"DSC2",7777,438,1.28791906061071e-07
"HNRNPU",7777,439,1.28547105982597e-07
"CSNK1E",7777,440,1.28063413861275e-07
"IFNGR1",7777,441,1.27950661261283e-07
"TNFRSF1A",7777,442,1.27664913844446e-07
"IMP4",7777,443,1.27599506264428e-07
"MGST3",7777,444,1.274461870409e-07
"MAD2L1",7777,445,1.27181337833872e-07
"CASP7",7777,446,1.26937238739554e-07
"CYSTM1",7777,447,1.26893501199941e-07
"GSTP1",7777,448,1.26821982132037e-07
"VILL",7777,449,1.25862394164054e-07
"CCL28",7777,450,1.25727345865203e-07
"TOMM22",7777,451,1.25575594860329e-07
"CCT5",7777,452,1.25393459397116e-07
"CISD3",7777,453,1.24916898314605e-07
"JUN",7777,454,1.24875057130637e-07
"SFPQ",7777,455,1.24648017947917e-07
"EXOSC4",7777,456,1.24610636551944e-07
"NDUFAB1",7777,457,1.24519279073714e-07
"CCT4",7777,458,1.24488571611164e-07
"QTRT1",7777,459,1.2443472587825e-07
"RBBP4",7777,460,1.24304815838247e-07
"LGALS4",7777,461,1.23653757622109e-07
"PPM1G",7777,462,1.23348210299483e-07
"SNRPA1",7777,463,1.2299736900031e-07
"PLIN3",7777,464,1.22711560685491e-07
"NT5C3A",7777,465,1.22671288416007e-07
"MRPL3",7777,466,1.2257695596304e-07
"SNRPC",7777,467,1.22194021054378e-07
"CAMK2N1",7777,468,1.21798272990435e-07
"PHLDA1",7777,469,1.21413906464103e-07
"TCF7L2",7777,470,1.20308966609642e-07
"LIPH",7777,471,1.2005240902933e-07
"AOC1",7777,472,1.19555506289563e-07
"MKI67",7777,473,1.18763292133838e-07
"PRAC1",7777,474,1.18583797776869e-07
"ANXA2",7777,475,1.18338045497712e-07
"ERRFI1",7777,476,1.17406959778037e-07
"PTGES3",7777,477,1.17105290462663e-07
"NDUFAF2",7777,478,1.15825842174736e-07
"PSMG3",7777,479,1.15756140153022e-07
"TIMM9",7777,480,1.15733636032034e-07
"EIF3A",7777,481,1.15708062552054e-07
"CCDC124",7777,482,1.15441941809245e-07
"TOMM20",7777,483,1.15374396377944e-07
"KCNN4",7777,484,1.1501362944034e-07
"PFDN2",7777,485,1.14950749771384e-07
"MYC",7777,486,1.14704006829847e-07
"NABP2",7777,487,1.14331390933675e-07
"MUC1",7777,488,1.13568591576948e-07
"PGP",7777,489,1.13407592084036e-07
"PDAP1",7777,490,1.13141627474817e-07
"PPIH",7777,491,1.13097952682293e-07
"CRELD2",7777,492,1.13052398422845e-07
"TPT1",7777,493,1.12692986317194e-07
"HNRNPR",7777,494,1.12662883522505e-07
"NOB1",7777,495,1.12467214588058e-07
"MRPS25",7777,496,1.12403472225054e-07
"BAIAP2L1",7777,497,1.12270230809181e-07
"FAM133B",7777,498,1.11796231075813e-07
"HES1",7777,499,1.11562635707379e-07
"TRA2B",7777,500,1.11388656012967e-07
"CCT8",7777,501,1.1136136818404e-07
"TIMM50",7777,502,1.11358036943015e-07
"NSA2",7777,503,1.11329578152485e-07
"KCNQ1",7777,504,1.11051461640054e-07
"TPGS2",7777,505,1.10667495127148e-07
"PMAIP1",7777,506,1.10612238996211e-07
"CYC1",7777,507,1.10526661682193e-07
"AURKAIP1",7777,508,1.1047553779931e-07
"UBA2",7777,509,1.10460699481037e-07
"SURF2",7777,510,1.10067220219214e-07
"TMEM45B",7777,511,1.10019185962047e-07
"EBP",7777,512,1.10002740560005e-07
"ATP10B",7777,513,1.09269786510377e-07
"SOX9",7777,514,1.09064833579495e-07
"TM4SF1",7777,515,1.08809400845965e-07
"ATIC",7777,516,1.08738442763274e-07
"UQCC2",7777,517,1.08226151485185e-07
"KLF6",7777,518,1.08141621196041e-07
"BIRC3",7777,519,1.08117153184835e-07
"LYPD8",7777,520,1.0810919465611e-07
"MRPS23",7777,521,1.07960090082406e-07
"RIOK3",7777,522,1.07722860360557e-07
"TFDP1",7777,523,1.07224436006032e-07
"BTG3",7777,524,1.071992323837e-07
"MYH14",7777,525,1.07070058380446e-07
"CXCL1",7777,526,1.06027324269531e-07
"METAP2",7777,527,1.05989051250094e-07
"RALB",7777,528,1.05876752242924e-07
"CBX3",7777,529,1.05853292726294e-07
"SLC26A2",7777,530,1.05688395448112e-07
"SNRPA",7777,531,1.05634863225245e-07
"LRP10",7777,532,1.05323955775181e-07
"APPL1",7777,533,1.05121289320174e-07
"KLHDC3",7777,534,1.05096380731634e-07
"CTSS",7777,535,1.04849359530195e-07
"RAD23A",7777,536,1.04365012992277e-07
"SRRM1",7777,537,1.04178690741797e-07
"BOD1",7777,538,1.04110994674701e-07
"NAA10",7777,539,1.03964287833244e-07
"GTF2I",7777,540,1.0361541583615e-07
"PABPC4",7777,541,1.0343858448927e-07
"PSMB3",7777,542,1.03285015175919e-07
"HNRNPC",7777,543,1.03229543850662e-07
"S100A11",7777,544,1.03002767807611e-07
"COMT",7777,545,1.02309473298807e-07
"CHCHD10",7777,546,1.02051120482016e-07
"RCN2",7777,547,1.01383304190006e-07
"FOS",7777,548,1.0134384025852e-07
"AHNAK",7777,549,1.00909144543878e-07
"SNHG15",7777,550,1.00398983179067e-07
"MRPL23",7777,551,1.00384806887799e-07
"RBBP6",7777,552,9.96149727627831e-08
"GTF3A",7777,553,9.95429495683903e-08
"CUEDC2",7777,554,9.94540569654601e-08
"IGKC",7777,555,9.94286596515865e-08
"ATRX",7777,556,9.93532697794054e-08
"BRIX1",7777,557,9.92746998781377e-08
"GNG12",7777,558,9.912875593103e-08
"MZB1",7777,559,9.90932076738299e-08
"TMSB4X",7777,560,9.88581656093677e-08
"TMPO",7777,561,9.87976668479501e-08
"RBPJ",7777,562,9.83567223265885e-08
"SRSF3",7777,563,9.82554302156957e-08
"BCAS1",7777,564,9.80250066301507e-08
"CDC37",7777,565,9.78201796502952e-08
"RHOB",7777,566,9.7761255796125e-08
"MAGOHB",7777,567,9.74664158753552e-08
"LAGE3",7777,568,9.73978117003096e-08
"G3BP1",7777,569,9.73680663507928e-08
"RARRES3",7777,570,9.72584684037806e-08
"THOC6",7777,571,9.71603299356891e-08
"TP53I3",7777,572,9.66599608759625e-08
"TMED9",7777,573,9.65888910590301e-08
"MYO10",7777,574,9.65221874400281e-08
"NUDT5",7777,575,9.63890996870545e-08
"TSFM",7777,576,9.6050605412862e-08
"TJP3",7777,577,9.6043753819686e-08
"SOCS3",7777,578,9.57413949697348e-08
"ACAA2",7777,579,9.56887412345404e-08
"NEDD9",7777,580,9.53663307837945e-08
"PPP2CB",7777,581,9.5203028036032e-08
"HPRT1",7777,582,9.51743985507066e-08
"KHDRBS1",7777,583,9.49976288188958e-08
"EIF3B",7777,584,9.47727392334298e-08
"CAPG",7777,585,9.45632034730677e-08
"TNFSF10",7777,586,9.4450935631209e-08
"SPPL2A",7777,587,9.42542389197426e-08
"MACROD1",7777,588,9.3739389174073e-08
"IGLC3",7777,589,9.36019798174375e-08
"PSMB6",7777,590,9.35254259479338e-08
"PHIP",7777,591,9.35140231113191e-08
"ERH",7777,592,9.33512445669929e-08
"LRPPRC",7777,593,9.29123326033617e-08
"PTTG1IP",7777,594,9.27538832197495e-08
"RCC2",7777,595,9.27201931174483e-08
"MRPL36",7777,596,9.25498515401933e-08
"COPS6",7777,597,9.23018751825038e-08
"POP5",7777,598,9.21338633828673e-08
"LYRM4",7777,599,9.18235267825489e-08
"SUMO2",7777,600,9.18050253570051e-08
"MLEC",7777,601,9.17737536173752e-08
"HSD17B10",7777,602,9.17272936249719e-08
"PUM1",7777,603,9.16402406383701e-08
"BTF3",7777,604,9.15570284533995e-08
"PSMC3",7777,605,9.14992687470708e-08
"TFAM",7777,606,9.14561563665356e-08
"ABCC3",7777,607,9.12321394867638e-08
"CIRBP",7777,608,9.11643727870768e-08
"LITAF",7777,609,9.11382288866443e-08
"CTSD",7777,610,9.11271326198391e-08
"OLA1",7777,611,9.08608670671929e-08
"TOP2A",7777,612,9.08256680804667e-08
"SARS",7777,613,9.07421712816616e-08
"C15orf48",7777,614,9.02533530145948e-08
"DDX39A",7777,615,8.99782215592095e-08
"ATP1B1",7777,616,8.97539846938173e-08
"GPATCH4",7777,617,8.95777306509115e-08
"ATF3",7777,618,8.93873206867053e-08
"CKB",7777,619,8.91205478880665e-08
"SSR2",7777,620,8.89500532224227e-08
"YBX3",7777,621,8.88842524595096e-08
"MRPS28",7777,622,8.86597395832554e-08
"CCDC58",7777,623,8.81703413535435e-08
"CDC42EP1",7777,624,8.80624104596022e-08
"FAM96B",7777,625,8.79756140649149e-08
"NAP1L4",7777,626,8.78951173741088e-08
"ADSL",7777,627,8.78007140399863e-08
"EIF3H",7777,628,8.74456931457568e-08
"CAPN8",7777,629,8.73944958046034e-08
"TUBB4B",7777,630,8.69328271835167e-08
"CEBPZ",7777,631,8.67969035394083e-08
"SVIP",7777,632,8.65700107522878e-08
"HNRNPUL1",7777,633,8.62182590299233e-08
"SLC39A8",7777,634,8.55458293792437e-08
"PRRC2C",7777,635,8.54219498124717e-08
"SORD",7777,636,8.4874860120729e-08
"MRPL27",7777,637,8.47129977846568e-08
"NDUFB11",7777,638,8.47028367948971e-08
"RNF145",7777,639,8.46817370528224e-08
"HSPA9",7777,640,8.42071772127508e-08
"AKR1C3",7777,641,8.40089178784655e-08
"GCHFR",7777,642,8.39307550149634e-08
"YY1",7777,643,8.38366737715289e-08
"SF1",7777,644,8.34834976063652e-08
"EPHA2",7777,645,8.34749850489539e-08
"TOMM7",7777,646,8.34311742894866e-08
"PAQR8",7777,647,8.33093780647175e-08
"CIB1",7777,648,8.31419326610829e-08
"TSPAN3",7777,649,8.30048053560177e-08
"CD81",7777,650,8.28425372121936e-08
"CAP1",7777,651,8.27341238573304e-08
"EIF4A2",7777,652,8.25855774683696e-08
"CCDC167",7777,653,8.25444136808712e-08
"CLDN7",7777,654,8.25163885098954e-08
"SSSCA1",7777,655,8.25107122707814e-08
"IMP3",7777,656,8.23643332397589e-08
"ST6GALNAC6",7777,657,8.20684145382231e-08
"RFK",7777,658,8.20573548229993e-08
"NUBP2",7777,659,8.20371868577611e-08
"DDX18",7777,660,8.18444116174917e-08
"PFN1",7777,661,8.16334024042829e-08
"TMC5",7777,662,8.14141124146531e-08
"OSTC",7777,663,8.13047209740821e-08
"FAU",7777,664,8.12451758418782e-08
"WDR74",7777,665,8.10941767477584e-08
"SRI",7777,666,8.09840077070493e-08
"SAE1",7777,667,8.07847666488249e-08
"SAT1",7777,668,8.06457758144765e-08
"MRPL20",7777,669,8.05782775296083e-08
"RBM39",7777,670,8.05465022636162e-08
"EIF3M",7777,671,8.04932600710976e-08
"NTMT1",7777,672,8.04516187642711e-08
"MZT2A",7777,673,8.02220435876368e-08
"AMN",7777,674,8.00252782365747e-08
"DUSP2",7777,675,7.98836411859925e-08
"KLK1",7777,676,7.97279462613225e-08
"LSM5",7777,677,7.97188197376791e-08
"COTL1",7777,678,7.9563656379324e-08
"TCEA1",7777,679,7.94660834858285e-08
"GPRC5A",7777,680,7.93670687480642e-08
"ST13",7777,681,7.93488839692027e-08
"B2M",7777,682,7.88465276052127e-08
"MRPL51",7777,683,7.88173938997977e-08
"PMEPA1",7777,684,7.88111824589797e-08
"MRPL14",7777,685,7.87706018038714e-08
"POP7",7777,686,7.87495552001474e-08
"QARS",7777,687,7.8737121078322e-08
"TUFM",7777,688,7.87213610199558e-08
"CARD16",7777,689,7.86542226698699e-08
"MAZ",7777,690,7.81596293573335e-08
"NTHL1",7777,691,7.81112682630013e-08
"WIPI2",7777,692,7.7939738278238e-08
"HP1BP3",7777,693,7.77989184622878e-08
"PHF5A",7777,694,7.77721984001922e-08
"CDK1",7777,695,7.7540105911902e-08
"MVP",7777,696,7.74874748583114e-08
"KCNE3",7777,697,7.739269997121e-08
"GSTO1",7777,698,7.73812957261035e-08
"MATR3",7777,699,7.72458337431797e-08
"APIP",7777,700,7.72154323199559e-08
"MAL2",7777,701,7.69223371272127e-08
"ITGB4",7777,702,7.68368575684756e-08
"LMNB2",7777,703,7.66780182848209e-08
"SYNCRIP",7777,704,7.64139832150534e-08
"TRIM2",7777,705,7.63184132306217e-08
"XRCC6",7777,706,7.58435442023138e-08
"BBX",7777,707,7.57353829569279e-08
"TAGLN2",7777,708,7.57052630497305e-08
"ATF4",7777,709,7.55765096627385e-08
"IGHM",7777,710,7.54457189700313e-08
"NFIB",7777,711,7.53197896484288e-08
"SPATS2L",7777,712,7.51131207803053e-08
"NUDCD2",7777,713,7.50186285913364e-08
"RPA3",7777,714,7.49659249921911e-08
"ACTB",7777,715,7.48408732770968e-08
"NQO1",7777,716,7.47920862234445e-08
"PRSS8",7777,717,7.42213232658998e-08
"MAT2A",7777,718,7.39924250935299e-08
"HDAC2",7777,719,7.39493258853042e-08
"EIF2S1",7777,720,7.39390997667205e-08
"AKR7A3",7777,721,7.36301388778387e-08
"CCNI",7777,722,7.35951149057305e-08
"DDX5",7777,723,7.35566119746064e-08
"KHSRP",7777,724,7.34665230010177e-08
"YARS",7777,725,7.34313970953316e-08
"SPCS1",7777,726,7.33362407777521e-08
"CHD4",7777,727,7.28960607399671e-08
"PIN1",7777,728,7.28124557842138e-08
"YDJC",7777,729,7.2802576685974e-08
"PFDN6",7777,730,7.27756772540408e-08
"HEPH",7777,731,7.27080421864484e-08
"PLEK2",7777,732,7.24397458675555e-08
"IMPA2",7777,733,7.23459555779921e-08
"MRPL54",7777,734,7.22488806227324e-08
"IGHA1",7777,735,7.21056879896344e-08
"COMTD1",7777,736,7.20769274885868e-08
"COX11",7777,737,7.20294552830638e-08
"AHSA1",7777,738,7.19978794952076e-08
"YIF1A",7777,739,7.17416799665787e-08
"BPTF",7777,740,7.16808756359383e-08
"TGIF1",7777,741,7.16734547711788e-08
"ADRM1",7777,742,7.16671253428636e-08
"B3GALT5",7777,743,7.16175070252136e-08
"SMC1A",7777,744,7.13252349687803e-08
"H2AFV",7777,745,7.13183068595924e-08
"IPO7",7777,746,7.13163061704066e-08
"COA4",7777,747,7.10762087854347e-08
"ODC1",7777,748,7.09929285881258e-08
"SKIL",7777,749,7.09187161076166e-08
"IER3",7777,750,7.04953045385165e-08
"NEDD8",7777,751,7.02889800498595e-08
"C19orf53",7777,752,7.0260105647628e-08
"UCHL3",7777,753,7.00995047207081e-08
"SH3KBP1",7777,754,6.99708916958514e-08
"TPI1",7777,755,6.97466120438425e-08
"BCLAF1",7777,756,6.97182531494448e-08
"SFN",7777,757,6.96038140712009e-08
"TST",7777,758,6.93409224123516e-08
"C19orf24",7777,759,6.93341550961577e-08
"FDPS",7777,760,6.92962451628908e-08
"PPIC",7777,761,6.92958624501625e-08
"ECI1",7777,762,6.91950878097891e-08
"AMD1",7777,763,6.90485436242779e-08
"ZKSCAN1",7777,764,6.8978368592225e-08
"ABHD3",7777,765,6.87491326297647e-08
"H3F3A",7777,766,6.8717919221244e-08
"PSMB5",7777,767,6.86664832147917e-08
"HSPH1",7777,768,6.86525172861458e-08
"PSMA3",7777,769,6.84525002012302e-08
"ARID1A",7777,770,6.8380969374044e-08
"PPP2R5E",7777,771,6.83790470310921e-08
"SRCAP",7777,772,6.83073521686736e-08
"ALG3",7777,773,6.83053974919297e-08
"SLC38A2",7777,774,6.81184610152962e-08
"LPCAT4",7777,775,6.81060134588635e-08
"FAM173A",7777,776,6.80782259561465e-08
"ANXA1",7777,777,6.79263580784413e-08
"RSL24D1",7777,778,6.78670219369261e-08
"STK24",7777,779,6.77336014847525e-08
"ACTL6A",7777,780,6.72405377885933e-08
"BRD7",7777,781,6.69020661914061e-08
"ISG15",7777,782,6.68315476561604e-08
"MYL12A",7777,783,6.66969591777877e-08
"TNRC6B",7777,784,6.66746410865798e-08
"TRABD2A",7777,785,6.66676689070951e-08
"ZNF703",7777,786,6.62075103133143e-08
"LAMB3",7777,787,6.62004666443929e-08
"IARS",7777,788,6.60330973515952e-08
"PITX1",7777,789,6.59520117364903e-08
"PPIA",7777,790,6.58691447107476e-08
"CNPY2",7777,791,6.58366753821636e-08
"ITM2C",7777,792,6.58102360820698e-08
"BRD4",7777,793,6.57937724725263e-08
"APEH",7777,794,6.57807983606776e-08
"COMMD6",7777,795,6.56877516525173e-08
"RAB11A",7777,796,6.55469200406834e-08
"CHP1",7777,797,6.49596554614401e-08
"SLC4A4",7777,798,6.49450221954931e-08
"HNRNPF",7777,799,6.46425995801443e-08
"EIF6",7777,800,6.45868332313216e-08
"CCL20",7777,801,6.43243015391965e-08
"SH3GLB1",7777,802,6.42832001741666e-08
"TAX1BP3",7777,803,6.42657211735533e-08
"SEC61B",7777,804,6.42016414737346e-08
"WDR61",7777,805,6.41681664032145e-08
"GUCA2A",7777,806,6.40990940657177e-08
"EIF5B",7777,807,6.40838168048328e-08
"MYO1A",7777,808,6.39349703864358e-08
"VPS51",7777,809,6.34687656121576e-08
"ZCRB1",7777,810,6.34234243304399e-08
"PTGES2",7777,811,6.32433755068043e-08
"RBM47",7777,812,6.32148404388149e-08
"PSMB7",7777,813,6.29446269172422e-08
"TAF9",7777,814,6.29121548859778e-08
"TAF15",7777,815,6.2882578909598e-08
"MAGOH",7777,816,6.27694875631818e-08
"SEC11C",7777,817,6.2730520662783e-08
"GOLM1",7777,818,6.25544577154788e-08
"CHMP5",7777,819,6.24789065635793e-08
"RBM17",7777,820,6.24681195529569e-08
"SMIM22",7777,821,6.24565549782759e-08
"RSF1",7777,822,6.24340796935033e-08
"STEAP1",7777,823,6.23420397995038e-08
"CAST",7777,824,6.23032238597266e-08
"SLC35B1",7777,825,6.22415132324563e-08
"H2AFX",7777,826,6.21148067214853e-08
"FBLIM1",7777,827,6.20125652218733e-08
"MRPS16",7777,828,6.19692378350141e-08
"XRCC5",7777,829,6.17555199654935e-08
"CKS2",7777,830,6.17393546241206e-08
"DNAJB1",7777,831,6.15119004003095e-08
"DDX46",7777,832,6.15073798894432e-08
"ARL4A",7777,833,6.14238715028526e-08
"YWHAQ",7777,834,6.13501525099196e-08
"RBM8A",7777,835,6.11525046552553e-08
"CA1",7777,836,6.10082820033948e-08
"NDRG1",7777,837,6.0950977953501e-08
"UBE2S",7777,838,6.09322443486801e-08
"BIRC5",7777,839,6.09131156297285e-08
"UBE2I",7777,840,6.08932733392141e-08
"PRR13",7777,841,6.08826020735045e-08
"MAPK3",7777,842,6.0842485134336e-08
"ATP2C2",7777,843,6.06217762919719e-08
"NOC2L",7777,844,6.06046361849333e-08
"JTB",7777,845,6.06023311274573e-08
"UBA52",7777,846,6.04774510182397e-08
"PDIA6",7777,847,6.03262326206463e-08
"MRPL22",7777,848,6.02956127192418e-08
"ATP6V0B",7777,849,6.00967680611049e-08
"EMC6",7777,850,6.00614475827773e-08
"HLA-DPB1",7777,851,5.99055060902337e-08
"FUT2",7777,852,5.98419555625418e-08
"FARSA",7777,853,5.98196801739243e-08
"GAS6",7777,854,5.98123694588651e-08
"CDC123",7777,855,5.97684732939437e-08
"TTC3",7777,856,5.97240141802734e-08
"FERMT1",7777,857,5.96541411342852e-08
"OPTN",7777,858,5.96239641642444e-08
"MTHFD2",7777,859,5.96154945849781e-08
"REG4",7777,860,5.92113290951507e-08
"HSD11B2",7777,861,5.91975169491191e-08
"SSR3",7777,862,5.91008069419675e-08
"MTX1",7777,863,5.90421242238576e-08
"U2SURP",7777,864,5.90021464271712e-08
"IGHG3",7777,865,5.89879456638854e-08
"POLR2F",7777,866,5.88935754623284e-08
"EPRS",7777,867,5.87096416142028e-08
"CALM2",7777,868,5.86519912498201e-08
"CASP1",7777,869,5.84535055245669e-08
"LRRC59",7777,870,5.83710543584944e-08
"ATP1B3",7777,871,5.8185503522276e-08
"WASL",7777,872,5.81853501340325e-08
"ALG5",7777,873,5.80483004781746e-08
"CD74",7777,874,5.79983191657932e-08
"QSOX1",7777,875,5.79241663757124e-08
"PSMD8",7777,876,5.7850769980358e-08
"PPA2",7777,877,5.78441107068455e-08
"NUDT4",7777,878,5.7809830308581e-08
"HNRNPM",7777,879,5.76574662496957e-08
"EIF3K",7777,880,5.75840213368541e-08
"PRR15L",7777,881,5.7352294862419e-08
"COPE",7777,882,5.73147569691713e-08
"PSMB1",7777,883,5.71503797773428e-08
"TXNL4A",7777,884,5.70663967885599e-08
"PSMG4",7777,885,5.66830241224024e-08
"ANP32E",7777,886,5.66166973385916e-08
"COPRS",7777,887,5.65667145971978e-08
"DNAJC19",7777,888,5.65412992081875e-08
"CDKN3",7777,889,5.62613823084899e-08
"TSTA3",7777,890,5.62188179453909e-08
"ZBTB38",7777,891,5.62123786414634e-08
"COPS3",7777,892,5.59511504854474e-08
"EPCAM",7777,893,5.58998661990781e-08
"RAD21",7777,894,5.56943961812555e-08
"PSMD4",7777,895,5.55850150760127e-08
"MAP1LC3B",7777,896,5.55341895516007e-08
"VPS25",7777,897,5.53416143676696e-08
"STIP1",7777,898,5.52558344341214e-08
"CTSE",7777,899,5.52538307055051e-08
"SNX5",7777,900,5.52371697552043e-08
"CNOT7",7777,901,5.52158424171561e-08
"CCNL1",7777,902,5.52055726304319e-08
"SMARCA5",7777,903,5.5108237348798e-08
"QDPR",7777,904,5.50057932570418e-08
"PRKRA",7777,905,5.4992971381164e-08
"CD63",7777,906,5.49714625178768e-08
"GSDMB",7777,907,5.49637879486831e-08
"TRAPPC2L",7777,908,5.49462936736047e-08
"SLC25A10",7777,909,5.48828379365246e-08
"FOSL2",7777,910,5.48367603199741e-08
"LSM3",7777,911,5.47494648108155e-08
"ITGA3",7777,912,5.47210235406067e-08
"PTRH1",7777,913,5.47062523423113e-08
"MRPL19",7777,914,5.46806551404187e-08
"PSME2",7777,915,5.45466706167672e-08
"H1FX",7777,916,5.45384864865591e-08
"POLR2I",7777,917,5.45011562046755e-08
"SLC39A4",7777,918,5.42107866712141e-08
"ATP6V0D1",7777,919,5.40820410579277e-08
"VKORC1",7777,920,5.40418536452695e-08
"MMAB",7777,921,5.39665956084921e-08
"ASRGL1",7777,922,5.39393351386271e-08
"TMEM208",7777,923,5.36864467262326e-08
"CTSH",7777,924,5.34285907330607e-08
"CTBP2",7777,925,5.33231611343918e-08
"ECHS1",7777,926,5.327300777401e-08
"SERINC2",7777,927,5.32480957011339e-08
"SMIM14",7777,928,5.32305204263042e-08
"DRAP1",7777,929,5.29924465656855e-08
"DHRS4L2",7777,930,5.29685592410498e-08
"TKT",7777,931,5.29407328394348e-08
"CISD1",7777,932,5.29246529662232e-08
"TMEM205",7777,933,5.27749638682008e-08
"NT5C",7777,934,5.26042509725313e-08
"RBBP7",7777,935,5.25687318217483e-08
"MRPL32",7777,936,5.24179674779248e-08
"SCO2",7777,937,5.24079981969798e-08
"CSDE1",7777,938,5.22874806811978e-08
"TYMP",7777,939,5.22785130841007e-08
"PMVK",7777,940,5.22678629569161e-08
"BCL2L15",7777,941,5.20382649542147e-08
"FASN",7777,942,5.19795012191609e-08
"PSMD2",7777,943,5.18345714660237e-08
"YTHDC1",7777,944,5.17877006751996e-08
"NDUFAF4",7777,945,5.17181547334348e-08
"EZR",7777,946,5.16146584510342e-08
"CAPN5",7777,947,5.15117189165592e-08
"SON",7777,948,5.14091312283854e-08
"NUCB2",7777,949,5.12236592054521e-08
"GRHPR",7777,950,5.11035392674575e-08
"SNRNP40",7777,951,5.10839809862492e-08
"TMEM176B",7777,952,5.08516459257658e-08
"PPP1CC",7777,953,5.07642445860528e-08
"PDCD6IP",7777,954,5.06964270647785e-08
"BRD2",7777,955,5.04985484512841e-08
"AP1S1",7777,956,5.04690185456568e-08
"ZG16B",7777,957,5.0390865863357e-08
"CDH1",7777,958,5.0244032565468e-08
"PSMA5",7777,959,5.01850232059125e-08
"LASP1",7777,960,5.01717606930547e-08
"TECR",7777,961,5.00333167363935e-08
"IGLC2",7777,962,4.99960144386224e-08
"CAB39",7777,963,4.9921812154727e-08
"EPB41L4B",7777,964,4.9862041207768e-08
"NDUFA9",7777,965,4.9838549951087e-08
"EIF3G",7777,966,4.98325339557062e-08
"GRN",7777,967,4.9754999407752e-08
"SPCS2",7777,968,4.97010215662188e-08
"HLA-E",7777,969,4.96071328270035e-08
"C1orf35",7777,970,4.95948222163297e-08
"EPS8",7777,971,4.95856021793314e-08
"S100A10",7777,972,4.95714948380924e-08
"TMEM70",7777,973,4.95401232831959e-08
"ASH1L",7777,974,4.95345604461999e-08
"PTBP1",7777,975,4.95051491284158e-08
"C8orf59",7777,976,4.94409033929327e-08
"PTP4A1",7777,977,4.93952344276854e-08
"LIMA1",7777,978,4.93173843742104e-08
"NBEAL1",7777,979,4.93141590693142e-08
"TMEM171",7777,980,4.92755682959423e-08
"HLA-DPA1",7777,981,4.92193452382619e-08
"HOXB9",7777,982,4.91945369242264e-08
"DNAJC2",7777,983,4.91382574859727e-08
"GPBP1",7777,984,4.90777953439749e-08
"NDUFB8",7777,985,4.90654319362547e-08
"CHMP2B",7777,986,4.89175876649323e-08
"MUC4",7777,987,4.88640029464301e-08
"C19orf70",7777,988,4.88584971108792e-08
"SLC44A4",7777,989,4.87753190870833e-08
"HSPB1",7777,990,4.87141411181026e-08
"ALDOA",7777,991,4.86992948765236e-08
"GRPEL1",7777,992,4.86745526803739e-08
"PRPF31",7777,993,4.85180991398475e-08
"AP2S1",7777,994,4.85109964751669e-08
"CSTB",7777,995,4.84188816416288e-08
"MIDN",7777,996,4.81125667196282e-08
"NFKBIA",7777,997,4.8002785044762e-08
"XIAP",7777,998,4.79378695978706e-08
"MRPL46",7777,999,4.75959417188583e-08
"ITGB1BP1",7777,1000,4.74859630926841e-08
"IDH3B",7777,1001,4.74249283299477e-08
"ANAPC11",7777,1002,4.74102849941485e-08
"CLRN3",7777,1003,4.74068917261808e-08
"NDUFS7",7777,1004,4.74052483493928e-08
"HNRNPA2B1",7777,1005,4.73638952210899e-08
"BCAP31",7777,1006,4.72473876611697e-08
"NDUFS6",7777,1007,4.72384720769077e-08
"CA12",7777,1008,4.71797178665856e-08
"ITM2B",7777,1009,4.70424889449951e-08
"PRRC2A",7777,1010,4.70069372583901e-08
"ANKRD12",7777,1011,4.69938501906151e-08
"PDCD2",7777,1012,4.69467872765726e-08
"APOL6",7777,1013,4.68890682338296e-08
"PSMC5",7777,1014,4.68264044755843e-08
"DARS",7777,1015,4.68112598289234e-08
"TMEM141",7777,1016,4.6703255658669e-08
"LAMA3",7777,1017,4.66558903128234e-08
"STUB1",7777,1018,4.65998022123028e-08
"CDX1",7777,1019,4.65918122305363e-08
"SEC13",7777,1020,4.65694210639537e-08
"KLF4",7777,1021,4.64858472086346e-08
"NELFE",7777,1022,4.64341416992665e-08
"RANBP2",7777,1023,4.64114389708422e-08
"CD2AP",7777,1024,4.63800604698411e-08
"ACO1",7777,1025,4.63520504918557e-08
"SMARCA4",7777,1026,4.61913573408729e-08
"TOP2B",7777,1027,4.58409902895033e-08
"CFLAR",7777,1028,4.58219057975863e-08
"PTMS",7777,1029,4.58026879622504e-08
"USP22",7777,1030,4.56956154262941e-08
"EDN1",7777,1031,4.56382913926725e-08
"APOBR",7777,1032,4.55053585506042e-08
"ARGLU1",7777,1033,4.53515949497428e-08
"LSM6",7777,1034,4.52683973229507e-08
"ANKRD22",7777,1035,4.526359357183e-08
"CAPN2",7777,1036,4.52282202318155e-08
"THOC3",7777,1037,4.52266750326567e-08
"NIT2",7777,1038,4.52102555862818e-08
"GTPBP4",7777,1039,4.51553679246827e-08
"JAG1",7777,1040,4.4924047774861e-08
"TXNIP",7777,1041,4.48320662602263e-08
"VAPA",7777,1042,4.47818532831206e-08
"SH3BGRL3",7777,1043,4.46296972335591e-08
"RARRES2",7777,1044,4.46111793387443e-08
"TRMT10C",7777,1045,4.43492062967759e-08
"PAPSS2",7777,1046,4.42325697271892e-08
"MZT2B",7777,1047,4.41845041213223e-08
"NDUFC2",7777,1048,4.41277757016188e-08
"CES2",7777,1049,4.39146395349454e-08
"PPP4C",7777,1050,4.38129922054296e-08
"CDC42SE2",7777,1051,4.37656163117952e-08
"CTNNA1",7777,1052,4.37538575734615e-08
"EHF",7777,1053,4.3596873038581e-08
"M6PR",7777,1054,4.35678824176936e-08
"ELOVL6",7777,1055,4.35470031189987e-08
"IFI35",7777,1056,4.35391356416159e-08
"PLP2",7777,1057,4.31906247392319e-08
"TMEM14B",7777,1058,4.30875229942545e-08
"S100A9",7777,1059,4.2896940756436e-08
"NCOA7",7777,1060,4.28818816165689e-08
"GIPC1",7777,1061,4.28759974026309e-08
"WDR46",7777,1062,4.28084171736797e-08
"FARSB",7777,1063,4.27407446060101e-08
"PPP1R14B",7777,1064,4.26309032566142e-08
"VARS",7777,1065,4.25823175647328e-08
"CELF1",7777,1066,4.24811996700126e-08
"HAX1",7777,1067,4.24745392800135e-08
"EFNB2",7777,1068,4.24281453190713e-08
"SAA2",7777,1069,4.24024692103483e-08
"PAPOLA",7777,1070,4.23297453434376e-08
"DPM2",7777,1071,4.22955347667033e-08
"MEST",7777,1072,4.21548233803637e-08
"STARD10",7777,1073,4.21425286324554e-08
"EIF2S2",7777,1074,4.20387507485904e-08
"SPTBN1",7777,1075,4.19312250637449e-08
"ITPA",7777,1076,4.18849462190218e-08
"CYBA",7777,1077,4.18566106999736e-08
"TMEM230",7777,1078,4.14164458716582e-08
"SMARCE1",7777,1079,4.1413428181471e-08
"IGHA2",7777,1080,4.1308888749787e-08
"AKAP1",7777,1081,4.12950580529545e-08
"ELP5",7777,1082,4.12860223925159e-08
"BUB3",7777,1083,4.12652361675401e-08
"DHX9",7777,1084,4.12353619279495e-08
"CD164",7777,1085,4.11642101463953e-08
"GNA11",7777,1086,4.11351719015606e-08
"TIMM10",7777,1087,4.1120955996519e-08
"UGT2B17",7777,1088,4.10247385383544e-08
"PSMD6",7777,1089,4.09125713248974e-08
"PRPF40A",7777,1090,4.09092871465597e-08
"PYURF",7777,1091,4.08807020107676e-08
"NDFIP2",7777,1092,4.08542260568256e-08
"MRPL34",7777,1093,4.07122517337243e-08
"MRPL21",7777,1094,4.07010882945148e-08
"KCNK1",7777,1095,4.06484096403438e-08
"ACTR3",7777,1096,4.05985621135554e-08
"RAB11FIP1",7777,1097,4.05817021975093e-08
"DHX15",7777,1098,4.05604861568117e-08
"EMC4",7777,1099,4.03955115400525e-08
"SLC25A5",7777,1100,4.03587763982765e-08
"TMEM176A",7777,1101,4.03500789484523e-08
"DUS1L",7777,1102,4.03089394480797e-08
"SERPINB1",7777,1103,4.03050375375386e-08
"RETNLB",7777,1104,4.0173530008458e-08
"HINT2",7777,1105,4.00511322036662e-08
"CTNND1",7777,1106,4.00451850870587e-08
"ARSD",7777,1107,4.00363802875918e-08
"CLTA",7777,1108,3.98817376554483e-08
"TIMM17A",7777,1109,3.97845538804312e-08
"CHMP2A",7777,1110,3.97575086281286e-08
"FAM213A",7777,1111,3.96388091093414e-08
"RAB18",7777,1112,3.95996919917312e-08
"PRELID2",7777,1113,3.95869769573558e-08
"KRT10",7777,1114,3.95021496127416e-08
"OAZ1",7777,1115,3.94957952047418e-08
"QPRT",7777,1116,3.9460217864607e-08
"MYO5B",7777,1117,3.94281564983672e-08
"HDDC3",7777,1118,3.94217436075027e-08
"B3GNT3",7777,1119,3.93722457365227e-08
"UQCRFS1",7777,1120,3.93721383913835e-08
"CFDP1",7777,1121,3.93207561673453e-08
"ANAPC5",7777,1122,3.92912304517431e-08
"SNRPD3",7777,1123,3.92298151612551e-08
"NKTR",7777,1124,3.92249952195484e-08
"THRAP3",7777,1125,3.91143121466167e-08
"TMED3",7777,1126,3.90800351200336e-08
"TPMT",7777,1127,3.90248049736305e-08
"KRAS",7777,1128,3.89761085311163e-08
"PDLIM5",7777,1129,3.89560495370458e-08
"ITGB1",7777,1130,3.88907544652525e-08
"CNBP",7777,1131,3.87120662063339e-08
"CTSZ",7777,1132,3.86677683578016e-08
"PFKP",7777,1133,3.8664871584156e-08
"PFDN4",7777,1134,3.86605716589454e-08
"WAC",7777,1135,3.86570127966956e-08
"CLCN3",7777,1136,3.84919531540067e-08
"ZNHIT1",7777,1137,3.8369286596138e-08
"CCDC107",7777,1138,3.83382000380032e-08
"CHD9",7777,1139,3.82869037970272e-08
"NCBP2-AS2",7777,1140,3.82010610421496e-08
"FKBP2",7777,1141,3.81704645514959e-08
"TXNDC12",7777,1142,3.81215679152432e-08
"CMBL",7777,1143,3.80893889637556e-08
"TMEM179B",7777,1144,3.80068382414014e-08
"PSMB2",7777,1145,3.79373692230391e-08
"ASL",7777,1146,3.79142495051217e-08
"IQGAP2",7777,1147,3.78554892319696e-08
"PCK2",7777,1148,3.77973156314955e-08
"NANS",7777,1149,3.76752388702407e-08
"PERP",7777,1150,3.75829716905511e-08
"PRPF38B",7777,1151,3.75670258408464e-08
"PSMD14",7777,1152,3.75014826784097e-08
"CAPZA2",7777,1153,3.74818263108637e-08
"GLO1",7777,1154,3.74519054698157e-08
"ARPC5",7777,1155,3.7397092006646e-08
"MUC12",7777,1156,3.72464463595009e-08
"CRLS1",7777,1157,3.72196812745711e-08
"LSM10",7777,1158,3.72069617028577e-08
"CXCL2",7777,1159,3.71717751684402e-08
"BOLA3",7777,1160,3.70985384362398e-08
"HIST1H4C",7777,1161,3.70772060380758e-08
"RPF2",7777,1162,3.70299984263415e-08
"ERP29",7777,1163,3.69911749516738e-08
"TC2N",7777,1164,3.67798526411075e-08
"ARPC2",7777,1165,3.66797738291467e-08
"ANXA11",7777,1166,3.66707431348528e-08
"ECH1",7777,1167,3.66604312073549e-08
"ARL3",7777,1168,3.65424053661292e-08
"TMPRSS4",7777,1169,3.63580489204136e-08
"MRPL13",7777,1170,3.62811402296227e-08
"ATP6V1D",7777,1171,3.62632388667182e-08
"NUDT21",7777,1172,3.62498226689451e-08
"SCP2",7777,1173,3.62247213098209e-08
"FAM207A",7777,1174,3.61887437165824e-08
"TPRKB",7777,1175,3.60897311149639e-08
"SMCO4",7777,1176,3.59756872466445e-08
"NDUFB9",7777,1177,3.59285046022665e-08
"EDF1",7777,1178,3.59078307453718e-08
"ERI3",7777,1179,3.58757742845801e-08
"DNAJB11",7777,1180,3.57984500372513e-08
"ARL14",7777,1181,3.57831983182068e-08
"SRA1",7777,1182,3.57050907579555e-08
"CCND1",7777,1183,3.56932799826664e-08
"AGR3",7777,1184,3.56614777854262e-08
"SPINT1",7777,1185,3.56528250685793e-08
"DOK4",7777,1186,3.5570188961483e-08
"BAX",7777,1187,3.55240295925246e-08
"HLA-DQB1",7777,1188,3.55113524657113e-08
"PNISR",7777,1189,3.51977995010655e-08
"MDM4",7777,1190,3.51745061008822e-08
"DNAJB6",7777,1191,3.51217600271171e-08
"SNRNP200",7777,1192,3.51088454315402e-08
"SMC3",7777,1193,3.50613043383491e-08
"SERPINB6",7777,1194,3.50498143076955e-08
"PDCD10",7777,1195,3.49378390930847e-08
"MYB",7777,1196,3.48317676464761e-08
"OSTF1",7777,1197,3.47005345562724e-08
"BLVRB",7777,1198,3.46796086053555e-08
"NTRK2",7777,1199,3.46183078484626e-08
"NET1",7777,1200,3.46074516448172e-08
"SH3YL1",7777,1201,3.45226899252661e-08
"HMGB3",7777,1202,3.43484425100138e-08
"HNRNPAB",7777,1203,3.42412784684691e-08
"AUP1",7777,1204,3.42362575341927e-08
"SDCBP",7777,1205,3.41981274254558e-08
"HNRNPL",7777,1206,3.41547307886338e-08
"ENTPD5",7777,1207,3.39882765317788e-08
"LBR",7777,1208,3.39352998331607e-08
"ZC3H12A",7777,1209,3.39194272942795e-08
"DAD1",7777,1210,3.38924067851707e-08
"SH3BGRL2",7777,1211,3.38290022080218e-08
"PUF60",7777,1212,3.3716572447077e-08
"RETSAT",7777,1213,3.35850203381364e-08
"TAPBP",7777,1214,3.35638083999776e-08
"SUDS3",7777,1215,3.3502809077401e-08
"FTH1",7777,1216,3.34936050809176e-08
"COMMD4",7777,1217,3.34331848475486e-08
"PPP1R10",7777,1218,3.33216318373257e-08
"DDX17",7777,1219,3.3315580316458e-08
"UBE2G2",7777,1220,3.32901459760336e-08
"CDC42EP5",7777,1221,3.32689798968228e-08
"ISOC2",7777,1222,3.32525785977092e-08
"CCDC59",7777,1223,3.3222190042679e-08
"APP",7777,1224,3.31409923738272e-08
"MIEN1",7777,1225,3.31380729992166e-08
"ADAM9",7777,1226,3.31371309776696e-08
"PRPF4B",7777,1227,3.3096690007e-08
"PPP1CB",7777,1228,3.30744286824445e-08
"F11R",7777,1229,3.30460947458721e-08
"NDUFV1",7777,1230,3.29960686294107e-08
"PSMD13",7777,1231,3.29225536870012e-08
"GDF15",7777,1232,3.28673236709696e-08
"RPIA",7777,1233,3.27544008166327e-08
"NEO1",7777,1234,3.26679165845547e-08
"SRSF9",7777,1235,3.25934940245884e-08
"EPS8L3",7777,1236,3.2583143467951e-08
"MRPL40",7777,1237,3.25293279025582e-08
"SDR16C5",7777,1238,3.25271952427637e-08
"TRIAP1",7777,1239,3.25206048356053e-08
"ESD",7777,1240,3.24710272401641e-08
"TM7SF3",7777,1241,3.24185114843434e-08
"SLC35A3",7777,1242,3.23364742673991e-08
"ATP8B1",7777,1243,3.23264985708376e-08
"DUSP1",7777,1244,3.21925659232347e-08
"PRDX6",7777,1245,3.21336966245213e-08
"UGDH",7777,1246,3.21271340117531e-08
"CYB561D2",7777,1247,3.20851191693648e-08
"ARL2",7777,1248,3.20820480069798e-08
"WTAP",7777,1249,3.20775295855921e-08
"KRCC1",7777,1250,3.20752943358408e-08
"STAP2",7777,1251,3.20055684767808e-08
"SPTSSA",7777,1252,3.19085181154598e-08
"IGLC7",7777,1253,3.18837011361663e-08
"FIS1",7777,1254,3.18766294821705e-08
"UPF3A",7777,1255,3.18521052063971e-08
"PSMC4",7777,1256,3.18179448477344e-08
"NUFIP2",7777,1257,3.17958575859448e-08
"MRPS6",7777,1258,3.17930364016163e-08
"CLPP",7777,1259,3.17507908076362e-08
"RAB10",7777,1260,3.17281415842037e-08
"SQSTM1",7777,1261,3.16826614601377e-08
"XRN2",7777,1262,3.16632725822192e-08
"ACAT2",7777,1263,3.16572228027469e-08
"CTBP1",7777,1264,3.16528397314727e-08
"PES1",7777,1265,3.16405159771495e-08
"NBL1",7777,1266,3.16366158153844e-08
"AZIN1",7777,1267,3.15914707100653e-08
"RNH1",7777,1268,3.15050617473156e-08
"ARPC1B",7777,1269,3.13855597387047e-08
"SAA1",7777,1270,3.13189211093508e-08
"CDC42",7777,1271,3.1287132128177e-08
"CDCP1",7777,1272,3.12772175162454e-08
"NDUFS3",7777,1273,3.12552127493683e-08
"EFHD2",7777,1274,3.12390553857142e-08
"ANG",7777,1275,3.11946478580944e-08
"FRYL",7777,1276,3.11345378393754e-08
"NFKBIZ",7777,1277,3.09701018626838e-08
"GGH",7777,1278,3.09502133715534e-08
"IL10RB",7777,1279,3.08284297167033e-08
"IGFBP4",7777,1280,3.08237262055947e-08
"PLSCR1",7777,1281,3.07650928587232e-08
"PPIG",7777,1282,3.0754003918553e-08
"TTC19",7777,1283,3.07449222373874e-08
"TMEM59",7777,1284,3.07236222181946e-08
"TMBIM6",7777,1285,3.06396294743842e-08
"ACTN4",7777,1286,3.05480485051182e-08
"MCL1",7777,1287,3.05375562669309e-08
"SMG1",7777,1288,3.05099453979063e-08
"CLSTN1",7777,1289,3.04796931513356e-08
"THYN1",7777,1290,3.04685578496241e-08
"CD46",7777,1291,3.0444357300971e-08
"CLUH",7777,1292,3.04198680790473e-08
"SORL1",7777,1293,3.04077460253874e-08
"NRARP",7777,1294,3.03648170857992e-08
"TSEN34",7777,1295,3.03140382174806e-08
"NENF",7777,1296,3.03009313336006e-08
"USP7",7777,1297,3.02509381962149e-08
"HIF1A",7777,1298,3.01930690562552e-08
"NOXO1",7777,1299,3.01642022863196e-08
"KIF9",7777,1300,3.01337427217189e-08
"FAM96A",7777,1301,3.00985150127848e-08
"LGR4",7777,1302,3.00594158706036e-08
"CHPT1",7777,1303,2.99836074292922e-08
"TCP1",7777,1304,2.99507441969648e-08
"MRPL52",7777,1305,2.97730479926999e-08
"HBEGF",7777,1306,2.97423195075241e-08
"ABHD17C",7777,1307,2.97090132347077e-08
"SLC52A2",7777,1308,2.96838352369401e-08
"MRPS33",7777,1309,2.96220782480858e-08
"GADD45A",7777,1310,2.96097597257781e-08
"RER1",7777,1311,2.9556887250982e-08
"RAP1B",7777,1312,2.93966262808126e-08
"GGT6",7777,1313,2.93164000756772e-08
"NUTF2",7777,1314,2.92734971162884e-08
"DPP7",7777,1315,2.92281477931906e-08
"FUCA1",7777,1316,2.92140503761501e-08
"IRF1",7777,1317,2.92027369597551e-08
"KLF5",7777,1318,2.91736644734064e-08
"EIF2AK1",7777,1319,2.91260532185125e-08
"ITGAE",7777,1320,2.91247499522439e-08
"CHMP4B",7777,1321,2.91032234846656e-08
"DCAF7",7777,1322,2.89676461247579e-08
"DSG2",7777,1323,2.89474818541804e-08
"NAMPT",7777,1324,2.88270458536569e-08
"UBE2A",7777,1325,2.88141979432644e-08
"STARD7",7777,1326,2.87788084700387e-08
"LRRFIP1",7777,1327,2.87500501998812e-08
"EIF3J",7777,1328,2.87379823759562e-08
"TRAPPC6A",7777,1329,2.87097378168701e-08
"TMBIM4",7777,1330,2.86378809907756e-08
"ST14",7777,1331,2.86282448041105e-08
"SNHG18",7777,1332,2.85556548191128e-08
"RRAS",7777,1333,2.8546829561295e-08
"SLC35B2",7777,1334,2.85261073635419e-08
"MRPS11",7777,1335,2.85085182599235e-08
"ARF6",7777,1336,2.84952315590784e-08
"TNFRSF11A",7777,1337,2.84442884189937e-08
"PSMD7",7777,1338,2.84368052890404e-08
"MAP2K2",7777,1339,2.84233546481529e-08
"CMAS",7777,1340,2.83578656824436e-08
"NDUFB6",7777,1341,2.82646708530181e-08
"MT1E",7777,1342,2.82314337890563e-08
"SCNN1A",7777,1343,2.8207978659616e-08
"GPR160",7777,1344,2.81391206951219e-08
"TIMM8B",7777,1345,2.80829054742769e-08
"GLRX5",7777,1346,2.80477067765053e-08
"SMAP1",7777,1347,2.79809314131545e-08
"CPSF6",7777,1348,2.78665477282913e-08
"TMEM106C",7777,1349,2.78169495913523e-08
"TBL1XR1",7777,1350,2.77612194259899e-08
"AK3",7777,1351,2.76926552891791e-08
"SDHB",7777,1352,2.76497244284871e-08
"IFNGR2",7777,1353,2.75367314733203e-08
"YME1L1",7777,1354,2.7529889980164e-08
"SSNA1",7777,1355,2.75008230675865e-08
"BRMS1",7777,1356,2.7381842419651e-08
"CDK2AP2",7777,1357,2.73690648727327e-08
"HLA-DRA",7777,1358,2.72759538048078e-08
"ANP32A",7777,1359,2.71555717946806e-08
"KMT2E",7777,1360,2.70724340360221e-08
"PFDN5",7777,1361,2.70388837102566e-08
"DCAF13",7777,1362,2.69908698864167e-08
"HLA-C",7777,1363,2.69405529324604e-08
"PSMA2",7777,1364,2.68669895982382e-08
"DNAJA1",7777,1365,2.68394768621614e-08
"OXA1L",7777,1366,2.6814010576736e-08
"TMC4",7777,1367,2.68086423899518e-08
"HIST1H2BK",7777,1368,2.6720519110135e-08
"GLRX3",7777,1369,2.66685109055031e-08
"CEBPG",7777,1370,2.66486795487961e-08
"IL13RA1",7777,1371,2.66343702709914e-08
"RPAIN",7777,1372,2.65943837704689e-08
"DNAJC4",7777,1373,2.63916411859079e-08
"BAK1",7777,1374,2.63601380786794e-08
"TMEM87A",7777,1375,2.63431731674092e-08
"REEP3",7777,1376,2.63155601840783e-08
"GANAB",7777,1377,2.62945784728427e-08
"PTBP3",7777,1378,2.62227455448488e-08
"TSPO",7777,1379,2.6221759676605e-08
"HLA-B",7777,1380,2.62189527360518e-08
"MRPL1",7777,1381,2.62154129982238e-08
"RTN4",7777,1382,2.60088216941374e-08
"MAGEF1",7777,1383,2.59579941772104e-08
"ELAVL1",7777,1384,2.59518645961082e-08
"H2AFJ",7777,1385,2.59227884981133e-08
"DAAM1",7777,1386,2.58800292051591e-08
"PHPT1",7777,1387,2.58496299816061e-08
"OARD1",7777,1388,2.5840073878376e-08
"TMOD3",7777,1389,2.58086401906243e-08
"PIGR",7777,1390,2.56900284829797e-08
"COPG1",7777,1391,2.55983298758378e-08
"LARP1",7777,1392,2.5489917672552e-08
"GNAQ",7777,1393,2.54826158474466e-08
"SUMF2",7777,1394,2.54633723408331e-08
"FAM129B",7777,1395,2.54523014324949e-08
"USP16",7777,1396,2.54351113011835e-08
"PDCD6",7777,1397,2.53603279655603e-08
"LUC7L3",7777,1398,2.53207697242389e-08
"NUPR1",7777,1399,2.5287544482616e-08
"SLC44A1",7777,1400,2.52825782166233e-08
"LCN2",7777,1401,2.52349150696335e-08
"SNRPG",7777,1402,2.51994232799002e-08
"FAM177A1",7777,1403,2.51789767361137e-08
"DDX3X",7777,1404,2.51311701579699e-08
"SELENBP1",7777,1405,2.51190600907504e-08
"SLC9A3R1",7777,1406,2.51006200600522e-08
"TUBA1C",7777,1407,2.50673416922075e-08
"CINP",7777,1408,2.50218722927501e-08
"STXBP2",7777,1409,2.49855376490794e-08
"LAMTOR3",7777,1410,2.49629754309323e-08
"TARDBP",7777,1411,2.49375230590984e-08
"YTHDF2",7777,1412,2.48808032030802e-08
"ABHD2",7777,1413,2.48766794414152e-08
"LMAN2",7777,1414,2.48147495285952e-08
"UXT",7777,1415,2.47137627138649e-08
"WDR45B",7777,1416,2.46810525481826e-08
"POLR2H",7777,1417,2.46796826834353e-08
"HNRNPK",7777,1418,2.46735395627844e-08
"PLA2G2A",7777,1419,2.46525565437941e-08
"DPM1",7777,1420,2.46384255150531e-08
"TBCB",7777,1421,2.45829319483906e-08
"IER2",7777,1422,2.4545562959893e-08
"PMF1",7777,1423,2.44851225606148e-08
"BRI3",7777,1424,2.44768802069318e-08
"ACTR2",7777,1425,2.44318417013743e-08
"DAZAP1",7777,1426,2.43980793285435e-08
"SEC63",7777,1427,2.43595391386384e-08
"ALDH2",7777,1428,2.42715999076123e-08
"MDH1",7777,1429,2.42715801171334e-08
"TLE1",7777,1430,2.42490804250864e-08
"EI24",7777,1431,2.42167501961124e-08
"CTTN",7777,1432,2.42152494881187e-08
"IFRD1",7777,1433,2.41977751701393e-08
"TMEM160",7777,1434,2.41207511163347e-08
"SURF6",7777,1435,2.40470889400829e-08
"HMOX2",7777,1436,2.40368228211653e-08
"DYNLL1",7777,1437,2.3909471684948e-08
"ESF1",7777,1438,2.39054017566257e-08
"NFE2L1",7777,1439,2.38944493473013e-08
"ATG3",7777,1440,2.3804430653436e-08
"UBE2C",7777,1441,2.38040377666716e-08
"HSP90B1",7777,1442,2.38011193289766e-08
"ARPC5L",7777,1443,2.37701083648694e-08
"UQCRC1",7777,1444,2.373619031249e-08
"CLMN",7777,1445,2.36784296919055e-08
"ADAR",7777,1446,2.3672795061122e-08
"TRAPPC1",7777,1447,2.36339236305156e-08
"SRSF11",7777,1448,2.35745193042276e-08
"SCAF11",7777,1449,2.35640858457175e-08
"C14orf119",7777,1450,2.34671513320027e-08
"CHMP1B",7777,1451,2.3444407354423e-08
"PLEKHB2",7777,1452,2.34169913382672e-08
"MRPL50",7777,1453,2.33911114330793e-08
"PRR15",7777,1454,2.33517020649118e-08
"VDAC2",7777,1455,2.32968117337954e-08
"TXN",7777,1456,2.3291333058017e-08
"HLA-A",7777,1457,2.32465441494716e-08
"RAC1",7777,1458,2.32302669792418e-08
"SLC25A11",7777,1459,2.3225476154182e-08
"PDIA3",7777,1460,2.31369513513763e-08
"DGCR6L",7777,1461,2.3033355569323e-08
"COX20",7777,1462,2.29562615792513e-08
"CMC2",7777,1463,2.29291641684937e-08
"ENDOG",7777,1464,2.2893850051462e-08
"PON2",7777,1465,2.28142136748982e-08
"GDI2",7777,1466,2.28033696223256e-08
"ANXA3",7777,1467,2.27921099057395e-08
"REXO2",7777,1468,2.27155620888812e-08
"ACAA1",7777,1469,2.27109435141177e-08
"SPAG16",7777,1470,2.2664147268049e-08
"NBR1",7777,1471,2.26556290236531e-08
"FZD5",7777,1472,2.26517239459092e-08
"MGST2",7777,1473,2.26394250804808e-08
"GAR1",7777,1474,2.26275578909165e-08
"ARPP19",7777,1475,2.26220588230932e-08
"LAD1",7777,1476,2.25792936837416e-08
"MTDH",7777,1477,2.25203016303015e-08
"MAP1LC3A",7777,1478,2.24943543529473e-08
"GLUL",7777,1479,2.24715081055364e-08
"MMP15",7777,1480,2.24429052562229e-08
"SEC11A",7777,1481,2.24068557540426e-08
"FAM136A",7777,1482,2.24060525560164e-08
"PSMA4",7777,1483,2.23571354788793e-08
"ACADM",7777,1484,2.23495265318133e-08
"CD9",7777,1485,2.23035655985656e-08
"ARL6IP5",7777,1486,2.22758729281698e-08
"HSD17B12",7777,1487,2.22721887343928e-08
"ISCA1",7777,1488,2.22630138075898e-08
"SLC25A24",7777,1489,2.22221321920854e-08
"SIRT7",7777,1490,2.22168999712146e-08
"TMEM30A",7777,1491,2.22103592087101e-08
"DUSP23",7777,1492,2.22046162208805e-08
"NDFIP1",7777,1493,2.21775694924101e-08
"MYL6",7777,1494,2.21739082376715e-08
"UBE3A",7777,1495,2.21440642151162e-08
"ETFB",7777,1496,2.20937144044928e-08
"TXNDC17",7777,1497,2.20445156136106e-08
"GMPPA",7777,1498,2.20183397849431e-08
"CLINT1",7777,1499,2.19899987605088e-08
"NSMCE1",7777,1500,2.19827804267392e-08
"BTG1",7777,1501,2.19530130451922e-08
"EIF2A",7777,1502,2.1911034472687e-08
"MRPS14",7777,1503,2.19026561174801e-08
"GFPT1",7777,1504,2.18711262779912e-08
"BLOC1S1",7777,1505,2.18637872061158e-08
"DYNC1I2",7777,1506,2.18580632816878e-08
"COX5A",7777,1507,2.17739945627857e-08
"MEA1",7777,1508,2.17602393295333e-08
"POLE4",7777,1509,2.15695924821342e-08
"WSB1",7777,1510,2.15311004976124e-08
"SRSF5",7777,1511,2.15214526733663e-08
"ACBD3",7777,1512,2.14830112325539e-08
"SCAND1",7777,1513,2.1466107847713e-08
"CRIP1",7777,1514,2.14466554778508e-08
"CNOT2",7777,1515,2.13794192829063e-08
"SRP9",7777,1516,2.13773199692415e-08
"WDR1",7777,1517,2.13744229181429e-08
"KPNA4",7777,1518,2.13610626036438e-08
"VPS29",7777,1519,2.13570855225623e-08
"GNPNAT1",7777,1520,2.13498846084276e-08
"RBCK1",7777,1521,2.13055959594088e-08
"C6orf62",7777,1522,2.12581104201241e-08
"STAT1",7777,1523,2.11932762818581e-08
"ROMO1",7777,1524,2.10017221336618e-08
"SS18L2",7777,1525,2.09784119676345e-08
"NDUFB10",7777,1526,2.09751506376489e-08
"PITHD1",7777,1527,2.09166844951401e-08
"MDK",7777,1528,2.0886923772024e-08
"HLA-F",7777,1529,2.08868628792488e-08
"CXCL3",7777,1530,2.07888071177141e-08
"ANKRD11",7777,1531,2.07654785394514e-08
"RPN1",7777,1532,2.06766157420648e-08
"GALE",7777,1533,2.06152592102567e-08
"POLDIP2",7777,1534,2.06014897237975e-08
"MDH2",7777,1535,2.05514439933612e-08
"RTF1",7777,1536,2.05295317766457e-08
"MPC1",7777,1537,2.05248817740781e-08
"COA3",7777,1538,2.05168352808804e-08
"SHD",7777,1539,2.04314361666988e-08
"SRSF1",7777,1540,2.03475795350827e-08
"IRAK1",7777,1541,2.02425124221665e-08
"SLC25A37",7777,1542,2.02387885002925e-08
"ARHGAP5",7777,1543,2.02308010137839e-08
"SERPINB5",7777,1544,2.02242234517904e-08
"MLF2",7777,1545,2.02122568339992e-08
"C4orf48",7777,1546,2.01923051317747e-08
"RNASET2",7777,1547,2.01895201927406e-08
"LAMTOR1",7777,1548,2.01877018511563e-08
"MALSU1",7777,1549,2.01636619556859e-08
"RBX1",7777,1550,2.01065502203889e-08
"RALBP1",7777,1551,2.00737430543682e-08
"PACSIN2",7777,1552,1.99519896021056e-08
"HECTD1",7777,1553,1.9949354074418e-08
"MCTS1",7777,1554,1.99374932246907e-08
"SPINT2",7777,1555,1.99319974839526e-08
"CHCHD3",7777,1556,1.98873861797908e-08
"ZFAND5",7777,1557,1.97926608827943e-08
"GPI",7777,1558,1.9698069237518e-08
"TALDO1",7777,1559,1.96830074026494e-08
"VEGFA",7777,1560,1.96801862852403e-08
"GMDS",7777,1561,1.96095355769747e-08
"CFL1",7777,1562,1.94141760780527e-08
"TOP1",7777,1563,1.937567931864e-08
"NPEPPS",7777,1564,1.93085248432633e-08
"PBDC1",7777,1565,1.93046533846831e-08
"MBNL1",7777,1566,1.9241874746584e-08
"IARS2",7777,1567,1.92169434963832e-08
"S100A13",7777,1568,1.91851869225775e-08
"NFATC2IP",7777,1569,1.91713819552258e-08
"NDUFS5",7777,1570,1.90784244370125e-08
"ATP6V1E1",7777,1571,1.90081088220994e-08
"MARCH6",7777,1572,1.89420726682858e-08
"CNPY3",7777,1573,1.89419938140678e-08
"UPF2",7777,1574,1.88990364904209e-08
"DHRS3",7777,1575,1.88988737818458e-08
"FAM120A",7777,1576,1.88710274596019e-08
"LAMTOR5",7777,1577,1.88471353817304e-08
"PANK3",7777,1578,1.88202270353226e-08
"PDIA4",7777,1579,1.88116902490258e-08
"CS",7777,1580,1.87994942553392e-08
"MRPL9",7777,1581,1.87927914507374e-08
"C6orf132",7777,1582,1.87493689760002e-08
"ACSL5",7777,1583,1.87379006811881e-08
"UQCRB",7777,1584,1.87165815893987e-08
"ATP2A3",7777,1585,1.87061203086754e-08
"PLXNB2",7777,1586,1.87033398950773e-08
"SEC61A1",7777,1587,1.86608311634966e-08
"PTP4A2",7777,1588,1.86589843921146e-08
"MAP3K13",7777,1589,1.8654057945604e-08
"MIF",7777,1590,1.86243864404855e-08
"TMEM50A",7777,1591,1.86210399964801e-08
"DENR",7777,1592,1.85899146917848e-08
"SLIRP",7777,1593,1.85200028984169e-08
"EIF4G1",7777,1594,1.84807578388125e-08
"FNIP2",7777,1595,1.84501334750323e-08
"RAB5A",7777,1596,1.84237167054943e-08
"SH3BGRL",7777,1597,1.83936709024248e-08
"GOLGB1",7777,1598,1.83633160548044e-08
"TPM4",7777,1599,1.83486448246207e-08
"SF3B1",7777,1600,1.83321677344636e-08
"COX17",7777,1601,1.83127807010516e-08
"GALNT7",7777,1602,1.82834975883815e-08
"SCARB2",7777,1603,1.82794723994261e-08
"UBC",7777,1604,1.82746508147107e-08
"RBM14",7777,1605,1.82095033344604e-08
"TMX2",7777,1606,1.81994729674201e-08
"SPDEF",7777,1607,1.81841994618451e-08
"STAT3",7777,1608,1.81345006829748e-08
"EMC7",7777,1609,1.81271426951699e-08
"H3F3B",7777,1610,1.80987489428108e-08
"MRFAP1",7777,1611,1.8095602214682e-08
"VCP",7777,1612,1.80617584080404e-08
"IGBP1",7777,1613,1.80194739974275e-08
"ABRACL",7777,1614,1.79641887717967e-08
"MPC2",7777,1615,1.79585246698164e-08
"SRSF6",7777,1616,1.78958228659921e-08
"SEPT11",7777,1617,1.78731089530607e-08
"HEBP2",7777,1618,1.78640653715728e-08
"FAM3D",7777,1619,1.78285035055299e-08
"BUD31",7777,1620,1.78273350292578e-08
"LTA4H",7777,1621,1.77918128881652e-08
"VASP",7777,1622,1.77864021352566e-08
"LYZ",7777,1623,1.77703014519723e-08
"TRIB1",7777,1624,1.77566029735354e-08
"PRDX3",7777,1625,1.77143308886326e-08
"HIGD2A",7777,1626,1.77113624448743e-08
"SSBP3",7777,1627,1.76504408713987e-08
"SNF8",7777,1628,1.7645410133085e-08
"SPCS3",7777,1629,1.75695869808485e-08
"LAPTM4A",7777,1630,1.75069628995142e-08
"GTF3C6",7777,1631,1.74662400294448e-08
"NDUFB7",7777,1632,1.74282771901955e-08
"IL2RG",7777,1633,1.74098009882706e-08
"OFD1",7777,1634,1.74086031305012e-08
"HLA-DRB1",7777,1635,1.73172995243011e-08
"PSAP",7777,1636,1.73090553089367e-08
"COX16",7777,1637,1.72950968066895e-08
"LAMTOR4",7777,1638,1.72875486040086e-08
"THUMPD1",7777,1639,1.72673201346465e-08
"TDG",7777,1640,1.72451261257782e-08
"SMARCB1",7777,1641,1.71552157808387e-08
"HSPA1A",7777,1642,1.71375358125535e-08
"YWHAZ",7777,1643,1.70905588886037e-08
"CCAR1",7777,1644,1.70716909715288e-08
"THOC7",7777,1645,1.70640209465584e-08
"CNOT1",7777,1646,1.70454657768061e-08
"EID1",7777,1647,1.68818090932611e-08
"CAMLG",7777,1648,1.6877380430177e-08
"SSR4",7777,1649,1.68560610376585e-08
"TAOK3",7777,1650,1.67429025481994e-08
"CMPK1",7777,1651,1.67291059115648e-08
"PPIE",7777,1652,1.67247953536598e-08
"MAP7",7777,1653,1.67162281457839e-08
"CHID1",7777,1654,1.65963320963588e-08
"PTPMT1",7777,1655,1.65650150339715e-08
"DDOST",7777,1656,1.65492198653188e-08
"VPS4B",7777,1657,1.65124505471027e-08
"PTTG1",7777,1658,1.65092611930087e-08
"PSMC2",7777,1659,1.64745967785e-08
"POP4",7777,1660,1.64247422301811e-08
"PLEKHJ1",7777,1661,1.64170884773969e-08
"THOC2",7777,1662,1.63526903334901e-08
"URM1",7777,1663,1.63367247225548e-08
"FAM200B",7777,1664,1.63124314978026e-08
"ABI1",7777,1665,1.6263130176854e-08
"ACP1",7777,1666,1.62488867224653e-08
"CRK",7777,1667,1.62457834515756e-08
"ZNF664",7777,1668,1.620640202942e-08
"SOD2",7777,1669,1.61978698559787e-08
"KARS",7777,1670,1.61873527295408e-08
"CHCHD5",7777,1671,1.61494135544347e-08
"ACOT7",7777,1672,1.61109272419151e-08
"CAPZA1",7777,1673,1.60950876208937e-08
"RBM42",7777,1674,1.60733790635041e-08
"CORO1B",7777,1675,1.60240487908281e-08
"ARL5A",7777,1676,1.59754347033646e-08
"KIF22",7777,1677,1.59335628564601e-08
"ALDH9A1",7777,1678,1.59204255941718e-08
"ATRAID",7777,1679,1.59182858069889e-08
"PAWR",7777,1680,1.59174046358709e-08
"TM9SF2",7777,1681,1.59026542672007e-08
"PRKACB",7777,1682,1.58999887681072e-08
"DHX36",7777,1683,1.58008359356021e-08
"NAA20",7777,1684,1.56198476702564e-08
"C12orf57",7777,1685,1.55843761457641e-08
"EPS8L2",7777,1686,1.5580527770669e-08
"GNAS",7777,1687,1.55546432338752e-08
"ID3",7777,1688,1.55100296052161e-08
"MFF",7777,1689,1.54449599184312e-08
"RHBDL2",7777,1690,1.54171630803009e-08
"UBE2L3",7777,1691,1.53925803571085e-08
"BSPRY",7777,1692,1.53896829032951e-08
"SETD5",7777,1693,1.53814512541137e-08
"GOLIM4",7777,1694,1.53130248298849e-08
"TAX1BP1",7777,1695,1.53020666339559e-08
"DHRS7",7777,1696,1.52753735646535e-08
"FNTA",7777,1697,1.52745793308299e-08
"ADD3",7777,1698,1.52527706421908e-08
"CHURC1",7777,1699,1.52245203714933e-08
"CTSA",7777,1700,1.52167827017436e-08
"GABARAPL2",7777,1701,1.52167648558661e-08
"STAU1",7777,1702,1.52120621640673e-08
"HDHD3",7777,1703,1.51843696040768e-08
"FH",7777,1704,1.51838060767552e-08
"BCCIP",7777,1705,1.50989606832165e-08
"TMEM9B",7777,1706,1.50914351063827e-08
"C11orf58",7777,1707,1.50897794728541e-08
"C1orf21",7777,1708,1.50527319828739e-08
"ID2",7777,1709,1.50496033822629e-08
"TMEM63A",7777,1710,1.50474285265054e-08
"AHCYL1",7777,1711,1.50087665370458e-08
"ARHGEF35",7777,1712,1.50065533533346e-08
"TMED7",7777,1713,1.50056749034125e-08
"NDUFA1",7777,1714,1.49438859402224e-08
"GPS1",7777,1715,1.49400751844518e-08
"DGUOK",7777,1716,1.49138684710381e-08
"FCGBP",7777,1717,1.48893326317401e-08
"MKNK2",7777,1718,1.48096568738082e-08
"TFG",7777,1719,1.48078971613935e-08
"HNRNPH1",7777,1720,1.47771687517556e-08
"ABHD11",7777,1721,1.47692148525221e-08
"ZFP36",7777,1722,1.47486277969002e-08
"DHRS11",7777,1723,1.47151626753364e-08
"RAB7A",7777,1724,1.46902327130896e-08
"MRPS21",7777,1725,1.46759190722455e-08
"ABT1",7777,1726,1.46740500747404e-08
"MRPL15",7777,1727,1.46626118378836e-08
"FUT3",7777,1728,1.46276114113817e-08
"TMED10",7777,1729,1.46233348294596e-08
"REEP5",7777,1730,1.45343351456137e-08
"CRYL1",7777,1731,1.44728007688681e-08
"CXCL16",7777,1732,1.44674494818232e-08
"CDC20",7777,1733,1.44231752793389e-08
"NOP10",7777,1734,1.44115865898495e-08
"RSRC2",7777,1735,1.43580873328198e-08
"HTATIP2",7777,1736,1.43010349327484e-08
"SECISBP2",7777,1737,1.42912565405801e-08
"HPCAL1",7777,1738,1.42837636513895e-08
"MYO1B",7777,1739,1.42670688720006e-08
"SMIM19",7777,1740,1.42617476568643e-08
"HNF4A",7777,1741,1.42590247744966e-08
"CYB5A",7777,1742,1.4258857560305e-08
"RAB1A",7777,1743,1.42569614341678e-08
"TXN2",7777,1744,1.42055097355153e-08
"OCIAD2",7777,1745,1.42028685466408e-08
"TOMM5",7777,1746,1.41729022436683e-08
"DBI",7777,1747,1.41183793741912e-08
"RBM3",7777,1748,1.40941325618421e-08
"IVNS1ABP",7777,1749,1.40224683332248e-08
"ZNF428",7777,1750,1.40069928140438e-08
"BCL3",7777,1751,1.39971692031441e-08
"MRPL18",7777,1752,1.39795717918428e-08
"LARS",7777,1753,1.39519876687576e-08
"NPDC1",7777,1754,1.39373957889569e-08
"FCGRT",7777,1755,1.38919215372747e-08
"RALA",7777,1756,1.38189024042373e-08
"MECOM",7777,1757,1.38179721687957e-08
"NMRAL1",7777,1758,1.38069037530148e-08
"DDX1",7777,1759,1.36767230074689e-08
"ATXN10",7777,1760,1.36747144304343e-08
"DGAT1",7777,1761,1.36725759601147e-08
"BIN1",7777,1762,1.36596637513088e-08
"SRP72",7777,1763,1.36434162924168e-08
"IL32",7777,1764,1.36368868627806e-08
"C8orf33",7777,1765,1.36363131516429e-08
"CNIH4",7777,1766,1.36197983971685e-08
"UBE2J1",7777,1767,1.36187541556419e-08
"ALDH7A1",7777,1768,1.35450010098582e-08
"DNAJC3",7777,1769,1.35118998375003e-08
"YWHAH",7777,1770,1.34547211446045e-08
"DNAJC15",7777,1771,1.3406624631233e-08
"ARF3",7777,1772,1.34021512404549e-08
"GCC2",7777,1773,1.33554606970065e-08
"HOXB13",7777,1774,1.33003177707193e-08
"FDFT1",7777,1775,1.32992597551533e-08
"BAG1",7777,1776,1.32891732613723e-08
"RNF186",7777,1777,1.32851283549056e-08
"GOLGA4",7777,1778,1.31507551680965e-08
"SLC25A3",7777,1779,1.31378570685172e-08
"KTN1",7777,1780,1.30787233572685e-08
"TMEM223",7777,1781,1.30657723541781e-08
"KPNA2",7777,1782,1.30350985721033e-08
"TCF25",7777,1783,1.29926287811554e-08
"PPP2R5C",7777,1784,1.29906984901033e-08
"PKM",7777,1785,1.29675842173474e-08
"EIF4EBP2",7777,1786,1.29518292574035e-08
"SEC23B",7777,1787,1.29377820449747e-08
"DAZAP2",7777,1788,1.29324706555791e-08
"SMIM4",7777,1789,1.29282846225114e-08
"TARS",7777,1790,1.28869382620253e-08
"TOB1",7777,1791,1.28518189867478e-08
"NDUFB2",7777,1792,1.2851197205531e-08
"GTPBP6",7777,1793,1.27943489052947e-08
"METTL5",7777,1794,1.27915272533023e-08
"COA6",7777,1795,1.27204819507971e-08
"IDH3G",7777,1796,1.27138102906613e-08
"TXNRD1",7777,1797,1.26885458508609e-08
"NDUFS2",7777,1798,1.26770367899966e-08
"ZNF207",7777,1799,1.26742368747633e-08
"NDUFA6",7777,1800,1.26728763261178e-08
"SNW1",7777,1801,1.26430240282465e-08
"TRABD",7777,1802,1.26392019070645e-08
"IL1R2",7777,1803,1.26111739382629e-08
"LMNA",7777,1804,1.2606007351271e-08
"N4BP2L2",7777,1805,1.25850870675548e-08
"SND1",7777,1806,1.25574294721319e-08
"MRPL2",7777,1807,1.25547340432855e-08
"DDIT4",7777,1808,1.25515959122447e-08
"EMD",7777,1809,1.25184390691967e-08
"PKP3",7777,1810,1.25179575260312e-08
"PIM3",7777,1811,1.24839484389935e-08
"MLX",7777,1812,1.24743058765369e-08
"DTD1",7777,1813,1.24693524361322e-08
"UAP1",7777,1814,1.24297675277623e-08
"EFNB1",7777,1815,1.24260253748687e-08
"COX7A2L",7777,1816,1.24252764031795e-08
"NUDT14",7777,1817,1.2363343470102e-08
"PREB",7777,1818,1.23490868693876e-08
"ACTR10",7777,1819,1.23168895486046e-08
"TEX264",7777,1820,1.23037195643055e-08
"UBE2R2",7777,1821,1.22834912496821e-08
"LDHA",7777,1822,1.22540498114966e-08
"VPS35",7777,1823,1.22327798186055e-08
"UFM1",7777,1824,1.21984049536774e-08
"SLTM",7777,1825,1.21955224586686e-08
"P4HB",7777,1826,1.21950902812397e-08
"NSRP1",7777,1827,1.2189681471681e-08
"DYNC1H1",7777,1828,1.21869462783316e-08
"SERP1",7777,1829,1.21742955545561e-08
"SEPT2",7777,1830,1.21687091019377e-08
"IFITM3",7777,1831,1.21663912717561e-08
"CLDN4",7777,1832,1.21460858465662e-08
"GLTP",7777,1833,1.21173209179895e-08
"CST3",7777,1834,1.21078306264526e-08
"ANAPC15",7777,1835,1.2099456236102e-08
"CREB3L1",7777,1836,1.20962174040662e-08
"MRPL47",7777,1837,1.20804608394898e-08
"DPCD",7777,1838,1.20567842347165e-08
"ARPC3",7777,1839,1.20358577253482e-08
"COA1",7777,1840,1.2001539918596e-08
"IFT172",7777,1841,1.19981408780177e-08
"LDLR",7777,1842,1.19961799923013e-08
"RPN2",7777,1843,1.19589360420092e-08
"APLP2",7777,1844,1.1940846690916e-08
"PAIP1",7777,1845,1.19367881465661e-08
"GOT2",7777,1846,1.1925864359832e-08
"RAB6A",7777,1847,1.18672542299615e-08
"TMA7",7777,1848,1.18598986476611e-08
"STX10",7777,1849,1.18452062001666e-08
"KDELR1",7777,1850,1.18345072851649e-08
"ACIN1",7777,1851,1.18319852897883e-08
"ABCF1",7777,1852,1.18132298087363e-08
"AAMP",7777,1853,1.18098394325714e-08
"TMA16",7777,1854,1.17911422066127e-08
"MAP2K6",7777,1855,1.17596199944702e-08
"CAPN1",7777,1856,1.1758980796209e-08
"HDLBP",7777,1857,1.17501944923322e-08
"MARCKS",7777,1858,1.17144473730643e-08
"STT3B",7777,1859,1.17004672031069e-08
"MRPL28",7777,1860,1.16813699190771e-08
"TRAPPC4",7777,1861,1.16783467866538e-08
"COX6A1",7777,1862,1.16760242389031e-08
"LLGL2",7777,1863,1.16423529526528e-08
"RNF130",7777,1864,1.16341155458685e-08
"PNRC1",7777,1865,1.16266460736361e-08
"C4orf3",7777,1866,1.1613773386602e-08
"FBXL15",7777,1867,1.16114358769815e-08
"UQCRH",7777,1868,1.15887596879541e-08
"CKAP4",7777,1869,1.1569942280119e-08
"LMO4",7777,1870,1.15645173610234e-08
"PPA1",7777,1871,1.15233246829728e-08
"MPST",7777,1872,1.14724467193448e-08
"FGFBP1",7777,1873,1.14681438786444e-08
"MT1M",7777,1874,1.14629807184489e-08
"XPO1",7777,1875,1.14337448230078e-08
"ANKRD10",7777,1876,1.13867770374171e-08
"EXOSC1",7777,1877,1.13851324117604e-08
"TMCO1",7777,1878,1.13657526768872e-08
"CCDC12",7777,1879,1.12659906078899e-08
"PPP1CA",7777,1880,1.12198025954366e-08
"PKN2",7777,1881,1.12052845186133e-08
"EIF5",7777,1882,1.11952735567431e-08
"MRPS22",7777,1883,1.10601396510213e-08
"GNG5",7777,1884,1.10565939206323e-08
"EIF1B",7777,1885,1.10389324594154e-08
"ZC3H13",7777,1886,1.10367779680621e-08
"NUDT16L1",7777,1887,1.09713516675642e-08
"TGOLN2",7777,1888,1.08982503728331e-08
"FBXO7",7777,1889,1.08953727159096e-08
"PPP4R2",7777,1890,1.08905047595003e-08
"MRPL41",7777,1891,1.08729180734291e-08
"NDUFA12",7777,1892,1.08700361556261e-08
"MYO6",7777,1893,1.08535457329245e-08
"PPP2R2A",7777,1894,1.0768589208319e-08
"COX7A2",7777,1895,1.07187733631727e-08
"UBE2B",7777,1896,1.06902182367025e-08
"PTS",7777,1897,1.06680081587212e-08
"ROCK2",7777,1898,1.06666731199444e-08
"ACTN1",7777,1899,1.06625829405093e-08
"SYPL1",7777,1900,1.06256713547718e-08
"SPTAN1",7777,1901,1.06112056947797e-08
"RBM25",7777,1902,1.06094605809207e-08
"RWDD1",7777,1903,1.05975733620869e-08
"HOOK1",7777,1904,1.05890991120901e-08
"CANX",7777,1905,1.05689347335892e-08
"COX7C",7777,1906,1.05559504505103e-08
"PTEN",7777,1907,1.05337023416159e-08
"EIF4G2",7777,1908,1.05185568577537e-08
"PDHB",7777,1909,1.04989274878188e-08
"MRPL48",7777,1910,1.04973917219338e-08
"ARL6IP1",7777,1911,1.04205290420367e-08
"PDLIM1",7777,1912,1.04120319735335e-08
"EIF4H",7777,1913,1.04056349161834e-08
"GGA1",7777,1914,1.03971388995716e-08
"MRPL43",7777,1915,1.03782138712513e-08
"FUBP1",7777,1916,1.03744288513886e-08
"PSMC1",7777,1917,1.03509069932254e-08
"ITGA6",7777,1918,1.03499692430173e-08
"HSPA1B",7777,1919,1.03249383473423e-08
"ARL6IP4",7777,1920,1.03023218882398e-08
"SMDT1",7777,1921,1.03023118870739e-08
"CTNNB1",7777,1922,1.0288240617011e-08
"CCNB1",7777,1923,1.02861802935319e-08
"KDELR2",7777,1924,1.02685211020007e-08
"TMC6",7777,1925,1.02587815404627e-08
"LGALS1",7777,1926,1.02139019634051e-08
"CMC1",7777,1927,1.02073701181999e-08
"HLA-DMB",7777,1928,1.0159582283253e-08
"NDUFA5",7777,1929,1.01140519652234e-08
"ATP1A1",7777,1930,1.00191425444626e-08
"PGLS",7777,1931,1.00140129052387e-08
"SLC25A4",7777,1932,9.99140310288206e-09
"TIMM17B",7777,1933,9.94381809487461e-09
"ATP6V1G1",7777,1934,9.91425480617186e-09
"H1F0",7777,1935,9.86682177246517e-09
"IST1",7777,1936,9.83209757371982e-09
"KIAA1522",7777,1937,9.80080331863296e-09
"SHROOM3",7777,1938,9.79856162534673e-09
"UBALD2",7777,1939,9.79166201758408e-09
"GSDMD",7777,1940,9.79132749641204e-09
"HDDC2",7777,1941,9.75973734857964e-09
"GUK1",7777,1942,9.72900015585074e-09
"STXBP6",7777,1943,9.7253522831593e-09
"MAP2K3",7777,1944,9.70010992242529e-09
"CTDNEP1",7777,1945,9.67124255666865e-09
"IGFBP2",7777,1946,9.64099944049421e-09
"VDAC1",7777,1947,9.59619421839833e-09
"KCMF1",7777,1948,9.5636652660708e-09
"PSMB10",7777,1949,9.55969075607512e-09
"SRP19",7777,1950,9.55745823879336e-09
"KRT18",7777,1951,9.55219429310203e-09
"C1orf122",7777,1952,9.5381542056034e-09
"NDUFA7",7777,1953,9.52639523698463e-09
"PKP2",7777,1954,9.43305363038471e-09
"ECSIT",7777,1955,9.41840446803019e-09
"ZNF706",7777,1956,9.41781486797875e-09
"CRB3",7777,1957,9.3918152839998e-09
"KNOP1",7777,1958,9.37307393900978e-09
"DNM2",7777,1959,9.37098425485165e-09
"TAF7",7777,1960,9.36732661396418e-09
"SDF4",7777,1961,9.34245342250628e-09
"YWHAE",7777,1962,9.32254358842949e-09
"PIH1D1",7777,1963,9.32084082536352e-09
"HDAC1",7777,1964,9.30770764123721e-09
"RAB14",7777,1965,9.29584666914552e-09
"PNKD",7777,1966,9.29236047847879e-09
"RRBP1",7777,1967,9.28991277747427e-09
"MAOA",7777,1968,9.28574294914167e-09
"SRRM2",7777,1969,9.26087125526785e-09
"SLC7A1",7777,1970,9.22258174995125e-09
"TBRG4",7777,1971,9.17631762759105e-09
"JUP",7777,1972,9.17041655825292e-09
"HSBP1",7777,1973,9.09429568963267e-09
"H2AFY",7777,1974,9.07589082746248e-09
"PDXDC1",7777,1975,9.0732002381111e-09
"MTUS1",7777,1976,9.05676081669275e-09
"SNX17",7777,1977,9.05670091779103e-09
"ZFAND6",7777,1978,9.03848358544232e-09
"ZG16",7777,1979,9.02583239791537e-09
"MPZL2",7777,1980,9.01865861161221e-09
"PRKCSH",7777,1981,8.96643724365866e-09
"PALLD",7777,1982,8.93620687562946e-09
"MRPL42",7777,1983,8.90219896863945e-09
"LAMTOR2",7777,1984,8.89306581375785e-09
"SLC35C1",7777,1985,8.88616568034318e-09
"SEC61G",7777,1986,8.88538264533505e-09
"SAP18",7777,1987,8.87860608064721e-09
"PPP1R11",7777,1988,8.85978550922226e-09
"VOPP1",7777,1989,8.82411669733562e-09
"RAB25",7777,1990,8.8108885444586e-09
"ERGIC1",7777,1991,8.80338743715177e-09
"RNF7",7777,1992,8.79125503656273e-09
"COX7B",7777,1993,8.77468722733673e-09
"PQBP1",7777,1994,8.77303622561088e-09
"UBL5",7777,1995,8.76772881673975e-09
"TAP2",7777,1996,8.71713912733109e-09
"ORMDL2",7777,1997,8.66619474528281e-09
"GHITM",7777,1998,8.62915738703385e-09
"ACSS2",7777,1999,8.62646074066922e-09
"RAB5B",7777,2000,8.62556436130716e-09
"AKR1A1",7777,2001,8.62032591616716e-09
"SERINC3",7777,2002,8.56614814300824e-09
"ARHGAP27",7777,2003,8.55346882934007e-09
"SUMO3",7777,2004,8.53448520329483e-09
"MSRB1",7777,2005,8.53303331331479e-09
"PLGRKT",7777,2006,8.50361958672741e-09
"ERGIC2",7777,2007,8.46369977047785e-09
"LSR",7777,2008,8.43783635332529e-09
"FDX1",7777,2009,8.41325488099888e-09
"PDHA1",7777,2010,8.35048124626535e-09
"PPP3CA",7777,2011,8.31727745131695e-09
"EIF5A",7777,2012,8.29829388588966e-09
"CKMT1A",7777,2013,8.27998308320205e-09
"SPG21",7777,2014,8.26674714231833e-09
"DEGS2",7777,2015,8.25136859255938e-09
"PSME3",7777,2016,8.23600578910046e-09
"MKKS",7777,2017,8.23088411792666e-09
"GALNT3",7777,2018,8.22195264041836e-09
"TJP2",7777,2019,8.20374975944729e-09
"CKMT1B",7777,2020,8.20054771627651e-09
"BCAS2",7777,2021,8.19628082015758e-09
"PDCD4",7777,2022,8.18247077168626e-09
"ATP6V1F",7777,2023,8.17004267453039e-09
"G3BP2",7777,2024,8.14963055137929e-09
"SEC62",7777,2025,8.13024948557731e-09
"SSR1",7777,2026,8.11474675453595e-09
"MVD",7777,2027,8.10336920369175e-09
"NUDT22",7777,2028,8.09910169689677e-09
"MRPS9",7777,2029,8.07703124793174e-09
"PCSK7",7777,2030,8.02774959645692e-09
"RABAC1",7777,2031,8.02669684715503e-09
"UBE2J2",7777,2032,8.0198524439334e-09
"TWF1",7777,2033,8.01364530044884e-09
"ZNHIT3",7777,2034,7.98576017199401e-09
"TXNDC9",7777,2035,7.98536428393684e-09
"C9orf152",7777,2036,7.97394873777649e-09
"MORF4L1",7777,2037,7.9528864262009e-09
"ATF6B",7777,2038,7.94585958939788e-09
"PGK1",7777,2039,7.92712470237497e-09
"CAPRIN1",7777,2040,7.90392195457092e-09
"HSPA5",7777,2041,7.86980014437443e-09
"PPP2R1A",7777,2042,7.82069260581415e-09
"CCNDBP1",7777,2043,7.81932885774844e-09
"RNF126",7777,2044,7.81228633573024e-09
"MRPS18C",7777,2045,7.81025679362342e-09
"IFI6",7777,2046,7.80731566422698e-09
"EMC10",7777,2047,7.78414322709213e-09
"SMIM12",7777,2048,7.75763069557362e-09
"RAB2A",7777,2049,7.74382730730167e-09
"EFNA1",7777,2050,7.73285970377953e-09
"MRPS18B",7777,2051,7.7282891054728e-09
"WFDC2",7777,2052,7.70226124892435e-09
"ZC3HAV1",7777,2053,7.69746330507546e-09
"PDXK",7777,2054,7.68192734471687e-09
"LPGAT1",7777,2055,7.67891785670528e-09
"SREK1",7777,2056,7.63424623017819e-09
"SLC39A3",7777,2057,7.6209253341285e-09
"PPDPF",7777,2058,7.60399216175877e-09
"SAR1B",7777,2059,7.59422859119994e-09
"SLC44A3",7777,2060,7.58667878006123e-09
"NME3",7777,2061,7.58477162400433e-09
"CCNB2",7777,2062,7.56964436202174e-09
"IFI16",7777,2063,7.56936753515381e-09
"CD2BP2",7777,2064,7.56071673906363e-09
"DNPEP",7777,2065,7.55671111266148e-09
"FAM84A",7777,2066,7.55470263911014e-09
"COPZ1",7777,2067,7.54433667686363e-09
"TIPIN",7777,2068,7.5435636963741e-09
"DPY30",7777,2069,7.5118815574651e-09
"LEPROTL1",7777,2070,7.48191655563578e-09
"BRI3BP",7777,2071,7.48070058332267e-09
"GPAA1",7777,2072,7.43308655893383e-09
"AK2",7777,2073,7.42600910772246e-09
"GNB1",7777,2074,7.41063223131585e-09
"PPP1R35",7777,2075,7.39656480163476e-09
"GALNT1",7777,2076,7.39352801851673e-09
"NAA50",7777,2077,7.38607438188313e-09
"PDZD11",7777,2078,7.33920825794197e-09
"KRTCAP2",7777,2079,7.335430834739e-09
"EIF4E2",7777,2080,7.31123098975783e-09
"PMPCA",7777,2081,7.30505824746746e-09
"ELF1",7777,2082,7.30174350340761e-09
"TMEM14C",7777,2083,7.28897158392704e-09
"PAIP2",7777,2084,7.27016590170152e-09
"COPA",7777,2085,7.22751416220038e-09
"FGD5-AS1",7777,2086,7.22501375434375e-09
"C12orf10",7777,2087,7.20991987279899e-09
"DECR1",7777,2088,7.19587505751087e-09
"ARF4",7777,2089,7.18218849092075e-09
"DERL2",7777,2090,7.17830608769505e-09
"DDX24",7777,2091,7.16619024219716e-09
"HNRNPH3",7777,2092,7.15946735013905e-09
"CALR",7777,2093,7.12915981523921e-09
"CXADR",7777,2094,7.11262513949053e-09
"SQLE",7777,2095,7.10373633448273e-09
"PHF14",7777,2096,7.02513056531324e-09
"SMAGP",7777,2097,7.0118302130752e-09
"CD47",7777,2098,6.99393885946524e-09
"DYNLL2",7777,2099,6.98641923075726e-09
"ATP2A2",7777,2100,6.96022790893974e-09
"CISD2",7777,2101,6.94543529014992e-09
"HLA-DMA",7777,2102,6.93042627721846e-09
"MRPS18A",7777,2103,6.92267041155305e-09
"POF1B",7777,2104,6.85512699138776e-09
"SEPT9",7777,2105,6.83004281636421e-09
"PRELID1",7777,2106,6.79651271442957e-09
"CALU",7777,2107,6.69573836073145e-09
"INF2",7777,2108,6.68822762277126e-09
"LSM14A",7777,2109,6.65916789763909e-09
"CALM3",7777,2110,6.64647455103236e-09
"DDX54",7777,2111,6.64610613928365e-09
"TSG101",7777,2112,6.64139106072768e-09
"CPT1A",7777,2113,6.6314173098437e-09
"DDAH1",7777,2114,6.61454495770668e-09
"NDUFA11",7777,2115,6.61066866827337e-09
"UQCRQ",7777,2116,6.60609395465302e-09
"COX6C",7777,2117,6.59124629551581e-09
"CTDSP2",7777,2118,6.58063866714508e-09
"NR2F6",7777,2119,6.57450519348989e-09
"TPD52",7777,2120,6.56982908017914e-09
"UBB",7777,2121,6.51062118052506e-09
"ZBTB7A",7777,2122,6.49799255606089e-09
"IGHG4",7777,2123,6.47260728668325e-09
"MTCH1",7777,2124,6.45668888513641e-09
"APMAP",7777,2125,6.42165944118414e-09
"SATB2",7777,2126,6.42067540389577e-09
"TMEM11",7777,2127,6.416654057306e-09
"PDCL3",7777,2128,6.41012986300637e-09
"ZNF622",7777,2129,6.37689199779329e-09
"EXOSC7",7777,2130,6.34765873024472e-09
"IMMT",7777,2131,6.3434014822725e-09
"AP1M2",7777,2132,6.32657071837241e-09
"DDRGK1",7777,2133,6.32494874464428e-09
"PYCARD",7777,2134,6.30894868584295e-09
"KLHDC2",7777,2135,6.28887778997092e-09
"HYOU1",7777,2136,6.26714543155693e-09
"ILK",7777,2137,6.25650634169885e-09
"RAB1B",7777,2138,6.25520003604851e-09
"CEBPD",7777,2139,6.25258199185979e-09
"CBR1",7777,2140,6.24721405058946e-09
"SYF2",7777,2141,6.23699245325701e-09
"RAP1A",7777,2142,6.22951583866206e-09
"MAP4",7777,2143,6.18570014554735e-09
"IGHG1",7777,2144,6.18384145284958e-09
"DMBT1",7777,2145,6.18186770396195e-09
"TMEM125",7777,2146,6.16001955196639e-09
"ERN2",7777,2147,6.14914936740638e-09
"USH1C",7777,2148,6.14269964435389e-09
"COQ2",7777,2149,6.11638502307623e-09
"EWSR1",7777,2150,6.075668779942e-09
"IBTK",7777,2151,6.07298715880722e-09
"TM9SF3",7777,2152,6.04609283478582e-09
"DESI1",7777,2153,6.02062211739666e-09
"ORMDL1",7777,2154,6.00782348086685e-09
"AKAP9",7777,2155,5.99485970595402e-09
"LRPAP1",7777,2156,5.98019936516686e-09
"HNRNPUL2",7777,2157,5.97082347301409e-09
"CAPNS1",7777,2158,5.95567451507426e-09
"MYH9",7777,2159,5.9418262821934e-09
"ADIRF",7777,2160,5.92571512892376e-09
"COX5B",7777,2161,5.91685949867755e-09
"ELOVL1",7777,2162,5.88621278809468e-09
"HEXB",7777,2163,5.8390334022574e-09
"COPB2",7777,2164,5.79226601103395e-09
"INO80C",7777,2165,5.76836401260316e-09
"SEC31A",7777,2166,5.72292536086074e-09
"GSTO2",7777,2167,5.7227687299247e-09
"COQ4",7777,2168,5.71841926500182e-09
"PGRMC1",7777,2169,5.69919290408937e-09
"TAP1",7777,2170,5.68850221168067e-09
"EIF4A3",7777,2171,5.68319550093413e-09
"PCMT1",7777,2172,5.64909692197367e-09
"GNB2",7777,2173,5.60566129843344e-09
"PGAM1",7777,2174,5.57366408268823e-09
"YWHAG",7777,2175,5.53261111051435e-09
"PXMP2",7777,2176,5.53186054607129e-09
"ARPC1A",7777,2177,5.5301298954921e-09
"SNX6",7777,2178,5.51137321462784e-09
"MOB4",7777,2179,5.48914256635564e-09
"CTSB",7777,2180,5.4615562220091e-09
"VPS28",7777,2181,5.46071523668373e-09
"ARL1",7777,2182,5.45743935906609e-09
"DENND2A",7777,2183,5.45180264775567e-09
"HMG20B",7777,2184,5.44177731143787e-09
"AFG3L2",7777,2185,5.39789219157691e-09
"BIK",7777,2186,5.37106446082509e-09
"ARF5",7777,2187,5.36671347502773e-09
"ERP44",7777,2188,5.3622122581155e-09
"MRPS35",7777,2189,5.3479139848109e-09
"CSNK2B",7777,2190,5.34237651577615e-09
"ARHGAP32",7777,2191,5.29528534713696e-09
"MTCH2",7777,2192,5.28729183702037e-09
"WDR33",7777,2193,5.27329766682424e-09
"PARL",7777,2194,5.27081791650704e-09
"GIPC2",7777,2195,5.257027771521e-09
"TPM3",7777,2196,5.2511531208616e-09
"ADIPOR1",7777,2197,5.23542806184116e-09
"SF3B2",7777,2198,5.23195284917328e-09
"RABL6",7777,2199,5.21892957470498e-09
"CDV3",7777,2200,5.16413085339097e-09
"FUCA2",7777,2201,5.1537353075006e-09
"MPDU1",7777,2202,5.15082683104047e-09
"FAT1",7777,2203,5.14357901026241e-09
"NDUFA8",7777,2204,5.10192663771911e-09
"CCL23",7777,2205,5.09990699534178e-09
"FABP2",7777,2206,5.09829592865232e-09
"TSPYL1",7777,2207,5.09221195836884e-09
"LEPROT",7777,2208,5.08633137324983e-09
"MAPRE1",7777,2209,5.08213957635699e-09
"CHCHD7",7777,2210,5.07789629931513e-09
"MT1F",7777,2211,5.04856866049053e-09
"SOD1",7777,2212,5.02326117123802e-09
"CTSC",7777,2213,4.99799721920533e-09
"TUSC2",7777,2214,4.98280219041346e-09
"WDR83OS",7777,2215,4.96918664464989e-09
"BRK1",7777,2216,4.89177769259942e-09
"CLTC",7777,2217,4.89019192354894e-09
"TAF10",7777,2218,4.8842242702997e-09
"PCK1",7777,2219,4.88181115500277e-09
"PRKAR2A",7777,2220,4.86518521744893e-09
"ZC3H11A",7777,2221,4.85517254839288e-09
"ENSA",7777,2222,4.85217488680952e-09
"SLC39A1",7777,2223,4.81936797433284e-09
"ARHGDIA",7777,2224,4.81683784545275e-09
"C7orf55-LUC7L2",7777,2225,4.79524034882734e-09
"BID",7777,2226,4.79351975460851e-09
"PLA2G12A",7777,2227,4.78265424036547e-09
"TATDN1",7777,2228,4.77777517155294e-09
"MEAF6",7777,2229,4.776672003536e-09
"SCOC",7777,2230,4.73800405130145e-09
"TSPAN6",7777,2231,4.72721782714076e-09
"VMP1",7777,2232,4.72158177143476e-09
"NDUFA10",7777,2233,4.70210311228304e-09
"DPP3",7777,2234,4.69533230327697e-09
"NOSIP",7777,2235,4.69008936557808e-09
"TRA2A",7777,2236,4.68052373689007e-09
"IFT57",7777,2237,4.66319861211882e-09
"CC2D1A",7777,2238,4.66122387521362e-09
"PPP1R2",7777,2239,4.65544668734142e-09
"GJB1",7777,2240,4.64630211269279e-09
"PSMD3",7777,2241,4.61320606226589e-09
"RHEB",7777,2242,4.60646825118213e-09
"TNPO1",7777,2243,4.60278345007663e-09
"MYO1D",7777,2244,4.5913444509577e-09
"RTN3",7777,2245,4.57984303630922e-09
"SHISA5",7777,2246,4.56156833593687e-09
"WARS",7777,2247,4.55042697288249e-09
"ADD1",7777,2248,4.54391362956635e-09
"VDAC3",7777,2249,4.52649308936073e-09
"MGST1",7777,2250,4.52562621436569e-09
"LIMK2",7777,2251,4.52453822907556e-09
"TIMM44",7777,2252,4.52414292263926e-09
"RNASE1",7777,2253,4.52394756574712e-09
"CKLF",7777,2254,4.51970398309149e-09
"MUC5B",7777,2255,4.51288955673887e-09
"UBE2D3",7777,2256,4.50524748055902e-09
"UBAC1",7777,2257,4.50416045734526e-09
"DNAJC1",7777,2258,4.4602059234229e-09
"ZNF90",7777,2259,4.44358383151929e-09
"CIR1",7777,2260,4.42560427104722e-09
"CFTR",7777,2261,4.40197923458895e-09
"SCD",7777,2262,4.3979920655535e-09
"RBM7",7777,2263,4.38667465728431e-09
"MRPL33",7777,2264,4.36165354089611e-09
"SOD3",7777,2265,4.35406203430944e-09
"STAT6",7777,2266,4.34951854772481e-09
"DRG1",7777,2267,4.33707174677509e-09
"HAT1",7777,2268,4.32866606438315e-09
"TIMP1",7777,2269,4.32367973317239e-09
"ACTG1",7777,2270,4.30954588303772e-09
"RAB32",7777,2271,4.27630962015374e-09
"CLIC1",7777,2272,4.27521196853425e-09
"ATP2B1",7777,2273,4.26814362901514e-09
"TMEM98",7777,2274,4.26526112461915e-09
"CCDC25",7777,2275,4.25484647124479e-09
"THOP1",7777,2276,4.24199652239589e-09
"TMEM167A",7777,2277,4.23740570882234e-09
"CCDC6",7777,2278,4.23081950927455e-09
"VPS36",7777,2279,4.18677961433501e-09
"TOB2",7777,2280,4.18264432853009e-09
"PSMD1",7777,2281,4.17058958163706e-09
"MSI2",7777,2282,4.14964550839816e-09
"ABHD14B",7777,2283,4.13044160949002e-09
"SEL1L3",7777,2284,4.12281769501511e-09
"UBXN6",7777,2285,4.10478139411591e-09
"VAMP3",7777,2286,4.10044964623675e-09
"C9orf16",7777,2287,4.09189426120642e-09
"RPP25L",7777,2288,4.0886879785223e-09
"CYB5R3",7777,2289,4.0568183908532e-09
"FAM204A",7777,2290,4.02938692069219e-09
"ATP6V0E1",7777,2291,4.01034416783092e-09
"PTPRK",7777,2292,4.00202228944338e-09
"C12orf75",7777,2293,3.98592231981841e-09
"PLBD1",7777,2294,3.983350575543e-09
"NPC2",7777,2295,3.97112309344638e-09
"POLR2L",7777,2296,3.95331126121886e-09
"GLUD1",7777,2297,3.94850254392907e-09
"TACC1",7777,2298,3.93193756644751e-09
"SRSF4",7777,2299,3.92696756766055e-09
"COMMD3",7777,2300,3.92179903283877e-09
"AKT1",7777,2301,3.91038308967988e-09
"LSM12",7777,2302,3.90390169075675e-09
"DYNLRB1",7777,2303,3.90276846688798e-09
"GOLPH3",7777,2304,3.89880763355597e-09
"ISCU",7777,2305,3.87730822037812e-09
"UBE2Z",7777,2306,3.86376303312386e-09
"EPN1",7777,2307,3.85993829352859e-09
"SLC5A1",7777,2308,3.84821425954557e-09
"FAM162A",7777,2309,3.82929229324906e-09
"ERBB3",7777,2310,3.81143625708457e-09
"ABCD3",7777,2311,3.80831017521408e-09
"AKAP13",7777,2312,3.78921984320342e-09
"DNAJC8",7777,2313,3.77135611148212e-09
"IQGAP1",7777,2314,3.7667349967779e-09
"TINAGL1",7777,2315,3.7665780601489e-09
"JUND",7777,2316,3.75684376142342e-09
"OAT",7777,2317,3.74283655517513e-09
"ZC3H15",7777,2318,3.72037878479398e-09
"SLC38A1",7777,2319,3.71838338703225e-09
"SPTLC2",7777,2320,3.70392947793005e-09
"DDB1",7777,2321,3.69769455511961e-09
"PAK1",7777,2322,3.69694870973966e-09
"EML2",7777,2323,3.69000385691182e-09
"NAA38",7777,2324,3.6883198710868e-09
"METTL9",7777,2325,3.64232065313154e-09
"KLF10",7777,2326,3.64017266669983e-09
"NDUFA4",7777,2327,3.62842776757993e-09
"NARF",7777,2328,3.62369711073677e-09
"EIF1",7777,2329,3.61931635193583e-09
"INSR",7777,2330,3.60402683021982e-09
"TMED2",7777,2331,3.58379020497065e-09
"SPR",7777,2332,3.54665963488457e-09
"NDUFA3",7777,2333,3.53005710099035e-09
"ETNK1",7777,2334,3.51875953632565e-09
"ANXA7",7777,2335,3.50270819132114e-09
"NSMCE4A",7777,2336,3.49658992910219e-09
"RSBN1L",7777,2337,3.49325294774174e-09
"GAK",7777,2338,3.48371016941243e-09
"RNF181",7777,2339,3.47903671028055e-09
"CAND1",7777,2340,3.47815787042503e-09
"SLC25A1",7777,2341,3.46669590091624e-09
"SLC39A7",7777,2342,3.46239172960343e-09
"ANXA5",7777,2343,3.46207770068529e-09
"JAK1",7777,2344,3.46148926243231e-09
"EHD4",7777,2345,3.45385394843281e-09
"PSMB8",7777,2346,3.45378875575258e-09
"GFER",7777,2347,3.44612000926886e-09
"SMIM20",7777,2348,3.44221600204022e-09
"ZDHHC3",7777,2349,3.40535563877789e-09
"STAG2",7777,2350,3.40051388734379e-09
"SMS",7777,2351,3.39524520947366e-09
"LPP",7777,2352,3.39092577783397e-09
"PRDX5",7777,2353,3.35894099346703e-09
"TES",7777,2354,3.33800105353926e-09
"DAG1",7777,2355,3.33128203635158e-09
"FASTK",7777,2356,3.32993166477886e-09
"HADHB",7777,2357,3.32266587073942e-09
"RASSF7",7777,2358,3.30265153838199e-09
"CLDN3",7777,2359,3.28927143517952e-09
"KIAA2013",7777,2360,3.27271390057709e-09
"MORF4L2",7777,2361,3.26928206617331e-09
"JAGN1",7777,2362,3.26255576555882e-09
"JUNB",7777,2363,3.25313143027025e-09
"ETFA",7777,2364,3.2506109917587e-09
"KLF3",7777,2365,3.24767779862351e-09
"TP53TG1",7777,2366,3.23688952266711e-09
"MRPS36",7777,2367,3.23426161933323e-09
"PABPN1",7777,2368,3.18646683414463e-09
"DSP",7777,2369,3.17990416225318e-09
"BCAP29",7777,2370,3.17972293982618e-09
"GRSF1",7777,2371,3.17769931955073e-09
"PTPRF",7777,2372,3.15532376503663e-09
"ENY2",7777,2373,3.13455114304058e-09
"UBQLN1",7777,2374,3.13450769725777e-09
"C15orf61",7777,2375,3.12459154861806e-09
"GPBP1L1",7777,2376,3.1151895491055e-09
"FOXP1",7777,2377,3.10269238248048e-09
"HMGCL",7777,2378,3.09803620466387e-09
"MAF1",7777,2379,3.07062729269596e-09
"MLPH",7777,2380,3.06638672162664e-09
"TMEM173",7777,2381,3.05905331490381e-09
"PRPF8",7777,2382,3.05576375402585e-09
"PSENEN",7777,2383,3.03764597488204e-09
"CBLC",7777,2384,3.02810773862691e-09
"TMEM106B",7777,2385,3.02556672085873e-09
"BIRC6",7777,2386,3.00837167738508e-09
"IER3IP1",7777,2387,3.00298956205506e-09
"TMEM134",7777,2388,2.98879326972028e-09
"PNP",7777,2389,2.98819159622973e-09
"SMARCD2",7777,2390,2.98063679906462e-09
"SPINK4",7777,2391,2.95872446405011e-09
"PRDX1",7777,2392,2.93546124618687e-09
"DAP",7777,2393,2.91482452088454e-09
"SPAG7",7777,2394,2.89215429192016e-09
"CLN3",7777,2395,2.87114714514969e-09
"SLC3A2",7777,2396,2.85172022665667e-09
"MSRB2",7777,2397,2.85037172780547e-09
"DDR1",7777,2398,2.84241884037199e-09
"PPHLN1",7777,2399,2.83243963567426e-09
"SBDS",7777,2400,2.82685670434472e-09
"WASF2",7777,2401,2.82435873788768e-09
"DCAF11",7777,2402,2.81211408907193e-09
"DNAJC10",7777,2403,2.80688907085342e-09
"NCLN",7777,2404,2.79374884686809e-09
"GSPT1",7777,2405,2.79268240570876e-09
"SFT2D1",7777,2406,2.78045172777072e-09
"CMTM6",7777,2407,2.77945476016706e-09
"GUSB",7777,2408,2.77792876780279e-09
"FAM3C",7777,2409,2.75873937309168e-09
"HTATSF1",7777,2410,2.73998996099006e-09
"EMC3",7777,2411,2.73020697301772e-09
"STX4",7777,2412,2.72560271190839e-09
"RARRES1",7777,2413,2.72179833226075e-09
"MLST8",7777,2414,2.72062586942459e-09
"CALM1",7777,2415,2.71275735908008e-09
"HNMT",7777,2416,2.69866182109468e-09
"NDUFB3",7777,2417,2.69612348758817e-09
"DDT",7777,2418,2.66238984144572e-09
"KEAP1",7777,2419,2.65464806899314e-09
"SI",7777,2420,2.64080413599869e-09
"PPCS",7777,2421,2.62577940112849e-09
"TRAPPC3",7777,2422,2.58841392308383e-09
"CHMP3",7777,2423,2.57542903073329e-09
"DCTN3",7777,2424,2.56658211190516e-09
"BAZ1A",7777,2425,2.56184608394046e-09
"FAAH",7777,2426,2.55961090496698e-09
"TNIP1",7777,2427,2.55253561279498e-09
"GSS",7777,2428,2.55026260372591e-09
"NDUFS4",7777,2429,2.54705671126627e-09
"HEXA",7777,2430,2.54140649623942e-09
"DBNL",7777,2431,2.53194433779974e-09
"TMEM256",7777,2432,2.51569786805129e-09
"POLR2K",7777,2433,2.48818610810105e-09
"MOB1A",7777,2434,2.48735016974135e-09
"UBE2E3",7777,2435,2.47495285955341e-09
"GOT1",7777,2436,2.4582266653581e-09
"MPG",7777,2437,2.45496922684331e-09
"KIF5B",7777,2438,2.44262993990919e-09
"FOXA3",7777,2439,2.42204698346977e-09
"CDK10",7777,2440,2.41661717259876e-09
"EFCAB14",7777,2441,2.3947845759114e-09
"SUPT5H",7777,2442,2.39461293231183e-09
"MTRNR2L3",7777,2443,2.38894075147692e-09
"IDI1",7777,2444,2.37126459512968e-09
"ARRDC1",7777,2445,2.36850883828415e-09
"DERA",7777,2446,2.35071864725415e-09
"ATOX1",7777,2447,2.34739928262467e-09
"INSIG1",7777,2448,2.3473616304592e-09
"CD99",7777,2449,2.34489265488478e-09
"HOOK2",7777,2450,2.33991318088133e-09
"NCOR1",7777,2451,2.33917081980333e-09
"CNDP2",7777,2452,2.3330770661618e-09
"BAD",7777,2453,2.32631108873139e-09
"NDUFB4",7777,2454,2.32340057818562e-09
"ARCN1",7777,2455,2.31746049114888e-09
"PTRHD1",7777,2456,2.30878128401511e-09
"SREK1IP1",7777,2457,2.30061325185106e-09
"SEPT7",7777,2458,2.29446382998229e-09
"C1GALT1C1",7777,2459,2.28837048548711e-09
"BACE2",7777,2460,2.27356005711285e-09
"VPS37B",7777,2461,2.26473500030353e-09
"FIBP",7777,2462,2.25256456012992e-09
"RNPEP",7777,2463,2.24462174961043e-09
"CCL15",7777,2464,2.23994454927065e-09
"COX6B1",7777,2465,2.23565168031893e-09
"SIAE",7777,2466,2.21189894931808e-09
"NDUFC1",7777,2467,2.20083811961104e-09
"SDHA",7777,2468,2.17498572367791e-09
"ADSS",7777,2469,2.16946645616084e-09
"BECN1",7777,2470,2.16924278936689e-09
"SH3D19",7777,2471,2.1689551341298e-09
"TP53I11",7777,2472,2.16396210036016e-09
"ICAM3",7777,2473,2.16162267694807e-09
"SIL1",7777,2474,2.15942041695081e-09
"NUDT16",7777,2475,2.15732320676465e-09
"ERBB2",7777,2476,2.1480007254255e-09
"UBE2D1",7777,2477,2.14636794445143e-09
"CCS",7777,2478,2.12972358512771e-09
"ACADVL",7777,2479,2.12806519217836e-09
"TSPAN13",7777,2480,2.12080097016117e-09
"ASNA1",7777,2481,2.1125181940605e-09
"DDAH2",7777,2482,2.10439731047728e-09
"NDUFB1",7777,2483,2.09834872389394e-09
"UQCR11",7777,2484,2.09087741837274e-09
"PREP",7777,2485,2.08034334722201e-09
"B3GNT7",7777,2486,2.05536176999796e-09
"TMEM14A",7777,2487,2.04900368653375e-09
"CARHSP1",7777,2488,2.04588380791808e-09
"SYAP1",7777,2489,2.03874076652756e-09
"HAGH",7777,2490,2.02327027533317e-09
"SURF1",7777,2491,2.01405238440472e-09
"MMADHC",7777,2492,2.01349714208341e-09
"PFKL",7777,2493,2.01169630444091e-09
"ACADS",7777,2494,2.01157401589177e-09
"STRAP",7777,2495,1.99968157437628e-09
"ABLIM1",7777,2496,1.99943688869182e-09
"EML4",7777,2497,1.99641318797025e-09
"ERGIC3",7777,2498,1.99278837106211e-09
"PRPF6",7777,2499,1.99134649679772e-09
"GRINA",7777,2500,1.98995441755165e-09
"MTPN",7777,2501,1.9852685133587e-09
"CTNNBIP1",7777,2502,1.98123282499906e-09
"ESRP1",7777,2503,1.9338172941217e-09
"TRAM1",7777,2504,1.92001438966194e-09
"ST6GALNAC1",7777,2505,1.90832832685958e-09
"UBXN4",7777,2506,1.89367662676299e-09
"ITPR3",7777,2507,1.87235351679877e-09
"CDS1",7777,2508,1.8681489202891e-09
"SERPINA1",7777,2509,1.86674158652727e-09
"FAM32A",7777,2510,1.85947368298485e-09
"FAR1",7777,2511,1.85909155076905e-09
"DPM3",7777,2512,1.85774306200679e-09
"C8orf82",7777,2513,1.82728401505515e-09
"HES4",7777,2514,1.8224223852421e-09
"DDA1",7777,2515,1.81687783476887e-09
"NMI",7777,2516,1.81595575151974e-09
"GMFB",7777,2517,1.78946374657976e-09
"CANT1",7777,2518,1.78946002885337e-09
"PPP1R12A",7777,2519,1.77936366750328e-09
"RAD23B",7777,2520,1.77856457312757e-09
"DRAM2",7777,2521,1.77632385168732e-09
"HRAS",7777,2522,1.75739924530967e-09
"CHP2",7777,2523,1.75469157626807e-09
"MAPK1",7777,2524,1.75170335107067e-09
"TM2D1",7777,2525,1.72909083133048e-09
"USO1",7777,2526,1.72140729076599e-09
"FAM213B",7777,2527,1.70094914257253e-09
"UBE2L6",7777,2528,1.69464376301071e-09
"RAB13",7777,2529,1.68890559063528e-09
"FLII",7777,2530,1.68847828582273e-09
"CAMTA1",7777,2531,1.68307657352612e-09
"HADH",7777,2532,1.67532717465053e-09
"PGM1",7777,2533,1.65464547235269e-09
"APH1A",7777,2534,1.64571644966108e-09
"UBA1",7777,2535,1.640836252739e-09
"YIPF4",7777,2536,1.63908994984964e-09
"LENG8",7777,2537,1.62791318915154e-09
"E2F4",7777,2538,1.62686580032409e-09
"GOLGA3",7777,2539,1.6207876053005e-09
"CALCOCO2",7777,2540,1.59467675541481e-09
"ENOSF1",7777,2541,1.59454144535798e-09
"PEF1",7777,2542,1.5881389291984e-09
"ATP2C1",7777,2543,1.5854109433069e-09
"PET100",7777,2544,1.58496031606279e-09
"CWC15",7777,2545,1.57933365688267e-09
"ASPH",7777,2546,1.56355765239142e-09
"PCBP1",7777,2547,1.55862312560279e-09
"FBP1",7777,2548,1.55832159968041e-09
"PAFAH1B2",7777,2549,1.55347671252054e-09
"NXPE4",7777,2550,1.54567658383488e-09
"POMP",7777,2551,1.53919383072315e-09
"CASP6",7777,2552,1.53844844487951e-09
"CA7",7777,2553,1.52993639219367e-09
"USP14",7777,2554,1.51963381785108e-09
"SYNGR2",7777,2555,1.50616903641505e-09
"TMEM219",7777,2556,1.49180786211515e-09
"ARF1",7777,2557,1.49057734864336e-09
"LGALS9",7777,2558,1.48208547353958e-09
"ECHDC2",7777,2559,1.47894559840238e-09
"IDH1",7777,2560,1.46735138554381e-09
"PRPF38A",7777,2561,1.45951917271212e-09
"FUNDC2",7777,2562,1.4517676034078e-09
"SDC4",7777,2563,1.45148431397711e-09
"MFSD10",7777,2564,1.44929015505726e-09
"KIF1C",7777,2565,1.44503889586908e-09
"PSMA1",7777,2566,1.43814972347757e-09
"SNX3",7777,2567,1.43094284157689e-09
"PMPCB",7777,2568,1.42780985820346e-09
"ACOT13",7777,2569,1.42124321456943e-09
"IDH3A",7777,2570,1.41241210098158e-09
"CHCHD1",7777,2571,1.40765697980824e-09
"NDUFS1",7777,2572,1.40733310507852e-09
"SDF2",7777,2573,1.39670776221738e-09
"BSG",7777,2574,1.38383329535637e-09
"MINOS1",7777,2575,1.38324296917048e-09
"TCEAL8",7777,2576,1.37362223618278e-09
"NACA2",7777,2577,1.36017985188423e-09
"NCBP2",7777,2578,1.35754406477957e-09
"HSPB11",7777,2579,1.35032304757996e-09
"MAGT1",7777,2580,1.3458032153039e-09
"NFE2L2",7777,2581,1.33294054802771e-09
"NCKAP1",7777,2582,1.33176179938762e-09
"GNAI3",7777,2583,1.33123860614259e-09
"YPEL5",7777,2584,1.33094863742515e-09
"PCGF5",7777,2585,1.32786177215875e-09
"HMGCS2",7777,2586,1.32289257639804e-09
"DNAJA2",7777,2587,1.31886248388412e-09
"UFC1",7777,2588,1.30859289307764e-09
"ARMC10",7777,2589,1.30825558233668e-09
"MPLKIP",7777,2590,1.29015422229628e-09
"CYB561",7777,2591,1.2894315510679e-09
"ELF3",7777,2592,1.26528190071857e-09
"BABAM1",7777,2593,1.25419324043992e-09
"ASAH1",7777,2594,1.24440848555417e-09
"DCTN2",7777,2595,1.24353890881993e-09
"CEBPB",7777,2596,1.2226188549128e-09
"EAPP",7777,2597,1.21714811492413e-09
"FLOT1",7777,2598,1.21370960929086e-09
"ZRANB2",7777,2599,1.20930617218696e-09
"SPINK1",7777,2600,1.20735044467586e-09
"CNPPD1",7777,2601,1.20705020961733e-09
"LSM1",7777,2602,1.20221184526998e-09
"VTI1B",7777,2603,1.20164347454045e-09
"HIBCH",7777,2604,1.18762045436134e-09
"ATG12",7777,2605,1.18553307614579e-09
"GALM",7777,2606,1.17665497385859e-09
"RAB4A",7777,2607,1.17483003885683e-09
"SSU72",7777,2608,1.16761775273877e-09
"STK25",7777,2609,1.16497722772288e-09
"TBCA",7777,2610,1.16313425299179e-09
"LAMP1",7777,2611,1.1533969358821e-09
"SUCLG1",7777,2612,1.15234294028374e-09
"AP2B1",7777,2613,1.1489264558277e-09
"SHARPIN",7777,2614,1.14596651209004e-09
"NEU4",7777,2615,1.1454769386305e-09
"CITED2",7777,2616,1.14365100939349e-09
"DNAJC7",7777,2617,1.13992128248438e-09
"LMAN1",7777,2618,1.13956473740896e-09
"SNRPB2",7777,2619,1.13616475912787e-09
"TNFRSF14",7777,2620,1.13464030767928e-09
"PNPLA4",7777,2621,1.13457921579785e-09
"UBXN1",7777,2622,1.13291322011993e-09
"COQ9",7777,2623,1.13117224791882e-09
"HMGCR",7777,2624,1.13067659622999e-09
"DYNLT1",7777,2625,1.11312241082262e-09
"POLR3GL",7777,2626,1.09790097703278e-09
"AP3S1",7777,2627,1.09774136017692e-09
"WDR13",7777,2628,1.08960358549405e-09
"TSTD1",7777,2629,1.07913126020739e-09
"NDUFV2",7777,2630,1.06991916978453e-09
"TRAF4",7777,2631,1.06544771838706e-09
"MT1X",7777,2632,1.05896378371152e-09
"DYNC1LI2",7777,2633,1.04830932564375e-09
"NAE1",7777,2634,1.04656233900249e-09
"PTPN18",7777,2635,1.04013322250021e-09
"U2AF2",7777,2636,1.03818492170956e-09
"ESRRA",7777,2637,1.03715651369987e-09
"MPZL1",7777,2638,1.03480920574636e-09
"MTRNR2L12",7777,2639,1.03350124749436e-09
"UROS",7777,2640,1.03053417920239e-09
"IK",7777,2641,1.02573663636505e-09
"MGAT2",7777,2642,1.01177879646257e-09
"FKBP3",7777,2643,1.01064663316442e-09
"STT3A",7777,2644,1.00396342975689e-09
"MCRS1",7777,2645,1.00161435386513e-09
"HM13",7777,2646,9.97248699090291e-10
"EPB41L2",7777,2647,9.82016245495496e-10
"PPP1R7",7777,2648,9.8000294326835e-10
"C9orf78",7777,2649,9.78196468238587e-10
"CPNE3",7777,2650,9.72942643109774e-10
"SCCPDH",7777,2651,9.57396104975214e-10
"TSN",7777,2652,9.53699632359686e-10
"MRPS10",7777,2653,9.49206235690328e-10
"TMEM126B",7777,2654,9.45934029686188e-10
"CAPZB",7777,2655,9.34959515933821e-10
"NEMF",7777,2656,9.23312423206271e-10
"TMEM258",7777,2657,9.1325315323727e-10
"DERL1",7777,2658,9.06979737687788e-10
"JOSD2",7777,2659,8.86657993204874e-10
"IFITM2",7777,2660,8.85753226865322e-10
"KDELR3",7777,2661,8.70858220794289e-10
"UBE2F",7777,2662,8.69702332446352e-10
"TIMMDC1",7777,2663,8.68740180866658e-10
"TMEM248",7777,2664,8.67351788856807e-10
"MPHOSPH8",7777,2665,8.56903268708196e-10
"TSSC4",7777,2666,8.48369838327807e-10
"ARFIP2",7777,2667,8.43295621858599e-10
"ARSE",7777,2668,8.36254716730728e-10
"NDUFA13",7777,2669,8.18144455060456e-10
"ELOF1",7777,2670,8.15386116916082e-10
"CETN2",7777,2671,8.14727849428971e-10
"MUC2",7777,2672,8.093918868487e-10
"RAB11B",7777,2673,8.03593229824885e-10
"HSPA4",7777,2674,7.90463544976883e-10
"OST4",7777,2675,7.87953673061938e-10
"FTL",7777,2676,7.78010500392227e-10
"ZMPSTE24",7777,2677,7.64729580779593e-10
"LYPLA1",7777,2678,7.49854898055617e-10
"MRPL35",7777,2679,7.48691638627104e-10
"TRAF7",7777,2680,7.47308236477891e-10
"PRADC1",7777,2681,7.45518839908511e-10
"ENTPD6",7777,2682,7.3868807912994e-10
"ECI2",7777,2683,7.35234592204907e-10
"SAMM50",7777,2684,7.33653497038723e-10
"MAPK1IP1L",7777,2685,7.24986162711100e-10
"SLC50A1",7777,2686,7.22283402100353e-10
"TSPAN15",7777,2687,7.21703443366844e-10
"GSTK1",7777,2688,7.12442743298131e-10
"VIL1",7777,2689,7.09982061227576e-10
"ATP6AP1",7777,2690,6.97739656033236e-10
"NSFL1C",7777,2691,6.96405269598183e-10
"NMT1",7777,2692,6.96111827475004e-10
"TFCP2L1",7777,2693,6.94041772650331e-10
"RPF1",7777,2694,6.91967220673047e-10
"COPS5",7777,2695,6.87730806340624e-10
"LONP2",7777,2696,6.76047682716355e-10
"LARP7",7777,2697,6.53660721348506e-10
"PPP1R12B",7777,2698,6.52433609437568e-10
"SRP14",7777,2699,6.50993823350119e-10
"NFU1",7777,2700,6.48745394133751e-10
"TMEM183A",7777,2701,6.48561260278658e-10
"ANAPC13",7777,2702,6.48484225722433e-10
"CASC4",7777,2703,6.48089656164e-10
"SERTAD1",7777,2704,6.34287414516724e-10
"COX8A",7777,2705,6.26061032149049e-10
"TXNL1",7777,2706,6.25546395138397e-10
"FAM50A",7777,2707,6.25186483209985e-10
"TMEM126A",7777,2708,6.22909759176942e-10
"GPX2",7777,2709,6.18405624335591e-10
"RNF167",7777,2710,6.1543990950311e-10
"ZDHHC12",7777,2711,6.10628446241944e-10
"GTF2A2",7777,2712,6.10260439497799e-10
"ILVBL",7777,2713,6.09057676188389e-10
"XBP1",7777,2714,6.04132818868419e-10
"CDK5RAP3",7777,2715,5.9929465736364e-10
"TMEM165",7777,2716,5.94263326951242e-10
"SURF4",7777,2717,5.89706053179464e-10
"PSMD12",7777,2718,5.87615856957809e-10
"NCOA4",7777,2719,5.83047158722173e-10
"ECHDC1",7777,2720,5.72667139536513e-10
"AIMP1",7777,2721,5.49520520920021e-10
"ALDH1A1",7777,2722,5.48584390567337e-10
"RAB5C",7777,2723,5.47222735335743e-10
"TFRC",7777,2724,5.44106735748209e-10
"BROX",7777,2725,5.4242920565623e-10
"UBE2M",7777,2726,5.4158693253723e-10
"LGALS2",7777,2727,5.24212019175343e-10
"HSD17B4",7777,2728,5.1950258265539e-10
"LGMN",7777,2729,5.16289958219529e-10
"PSMG2",7777,2730,5.14253475036542e-10
"ADI1",7777,2731,5.11919942068619e-10
"CCNC",7777,2732,5.10813868016891e-10
"GLOD4",7777,2733,5.06027424327601e-10
"PIN4",7777,2734,4.99353149460454e-10
"CNIH1",7777,2735,4.94691529540653e-10
"UQCR10",7777,2736,4.84126064089431e-10
"KXD1",7777,2737,4.7896222421756e-10
"TMEM30B",7777,2738,4.75505812030605e-10
"NUCB1",7777,2739,4.71912562326432e-10
"VBP1",7777,2740,4.66517143963108e-10
"PYGB",7777,2741,4.636055654011e-10
"SNX2",7777,2742,4.61548881842473e-10
"MRPS5",7777,2743,4.57697038099383e-10
"RHOT2",7777,2744,4.57495166165098e-10
"NTPCR",7777,2745,4.51609487751646e-10
"CDC26",7777,2746,4.50016413217038e-10
"MANBAL",7777,2747,4.48041277402874e-10
"CLPTM1L",7777,2748,4.44680178885366e-10
"SMIM15",7777,2749,4.40883408018554e-10
"CSNK1D",7777,2750,4.31655241666531e-10
"MKRN1",7777,2751,4.30952376832544e-10
"MGMT",7777,2752,4.3048091420794e-10
"OTUB1",7777,2753,4.23575071254229e-10
"FAM120AOS",7777,2754,4.12185742699262e-10
"PSMB9",7777,2755,4.07939213726858e-10
"AES",7777,2756,4.06617825304928e-10
"PSMF1",7777,2757,4.04904707012669e-10
"FBXW5",7777,2758,4.04187626638808e-10
"UBE2K",7777,2759,4.03980380343949e-10
"HMGCS1",7777,2760,4.02493534825604e-10
"CD151",7777,2761,3.87887639998247e-10
"EMC8",7777,2762,3.83286868374929e-10
"MAP3K11",7777,2763,3.74682787134526e-10
"HSD17B11",7777,2764,3.70864034255214e-10
"ACAT1",7777,2765,3.44605697791781e-10
"BZW1",7777,2766,3.3986787567313e-10
"SRD5A3",7777,2767,3.37784111381564e-10
"MYO1C",7777,2768,3.34580247845816e-10
"SZRD1",7777,2769,3.33195629576738e-10
"PRKAR1A",7777,2770,3.13403679591558e-10
"RALY",7777,2771,3.12920895888465e-10
"ICA1",7777,2772,3.12888038518079e-10
"SMIM7",7777,2773,3.01973421439067e-10
"PGD",7777,2774,3.01971120975158e-10
"ZFYVE21",7777,2775,2.96025072431643e-10
"PAK2",7777,2776,2.95200492406975e-10
"SDHC",7777,2777,2.93369222046758e-10
"AP2M1",7777,2778,2.9129233208436e-10
"ZMAT2",7777,2779,2.91257451026955e-10
"MTIF3",7777,2780,2.85665031717784e-10
"CREB3",7777,2781,2.84158929099064e-10
"DAP3",7777,2782,2.77285620776757e-10
"SKP1",7777,2783,2.73404605908164e-10
"PCNP",7777,2784,2.70554687529181e-10
"PSME1",7777,2785,2.67982730615397e-10
"TMX1",7777,2786,2.61406203369485e-10
"SUB1",7777,2787,2.59424319423935e-10
"TMUB1",7777,2788,2.51020907661122e-10
"UBE2V2",7777,2789,2.49044645553261e-10
"ADH5",7777,2790,2.4854601119619e-10
"SDC1",7777,2791,2.40097298480892e-10
"SLC37A1",7777,2792,2.39654745487756e-10
"LAP3",7777,2793,2.3692349136494e-10
"SUMO1",7777,2794,2.36313304442892e-10
"SPIB",7777,2795,2.35465708478597e-10
"COMMD1",7777,2796,2.32319388044009e-10
"FBXO25",7777,2797,2.30266202027201e-10
"COPB1",7777,2798,2.28702080722002e-10
"C22orf39",7777,2799,2.24509039228769e-10
"SCFD1",7777,2800,2.19840612877851e-10
"GDE1",7777,2801,2.19128561301776e-10
"TRPM4",7777,2802,2.16417854514764e-10
"NDUFV3",7777,2803,2.14851796830061e-10
"HERPUD1",7777,2804,2.14748206322194e-10
"TFF3",7777,2805,2.13767408501808e-10
"HLA-DRB5",7777,2806,2.11718647696454e-10
"MGAT4B",7777,2807,2.11129323302699e-10
"SDHD",7777,2808,2.06571124849884e-10
"C6orf136",7777,2809,2.0203470871703e-10
"RDH11",7777,2810,2.01469661400722e-10
"YWHAB",7777,2811,2.00913968562073e-10
"PTOV1",7777,2812,1.99984869393168e-10
"RAB8A",7777,2813,1.99582586667901e-10
"LETM1",7777,2814,1.95114223112079e-10
"RHOA",7777,2815,1.89555028209363e-10
"MVB12A",7777,2816,1.86241826067607e-10
"RNF10",7777,2817,1.8457220811679e-10
"MBD2",7777,2818,1.82775085920451e-10
"PPP1R16A",7777,2819,1.82234075824403e-10
"MED28",7777,2820,1.77256561961892e-10
"RRAGA",7777,2821,1.76997443290845e-10
"ETF1",7777,2822,1.69810339490017e-10
"IFI27L2",7777,2823,1.6943032743211e-10
"APOPT1",7777,2824,1.67301940387783e-10
"HADHA",7777,2825,1.64113016457e-10
"NOX1",7777,2826,1.58499634306666e-10
"MARVELD3",7777,2827,1.56498278885813e-10
"AKR7A2",7777,2828,1.56418773365584e-10
"DHCR24",7777,2829,1.5633413771055e-10
"CYB5B",7777,2830,1.53998606744569e-10
"RABGGTB",7777,2831,1.53561533112195e-10
"LRRFIP2",7777,2832,1.51440091174435e-10
"ACO2",7777,2833,1.48047080634832e-10
"RNF114",7777,2834,1.47302445327881e-10
"TAPBPL",7777,2835,1.46365722430627e-10
"SCAMP2",7777,2836,1.46137396735692e-10
"TNFRSF12A",7777,2837,1.3840512705705e-10
"SUCLG2",7777,2838,1.37098636806001e-10
"CLCA1",7777,2839,1.35252408752589e-10
"NAPA",7777,2840,1.34510409420408e-10
"NDUFA2",7777,2841,1.3374194296374e-10
"SGSM3",7777,2842,1.29605883838112e-10
"SEPHS2",7777,2843,1.28406576389622e-10
"MT2A",7777,2844,1.28315018346853e-10
"POLR2J",7777,2845,1.26609794619257e-10
"MMP7",7777,2846,1.24717919924814e-10
"ERLEC1",7777,2847,1.20469858148535e-10
"CEBPA",7777,2848,1.19860743621642e-10
"ZFAND2B",7777,2849,1.19495021184131e-10
"EIF4E",7777,2850,1.19446690945854e-10
"VPS26A",7777,2851,1.15792674845121e-10
"DCTN6",7777,2852,1.13686985211614e-10
"ARPC4",7777,2853,1.10751958349421e-10
"ACSL3",7777,2854,1.0819350024514e-10
"UQCRC2",7777,2855,1.06533175445014e-10
"MCFD2",7777,2856,1.04927709002663e-10
"ZBTB8OS",7777,2857,1.04426627827279e-10
"HEXIM1",7777,2858,1.02773904784237e-10
"CHMP1A",7777,2859,1.01967000480028e-10
"CMTM4",7777,2860,1.01768938281224e-10
"ISCA2",7777,2861,9.88551509141908e-11
"ZNRD1",7777,2862,9.64412830794744e-11
"HNRNPH2",7777,2863,9.58052972723418e-11
"NDUFB5",7777,2864,9.57711076367684e-11
"CAT",7777,2865,9.56739033336933e-11
"AAMDC",7777,2866,9.2394963470236e-11
"ZCCHC10",7777,2867,8.74641616441308e-11
"XPNPEP1",7777,2868,8.73399474167873e-11
"MAT2B",7777,2869,8.53503420727579e-11
"YIPF3",7777,2870,8.37620910924409e-11
"PSMD11",7777,2871,8.23872994715020e-11
"CYCS",7777,2872,8.2001440101854e-11
"UBE2E1",7777,2873,8.15770603779293e-11
"RTCB",7777,2874,8.12968961679334e-11
"DLD",7777,2875,8.04319846698894e-11
"ALDH3A2",7777,2876,7.98463477366592e-11
"OS9",7777,2877,7.97001908273837e-11
"LGALS3BP",7777,2878,7.89647162646432e-11
"PRMT2",7777,2879,7.71821270941697e-11
"MSMO1",7777,2880,7.70934218503047e-11
"TPM1",7777,2881,7.6567908965165e-11
"NARS",7777,2882,7.59086060940446e-11
"SAP30BP",7777,2883,7.57296427191120e-11
"PSMC6",7777,2884,7.45086920175481e-11
"ITLN1",7777,2885,7.42168636791088e-11
"DHX29",7777,2886,7.39328442560121e-11
"UBE2D2",7777,2887,7.35543395142877e-11
"TMEM170A",7777,2888,7.25722655782128e-11
"MAPK13",7777,2889,7.23877216256213e-11
"AP3D1",7777,2890,7.21064335216728e-11
"LACTB2",7777,2891,7.11347285091685e-11
"EPHX2",7777,2892,7.03202802852117e-11
"PPP6C",7777,2893,6.77812810075008e-11
"IFT27",7777,2894,6.65617888554097e-11
"DNTTIP1",7777,2895,6.60226657144784e-11
"UHMK1",7777,2896,6.51665381651608e-11
"HPS1",7777,2897,6.47896714759499e-11
"SNX7",7777,2898,6.22896248723666e-11
"SAR1A",7777,2899,6.03260898144889e-11
"THAP4",7777,2900,5.76153987290064e-11
"UNC50",7777,2901,5.66000909191145e-11
"SLC30A9",7777,2902,5.64558456250734e-11
"SUPT4H1",7777,2903,5.49641099670753e-11
"MTRNR2L1",7777,2904,5.44526205201875e-11
"TADA3",7777,2905,5.03473146160558e-11
"TTC38",7777,2906,4.92551658531034e-11
"GGNBP2",7777,2907,4.87806630091403e-11
"MT1G",7777,2908,4.47723698526556e-11
"HSBP1L1",7777,2909,4.40761228960848e-11
"SLC38A10",7777,2910,4.27846552588676e-11
"ZNF326",7777,2911,4.27173399129403e-11
"LLPH",7777,2912,4.19481266889775e-11
"SLC39A5",7777,2913,3.92527805614521e-11
"ATP6AP2",7777,2914,3.89134690524018e-11
"ALKBH7",7777,2915,3.85703434439893e-11
"LTBR",7777,2916,3.79001401523818e-11
"OCIAD1",7777,2917,3.73944532298838e-11
"CCDC47",7777,2918,3.57834918972566e-11
"IFT20",7777,2919,3.46025545768447e-11
"LCMT1",7777,2920,3.28472866730108e-11
"PGRMC2",7777,2921,3.26198142900328e-11
"HOXB7",7777,2922,3.1991571666519e-11
"MCUR1",7777,2923,3.13196685682492e-11
"VAMP2",7777,2924,3.10113850573622e-11
"FKBP8",7777,2925,3.08511376146458e-11
"PSMB4",7777,2926,3.03464098647758e-11
"DSTN",7777,2927,3.01859162371122e-11
"SRP54",7777,2928,2.98529916714587e-11
"IAH1",7777,2929,2.96995465877973e-11
"YIPF6",7777,2930,2.89138825850948e-11
"PIGP",7777,2931,2.88682038400786e-11
"SIGIRR",7777,2932,2.87531087194825e-11
"SAT2",7777,2933,2.84434323199926e-11
"ARHGDIB",7777,2934,2.76163633232475e-11
"TMEM50B",7777,2935,2.62598550705478e-11
"SLC35A1",7777,2936,2.58212283236792e-11
"PIGF",7777,2937,2.54620203103248e-11
"POLR2C",7777,2938,2.48623202775742e-11
"TMEM33",7777,2939,2.44808632326803e-11
"CDX2",7777,2940,2.41919404051029e-11
"DHPS",7777,2941,2.35937398465481e-11
"MTX2",7777,2942,2.30619159673759e-11
"NDRG2",7777,2943,2.12826207796763e-11
"MAGED2",7777,2944,2.11395022114548e-11
"PFDN1",7777,2945,1.99469443832917e-11
"HINT1",7777,2946,1.9715326274937e-11
"CSRP1",7777,2947,1.90881929570304e-11
"AIFM1",7777,2948,1.88350147158468e-11
"SAFB",7777,2949,1.79347040507487e-11
"C6orf203",7777,2950,1.79293428473968e-11
"MAEA",7777,2951,1.75207731011227e-11
"MGAT1",7777,2952,1.7273714029191e-11
"ADAM15",7777,2953,1.70238987675135e-11
"GID8",7777,2954,1.58167833767423e-11
"UBE2N",7777,2955,1.57022126025625e-11
"COX14",7777,2956,1.52876823788464e-11
"SUGT1",7777,2957,1.44546011544805e-11
"TMEM259",7777,2958,1.39780199545579e-11
"EGLN2",7777,2959,1.37352417360392e-11
"AVPI1",7777,2960,1.36915791327974e-11
"TSR3",7777,2961,1.35993488055815e-11
"FKBP1A",7777,2962,1.35929562235982e-11
"REG1A",7777,2963,1.34823519554484e-11
"EMP2",7777,2964,1.29859978189123e-11
"PIGT",7777,2965,1.28427495908026e-11
"CLPTM1",7777,2966,1.26173065785328e-11
"SF3B4",7777,2967,1.25763061363409e-11
"RARS",7777,2968,1.22827724901399e-11
"COASY",7777,2969,1.21311044197147e-11
"IP6K2",7777,2970,1.17798510086324e-11
"CPNE1",7777,2971,1.07531599921176e-11
"BDH1",7777,2972,1.02053134137706e-11
"CYHR1",7777,2973,1.01385555678533e-11
"CHTOP",7777,2974,9.07934373270176e-12
"LYPLA2",7777,2975,8.51046732061485e-12
"NADK",7777,2976,8.01339892272815e-12
"RNF5",7777,2977,7.71982554155527e-12
"MED10",7777,2978,7.66638501709519e-12
"C1orf43",7777,2979,7.10284997653306e-12
"TMED4",7777,2980,6.75927384087545e-12
"HARS",7777,2981,6.60878005017782e-12
"COMMD7",7777,2982,6.42822765966394e-12
"GTF2H5",7777,2983,6.39310049813357e-12
"TNIP2",7777,2984,5.57795808561351e-12
"DEFA5",7777,2985,5.09659504723221e-12
"CDK16",7777,2986,4.67741253771035e-12
"FAM192A",7777,2987,4.49969068775159e-12
"AUNIP",7777,2988,4.15709958331519e-12
"GORASP2",7777,2989,3.91572438106488e-12
"TCEA3",7777,2990,3.58518168907435e-12
"BAG6",7777,2991,3.3319829120827e-12
"RNPEPL1",7777,2992,1.93774492396899e-12
"IRF3",7777,2993,1.77305001306232e-12
"RFXANK",7777,2994,8.54684075251693e-13
"REG1B",7777,2995,4.18049833424898e-13
"EBAG9",7777,2996,5.55817112052169e-14
"MED4",7777,2997,7.62185011772649e-17
"TTC1",7777,2998,4.96160570607923e-17
"DEFA6",7777,2999,4.86430393440738e-17
"ANAPC16",7777,3000,4.62700695587028e-17
"REG3A",7777,3001,3.36583303284331e-17
"NIPA2",7777,3002,1.59976725100659e-17
"PPP2CA",7777,3003,1.18317253889902e-17
"GART",8888,1,1.92896752440036e-05
"TFF1",8888,2,1.23954685037459e-07
"KRT20",8888,3,1.0474676309192e-07
"KRT19",8888,4,1.00257036692385e-07
"SLC12A2",8888,5,8.83818382164082e-08
"SDCBP2",8888,6,8.82827697795526e-08
"TSPAN1",8888,7,8.73311285328022e-08
"NAP1L1",8888,8,8.48382821939393e-08
"LDHB",8888,9,8.3374926239586e-08
"S100P",8888,10,8.27915317798364e-08
"GAS5",8888,11,7.52046363097242e-08
"NME1",8888,12,7.33298785835003e-08
"IGHM",8888,13,7.32560320524446e-08
"CDK4",8888,14,7.24019723821833e-08
"RANBP1",8888,15,7.13874973086374e-08
"IGJ",8888,16,7.12127030276489e-08
"BTG2",8888,17,6.82423553345615e-08
"NPM1",8888,18,6.80446602529136e-08
"CDCA7",8888,19,6.66419973779963e-08
"IMPDH2",8888,20,6.64395707973692e-08
"AKR1B10",8888,21,6.53777583301036e-08
"EIF3L",8888,22,6.50315465198341e-08
"MZB1",8888,23,6.46584965171758e-08
"PABPC1",8888,24,6.37265027121265e-08
"SET",8888,25,6.36352110048201e-08
"EPHB2",8888,26,6.31454057304378e-08
"FBL",8888,27,6.28617552653992e-08
"DUT",8888,28,6.27595113507206e-08
"ASCL2",8888,29,6.22370878477409e-08
"OLFM4",8888,30,6.19966923184875e-08
"IGLC3",8888,31,6.1406814514062e-08
"KRT8",8888,32,6.12741317271928e-08
"GDPD3",8888,33,6.06110105291648e-08
"REG4",8888,34,6.03620749387535e-08
"EEF1A1",8888,35,6.01946269831419e-08
"IGKC",8888,36,5.98218702401762e-08
"C17orf76-AS1",8888,37,5.92745955227969e-08
"SLC51B",8888,38,5.8691413922126e-08
"LGALS3",8888,39,5.81167647314325e-08
"SNHG6",8888,40,5.80493144213629e-08
"GLTSCR2",8888,41,5.80153609127565e-08
"MCM7",8888,42,5.74383325376869e-08
"HLA-DPB1",8888,43,5.63284728559281e-08
"S100A14",8888,44,5.6176523917111e-08
"PTMA",8888,45,5.59428287222448e-08
"NHP2",8888,46,5.5244008747679e-08
"HSPD1",8888,47,5.50620326507409e-08
"HNRNPA1",8888,48,5.50153428572618e-08
"CD74",8888,49,5.47169899798729e-08
"HLA-DPA1",8888,50,5.45804661386826e-08
"IGHA1",8888,51,5.44435236834818e-08
"IGHG3",8888,52,5.44326337472754e-08
"SOX4",8888,53,5.43360389840492e-08
"MALL",8888,54,5.40990911332141e-08
"POLD2",8888,55,5.39426919739327e-08
"IGLC2",8888,56,5.33600227614117e-08
"CNN3",8888,57,5.32685616836676e-08
"C1QBP",8888,58,5.30624277362997e-08
"NPM3",8888,59,5.27729973061704e-08
"S100A16",8888,60,5.2759470665619e-08
"SLC25A6",8888,61,5.26354778419761e-08
"STMN1",8888,62,5.17133614418535e-08
"H2AFZ",8888,63,5.13008477025309e-08
"HRCT1",8888,64,5.08448889807505e-08
"IL1R2",8888,65,5.03588114527361e-08
"MMP28",8888,66,4.99150105846677e-08
"EEF2",8888,67,4.97950638599361e-08
"GINS2",8888,68,4.97359340471915e-08
"TYMS",8888,69,4.9395953185563e-08
"RAN",8888,70,4.93762527843506e-08
"GNB2L1",8888,71,4.88990236287125e-08
"CA2",8888,72,4.8258526765189e-08
"EIF3E",8888,73,4.79664574223447e-08
"DEK",8888,74,4.7789123126042e-08
"C19orf48",8888,75,4.73510153987402e-08
"EEF1B2",8888,76,4.73205213427833e-08
"PLAC8",8888,77,4.69411870917088e-08
"IGHG2",8888,78,4.68640820887171e-08
"HMGN1",8888,79,4.63191047011817e-08
"HMGA1",8888,80,4.62021065906447e-08
"SNRPB",8888,81,4.59524276219211e-08
"HMGN2",8888,82,4.58332968129745e-08
"IGLC7",8888,83,4.57932220984116e-08
"CLTB",8888,84,4.54803606810248e-08
"PA2G4",8888,85,4.52496329835695e-08
"VIM",8888,86,4.52281403718424e-08
"CEACAM1",8888,87,4.48058011144507e-08
"TOMM7",8888,88,4.46715767637714e-08
"EGR1",8888,89,4.39487297379753e-08
"HLA-DRA",8888,90,4.37411197816199e-08
"NFIA",8888,91,4.36561296770168e-08
"PAICS",8888,92,4.30747875251064e-08
"GCNT3",8888,93,4.3005760459013e-08
"CD44",8888,94,4.26802057842917e-08
"ANXA2",8888,95,4.26208232334949e-08
"NOP56",8888,96,4.24321679990371e-08
"NME4",8888,97,4.23859806975663e-08
"ETS2",8888,98,4.23751113319416e-08
"ZFP36L2",8888,99,4.22760926270587e-08
"NASP",8888,100,4.21680503884789e-08
"PPP1R15A",8888,101,4.21022000558259e-08
"AGR2",8888,102,4.21009334461284e-08
"SMOC2",8888,103,4.2035992608797e-08
"TUBA1B",8888,104,4.19071326826534e-08
"HNRNPA0",8888,105,4.1860676277777e-08
"PDE4C",8888,106,4.17348939155599e-08
"PRMT1",8888,107,4.16977076618737e-08
"NCL",8888,108,4.16685985866509e-08
"TOMM40",8888,109,4.16567446159484e-08
"CEACAM6",8888,110,4.16484194504781e-08
"FABP5",8888,111,4.15597551370663e-08
"EIF4EBP1",8888,112,4.15536782392236e-08
"TUBB",8888,113,4.14710517188475e-08
"SRGN",8888,114,4.14575963394215e-08
"C6orf48",8888,115,4.09791656469393e-08
"APEX1",8888,116,4.08527052635664e-08
"SERBP1",8888,117,4.0629822140822e-08
"FOSB",8888,118,4.03692380071387e-08
"FOS",8888,119,4.02689486756816e-08
"EPHB3",8888,120,3.99150512356129e-08
"IGLV6-57",8888,121,3.96905079334169e-08
"RGMB",8888,122,3.96724920315075e-08
"LUM",8888,123,3.95076965093564e-08
"MZT2A",8888,124,3.94243762525847e-08
"ALDH1B1",8888,125,3.94136079217557e-08
"EBNA1BP2",8888,126,3.94063486569106e-08
"SNRPD1",8888,127,3.93688509193827e-08
"SLC22A18AS",8888,128,3.90634672909289e-08
"HSP90AB1",8888,129,3.86310192933386e-08
"YBX1",8888,130,3.84075874645941e-08
"TIMM13",8888,131,3.83617107473851e-08
"GPX4",8888,132,3.8332762273969e-08
"PTPRO",8888,133,3.82477078517917e-08
"HELLS",8888,134,3.79809023611055e-08
"SRM",8888,135,3.79423745854395e-08
"PEBP1",8888,136,3.78591133732713e-08
"PARK7",8888,137,3.78025034957085e-08
"SNHG7",8888,138,3.76826570726873e-08
"JUN",8888,139,3.73296728775577e-08
"PHB",8888,140,3.73293860321439e-08
"GGCT",8888,141,3.70484978439213e-08
"SNRPE",8888,142,3.6871944536755e-08
"MRPS26",8888,143,3.68692525284505e-08
"PYCR1",8888,144,3.68560372795624e-08
"RP11-48O20.4",8888,145,3.68331326822346e-08
"SNHG8",8888,146,3.66294711723154e-08
"HMGN3",8888,147,3.65408940887623e-08
"ZFAS1",8888,148,3.65083229477254e-08
"CD320",8888,149,3.64776074718692e-08
"SIVA1",8888,150,3.64321598421216e-08
"H3F3A",8888,151,3.63793102925426e-08
"SF3B5",8888,152,3.63792516662185e-08
"ZFP36L1",8888,153,3.62815164387601e-08
"NACA",8888,154,3.62602905990097e-08
"HSP90AA1",8888,155,3.59481711123145e-08
"NUCKS1",8888,156,3.59172095076638e-08
"REPIN1",8888,157,3.56261873908322e-08
"SNRPD2",8888,158,3.55421266537266e-08
"HMGB1",8888,159,3.54659802000003e-08
"DNMT1",8888,160,3.52997422545386e-08
"COMMD6",8888,161,3.52858520090621e-08
"HSPE1",8888,162,3.52554412577828e-08
"PCNA",8888,163,3.51633607887587e-08
"AQP1",8888,164,3.47788827650616e-08
"CCNG1",8888,165,3.47779815499399e-08
"KIAA0101",8888,166,3.42084479828017e-08
"MRPL11",8888,167,3.41986016587421e-08
"RBMX",8888,168,3.41563004614418e-08
"CCT2",8888,169,3.40258491672755e-08
"RHOB",8888,170,3.39795647786409e-08
"CDA",8888,171,3.37443906708941e-08
"RGS1",8888,172,3.37249330449777e-08
"CCDC85B",8888,173,3.34904480693764e-08
"PRAC1",8888,174,3.34483912648572e-08
"DERL3",8888,175,3.34117124479935e-08
"PARP1",8888,176,3.33237013426581e-08
"GMNN",8888,177,3.32898496489095e-08
"EIF3F",8888,178,3.32098188474992e-08
"RP11-304L19.5",8888,179,3.3148442602917e-08
"PCBP2",8888,180,3.30074914912911e-08
"FLNB",8888,181,3.30016006652657e-08
"SLPI",8888,182,3.28773300253682e-08
"CEACAM7",8888,183,3.27392969717659e-08
"GADD45GIP1",8888,184,3.25689106759726e-08
"LEFTY1",8888,185,3.24819660562461e-08
"C11orf86",8888,186,3.2435218271612e-08
"DCTPP1",8888,187,3.23960489152818e-08
"BANF1",8888,188,3.23043980020759e-08
"PRDX2",8888,189,3.22849588553911e-08
"ATF3",8888,190,3.2155075266204e-08
"LSM5",8888,191,3.20598442326047e-08
"HMGB2",8888,192,3.20527194013954e-08
"U2AF1",8888,193,3.20454502108863e-08
"LSM2",8888,194,3.20212612040234e-08
"EIF3I",8888,195,3.19392784171594e-08
"BTG1",8888,196,3.19308874777115e-08
"IGHA2",8888,197,3.18215658396865e-08
"MRPL12",8888,198,3.17271415966038e-08
"EIF1AX",8888,199,3.14358066746926e-08
"TMEM123",8888,200,3.13278303227454e-08
"CUTA",8888,201,3.1282517613175e-08
"CDK6",8888,202,3.11554744258004e-08
"MRPS34",8888,203,3.114488903618e-08
"CACYBP",8888,204,3.09406229480422e-08
"NR4A1",8888,205,3.08672823037979e-08
"PSMG1",8888,206,3.0780175134443e-08
"RRP7A",8888,207,3.07431144160756e-08
"C17orf89",8888,208,3.06682588726572e-08
"TRMT112",8888,209,3.06608743624039e-08
"MCM5",8888,210,3.05963959312427e-08
"LSM4",8888,211,3.04037166191374e-08
"SRSF7",8888,212,3.0402838283432e-08
"HSPA8",8888,213,3.029094915311e-08
"CLNS1A",8888,214,3.02207101898404e-08
"PLCD3",8888,215,3.0203850109558e-08
"CDT1",8888,216,3.00271816887632e-08
"DKC1",8888,217,3.00056924062964e-08
"RHOF",8888,218,2.97244614466996e-08
"MLEC",8888,219,2.95989094734064e-08
"MIR24-2",8888,220,2.95148961514171e-08
"CAPN8",8888,221,2.94967305279848e-08
"NUDC",8888,222,2.94677149269455e-08
"RSL1D1",8888,223,2.93746889363173e-08
"ZNF511",8888,224,2.92070574028526e-08
"LINC00035",8888,225,2.91053923906174e-08
"FABP1",8888,226,2.90703648329121e-08
"CCDC34",8888,227,2.90483850569863e-08
"NOP16",8888,228,2.90264122114767e-08
"NBEAL1",8888,229,2.87497345540657e-08
"PLA2G10",8888,230,2.87281767816747e-08
"SNRPF",8888,231,2.8522829404282e-08
"NHP2L1",8888,232,2.84842495274854e-08
"APRT",8888,233,2.84812826559415e-08
"STOML2",8888,234,2.83796009714902e-08
"C16orf13",8888,235,2.82797851428811e-08
"SRSF2",8888,236,2.82209836846615e-08
"DANCR",8888,237,2.81934471512591e-08
"MARCKSL1",8888,238,2.8176233114144e-08
"PTGES3",8888,239,2.81406617939988e-08
"SSBP1",8888,240,2.8129228426697e-08
"SLC6A8",8888,241,2.80984206056447e-08
"WDR34",8888,242,2.80629541701337e-08
"NOP58",8888,243,2.80576247632278e-08
"SNRNP25",8888,244,2.79338380033739e-08
"TMEM147",8888,245,2.78920050041332e-08
"DUSP1",8888,246,2.78457155442887e-08
"SNRPC",8888,247,2.78162302952395e-08
"APOE",8888,248,2.78063437853949e-08
"DUOX2",8888,249,2.77677502646056e-08
"CENPM",8888,250,2.7738644625976e-08
"ATP5G1",8888,251,2.76995243752573e-08
"HDGF",8888,252,2.7448963030326e-08
"NGFRAP1",8888,253,2.74157892856286e-08
"EIF4B",8888,254,2.73535085896926e-08
"NFIC",8888,255,2.72647584952734e-08
"HES1",8888,256,2.71028853653214e-08
"CDHR5",8888,257,2.70631304057657e-08
"ANP32B",8888,258,2.70442734210006e-08
"DNPH1",8888,259,2.70338111946976e-08
"AGPAT2",8888,260,2.69850748203857e-08
"SLC22A18",8888,261,2.69665851578958e-08
"FN1",8888,262,2.6876864119221e-08
"HNRNPD",8888,263,2.68662835589036e-08
"CCT7",8888,264,2.68342670071316e-08
"FGFBP1",8888,265,2.66934622261334e-08
"CELF2",8888,266,2.66845326334621e-08
"IDH2",8888,267,2.6586045717923e-08
"DNAJB1",8888,268,2.65728694491585e-08
"FEN1",8888,269,2.65296334231346e-08
"TUBA4A",8888,270,2.65270164831845e-08
"DUSP2",8888,271,2.64620018936594e-08
"MRTO4",8888,272,2.64447401943829e-08
"TMEM97",8888,273,2.64257340959446e-08
"ASNS",8888,274,2.61768509025756e-08
"BCAS1",8888,275,2.61670825790803e-08
"PRDX4",8888,276,2.6123316320908e-08
"H2AFV",8888,277,2.60539934836577e-08
"IGFBP7",8888,278,2.60316091539433e-08
"YBX3",8888,279,2.59841869835965e-08
"EEF1D",8888,280,2.59789866645183e-08
"EGR3",8888,281,2.5966798600503e-08
"MLTK",8888,282,2.59130321749801e-08
"CD79A",8888,283,2.58294749790093e-08
"CCT5",8888,284,2.5809268121876e-08
"DTYMK",8888,285,2.5748871427265e-08
"FABP2",8888,286,2.56782177248248e-08
"MXD1",8888,287,2.56580875656369e-08
"DHRS9",8888,288,2.55408989530164e-08
"SSB",8888,289,2.55109059978558e-08
"SMARCC1",8888,290,2.54494745361717e-08
"C20orf27",8888,291,2.54051583025307e-08
"HLA-DQB1",8888,292,2.53880229238868e-08
"HK2",8888,293,2.53747640385126e-08
"PHB2",8888,294,2.53735990106962e-08
"PHGR1",8888,295,2.53487621404866e-08
"CHCHD2",8888,296,2.53166428530962e-08
"POLE3",8888,297,2.53070885065228e-08
"EIF3D",8888,298,2.52513281446103e-08
"TOMM20",8888,299,2.52389419326007e-08
"ERH",8888,300,2.5194414456474e-08
"MYADM",8888,301,2.51739267666009e-08
"FERMT1",8888,302,2.51188557851655e-08
"COL3A1",8888,303,2.51091512748614e-08
"CCDC14",8888,304,2.51066905860889e-08
"MUC13",8888,305,2.51052788407666e-08
"MISP",8888,306,2.50753171888879e-08
"EMP1",8888,307,2.50429657079323e-08
"SUMO2",8888,308,2.50061775402296e-08
"HNRNPA3",8888,309,2.49901369118227e-08
"FAM133B",8888,310,2.4798732317868e-08
"HNRNPDL",8888,311,2.47966362565811e-08
"MRPL24",8888,312,2.47664305168711e-08
"GAS6",8888,313,2.47115944370548e-08
"YPEL5",8888,314,2.46289988796477e-08
"TPT1",8888,315,2.44650002099528e-08
"SLC25A39",8888,316,2.44149460221327e-08
"SRPK1",8888,317,2.44139051005992e-08
"CCT6A",8888,318,2.43998283616361e-08
"SRSF3",8888,319,2.43722823199648e-08
"SIGMAR1",8888,320,2.43285115103683e-08
"UBE2T",8888,321,2.4312768727999e-08
"IGHG4",8888,322,2.42690115076461e-08
"EEF1E1",8888,323,2.41932381173488e-08
"NFKBIA",8888,324,2.41806231671449e-08
"CEACAM5",8888,325,2.41396281881145e-08
"PSIP1",8888,326,2.39532291611455e-08
"EMG1",8888,327,2.39420618195368e-08
"CYC1",8888,328,2.38897449731655e-08
"ZWINT",8888,329,2.38893947744257e-08
"NCOA7",8888,330,2.38295932898619e-08
"EIF3K",8888,331,2.37853262714308e-08
"ZNF90",8888,332,2.37712848383376e-08
"EIF3H",8888,333,2.36933658202287e-08
"AHCY",8888,334,2.36848787122524e-08
"GSTP1",8888,335,2.36505761285101e-08
"PCBD1",8888,336,2.36178507733822e-08
"BTF3",8888,337,2.36113427755804e-08
"KRTCAP3",8888,338,2.35964782222563e-08
"SNHG16",8888,339,2.35905473308078e-08
"HLA-DRB1",8888,340,2.34374577201768e-08
"PNRC1",8888,341,2.3400804106314e-08
"NDUFAB1",8888,342,2.33886057728311e-08
"LGALS1",8888,343,2.32666788424191e-08
"NDUFS8",8888,344,2.31869754759879e-08
"FAM96A",8888,345,2.31741461844274e-08
"CCT8",8888,346,2.31433913732936e-08
"SLC39A8",8888,347,2.31137049457638e-08
"PTPLAD1",8888,348,2.30986617934355e-08
"SNHG5",8888,349,2.30599051599634e-08
"PMAIP1",8888,350,2.30074657730628e-08
"MRPS12",8888,351,2.29738284056603e-08
"TRA2B",8888,352,2.29382872888085e-08
"PKIB",8888,353,2.29350828373253e-08
"GCSH",8888,354,2.28547719744739e-08
"IRF2BP2",8888,355,2.27962502086736e-08
"SLC38A5",8888,356,2.27956817274328e-08
"SSRP1",8888,357,2.27472905253903e-08
"CERS6",8888,358,2.27095155596717e-08
"PPIB",8888,359,2.26339549433841e-08
"RMI2",8888,360,2.26222950095332e-08
"TP53",8888,361,2.26215427391861e-08
"S100A11",8888,362,2.25990887348665e-08
"ISG20",8888,363,2.25786453569585e-08
"MCM3",8888,364,2.25473193348859e-08
"OAS1",8888,365,2.2541331381911e-08
"DDX21",8888,366,2.24970436700824e-08
"MRPL17",8888,367,2.2431553232475e-08
"GLO1",8888,368,2.23193311192431e-08
"SPINK1",8888,369,2.21994103576995e-08
"S100A6",8888,370,2.21912812152129e-08
"STRA13",8888,371,2.21570240421398e-08
"TUFM",8888,372,2.2139057796666e-08
"PHLDA2",8888,373,2.21134771385932e-08
"EXOSC5",8888,374,2.20646994610808e-08
"COL17A1",8888,375,2.20474142961805e-08
"ILF2",8888,376,2.19788765818536e-08
"ABCC3",8888,377,2.19570941603481e-08
"RNASEH2A",8888,378,2.19308001297407e-08
"FAU",8888,379,2.1821270603212e-08
"NUDT8",8888,380,2.17721058733697e-08
"TGIF1",8888,381,2.17450461776647e-08
"DCXR",8888,382,2.17157046041731e-08
"SLC16A3",8888,383,2.16224558730528e-08
"FRMD3",8888,384,2.15769502809338e-08
"IGHG1",8888,385,2.15747638289729e-08
"CCNI",8888,386,2.15583857505781e-08
"CCT4",8888,387,2.15313636942938e-08
"TMEM106C",8888,388,2.14993277735855e-08
"EBPL",8888,389,2.14815055193521e-08
"GTF3A",8888,390,2.13525428078852e-08
"USP1",8888,391,2.13443835988144e-08
"ENO1",8888,392,2.13269637099257e-08
"FUS",8888,393,2.1298914637038e-08
"MRPL20",8888,394,2.12777248814083e-08
"PDCD5",8888,395,2.12729621409954e-08
"ASF1B",8888,396,2.11990410534649e-08
"PRKDC",8888,397,2.11850935189535e-08
"CMSS1",8888,398,2.11723753344994e-08
"CCT3",8888,399,2.10818025009957e-08
"CLDN7",8888,400,2.10816092011425e-08
"C9orf142",8888,401,2.10766897754466e-08
"QARS",8888,402,2.10710603132386e-08
"ATP5E",8888,403,2.10676762118247e-08
"SLC26A3",8888,404,2.10196591465718e-08
"HNRNPC",8888,405,2.0875716220556e-08
"TK1",8888,406,2.0873048800853e-08
"LINC00483",8888,407,2.08514254345182e-08
"POLR2G",8888,408,2.0848828101403e-08
"SLC40A1",8888,409,2.084728494886e-08
"UBA52",8888,410,2.08274165947156e-08
"MKI67",8888,411,2.08273225541197e-08
"GGH",8888,412,2.07991366742406e-08
"MUC2",8888,413,2.07977324901975e-08
"TPGS2",8888,414,2.07756639090085e-08
"RHOBTB3",8888,415,2.07408964204507e-08
"CCND2",8888,416,2.073456992839e-08
"POLR3K",8888,417,2.07252664513083e-08
"TSC22D3",8888,418,2.07217525576734e-08
"PPP1R1B",8888,419,2.06983644522842e-08
"NOL7",8888,420,2.06222273531897e-08
"SH3BGRL3",8888,421,2.05754805894588e-08
"EXOSC8",8888,422,2.05647772675347e-08
"SEPP1",8888,423,2.05501571987803e-08
"HLA-DQA1",8888,424,2.05441996675128e-08
"RGCC",8888,425,2.05053848634064e-08
"HES6",8888,426,2.04639797555122e-08
"TOMM22",8888,427,2.04559813770102e-08
"PSMA7",8888,428,2.04229253481668e-08
"EPS8L1",8888,429,2.04213168290149e-08
"XDH",8888,430,2.03876967036741e-08
"MRPL4",8888,431,2.0364968001069e-08
"GPA33",8888,432,2.02814488701153e-08
"WBSCR22",8888,433,2.02729878742792e-08
"ST13",8888,434,2.02520152931454e-08
"GNL3",8888,435,2.02288575597261e-08
"PLS1",8888,436,2.02243994839915e-08
"PPIA",8888,437,2.01394174888366e-08
"MOGAT3",8888,438,2.00453748757838e-08
"MYBL2",8888,439,2.00448480979576e-08
"CTD-2228K2.5",8888,440,2.00244787143434e-08
"CA4",8888,441,1.99528990162386e-08
"POLR2E",8888,442,1.99198232670034e-08
"TCEA1",8888,443,1.98874154173942e-08
"COPS6",8888,444,1.98436772070401e-08
"MYL12B",8888,445,1.9832510941276e-08
"MRPS15",8888,446,1.98313218568544e-08
"GPX1",8888,447,1.97710991466327e-08
"LEPREL1",8888,448,1.97649700798459e-08
"SMC4",8888,449,1.97175289395854e-08
"SPCS1",8888,450,1.9669445987932e-08
"PLAUR",8888,451,1.96605095376528e-08
"RRM1",8888,452,1.96495950517763e-08
"SH3YL1",8888,453,1.9629791139428e-08
"SNHG17",8888,454,1.95561482870572e-08
"UNG",8888,455,1.95185042388734e-08
"FKBP4",8888,456,1.95132856412617e-08
"LSM7",8888,457,1.94854575063555e-08
"CHCHD10",8888,458,1.94412163469645e-08
"DST",8888,459,1.94236154683132e-08
"FXYD3",8888,460,1.93746012644897e-08
"ATP5G2",8888,461,1.93675545035345e-08
"MRPS7",8888,462,1.93307670649919e-08
"MLXIP",8888,463,1.93268707672807e-08
"CXCL2",8888,464,1.93210134135244e-08
"UQCC2",8888,465,1.92337819820583e-08
"TAF1D",8888,466,1.91960160149837e-08
"POLR1D",8888,467,1.91930791617054e-08
"PAFAH1B3",8888,468,1.91907299414799e-08
"SQSTM1",8888,469,1.91005472037588e-08
"MRPL16",8888,470,1.90976645436124e-08
"CKS1B",8888,471,1.90671962553794e-08
"MS4A12",8888,472,1.9056242649632e-08
"CENPV",8888,473,1.9053754073034e-08
"COTL1",8888,474,1.90288605411172e-08
"ILF3",8888,475,1.90025123427807e-08
"HHLA2",8888,476,1.89838223245329e-08
"HNRNPA2B1",8888,477,1.89430902502438e-08
"CXCR4",8888,478,1.88016729154777e-08
"HSPA9",8888,479,1.8754465254693e-08
"HPGD",8888,480,1.87336419054383e-08
"TECR",8888,481,1.87228089564621e-08
"RP11-519G16.5",8888,482,1.86878209379813e-08
"NONO",8888,483,1.86172474576418e-08
"MRPS23",8888,484,1.85551186699493e-08
"DHFR",8888,485,1.85482719160362e-08
"C4BPB",8888,486,1.85087012012153e-08
"CDKN1A",8888,487,1.85046451744497e-08
"LY6E",8888,488,1.84912706093162e-08
"YWHAQ",8888,489,1.84796057500825e-08
"C19orf33",8888,490,1.84689364615321e-08
"EIF3M",8888,491,1.84482937674143e-08
"COX11",8888,492,1.83836212210092e-08
"COX7C",8888,493,1.83086236903948e-08
"RRM2",8888,494,1.82873776302223e-08
"SRRM1",8888,495,1.82866914586083e-08
"HSD17B2",8888,496,1.82709715421016e-08
"SFPQ",8888,497,1.82239292527875e-08
"SSR2",8888,498,1.82163492828504e-08
"LYAR",8888,499,1.82091441044171e-08
"TNFAIP3",8888,500,1.81545975560302e-08
"BRD7",8888,501,1.81419654374132e-08
"PPIF",8888,502,1.8068525979275e-08
"IGLL5",8888,503,1.80663048555987e-08
"MGST3",8888,504,1.80530731485739e-08
"SHMT2",8888,505,1.8009961392933e-08
"TMEM54",8888,506,1.79717295874401e-08
"LGALS4",8888,507,1.79665151105074e-08
"PSMB5",8888,508,1.79599190183142e-08
"PADI2",8888,509,1.79417339570118e-08
"GPR160",8888,510,1.79305080370724e-08
"UPP1",8888,511,1.79242444045724e-08
"SORD",8888,512,1.7905708442291e-08
"CCNL1",8888,513,1.77855809867728e-08
"C11orf48",8888,514,1.77589438190808e-08
"BZW2",8888,515,1.76849274466137e-08
"TRAP1",8888,516,1.76821806033386e-08
"HLA-DRB5",8888,517,1.7675442506137e-08
"PPP1CC",8888,518,1.76562669792761e-08
"MCM4",8888,519,1.76319016130175e-08
"CIRBP",8888,520,1.76312184630056e-08
"EMP3",8888,521,1.76231663966979e-08
"PRPS2",8888,522,1.76102160167428e-08
"PPM1G",8888,523,1.75368834635076e-08
"COMT",8888,524,1.75084398380402e-08
"TRIM28",8888,525,1.74166435368745e-08
"GLUL",8888,526,1.73901213448507e-08
"CDC37",8888,527,1.73415471244143e-08
"FKBP11",8888,528,1.72854197664566e-08
"PRSS3",8888,529,1.72166448896911e-08
"ZG16",8888,530,1.71833635134416e-08
"LSM3",8888,531,1.71181631453082e-08
"KHDRBS1",8888,532,1.71151335867012e-08
"LSMD1",8888,533,1.71021780286112e-08
"MYOF",8888,534,1.70742880810433e-08
"HLA-DMA",8888,535,1.70673046159558e-08
"A2M",8888,536,1.70454002844393e-08
"TGM2",8888,537,1.70415773355348e-08
"RCN2",8888,538,1.7008598093633e-08
"ATP5D",8888,539,1.69978752324522e-08
"SEPW1",8888,540,1.69977787845254e-08
"NOLC1",8888,541,1.69674154930689e-08
"STOM",8888,542,1.69495001838723e-08
"CISD3",8888,543,1.69383053154012e-08
"CYSTM1",8888,544,1.6917666516613e-08
"MCM6",8888,545,1.68991898233822e-08
"NSA2",8888,546,1.68564690729583e-08
"PTGDR",8888,547,1.68206755231496e-08
"CAPG",8888,548,1.67758057902611e-08
"RNPS1",8888,549,1.67529117413738e-08
"TNIP3",8888,550,1.6744784065915e-08
"AURKAIP1",8888,551,1.67035510027788e-08
"PSMB3",8888,552,1.66516622864459e-08
"MRPL55",8888,553,1.66430862394209e-08
"ETHE1",8888,554,1.65905394007722e-08
"MRPL3",8888,555,1.65779478867481e-08
"VILL",8888,556,1.65772410413077e-08
"IER3",8888,557,1.65694409615426e-08
"YY1",8888,558,1.65653764218821e-08
"HSD17B10",8888,559,1.65373234389794e-08
"METAP2",8888,560,1.65277366775093e-08
"MDH2",8888,561,1.64945658602792e-08
"CD69",8888,562,1.64737217989339e-08
"TOP2A",8888,563,1.64722136403601e-08
"MRPL51",8888,564,1.64290462894262e-08
"CDKN2B-AS1",8888,565,1.64247966051278e-08
"RAD51AP1",8888,566,1.63689328171287e-08
"POLR2I",8888,567,1.63439263606783e-08
"LAGE3",8888,568,1.63130448432337e-08
"ASS1",8888,569,1.62890942384719e-08
"OSTC",8888,570,1.62766217232209e-08
"MYC",8888,571,1.62724055735702e-08
"CKS2",8888,572,1.62568390668694e-08
"TPI1",8888,573,1.61907828636196e-08
"EIF4A2",8888,574,1.61847182104289e-08
"RUVBL2",8888,575,1.61756997642649e-08
"UQCRH",8888,576,1.61605164745727e-08
"CHPT1",8888,577,1.61112636029626e-08
"YTHDC1",8888,578,1.6087575537914e-08
"MYEOV",8888,579,1.60224483700672e-08
"KRT7",8888,580,1.60144335194991e-08
"CNBP",8888,581,1.59694456452708e-08
"EBP",8888,582,1.5946132429992e-08
"PSMA3",8888,583,1.59425229665858e-08
"FFAR4",8888,584,1.5930129951625e-08
"WNK2",8888,585,1.59126910274812e-08
"LGR5",8888,586,1.5904502272186e-08
"NDUFB11",8888,587,1.58858739226213e-08
"SNRPD3",8888,588,1.58649140128757e-08
"ZC3H12A",8888,589,1.57898109848288e-08
"H1FX",8888,590,1.57880470330102e-08
"PSMB1",8888,591,1.5774348455635e-08
"TFDP1",8888,592,1.57420568017086e-08
"SDF2L1",8888,593,1.57367958770424e-08
"TUBB4B",8888,594,1.57028678671914e-08
"SHD",8888,595,1.56961579638999e-08
"HIGD2A",8888,596,1.56812606562977e-08
"NRARP",8888,597,1.56742992480813e-08
"RCN1",8888,598,1.56674420280864e-08
"TMA7",8888,599,1.56582222308941e-08
"TAGLN2",8888,600,1.55649192783849e-08
"CASP5",8888,601,1.54780240935323e-08
"ALG3",8888,602,1.54769975346315e-08
"RBM8A",8888,603,1.54637866453707e-08
"JTB",8888,604,1.54462335543301e-08
"NAA10",8888,605,1.54339969359957e-08
"MRPL37",8888,606,1.53887232158997e-08
"RUVBL1",8888,607,1.53552058334439e-08
"EIF2S3",8888,608,1.53466776358896e-08
"COA4",8888,609,1.53361052462147e-08
"RBM17",8888,610,1.53333015340399e-08
"RTF1",8888,611,1.5312319563251e-08
"MANF",8888,612,1.5291173186891e-08
"SRPRB",8888,613,1.52524421630054e-08
"SEC11A",8888,614,1.52256948932115e-08
"HSPBP1",8888,615,1.52232392470927e-08
"MGLL",8888,616,1.52164810153493e-08
"HNRNPF",8888,617,1.52061355818108e-08
"NDUFAF3",8888,618,1.51551163128343e-08
"MEP1A",8888,619,1.51545166566216e-08
"CDH17",8888,620,1.51454632834588e-08
"CIDEC",8888,621,1.50768120259323e-08
"C1S",8888,622,1.50565087235077e-08
"SSR3",8888,623,1.5045393866293e-08
"MTHFD1",8888,624,1.50357192327708e-08
"H2AFX",8888,625,1.50354315473073e-08
"POP5",8888,626,1.50261451576289e-08
"HNRNPAB",8888,627,1.49320622823947e-08
"TMPO",8888,628,1.49271250235648e-08
"RNASEH2C",8888,629,1.4903005507614e-08
"HLA-A",8888,630,1.4891565069955e-08
"HNRNPM",8888,631,1.48851175045359e-08
"SOX9",8888,632,1.48829739448471e-08
"ESD",8888,633,1.48696011010895e-08
"SARS",8888,634,1.48381399142927e-08
"EI24",8888,635,1.48146295771987e-08
"PRC1",8888,636,1.47491602487605e-08
"NUDT1",8888,637,1.47464112364761e-08
"EIF3B",8888,638,1.47376729328437e-08
"TRIM31",8888,639,1.46890575921898e-08
"QTRT1",8888,640,1.46704197567748e-08
"MYO1A",8888,641,1.46625259739813e-08
"TMPRSS2",8888,642,1.46426036899881e-08
"PDAP1",8888,643,1.46157413669966e-08
"CENPW",8888,644,1.46131819792928e-08
"CIB1",8888,645,1.46073983071933e-08
"CDHR2",8888,646,1.46038455501876e-08
"TAPBP",8888,647,1.4602875608216e-08
"B4GALT1",8888,648,1.45915845029827e-08
"C11orf31",8888,649,1.45893939603166e-08
"GLRX5",8888,650,1.45730072554475e-08
"NEDD8",8888,651,1.45651059087256e-08
"ATP5B",8888,652,1.45613569587256e-08
"KIAA1324",8888,653,1.45290512892919e-08
"LMNB1",8888,654,1.45011080135794e-08
"SLBP",8888,655,1.44461132843881e-08
"KPNB1",8888,656,1.44326233804937e-08
"ATP5O",8888,657,1.44273883241366e-08
"TMEM141",8888,658,1.44110818757553e-08
"RPA3",8888,659,1.44024323552309e-08
"XRCC6",8888,660,1.43953749800836e-08
"COX5A",8888,661,1.43659182256834e-08
"PSMB6",8888,662,1.43502429277478e-08
"EIF2S1",8888,663,1.43225432247044e-08
"NDUFB8",8888,664,1.43158473850442e-08
"PDIA6",8888,665,1.42915325848663e-08
"TMEM261",8888,666,1.42656037436931e-08
"ECI1",8888,667,1.42352485630111e-08
"DDX39A",8888,668,1.42180692708524e-08
"YWHAH",8888,669,1.42116071527034e-08
"PAPOLA",8888,670,1.41969731320055e-08
"FAM132A",8888,671,1.41897919201869e-08
"PSMG3",8888,672,1.41801605027861e-08
"RHOC",8888,673,1.41801229625503e-08
"MRPS2",8888,674,1.41605631263616e-08
"MRPL23",8888,675,1.41061258682445e-08
"VAMP8",8888,676,1.40988126964057e-08
"SMC2",8888,677,1.40798136848718e-08
"MRPL27",8888,678,1.40357699181168e-08
"TKT",8888,679,1.4031063398481e-08
"MT1E",8888,680,1.40278168822348e-08
"PSMC5",8888,681,1.40171036387193e-08
"MRP63",8888,682,1.40168217017763e-08
"DNAJC9",8888,683,1.39901171579873e-08
"PSMD8",8888,684,1.39890803357747e-08
"PFDN6",8888,685,1.39769034106312e-08
"NUDT5",8888,686,1.39030355443377e-08
"EIF3A",8888,687,1.3852154599567e-08
"BSPRY",8888,688,1.38425817960256e-08
"SMPD1",8888,689,1.38419760005415e-08
"ATIC",8888,690,1.38180712029347e-08
"PSMD7",8888,691,1.37806441268681e-08
"MLF1IP",8888,692,1.37494217854299e-08
"ATP5I",8888,693,1.37489931868465e-08
"MAFF",8888,694,1.37357717882995e-08
"SMARCB1",8888,695,1.37167563848228e-08
"TRIM15",8888,696,1.37068195372765e-08
"TAF9",8888,697,1.36984438298453e-08
"DUOXA2",8888,698,1.36682922976685e-08
"PFDN5",8888,699,1.36509668594865e-08
"MRPS21",8888,700,1.36438335892927e-08
"CXCL3",8888,701,1.3629283117461e-08
"NANS",8888,702,1.36255635348013e-08
"PRDX3",8888,703,1.36200992114327e-08
"CDX1",8888,704,1.36182049951774e-08
"RP11-294O2.2",8888,705,1.36168485867516e-08
"MRPL54",8888,706,1.36024230686898e-08
"FIS1",8888,707,1.35648028064471e-08
"TRIB1",8888,708,1.35211398930858e-08
"EIF5A",8888,709,1.35145172144148e-08
"GBP3",8888,710,1.3503381208976e-08
"HNRNPU",8888,711,1.3473161835018e-08
"SNRPG",8888,712,1.34523091371329e-08
"COX4I1",8888,713,1.33983826998897e-08
"BCL7C",8888,714,1.33916529958411e-08
"ATP5F1",8888,715,1.3374451382457e-08
"CYB5A",8888,716,1.33532842861518e-08
"C19orf53",8888,717,1.33476724234882e-08
"BTG3",8888,718,1.33216717844169e-08
"CD55",8888,719,1.33205342838264e-08
"PFDN2",8888,720,1.33132439595484e-08
"UXT",8888,721,1.33025055494749e-08
"GSTO1",8888,722,1.32777298364169e-08
"HIST1H4C",8888,723,1.3269108405681e-08
"CNPY2",8888,724,1.3261484109542e-08
"TIPIN",8888,725,1.32367443903516e-08
"LAPTM5",8888,726,1.3213501801539e-08
"SNRPA1",8888,727,1.31688893458018e-08
"ERP29",8888,728,1.31581573435391e-08
"ATP5A1",8888,729,1.31187337831254e-08
"SOD2",8888,730,1.31040084599065e-08
"GSN",8888,731,1.31038320238481e-08
"FDPS",8888,732,1.30866393624035e-08
"CISD1",8888,733,1.30720503662187e-08
"TMED9",8888,734,1.30654638350359e-08
"NDUFS6",8888,735,1.3043637853321e-08
"PI3",8888,736,1.30236909134377e-08
"TFF2",8888,737,1.30192045770905e-08
"EPRS",8888,738,1.30186344390263e-08
"BIRC5",8888,739,1.30179053767881e-08
"NBL1",8888,740,1.29994352373328e-08
"IMP4",8888,741,1.29775457582612e-08
"SUPT16H",8888,742,1.29646295171699e-08
"MRPS25",8888,743,1.29565671818281e-08
"SRSF9",8888,744,1.29242598092501e-08
"SPCS2",8888,745,1.28773177703053e-08
"CBX3",8888,746,1.28656713837435e-08
"SRP9",8888,747,1.28619195579537e-08
"CD47",8888,748,1.28166589880586e-08
"PSMA5",8888,749,1.28093783737103e-08
"EIF2S2",8888,750,1.28055826125877e-08
"SPDEF",8888,751,1.27950656794116e-08
"ATP5C1",8888,752,1.27880435695426e-08
"MRPS33",8888,753,1.27850299124349e-08
"CTSB",8888,754,1.27787618183502e-08
"TRIM2",8888,755,1.27777994601488e-08
"COX20",8888,756,1.27697496660697e-08
"CDHR1",8888,757,1.27685690247519e-08
"SNRNP40",8888,758,1.27396016553604e-08
"CLCA4",8888,759,1.27360550788696e-08
"SNRNP70",8888,760,1.2716629967303e-08
"SLC25A5",8888,761,1.27152592119948e-08
"NR4A2",8888,762,1.26971385052501e-08
"MRPL36",8888,763,1.26870904964992e-08
"MRPL14",8888,764,1.26731612297847e-08
"ANAPC11",8888,765,1.26705879087871e-08
"PLEC",8888,766,1.26662529527976e-08
"CD59",8888,767,1.26632363428374e-08
"HLA-B",8888,768,1.26225228596447e-08
"TCOF1",8888,769,1.26099640651495e-08
"FMOD",8888,770,1.26083103566651e-08
"NDUFS5",8888,771,1.25806503760487e-08
"PTPRH",8888,772,1.25700733699848e-08
"DDX18",8888,773,1.25700587407223e-08
"BCAP31",8888,774,1.25303914909751e-08
"SULT1B1",8888,775,1.2487921950009e-08
"RNASEH2B",8888,776,1.24672871127861e-08
"MRPL22",8888,777,1.24521925860832e-08
"SETD5-AS1",8888,778,1.24087908731393e-08
"NACA2",8888,779,1.23690756536445e-08
"ATP5G3",8888,780,1.2359372416082e-08
"TAP1",8888,781,1.23474625807072e-08
"LSM6",8888,782,1.23083950875293e-08
"AOC1",8888,783,1.22813075518243e-08
"CLN6",8888,784,1.22698515842875e-08
"IL18",8888,785,1.22672473114133e-08
"IMP3",8888,786,1.22550370005045e-08
"ATP6V0B",8888,787,1.22203395497199e-08
"HP1BP3",8888,788,1.22032510381946e-08
"VRK1",8888,789,1.21644441988831e-08
"CADM1",8888,790,1.21354124346642e-08
"ASRGL1",8888,791,1.21279415674846e-08
"DPM3",8888,792,1.21121052896373e-08
"MRPS16",8888,793,1.21064577411274e-08
"CBX5",8888,794,1.21048443918049e-08
"NXT1",8888,795,1.20903899814175e-08
"UBE2I",8888,796,1.20718315965386e-08
"PPP1R14B",8888,797,1.20402203374423e-08
"VSIG2",8888,798,1.20370705288764e-08
"ID1",8888,799,1.20292597603751e-08
"HLA-DMB",8888,800,1.19901326267657e-08
"HAUS1",8888,801,1.19813957461303e-08
"BCL2L12",8888,802,1.1963251914173e-08
"NR2C2AP",8888,803,1.19503595948495e-08
"DYNLL1",8888,804,1.19281079641995e-08
"ZDHHC2",8888,805,1.19270454889368e-08
"MAGOH",8888,806,1.19075133994882e-08
"MKI67IP",8888,807,1.18976219069349e-08
"PSMB7",8888,808,1.18917830140297e-08
"LPCAT4",8888,809,1.18826957244475e-08
"ARID1A",8888,810,1.18395974117545e-08
"PLIN3",8888,811,1.18293215434446e-08
"NDUFA9",8888,812,1.18238219040271e-08
"CLDN2",8888,813,1.18145217435125e-08
"FAM96B",8888,814,1.16833217032118e-08
"GTF2I",8888,815,1.16631776392111e-08
"AP2S1",8888,816,1.16492912678647e-08
"CDC42EP1",8888,817,1.16266899993744e-08
"PPIH",8888,818,1.16190089250542e-08
"BOLA3",8888,819,1.16171767118269e-08
"MATR3",8888,820,1.16051096310894e-08
"POLR2F",8888,821,1.1598866930529e-08
"KTN1",8888,822,1.15745446030727e-08
"CTD-2090I13.1",8888,823,1.15732177180088e-08
"SHMT1",8888,824,1.15666340095141e-08
"IARS",8888,825,1.15661451767897e-08
"IFI27",8888,826,1.15403643309038e-08
"AHNAK",8888,827,1.14861232495724e-08
"PPA2",8888,828,1.14757095323094e-08
"TIMM17A",8888,829,1.14437063460441e-08
"CENPK",8888,830,1.14417678416657e-08
"WDR61",8888,831,1.14367957418881e-08
"GSKIP",8888,832,1.14131106828343e-08
"CCDC58",8888,833,1.14119189466223e-08
"H2AFY",8888,834,1.13822019667285e-08
"RBBP4",8888,835,1.13569098973551e-08
"FAM3D",8888,836,1.13555717666131e-08
"SDR16C5",8888,837,1.13490709729422e-08
"TSFM",8888,838,1.13380642872063e-08
"CKAP2",8888,839,1.12891442078534e-08
"NDUFB9",8888,840,1.12738901398445e-08
"PSMC3",8888,841,1.12673240985637e-08
"AHSA1",8888,842,1.12551619993176e-08
"ECHS1",8888,843,1.12493504998195e-08
"ZNF593",8888,844,1.12412821393249e-08
"NUDT14",8888,845,1.12356188296008e-08
"MAP3K13",8888,846,1.12346073277289e-08
"SSNA1",8888,847,1.12257857193957e-08
"HIGD1A",8888,848,1.12251918644068e-08
"NDUFC2",8888,849,1.12205571290367e-08
"C11orf83",8888,850,1.11964183832093e-08
"HNRNPUL1",8888,851,1.11619950318248e-08
"FXYD5",8888,852,1.11591831688314e-08
"HNRNPK",8888,853,1.1154682076492e-08
"C8orf59",8888,854,1.11470198079051e-08
"TIMM50",8888,855,1.11395822172438e-08
"NUSAP1",8888,856,1.11032840643567e-08
"PBK",8888,857,1.10963503677079e-08
"UQCRFS1",8888,858,1.10868040957849e-08
"OAZ1",8888,859,1.10513338049132e-08
"EIF5B",8888,860,1.1033117292358e-08
"RP1-3J17.3",8888,861,1.10244033059525e-08
"UQCRB",8888,862,1.10155733700095e-08
"NENF",8888,863,1.10125614919984e-08
"PRPF19",8888,864,1.09705077235651e-08
"ITGB6",8888,865,1.0967180688055e-08
"HMGB3",8888,866,1.09497818802653e-08
"RBM39",8888,867,1.09284070198482e-08
"FOXM1",8888,868,1.09191481898029e-08
"TMEM205",8888,869,1.09176116232624e-08
"NFE2L3",8888,870,1.08930143716802e-08
"CRLS1",8888,871,1.08600413964104e-08
"PSMD4",8888,872,1.08550082039946e-08
"MAD2L1",8888,873,1.08269657024287e-08
"ANXA4",8888,874,1.0819789286685e-08
"CCDC124",8888,875,1.08140090913864e-08
"ALG5",8888,876,1.08042777834325e-08
"AIMP2",8888,877,1.07867087088786e-08
"SAMD9",8888,878,1.07646621386937e-08
"SMIM5",8888,879,1.07598185228176e-08
"GABRP",8888,880,1.068472373351e-08
"C14orf166",8888,881,1.0650633906268e-08
"SVIP",8888,882,1.0648706397839e-08
"SAC3D1",8888,883,1.06271274549799e-08
"SON",8888,884,1.05712735790435e-08
"MRPL13",8888,885,1.0569064326827e-08
"OLA1",8888,886,1.05420894482716e-08
"SLC6A14",8888,887,1.05390434654791e-08
"SEC61B",8888,888,1.0536282577113e-08
"F12",8888,889,1.05294099866521e-08
"CALM2",8888,890,1.05256067569156e-08
"TMSB4X",8888,891,1.05235502878046e-08
"PYURF",8888,892,1.0521735190037e-08
"SERPINB6",8888,893,1.05144228675224e-08
"ECH1",8888,894,1.05017701029038e-08
"HMBS",8888,895,1.04674003800201e-08
"MCL1",8888,896,1.04574352971913e-08
"IER5",8888,897,1.04522350952911e-08
"PSMB2",8888,898,1.04494760898046e-08
"EIF3G",8888,899,1.04263425480979e-08
"PLEKHJ1",8888,900,1.04071273860512e-08
"DPM1",8888,901,1.04041794787443e-08
"HIST1H1C",8888,902,1.0392409091494e-08
"NDUFA5",8888,903,1.03899443917396e-08
"ADM",8888,904,1.03813851449254e-08
"GPATCH4",8888,905,1.03531579262477e-08
"PHPT1",8888,906,1.03411215868693e-08
"EGLN3",8888,907,1.03087833613886e-08
"NDUFS7",8888,908,1.0306007826515e-08
"RBP4",8888,909,1.02862912026394e-08
"TXNL4A",8888,910,1.02831582354246e-08
"TMEM14B",8888,911,1.02727066554452e-08
"HNRNPR",8888,912,1.02473082922349e-08
"KCNN4",8888,913,1.02416780865658e-08
"TCP1",8888,914,1.02329733649688e-08
"RAD23A",8888,915,1.02326423191857e-08
"PRR15L",8888,916,1.02189077257702e-08
"DMKN",8888,917,1.01989439163493e-08
"ATF4",8888,918,1.01742732701011e-08
"DNAJB6",8888,919,1.01495102435314e-08
"IMPA2",8888,920,1.01297246755901e-08
"APPL1",8888,921,1.0085412747839e-08
"UCHL3",8888,922,1.00765564122123e-08
"SIK1",8888,923,1.00554866747408e-08
"DDX5",8888,924,1.00490732137311e-08
"HRASLS2",8888,925,1.00481835375837e-08
"TST",8888,926,1.0045525545497e-08
"EMC4",8888,927,1.00447646571799e-08
"C7orf50",8888,928,1.00323324416322e-08
"MIS18A",8888,929,1.00272916481378e-08
"MORF4L1",8888,930,1.00248757659322e-08
"PSME2",8888,931,1.00159795778059e-08
"LMO7",8888,932,9.98344716575039e-09
"RAB11FIP1",8888,933,9.97006188085586e-09
"MPC2",8888,934,9.96118663304796e-09
"COPE",8888,935,9.95628553155101e-09
"IFRD2",8888,936,9.95431181016069e-09
"PSMD13",8888,937,9.93948862245618e-09
"PDZK1IP1",8888,938,9.92135245527763e-09
"MRPL18",8888,939,9.91849070088217e-09
"HSP90B1",8888,940,9.90980979464461e-09
"STARD10",8888,941,9.90688169399098e-09
"RNH1",8888,942,9.89592614804865e-09
"LAPTM4B",8888,943,9.8708363208087e-09
"MZT2B",8888,944,9.86699937390058e-09
"FGGY",8888,945,9.82976669287713e-09
"CDKN2B",8888,946,9.82904438616330e-09
"SLIRP",8888,947,9.82008621873886e-09
"C18orf56",8888,948,9.80705214680899e-09
"CDC42EP5",8888,949,9.7863741969819e-09
"SSFA2",8888,950,9.76981853183794e-09
"MRPS28",8888,951,9.7679656628098e-09
"MVP",8888,952,9.73813493082436e-09
"PHLDA1",8888,953,9.69708628598693e-09
"SLC46A3",8888,954,9.69049895012521e-09
"RBM3",8888,955,9.67210043971477e-09
"HDAC2",8888,956,9.6566577980443e-09
"EDN1",8888,957,9.64821112550604e-09
"DAD1",8888,958,9.64789853320847e-09
"EIF5",8888,959,9.63938412490881e-09
"CDKN3",8888,960,9.63746671796612e-09
"ODC1",8888,961,9.63268040173813e-09
"PRDX5",8888,962,9.61037024677629e-09
"NDUFA4",8888,963,9.59130407840739e-09
"IRF1",8888,964,9.55714974340288e-09
"C19orf43",8888,965,9.55405448170937e-09
"BTNL3",8888,966,9.54796584132195e-09
"ANXA1",8888,967,9.54534145406101e-09
"ZFAND5",8888,968,9.50986410876166e-09
"CLTA",8888,969,9.49474291043731e-09
"TPR",8888,970,9.4723292666097e-09
"ATP5H",8888,971,9.43196875830615e-09
"IFI6",8888,972,9.40670544892409e-09
"RELB",8888,973,9.38790181691467e-09
"MDH1",8888,974,9.37472699311225e-09
"MLPH",8888,975,9.36383693871398e-09
"YARS",8888,976,9.36300522358364e-09
"THOC7",8888,977,9.35872298619692e-09
"FOXA2",8888,978,9.35026094386288e-09
"OASL",8888,979,9.32460244840196e-09
"NABP2",8888,980,9.31889187410996e-09
"CXCL14",8888,981,9.31462761670632e-09
"DNAJC19",8888,982,9.27901582211721e-09
"ST6GALNAC6",8888,983,9.27593054185053e-09
"SAP18",8888,984,9.25000164167843e-09
"CCDC68",8888,985,9.2323342533276e-09
"SLC1A5",8888,986,9.20357818172457e-09
"GRHPR",8888,987,9.19430215441066e-09
"IER2",8888,988,9.16242343473911e-09
"HKDC1",8888,989,9.15394195709569e-09
"ADSL",8888,990,9.15036454202553e-09
"CDC123",8888,991,9.15019249827325e-09
"MTX1",8888,992,9.14399939664257e-09
"CAPN5",8888,993,9.14350836295801e-09
"TSC22D1",8888,994,9.11654393116019e-09
"TFAM",8888,995,9.0963101744226e-09
"TMED3",8888,996,9.07254571809206e-09
"HOXD13",8888,997,9.06672201759931e-09
"VPS25",8888,998,9.06315484286102e-09
"TRAPPC2L",8888,999,9.06105210705124e-09
"POLD4",8888,1000,9.0593781860293e-09
"RP11-357H14.17",8888,1001,9.04935401736813e-09
"NDUFB7",8888,1002,9.03423254468586e-09
"BRD2",8888,1003,9.01645694187623e-09
"REXO2",8888,1004,9.00662902304009e-09
"STAT1",8888,1005,8.99295489961488e-09
"KRT18",8888,1006,8.97669246300849e-09
"NQO1",8888,1007,8.97267649246908e-09
"HLA-C",8888,1008,8.96533962212543e-09
"ANP32A",8888,1009,8.96302276132827e-09
"CTSH",8888,1010,8.96265234382479e-09
"EFHD2",8888,1011,8.95148914061068e-09
"ADAMDEC1",8888,1012,8.95086390465454e-09
"BHLHE40",8888,1013,8.91496505643546e-09
"QPRT",8888,1014,8.89526719994671e-09
"FHL2",8888,1015,8.89180517567378e-09
"PSMD14",8888,1016,8.88393801155728e-09
"HADH",8888,1017,8.88193018187767e-09
"SULT1A1",8888,1018,8.87040248691339e-09
"BCAP29",8888,1019,8.87008372416199e-09
"APOA1BP",8888,1020,8.86904389342416e-09
"KLF6",8888,1021,8.8631693447808e-09
"YIF1A",8888,1022,8.83460158353532e-09
"ST3GAL4",8888,1023,8.83198637232533e-09
"THRAP3",8888,1024,8.78280503712953e-09
"DRAP1",8888,1025,8.78118328510798e-09
"SLC38A2",8888,1026,8.77174003591728e-09
"AC013394.2",8888,1027,8.77118683190602e-09
"SFN",8888,1028,8.76800502025682e-09
"LRRC59",8888,1029,8.76453848784822e-09
"SLC25A3",8888,1030,8.76062342817385e-09
"UQCRC1",8888,1031,8.75762237820938e-09
"SPARC",8888,1032,8.75309431233931e-09
"SSSCA1",8888,1033,8.74052389122982e-09
"APP",8888,1034,8.7285675996501e-09
"C2orf88",8888,1035,8.72500995549187e-09
"ARL3",8888,1036,8.69227588639175e-09
"SF3B14",8888,1037,8.6918346529265e-09
"NDUFS3",8888,1038,8.66570104011457e-09
"POLR2H",8888,1039,8.65861030440688e-09
"TJP3",8888,1040,8.65502803695017e-09
"MRPL21",8888,1041,8.65495488151183e-09
"GPT",8888,1042,8.64247153257396e-09
"NFKBIZ",8888,1043,8.62810743647083e-09
"SDHB",8888,1044,8.61271216038529e-09
"LAMTOR1",8888,1045,8.6117118838888e-09
"WSB1",8888,1046,8.59570335809626e-09
"C19orf70",8888,1047,8.59440919436907e-09
"NUCB2",8888,1048,8.5924462407686e-09
"PIN1",8888,1049,8.577289850966e-09
"KLK1",8888,1050,8.57363981406758e-09
"MYH14",8888,1051,8.57030656684234e-09
"ORMDL2",8888,1052,8.56860054418135e-09
"NDUFB10",8888,1053,8.56716904337295e-09
"FARSA",8888,1054,8.55417830994427e-09
"TPSG1",8888,1055,8.4929035910874e-09
"RFC4",8888,1056,8.48248298389399e-09
"S100A10",8888,1057,8.47749524157077e-09
"DUSP5",8888,1058,8.46735938824218e-09
"SLC39A4",8888,1059,8.46391217723507e-09
"G3BP1",8888,1060,8.46295050641312e-09
"HLA-E",8888,1061,8.45445676089793e-09
"MYEOV2",8888,1062,8.449595108054e-09
"USMG5",8888,1063,8.44942533089788e-09
"NDUFAF2",8888,1064,8.39837454010609e-09
"PAIP1",8888,1065,8.36472880813301e-09
"C21orf59",8888,1066,8.3479231154267e-09
"COA3",8888,1067,8.33317132046121e-09
"DSC2",8888,1068,8.32653939660018e-09
"MRPL52",8888,1069,8.31980274938705e-09
"LCN2",8888,1070,8.31547219960548e-09
"GDI2",8888,1071,8.29519968037111e-09
"MYL12A",8888,1072,8.29115469500494e-09
"TDP2",8888,1073,8.28286505414705e-09
"TSPAN8",8888,1074,8.28242394994563e-09
"TMEM230",8888,1075,8.27946837351253e-09
"PPA1",8888,1076,8.26472107524330e-09
"EXOSC4",8888,1077,8.26088240029295e-09
"PPP2CB",8888,1078,8.24676679322872e-09
"EIF2AK1",8888,1079,8.24506570607291e-09
"CD81",8888,1080,8.24129997483921e-09
"CSE1L",8888,1081,8.22571621652066e-09
"KIF20B",8888,1082,8.19752795659434e-09
"VDAC1",8888,1083,8.18705114765806e-09
"INSR",8888,1084,8.18322297560551e-09
"JUNB",8888,1085,8.16557668432362e-09
"STAT3",8888,1086,8.16218025365017e-09
"TMEM14C",8888,1087,8.15835889840144e-09
"MUC1",8888,1088,8.13710045985133e-09
"PFN1",8888,1089,8.13074347658374e-09
"GLRX",8888,1090,8.12942003865931e-09
"C12orf57",8888,1091,8.12614011508039e-09
"GALE",8888,1092,8.10358447947309e-09
"TM4SF1",8888,1093,8.07143279604846e-09
"COX7A2L",8888,1094,8.05457097696925e-09
"XBP1",8888,1095,8.04502697618934e-09
"PPP1R14D",8888,1096,8.03699617906182e-09
"PLP2",8888,1097,8.03401757518965e-09
"COL1A2",8888,1098,8.01953755890846e-09
"SRI",8888,1099,8.01108993035581e-09
"PUF60",8888,1100,8.00116516402693e-09
"AK2",8888,1101,7.99306087449579e-09
"PDCD2",8888,1102,7.99143816379866e-09
"WDR83OS",8888,1103,7.98904596459165e-09
"ARL2",8888,1104,7.98578372489184e-09
"VPS29",8888,1105,7.98525329331585e-09
"PMVK",8888,1106,7.97926475164594e-09
"MAGOHB",8888,1107,7.95824258391214e-09
"PRR13",8888,1108,7.94920197307442e-09
"WDR18",8888,1109,7.94371901254585e-09
"TMEM45B",8888,1110,7.93128625362742e-09
"MYO6",8888,1111,7.93100950947448e-09
"GSTM3",8888,1112,7.92438504550854e-09
"RNF43",8888,1113,7.91995329296909e-09
"HAX1",8888,1114,7.91045980964456e-09
"EDF1",8888,1115,7.90332575363808e-09
"PHF5A",8888,1116,7.89126157238336e-09
"TSPAN3",8888,1117,7.88358026134498e-09
"ACTB",8888,1118,7.87966711221757e-09
"RAD21",8888,1119,7.86825847157755e-09
"PRSS23",8888,1120,7.86492004853195e-09
"RBBP7",8888,1121,7.85074147970689e-09
"DHRS4L2",8888,1122,7.84657211450162e-09
"NOS2",8888,1123,7.8385876117798e-09
"EIF1",8888,1124,7.83792455017999e-09
"MAL2",8888,1125,7.82247707794708e-09
"ADRM1",8888,1126,7.79647980199995e-09
"PRSS8",8888,1127,7.78830541171208e-09
"PFKFB3",8888,1128,7.7785110447175e-09
"PSMB9",8888,1129,7.77147322822374e-09
"DBI",8888,1130,7.76693112401337e-09
"XRN2",8888,1131,7.76651668944412e-09
"NDUFV1",8888,1132,7.76037969371422e-09
"NET1",8888,1133,7.75968644867332e-09
"MAF1",8888,1134,7.74953723575217e-09
"ELAVL1",8888,1135,7.74883250376205e-09
"C12orf75",8888,1136,7.72838768175301e-09
"NUTF2",8888,1137,7.72806779170662e-09
"CAP1",8888,1138,7.71741174169932e-09
"PRRC2C",8888,1139,7.7122845487501e-09
"UBE2D3",8888,1140,7.70332844113997e-09
"APEH",8888,1141,7.68354003778701e-09
"MCM2",8888,1142,7.67675288318765e-09
"XRCC5",8888,1143,7.67136762148717e-09
"SNX5",8888,1144,7.64515298802479e-09
"ISOC2",8888,1145,7.63786485517464e-09
"ICAM1",8888,1146,7.6354256594613e-09
"ITPA",8888,1147,7.61777393268349e-09
"BAX",8888,1148,7.59957747462142e-09
"SMCO4",8888,1149,7.58870342964637e-09
"C2",8888,1150,7.56339612230728e-09
"PHF19",8888,1151,7.50341721999172e-09
"CLSPN",8888,1152,7.5013244602018e-09
"DDOST",8888,1153,7.49163689611091e-09
"GTF3C6",8888,1154,7.48779281114629e-09
"CECR5",8888,1155,7.48666362884471e-09
"SYNCRIP",8888,1156,7.48258006248195e-09
"MMAB",8888,1157,7.47722238454295e-09
"NDUFA8",8888,1158,7.45691973049446e-09
"CCL11",8888,1159,7.45540980254579e-09
"MGST2",8888,1160,7.44276566947955e-09
"YWHAE",8888,1161,7.44227482269149e-09
"PIN4",8888,1162,7.43643224561164e-09
"L1TD1",8888,1163,7.43076810807386e-09
"EIF6",8888,1164,7.40775916402417e-09
"C19orf60",8888,1165,7.40529230198776e-09
"IDH3B",8888,1166,7.38010830430522e-09
"SH3BGRL",8888,1167,7.37624207170673e-09
"UFD1L",8888,1168,7.3721297494713e-09
"NDUFA11",8888,1169,7.36522932072573e-09
"C1QB",8888,1170,7.35503131318152e-09
"ACP1",8888,1171,7.3535621275623e-09
"HSD17B11",8888,1172,7.34644921361382e-09
"METTL9",8888,1173,7.33390940502651e-09
"CHCHD3",8888,1174,7.33103293378232e-09
"ECT2",8888,1175,7.33070776059702e-09
"DDX46",8888,1176,7.32591748470998e-09
"C11orf58",8888,1177,7.31996311645534e-09
"TRIM40",8888,1178,7.316084942418e-09
"ABHD11",8888,1179,7.31591067164987e-09
"PSMD2",8888,1180,7.31371524155226e-09
"LMNA",8888,1181,7.29721075612033e-09
"NIT2",8888,1182,7.26157016700788e-09
"PXMP2",8888,1183,7.25824799064532e-09
"BRI3BP",8888,1184,7.24677835233184e-09
"STIP1",8888,1185,7.24492562229296e-09
"TPRKB",8888,1186,7.23769257649844e-09
"CDC6",8888,1187,7.23098648263623e-09
"ZCRB1",8888,1188,7.2229436085567e-09
"LMAN2",8888,1189,7.2199062303643e-09
"SEC11C",8888,1190,7.20560041510099e-09
"FASN",8888,1191,7.18885104648921e-09
"TAF15",8888,1192,7.18821059641556e-09
"ANP32E",8888,1193,7.178681728961e-09
"PRDX1",8888,1194,7.16613748977514e-09
"GARS",8888,1195,7.16359154410403e-09
"TNRC6B",8888,1196,7.14925323813304e-09
"CSNK2B",8888,1197,7.12644819756921e-09
"CCL2",8888,1198,7.11294563250991e-09
"WTAP",8888,1199,7.1092805623645e-09
"CD52",8888,1200,7.10252981717193e-09
"MYB",8888,1201,7.10112664084363e-09
"CRIP2",8888,1202,7.09179587576331e-09
"NDUFAF4",8888,1203,7.08864365587672e-09
"LTB",8888,1204,7.0784310696222e-09
"TMEM208",8888,1205,7.07218777247767e-09
"PMEPA1",8888,1206,7.05558355472697e-09
"ITGB3BP",8888,1207,7.05109091334951e-09
"AHCYL1",8888,1208,7.04797141410593e-09
"PRPF31",8888,1209,7.03361302021613e-09
"PDIA3",8888,1210,7.02637089186757e-09
"PSMA4",8888,1211,6.99598801628556e-09
"CTBP2",8888,1212,6.96450065764526e-09
"MTCH2",8888,1213,6.95912570154656e-09
"SRSF11",8888,1214,6.95757325681397e-09
"ZNF703",8888,1215,6.94626227333172e-09
"IL8",8888,1216,6.92915532364511e-09
"FYB",8888,1217,6.91947449825319e-09
"ERO1L",8888,1218,6.91149578851518e-09
"EIF4G2",8888,1219,6.90390535253311e-09
"ACO1",8888,1220,6.89006333227699e-09
"PPIG",8888,1221,6.88370139979234e-09
"CDK1",8888,1222,6.88072192597983e-09
"CARHSP1",8888,1223,6.8563134648229e-09
"NDUFB1",8888,1224,6.85537730631165e-09
"ETFB",8888,1225,6.839549841475e-09
"AP1S1",8888,1226,6.81228893752128e-09
"BATF2",8888,1227,6.80495892990698e-09
"DCN",8888,1228,6.79656438487907e-09
"USP53",8888,1229,6.79441288191903e-09
"CSDE1",8888,1230,6.76814506777025e-09
"KCNE3",8888,1231,6.76176282009165e-09
"MTCH1",8888,1232,6.75884820983208e-09
"NCF4",8888,1233,6.7552536540313e-09
"ITGB1BP1",8888,1234,6.74619960183222e-09
"C19orf10",8888,1235,6.73866431147311e-09
"MYL6",8888,1236,6.71065828748254e-09
"C9orf16",8888,1237,6.70902009140226e-09
"SMDT1",8888,1238,6.6892078145751e-09
"GTSE1",8888,1239,6.68374686301571e-09
"B3GNT3",8888,1240,6.68135487126776e-09
"BRK1",8888,1241,6.6723700365923e-09
"DPY30",8888,1242,6.65754620080665e-09
"GPX2",8888,1243,6.64363453958191e-09
"GAPDH",8888,1244,6.61299637496566e-09
"RPN2",8888,1245,6.59370786485011e-09
"SLCO2A1",8888,1246,6.58997908035214e-09
"ITM2B",8888,1247,6.57934504426825e-09
"DHX9",8888,1248,6.57388713251327e-09
"FAM111B",8888,1249,6.55149943456072e-09
"TRABD2A",8888,1250,6.54591944763775e-09
"IGFBP2",8888,1251,6.53729909069766e-09
"MRPL40",8888,1252,6.53549351643059e-09
"MRPL9",8888,1253,6.51861237843495e-09
"ATP5L",8888,1254,6.50539055152615e-09
"GLDN",8888,1255,6.48524883921288e-09
"KLF5",8888,1256,6.48443659819563e-09
"RSL24D1",8888,1257,6.47783176654524e-09
"PDCD6",8888,1258,6.47744681838051e-09
"HSPA1B",8888,1259,6.47506424687531e-09
"SKA2",8888,1260,6.46946487347158e-09
"FTL",8888,1261,6.46054451872655e-09
"RP11-59E19.1",8888,1262,6.45322703057529e-09
"TMX2",8888,1263,6.45319895266358e-09
"C1orf210",8888,1264,6.44831381732242e-09
"TMEM256",8888,1265,6.43889747062589e-09
"JUND",8888,1266,6.43023026942866e-09
"UFC1",8888,1267,6.42193698735006e-09
"TNFRSF11A",8888,1268,6.38580214917393e-09
"PARP14",8888,1269,6.36573917867188e-09
"IGBP1",8888,1270,6.35276493909479e-09
"TMEM258",8888,1271,6.34688316460782e-09
"STUB1",8888,1272,6.34145568779219e-09
"ENTPD8",8888,1273,6.33222610219024e-09
"IL34",8888,1274,6.32221834311135e-09
"RP11-14N7.2",8888,1275,6.30901993909797e-09
"ACAT2",8888,1276,6.29707831256899e-09
"RNF145",8888,1277,6.28824202424758e-09
"PSMG4",8888,1278,6.28581588358652e-09
"CES2",8888,1279,6.28402173620672e-09
"PIH1D1",8888,1280,6.28119364503477e-09
"APOL1",8888,1281,6.27625534715724e-09
"RHOD",8888,1282,6.27011090044486e-09
"ALYREF",8888,1283,6.26024089797086e-09
"MRPL48",8888,1284,6.25445213267601e-09
"JAK1",8888,1285,6.25184245857512e-09
"TXN",8888,1286,6.249652549742e-09
"CD3D",8888,1287,6.23843694105855e-09
"MRPL34",8888,1288,6.23579286075265e-09
"B3GALT5",8888,1289,6.23563528956603e-09
"SAT1",8888,1290,6.23431021297817e-09
"CLPP",8888,1291,6.22739509302431e-09
"NTHL1",8888,1292,6.20604341343832e-09
"TMEM37",8888,1293,6.20533554326776e-09
"NDUFB6",8888,1294,6.20012292110838e-09
"SLC25A11",8888,1295,6.19290075316033e-09
"POP7",8888,1296,6.17888912612673e-09
"CCDC107",8888,1297,6.17615229406314e-09
"IFI44L",8888,1298,6.17443116334692e-09
"NUBP2",8888,1299,6.17204160200148e-09
"FDFT1",8888,1300,6.16901537077285e-09
"ERI3",8888,1301,6.16586323328875e-09
"SUDS3",8888,1302,6.15747847827916e-09
"PTP4A2",8888,1303,6.14741906430462e-09
"SULT1A2",8888,1304,6.14332888768529e-09
"CYR61",8888,1305,6.14129864990111e-09
"DGUOK",8888,1306,6.12567917025157e-09
"BTNL8",8888,1307,6.11566058332809e-09
"MGST1",8888,1308,6.10519409269648e-09
"ERBB3",8888,1309,6.10085772615132e-09
"LYPD8",8888,1310,6.09479297068452e-09
"FKBP2",8888,1311,6.09374166144317e-09
"HPRT1",8888,1312,6.08811056378345e-09
"MRPL32",8888,1313,6.08760367450088e-09
"NOXO1",8888,1314,6.08047520347585e-09
"GOLIM4",8888,1315,6.07042958612102e-09
"SMC1A",8888,1316,6.05948672579454e-09
"UBE2B",8888,1317,6.05922133939346e-09
"MYO15B",8888,1318,6.05878707163101e-09
"DDX3X",8888,1319,6.05739927818114e-09
"PTGES2",8888,1320,6.0529141387692e-09
"GLRX3",8888,1321,6.04794830461599e-09
"IGFBP4",8888,1322,6.04444677777233e-09
"PPAP2C",8888,1323,6.04213421808096e-09
"PSME1",8888,1324,6.03452268527194e-09
"GUCA2A",8888,1325,6.02034508721726e-09
"SLC35B1",8888,1326,6.01997122044981e-09
"RARRES3",8888,1327,6.0082633757847e-09
"SMIM4",8888,1328,6.00234163126332e-09
"BRIX1",8888,1329,6.00005306236135e-09
"IFNGR1",8888,1330,5.99778329098004e-09
"RCC2",8888,1331,5.99611650276504e-09
"PSAP",8888,1332,5.99493615505963e-09
"CMPK1",8888,1333,5.98943068407702e-09
"TSTA3",8888,1334,5.98558333918253e-09
"AMN",8888,1335,5.98135761162022e-09
"BAG1",8888,1336,5.97857091214282e-09
"HIST1H2BD",8888,1337,5.9769352134422e-09
"NOC2L",8888,1338,5.97591598285368e-09
"FRYL",8888,1339,5.96462902863113e-09
"BPTF",8888,1340,5.95766812075685e-09
"NFIB",8888,1341,5.94497493116181e-09
"NDUFA12",8888,1342,5.9445032725073e-09
"RHEB",8888,1343,5.94340309147616e-09
"CCDC109B",8888,1344,5.94147814075743e-09
"HSD17B12",8888,1345,5.94122521458613e-09
"SLC35D1",8888,1346,5.93945434356868e-09
"FOSL2",8888,1347,5.93857201607155e-09
"HINT2",8888,1348,5.92668296810608e-09
"GRPEL1",8888,1349,5.92339629930131e-09
"CASP10",8888,1350,5.92123270464262e-09
"DDX17",8888,1351,5.91168578823596e-09
"UBE2D2",8888,1352,5.91000508728627e-09
"CCDC12",8888,1353,5.90282746952156e-09
"AXDND1",8888,1354,5.9016510660147e-09
"SDC4",8888,1355,5.9005193720716e-09
"BMP7",8888,1356,5.89047551208626e-09
"TXNDC12",8888,1357,5.88850051998227e-09
"SELK",8888,1358,5.88194415048727e-09
"MFF",8888,1359,5.87661894273899e-09
"ACTL6A",8888,1360,5.8726283777126e-09
"MTHFD2",8888,1361,5.86372854358495e-09
"IL23A",8888,1362,5.85972055545107e-09
"PKMYT1",8888,1363,5.85650796419655e-09
"HN1",8888,1364,5.85367388682474e-09
"ZNHIT1",8888,1365,5.8524903189045e-09
"ATPIF1",8888,1366,5.84726885506383e-09
"UQCRQ",8888,1367,5.83849203399886e-09
"MLLT4",8888,1368,5.83501572399153e-09
"KRT10",8888,1369,5.82637404749425e-09
"SSR4",8888,1370,5.81747715993046e-09
"SMPDL3A",8888,1371,5.81351080408244e-09
"NT5C3A",8888,1372,5.80772501656142e-09
"CCDC64B",8888,1373,5.80207503407341e-09
"UNC13D",8888,1374,5.79484875846692e-09
"SYTL2",8888,1375,5.78760093631853e-09
"CLDN23",8888,1376,5.77875832154803e-09
"DEFB1",8888,1377,5.7722417113939e-09
"MX1",8888,1378,5.76367797560253e-09
"SRCAP",8888,1379,5.7550423335229e-09
"BCL10",8888,1380,5.7507029521714e-09
"SKIL",8888,1381,5.74831488988613e-09
"SEC61A1",8888,1382,5.73586932285617e-09
"EPSTI1",8888,1383,5.73517935896239e-09
"RNF19B",8888,1384,5.73238370562002e-09
"PRSS22",8888,1385,5.7294815105389e-09
"NUDT21",8888,1386,5.72216814392783e-09
"GNA11",8888,1387,5.71926218967457e-09
"TRMT10C",8888,1388,5.70636660800012e-09
"CSRP2",8888,1389,5.70050720712114e-09
"EFNA2",8888,1390,5.69861215679669e-09
"CHMP2A",8888,1391,5.69747062429513e-09
"UBE2S",8888,1392,5.69496157252184e-09
"RAD51",8888,1393,5.6940902582613e-09
"ERGIC3",8888,1394,5.69393058720036e-09
"MIF",8888,1395,5.68302061132766e-09
"C6orf62",8888,1396,5.67719470469405e-09
"UBALD2",8888,1397,5.65941523305801e-09
"EPAS1",8888,1398,5.65878853822816e-09
"BASP1",8888,1399,5.65714799905885e-09
"RBX1",8888,1400,5.65412097100754e-09
"PET100",8888,1401,5.65271235538802e-09
"UBB",8888,1402,5.65238014790251e-09
"GIPC1",8888,1403,5.64375598955945e-09
"CNOT7",8888,1404,5.64265860517243e-09
"SLC2A1",8888,1405,5.6328506830326e-09
"VPS51",8888,1406,5.6316310726594e-09
"AHCYL2",8888,1407,5.62280737884689e-09
"FAM214B",8888,1408,5.61622864520207e-09
"HLA-DQA2",8888,1409,5.60756676640580e-09
"CMTM6",8888,1410,5.60228935953335e-09
"FAM195A",8888,1411,5.59829235791199e-09
"COPRS",8888,1412,5.59436775647958e-09
"PSMC4",8888,1413,5.59121976018326e-09
"ATRAID",8888,1414,5.58500689488355e-09
"NDUFA10",8888,1415,5.5794839320396e-09
"TMBIM1",8888,1416,5.5776277432222e-09
"CGN",8888,1417,5.57258663625875e-09
"NUPR1",8888,1418,5.56823014108671e-09
"TIMM8B",8888,1419,5.56603885353093e-09
"VIMP",8888,1420,5.55506763112987e-09
"PLEKHB1",8888,1421,5.54648597931521e-09
"PLEK2",8888,1422,5.54307810184609e-09
"ANAPC5",8888,1423,5.54019114249675e-09
"ENTPD5",8888,1424,5.5369397746676e-09
"PAPSS2",8888,1425,5.53441284313069e-09
"CLRN3",8888,1426,5.52556065724269e-09
"VWA1",8888,1427,5.51325132752626e-09
"NAMPT",8888,1428,5.51083535117307e-09
"LIX1L",8888,1429,5.51030273226935e-09
"PTP4A1",8888,1430,5.51024421800713e-09
"ECSIT",8888,1431,5.50584721305575e-09
"EHF",8888,1432,5.49720250963063e-09
"CAMTA1",8888,1433,5.49350245926015e-09
"PGP",8888,1434,5.49315293834372e-09
"ARL6IP1",8888,1435,5.48689771728263e-09
"PARM1",8888,1436,5.47842801301636e-09
"BAIAP2L1",8888,1437,5.4776731373399e-09
"CFDP1",8888,1438,5.47610384883194e-09
"DNAJB11",8888,1439,5.47421228652495e-09
"QSOX1",8888,1440,5.47375313801702e-09
"SUCLG1",8888,1441,5.4708393762414e-09
"EIF4G1",8888,1442,5.46555646686947e-09
"BNIP3L",8888,1443,5.46428705845156e-09
"EMC7",8888,1444,5.46395981022585e-09
"TXN2",8888,1445,5.46375034060882e-09
"FAM120A",8888,1446,5.45583969972525e-09
"MTRNR2L3",8888,1447,5.45029174068544e-09
"CCL28",8888,1448,5.44999219271304e-09
"UGP2",8888,1449,5.44915471951716e-09
"TP53I3",8888,1450,5.44649961659162e-09
"FARSB",8888,1451,5.44338949861858e-09
"ITGB4",8888,1452,5.43719220714109e-09
"EID1",8888,1453,5.43221075747648e-09
"TNFRSF1A",8888,1454,5.42984313016927e-09
"CASP7",8888,1455,5.4218226820511e-09
"VCP",8888,1456,5.42030454090673e-09
"FAM129B",8888,1457,5.41989581955189e-09
"TESC",8888,1458,5.41688836820488e-09
"TNFRSF21",8888,1459,5.41388908199931e-09
"NUDCD2",8888,1460,5.41350575804875e-09
"BUB3",8888,1461,5.39412062596901e-09
"CFL1",8888,1462,5.38840964787334e-09
"AKR1A1",8888,1463,5.36219494053524e-09
"C1orf86",8888,1464,5.36127528287634e-09
"TXNIP",8888,1465,5.36043853282012e-09
"CD63",8888,1466,5.3571933725773e-09
"STEAP1",8888,1467,5.35560506224492e-09
"UQCR11",8888,1468,5.35326680788086e-09
"RIOK3",8888,1469,5.35291305721343e-09
"GNE",8888,1470,5.35246534735257e-09
"STARD7",8888,1471,5.3513107811306e-09
"C11orf73",8888,1472,5.35072994806095e-09
"PXN",8888,1473,5.34841900329188e-09
"SLC9A3R1",8888,1474,5.34777054725526e-09
"MAPK3",8888,1475,5.3475495472816e-09
"SPPL2A",8888,1476,5.34533425057055e-09
"HSD11B2",8888,1477,5.34371490014121e-09
"CORO2A",8888,1478,5.34305229904093e-09
"ALAS1",8888,1479,5.34248668578884e-09
"C19orf24",8888,1480,5.33345287664256e-09
"PAQR8",8888,1481,5.33283281111582e-09
"SNHG3",8888,1482,5.33139916532563e-09
"FOXP1",8888,1483,5.3297934670587e-09
"EHBP1L1",8888,1484,5.32722589868054e-09
"MRPL46",8888,1485,5.318587966861e-09
"VDAC3",8888,1486,5.31553390264726e-09
"REEP5",8888,1487,5.31334101911431e-09
"COX16",8888,1488,5.30001334733389e-09
"DPM2",8888,1489,5.29873756196766e-09
"TSPO",8888,1490,5.29841603660534e-09
"NDUFS2",8888,1491,5.29828750145302e-09
"DAZAP1",8888,1492,5.290209162636e-09
"CAMK2N1",8888,1493,5.2692499790573e-09
"COPZ1",8888,1494,5.26521629056393e-09
"CFLAR",8888,1495,5.24223564213009e-09
"ADTRP",8888,1496,5.23254063754698e-09
"PSMD6",8888,1497,5.21927182281659e-09
"SOD3",8888,1498,5.20744209176058e-09
"SYAP1",8888,1499,5.19852314302831e-09
"SQRDL",8888,1500,5.19408752207305e-09
"OXA1L",8888,1501,5.18989436107966e-09
"UHRF1",8888,1502,5.17138807825676e-09
"ASNA1",8888,1503,5.16304680577909e-09
"GGT6",8888,1504,5.16129223191644e-09
"COPS3",8888,1505,5.15814840084165e-09
"ARMC10",8888,1506,5.1503164540037e-09
"COMTD1",8888,1507,5.14880539770395e-09
"BCL2L15",8888,1508,5.12599254275508e-09
"S100A8",8888,1509,5.11992122508853e-09
"LAMTOR5",8888,1510,5.11919454106035e-09
"ACAA2",8888,1511,5.11272934347183e-09
"CHMP1B",8888,1512,5.11224025356665e-09
"MAP2K6",8888,1513,5.10618942442161e-09
"MTDH",8888,1514,5.09819433185085e-09
"FKBP3",8888,1515,5.0940379652793e-09
"PDLIM1",8888,1516,5.08360302322771e-09
"ACTN1",8888,1517,5.07342859821893e-09
"HEPH",8888,1518,5.05975431466821e-09
"CAST",8888,1519,5.05580033598772e-09
"CHMP5",8888,1520,5.04806138083585e-09
"NDUFA3",8888,1521,5.04452197293268e-09
"C14orf2",8888,1522,5.04308067899392e-09
"CKLF",8888,1523,5.0406210305679e-09
"PFDN4",8888,1524,5.03826132263804e-09
"DARS",8888,1525,5.03173608203978e-09
"CHMP2B",8888,1526,5.0209010289904e-09
"SGOL1",8888,1527,5.01827340386687e-09
"LAMTOR4",8888,1528,5.01146182278055e-09
"TBCA",8888,1529,5.00647053920055e-09
"CTNNA1",8888,1530,4.99550883525228e-09
"ZG16B",8888,1531,4.98914043092502e-09
"TMED10",8888,1532,4.98241985165658e-09
"PRPF38B",8888,1533,4.97928008748211e-09
"SCO2",8888,1534,4.97839259072936e-09
"CTTN",8888,1535,4.97604053389523e-09
"MUC12",8888,1536,4.97328782068872e-09
"TMEM179B",8888,1537,4.96959656101061e-09
"TAX1BP3",8888,1538,4.96212793109661e-09
"RP11-835E18.5",8888,1539,4.95999051209594e-09
"PSMC2",8888,1540,4.95956385074076e-09
"LIMA1",8888,1541,4.95681059393974e-09
"SHISA5",8888,1542,4.95568896642414e-09
"ATP5J",8888,1543,4.95397441240483e-09
"MAZ",8888,1544,4.95269967161557e-09
"PDIA4",8888,1545,4.94768040433223e-09
"CYBA",8888,1546,4.94644943449565e-09
"MRPL43",8888,1547,4.93770212577095e-09
"SMIM14",8888,1548,4.93340528293391e-09
"MGMT",8888,1549,4.91618526959645e-09
"ATAD2",8888,1550,4.90657126341114e-09
"KRAS",8888,1551,4.89966283057034e-09
"BCL3",8888,1552,4.89727861465245e-09
"RFC2",8888,1553,4.89681968859891e-09
"MIEN1",8888,1554,4.8959138474542e-09
"CAPN2",8888,1555,4.88000969722837e-09
"HBEGF",8888,1556,4.87585641483214e-09
"RBM47",8888,1557,4.86252182598584e-09
"C1orf35",8888,1558,4.86190823498047e-09
"PSMA2",8888,1559,4.86113468295199e-09
"MTRNR2L8",8888,1560,4.85204055350771e-09
"C15orf48",8888,1561,4.85105194591013e-09
"CENPF",8888,1562,4.84442860283247e-09
"HINT1",8888,1563,4.83500943568927e-09
"SERPINB1",8888,1564,4.83018277153705e-09
"SERINC2",8888,1565,4.80850631592376e-09
"ACTR3",8888,1566,4.80197470438632e-09
"ANKRD22",8888,1567,4.79916937819696e-09
"SEP15",8888,1568,4.77078243877233e-09
"UBL5",8888,1569,4.76766006903236e-09
"RAB11A",8888,1570,4.76421430198552e-09
"HOXD11",8888,1571,4.75747802959719e-09
"SF1",8888,1572,4.7474164314072e-09
"BEST2",8888,1573,4.74659466126583e-09
"MTRNR2L10",8888,1574,4.73979236735929e-09
"MRPS22",8888,1575,4.73883142334707e-09
"ACTN4",8888,1576,4.72622874058697e-09
"FAM136A",8888,1577,4.71644820537244e-09
"MACROD1",8888,1578,4.71525912961696e-09
"SNRPA",8888,1579,4.70979696807513e-09
"NDUFB2",8888,1580,4.70157026835739e-09
"CDK2AP2",8888,1581,4.66498502619186e-09
"ACN9",8888,1582,4.65914620222274e-09
"VMP1",8888,1583,4.65297087028402e-09
"BIRC3",8888,1584,4.64835636725855e-09
"RPN1",8888,1585,4.64616764031105e-09
"ANXA3",8888,1586,4.64337139645345e-09
"PTBP1",8888,1587,4.6257701480276e-09
"MPST",8888,1588,4.60568075238383e-09
"BUD31",8888,1589,4.60481118828994e-09
"ENY2",8888,1590,4.60321537258535e-09
"EPCAM",8888,1591,4.60318042699396e-09
"RER1",8888,1592,4.60191383038397e-09
"FCGRT",8888,1593,4.58448133319297e-09
"ATP5J2",8888,1594,4.5808144996473e-09
"PNKD",8888,1595,4.55866664289565e-09
"YTHDF2",8888,1596,4.55693496532138e-09
"SLC5A1",8888,1597,4.52631090143679e-09
"HNRNPH3",8888,1598,4.51312232605516e-09
"ITGA6",8888,1599,4.49335393790775e-09
"TALDO1",8888,1600,4.49293864360146e-09
"ARHGAP11A",8888,1601,4.47774908836035e-09
"PITX1",8888,1602,4.46986642259359e-09
"SRP72",8888,1603,4.45912029310591e-09
"HDDC2",8888,1604,4.45775826124922e-09
"GCHFR",8888,1605,4.45230091525712e-09
"NELFE",8888,1606,4.44718177539285e-09
"FAM173A",8888,1607,4.42822210756778e-09
"PTPRF",8888,1608,4.42421253559542e-09
"QPCT",8888,1609,4.41894806160903e-09
"ACSL5",8888,1610,4.414205145997e-09
"PPP2R1A",8888,1611,4.4126364627596e-09
"CENPA",8888,1612,4.4059186240364e-09
"TMEM66",8888,1613,4.40538378454107e-09
"METTL7A",8888,1614,4.39417319098891e-09
"EIF4E2",8888,1615,4.38092987118306e-09
"MRPL1",8888,1616,4.37366411097573e-09
"FAM26F",8888,1617,4.37298772031185e-09
"PRR11",8888,1618,4.37223766229182e-09
"HMMR",8888,1619,4.35286804220067e-09
"PCK2",8888,1620,4.33226033861443e-09
"SNHG18",8888,1621,4.33185278733573e-09
"N4BP2L2",8888,1622,4.32350202076389e-09
"EWSR1",8888,1623,4.30580135016322e-09
"DSP",8888,1624,4.30053301394513e-09
"GDF15",8888,1625,4.29607807987425e-09
"GNB2",8888,1626,4.27045446443243e-09
"CMC1",8888,1627,4.265863067397e-09
"PDHA1",8888,1628,4.26459908936639e-09
"NDUFA2",8888,1629,4.26284659269215e-09
"CEBPD",8888,1630,4.21539674025905e-09
"COA6",8888,1631,4.19215584303214e-09
"NDUFB3",8888,1632,4.18264950326659e-09
"NOP10",8888,1633,4.17776541469015e-09
"PMF1",8888,1634,4.16802277140528e-09
"EMC6",8888,1635,4.1640059045509e-09
"KLK15",8888,1636,4.12423499164358e-09
"UBE2L3",8888,1637,4.11949578911816e-09
"CCNA2",8888,1638,4.11566917567333e-09
"COMMD4",8888,1639,4.11231719262725e-09
"GPSM2",8888,1640,4.1026128641276e-09
"UBE2L6",8888,1641,4.08267785631437e-09
"IFITM3",8888,1642,4.08045423409501e-09
"CYCS",8888,1643,4.06342376862954e-09
"DGCR6L",8888,1644,4.06331017534346e-09
"TMEM61",8888,1645,4.05933195872281e-09
"ARL6IP4",8888,1646,4.05216391434381e-09
"UBXN4",8888,1647,4.05098514873608e-09
"CALM1",8888,1648,4.04813366651037e-09
"CD151",8888,1649,4.04620953017955e-09
"ELP5",8888,1650,4.044454531977e-09
"MRPS18A",8888,1651,4.04139486759458e-09
"AUP1",8888,1652,4.04107815587935e-09
"CEP55",8888,1653,4.03509123861698e-09
"DNAJA1",8888,1654,4.03355400334902e-09
"GADD45B",8888,1655,4.02451485035655e-09
"DUSP23",8888,1656,3.97249250311821e-09
"LMNB2",8888,1657,3.96616701707428e-09
"TRAPPC1",8888,1658,3.9589313317703e-09
"AURKA",8888,1659,3.9511874776174e-09
"THYN1",8888,1660,3.93570090898307e-09
"CCL20",8888,1661,3.93174454370471e-09
"RNASE1",8888,1662,3.92962108201966e-09
"TTK",8888,1663,3.92888746306874e-09
"NT5DC2",8888,1664,3.90725043904641e-09
"DCAF13",8888,1665,3.90633192394912e-09
"BACE2",8888,1666,3.90511610632716e-09
"MRPL19",8888,1667,3.8928410513848e-09
"MRPL47",8888,1668,3.89210177828733e-09
"FAM3C",8888,1669,3.89006574750947e-09
"GADD45A",8888,1670,3.87910531487995e-09
"KDELR2",8888,1671,3.8750373139852e-09
"CALM3",8888,1672,3.86494493363024e-09
"CKAP5",8888,1673,3.85007039514635e-09
"CRELD2",8888,1674,3.84950897453065e-09
"SSU72",8888,1675,3.84808140545537e-09
"TCF12",8888,1676,3.84778066322772e-09
"LAD1",8888,1677,3.84631444602287e-09
"RACGAP1",8888,1678,3.83082938425765e-09
"MRPS18C",8888,1679,3.82467191000847e-09
"CENPN",8888,1680,3.8055763931996e-09
"LAMA1",8888,1681,3.80138389360636e-09
"PLCB4",8888,1682,3.80082269256661e-09
"LMAN1",8888,1683,3.78678941648611e-09
"ANAPC15",8888,1684,3.76992411541599e-09
"MRPS11",8888,1685,3.76085221308824e-09
"CLIC1",8888,1686,3.74493930159009e-09
"SRSF1",8888,1687,3.73127011164625e-09
"BLVRB",8888,1688,3.70104446211524e-09
"TSEN34",8888,1689,3.69658835611353e-09
"MRPS35",8888,1690,3.69610639082579e-09
"HOXB13",8888,1691,3.68688654176475e-09
"MORF4L2",8888,1692,3.68018723095973e-09
"MESDC2",8888,1693,3.6725026572932e-09
"PPP1CA",8888,1694,3.60723708046665e-09
"FH",8888,1695,3.60103224705718e-09
"YWHAB",8888,1696,3.59790237273881e-09
"LBH",8888,1697,3.59085830376886e-09
"FAM177A1",8888,1698,3.5862937243413e-09
"UQCRC2",8888,1699,3.57905603033101e-09
"MRPL15",8888,1700,3.57786775230185e-09
"P4HB",8888,1701,3.57045445316158e-09
"SOCS1",8888,1702,3.54892125636957e-09
"KCTD12",8888,1703,3.54318222330477e-09
"RAB31",8888,1704,3.53864648596922e-09
"ATG3",8888,1705,3.53464936577878e-09
"NEURL1B",8888,1706,3.53091791426078e-09
"C14orf1",8888,1707,3.51800163885135e-09
"HDAC9",8888,1708,3.50647786729432e-09
"ZBP1",8888,1709,3.50481793166467e-09
"MUC5AC",8888,1710,3.50272640968498e-09
"HSPA5",8888,1711,3.50236462794887e-09
"SF3B2",8888,1712,3.48481923098066e-09
"NAA20",8888,1713,3.48447902635927e-09
"SAE1",8888,1714,3.47594681778431e-09
"ENSA",8888,1715,3.46426018437637e-09
"TARS",8888,1716,3.46190191606666e-09
"MLF2",8888,1717,3.46062909644446e-09
"SELENBP1",8888,1718,3.45941605510086e-09
"KDELR3",8888,1719,3.45894814768009e-09
"CANX",8888,1720,3.45600084664202e-09
"RPA2",8888,1721,3.4524166675621e-09
"KIF9",8888,1722,3.450151218403e-09
"TM7SF3",8888,1723,3.44608456619533e-09
"NSMCE4A",8888,1724,3.44053270862231e-09
"RHOA",8888,1725,3.44000789353854e-09
"ENKUR",8888,1726,3.4268655433633e-09
"SS18L2",8888,1727,3.41820829672733e-09
"SRP14",8888,1728,3.40426686150529e-09
"CD274",8888,1729,3.38927355563251e-09
"RCAN1",8888,1730,3.3888121361547e-09
"PBDC1",8888,1731,3.38242615415621e-09
"GOT2",8888,1732,3.37613343312169e-09
"ASL",8888,1733,3.37309503476057e-09
"TNFAIP2",8888,1734,3.37160073369788e-09
"PSMA1",8888,1735,3.36441012248983e-09
"CALR",8888,1736,3.35743521264055e-09
"RAMP1",8888,1737,3.34519847350888e-09
"PRDM1",8888,1738,3.34117471101693e-09
"ADAR",8888,1739,3.33700807650773e-09
"PMP22",8888,1740,3.33072065643091e-09
"TNFRSF14",8888,1741,3.32962655034123e-09
"ZC3H15",8888,1742,3.3235231107552e-09
"PTPMT1",8888,1743,3.32334926674732e-09
"ZKSCAN1",8888,1744,3.31590847633437e-09
"KHSRP",8888,1745,3.3114610400463e-09
"TBL1XR1",8888,1746,3.30846113134411e-09
"FOXA3",8888,1747,3.3064510596712e-09
"CA12",8888,1748,3.30585758593355e-09
"NCOR1",8888,1749,3.30438339760114e-09
"NEDD4L",8888,1750,3.30041010225668e-09
"PRPF40A",8888,1751,3.2904464978427e-09
"POLR2K",8888,1752,3.29010993705706e-09
"CBR1",8888,1753,3.28607143937546e-09
"VKORC1",8888,1754,3.28335777274929e-09
"OST4",8888,1755,3.27557406721398e-09
"TMEM171",8888,1756,3.2727757719294e-09
"NDUFA1",8888,1757,3.26620189877483e-09
"AIF1",8888,1758,3.26367476218438e-09
"OIP5-AS1",8888,1759,3.25961786430569e-09
"MKKS",8888,1760,3.25843902722123e-09
"KPNA2",8888,1761,3.25635708717331e-09
"TMEM160",8888,1762,3.25562564736777e-09
"MRFAP1",8888,1763,3.25533472489967e-09
"FAM3B",8888,1764,3.24549655804317e-09
"TRAPPC6A",8888,1765,3.23149662752809e-09
"TMEM219",8888,1766,3.22322835729338e-09
"S100A9",8888,1767,3.2211940787048e-09
"SRA1",8888,1768,3.2156941222335e-09
"RNF213",8888,1769,3.21360039283776e-09
"MRPL50",8888,1770,3.21194745786069e-09
"ADD3",8888,1771,3.20598061164991e-09
"TMC5",8888,1772,3.20314356725804e-09
"TSPAN13",8888,1773,3.19869543641385e-09
"MOB1A",8888,1774,3.19715289250702e-09
"ANGPTL4",8888,1775,3.18988014883699e-09
"WIPI1",8888,1776,3.18965982261701e-09
"TFRC",8888,1777,3.18919784258558e-09
"GMDS",8888,1778,3.18751351047519e-09
"CCDC167",8888,1779,3.18390137735778e-09
"GOLPH3",8888,1780,3.17885070599786e-09
"THOC3",8888,1781,3.17707279468542e-09
"MAT2A",8888,1782,3.16607215878459e-09
"TUBA1C",8888,1783,3.1621186901947e-09
"IQGAP2",8888,1784,3.15829852907154e-09
"ISG15",8888,1785,3.15407874661861e-09
"FIBP",8888,1786,3.14871400207746e-09
"TCEB1",8888,1787,3.13921604938451e-09
"CKMT1A",8888,1788,3.12971021403654e-09
"SERF2",8888,1789,3.12957836416681e-09
"PCNP",8888,1790,3.12445072737887e-09
"DENR",8888,1791,3.12317193494401e-09
"TMEM87A",8888,1792,3.1217060547429e-09
"FGD5-AS1",8888,1793,3.11932184148423e-09
"EIF2A",8888,1794,3.11676785226502e-09
"LAMA3",8888,1795,3.11476335536232e-09
"GBP4",8888,1796,3.10634825575741e-09
"AMD1",8888,1797,3.1026528832496e-09
"DDAH2",8888,1798,3.09512833091147e-09
"IL3RA",8888,1799,3.09481992867698e-09
"LIMK2",8888,1800,3.08383292646802e-09
"PLOD2",8888,1801,3.07991488233537e-09
"HSBP1",8888,1802,3.06503376154607e-09
"OARD1",8888,1803,3.06066401939473e-09
"PTMS",8888,1804,3.06019072298931e-09
"CMC2",8888,1805,3.0601439184799e-09
"MIA",8888,1806,3.05867761355635e-09
"MRPS6",8888,1807,3.05819300706585e-09
"STXBP6",8888,1808,3.05713196364663e-09
"SLC15A1",8888,1809,3.05250964534489e-09
"CCNG2",8888,1810,3.04820448449951e-09
"UBE2V2",8888,1811,3.04259533439563e-09
"ISCU",8888,1812,3.04069960947684e-09
"TMEM98",8888,1813,3.03708781604583e-09
"FAM84A",8888,1814,3.03699725669958e-09
"RP11-747D18.1",8888,1815,3.03421502862527e-09
"TYMP",8888,1816,3.03244846006915e-09
"TMCC3",8888,1817,3.02546661828876e-09
"BMP2",8888,1818,3.02438112915465e-09
"MINOS1",8888,1819,3.02435626373251e-09
"GNPNAT1",8888,1820,3.02419581630862e-09
"TMEM158",8888,1821,3.01306787545669e-09
"DUS1L",8888,1822,2.99293675242756e-09
"SMIM19",8888,1823,2.99108998171841e-09
"LINC00520",8888,1824,2.98926240950111e-09
"RABL6",8888,1825,2.98502381808582e-09
"PKP3",8888,1826,2.98435740632512e-09
"NDUFA6",8888,1827,2.98378838598136e-09
"LBR",8888,1828,2.97896523891372e-09
"CNOT1",8888,1829,2.97857906510233e-09
"UCA1",8888,1830,2.9767296514296e-09
"ARPC1B",8888,1831,2.9711027045635e-09
"SOX8",8888,1832,2.97109204754963e-09
"YPEL2",8888,1833,2.96699878621679e-09
"TIMP2",8888,1834,2.96613316510387e-09
"NPC2",8888,1835,2.96334759729251e-09
"APOBEC1",8888,1836,2.94153760635157e-09
"CKMT1B",8888,1837,2.93604112748585e-09
"PFKL",8888,1838,2.93600581613747e-09
"SLC39A7",8888,1839,2.93340939156322e-09
"TMIGD1",8888,1840,2.9309898980971e-09
"RP11-665N17.4",8888,1841,2.92761953922627e-09
"APOL2",8888,1842,2.9118064722565e-09
"SLC26A4",8888,1843,2.90800546214568e-09
"AKR7A3",8888,1844,2.90662834125743e-09
"ITGA2",8888,1845,2.90051149440847e-09
"CPNE3",8888,1846,2.89849979177042e-09
"POLR3GL",8888,1847,2.89814880123966e-09
"ERAP2",8888,1848,2.89085344948639e-09
"IFIT3",8888,1849,2.8908123383508e-09
"MIR4435-1HG",8888,1850,2.86891385561289e-09
"ARL1",8888,1851,2.86850941875655e-09
"C4BPA",8888,1852,2.86298230830097e-09
"NME3",8888,1853,2.85481617930589e-09
"NT5C",8888,1854,2.85355142940699e-09
"AREG",8888,1855,2.85348796652619e-09
"RP11-462G2.1",8888,1856,2.84940487857047e-09
"PTPRR",8888,1857,2.84662117325091e-09
"CCL3",8888,1858,2.84541288266237e-09
"SAMD9L",8888,1859,2.84120676923941e-09
"PPIC",8888,1860,2.8328900329369e-09
"ALDH1A2",8888,1861,2.82953688214236e-09
"RWDD1",8888,1862,2.82820408180028e-09
"KCNS3",8888,1863,2.82788071568057e-09
"SAA2",8888,1864,2.82695733661699e-09
"TRPM6",8888,1865,2.82566907129197e-09
"BCLAF1",8888,1866,2.81803553298422e-09
"NAPRT1",8888,1867,2.81540093091336e-09
"EIF3J",8888,1868,2.81151942808223e-09
"CAT",8888,1869,2.81000751743985e-09
"ITGAV",8888,1870,2.80732296897624e-09
"LIPH",8888,1871,2.80721722009578e-09
"PRAP1",8888,1872,2.80011656996998e-09
"VEGFA",8888,1873,2.79688423747232e-09
"DDT",8888,1874,2.79637068866842e-09
"HIST1H2AC",8888,1875,2.79616866916776e-09
"NAA38",8888,1876,2.79553107477877e-09
"DSTN",8888,1877,2.79395170230644e-09
"USP22",8888,1878,2.78771499140367e-09
"BSG",8888,1879,2.78457214653561e-09
"TOMM5",8888,1880,2.78171419652149e-09
"ARPC1A",8888,1881,2.78168335590468e-09
"VAMP5",8888,1882,2.78168082603635e-09
"GLRX2",8888,1883,2.78081763863057e-09
"CTD-2047H16.2",8888,1884,2.77966618600593e-09
"PTTG1IP",8888,1885,2.77685251595096e-09
"ATP10B",8888,1886,2.77514133375214e-09
"SLC26A2",8888,1887,2.77249223001004e-09
"RAB4A",8888,1888,2.77111201465722e-09
"TIMP1",8888,1889,2.77103301911467e-09
"SUMO1",8888,1890,2.76927728834063e-09
"CYP3A5",8888,1891,2.76788185856799e-09
"NOX1",8888,1892,2.76313895606372e-09
"TNFSF10",8888,1893,2.76050317232586e-09
"KLF2",8888,1894,2.75472331981855e-09
"SAA1",8888,1895,2.75391767133746e-09
"UBE2M",8888,1896,2.75206410700775e-09
"LGALS2",8888,1897,2.75109676836601e-09
"CA1",8888,1898,2.74941072816648e-09
"RALBP1",8888,1899,2.73901668864003e-09
"AL928768.3",8888,1900,2.73820182195477e-09
"CPM",8888,1901,2.73471668115137e-09
"LDHD",8888,1902,2.72427802040899e-09
"ARFIP2",8888,1903,2.72320781858531e-09
"ME1",8888,1904,2.71536750703268e-09
"C10orf99",8888,1905,2.71469412720087e-09
"LRP10",8888,1906,2.70544396637854e-09
"NDUFB4",8888,1907,2.69955029956422e-09
"CD46",8888,1908,2.69456922446234e-09
"SYNGR2",8888,1909,2.68978951871019e-09
"CHCHD7",8888,1910,2.68727158310535e-09
"LAMB3",8888,1911,2.68563252633984e-09
"STAP2",8888,1912,2.68556276381975e-09
"ACVRL1",8888,1913,2.68039134353699e-09
"SPATS2L",8888,1914,2.67989246297091e-09
"CTBP1",8888,1915,2.67886010182569e-09
"SPINK5",8888,1916,2.67673646074664e-09
"RALB",8888,1917,2.67626499355617e-09
"ALOX5",8888,1918,2.67338757834954e-09
"CAPNS1",8888,1919,2.67163562788257e-09
"PSMG2",8888,1920,2.67024230275408e-09
"PPARG",8888,1921,2.66959826746632e-09
"PLBD1",8888,1922,2.66941619963072e-09
"STK24",8888,1923,2.66591777943232e-09
"LGALS9",8888,1924,2.66460850130516e-09
"KLRB1",8888,1925,2.66386419643499e-09
"SEPT2",8888,1926,2.66357522945635e-09
"RRAS",8888,1927,2.66266404514967e-09
"C2orf54",8888,1928,2.66187056136023e-09
"TTC3",8888,1929,2.66054275963908e-09
"ENPP2",8888,1930,2.65856533259971e-09
"ARGLU1",8888,1931,2.65630725518067e-09
"HSPH1",8888,1932,2.65470880623066e-09
"SMS",8888,1933,2.65376462979725e-09
"ABHD3",8888,1934,2.64926028213553e-09
"RAB13",8888,1935,2.64711958037468e-09
"SERPINB5",8888,1936,2.64385113766266e-09
"DUSP6",8888,1937,2.64380416628014e-09
"GPR153",8888,1938,2.63885463015319e-09
"PLA2G16",8888,1939,2.63813800291308e-09
"TCF7L2",8888,1940,2.63804359118214e-09
"JAG1",8888,1941,2.63581664206415e-09
"PGRMC1",8888,1942,2.63429757963759e-09
"TPRN",8888,1943,2.63406936134955e-09
"CHD4",8888,1944,2.62475875752504e-09
"C1orf106",8888,1945,2.62386155228321e-09
"SIRT6",8888,1946,2.62132360967105e-09
"HMOX2",8888,1947,2.61987387800424e-09
"PREB",8888,1948,2.61858822523744e-09
"MMP7",8888,1949,2.61702126283138e-09
"GNG12",8888,1950,2.61582190654662e-09
"ANPEP",8888,1951,2.61287294676058e-09
"FUT3",8888,1952,2.6121654849358e-09
"DOK4",8888,1953,2.60666014736594e-09
"PARP9",8888,1954,2.60448411493697e-09
"SEC61G",8888,1955,2.60199487398892e-09
"ACOX1",8888,1956,2.59664215600797e-09
"ERBB2IP",8888,1957,2.59624967401769e-09
"ITGA3",8888,1958,2.59424723517531e-09
"IFITM1",8888,1959,2.59403079860613e-09
"SPIB",8888,1960,2.59098156969682e-09
"FUT2",8888,1961,2.58928064481098e-09
"SLC25A1",8888,1962,2.58818601077344e-09
"RBPMS",8888,1963,2.5817957532754e-09
"FKBP1B",8888,1964,2.58139080365732e-09
"KMT2E",8888,1965,2.57989158937291e-09
"WASL",8888,1966,2.57669755972546e-09
"CAB39",8888,1967,2.57659956728789e-09
"PLAU",8888,1968,2.57284625351598e-09
"PFKP",8888,1969,2.56910453978108e-09
"RFK",8888,1970,2.5661146537953e-09
"PPDPF",8888,1971,2.56531137709089e-09
"TMEM139",8888,1972,2.5594007961664e-09
"SH3KBP1",8888,1973,2.55915034753976e-09
"TXNDC9",8888,1974,2.55835429048087e-09
"ABCA5",8888,1975,2.5548718951234e-09
"LGR4",8888,1976,2.55399487337429e-09
"IBTK",8888,1977,2.55137000500254e-09
"AKAP1",8888,1978,2.54926537691555e-09
"HIST1H2BK",8888,1979,2.54883028757551e-09
"TMEM176A",8888,1980,2.5486133449281e-09
"AK3",8888,1981,2.54857087734729e-09
"GSTT1",8888,1982,2.54791888219724e-09
"GSDMB",8888,1983,2.54347999396246e-09
"ACAA1",8888,1984,2.54281711998516e-09
"TMPRSS4",8888,1985,2.54178326191264e-09
"GUCA2B",8888,1986,2.54126657433892e-09
"WFDC2",8888,1987,2.54079455022519e-09
"CX3CL1",8888,1988,2.54078231272786e-09
"VPS35",8888,1989,2.54030060733211e-09
"B2M",8888,1990,2.53938996070599e-09
"KIF13B",8888,1991,2.53795295213025e-09
"TUBB2A",8888,1992,2.53209946706892e-09
"IFIT1",8888,1993,2.53095717888189e-09
"CHP1",8888,1994,2.52769285181703e-09
"RP11-295G20.2",8888,1995,2.52717576809166e-09
"MMP1",8888,1996,2.52359839459043e-09
"CD2AP",8888,1997,2.52227573141461e-09
"PTGS1",8888,1998,2.52112271700335e-09
"C7orf55",8888,1999,2.51891250037987e-09
"F11R",8888,2000,2.51787336958273e-09
"CLCN3",8888,2001,2.51477374702209e-09
"C10orf118",8888,2002,2.51295724953401e-09
"IL10RB",8888,2003,2.51090854748054e-09
"XIAP",8888,2004,2.50731418187929e-09
"PAWR",8888,2005,2.5064898392421e-09
"APOL6",8888,2006,2.5060694774861e-09
"TPMT",8888,2007,2.50598615262487e-09
"SPNS2",8888,2008,2.50532832901937e-09
"MDK",8888,2009,2.50422127421174e-09
"NDRG1",8888,2010,2.50400287308145e-09
"HGD",8888,2011,2.50296317715701e-09
"IL1B",8888,2012,2.50271334546735e-09
"ELOVL6",8888,2013,2.50042642358694e-09
"IDH3G",8888,2014,2.49314720184252e-09
"KCNK1",8888,2015,2.49265213673483e-09
"ATP6V1D",8888,2016,2.48898438496299e-09
"IFI35",8888,2017,2.48852935692045e-09
"TXNRD1",8888,2018,2.4857322942981e-09
"NDFIP2",8888,2019,2.48553535458312e-09
"LINC00657",8888,2020,2.48421927244211e-09
"CREB3L1",8888,2021,2.48119582257984e-09
"RASSF6",8888,2022,2.47997856208919e-09
"NFE2L1",8888,2023,2.47591872179611e-09
"CTSD",8888,2024,2.47418657754549e-09
"APOBR",8888,2025,2.47376387406364e-09
"UGDH",8888,2026,2.47220436174075e-09
"SLC25A24",8888,2027,2.4695491949306e-09
"IGFBP5",8888,2028,2.46808425024723e-09
"DNAJC10",8888,2029,2.46716282676613e-09
"TMC4",8888,2030,2.46411769465209e-09
"RP11-161M6.2",8888,2031,2.46153793754936e-09
"NDUFB5",8888,2032,2.45841413933871e-09
"SLC4A4",8888,2033,2.45817994836368e-09
"MRPS14",8888,2034,2.45695781178305e-09
"OSTF1",8888,2035,2.4567588187326e-09
"HNF4A",8888,2036,2.45582943925531e-09
"CLN3",8888,2037,2.45479770258856e-09
"IL2RG",8888,2038,2.45340157526185e-09
"TM4SF20",8888,2039,2.45249129982058e-09
"CDH1",8888,2040,2.45184952334455e-09
"SMARCA4",8888,2041,2.45109511122814e-09
"COX5B",8888,2042,2.45006379586819e-09
"TMOD3",8888,2043,2.44983173339809e-09
"SDCBP",8888,2044,2.4498148164902e-09
"GFPT1",8888,2045,2.44465912315596e-09
"LINC00668",8888,2046,2.44149691324208e-09
"HSPB1",8888,2047,2.44128481259898e-09
"ARL4A",8888,2048,2.43967246771413e-09
"PDCD10",8888,2049,2.43798240307778e-09
"CHP2",8888,2050,2.4370944243332e-09
"PPAPDC1B",8888,2051,2.43513467856688e-09
"SMIM22",8888,2052,2.43432664225085e-09
"LYPLA1",8888,2053,2.43243619917564e-09
"MYO5B",8888,2054,2.43064764436278e-09
"AKR1C3",8888,2055,2.42936284015019e-09
"TYROBP",8888,2056,2.42739694233465e-09
"CRIP1",8888,2057,2.42370266295273e-09
"LRRFIP1",8888,2058,2.42311969433813e-09
"PLXNB2",8888,2059,2.42213612509941e-09
"TMEM176B",8888,2060,2.42075404499206e-09
"MMP24-AS1",8888,2061,2.42063167174128e-09
"CRYL1",8888,2062,2.41886316142859e-09
"ATP1B3",8888,2063,2.41831860590901e-09
"KRCC1",8888,2064,2.41758023138635e-09
"CTSZ",8888,2065,2.41622805685757e-09
"ABHD2",8888,2066,2.41434678218066e-09
"SLC7A11",8888,2067,2.41282018950824e-09
"SLC35A3",8888,2068,2.4125239074615e-09
"CEBPG",8888,2069,2.41188349933305e-09
"EZR",8888,2070,2.41135454421402e-09
"EFNB2",8888,2071,2.40924470469834e-09
"KLK10",8888,2072,2.40877443372722e-09
"CASP1",8888,2073,2.4086102238646e-09
"PDCD6IP",8888,2074,2.40756505542036e-09
"PROX1",8888,2075,2.40575305725122e-09
"KIAA1522",8888,2076,2.40505386862349e-09
"TMEM92",8888,2077,2.40451392844457e-09
"SPTBN1",8888,2078,2.40163795089945e-09
"SUMO3",8888,2079,2.39974698600405e-09
"CPA3",8888,2080,2.3989650292649e-09
"SH3BGRL2",8888,2081,2.39790826996268e-09
"RAB18",8888,2082,2.39653990780161e-09
"ARF6",8888,2083,2.39618235795708e-09
"SBDS",8888,2084,2.3958579249613e-09
"ZFP36",8888,2085,2.39284773826845e-09
"RAB10",8888,2086,2.39222494845038e-09
"UBE2A",8888,2087,2.3914902783796e-09
"ATP6V0D1",8888,2088,2.39137394223859e-09
"TRAPPC4",8888,2089,2.39078678978073e-09
"GOLM1",8888,2090,2.39025705268566e-09
"SUB1",8888,2091,2.38491414518022e-09
"SNX7",8888,2092,2.3836987613142e-09
"SPTAN1",8888,2093,2.383535207443e-09
"HIF1A",8888,2094,2.38215456693111e-09
"IL32",8888,2095,2.38178648776092e-09
"RND3",8888,2096,2.38137065588922e-09
"CTNNB1",8888,2097,2.38092952239809e-09
"CAPZA1",8888,2098,2.37968243180928e-09
"NPTN",8888,2099,2.37960654697029e-09
"PKM",8888,2100,2.378574505589e-09
"SPINT1",8888,2101,2.37724238372847e-09
"SPTSSA",8888,2102,2.37307043189329e-09
"COPG1",8888,2103,2.37196538589296e-09
"ANXA11",8888,2104,2.37137895624128e-09
"TPM4",8888,2105,2.37031183013451e-09
"TM9SF2",8888,2106,2.36754539892075e-09
"NPEPPS",8888,2107,2.36711018288929e-09
"CD164",8888,2108,2.36528647919332e-09
"CDC42",8888,2109,2.36276280281496e-09
"C10orf10",8888,2110,2.36113160598612e-09
"CSTB",8888,2111,2.35637623187616e-09
"CTNND1",8888,2112,2.3513048072403e-09
"VAPA",8888,2113,2.35107335537907e-09
"DGAT1",8888,2114,2.35079066803967e-09
"SSR1",8888,2115,2.34977366871226e-09
"MFAP4",8888,2116,2.34958102173398e-09
"VASP",8888,2117,2.34854236810306e-09
"CXADR",8888,2118,2.34612877062622e-09
"BAK1",8888,2119,2.34610886170978e-09
"C1QA",8888,2120,2.3442554569713e-09
"ICAM2",8888,2121,2.3396462625587e-09
"PANK3",8888,2122,2.33709762743647e-09
"SLC44A4",8888,2123,2.3354826079203e-09
"TPSAB1",8888,2124,2.33547565670506e-09
"MMP15",8888,2125,2.33535191974201e-09
"TFPI",8888,2126,2.3335196863433e-09
"ARPC5",8888,2127,2.3325382422545e-09
"CHMP4B",8888,2128,2.33131274621445e-09
"C6orf132",8888,2129,2.32687634128683e-09
"CLIC3",8888,2130,2.325073702247e-09
"CRB3",8888,2131,2.3244711663628e-09
"BRMS1",8888,2132,2.32247943289749e-09
"STXBP2",8888,2133,2.32198157608064e-09
"CRABP2",8888,2134,2.31893790266148e-09
"NMRAL1",8888,2135,2.31824052729692e-09
"SEC24D",8888,2136,2.31480595158646e-09
"DSG2",8888,2137,2.31256448428158e-09
"ATP6V1E1",8888,2138,2.31246914284224e-09
"CORO1B",8888,2139,2.30927025416661e-09
"FCGBP",8888,2140,2.30721823996995e-09
"ANKRD37",8888,2141,2.30718462897537e-09
"PIGR",8888,2142,2.3069696743314e-09
"RRBP1",8888,2143,2.30484137643178e-09
"EMP2",8888,2144,2.30367598866932e-09
"RARRES2",8888,2145,2.30267569287015e-09
"C4orf48",8888,2146,2.30074692651996e-09
"PERP",8888,2147,2.29855091902295e-09
"NUDT4",8888,2148,2.29775259018491e-09
"TRBC2",8888,2149,2.29630237929749e-09
"ATP8B1",8888,2150,2.29513702636573e-09
"C20orf24",8888,2151,2.29412427096045e-09
"RALA",8888,2152,2.29407627090911e-09
"ARL6IP5",8888,2153,2.29237713482152e-09
"FKBP1A",8888,2154,2.28940203882342e-09
"C14orf119",8888,2155,2.2858559434454e-09
"H1F0",8888,2156,2.28577760870416e-09
"TUBA1A",8888,2157,2.28499539659109e-09
"IST1",8888,2158,2.28443714824758e-09
"SLC25A37",8888,2159,2.28340451690937e-09
"AKR1C2",8888,2160,2.27942256030018e-09
"FTH1",8888,2161,2.27739183121629e-09
"DNAJC3",8888,2162,2.27241406213861e-09
"HDHD3",8888,2163,2.26970163918547e-09
"SMAP1",8888,2164,2.2688399729926e-09
"VDAC2",8888,2165,2.26727451344894e-09
"ALDOA",8888,2166,2.2642874103396e-09
"SLC44A1",8888,2167,2.2641963352699e-09
"SLC52A2",8888,2168,2.26401478337068e-09
"MAP1LC3B",8888,2169,2.26315396482159e-09
"HTATIP2",8888,2170,2.25808520870609e-09
"MRPL33",8888,2171,2.25232658569977e-09
"PIM3",8888,2172,2.25228678315338e-09
"MVD",8888,2173,2.25075701439318e-09
"PCSK7",8888,2174,2.24608966704327e-09
"PPP1CB",8888,2175,2.24288580994464e-09
"IGFBP3",8888,2176,2.23751168360025e-09
"FBLN5",8888,2177,2.23737715867475e-09
"PSMD1",8888,2178,2.23244287965471e-09
"MCTS1",8888,2179,2.23192701191938e-09
"PRKCG",8888,2180,2.23114844610819e-09
"ATOX1",8888,2181,2.22975367118206e-09
"ZDHHC12",8888,2182,2.22585701037727e-09
"IGHV1-24",8888,2183,2.2242233184696e-09
"SCAND1",8888,2184,2.22139011927897e-09
"PON2",8888,2185,2.21794359734412e-09
"POLR2L",8888,2186,2.21712879245396e-09
"GALNT5",8888,2187,2.21698015869131e-09
"ARPC2",8888,2188,2.2166326041046e-09
"ACOT7",8888,2189,2.20701898178643e-09
"ACTR2",8888,2190,2.20645714930379e-09
"GPR85",8888,2191,2.20601060676879e-09
"TCF25",8888,2192,2.20169846475539e-09
"ARHGDIA",8888,2193,2.19802159657719e-09
"GNAQ",8888,2194,2.19683353326959e-09
"CDKN2A",8888,2195,2.18933402532966e-09
"KLF3",8888,2196,2.18405592462145e-09
"PDHB",8888,2197,2.18279248687109e-09
"ATP2B1",8888,2198,2.17878356470912e-09
"C9orf89",8888,2199,2.17780648804257e-09
"SAR1B",8888,2200,2.17537183253123e-09
"ATP2A2",8888,2201,2.17442466131798e-09
"RNASET2",8888,2202,2.17398711757971e-09
"TLE1",8888,2203,2.1731572303813e-09
"TMED7",8888,2204,2.17303107806751e-09
"RAB27A",8888,2205,2.16579789608245e-09
"COX7B",8888,2206,2.16221049139528e-09
"ATP2A3",8888,2207,2.16044009839742e-09
"ANKRD36C",8888,2208,2.16028227338786e-09
"WDR1",8888,2209,2.16010278576269e-09
"CMAS",8888,2210,2.16007274048492e-09
"COX8A",8888,2211,2.15936898130879e-09
"CANT1",8888,2212,2.15842859528553e-09
"GALNT7",8888,2213,2.15137325716141e-09
"RP11-277P12.20",8888,2214,2.15055419138413e-09
"TMBIM4",8888,2215,2.15008951663921e-09
"PRKACB",8888,2216,2.1482073837544e-09
"RAB25",8888,2217,2.14535474601499e-09
"SCP2",8888,2218,2.13950750052699e-09
"ABRACL",8888,2219,2.13437185512242e-09
"CDV3",8888,2220,2.13279707122412e-09
"AK8",8888,2221,2.13254143174277e-09
"IQGAP1",8888,2222,2.13212889691432e-09
"TGOLN2",8888,2223,2.1246380774296e-09
"REEP3",8888,2224,2.12423906693514e-09
"PRDX6",8888,2225,2.12044351451519e-09
"CDKN1C",8888,2226,2.11967256001673e-09
"KLF4",8888,2227,2.11811084709469e-09
"VPS4B",8888,2228,2.11792035431965e-09
"KRTCAP2",8888,2229,2.10785907089482e-09
"S100A13",8888,2230,2.10601881802249e-09
"KDELR1",8888,2231,2.10322694551363e-09
"PSMA6",8888,2232,2.10169425605959e-09
"PTAFR",8888,2233,2.10119298434681e-09
"HLA-F",8888,2234,2.10093058527234e-09
"KIF5B",8888,2235,2.09558411356908e-09
"MRPL39",8888,2236,2.09550898130569e-09
"POP4",8888,2237,2.0910191554028e-09
"RP1-193H18.2",8888,2238,2.08671299565055e-09
"CHCHD5",8888,2239,2.08183887440647e-09
"SEMA4G",8888,2240,2.07807293363649e-09
"SLC25A4",8888,2241,2.07751228567198e-09
"NCBP2-AS2",8888,2242,2.07505388625204e-09
"MTRNR2L13",8888,2243,2.07316957591357e-09
"TAX1BP1",8888,2244,2.07307131630466e-09
"DHRS7",8888,2245,2.07126834930747e-09
"C4orf3",8888,2246,2.07043088009773e-09
"SRRM2",8888,2247,2.06985690635364e-09
"COX6B1",8888,2248,2.06520086155806e-09
"SULT2B1",8888,2249,2.06274544438311e-09
"HS3ST1",8888,2250,2.06254416504626e-09
"TMEM50A",8888,2251,2.05874407484038e-09
"UGT2B17",8888,2252,2.05842700083542e-09
"PTS",8888,2253,2.05621939213737e-09
"BRI3",8888,2254,2.05048844168030e-09
"NNMT",8888,2255,2.04772563978058e-09
"RP11-302B13.5",8888,2256,2.04679656864812e-09
"RBP1",8888,2257,2.04512100901148e-09
"TMEM70",8888,2258,2.03703966143907e-09
"GCC2",8888,2259,2.03171132637948e-09
"PQBP1",8888,2260,2.03085813298151e-09
"PRR15",8888,2261,2.02742157050633e-09
"TMC6",8888,2262,2.02719529685962e-09
"H2AFJ",8888,2263,2.02711396228792e-09
"TNIP1",8888,2264,2.02025112185345e-09
"HEBP2",8888,2265,2.02005018367356e-09
"RP11-345J4.5",8888,2266,2.00725155046794e-09
"PNP",8888,2267,2.00569042747881e-09
"NDUFS4",8888,2268,2.00011524340933e-09
"SREK1IP1",8888,2269,1.99822895180896e-09
"PDK4",8888,2270,1.99109826537871e-09
"NUDT22",8888,2271,1.98507183457966e-09
"ACADVL",8888,2272,1.97657962181041e-09
"UBC",8888,2273,1.97599757020543e-09
"TOB1",8888,2274,1.97549422291939e-09
"SFT2D1",8888,2275,1.97535669887754e-09
"ACSS2",8888,2276,1.96922864298019e-09
"MALSU1",8888,2277,1.96721392021902e-09
"COL2A1",8888,2278,1.96710825782327e-09
"EXOSC7",8888,2279,1.96643665849152e-09
"MYH9",8888,2280,1.96557155762929e-09
"GSPT1",8888,2281,1.96493493859553e-09
"MYO1B",8888,2282,1.96453204764573e-09
"MRPL41",8888,2283,1.96332630092408e-09
"UBE2J1",8888,2284,1.96257392900219e-09
"DYNC1LI2",8888,2285,1.95271320303153e-09
"COX17",8888,2286,1.95080621537763e-09
"AC009501.4",8888,2287,1.94879167163948e-09
"GALK1",8888,2288,1.94553158639537e-09
"NSMCE1",8888,2289,1.94313231987037e-09
"SNX6",8888,2290,1.93737563376267e-09
"SEC62",8888,2291,1.93557561642883e-09
"LPP",8888,2292,1.93308862029906e-09
"MTHFS",8888,2293,1.92985810091847e-09
"GABARAPL2",8888,2294,1.92530548118377e-09
"YWHAZ",8888,2295,1.92400360098016e-09
"RP11-283G6.4",8888,2296,1.91985565950697e-09
"ZNF706",8888,2297,1.91432720639535e-09
"RP5-940J5.9",8888,2298,1.91238589738927e-09
"CES3",8888,2299,1.90048429895567e-09
"ICT1",8888,2300,1.89224319138375e-09
"IL7R",8888,2301,1.88297623114145e-09
"MT2A",8888,2302,1.87760864831019e-09
"CTGF",8888,2303,1.87487907781458e-09
"PDCL3",8888,2304,1.87021375731368e-09
"POLE4",8888,2305,1.86699274625371e-09
"LRPAP1",8888,2306,1.866116450395e-09
"NTMT1",8888,2307,1.86233915279087e-09
"RRAD",8888,2308,1.85890050673547e-09
"TIMM17B",8888,2309,1.85685565202008e-09
"ZNF622",8888,2310,1.85503829783006e-09
"MPDU1",8888,2311,1.85495546220126e-09
"LINC00969",8888,2312,1.85322722360064e-09
"C2orf82",8888,2313,1.84949229925467e-09
"LAPTM4A",8888,2314,1.84929189242854e-09
"ATP1A1",8888,2315,1.84020837260431e-09
"CFP",8888,2316,1.83576316686323e-09
"BST2",8888,2317,1.83507776349436e-09
"PTBP3",8888,2318,1.83235283137314e-09
"ELF3",8888,2319,1.83090606866920e-09
"CD9",8888,2320,1.81227554520884e-09
"RALY",8888,2321,1.80833343842807e-09
"APCDD1",8888,2322,1.80677294540976e-09
"MRPL28",8888,2323,1.79861469892102e-09
"MTRNR2L11",8888,2324,1.79747048703019e-09
"GPS1",8888,2325,1.79312853963747e-09
"HAPLN1",8888,2326,1.79131516737378e-09
"CDC25B",8888,2327,1.78853678908397e-09
"LDLR",8888,2328,1.78523397518797e-09
"PTRH1",8888,2329,1.77551755094453e-09
"BCAS2",8888,2330,1.77455229107582e-09
"ROMO1",8888,2331,1.77393603368861e-09
"ALDH2",8888,2332,1.77309813333846e-09
"TMEM173",8888,2333,1.77253802030901e-09
"MFSD2B",8888,2334,1.76188699725413e-09
"MRPL2",8888,2335,1.76178415793579e-09
"PPP4C",8888,2336,1.75831338574388e-09
"NPDC1",8888,2337,1.75761050588763e-09
"UBBP4",8888,2338,1.7534846478731e-09
"SERTAD1",8888,2339,1.74558742836716e-09
"ADH5",8888,2340,1.74301518034073e-09
"GALNT1",8888,2341,1.73703478226252e-09
"CENPE",8888,2342,1.73510361820874e-09
"PSMC1",8888,2343,1.72682445203774e-09
"MTPN",8888,2344,1.72568909058514e-09
"BTN3A2",8888,2345,1.72557426167311e-09
"DAZAP2",8888,2346,1.72299444465326e-09
"DDIT3",8888,2347,1.71559990674059e-09
"PRKAR1A",8888,2348,1.7141831032187e-09
"GSS",8888,2349,1.71410911050832e-09
"MXD3",8888,2350,1.71281228950557e-09
"TIMM10",8888,2351,1.71184269376438e-09
"SERP1",8888,2352,1.71163985183758e-09
"AAMP",8888,2353,1.70683389049517e-09
"SRP19",8888,2354,1.70377099478418e-09
"RP6-109B7.3",8888,2355,1.70211455279223e-09
"BLOC1S1",8888,2356,1.69707478644922e-09
"GAR1",8888,2357,1.69514346516886e-09
"RBM42",8888,2358,1.69270716697012e-09
"PRUNE2",8888,2359,1.69180732670733e-09
"CISD2",8888,2360,1.69093219988482e-09
"SBF2",8888,2361,1.68301945149758e-09
"SQLE",8888,2362,1.68195323145675e-09
"HJURP",8888,2363,1.67957732837796e-09
"NARS",8888,2364,1.67156833799438e-09
"HAT1",8888,2365,1.66936094839386e-09
"MEA1",8888,2366,1.6684638588044e-09
"COX14",8888,2367,1.66034733624402e-09
"TEX264",8888,2368,1.65556584575488e-09
"MAPK13",8888,2369,1.65530710042927e-09
"SGOL2",8888,2370,1.64954998688974e-09
"TMEM59",8888,2371,1.64733636543229e-09
"H3F3B",8888,2372,1.64693312399318e-09
"STAG2",8888,2373,1.64678785685045e-09
"GSTO2",8888,2374,1.64621199618648e-09
"CHMP3",8888,2375,1.64582925609297e-09
"PRELID1",8888,2376,1.64404206717256e-09
"SOD1",8888,2377,1.63943860052648e-09
"AKAP9",8888,2378,1.63588964225722e-09
"SND1",8888,2379,1.63209256868437e-09
"SMC3",8888,2380,1.62669776616948e-09
"AURKB",8888,2381,1.61576048285539e-09
"ITGAE",8888,2382,1.61520139671959e-09
"CTSA",8888,2383,1.60640391409547e-09
"FAM213A",8888,2384,1.60609407974676e-09
"CD7",8888,2385,1.60054328455293e-09
"DYNLRB1",8888,2386,1.59903370756984e-09
"LAMP1",8888,2387,1.5971834661555e-09
"CDC45",8888,2388,1.59429504754066e-09
"KIF23",8888,2389,1.59295605918607e-09
"MELK",8888,2390,1.59171698217219e-09
"TMEM126A",8888,2391,1.58955911125884e-09
"RNF186",8888,2392,1.58162374430316e-09
"ARPC5L",8888,2393,1.57877969263359e-09
"RASD1",8888,2394,1.57356208332871e-09
"TMEM126B",8888,2395,1.57129017151307e-09
"GHITM",8888,2396,1.5639362491119e-09
"EFNA1",8888,2397,1.56185111213328e-09
"SERINC3",8888,2398,1.55374898420549e-09
"CCNDBP1",8888,2399,1.55323789678883e-09
"EIF4A3",8888,2400,1.54330211684701e-09
"ASPM",8888,2401,1.54178398149386e-09
"ANLN",8888,2402,1.54013734947044e-09
"TMSB10",8888,2403,1.53437845957364e-09
"U2SURP",8888,2404,1.53183572760414e-09
"GSTK1",8888,2405,1.52772916653391e-09
"CCL13",8888,2406,1.52445855755945e-09
"LAMTOR2",8888,2407,1.51856037031129e-09
"METTL5",8888,2408,1.5154329638606e-09
"TMEM134",8888,2409,1.50847327734088e-09
"TPM1",8888,2410,1.50459502637634e-09
"LYZ",8888,2411,1.50380134181889e-09
"TXNL1",8888,2412,1.49740642079869e-09
"STRAP",8888,2413,1.48759266783908e-09
"ANAPC16",8888,2414,1.48312081177222e-09
"TPX2",8888,2415,1.47899740574866e-09
"PSMF1",8888,2416,1.47686862985403e-09
"UQCR10",8888,2417,1.47567778101697e-09
"UBE2N",8888,2418,1.47475407388722e-09
"POLDIP2",8888,2419,1.46967584634804e-09
"ACSM3",8888,2420,1.46172135332539e-09
"S100A4",8888,2421,1.46118143551105e-09
"ACTG1",8888,2422,1.4552139748143e-09
"RP1-241P17.4",8888,2423,1.45463812424684e-09
"SDC2",8888,2424,1.45262367469871e-09
"SAP30",8888,2425,1.45127250709214e-09
"PCMT1",8888,2426,1.43595743341659e-09
"TPD52",8888,2427,1.43533248226818e-09
"CASC4",8888,2428,1.43021354634456e-09
"COX7A2",8888,2429,1.42781556751779e-09
"PTGDS",8888,2430,1.42423012108875e-09
"CASC5",8888,2431,1.42330395798196e-09
"TPM3",8888,2432,1.41987571754969e-09
"NAE1",8888,2433,1.41777733236383e-09
"C21orf33",8888,2434,1.41534812531764e-09
"KARS",8888,2435,1.40378191942239e-09
"ARC",8888,2436,1.39554854422373e-09
"RBM25",8888,2437,1.39438356577108e-09
"LAP3",8888,2438,1.3885597168436e-09
"GPAA1",8888,2439,1.388530666094e-09
"UBE2C",8888,2440,1.38682500433396e-09
"DHCR7",8888,2441,1.38222812046621e-09
"KIF22",8888,2442,1.38172929330964e-09
"MXD4",8888,2443,1.3792955908655e-09
"PROM1",8888,2444,1.37722327886543e-09
"SMIM20",8888,2445,1.37113703744035e-09
"PCBP1",8888,2446,1.36822545319505e-09
"MKRN1",8888,2447,1.36328209183444e-09
"DHRS4",8888,2448,1.36235893041663e-09
"MRPS18B",8888,2449,1.36038470341291e-09
"RNF130",8888,2450,1.35946176875527e-09
"GPR56",8888,2451,1.34300693197664e-09
"NCLN",8888,2452,1.34281519977966e-09
"COPS5",8888,2453,1.33535810935149e-09
"GOLGB1",8888,2454,1.327692905188e-09
"LRRFIP2",8888,2455,1.32743093686223e-09
"MZT1",8888,2456,1.32678730232917e-09
"FBP1",8888,2457,1.32598864996668e-09
"COA1",8888,2458,1.32494206123112e-09
"ATP2C2",8888,2459,1.3162954022646e-09
"TGFBI",8888,2460,1.31594942931452e-09
"KCNQ1OT1",8888,2461,1.31495015554994e-09
"HSPA1A",8888,2462,1.31280304618285e-09
"FUNDC2",8888,2463,1.3093103125661e-09
"ABHD14B",8888,2464,1.30798278663932e-09
"ERBB2",8888,2465,1.30749185742277e-09
"KIF11",8888,2466,1.3060857339722e-09
"NTRK2",8888,2467,1.30572564551491e-09
"ATXN10",8888,2468,1.30089818052606e-09
"MAP1LC3A",8888,2469,1.29895745101088e-09
"SYF2",8888,2470,1.28994638528614e-09
"RARS",8888,2471,1.28989954568996e-09
"THAP4",8888,2472,1.28906467779949e-09
"GOLGA4",8888,2473,1.2887779893015e-09
"TBCB",8888,2474,1.28608916839835e-09
"FAM200B",8888,2475,1.2836513335587e-09
"UBE2K",8888,2476,1.28347578444193e-09
"BID",8888,2477,1.27987015651829e-09
"ZNF428",8888,2478,1.27353213302857e-09
"SRSF6",8888,2479,1.27213574740137e-09
"TUBG1",8888,2480,1.25574354367791e-09
"MRPL42",8888,2481,1.2551957472985e-09
"MTIF3",8888,2482,1.25223002759394e-09
"HLA-DQB2",8888,2483,1.25207874257182e-09
"TTC19",8888,2484,1.25193608266747e-09
"HYPK",8888,2485,1.24381159613326e-09
"NUF2",8888,2486,1.24022191924253e-09
"LMO4",8888,2487,1.23803063444276e-09
"ANKRD42",8888,2488,1.22460333775952e-09
"LUC7L3",8888,2489,1.2231111564099e-09
"AP2M1",8888,2490,1.22043708223911e-09
"ALDH7A1",8888,2491,1.21361271242986e-09
"MT1A",8888,2492,1.21056369201667e-09
"AIMP1",8888,2493,1.21033642137835e-09
"SRSF5",8888,2494,1.21011522389106e-09
"TCEAL8",8888,2495,1.20921885457458e-09
"LRPPRC",8888,2496,1.20374103855123e-09
"PRAC2",8888,2497,1.20331724152932e-09
"CCNB2",8888,2498,1.2005896489394e-09
"WASF2",8888,2499,1.19574814972709e-09
"DAP3",8888,2500,1.19486711906058e-09
"NCKAP1",8888,2501,1.18908953764023e-09
"TCEA3",8888,2502,1.18725240487058e-09
"MRPS5",8888,2503,1.16644570908138e-09
"RSRC2",8888,2504,1.16558470333899e-09
"TMED2",8888,2505,1.1650783824459e-09
"CD99",8888,2506,1.16506799719446e-09
"COL16A1",8888,2507,1.15912060743524e-09
"TRA2A",8888,2508,1.15869986895979e-09
"PPP2R5C",8888,2509,1.15351398200614e-09
"SPG21",8888,2510,1.15313035943283e-09
"SKP1",8888,2511,1.15151105829327e-09
"ARF1",8888,2512,1.15018162142123e-09
"NDUFC1",8888,2513,1.14499679143077e-09
"AAMDC",8888,2514,1.13688423178599e-09
"PKIG",8888,2515,1.12839810510115e-09
"C9orf3",8888,2516,1.12731953530438e-09
"TMEM11",8888,2517,1.12288063044303e-09
"CCND1",8888,2518,1.11900622211459e-09
"KIF19",8888,2519,1.11831798157936e-09
"HDLBP",8888,2520,1.10105351781132e-09
"IMMT",8888,2521,1.09543246382912e-09
"SEPT11",8888,2522,1.09125507589479e-09
"HLA-G",8888,2523,1.07877781319887e-09
"MT1M",8888,2524,1.07523057178129e-09
"TMEM63A",8888,2525,1.07225746757987e-09
"EMD",8888,2526,1.06644746212347e-09
"FUCA2",8888,2527,1.06509971219547e-09
"G3BP2",8888,2528,1.06471694865018e-09
"OIP5",8888,2529,1.06161058373391e-09
"AGTRAP",8888,2530,1.06077843213395e-09
"FIBCD1",8888,2531,1.05770457030932e-09
"HNMT",8888,2532,1.05590569782187e-09
"DPEP1",8888,2533,1.05541564093612e-09
"HES4",8888,2534,1.05056412783996e-09
"NUCB1",8888,2535,1.04839821184348e-09
"CRYM",8888,2536,1.04819121629007e-09
"OAT",8888,2537,1.04577442516735e-09
"GANAB",8888,2538,1.03934165247138e-09
"SCD",8888,2539,1.03883916748917e-09
"COX6C",8888,2540,1.0385059935797e-09
"RP11-108M9.4",8888,2541,1.03573380826448e-09
"PNN",8888,2542,1.03518404599277e-09
"SPC25",8888,2543,1.02682515018543e-09
"DEPDC1",8888,2544,1.01635280700854e-09
"SHFM1",8888,2545,1.00594415334691e-09
"CDCA3",8888,2546,1.00405576351369e-09
"TMEM165",8888,2547,1.00193340348633e-09
"PTTG1",8888,2548,1.00108314261816e-09
"TACC3",8888,2549,9.97306054358772e-10
"SF3B1",8888,2550,9.96647176784519e-10
"NDUFV3",8888,2551,9.95923209248665e-10
"NAA50",8888,2552,9.91024760370942e-10
"SYPL1",8888,2553,9.80920654959497e-10
"APH1A",8888,2554,9.75881159957226e-10
"DDX24",8888,2555,9.73800602255978e-10
"CASP6",8888,2556,9.68355058493027e-10
"DNAJC8",8888,2557,9.61975988213567e-10
"C1orf43",8888,2558,9.49285079465424e-10
"NDC80",8888,2559,9.49227658367153e-10
"EMC10",8888,2560,9.48301785255329e-10
"MT1F",8888,2561,9.46214934190996e-10
"CS",8888,2562,9.44926579271353e-10
"TSPAN6",8888,2563,9.35396897767579e-10
"MIR4458HG",8888,2564,9.34533404292814e-10
"TNFAIP8L1",8888,2565,9.33494830972433e-10
"NEK2",8888,2566,9.31999966325028e-10
"MFSD10",8888,2567,9.29284421371464e-10
"BUB1",8888,2568,9.29261019655714e-10
"CNIH1",8888,2569,9.19862800194259e-10
"ZNF207",8888,2570,9.09107702697302e-10
"MRPS36",8888,2571,9.07870945199042e-10
"LGMN",8888,2572,9.0690942924301e-10
"LINC00116",8888,2573,9.00407114870955e-10
"LINC00493",8888,2574,8.97736516156281e-10
"CDCA8",8888,2575,8.95772180090007e-10
"TP53TG1",8888,2576,8.95425285268614e-10
"EIF4H",8888,2577,8.92801688317311e-10
"SCAF11",8888,2578,8.92721706198178e-10
"FAM83D",8888,2579,8.90264540589316e-10
"STT3B",8888,2580,8.84455413105284e-10
"PABPN1",8888,2581,8.80816385177668e-10
"DHX15",8888,2582,8.78012345303584e-10
"ATP5EP2",8888,2583,8.72203406219966e-10
"CTDNEP1",8888,2584,8.64957603547201e-10
"HNRNPH1",8888,2585,8.62359704464189e-10
"TACC1",8888,2586,8.5953199014981e-10
"REV1",8888,2587,8.59279877458461e-10
"FKBP8",8888,2588,8.54786375169788e-10
"CKAP4",8888,2589,8.5295153900387e-10
"ADI1",8888,2590,8.51491376957941e-10
"C7orf73",8888,2591,8.50154677475899e-10
"TDG",8888,2592,8.45316248895503e-10
"ATP6V0E1",8888,2593,8.43578276000555e-10
"DDX1",8888,2594,8.43288677815294e-10
"AKR7A2",8888,2595,8.39708565347192e-10
"IAH1",8888,2596,8.39478219539099e-10
"ECHDC1",8888,2597,8.39455714894216e-10
"CAPRIN1",8888,2598,8.37810649279702e-10
"SLTM",8888,2599,8.37131472822317e-10
"GTF2A2",8888,2600,8.36102652795385e-10
"IER3IP1",8888,2601,8.32568116329846e-10
"COMMD7",8888,2602,8.32529237779681e-10
"LINC00998",8888,2603,8.26607947813673e-10
"CITED2",8888,2604,8.09795323059387e-10
"SNF8",8888,2605,8.09646947647525e-10
"SAMD1",8888,2606,8.06475516448093e-10
"POLR2J",8888,2607,8.03487057998168e-10
"DLGAP5",8888,2608,8.01042837152239e-10
"PLK1",8888,2609,7.93900535779672e-10
"TSPYL1",8888,2610,7.92017146570197e-10
"B3GNT7",8888,2611,7.90323414352199e-10
"HMG20B",8888,2612,7.86760838116187e-10
"LARP1",8888,2613,7.74998373815908e-10
"ALKBH7",8888,2614,7.71284210969035e-10
"MPZL1",8888,2615,7.6758331685702e-10
"LARP7",8888,2616,7.63725630233195e-10
"PIGT",8888,2617,7.62355087781103e-10
"GPI",8888,2618,7.448599278114e-10
"SNRNP200",8888,2619,7.44093543759307e-10
"UBXN1",8888,2620,7.43447167756692e-10
"MT1X",8888,2621,7.34624577396569e-10
"PRKCSH",8888,2622,7.28727712722516e-10
"PDCD4",8888,2623,7.1612506321614e-10
"GSTM4",8888,2624,7.11899977804465e-10
"PTRHD1",8888,2625,7.103030833981e-10
"RAB11B",8888,2626,7.0393105712231e-10
"BABAM1",8888,2627,7.02659161771132e-10
"ADAM15",8888,2628,7.00311272109727e-10
"MECOM",8888,2629,6.99703281253988e-10
"CD97",8888,2630,6.95871296235937e-10
"EFCAB4A",8888,2631,6.93976392668193e-10
"PTGR1",8888,2632,6.88830637142639e-10
"THOC2",8888,2633,6.85670399422143e-10
"SUCLG2",8888,2634,6.7364078766056e-10
"IARS2",8888,2635,6.70737728109998e-10
"GLUD1",8888,2636,6.64430881017364e-10
"ILVBL",8888,2637,6.5359273743998e-10
"CHCHD1",8888,2638,6.34718327480025e-10
"SNX3",8888,2639,6.3189172571316e-10
"PTOV1",8888,2640,6.12964799946586e-10
"TMEM183A",8888,2641,6.02943502223673e-10
"ZNF664",8888,2642,5.76447265942546e-10
"SEPHS2",8888,2643,5.75338654690302e-10
"NFE2L2",8888,2644,5.67457206496224e-10
"RAD23B",8888,2645,5.6442688242642e-10
"SIGIRR",8888,2646,5.43873256309427e-10
"DCAF7",8888,2647,5.32050125484718e-10
"TSTD1",8888,2648,5.29553159356869e-10
"PSMB8",8888,2649,5.28831324597657e-10
"SUPT4H1",8888,2650,5.24066020989119e-10
"GNAS",8888,2651,3.24904764008531e-10
"TXNDC17",8888,2652,2.63997317249644e-10
"AGR3",8888,2653,2.58609396562293e-10
"SEC13",8888,2654,2.31315971675218e-10
"FAM162A",8888,2655,2.15412661296901e-10
"LITAF",8888,2656,2.11670424789767e-10
"ARPC3",8888,2657,2.06348010077718e-10
"ANG",8888,2658,2.05538262065832e-10
"ERRFI1",8888,2659,2.03819811314305e-10
"POMP",8888,2660,2.00635203324362e-10
"ATP1B1",8888,2661,1.99494118103415e-10
"SOCS3",8888,2662,1.97963223388135e-10
"GPRC5A",8888,2663,1.95924461283211e-10
"PSAT1",8888,2664,1.89351225130283e-10
"ID3",8888,2665,1.83016776033908e-10
"RABAC1",8888,2666,1.81946424889625e-10
"CXCL1",8888,2667,1.78181067374572e-10
"CTSS",8888,2668,1.77309531629535e-10
"RAC1",8888,2669,1.69014290442386e-10
"ITM2C",8888,2670,1.67810631930874e-10
"SH3GLB1",8888,2671,1.67564183717412e-10
"HM13",8888,2672,1.5680832812831e-10
"APIP",8888,2673,1.54302536010008e-10
"CARD16",8888,2674,1.50817275368308e-10
"CST3",8888,2675,1.5076962071775e-10
"TMBIM6",8888,2676,1.47692616946279e-10
"MXI1",8888,2677,1.4538402779642e-10
"FAM134B",8888,2678,1.43282130156389e-10
"GBP2",8888,2679,1.43122925401556e-10
"SPINT2",8888,2680,1.39785383031254e-10
"EPS8",8888,2681,1.3911886187782e-10
"PDLIM5",8888,2682,1.38151631472277e-10
"MUC4",8888,2683,1.3756152021574e-10
"GBP1",8888,2684,1.35073905974796e-10
"MIDN",8888,2685,1.33288191774381e-10
"GUK1",8888,2686,1.32971603125384e-10
"ITGB1",8888,2687,1.32333421545601e-10
"DDX60",8888,2688,1.31431002166727e-10
"LASP1",8888,2689,1.31117698363852e-10
"FSTL1",8888,2690,1.31063651793065e-10
"ST14",8888,2691,1.29602448468948e-10
"EPHA2",8888,2692,1.27773481885001e-10
"CLDN4",8888,2693,1.25701207535055e-10
"CKB",8888,2694,1.23704224482813e-10
"GRN",8888,2695,1.21491223658808e-10
"RASSF7",8888,2696,1.20331049233127e-10
"TCEB2",8888,2697,1.20260867174064e-10
"PVRL2",8888,2698,1.19149022750816e-10
"LDHA",8888,2699,1.16488569708892e-10
"TC2N",8888,2700,1.16193438568886e-10
"CLSTN1",8888,2701,1.15919520905882e-10
"SCNN1A",8888,2702,1.146334790824e-10
"DYNLT1",8888,2703,1.14006666465242e-10
"CAPZA2",8888,2704,1.11796778363257e-10
"FNDC3B",8888,2705,1.08968321302451e-10
"CYB561D2",8888,2706,1.08951135599853e-10
"SBNO2",8888,2707,1.08744630787637e-10
"RAB1A",8888,2708,1.07730843100124e-10
"RAP1B",8888,2709,1.07449595817666e-10
"PLSCR1",8888,2710,1.05533186073357e-10
"MAPK6",8888,2711,1.04644984582344e-10
"RTN4",8888,2712,1.04494541727892e-10
"OPTN",8888,2713,1.04452306165395e-10
"OCIAD2",8888,2714,1.01810980681276e-10
"GNG5",8888,2715,1.01703435835891e-10
"COX6A1",8888,2716,1.00917879375154e-10
"CDC42SE2",8888,2717,1.00479102620527e-10
"RNF181",8888,2718,9.92867970664756e-11
"ERN2",8888,2719,9.89793674620951e-11
"ADAM9",8888,2720,9.78781781192998e-11
"RNA18S5",8888,2721,9.7353120081589e-11
"AES",8888,2722,9.6480056938376e-11
"CDCP1",8888,2723,9.59228176970514e-11
"MAP2K2",8888,2724,9.50007937703823e-11
"CFB",8888,2725,9.43429510691667e-11
"ARF4",8888,2726,9.25225398559103e-11
"PGK1",8888,2727,8.98006247600348e-11
"ACHE",8888,2728,8.94202062744561e-11
"CAPZB",8888,2729,8.93863448609433e-11
"LAMC2",8888,2730,8.73753417123484e-11
"AKIRIN2",8888,2731,8.68971218749765e-11
"TMCO1",8888,2732,8.65512153414035e-11
"ETFA",8888,2733,8.4530738437e-11
"LGALS3BP",8888,2734,8.31335362069289e-11
"PHGDH",8888,2735,8.10425326962183e-11
"CNIH4",8888,2736,8.07481816540744e-11
"GMPPA",8888,2737,7.90160461963342e-11
"IDO1",8888,2738,7.76778505352252e-11
"FAM107B",8888,2739,7.74528447777124e-11
"RND1",8888,2740,7.64647092107254e-11
"SLC50A1",8888,2741,7.43618981259904e-11
"COPB2",8888,2742,7.41606078767004e-11
"ARL14",8888,2743,7.41417204060774e-11
"HDAC1",8888,2744,7.35127244871822e-11
"VPS28",8888,2745,7.25610469359869e-11
"CLDN3",8888,2746,7.25189121692827e-11
"SURF4",8888,2747,7.24980883277555e-11
"NDFIP1",8888,2748,7.08432686265704e-11
"PLGRKT",8888,2749,7.04237568481929e-11
"RAB5B",8888,2750,6.73140659516070e-11
"MPC1",8888,2751,6.72757127057396e-11
"EPS8L3",8888,2752,6.64032904303261e-11
"JUP",8888,2753,6.62448723249083e-11
"ATP6V1G1",8888,2754,6.49231427205855e-11
"IL13RA1",8888,2755,6.41809807847647e-11
"MARCKS",8888,2756,6.30885408288516e-11
"STS",8888,2757,6.21624352369084e-11
"APLP2",8888,2758,6.19155408531588e-11
"IFNGR2",8888,2759,6.16592762937701e-11
"LYPD1",8888,2760,6.12447614956633e-11
"TM9SF3",8888,2761,6.11652854016805e-11
"DYNC1I2",8888,2762,6.0910045055097e-11
"ABHD17C",8888,2763,6.03036182727826e-11
"C1orf122",8888,2764,6.01545070695937e-11
"EPB41L4B",8888,2765,5.97515967917833e-11
"GFER",8888,2766,5.92430482244552e-11
"CLTC",8888,2767,5.92027306951886e-11
"SHROOM3",8888,2768,5.89444601394091e-11
"VNN1",8888,2769,5.89033247834303e-11
"RAB2A",8888,2770,5.85002912400191e-11
"C6orf222",8888,2771,5.83112418991457e-11
"ERP44",8888,2772,5.8016665096573e-11
"IFIT2",8888,2773,5.67945767665743e-11
"GSDMD",8888,2774,5.6738149953883e-11
"ARF3",8888,2775,5.66970071794592e-11
"SORL1",8888,2776,5.60627175481219e-11
"LSR",8888,2777,5.44576756214238e-11
"NDUFA13",8888,2778,5.3937627025324e-11
"SECTM1",8888,2779,5.35480839183674e-11
"LINC00675",8888,2780,5.32460470443624e-11
"CXCL5",8888,2781,5.3048549665256e-11
"AQP3",8888,2782,5.28371616263227e-11
"DNAJC12",8888,2783,5.2469302896253e-11
"CLMN",8888,2784,5.18687716411006e-11
"RSAD2",8888,2785,5.18526449165724e-11
"TOP1",8888,2786,5.18276151541757e-11
"CPT1A",8888,2787,5.08732618604144e-11
"TMEM125",8888,2788,5.06015476744947e-11
"SPCS3",8888,2789,5.01928336215225e-11
"CLINT1",8888,2790,5.01419317188326e-11
"MIER1",8888,2791,5.01340284940462e-11
"GPR110",8888,2792,4.95815234042236e-11
"DEFB4A",8888,2793,4.92409312890848e-11
"GCLM",8888,2794,4.91209170440109e-11
"LLGL2",8888,2795,4.8674315757763e-11
"DNAJC15",8888,2796,4.82890747031629e-11
"RN7SL368P",8888,2797,4.77046251967737e-11
"FAM46A",8888,2798,4.75111109747593e-11
"TAF10",8888,2799,4.65249470278194e-11
"CAPN1",8888,2800,4.61229929729495e-11
"GNB1",8888,2801,4.59530615246564e-11
"PLEKHB2",8888,2802,4.53762929569146e-11
"TAOK3",8888,2803,4.50290381488016e-11
"ANKRD9",8888,2804,4.48950844682414e-11
"JOSD2",8888,2805,4.43557245801308e-11
"RAB5C",8888,2806,4.40923223406714e-11
"MGAT4B",8888,2807,4.35839614355567e-11
"ELOVL1",8888,2808,4.32491459434318e-11
"C12orf36",8888,2809,4.32429454446556e-11
"CYB5R3",8888,2810,4.27951122430537e-11
"CTSE",8888,2811,4.27778233238139e-11
"ARPC4",8888,2812,4.26834686782348e-11
"PRELID2",8888,2813,4.18890801844828e-11
"FUOM",8888,2814,4.09533570166549e-11
"C8orf4",8888,2815,4.06459108831775e-11
"NR2F6",8888,2816,4.06013720623875e-11
"PPCS",8888,2817,4.03251673202158e-11
"ST3GAL1",8888,2818,3.98779956855377e-11
"REP15",8888,2819,3.94443821082908e-11
"SEMA7A",8888,2820,3.9253831983306e-11
"PDZD11",8888,2821,3.90021143097013e-11
"PDXK",8888,2822,3.85901916252014e-11
"MSRB2",8888,2823,3.81774752802722e-11
"PYCARD",8888,2824,3.81282750391084e-11
"NEU4",8888,2825,3.80375039585328e-11
"PYGB",8888,2826,3.70490485142196e-11
"TFF3",8888,2827,3.63785079364202e-11
"MTUS1",8888,2828,3.62340634141789e-11
"DHCR24",8888,2829,3.61719562441965e-11
"GJB1",8888,2830,3.59289502604958e-11
"FAM177B",8888,2831,3.58092224844358e-11
"FUCA1",8888,2832,3.57196964305291e-11
"SDC1",8888,2833,3.56973039308532e-11
"CREB3",8888,2834,3.56393314702135e-11
"F3",8888,2835,3.55107219664546e-11
"UBA1",8888,2836,3.51324717772053e-11
"ANXA13",8888,2837,3.47321136787189e-11
"RNF7",8888,2838,3.46675262226557e-11
"PGAM1",8888,2839,3.45642134488952e-11
"DUOXA1",8888,2840,3.42308763446957e-11
"CLDN14",8888,2841,3.41858181921202e-11
"DMBT1",8888,2842,3.40065689537596e-11
"USH1C",8888,2843,3.39744948355784e-11
"PDLIM4",8888,2844,3.39486886377235e-11
"CCL15",8888,2845,3.36582285826829e-11
"MUC5B",8888,2846,3.35699084883157e-11
"SLMO2",8888,2847,3.35023096395207e-11
"GMFB",8888,2848,3.33029017553901e-11
"SERPINA1",8888,2849,3.32424702149684e-11
"CMBL",8888,2850,3.32011669575161e-11
"SERPINE2",8888,2851,3.29571270643195e-11
"CREB3L4",8888,2852,3.2176282689736e-11
"ZFAND6",8888,2853,3.1699846264379e-11
"ACOT13",8888,2854,3.16731897770985e-11
"FBXL15",8888,2855,3.14947326743279e-11
"CRK",8888,2856,3.1294987379567e-11
"NEURL",8888,2857,3.11380505017942e-11
"TIFA",8888,2858,3.11337830363461e-11
"C9orf152",8888,2859,3.09049164834301e-11
"C1orf63",8888,2860,3.06834530233781e-11
"PSMB4",8888,2861,3.02404097776052e-11
"PDE9A",8888,2862,2.99395706546927e-11
"DDR1",8888,2863,2.98784699728185e-11
"PALLD",8888,2864,2.94235087234744e-11
"ST6GALNAC1",8888,2865,2.93480728190249e-11
"BNIP3",8888,2866,2.93143300766741e-11
"SEPT9",8888,2867,2.91877086305841e-11
"RAP1GAP",8888,2868,2.89137721667512e-11
"RAB7A",8888,2869,2.86745477729668e-11
"MXRA5",8888,2870,2.85008744431951e-11
"ARF5",8888,2871,2.77678218486114e-11
"ZBTB8OS",8888,2872,2.758325781111e-11
"IFT172",8888,2873,2.74931005526597e-11
"IVNS1ABP",8888,2874,2.74031336068198e-11
"DHRS11",8888,2875,2.71868724338063e-11
"EPN1",8888,2876,2.7021347747876e-11
"G0S2",8888,2877,2.65077567458133e-11
"SPAG7",8888,2878,2.62844456149521e-11
"NUDT16",8888,2879,2.62072883086506e-11
"RNPEP",8888,2880,2.58958860468963e-11
"MRPL35",8888,2881,2.57635810534925e-11
"DDRGK1",8888,2882,2.55934993799598e-11
"SDHA",8888,2883,2.54115150624683e-11
"DNM2",8888,2884,2.50021235277964e-11
"THOP1",8888,2885,2.45640992170363e-11
"TWF1",8888,2886,2.41953490360712e-11
"SDF4",8888,2887,2.40405062344845e-11
"ID2",8888,2888,2.38559245860754e-11
"CDH3",8888,2889,2.37863793902562e-11
"DDIT4",8888,2890,2.36866994598284e-11
"BZW1",8888,2891,2.35275239981436e-11
"EREG",8888,2892,2.33937608352054e-11
"COPA",8888,2893,2.33145781022623e-11
"JAGN1",8888,2894,2.28873282217391e-11
"ZFAND2A",8888,2895,2.27428827360352e-11
"MID1IP1",8888,2896,2.27152737347441e-11
"SLC3A2",8888,2897,2.26860621052241e-11
"VIL1",8888,2898,2.26084168331627e-11
"KIF1C",8888,2899,2.23736731847429e-11
"AP2B1",8888,2900,2.23714575168515e-11
"ZDHHC3",8888,2901,2.20899028616552e-11
"TJP2",8888,2902,2.20219392126088e-11
"PPP1R11",8888,2903,2.18887372954172e-11
"COMMD1",8888,2904,2.18779656718144e-11
"GPM6A",8888,2905,2.18137691061726e-11
"SMAGP",8888,2906,2.16730548376235e-11
"ERLEC1",8888,2907,2.15042100306975e-11
"MRPS10",8888,2908,2.14994736881859e-11
"SGSM3",8888,2909,2.11080480480539e-11
"TFG",8888,2910,2.09269793976959e-11
"SMIM12",8888,2911,2.07312705216764e-11
"TNFRSF25",8888,2912,2.06458831584177e-11
"ACADS",8888,2913,2.06217091650858e-11
"SLC38A1",8888,2914,2.05850532697615e-11
"PDXDC1",8888,2915,2.04976287750398e-11
"CYP26B1",8888,2916,2.01580994176798e-11
"BAD",8888,2917,2.00876916258973e-11
"COX6A1P2",8888,2918,2.00560076164833e-11
"HYOU1",8888,2919,1.99049433931568e-11
"HEPACAM2",8888,2920,1.98716069650423e-11
"SLC2A6",8888,2921,1.95416505170404e-11
"GPX3",8888,2922,1.9504713969358e-11
"MTRNR2L4",8888,2923,1.94341606855818e-11
"TMEM167A",8888,2924,1.93243186046705e-11
"SPINK4",8888,2925,1.92689317597871e-11
"CAV1",8888,2926,1.91950389225076e-11
"GALNT3",8888,2927,1.90603623845242e-11
"BRSK1",8888,2928,1.87572165957975e-11
"PDLIM7",8888,2929,1.8755278905788e-11
"PSENEN",8888,2930,1.87174086079577e-11
"ACBD3",8888,2931,1.85770557878804e-11
"CHPF",8888,2932,1.84487670291193e-11
"EIF1AY",8888,2933,1.82543018352339e-11
"ABLIM1",8888,2934,1.82423692961142e-11
"DEGS2",8888,2935,1.81815571715839e-11
"GDE1",8888,2936,1.81078725414341e-11
"IGKV3-20",8888,2937,1.80917113231633e-11
"MYO1D",8888,2938,1.80138044404441e-11
"KYNU",8888,2939,1.78758656959039e-11
"PGRMC2",8888,2940,1.77863930960948e-11
"MAP1LC3B2",8888,2941,1.77041243764142e-11
"NCCRP1",8888,2942,1.74968952403996e-11
"DENND2A",8888,2943,1.74151626451703e-11
"RP1-17K7.2",8888,2944,1.73355652865961e-11
"HILPDA",8888,2945,1.73160013396237e-11
"CCL23",8888,2946,1.71469487441929e-11
"HNRNPH2",8888,2947,1.7139956258634e-11
"CSF2RB",8888,2948,1.7091640609932e-11
"PIGP",8888,2949,1.7082843375584e-11
"DBNL",8888,2950,1.69823297839936e-11
"WARS",8888,2951,1.6926425334664e-11
"ALDOB",8888,2952,1.69221819730651e-11
"PSMD9",8888,2953,1.68799852134651e-11
"SNX17",8888,2954,1.68672013374859e-11
"TRAM1",8888,2955,1.68024433127129e-11
"C1orf56",8888,2956,1.67781311482008e-11
"SI",8888,2957,1.67597497707827e-11
"CORO1A",8888,2958,1.67133503311256e-11
"S100A7",8888,2959,1.66573362130798e-11
"ICAM3",8888,2960,1.66019154878329e-11
"CFI",8888,2961,1.6460939619034e-11
"RAB1B",8888,2962,1.61114680265208e-11
"SURF1",8888,2963,1.59351496916297e-11
"UFM1",8888,2964,1.59202995329401e-11
"IDH3A",8888,2965,1.59043317805704e-11
"FDX1",8888,2966,1.57189685389608e-11
"CXCL11",8888,2967,1.5672199463199e-11
"RTCB",8888,2968,1.56200848195579e-11
"VPS36",8888,2969,1.54860652175134e-11
"SNORA67",8888,2970,1.54800836129556e-11
"PGLS",8888,2971,1.54603373151385e-11
"ITLN1",8888,2972,1.53605507291088e-11
"FGL2",8888,2973,1.53365983596463e-11
"PKP2",8888,2974,1.52692018798462e-11
"RAB14",8888,2975,1.5117480226566e-11
"MAOA",8888,2976,1.50897158051534e-11
"PLA2G2A",8888,2977,1.50321503454565e-11
"RAB32",8888,2978,1.50175005217065e-11
"ZNRD1",8888,2979,1.48994480891321e-11
"SLITRK4",8888,2980,1.48816354981553e-11
"PSMB10",8888,2981,1.48119601301824e-11
"NPB",8888,2982,1.47606990582692e-11
"PSMC6",8888,2983,1.47537435241144e-11
"FAM114A1",8888,2984,1.47533837484210e-11
"AP1M2",8888,2985,1.46976086646758e-11
"DDB1",8888,2986,1.43233831331211e-11
"MS4A1",8888,2987,1.42953212240441e-11
"SDHC",8888,2988,1.41718840160942e-11
"ZBTB7A",8888,2989,1.41600253875177e-11
"ACTR10",8888,2990,1.41391957846477e-11
"MMP3",8888,2991,1.40669967974957e-11
"PSMD11",8888,2992,1.39036816867722e-11
"YIF1B",8888,2993,1.39032267955048e-11
"RBCK1",8888,2994,1.38760152697733e-11
"EMC9",8888,2995,1.38242172267583e-11
"HADHB",8888,2996,1.3768285120141e-11
"GSTA1",8888,2997,1.36545980966169e-11
"GOT1",8888,2998,1.36019710666769e-11
"HERPUD1",8888,2999,1.34369591979192e-11
"PPP1R7",8888,3000,1.33218005167786e-11
"SATB2",8888,3001,1.32794330231818e-11
"NDRG2",8888,3002,1.31682948467948e-11
"IRAK1",8888,3003,1.31077546979417e-11
"DERL2",8888,3004,1.30779570838988e-11
"DECR1",8888,3005,1.3072510423987e-11
"TRIP6",8888,3006,1.30282750426831e-11
"CLUH",8888,3007,1.29613673199764e-11
"TSR3",8888,3008,1.29536583132914e-11
"IFI27L2",8888,3009,1.2804107549703e-11
"ANO9",8888,3010,1.2802928989248e-11
"FLOT1",8888,3011,1.27603551872922e-11
"ATP6V1F",8888,3012,1.27068840113683e-11
"ADIRF",8888,3013,1.2534217223313e-11
"ENDOG",8888,3014,1.25108673058111e-11
"TMEM14A",8888,3015,1.25028300900738e-11
"RABGGTB",8888,3016,1.24871182934657e-11
"TMSB4Y",8888,3017,1.24823227282274e-11
"MSRB1",8888,3018,1.24397031566354e-11
"HADHA",8888,3019,1.23600425035199e-11
"ABCG2",8888,3020,1.22636429015016e-11
"CDC42SE1",8888,3021,1.21990152667268e-11
"FAM45A",8888,3022,1.21727824979641e-11
"NOSIP",8888,3023,1.20017559787171e-11
"TRAPPC3",8888,3024,1.19210679735699e-11
"C6orf203",8888,3025,1.19058781517564e-11
"ILK",8888,3026,1.18967016717361e-11
"NOTCH2NL",8888,3027,1.18033524443449e-11
"KRBOX1",8888,3028,1.17574199425298e-11
"DCTN3",8888,3029,1.17275348907793e-11
"AP000350.4",8888,3030,1.17118185750053e-11
"SELT",8888,3031,1.17003309272056e-11
"ARRDC1",8888,3032,1.16789291220147e-11
"MPG",8888,3033,1.15733007662397e-11
"DNAJC1",8888,3034,1.14625502301183e-11
"BOLA2B",8888,3035,1.14533322354462e-11
"TP53I11",8888,3036,1.13360398404043e-11
"PCGF5",8888,3037,1.13247330916579e-11
"CFTR",8888,3038,1.12945239465039e-11
"LEPROTL1",8888,3039,1.12504827423898e-11
"GAK",8888,3040,1.12388397844394e-11
"SEC31A",8888,3041,1.11441933667084e-11
"MESP1",8888,3042,1.10026764925664e-11
"MPZL2",8888,3043,1.10003825569009e-11
"OTUB1",8888,3044,1.09507531656921e-11
"PCSK9",8888,3045,1.09243014372332e-11
"GORASP2",8888,3046,1.08282029077957e-11
"SIL1",8888,3047,1.08100630288097e-11
"CTNNBIP1",8888,3048,1.07988142829479e-11
"LAIR2",8888,3049,1.07578276023662e-11
"CLGN",8888,3050,1.07401076077679e-11
"LLPH",8888,3051,1.07100473954673e-11
"HMGCR",8888,3052,1.07087172654132e-11
"KIAA2013",8888,3053,1.06967698927247e-11
"DAP",8888,3054,1.06048015251305e-11
"SSBP3",8888,3055,1.05810121230014e-11
"SPR",8888,3056,1.05404135560123e-11
"RAB8A",8888,3057,1.04845000905875e-11
"KCNE2",8888,3058,1.03916264310834e-11
"FBXW5",8888,3059,1.02915309353535e-11
"XPO1",8888,3060,1.02665823530417e-11
"GAL",8888,3061,1.02428423076608e-11
"COL11A2",8888,3062,1.02412405770488e-11
"MYO1C",8888,3063,1.02186373180652e-11
"GBP5",8888,3064,1.02101243283087e-11
"GGNBP2",8888,3065,1.01989321824797e-11
"FOSL1",8888,3066,1.01597022324373e-11
"CELF1",8888,3067,1.01194306783756e-11
"PAIP2",8888,3068,1.00656836900502e-11
"NUDT16L1",8888,3069,1.00388339191377e-11
"HMGCL",8888,3070,1.00380209340901e-11
"SCOC",8888,3071,1.00135477972729e-11
"CA7",8888,3072,9.97928004382753e-12
"UBD",8888,3073,9.90314088364666e-12
"PPP1R16A",8888,3074,9.89531628048581e-12
"TMEM9B",8888,3075,9.87192805569595e-12
"EPHX2",8888,3076,9.87092368215181e-12
"S100A2",8888,3077,9.85574783925169e-12
"ANXA7",8888,3078,9.7696308680524e-12
"SDHD",8888,3079,9.69666789205044e-12
"TAP2",8888,3080,9.69150874665905e-12
"CNDP2",8888,3081,9.68600206399301e-12
"CDX2",8888,3082,9.65331214690001e-12
"SRD5A3",8888,3083,9.62438547715008e-12
"NUP37",8888,3084,9.58808199731035e-12
"RAP1A",8888,3085,9.52075148714853e-12
"OCIAD1",8888,3086,9.48863572586322e-12
"PTGS2",8888,3087,9.43288143303142e-12
"ASAH1",8888,3088,9.39979588288635e-12
"NMI",8888,3089,9.37751039496393e-12
"IHH",8888,3090,9.36833533968105e-12
"GOPC",8888,3091,9.29563123691131e-12
"GIPC2",8888,3092,9.28567296717698e-12
"DNPEP",8888,3093,9.27252919192111e-12
"KXD1",8888,3094,9.25219157434796e-12
"HOXB9",8888,3095,9.08669205817117e-12
"COQ4",8888,3096,9.07517425792973e-12
"REEP4",8888,3097,9.0287922246783e-12
"VBP1",8888,3098,8.99152658823362e-12
"COMMD3",8888,3099,8.98216082753021e-12
"C1orf21",8888,3100,8.96285522438289e-12
"PTPN18",8888,3101,8.94687518873489e-12
"CCAR1",8888,3102,8.93536038085376e-12
"MMADHC",8888,3103,8.93433149484768e-12
"GNLY",8888,3104,8.88374360495485e-12
"DAG1",8888,3105,8.86047663426216e-12
"NPSR1",8888,3106,8.85517513616537e-12
"ANXA5",8888,3107,8.81071354563606e-12
"MSLN",8888,3108,8.78744808432569e-12
"HRSP12",8888,3109,8.70952330484012e-12
"SLC37A1",8888,3110,8.70588035090415e-12
"RP11-46H11.3",8888,3111,8.66333757496096e-12
"VSIG1",8888,3112,8.64949305882435e-12
"TSPAN15",8888,3113,8.62753790188907e-12
"CWC15",8888,3114,8.61285553314959e-12
"IDI1",8888,3115,8.57481990510278e-12
"MBOAT1",8888,3116,8.53490013913429e-12
"KNSTRN",8888,3117,8.52906151597755e-12
"AFG3L2",8888,3118,8.49710195062442e-12
"ZNHIT3",8888,3119,8.48273048130215e-12
"SLC27A3",8888,3120,8.43583293232812e-12
"PCSK1N",8888,3121,8.42006516086272e-12
"PIGZ",8888,3122,8.41644049756234e-12
"AP3D1",8888,3123,8.31766523674991e-12
"INSIG1",8888,3124,8.2847850892637e-12
"RAMP2",8888,3125,8.28117331951210e-12
"MBD2",8888,3126,8.12638887663247e-12
"FRZB",8888,3127,8.09353345146096e-12
"KLC4",8888,3128,8.03268654745928e-12
"RHBDL2",8888,3129,7.94737291070538e-12
"DYNC1H1",8888,3130,7.89177442289124e-12
"CDC20",8888,3131,7.86047644571232e-12
"LSM1",8888,3132,7.79633270090596e-12
"ARSD",8888,3133,7.74596259479728e-12
"AC092580.4",8888,3134,7.65870466669357e-12
"KCNMA1",8888,3135,7.636080201119e-12
"ASPH",8888,3136,7.61344611477229e-12
"COPB1",8888,3137,7.58654124763e-12
"HMGCS2",8888,3138,7.57357024318982e-12
"RPP25L",8888,3139,7.51689520177759e-12
"DRGX",8888,3140,7.48064368851607e-12
"UGT2A3",8888,3141,7.47305654699503e-12
"PSMD3",8888,3142,7.45318187391276e-12
"NXPE4",8888,3143,7.43440570690754e-12
"ATP5L2",8888,3144,7.41082536231849e-12
"IFT20",8888,3145,7.36798313683756e-12
"CCNB1",8888,3146,7.35797836829035e-12
"AP3S1",8888,3147,7.3493657289154e-12
"CCDC25",8888,3148,7.27461211704073e-12
"MAGED1",8888,3149,7.25955028618624e-12
"DHRS3",8888,3150,7.15730425470227e-12
"GJB3",8888,3151,7.11982057298344e-12
"CXCL10",8888,3152,7.09597660959207e-12
"UBE2E1",8888,3153,7.0765083409125e-12
"SAA4",8888,3154,6.98410483926889e-12
"ARCN1",8888,3155,6.92690461560598e-12
"SYNPO2",8888,3156,6.83047484078525e-12
"CFD",8888,3157,6.79172129071791e-12
"KIFC1",8888,3158,6.78731018287241e-12
"SUGT1",8888,3159,6.7656933178187e-12
"PPP1R35",8888,3160,6.76214939414324e-12
"SERPINB7",8888,3161,6.75656354937203e-12
"CYB5B",8888,3162,6.73045923984515e-12
"CXCL9",8888,3163,6.7304173571189e-12
"RNF126",8888,3164,6.68104482709421e-12
"HSPB11",8888,3165,6.66974232633176e-12
"MTRNR2L12",8888,3166,6.65112234344094e-12
"MPLKIP",8888,3167,6.62165235066144e-12
"CSTF3",8888,3168,6.60356542262629e-12
"HIBCH",8888,3169,6.52072148994532e-12
"HMGCS1",8888,3170,6.4991711535294e-12
"RTN3",8888,3171,6.47724260378702e-12
"C4orf27",8888,3172,6.46080435300653e-12
"CDC26",8888,3173,6.46030519650408e-12
"PRADC1",8888,3174,6.43654653688966e-12
"STX10",8888,3175,6.41293015908752e-12
"GLOD4",8888,3176,6.40901659873839e-12
"CEACAM3",8888,3177,6.39621479544062e-12
"TAF7",8888,3178,6.34358780183376e-12
"GALNT12",8888,3179,6.34082676279738e-12
"NFU1",8888,3180,6.31673253331426e-12
"PNISR",8888,3181,6.2942504050235e-12
"ATP6AP2",8888,3182,6.24363996214445e-12
"RARRES1",8888,3183,6.23617319850691e-12
"PON3",8888,3184,6.22099413395235e-12
"LRRC26",8888,3185,6.14649298313893e-12
"HEXB",8888,3186,6.12282758399204e-12
"ACO2",8888,3187,6.07084035678062e-12
"DERL1",8888,3188,6.06349112451726e-12
"SMIM7",8888,3189,6.01657376192651e-12
"CXCL17",8888,3190,5.99872922967102e-12
"CD70",8888,3191,5.98730068390779e-12
"DLD",8888,3192,5.95642516941231e-12
"C22orf39",8888,3193,5.94939319894726e-12
"MT1G",8888,3194,5.93937652282814e-12
"TNFRSF11B",8888,3195,5.91717930077619e-12
"TPGS1",8888,3196,5.91045614598332e-12
"DDAH1",8888,3197,5.91016149572909e-12
"C12orf54",8888,3198,5.87606784470192e-12
"SAR1A",8888,3199,5.8744624736719e-12
"NDUFV2",8888,3200,5.8679895802082e-12
"CLPTM1L",8888,3201,5.76745647746662e-12
"IFT27",8888,3202,5.75521305307998e-12
"LAMP2",8888,3203,5.68020314440642e-12
"EPB41L2",8888,3204,5.67731060035371e-12
"YIPF3",8888,3205,5.67311674956781e-12
"DCTN2",8888,3206,5.665583173033e-12
"TROAP",8888,3207,5.6493661594728e-12
"NIPSNAP3A",8888,3208,5.64152375043224e-12
"EIF4E",8888,3209,5.64019950487568e-12
"EMC3",8888,3210,5.63700226318222e-12
"RP11-81H14.2",8888,3211,5.59762020164203e-12
"PIGF",8888,3212,5.58355706665733e-12
"IDH1",8888,3213,5.58260690006837e-12
"GALM",8888,3214,5.57982018287802e-12
"SCG5",8888,3215,5.57206245557987e-12
"NDUFA7",8888,3216,5.56164120183545e-12
"UAP1",8888,3217,5.55567107894549e-12
"NR1H4",8888,3218,5.52093494947118e-12
"EAPP",8888,3219,5.51709230803561e-12
"LINC00937",8888,3220,5.50135066070007e-12
"PMPCB",8888,3221,5.42120857096508e-12
"SAPCD2",8888,3222,5.3942963724768e-12
"BHLHE41",8888,3223,5.39425206986967e-12
"MOGAT2",8888,3224,5.38769013814344e-12
"PRPF8",8888,3225,5.35240819417534e-12
"SPON1",8888,3226,5.32298172175179e-12
"TMEM50B",8888,3227,5.28350425460429e-12
"DNAJC7",8888,3228,5.23030298069778e-12
"BEST1",8888,3229,5.2108284601876e-12
"RNF114",8888,3230,5.15888067128161e-12
"IP6K2",8888,3231,5.13612040900964e-12
"OS9",8888,3232,5.10124255250924e-12
"NPPC",8888,3233,5.05881921010024e-12
"COA5",8888,3234,5.05489943270788e-12
"TNFRSF12A",8888,3235,5.0545687695962e-12
"PRKAR2A",8888,3236,5.04685037966951e-12
"TRIM47",8888,3237,5.0423932856851e-12
"SNRPB2",8888,3238,5.02644069389521e-12
"PGD",8888,3239,5.02168796591533e-12
"PRSS1",8888,3240,5.00235049012226e-12
"MPHOSPH8",8888,3241,4.9623402816798e-12
"ANKRD11",8888,3242,4.87275078405142e-12
"RNA28S5",8888,3243,4.86984724035741e-12
"GNAI3",8888,3244,4.84082882972197e-12
"RNF5",8888,3245,4.83653894961581e-12
"RP11-599B13.3",8888,3246,4.83221451859801e-12
"KRT13",8888,3247,4.78970955847327e-12
"KLK6",8888,3248,4.78846222472478e-12
"BEST4",8888,3249,4.73665250693903e-12
"CCDC53",8888,3250,4.72467832453422e-12
"C1GALT1C1",8888,3251,4.71469323185979e-12
"CTD-2626G11.2",8888,3252,4.69686009062376e-12
"LINC00261",8888,3253,4.62639755001206e-12
"SEPT7",8888,3254,4.61523902305075e-12
"URAD",8888,3255,4.60124123569273e-12
"MMP10",8888,3256,4.59383510015851e-12
"PPP1R12B",8888,3257,4.57523387345581e-12
"CETN2",8888,3258,4.54497377233688e-12
"WBP5",8888,3259,4.53027914677923e-12
"COQ2",8888,3260,4.49012955514329e-12
"GTF2H5",8888,3261,4.46230215317942e-12
"RSBN1L",8888,3262,4.46162383360363e-12
"SLX1A",8888,3263,4.3926246352044e-12
"TMEM248",8888,3264,4.35882565597418e-12
"LINC00152",8888,3265,4.35867682131354e-12
"RP11-622K12.1",8888,3266,4.35591104073109e-12
"CHURC1",8888,3267,4.28666794350287e-12
"RDH11",8888,3268,4.27102635346315e-12
"CBR3",8888,3269,4.23828975296172e-12
"CHI3L1",8888,3270,4.20379722312085e-12
"ESRP1",8888,3271,4.19958278969458e-12
"CHTOP",8888,3272,4.18023765288318e-12
"ETNK1",8888,3273,4.17999174314533e-12
"PTTG2",8888,3274,4.15806707863472e-12
"ACAT1",8888,3275,4.14568535804589e-12
"CSTA",8888,3276,4.04810167000187e-12
"PCCA",8888,3277,4.02408009300712e-12
"CRNDE",8888,3278,3.99178621578548e-12
"SELM",8888,3279,3.95954997411553e-12
"SPTLC2",8888,3280,3.95443112226593e-12
"MT1B",8888,3281,3.93200290763614e-12
"GRSF1",8888,3282,3.92435937237715e-12
"PLCB3",8888,3283,3.91966807339341e-12
"CMIP",8888,3284,3.91357469887014e-12
"VTI1B",8888,3285,3.90547358975894e-12
"CLDN8",8888,3286,3.88754642144515e-12
"KRT6B",8888,3287,3.8698823002118e-12
"TMEM33",8888,3288,3.86475269337888e-12
"EIF5AL1",8888,3289,3.84678838802872e-12
"HSPA6",8888,3290,3.83286248930536e-12
"CTSC",8888,3291,3.81668063622797e-12
"LXN",8888,3292,3.64812442332299e-12
"FASTK",8888,3293,3.5313148990702e-12
"CCL5",8888,3294,3.4879410986296e-12
"CTSG",8888,3295,3.46042181758332e-12
"NAPA",8888,3296,3.45542626692287e-12
"IFT43",8888,3297,3.44282527636233e-12
"FADS2",8888,3298,3.4388011361537e-12
"PCSK1",8888,3299,3.42057967933784e-12
"RP11-1143G9.4",8888,3300,3.37790718191651e-12
"CLCA1",8888,3301,3.37336178438175e-12
"COQ9",8888,3302,3.37308560688974e-12
"TACSTD2",8888,3303,3.35811069862548e-12
"LMBR1",8888,3304,3.34391069362468e-12
"GNG5P2",8888,3305,3.34062854273471e-12
"GABARAP",8888,3306,3.31427433027359e-12
"RSU1",8888,3307,3.27531767806661e-12
"HPCAL1",8888,3308,3.27489927632441e-12
"HNRNPUL2",8888,3309,3.22769976374074e-12
"KCNJ3",8888,3310,3.2035347155936e-12
"SERPINB3",8888,3311,3.1986564842793e-12
"TNNC1",8888,3312,3.16266467517437e-12
"AZGP1",8888,3313,3.14343800396408e-12
"SEC63",8888,3314,3.11787675373034e-12
"TCN1",8888,3315,3.04802221744008e-12
"CLU",8888,3316,3.02714935270202e-12
"FAM64A",8888,3317,3.01662292630126e-12
"RHOV",8888,3318,2.96571208427994e-12
"CTD-2319I12.1",8888,3319,2.93821479441187e-12
"LECT1",8888,3320,2.93225252164999e-12
"MSMO1",8888,3321,2.92072419387756e-12
"MAGED2",8888,3322,2.88710054195659e-12
"CALCOCO2",8888,3323,2.87073721926705e-12
"ERGIC1",8888,3324,2.85950816795782e-12
"RP11-532F12.5",8888,3325,2.72909295182646e-12
"ZNF302",8888,3326,2.65266438600167e-12
"TMEM259",8888,3327,2.62227471838206e-12
"DNTTIP1",8888,3328,2.54907098504531e-12
"ZFYVE21",8888,3329,2.54735517579292e-12
"RN7SK",8888,3330,2.53308832954673e-12
"DYNLL2",8888,3331,2.51766735582279e-12
"FADS1",8888,3332,2.50752109153245e-12
"ECHDC2",8888,3333,2.47091451079737e-12
"MMP9",8888,3334,2.40187650674254e-12
"TMED4",8888,3335,2.39235542682099e-12
"LACTB2",8888,3336,2.38624765963035e-12
"CEBPB",8888,3337,2.34905742845464e-12
"MVB12A",8888,3338,2.34557616350687e-12
"S100A1",8888,3339,2.31873189008507e-12
"SMARCD2",8888,3340,2.28651031890024e-12
"PIF1",8888,3341,2.27676519443271e-12
"MOB4",8888,3342,2.17128044598217e-12
"EFCAB14",8888,3343,2.16186629720479e-12
"HOOK2",8888,3344,2.12502754282712e-12
"MTRNR2L1",8888,3345,2.12164213194719e-12
"CPE",8888,3346,2.04950374145235e-12
"RETNLB",8888,3347,2.015716149291e-12
"B3GNT6",8888,3348,2.00024084941166e-12
"ECI2",8888,3349,1.94699956676966e-12
"IK",8888,3350,1.93284561552374e-12
"HSPA2",8888,3351,1.8664322588758e-12
"C5orf38",8888,3352,1.85276923169648e-12
"POMC",8888,3353,1.83692359172207e-12
"ADH1B",8888,3354,1.82079834704469e-12
"PGM1",8888,3355,1.81111598276333e-12
"CCDC47",8888,3356,1.80622003113648e-12
"ACSL3",8888,3357,1.77376305509245e-12
"AIM1",8888,3358,1.73413808633763e-12
"REG1A",8888,3359,1.7288591295585e-12
"ATP6AP1",8888,3360,1.65927598399976e-12
"EML4",8888,3361,1.63614283512846e-12
"SAMM50",8888,3362,1.63341994057682e-12
"ALDH1A1",8888,3363,1.59120620043226e-12
"ARL16",8888,3364,1.57623177626536e-12
"C19orf77",8888,3365,1.4733070216306e-12
"HSD17B4",8888,3366,1.45298778612427e-12
"ATXN8OS",8888,3367,1.42968860273842e-12
"RNA5SP151",8888,3368,1.42142206555732e-12
"MT1H",8888,3369,1.40881177849639e-12
"FLAD1",8888,3370,1.34819537684659e-12
"DPCD",8888,3371,1.32539933671015e-12
"TUSC2",8888,3372,1.30111498362593e-12
"BIK",8888,3373,1.28959139379565e-12
"HOXB7",8888,3374,1.28930006503896e-12
"SCNN1B",8888,3375,1.28358555048137e-12
"TSG101",8888,3376,1.2592847803353e-12
"LENG8",8888,3377,1.25203102463757e-12
"TM4SF4",8888,3378,1.18613451732542e-12
"TUBB2B",8888,3379,1.15587111330647e-12
"AUNIP",8888,3380,1.14256618267439e-12
"CTC-425F1.4",8888,3381,1.06746754716515e-12
"TIMMDC1",8888,3382,1.01193364949115e-12
"TARDBP",8888,3383,9.58714713583046e-13
"PF4",8888,3384,9.40373464449197e-13
"AQP8",8888,3385,9.07047906903094e-13
"NTPCR",8888,3386,8.98817892804042e-13
"CALU",8888,3387,8.94347751461278e-13
"NPTX2",8888,3388,8.93579925333184e-13
"YIPF4",8888,3389,8.73002704428682e-13
"DHPS",8888,3390,7.93777868402e-13
"SHISA2",8888,3391,7.12759132548612e-13
"SAT2",8888,3392,6.78542047847795e-13
"MT1HL1",8888,3393,6.77498269986957e-13
"PEG10",8888,3394,6.72424147623558e-13
"FAM50A",8888,3395,6.68150788649935e-13
"KLK11",8888,3396,6.5336571260614e-13
"PRSS21",8888,3397,6.463224557039e-13
"CPS1",8888,3398,6.34517158572172e-13
"PRRC1",8888,3399,6.23378744440932e-13
"SEL1L3",8888,3400,6.20481522790822e-13
"AKR1C1",8888,3401,6.07512028357358e-13
"OTOP2",8888,3402,5.83040667761264e-13
"FAM211A",8888,3403,5.7862563091532e-13
"ISCA2",8888,3404,5.5428914183113e-13
"CDKN2D",8888,3405,5.12084738249371e-13
"LPP-AS2",8888,3406,4.87905686723163e-13
"HOXB8",8888,3407,4.27804698862607e-13
"CLDN18",8888,3408,4.24067513672111e-13
"SCCPDH",8888,3409,4.17105949423245e-13
"PITX2",8888,3410,3.40224771651171e-13
"RP11-338I21.1",8888,3411,3.017957091719e-13
"GP2",8888,3412,2.79771130026851e-13
"ARHGAP4",8888,3413,2.71273078418206e-13
"PCK1",8888,3414,2.65798416960667e-13
"S100B",8888,3415,2.64760639917273e-13
"MTX2",8888,3416,2.3729464521882e-13
"REG3A",8888,3417,2.33944358524991e-13
"INSL5",8888,3418,2.29078290741867e-13
"EDARADD",8888,3419,2.22287287601089e-13
"PDIA2",8888,3420,2.1234633662823e-13
"ESRRA",8888,3421,1.75170950263946e-13
"PEF1",8888,3422,1.64182321852129e-13
"DUSP27",8888,3423,1.541991213525e-13
"FAIM2",8888,3424,1.33145511165157e-13
"PSRC1",8888,3425,1.22033803477131e-13
"NKG7",8888,3426,1.15751933426386e-13
"BEX1",8888,3427,9.63156339828718e-14
"TRPM4",8888,3428,8.44970722270312e-14
"NUP188",8888,3429,6.56611933970573e-14
"FAM58A",8888,3430,5.2551508779038e-14
"CLDN10",8888,3431,4.91711034494734e-14
"TPH1",8888,3432,4.59566712235274e-14
"DLL1",8888,3433,4.21246281943033e-14
"TTC1",8888,3434,3.26932705542815e-14
"SMIM15",8888,3435,1.80349362554646e-14
"H3F3C",8888,3436,2.31693044651604e-15
"DEFA5",8888,3437,9.31728141640382e-17
"SCGN",8888,3438,9.29708876106832e-17
"REG1B",8888,3439,7.25699008003597e-17
"RGS2",8888,3440,6.86336844652477e-17
"CMTM4",8888,3441,6.38798467964553e-17
"CHGA",8888,3442,5.46622272461366e-17
"GJA1",8888,3443,5.20017552357774e-17
"ITLN2",8888,3444,5.16395021792353e-17
"MYOM1",8888,3445,5.1120702706269e-17
"LINC00176",8888,3446,4.97452891801624e-17
"KCTD16",8888,3447,4.6681575348183e-17
"GZMB",8888,3448,4.48449971110062e-17
"DEFA6",8888,3449,4.40945823306472e-17
"RP11-138I1.4",8888,3450,4.335862296046e-17
"NBPF10",8888,3451,4.22756751662327e-17
"PYY",8888,3452,3.96428890124164e-17
"ALDH3A1",8888,3453,3.90303987009517e-17
"GULP1",8888,3454,3.86694662707125e-17
"AQP5",8888,3455,3.73917644191505e-17
"GZMA",8888,3456,3.46430697147937e-17
"CDK5RAP3",8888,3457,3.35174321786502e-17
"GADD45G",8888,3458,2.99948881592126e-17
"IL19",8888,3459,2.97514210880884e-17
"SLC4A8",8888,3460,2.85028580613924e-17
"ZNF3",8888,3461,2.83940153956373e-17
"WDR72",8888,3462,2.81571907819582e-17
"CRYBA2",8888,3463,2.74939436849232e-17
"CNOT10",8888,3464,2.74872320760407e-17
"FOLR1",8888,3465,2.71701821100647e-17
"MATN2",8888,3466,2.57240469998025e-17
"HSBP1L1",8888,3467,2.49315857877601e-17
"PPP2CA",8888,3468,2.47190237963182e-17
"SREBF1",8888,3469,2.43331539883382e-17
"DDC",8888,3470,2.280100493518e-17
"ARHGDIB",8888,3471,2.14369473623196e-17
"ITM2A",8888,3472,2.08454353708255e-17
"RMRP",8888,3473,2.07330919968753e-17
"NMT1",8888,3474,1.97461913270519e-17
"BLVRA",8888,3475,1.96723544020705e-17
"PVRL3",8888,3476,1.89289901684949e-17
"TCF21",8888,3477,1.65492717280131e-17
"FDCSP",8888,3478,1.57882666644727e-17
"FABP6",8888,3479,1.37962682832471e-17
"NEUROD1",8888,3480,1.36723576085444e-17
"GALNTL6",8888,3481,1.35441289210986e-17
"KCNQ4",8888,3482,1.34276722824587e-17
"IL2RB",8888,3483,1.33078268517714e-17
"MB",8888,3484,1.28035154725678e-17
"GCG",8888,3485,1.27538026209891e-17
"KLK12",8888,3486,1.24854340680478e-17
"TPPP3",8888,3487,1.23232445213971e-17
"PGC",8888,3488,1.16546961967749e-17
"HPGDS",8888,3489,1.09446038466184e-17
"NMU",8888,3490,1.01537196312369e-17
"GSTZ1",8888,3491,8.58181083474127e-18
"ADH1A",8888,3492,7.89530957667019e-18
"CLDN15",8888,3493,7.61878074432813e-18
"FRG1",8888,3494,7.44412474919746e-18
"GRAP",8888,3495,6.879742558102e-18
"PCCB",8888,3496,6.56288018984963e-18
"BCAS4",8888,3497,5.96548250234762e-18
"FZD9",8888,3498,5.23433554398706e-18
"CHGB",8888,3499,4.44027598276294e-18
"MSI2",8888,3500,3.48652912670198e-18
"SLC9A3R2",8888,3501,2.58860056551465e-18
"IFITM2",8888,3502,7.11111411072023e-19
"GART",9999,1,9.34889974137605e-05
"KRT20",9999,2,6.82059260782292e-07
"SDCBP2",9999,3,6.38079430179825e-07
"ASCL2",9999,4,6.21274899291918e-07
"KRT19",9999,5,5.99986574575537e-07
"TSPAN1",9999,6,5.54749188260164e-07
"TFF1",9999,7,5.36821189885572e-07
"SLC12A2",9999,8,5.19307867522197e-07
"AKR1B10",9999,9,5.05753392010389e-07
"MALL",9999,10,5.04160995173735e-07
"CDCA7",9999,11,5.00625198571474e-07
"NAP1L1",9999,12,4.80569113033582e-07
"HRCT1",9999,13,4.7030778324606e-07
"FABP1",9999,14,4.65079705389419e-07
"CDK4",9999,15,4.59507376403258e-07
"CA2",9999,16,4.50435704956284e-07
"EPHB3",9999,17,4.23992817876517e-07
"PLAC8",9999,18,4.15811233935645e-07
"RGMB",9999,19,4.07812777355529e-07
"SMOC2",9999,20,4.07704618028516e-07
"S100P",9999,21,3.89476895895582e-07
"BTG2",9999,22,3.85395815928121e-07
"MCM7",9999,23,3.76942094781537e-07
"PAICS",9999,24,3.74944235803021e-07
"IMPDH2",9999,25,3.69659340454915e-07
"CEACAM1",9999,26,3.65643320274985e-07
"CDK6",9999,27,3.63925419746182e-07
"CEACAM7",9999,28,3.62278418644966e-07
"LDHB",9999,29,3.61981899061803e-07
"C19orf48",9999,30,3.60433621678739e-07
"RANBP1",9999,31,3.56914317300432e-07
"FBL",9999,32,3.54293260806717e-07
"ETS2",9999,33,3.48438013095707e-07
"PDE4C",9999,34,3.44731723143283e-07
"CEACAM6",9999,35,3.44703872338529e-07
"GINS2",9999,36,3.40837016853389e-07
"NPM3",9999,37,3.37480199720659e-07
"ALDH1B1",9999,38,3.29691446553494e-07
"CDA",9999,39,3.28757136154737e-07
"LGALS3",9999,40,3.23698917587036e-07
"EPHB2",9999,41,3.2256505336695e-07
"HELLS",9999,42,3.21572426332237e-07
"EIF3L",9999,43,3.16590932097748e-07
"KRT8",9999,44,3.15791100242299e-07
"GCNT3",9999,45,3.11465068027132e-07
"POLD2",9999,46,3.02218724147622e-07
"PABPC1",9999,47,2.98453477270902e-07
"SET",9999,48,2.97981247228071e-07
"HMGA1",9999,49,2.95814067761059e-07
"NFIC",9999,50,2.92849691164763e-07
"PHGR1",9999,51,2.92124417428664e-07
"NPM1",9999,52,2.86619229962923e-07
"SLC22A18",9999,53,2.81362445897502e-07
"NME1",9999,54,2.80113652174061e-07
"EMP1",9999,55,2.78604903985314e-07
"TYMS",9999,56,2.78149474968429e-07
"EEF1B2",9999,57,2.76966741144649e-07
"EIF4EBP1",9999,58,2.67689671227569e-07
"TOMM40",9999,59,2.66539575673531e-07
"S100A14",9999,60,2.66267876518194e-07
"CDHR5",9999,61,2.65070991109306e-07
"DUT",9999,62,2.62499723231632e-07
"STMN1",9999,63,2.62021768699314e-07
"NASP",9999,64,2.61123845710152e-07
"EIF3E",9999,65,2.59829018268319e-07
"EEF1A1",9999,66,2.56909956655475e-07
"SLC26A3",9999,67,2.56223418404688e-07
"MXD1",9999,68,2.55969745950349e-07
"SRM",9999,69,2.5394369885527e-07
"SLPI",9999,70,2.52527928196384e-07
"HSPD1",9999,71,2.52206132017711e-07
"NCL",9999,72,2.50713444767876e-07
"OLFM4",9999,73,2.50072395992291e-07
"C20orf27",9999,74,2.47809814385626e-07
"TUBB",9999,75,2.47064345516202e-07
"NFIA",9999,76,2.46861155804868e-07
"DNMT1",9999,77,2.43478763725461e-07
"EGR1",9999,78,2.43146617023725e-07
"CLTB",9999,79,2.40909852905669e-07
"FEN1",9999,80,2.40366123557003e-07
"ATF3",9999,81,2.39893411469319e-07
"NME4",9999,82,2.38207791783365e-07
"NHP2",9999,83,2.37920350979872e-07
"FN1",9999,84,2.37428391370094e-07
"NEDD9",9999,85,2.35096326374964e-07
"MS4A12",9999,86,2.34852624053152e-07
"FXYD3",9999,87,2.34566836213104e-07
"ZFAS1",9999,88,2.34065379787606e-07
"PKIB",9999,89,2.33328758031149e-07
"HK2",9999,90,2.30472966064402e-07
"CCDC85B",9999,91,2.30421778471835e-07
"IGLC3",9999,92,2.28325713582096e-07
"NR4A1",9999,93,2.27976864113591e-07
"MYADM",9999,94,2.27371605582274e-07
"SLC16A3",9999,95,2.26135633190509e-07
"IGKC",9999,96,2.24188710051221e-07
"MCM5",9999,97,2.23624173886358e-07
"PCNA",9999,98,2.2293663053189e-07
"DHRS9",9999,99,2.22428376477836e-07
"TP53",9999,100,2.21589904677922e-07
"SOX4",9999,101,2.21329636372128e-07
"HNRNPA1",9999,102,2.21305330331855e-07
"PPP1R15A",9999,103,2.20140798890603e-07
"NOP56",9999,104,2.1914080657455e-07
"MCM3",9999,105,2.18773474380815e-07
"PA2G4",9999,106,2.15603442680104e-07
"CMSS1",9999,107,2.14690952507165e-07
"KIAA1324",9999,108,2.139407319457e-07
"TMEM97",9999,109,2.13446038177633e-07
"XDH",9999,110,2.1321813866962e-07
"PRKDC",9999,111,2.12138821231751e-07
"APEX1",9999,112,2.12079632921509e-07
"SNHG8",9999,113,2.11730446536476e-07
"DEK",9999,114,2.11153477415514e-07
"SSRP1",9999,115,2.10240854746501e-07
"H2AFZ",9999,116,2.09680270751688e-07
"S100A16",9999,117,2.09560161969939e-07
"EEF2",9999,118,2.06933279490563e-07
"CNN3",9999,119,2.0629317520064e-07
"HMGB2",9999,120,2.05832414592972e-07
"DKC1",9999,121,2.05406527353831e-07
"ILF3",9999,122,2.03593367392834e-07
"DUOX2",9999,123,2.03540910398473e-07
"RSL1D1",9999,124,2.02815698373149e-07
"PARP1",9999,125,2.01800727114188e-07
"ISG20",9999,126,2.01392026512189e-07
"TUBA1B",9999,127,2.00992308421682e-07
"PRMT1",9999,128,2.00793603203137e-07
"SNRPB",9999,129,2.00486717000997e-07
"IGHA1",9999,130,2.00365362679387e-07
"CENPM",9999,131,1.9992956410205e-07
"NONO",9999,132,1.98099523760071e-07
"DDX21",9999,133,1.97820546799286e-07
"DMKN",9999,134,1.96901874869049e-07
"HES6",9999,135,1.96609002738239e-07
"CCDC34",9999,136,1.96356541855007e-07
"SLC40A1",9999,137,1.95130036352886e-07
"CELF2",9999,138,1.93839917510099e-07
"HPGD",9999,139,1.93490465711639e-07
"SYNE2",9999,140,1.93113956952862e-07
"RMI2",9999,141,1.92726348037559e-07
"REG4",9999,142,1.92604833845488e-07
"ZFP36L1",9999,143,1.90849252712779e-07
"CDKN1A",9999,144,1.8952235915736e-07
"C1QBP",9999,145,1.89408948015646e-07
"C6orf48",9999,146,1.88946408108165e-07
"RAN",9999,147,1.88814580382211e-07
"SOX9",9999,148,1.88799012271309e-07
"ZFP36L2",9999,149,1.88719094510352e-07
"CD44",9999,150,1.88541561433958e-07
"PSIP1",9999,151,1.8801174132259e-07
"GGCT",9999,152,1.87080836225848e-07
"GPX4",9999,153,1.87016250768359e-07
"CCT2",9999,154,1.8674613105842e-07
"FOSB",9999,155,1.85337690050097e-07
"ANXA2",9999,156,1.8456460087615e-07
"PLA2G10",9999,157,1.8440347025867e-07
"PMAIP1",9999,158,1.84397889200384e-07
"MCM6",9999,159,1.82794082737872e-07
"MZB1",9999,160,1.81039639032131e-07
"MKI67",9999,161,1.80551400163746e-07
"UNG",9999,162,1.80391934484175e-07
"PYCR1",9999,163,1.79168409569325e-07
"NOP58",9999,164,1.79082830687971e-07
"RNF43",9999,165,1.78757465424645e-07
"ETHE1",9999,166,1.78615909794192e-07
"SMARCC1",9999,167,1.78529493643187e-07
"NOLC1",9999,168,1.78265243796886e-07
"PLS1",9999,169,1.78024700622565e-07
"NCOA7",9999,170,1.76810069142526e-07
"TAF1D",9999,171,1.76701896891122e-07
"NUCKS1",9999,172,1.75687556631124e-07
"AGPAT2",9999,173,1.74795147590986e-07
"BOD1",9999,174,1.74706760832423e-07
"HNRNPDL",9999,175,1.74616348988543e-07
"MRPL12",9999,176,1.74117975382314e-07
"ZNF22",9999,177,1.73643712483551e-07
"DTYMK",9999,178,1.73354593242298e-07
"HSP90AB1",9999,179,1.72289239413295e-07
"UBE2T",9999,180,1.72077966529057e-07
"AHCY",9999,181,1.71593287658042e-07
"SIVA1",9999,182,1.71262172247499e-07
"GCSH",9999,183,1.71069411698756e-07
"IPO5",9999,184,1.70921598961324e-07
"CERS6",9999,185,1.7091216735452e-07
"LYAR",9999,186,1.70872307763242e-07
"REPIN1",9999,187,1.70765743899981e-07
"HSP90AA1",9999,188,1.70727527992225e-07
"SERBP1",9999,189,1.70236053519299e-07
"NOP16",9999,190,1.6955726216785e-07
"CEACAM5",9999,191,1.69485072388236e-07
"DHFR",9999,192,1.69289145603359e-07
"HNRNPA0",9999,193,1.69186969008732e-07
"WDR34",9999,194,1.6870310562491e-07
"OAS1",9999,195,1.68474618401751e-07
"EIF4B",9999,196,1.68396365729061e-07
"CCNG1",9999,197,1.67221846341746e-07
"LEFTY1",9999,198,1.67073768829522e-07
"SMC4",9999,199,1.66573105523874e-07
"JUN",9999,200,1.66167062728737e-07
"DNAJC9",9999,201,1.65905510894393e-07
"CD320",9999,202,1.65183425214214e-07
"SLC6A8",9999,203,1.64595068271315e-07
"ASS1",9999,204,1.64548454885567e-07
"RHOB",9999,205,1.63896247585238e-07
"CBX5",9999,206,1.62689691668843e-07
"GMNN",9999,207,1.62539648828606e-07
"USP1",9999,208,1.6233422041285e-07
"SNHG7",9999,209,1.62310394555744e-07
"RRM1",9999,210,1.62037155028194e-07
"WNK2",9999,211,1.61498882656617e-07
"EBNA1BP2",9999,212,1.6107592288952e-07
"RNASEH2A",9999,213,1.60985795913852e-07
"ADM",9999,214,1.60940449152454e-07
"RRP7A",9999,215,1.60771454527226e-07
"MRPS26",9999,216,1.59793165770168e-07
"SUPT16H",9999,217,1.59270511948432e-07
"TIMM13",9999,218,1.57164707257789e-07
"PSMG1",9999,219,1.56307267467859e-07
"VSIG2",9999,220,1.55613007682206e-07
"PTMA",9999,221,1.54939328652468e-07
"TK1",9999,222,1.54838545305346e-07
"GBP3",9999,223,1.54131468595641e-07
"HNRNPD",9999,224,1.53970427572284e-07
"MUC13",9999,225,1.52728003298573e-07
"SIGMAR1",9999,226,1.52357531986749e-07
"PLAUR",9999,227,1.52066409069856e-07
"SNRNP25",9999,228,1.51593943299672e-07
"SLC25A6",9999,229,1.51516149990093e-07
"ATRX",9999,230,1.50669468761804e-07
"TRIM15",9999,231,1.50668447192967e-07
"HMGB1",9999,232,1.50601855615841e-07
"NUDC",9999,233,1.50425060964901e-07
"IGHA2",9999,234,1.5014622125674e-07
"LSM2",9999,235,1.5014012968379e-07
"TRIM31",9999,236,1.49928341821482e-07
"SULT1B1",9999,237,1.49909610976013e-07
"CCDC14",9999,238,1.49541414711256e-07
"GNL3",9999,239,1.48928549302817e-07
"PHLDA2",9999,240,1.48095381231918e-07
"CLNS1A",9999,241,1.47835593062085e-07
"RCN1",9999,242,1.47726536259881e-07
"EPB41L4A-AS1",9999,243,1.47672699740599e-07
"MLXIP",9999,244,1.47653664279762e-07
"ANP32B",9999,245,1.46373060382255e-07
"HMGN2",9999,246,1.44877389677749e-07
"EXOSC5",9999,247,1.44790906983762e-07
"PHLDA1",9999,248,1.44316962330932e-07
"MRTO4",9999,249,1.43606368423511e-07
"TNIP3",9999,250,1.43298457436776e-07
"TMEM54",9999,251,1.43089044953291e-07
"POLE3",9999,252,1.4291994521491e-07
"MTHFD1",9999,253,1.42616005722858e-07
"FKBP4",9999,254,1.42102104122428e-07
"SMC2",9999,255,1.41825074580359e-07
"CA4",9999,256,1.41811434244366e-07
"FXYD5",9999,257,1.41666074439008e-07
"GPA33",9999,258,1.4112761788685e-07
"CCND2",9999,259,1.41002653348194e-07
"PRSS3",9999,260,1.40945335909164e-07
"FGFBP1",9999,261,1.40554389163339e-07
"FABP5",9999,262,1.40294699111769e-07
"CKS1B",9999,263,1.39818795326798e-07
"TDP2",9999,264,1.3981130325171e-07
"TPT1",9999,265,1.38921338029851e-07
"NACA",9999,266,1.38363180249091e-07
"IER3",9999,267,1.37348596389558e-07
"GTF2I",9999,268,1.36330921957396e-07
"MISP",9999,269,1.363063437028e-07
"C4BPB",9999,270,1.35435644894755e-07
"EIF3D",9999,271,1.35333992039838e-07
"SNRPD1",9999,272,1.34792973115477e-07
"AOC1",9999,273,1.34104238639755e-07
"RNASEH2B",9999,274,1.33968049011941e-07
"MYL12B",9999,275,1.33520585819555e-07
"MRPL17",9999,276,1.33440563986185e-07
"IRF2BP2",9999,277,1.33348510483931e-07
"TMEM147",9999,278,1.33256422275068e-07
"TOP2A",9999,279,1.33117225049022e-07
"ZWINT",9999,280,1.32516111333029e-07
"RBMX",9999,281,1.32251994131294e-07
"TMEM123",9999,282,1.3210404708555e-07
"HES1",9999,283,1.31985797676028e-07
"LMNB1",9999,284,1.30762222804986e-07
"S100A6",9999,285,1.30093922059734e-07
"SRPK1",9999,286,1.2965773129712e-07
"POLR1D",9999,287,1.29489834027753e-07
"PRRC2C",9999,288,1.28967294618246e-07
"TIMM9",9999,289,1.2856262614401e-07
"DUSP2",9999,290,1.28123174606979e-07
"BZW2",9999,291,1.27848190181982e-07
"RBPJ",9999,292,1.27537804924948e-07
"IGHM",9999,293,1.26955464386086e-07
"TRAP1",9999,294,1.25519499694324e-07
"TMPO",9999,295,1.24791835742664e-07
"CSNK1E",9999,296,1.24559496485854e-07
"CAPG",9999,297,1.24254107724487e-07
"LMO7",9999,298,1.2391864710449e-07
"MRPS12",9999,299,1.2382742847948e-07
"DCTPP1",9999,300,1.23815473790612e-07
"DUOXA2",9999,301,1.23420469902823e-07
"FOS",9999,302,1.23335529182208e-07
"TPR",9999,303,1.2325658315565e-07
"PI3",9999,304,1.23093691904024e-07
"LGALS4",9999,305,1.23044434917139e-07
"U2AF1",9999,306,1.22910118640821e-07
"MARCKSL1",9999,307,1.22899791920313e-07
"PRPS2",9999,308,1.22694716848653e-07
"FAM133B",9999,309,1.21995591729418e-07
"CACYBP",9999,310,1.21988060067762e-07
"LSM4",9999,311,1.21839660985692e-07
"F12",9999,312,1.21657692676603e-07
"C19orf33",9999,313,1.21616677231868e-07
"EDN1",9999,314,1.20670924810308e-07
"CENPV",9999,315,1.20276273982385e-07
"PCBP2",9999,316,1.19726913422955e-07
"TSC22D1",9999,317,1.19638412184153e-07
"PPIF",9999,318,1.19079480178554e-07
"ID1",9999,319,1.18969049250195e-07
"NFKBIA",9999,320,1.18618784164414e-07
"HMGN3",9999,321,1.18243102475856e-07
"HMGN1",9999,322,1.18047088560121e-07
"ASNS",9999,323,1.17985346607105e-07
"VILL",9999,324,1.17573092560954e-07
"FUS",9999,325,1.17403731778963e-07
"EBPL",9999,326,1.15498248737682e-07
"SLC38A5",9999,327,1.15478457424619e-07
"PPP1R14D",9999,328,1.14925750874951e-07
"TSPAN8",9999,329,1.14893206951098e-07
"BBX",9999,330,1.14837860542231e-07
"FLNB",9999,331,1.14697401531967e-07
"HIGD1A",9999,332,1.14683324648428e-07
"GADD45GIP1",9999,333,1.14612291141473e-07
"B4GALT1",9999,334,1.14485080132752e-07
"HSPA8",9999,335,1.14453133224571e-07
"EIF3F",9999,336,1.14213431444168e-07
"SRSF7",9999,337,1.14195340941628e-07
"MRPS34",9999,338,1.14114513825616e-07
"YBX1",9999,339,1.13710179621043e-07
"MRPL11",9999,340,1.13705776385541e-07
"CCNL1",9999,341,1.13111343263073e-07
"SRSF2",9999,342,1.12930152249237e-07
"ZNF511",9999,343,1.12664322293788e-07
"TUBA4A",9999,344,1.12549607788876e-07
"UPP1",9999,345,1.1216818202246e-07
"SLBP",9999,346,1.11514276888717e-07
"EEF1E1",9999,347,1.11508412381529e-07
"TRMT112",9999,348,1.11339196149592e-07
"TMPRSS2",9999,349,1.10802832510718e-07
"MGST3",9999,350,1.10725809610368e-07
"RRM2",9999,351,1.10707152899559e-07
"KCNQ1",9999,352,1.10680203917739e-07
"DUSP1",9999,353,1.10509055696208e-07
"SLC25A39",9999,354,1.10188715384787e-07
"ST3GAL4",9999,355,1.09808320312357e-07
"NUDT8",9999,356,1.09462982981358e-07
"APPL1",9999,357,1.09126091947875e-07
"CLN6",9999,358,1.08871733990651e-07
"EEF1D",9999,359,1.08231267515701e-07
"RCC2",9999,360,1.0788965861658e-07
"TNRC6B",9999,361,1.0785500567534e-07
"PDCD5",9999,362,1.07651958325677e-07
"GTF3A",9999,363,1.07587018341452e-07
"RHOC",9999,364,1.07559657375128e-07
"BCL2L12",9999,365,1.0750576766062e-07
"PCBD1",9999,366,1.07346394300442e-07
"RHOBTB3",9999,367,1.0715541995044e-07
"POLR3K",9999,368,1.07154080450172e-07
"ATAD3A",9999,369,1.07061720172259e-07
"HDGF",9999,370,1.07051869004995e-07
"CLDN7",9999,371,1.06799622776837e-07
"NUDT1",9999,372,1.06310708917567e-07
"SRRM1",9999,373,1.0623228008392e-07
"HSPE1",9999,374,1.06198809829956e-07
"PHIP",9999,375,1.06117779965604e-07
"SNRPE",9999,376,1.06027692257744e-07
"SORD",9999,377,1.05518158709426e-07
"TRIM28",9999,378,1.05228384274969e-07
"PPM1G",9999,379,1.04961124436051e-07
"SAC3D1",9999,380,1.04954394986308e-07
"STOML2",9999,381,1.04886771338448e-07
"CCT7",9999,382,1.0473455693057e-07
"MYO10",9999,383,1.04707364558112e-07
"CYSTM1",9999,384,1.04684624812433e-07
"CDH17",9999,385,1.04255745590522e-07
"PEBP1",9999,386,1.04229617012341e-07
"EIF3A",9999,387,1.04006945423283e-07
"RUVBL2",9999,388,1.03820489692639e-07
"PNRC1",9999,389,1.03385123683181e-07
"GSKIP",9999,390,1.03162206760011e-07
"IGLC2",9999,391,1.02507350775205e-07
"MYC",9999,392,1.01425354246632e-07
"KCNE3",9999,393,1.01285879909649e-07
"CIB1",9999,394,1.01247213219334e-07
"MRPL4",9999,395,1.01159688453532e-07
"EMG1",9999,396,1.01154379183323e-07
"CCT6A",9999,397,1.01142961732338e-07
"PHB",9999,398,1.00959841562353e-07
"SMC1A",9999,399,1.00884350874861e-07
"MGLL",9999,400,1.00857408067102e-07
"GPT",9999,401,1.00527724232182e-07
"DST",9999,402,1.00393634027757e-07
"HLA-DPA1",9999,403,9.99176665184994e-08
"NQO1",9999,404,9.98757476862818e-08
"BCL7C",9999,405,9.94869060926983e-08
"MRPS2",9999,406,9.94581773064899e-08
"CAPN8",9999,407,9.94002316072091e-08
"PARK7",9999,408,9.93409315682767e-08
"CLCA4",9999,409,9.87292730446388e-08
"MRPL24",9999,410,9.84936361484334e-08
"CXCL2",9999,411,9.81863221449223e-08
"FKBP11",9999,412,9.80665602414006e-08
"CCNI",9999,413,9.78316419220358e-08
"IFRD2",9999,414,9.77774056716139e-08
"PNN",9999,415,9.7721599765551e-08
"GSN",9999,416,9.75965449613544e-08
"ANKRD12",9999,417,9.75309431314536e-08
"HMBS",9999,418,9.72553300076831e-08
"FABP2",9999,419,9.7080957211696e-08
"BANF1",9999,420,9.64638743531605e-08
"GPBP1",9999,421,9.63631617030534e-08
"PDZK1IP1",9999,422,9.63087715155193e-08
"COX11",9999,423,9.62725048179522e-08
"MTRNR2L12",9999,424,9.5853036933085e-08
"CCT4",9999,425,9.58211591801274e-08
"NOB1",9999,426,9.5765059510559e-08
"UGP2",9999,427,9.56372758881872e-08
"CCT3",9999,428,9.55446771691269e-08
"CD59",9999,429,9.55344307743458e-08
"PUM1",9999,430,9.5468239756797e-08
"SLC38A2",9999,431,9.50376342254381e-08
"YPEL5",9999,432,9.47839940294287e-08
"CD55",9999,433,9.47034278390229e-08
"IL18",9999,434,9.46639096547723e-08
"PRDX4",9999,435,9.45621095691005e-08
"LAPTM4B",9999,436,9.45323559546786e-08
"SERPINB6",9999,437,9.42902274460755e-08
"VMP1",9999,438,9.40856481613231e-08
"RAB11FIP1",9999,439,9.4082623936817e-08
"SFPQ",9999,440,9.38555027450117e-08
"CENPW",9999,441,9.35716858779266e-08
"SSB",9999,442,9.34615267862207e-08
"ARID1A",9999,443,9.34574578639718e-08
"IFI27",9999,444,9.337308888652e-08
"SDF2L1",9999,445,9.33729572417979e-08
"PAFAH1B3",9999,446,9.33531875554584e-08
"MRPL37",9999,447,9.32552008699144e-08
"MAT2A",9999,448,9.30220561061331e-08
"FERMT1",9999,449,9.27831521526114e-08
"IGHG3",9999,450,9.26076563920003e-08
"PHB2",9999,451,9.22485933116819e-08
"MAD2L1",9999,452,9.20451717758941e-08
"ILF2",9999,453,9.19550943621037e-08
"MYO1A",9999,454,9.15853113429763e-08
"TFAM",9999,455,9.1529355283866e-08
"ANXA4",9999,456,9.14087392540574e-08
"ZNF703",9999,457,9.11338554842833e-08
"CA1",9999,458,9.10220061972231e-08
"SNRPD2",9999,459,9.07883459170321e-08
"RBBP6",9999,460,9.03659551991002e-08
"PRAC1",9999,461,8.99685567359238e-08
"TOMM20",9999,462,8.99365886591178e-08
"ATIC",9999,463,8.96523313674591e-08
"CUTA",9999,464,8.95443711351548e-08
"BRIX1",9999,465,8.94268429420143e-08
"EXOSC8",9999,466,8.934075023687e-08
"SQSTM1",9999,467,8.91756624120431e-08
"EIF2S3",9999,468,8.91000876248303e-08
"S100A11",9999,469,8.89842463485062e-08
"HP1BP3",9999,470,8.89559418437071e-08
"PTGES3",9999,471,8.88982410377175e-08
"TRIB1",9999,472,8.8487224097948e-08
"SHMT2",9999,473,8.81962227331559e-08
"PLEC",9999,474,8.81158813275685e-08
"TMEM45B",9999,475,8.80654545702131e-08
"FHL2",9999,476,8.77614822848647e-08
"MRPL16",9999,477,8.6889777652525e-08
"IQGAP2",9999,478,8.68743060412364e-08
"CD74",9999,479,8.67437452719874e-08
"CDK1",9999,480,8.6596890102206e-08
"DNPH1",9999,481,8.62730922665692e-08
"SDC4",9999,482,8.62381682890332e-08
"TMBIM1",9999,483,8.59231798711096e-08
"TRA2B",9999,484,8.57291706243632e-08
"NAP1L4",9999,485,8.56678873756387e-08
"ZBTB38",9999,486,8.55307745457395e-08
"NSA2",9999,487,8.55285752742077e-08
"BTG1",9999,488,8.53906904096892e-08
"TOMM22",9999,489,8.52830799943723e-08
"KLHDC3",9999,490,8.49547192154363e-08
"EIF3I",9999,491,8.49199003080426e-08
"SNRPF",9999,492,8.41438018369981e-08
"KPNB1",9999,493,8.38565673771166e-08
"HIST1H1C",9999,494,8.34443922735262e-08
"CUEDC2",9999,495,8.3411950083802e-08
"SF3B5",9999,496,8.32651258938896e-08
"CDC42EP1",9999,497,8.29562080121462e-08
"CAMK2N1",9999,498,8.24186909367637e-08
"BCAS1",9999,499,8.23217705589383e-08
"KHDRBS1",9999,500,8.19945460222835e-08
"LYRM4",9999,501,8.19414148407341e-08
"SLC6A14",9999,502,8.17382678085919e-08
"MRPS15",9999,503,8.17108526529435e-08
"NOL7",9999,504,8.16530014896394e-08
"SPINK5",9999,505,8.14768387595564e-08
"AKR7A3",9999,506,8.14579197138036e-08
"ZNF593",9999,507,8.13340171831928e-08
"HLA-DPB1",9999,508,8.1155303790391e-08
"DDX5",9999,509,8.0862446537489e-08
"AMD1",9999,510,8.02373298332003e-08
"IGLC7",9999,511,8.01268088522009e-08
"YBX3",9999,512,8.00518664837008e-08
"RBBP4",9999,513,8.00113318538336e-08
"TJP3",9999,514,7.9875339039717e-08
"ZKSCAN1",9999,515,7.96272173986743e-08
"AMN",9999,516,7.94355336712978e-08
"POLR2G",9999,517,7.94014700910154e-08
"PRRC2A",9999,518,7.91441045650809e-08
"DNAJC4",9999,519,7.901138963837e-08
"DDX17",9999,520,7.89981300180305e-08
"KCNN4",9999,521,7.88716885556572e-08
"GOLGB1",9999,522,7.87976736751489e-08
"TOMM7",9999,523,7.87585908141733e-08
"PPP1R1B",9999,524,7.82163560009267e-08
"SNHG15",9999,525,7.80913499223825e-08
"VAMP8",9999,526,7.79128146546435e-08
"ADTRP",9999,527,7.77336373474874e-08
"PLIN3",9999,528,7.77123586107033e-08
"BCL10",9999,529,7.75418094126786e-08
"HNRNPR",9999,530,7.72785387366504e-08
"PRPF19",9999,531,7.71818343122719e-08
"LYZ",9999,532,7.7032490095494e-08
"SUMO2",9999,533,7.66467966503698e-08
"ODC1",9999,534,7.65939455758393e-08
"CCT5",9999,535,7.65148029401104e-08
"WIPI2",9999,536,7.62427864205861e-08
"HNRNPA3",9999,537,7.61717895047362e-08
"TFDP1",9999,538,7.6079497425737e-08
"CEBPZ",9999,539,7.57517171182874e-08
"CHD4",9999,540,7.57060073401182e-08
"RUVBL1",9999,541,7.55500402495942e-08
"PRDX2",9999,542,7.53099960367522e-08
"APRT",9999,543,7.51050887716813e-08
"MDM4",9999,544,7.49478039768554e-08
"MVP",9999,545,7.49473418557755e-08
"HLA-DQB1",9999,546,7.48364108485493e-08
"SSFA2",9999,547,7.46714800073375e-08
"CES2",9999,548,7.46386840201833e-08
"H1FX",9999,549,7.44776236235585e-08
"BPTF",9999,550,7.39638999527969e-08
"ATF4",9999,551,7.39003690968653e-08
"IPO7",9999,552,7.38227874042163e-08
"MRPL3",9999,553,7.37008746001043e-08
"MCL1",9999,554,7.35660862595669e-08
"DNAJB1",9999,555,7.35260395294449e-08
"AGR2",9999,556,7.34480511310705e-08
"SLC39A8",9999,557,7.34227900175569e-08
"HSPBP1",9999,558,7.34125160483536e-08
"PARM1",9999,559,7.33512357009378e-08
"YDJC",9999,560,7.32758908233439e-08
"DCXR",9999,561,7.30998635364234e-08
"METAP2",9999,562,7.3010538569602e-08
"NT5C3A",9999,563,7.27016204149637e-08
"IMP4",9999,564,7.25873236584214e-08
"AKR1C3",9999,565,7.25461139392942e-08
"HNRNPC",9999,566,7.23157032659869e-08
"KHSRP",9999,567,7.22377705684228e-08
"RCN2",9999,568,7.19422472623906e-08
"HNRNPU",9999,569,7.18137412855615e-08
"WAC",9999,570,7.17507758130534e-08
"MATR3",9999,571,7.1664235705942e-08
"NKTR",9999,572,7.13494406345875e-08
"PNISR",9999,573,7.12965606710242e-08
"EIF1AX",9999,574,7.10722372415107e-08
"RNPS1",9999,575,7.10454392687516e-08
"ASL",9999,576,7.10391032069257e-08
"KRTCAP3",9999,577,7.10080686830065e-08
"MRPL55",9999,578,7.08490851368643e-08
"LYPD8",9999,579,7.06860110242517e-08
"RAD21",9999,580,7.02479155829143e-08
"NOS2",9999,581,7.01963665211858e-08
"SVIP",9999,582,6.92162297641128e-08
"H3F3A",9999,583,6.91302667620046e-08
"TRIM2",9999,584,6.90573520824367e-08
"SF1",9999,585,6.89884347105904e-08
"EBP",9999,586,6.89409626692713e-08
"WDR18",9999,587,6.89207420437814e-08
"EIF4A2",9999,588,6.86027724859148e-08
"MAP3K13",9999,589,6.84397331962843e-08
"ACTB",9999,590,6.8159301840718e-08
"SRSF3",9999,591,6.81578161248022e-08
"GADD45A",9999,592,6.8151217324274e-08
"PABPC4",9999,593,6.79505307980459e-08
"HNRNPUL1",9999,594,6.76046675217341e-08
"BTG3",9999,595,6.75199988687524e-08
"SNRNP70",9999,596,6.75192347168571e-08
"TGIF1",9999,597,6.72466803390976e-08
"SUMF2",9999,598,6.69211173765613e-08
"PGP",9999,599,6.68857934030846e-08
"PRR13",9999,600,6.68847532041753e-08
"BIRC5",9999,601,6.68571772870189e-08
"HLA-DRA",9999,602,6.67736625737979e-08
"ST13",9999,603,6.65926258866537e-08
"MLEC",9999,604,6.65464096252556e-08
"POLR2E",9999,605,6.65106902197204e-08
"IDH2",9999,606,6.62759553259967e-08
"TSPAN3",9999,607,6.6211145611045e-08
"TST",9999,608,6.61223104845321e-08
"GLRX",9999,609,6.60106138245061e-08
"CHCHD2",9999,610,6.6006857458341e-08
"TPGS2",9999,611,6.59063361005901e-08
"CTBP2",9999,612,6.57639964106487e-08
"CALM2",9999,613,6.56258158347691e-08
"IFNGR1",9999,614,6.49545353799132e-08
"C15orf48",9999,615,6.493341120546e-08
"NAA10",9999,616,6.49133880765023e-08
"DSC2",9999,617,6.4880590363481e-08
"SHD",9999,618,6.48353586256897e-08
"LDLR",9999,619,6.48168541571365e-08
"CCL28",9999,620,6.46248609768231e-08
"MYB",9999,621,6.45491305113954e-08
"ENO1",9999,622,6.4513282813407e-08
"MYL12A",9999,623,6.44378832767908e-08
"SRPRB",9999,624,6.40830161785423e-08
"ST6GALNAC6",9999,625,6.36806817779162e-08
"ORMDL2",9999,626,6.35961011818996e-08
"QTRT1",9999,627,6.3411431366106e-08
"PPP2R5E",9999,628,6.32815456697299e-08
"DSP",9999,629,6.28521678971293e-08
"DDX18",9999,630,6.26733205464093e-08
"ZFAND5",9999,631,6.25513630543664e-08
"ACTL6A",9999,632,6.248833330039e-08
"H2AFV",9999,633,6.23877903226713e-08
"EXOSC4",9999,634,6.21773025545206e-08
"MZT2A",9999,635,6.2159340025937e-08
"ABCC3",9999,636,6.1980718767632e-08
"SAE1",9999,637,6.19298403668826e-08
"INSR",9999,638,6.19068559624888e-08
"SLC26A2",9999,639,6.17193069714634e-08
"ZCRB1",9999,640,6.16831653138106e-08
"NDUFAF3",9999,641,6.16535666329012e-08
"GPATCH4",9999,642,6.16273881559352e-08
"HSD17B8",9999,643,6.15906833938398e-08
"PDAP1",9999,644,6.14959064410331e-08
"SNRPA1",9999,645,6.14604730510755e-08
"RNASEH2C",9999,646,6.10469470843289e-08
"HPRT1",9999,647,6.06685180129756e-08
"IMPA2",9999,648,6.05407036559263e-08
"CASP7",9999,649,6.05285194953989e-08
"LSM7",9999,650,6.04748050242184e-08
"SH3BGRL3",9999,651,6.01911731218132e-08
"CCT8",9999,652,6.01845543916574e-08
"RIOK3",9999,653,6.00958978189824e-08
"CYC1",9999,654,6.00746044379818e-08
"RPAIN",9999,655,6.00638311669921e-08
"CD81",9999,656,6.00213634457944e-08
"EIF3H",9999,657,5.99267408491279e-08
"EIF3B",9999,658,5.95463673836293e-08
"GLUL",9999,659,5.94563740294985e-08
"TCEA1",9999,660,5.92418947233308e-08
"CDKN3",9999,661,5.92212007616316e-08
"UQCC2",9999,662,5.90999692634141e-08
"PPIC",9999,663,5.90443500494663e-08
"FRYL",9999,664,5.90160107432178e-08
"NDUFAF2",9999,665,5.89672397886701e-08
"CCDC58",9999,666,5.88526520120877e-08
"ATP2C2",9999,667,5.88474345170393e-08
"BRD7",9999,668,5.8824109828913e-08
"C10orf99",9999,669,5.85309796088928e-08
"GSTP1",9999,670,5.83358092813891e-08
"WSB1",9999,671,5.83035149880464e-08
"PRSS8",9999,672,5.80276086161743e-08
"MRPS7",9999,673,5.78559812329751e-08
"YY1",9999,674,5.77754188740121e-08
"CHCHD10",9999,675,5.76801105294239e-08
"MYH14",9999,676,5.76014264332009e-08
"ERBB3",9999,677,5.75053210139902e-08
"BRD2",9999,678,5.74989320676212e-08
"DDX39A",9999,679,5.73030819317067e-08
"IL1R2",9999,680,5.70745555778395e-08
"PPIB",9999,681,5.70011018622792e-08
"NDUFS8",9999,682,5.69368143768718e-08
"G3BP1",9999,683,5.68064470670324e-08
"CCDC124",9999,684,5.67840145351175e-08
"RSL24D1",9999,685,5.6601161050767e-08
"SH3YL1",9999,686,5.65520854384393e-08
"SMG1",9999,687,5.64902009876867e-08
"SSBP1",9999,688,5.64195905475165e-08
"SRI",9999,689,5.63815157635308e-08
"TAPBP",9999,690,5.63089564981251e-08
"DAAM1",9999,691,5.62168799666898e-08
"SURF2",9999,692,5.61584458753653e-08
"H2AFX",9999,693,5.61158688469962e-08
"NDUFAB1",9999,694,5.59865771424408e-08
"ADSL",9999,695,5.55568405480191e-08
"KMT2E",9999,696,5.55275288460267e-08
"MRPS25",9999,697,5.54881413956775e-08
"PSMG3",9999,698,5.54279300327938e-08
"CIRBP",9999,699,5.51472309761113e-08
"THRAP3",9999,700,5.49790133199226e-08
"SMARCA4",9999,701,5.48301770287239e-08
"AHSA1",9999,702,5.4797309414246e-08
"NXT1",9999,703,5.45275026906177e-08
"AIMP2",9999,704,5.43828555157101e-08
"POP5",9999,705,5.4092579840923e-08
"PAQR8",9999,706,5.40709282390717e-08
"BTF3",9999,707,5.39386528727033e-08
"TMSB4X",9999,708,5.35929770707818e-08
"EIF3M",9999,709,5.355803829361e-08
"VEGFA",9999,710,5.3210135802063e-08
"DNAJB6",9999,711,5.30394056590671e-08
"KLF6",9999,712,5.29007188096248e-08
"KRT18",9999,713,5.27661618544226e-08
"ANXA1",9999,714,5.25987142197333e-08
"CKB",9999,715,5.2266850368151e-08
"TMEM63A",9999,716,5.21256423610219e-08
"LAGE3",9999,717,5.21222069600338e-08
"S100A10",9999,718,5.17780008018425e-08
"AHNAK",9999,719,5.17342584187244e-08
"UBE2S",9999,720,5.15782646383528e-08
"SNRPC",9999,721,5.15369761554164e-08
"TUFM",9999,722,5.13819464128558e-08
"ANP32E",9999,723,5.13773619474855e-08
"RPA3",9999,724,5.12850624011072e-08
"BCLAF1",9999,725,5.09951889588334e-08
"COMT",9999,726,5.06475475373161e-08
"HSPA9",9999,727,5.06301439247339e-08
"RALB",9999,728,5.06235541987331e-08
"UPF3A",9999,729,5.05112092021767e-08
"CAPRIN1",9999,730,5.04890141013043e-08
"UBA2",9999,731,5.03894057452625e-08
"HLA-DMB",9999,732,5.03252557249293e-08
"RARRES3",9999,733,5.02294169162359e-08
"FAU",9999,734,5.02056237800586e-08
"COMMD6",9999,735,5.01991104454792e-08
"TIMM50",9999,736,5.01413244327492e-08
"CRLS1",9999,737,4.98395962432817e-08
"THOC6",9999,738,4.97374143328778e-08
"GALE",9999,739,4.95293064209756e-08
"XRCC6",9999,740,4.94179835069168e-08
"BRD4",9999,741,4.92934849887381e-08
"GIPC1",9999,742,4.924732185688e-08
"TTC3",9999,743,4.91322867901685e-08
"U2SURP",9999,744,4.90364280379247e-08
"HSPH1",9999,745,4.90322433379704e-08
"TSFM",9999,746,4.90199182837239e-08
"LSM5",9999,747,4.88980019272823e-08
"PPP2CB",9999,748,4.87736175485204e-08
"COPS6",9999,749,4.86474036138223e-08
"MAPK3",9999,750,4.86060176943918e-08
"TAX1BP3",9999,751,4.85293165245403e-08
"NFIB",9999,752,4.83530862342314e-08
"NAMPT",9999,753,4.82632724529025e-08
"CBX3",9999,754,4.82617022428642e-08
"FARSB",9999,755,4.81792348388165e-08
"LPCAT4",9999,756,4.80844056808265e-08
"SRCAP",9999,757,4.79049456074933e-08
"PRPF38B",9999,758,4.79046479496964e-08
"NTHL1",9999,759,4.78283806874703e-08
"TMEM87A",9999,760,4.77954480846559e-08
"CISD3",9999,761,4.77632876001217e-08
"CXCL16",9999,762,4.77175893480867e-08
"CNBP",9999,763,4.75874594766586e-08
"BSPRY",9999,764,4.74700643980051e-08
"ACVRL1",9999,765,4.74014132018714e-08
"MACROD1",9999,766,4.73986198659949e-08
"QARS",9999,767,4.73942878896067e-08
"B3GNT3",9999,768,4.73359058466405e-08
"CHPT1",9999,769,4.73357833407595e-08
"CKS2",9999,770,4.73336000116528e-08
"SPINK1",9999,771,4.73044972506476e-08
"TCF7L2",9999,772,4.7101615908644e-08
"ASRGL1",9999,773,4.68627613881189e-08
"STAT3",9999,774,4.68384685449028e-08
"PHF5A",9999,775,4.68201947186984e-08
"SMC3",9999,776,4.68060361087397e-08
"CAP1",9999,777,4.67646271947949e-08
"IARS",9999,778,4.66595024023949e-08
"FAM213A",9999,779,4.66203618798337e-08
"CD46",9999,780,4.64964841689245e-08
"AURKAIP1",9999,781,4.6406808693673e-08
"CELF1",9999,782,4.61720913316941e-08
"SRSF6",9999,783,4.60930685048705e-08
"HNRNPF",9999,784,4.60325772566557e-08
"MANF",9999,785,4.6008695985012e-08
"N4BP2L2",9999,786,4.60035628921248e-08
"WDR74",9999,787,4.60023168360711e-08
"TM4SF1",9999,788,4.59808073450902e-08
"SFN",9999,789,4.59500229714087e-08
"YWHAQ",9999,790,4.59263283206658e-08
"FAM3D",9999,791,4.58834053635864e-08
"RBM39",9999,792,4.5748260926807e-08
"EIF2AK1",9999,793,4.56975396591521e-08
"USP53",9999,794,4.56641345991653e-08
"HDAC2",9999,795,4.56331754414038e-08
"DYNC1H1",9999,796,4.5618988981127e-08
"CNOT7",9999,797,4.55735658158772e-08
"IMP3",9999,798,4.55213805039965e-08
"MRPL36",9999,799,4.54427219731686e-08
"SNRPA",9999,800,4.52196663141672e-08
"GDF15",9999,801,4.51557162831731e-08
"ADAR",9999,802,4.512358465642e-08
"HIST1H4C",9999,803,4.50975507878767e-08
"ACADM",9999,804,4.49798447097145e-08
"SCAF11",9999,805,4.49480648905878e-08
"PTBP3",9999,806,4.49364414105197e-08
"CSDE1",9999,807,4.4770125045682e-08
"ANKRD10",9999,808,4.46481978873014e-08
"FARSA",9999,809,4.45144716142086e-08
"IFRD1",9999,810,4.44415690309198e-08
"LMNB2",9999,811,4.42342106872952e-08
"IRF1",9999,812,4.41032867963767e-08
"KTN1",9999,813,4.40947908199914e-08
"ARPC1B",9999,814,4.40808168937574e-08
"SON",9999,815,4.40510694891647e-08
"XRN2",9999,816,4.39396179261971e-08
"MAL2",9999,817,4.38411198960194e-08
"CFLAR",9999,818,4.3570542332639e-08
"TP53I3",9999,819,4.35697755626678e-08
"ACAA2",9999,820,4.35456700257729e-08
"MRPL20",9999,821,4.34612056213119e-08
"COA4",9999,822,4.34428759885318e-08
"UBE2G2",9999,823,4.34413039985805e-08
"PRR15L",9999,824,4.34027865659417e-08
"ZC3H12A",9999,825,4.33992776916137e-08
"CBR1",9999,826,4.33010102164444e-08
"TPRKB",9999,827,4.32357091028213e-08
"YTHDC1",9999,828,4.32197380418351e-08
"PFDN2",9999,829,4.31811794091067e-08
"DHX15",9999,830,4.29318288706575e-08
"PSMA7",9999,831,4.27459691548335e-08
"ERH",9999,832,4.26949407723608e-08
"PPIH",9999,833,4.24449396787363e-08
"GRPEL1",9999,834,4.23803894254283e-08
"ASH1L",9999,835,4.22924623985784e-08
"TNFRSF11A",9999,836,4.2276054575303e-08
"LRP10",9999,837,4.21314732941543e-08
"GAS6",9999,838,4.21302468684364e-08
"MAGOHB",9999,839,4.20661794063909e-08
"ACO1",9999,840,4.1991112471919e-08
"TBL1XR1",9999,841,4.18674262933274e-08
"ESF1",9999,842,4.1844438423433e-08
"VKORC1",9999,843,4.18064997131098e-08
"MTHFD2",9999,844,4.17794496855764e-08
"SCNN1A",9999,845,4.17743940726832e-08
"BAIAP2L1",9999,846,4.16663598191159e-08
"MRPL23",9999,847,4.15729469098386e-08
"SDR16C5",9999,848,4.13934182185153e-08
"NUFIP2",9999,849,4.12994312386313e-08
"CSTB",9999,850,4.11896027784115e-08
"NEO1",9999,851,4.10623054989327e-08
"SSSCA1",9999,852,4.0654674836031e-08
"ARL4A",9999,853,4.05492514297462e-08
"YARS",9999,854,4.03923267919409e-08
"C7orf50",9999,855,4.03625570029054e-08
"COPS3",9999,856,4.03360541610434e-08
"CA12",9999,857,4.02303212110459e-08
"EIF3G",9999,858,4.01949364082076e-08
"PSMG4",9999,859,4.01651720575132e-08
"PRPF4B",9999,860,4.01553612843849e-08
"GOLGA4",9999,861,4.01444220230783e-08
"OLA1",9999,862,4.01362409851569e-08
"MARCH6",9999,863,4.00153218479729e-08
"SLC5A1",9999,864,4.00048417323214e-08
"CDC37",9999,865,3.992128749522e-08
"ALG3",9999,866,3.99167574770942e-08
"HSD11B2",9999,867,3.99083127041386e-08
"CAPN5",9999,868,3.98829307689607e-08
"TRABD2A",9999,869,3.9792677887899e-08
"TMEM230",9999,870,3.97676355209723e-08
"CTSH",9999,871,3.97376051024756e-08
"GNG12",9999,872,3.96188980586771e-08
"DDX46",9999,873,3.95733529183516e-08
"POP7",9999,874,3.95567539853798e-08
"SARS",9999,875,3.94976204150866e-08
"RAD23A",9999,876,3.94499361622931e-08
"MAP1LC3A",9999,877,3.93900349446054e-08
"CISD1",9999,878,3.92863164641435e-08
"PFDN6",9999,879,3.92495676689829e-08
"RARRES2",9999,880,3.91044261358903e-08
"MYL6",9999,881,3.89071073446499e-08
"TKT",9999,882,3.88621117571096e-08
"PPP1R12A",9999,883,3.88559383752611e-08
"EIF3K",9999,884,3.87176253294457e-08
"CLRN3",9999,885,3.84989553395305e-08
"ISG15",9999,886,3.84981095181479e-08
"HSPB1",9999,887,3.8469081223268e-08
"GCHFR",9999,888,3.84603491165137e-08
"CNOT2",9999,889,3.82459550744681e-08
"ERRFI1",9999,890,3.82183873689952e-08
"APP",9999,891,3.81821824239081e-08
"RAB11A",9999,892,3.80459730535577e-08
"ARSD",9999,893,3.79597065343974e-08
"TRAPPC6A",9999,894,3.79280397669209e-08
"SPPL2A",9999,895,3.77935096030476e-08
"NFKBIZ",9999,896,3.774306825265e-08
"CD63",9999,897,3.76594354075621e-08
"NABP2",9999,898,3.75733092224649e-08
"FUT2",9999,899,3.74929869826169e-08
"SNRNP40",9999,900,3.74682007456428e-08
"NBEAL1",9999,901,3.74262861071145e-08
"CLIC1",9999,902,3.73086384032629e-08
"EPCAM",9999,903,3.72544394618063e-08
"ITGA6",9999,904,3.72355186810431e-08
"ATP1B3",9999,905,3.72187906205864e-08
"GUCA2A",9999,906,3.71677019246448e-08
"FASN",9999,907,3.7029165102791e-08
"B3GALT5",9999,908,3.70220576680338e-08
"RBBP7",9999,909,3.69003130724482e-08
"NTRK2",9999,910,3.68831646995099e-08
"CHP2",9999,911,3.68695580884489e-08
"ARL3",9999,912,3.68352428624267e-08
"MYO6",9999,913,3.68310647432504e-08
"RTF1",9999,914,3.67970274975723e-08
"TMEM106C",9999,915,3.66135654616995e-08
"NUDT5",9999,916,3.66028519744476e-08
"EHF",9999,917,3.65833693176755e-08
"NOC2L",9999,918,3.65176889529038e-08
"CTSS",9999,919,3.6490170987856e-08
"GLO1",9999,920,3.64555548422016e-08
"TAP1",9999,921,3.64310366982792e-08
"TUBB4B",9999,922,3.62984715533279e-08
"BCL2L15",9999,923,3.62744346314087e-08
"LUC7L3",9999,924,3.60748911138411e-08
"TXNL4A",9999,925,3.60577974302632e-08
"EFNA1",9999,926,3.60518932292085e-08
"IDH3B",9999,927,3.58193562492626e-08
"CHMP1B",9999,928,3.56885416838516e-08
"CCDC107",9999,929,3.5645890744829e-08
"HNRNPL",9999,930,3.55042287626995e-08
"OFD1",9999,931,3.54329152163415e-08
"ECI1",9999,932,3.54327730192401e-08
"CHMP5",9999,933,3.54308905009359e-08
"TNFRSF1A",9999,934,3.53603882036548e-08
"CTNNB1",9999,935,3.52574957866121e-08
"NDUFB11",9999,936,3.52453569824168e-08
"WTAP",9999,937,3.52121320868595e-08
"GOLIM4",9999,938,3.49976609181484e-08
"PPP1R2",9999,939,3.47953471784718e-08
"MMAB",9999,940,3.47625151604809e-08
"LSM3",9999,941,3.44833911678129e-08
"UBE2R2",9999,942,3.44041197172771e-08
"USP22",9999,943,3.44020284036228e-08
"GPR160",9999,944,3.43921042400963e-08
"FAM120A",9999,945,3.42596145782886e-08
"RBM17",9999,946,3.40661022379297e-08
"EIF2S1",9999,947,3.40615694281259e-08
"TMED9",9999,948,3.39587020201862e-08
"TOP2B",9999,949,3.38972168580515e-08
"JTB",9999,950,3.38366416484957e-08
"CTSD",9999,951,3.3810408548549e-08
"RNF213",9999,952,3.37407488088224e-08
"SLC9A3R1",9999,953,3.37347754964153e-08
"DTD1",9999,954,3.37214680185265e-08
"UBA52",9999,955,3.3685232887724e-08
"LBR",9999,956,3.36581686816524e-08
"LARS",9999,957,3.36154825204152e-08
"BCAP29",9999,958,3.35503666152882e-08
"MRPS28",9999,959,3.34449460252947e-08
"NUBP2",9999,960,3.34140740298717e-08
"SOD2",9999,961,3.30062380946994e-08
"ITGB4",9999,962,3.27579274586089e-08
"IFI6",9999,963,3.26873460926322e-08
"RETNLB",9999,964,3.25845632703569e-08
"MRPL51",9999,965,3.25822333726393e-08
"PTP4A2",9999,966,3.25805549254911e-08
"QSOX1",9999,967,3.25335485790549e-08
"PSMB5",9999,968,3.2522733655458e-08
"PRKRA",9999,969,3.24792063960605e-08
"MRPL9",9999,970,3.23957978310881e-08
"MKNK2",9999,971,3.239125717312e-08
"CXCL1",9999,972,3.23319391781756e-08
"TAF9",9999,973,3.21588410085388e-08
"TPI1",9999,974,3.20991733604054e-08
"GANAB",9999,975,3.20432362642368e-08
"F11R",9999,976,3.20120460760694e-08
"PTP4A1",9999,977,3.19996692860129e-08
"CTSB",9999,978,3.19842109960207e-08
"ARHGAP5",9999,979,3.19765548726556e-08
"EPB41L4B",9999,980,3.19580110311823e-08
"SYNCRIP",9999,981,3.19376566180378e-08
"SLC1A5",9999,982,3.18830582239169e-08
"SRSF5",9999,983,3.1873952061163e-08
"CDX1",9999,984,3.18349780558907e-08
"SH3KBP1",9999,985,3.18282115662607e-08
"GSDMB",9999,986,3.18124621783484e-08
"SETD5",9999,987,3.17715025526446e-08
"DNAJC19",9999,988,3.17515531568545e-08
"PIN1",9999,989,3.16958341482252e-08
"COTL1",9999,990,3.16764558579595e-08
"VOPP1",9999,991,3.16542897914149e-08
"MUC1",9999,992,3.16230492835881e-08
"ZG16B",9999,993,3.16101330605587e-08
"HLA-DRB1",9999,994,3.15762126959753e-08
"CDC123",9999,995,3.15609181365947e-08
"PTGES2",9999,996,3.15274682962208e-08
"RANBP2",9999,997,3.14752045038429e-08
"CHMP2A",9999,998,3.13959052742329e-08
"FBLIM1",9999,999,3.12659202046486e-08
"HNRNPH1",9999,1000,3.11589597143637e-08
"HEPH",9999,1001,3.11343216534034e-08
"STEAP1",9999,1002,3.10520566758477e-08
"MRPL27",9999,1003,3.09821957713404e-08
"COPRS",9999,1004,3.09480679503722e-08
"LRPPRC",9999,1005,3.09180209237263e-08
"XRCC5",9999,1006,3.08343355609258e-08
"JAK1",9999,1007,3.07239519222135e-08
"CARD16",9999,1008,3.06449317270993e-08
"UBE2I",9999,1009,3.05827895437901e-08
"SSR2",9999,1010,3.05782850902527e-08
"NDUFAF4",9999,1011,3.05495599056185e-08
"MRPS16",9999,1012,3.03421952578498e-08
"PSMB6",9999,1013,3.03306340326449e-08
"MRPS23",9999,1014,3.03225581637013e-08
"CXCL3",9999,1015,3.03089792261509e-08
"PRPF40A",9999,1016,3.01799861917906e-08
"LSM6",9999,1017,3.0064835805269e-08
"HSD17B10",9999,1018,3.00567803677792e-08
"SPCS1",9999,1019,3.00320701060984e-08
"IGFBP4",9999,1020,3.00157032783878e-08
"CHD9",9999,1021,2.99975473159641e-08
"STARD7",9999,1022,2.99689961554434e-08
"SPATS2L",9999,1023,2.98964146917456e-08
"AKAP13",9999,1024,2.98306258781837e-08
"PSMA3",9999,1025,2.96667361580955e-08
"ISOC2",9999,1026,2.96497532947211e-08
"MRPL14",9999,1027,2.96277607904096e-08
"C1orf35",9999,1028,2.94980387099181e-08
"DNAJA1",9999,1029,2.9398190642156e-08
"PSMB3",9999,1030,2.93594214543153e-08
"CAMLG",9999,1031,2.93249273819169e-08
"HOXB9",9999,1032,2.93129738916679e-08
"TAF15",9999,1033,2.92208426182209e-08
"ACAT2",9999,1034,2.92011762343887e-08
"PPIA",9999,1035,2.91853328699582e-08
"SH3BGRL",9999,1036,2.91628476186251e-08
"AK3",9999,1037,2.9133424862055e-08
"HLA-E",9999,1038,2.91182532604289e-08
"LAMB3",9999,1039,2.90232244882786e-08
"DPP7",9999,1040,2.89667815045662e-08
"NBL1",9999,1041,2.88842153004326e-08
"OSTC",9999,1042,2.88479066965825e-08
"NET1",9999,1043,2.87394723566627e-08
"MECOM",9999,1044,2.86921238784739e-08
"TPMT",9999,1045,2.86195454927276e-08
"FAM207A",9999,1046,2.85863398387222e-08
"TMEM176A",9999,1047,2.85167723516427e-08
"PSMD8",9999,1048,2.84829414863037e-08
"AGR3",9999,1049,2.84452883659859e-08
"SLC35C1",9999,1050,2.84104392659447e-08
"CFDP1",9999,1051,2.82588918304254e-08
"MAP2K6",9999,1052,2.81882507490336e-08
"OSTF1",9999,1053,2.81201224655075e-08
"PPP1R10",9999,1054,2.80632041713439e-08
"POLR2I",9999,1055,2.80568577189615e-08
"ALDOA",9999,1056,2.80202579258771e-08
"CNOT1",9999,1057,2.79912784760345e-08
"GGA1",9999,1058,2.79847820288403e-08
"SMARCA5",9999,1059,2.79419726872084e-08
"ABHD3",9999,1060,2.78391205804194e-08
"FTH1",9999,1061,2.77044083785423e-08
"PAPSS2",9999,1062,2.76747343359239e-08
"SUDS3",9999,1063,2.76677614711029e-08
"MT1E",9999,1064,2.76558871576232e-08
"DUS1L",9999,1065,2.76166898131035e-08
"EFHD2",9999,1066,2.75780525597688e-08
"SERINC2",9999,1067,2.75677130687478e-08
"SMIM22",9999,1068,2.75335413599563e-08
"KIF22",9999,1069,2.74926135667072e-08
"ZFP36",9999,1070,2.74789549501053e-08
"CTSE",9999,1071,2.74780296246397e-08
"GOLM1",9999,1072,2.74017838158686e-08
"TMEM176B",9999,1073,2.73757449800967e-08
"KLF3",9999,1074,2.73702480761985e-08
"TRMT10C",9999,1075,2.72870895649052e-08
"GPI",9999,1076,2.72181960255794e-08
"EIF4G2",9999,1077,2.72118182420767e-08
"RNASE1",9999,1078,2.71843062653202e-08
"TTC19",9999,1079,2.71377830583117e-08
"ARGLU1",9999,1080,2.70834551770059e-08
"C6orf62",9999,1081,2.70524077665222e-08
"DDX3X",9999,1082,2.70205551426021e-08
"ITM2C",9999,1083,2.70138158994326e-08
"TMEM205",9999,1084,2.69601704490508e-08
"HNRNPAB",9999,1085,2.69171937639603e-08
"HMGB3",9999,1086,2.68136442194865e-08
"GARS",9999,1087,2.6606119388271e-08
"PFDN4",9999,1088,2.66020415739637e-08
"GRINA",9999,1089,2.65913134355988e-08
"PLEKHJ1",9999,1090,2.65860851589593e-08
"LTA4H",9999,1091,2.65661800460602e-08
"TAGLN2",9999,1092,2.65561453271331e-08
"LIMA1",9999,1093,2.64629714165385e-08
"AKAP9",9999,1094,2.64577688277737e-08
"HBEGF",9999,1095,2.64408207714897e-08
"SLC25A10",9999,1096,2.64256330412835e-08
"RRAS",9999,1097,2.64191869306756e-08
"MAGOH",9999,1098,2.64165815424938e-08
"MRPL19",9999,1099,2.63312041671399e-08
"C19orf53",9999,1100,2.63307938255777e-08
"RFK",9999,1101,2.62084130496836e-08
"EI24",9999,1102,2.61375654507414e-08
"SECISBP2",9999,1103,2.61044807518334e-08
"SERPINB5",9999,1104,2.59988955807574e-08
"OXA1L",9999,1105,2.59566160191781e-08
"SLC39A4",9999,1106,2.59512449635365e-08
"DHRS4L2",9999,1107,2.59483479362828e-08
"CKMT1B",9999,1108,2.59255676967153e-08
"HLA-A",9999,1109,2.58352710881916e-08
"LCN2",9999,1110,2.57091697398683e-08
"ZG16",9999,1111,2.56104981182311e-08
"NUTF2",9999,1112,2.55627979356097e-08
"UBC",9999,1113,2.54666513277765e-08
"LRRC59",9999,1114,2.54306728823024e-08
"AP2S1",9999,1115,2.53470490354414e-08
"BLVRB",9999,1116,2.53390029372003e-08
"MRPL46",9999,1117,2.53187980257305e-08
"DHX9",9999,1118,2.5244277676621e-08
"XPO1",9999,1119,2.52201684525565e-08
"GOLPH3",9999,1120,2.51659461490405e-08
"C19orf24",9999,1121,2.50765610412835e-08
"GNA11",9999,1122,2.49569442966233e-08
"YWHAG",9999,1123,2.48899785096178e-08
"CAST",9999,1124,2.48581678577872e-08
"TRAPPC2L",9999,1125,2.47738454300797e-08
"DOK4",9999,1126,2.47484768837403e-08
"ESD",9999,1127,2.47219794664931e-08
"PFN1",9999,1128,2.46883361796549e-08
"PTPRF",9999,1129,2.46736979329503e-08
"QDPR",9999,1130,2.45294698349928e-08
"RBM47",9999,1131,2.44927144053381e-08
"PABPN1",9999,1132,2.44618756677642e-08
"PKP3",9999,1133,2.44280028972924e-08
"IST1",9999,1134,2.44044124859182e-08
"FDPS",9999,1135,2.43113264710008e-08
"ANAPC5",9999,1136,2.42381942478993e-08
"KIF9",9999,1137,2.41492706214203e-08
"CXADR",9999,1138,2.41090550815566e-08
"PPP1R14B",9999,1139,2.40994066407079e-08
"STAT1",9999,1140,2.40525119740515e-08
"EMC6",9999,1141,2.40308476893574e-08
"MRPL54",9999,1142,2.39780899108982e-08
"ATP6V0D1",9999,1143,2.39775159769323e-08
"CASP1",9999,1144,2.39441090768519e-08
"NRARP",9999,1145,2.39031275139674e-08
"ACTR3",9999,1146,2.37257446008143e-08
"MRPL32",9999,1147,2.37104245839177e-08
"SSR3",9999,1148,2.3645859069497e-08
"STUB1",9999,1149,2.36038613869689e-08
"ALG5",9999,1150,2.35077982607789e-08
"TRIAP1",9999,1151,2.3362268645354e-08
"AHCYL1",9999,1152,2.334586660645e-08
"ZNF207",9999,1153,2.32883940321002e-08
"DHRS11",9999,1154,2.31938837156833e-08
"WDR61",9999,1155,2.3141603922784e-08
"CLDN4",9999,1156,2.31071080504923e-08
"SLC25A5",9999,1157,2.3062355522008e-08
"SEPT2",9999,1158,2.30122933328121e-08
"ITGB1BP1",9999,1159,2.29909913118077e-08
"GTPBP4",9999,1160,2.29842277421778e-08
"EHD4",9999,1161,2.29394047113444e-08
"ARL5A",9999,1162,2.28865144332197e-08
"PSMB7",9999,1163,2.28039622123177e-08
"HINT2",9999,1164,2.28038094529169e-08
"DCAF13",9999,1165,2.27541764252215e-08
"MSI2",9999,1166,2.27355604692303e-08
"ATP10B",9999,1167,2.26939934444059e-08
"GCC2",9999,1168,2.26292822550525e-08
"PPP2R5C",9999,1169,2.25728802930286e-08
"MYH9",9999,1170,2.25596285492727e-08
"POLR2F",9999,1171,2.2554018893868e-08
"ADD3",9999,1172,2.25445222510192e-08
"CNPY2",9999,1173,2.24859180150783e-08
"PAPOLA",9999,1174,2.24841821461834e-08
"MZT2B",9999,1175,2.24464893666365e-08
"WFDC2",9999,1176,2.24383977236496e-08
"MRPL13",9999,1177,2.24266215846282e-08
"CHP1",9999,1178,2.24126900587982e-08
"APOBR",9999,1179,2.24063448543101e-08
"MRPL40",9999,1180,2.24037565902761e-08
"IGHG4",9999,1181,2.23788282400157e-08
"NDUFS6",9999,1182,2.23519398535265e-08
"NEDD8",9999,1183,2.23241249177141e-08
"PLEK2",9999,1184,2.22123702495196e-08
"TMED3",9999,1185,2.2153793792998e-08
"AKAP1",9999,1186,2.20762371273712e-08
"OARD1",9999,1187,2.20573027367493e-08
"CRYL1",9999,1188,2.19955127719455e-08
"PLP2",9999,1189,2.19692247320374e-08
"CORO1B",9999,1190,2.19267020398507e-08
"LARP1",9999,1191,2.19155338858089e-08
"HECTD1",9999,1192,2.18981546214109e-08
"WDR45B",9999,1193,2.17871558917268e-08
"PTTG1IP",9999,1194,2.17566273171031e-08
"UBE2C",9999,1195,2.17174640846657e-08
"TINAGL1",9999,1196,2.1715663077066e-08
"ANXA3",9999,1197,2.16913115019685e-08
"SNX5",9999,1198,2.16719422897787e-08
"STAP2",9999,1199,2.1666472653774e-08
"KLF5",9999,1200,2.16372478542784e-08
"ARPP19",9999,1201,2.16044020061317e-08
"TAX1BP1",9999,1202,2.16017600168981e-08
"WASL",9999,1203,2.15430736069698e-08
"ECHS1",9999,1204,2.15408558860276e-08
"ANAPC11",9999,1205,2.14921276633367e-08
"PAWR",9999,1206,2.14812613887232e-08
"PAIP1",9999,1207,2.14795089591965e-08
"FAM162A",9999,1208,2.14771631954026e-08
"ADRM1",9999,1209,2.14567129052654e-08
"LMO4",9999,1210,2.1411629010092e-08
"NENF",9999,1211,2.13977265843785e-08
"ELOVL6",9999,1212,2.1326889379035e-08
"CHMP2B",9999,1213,2.1274803512202e-08
"NIT2",9999,1214,2.12680096820587e-08
"RBM8A",9999,1215,2.12492378348951e-08
"STK24",9999,1216,2.1190277878079e-08
"HLA-DMA",9999,1217,2.11862311352867e-08
"VPS35",9999,1218,2.10992726026202e-08
"RETSAT",9999,1219,2.10666872828083e-08
"IFI35",9999,1220,2.10408775828726e-08
"EIF2A",9999,1221,2.10188176445516e-08
"TMEM14B",9999,1222,2.10145673804288e-08
"CTNNA1",9999,1223,2.09207427996829e-08
"PSMB1",9999,1224,2.09137683834326e-08
"YIF1A",9999,1225,2.08426738354621e-08
"STXBP2",9999,1226,2.07553531950259e-08
"HDDC3",9999,1227,2.07304734466684e-08
"GRHPR",9999,1228,2.07256666138742e-08
"NBR1",9999,1229,2.07250929444569e-08
"SOD3",9999,1230,2.06934675988254e-08
"MAT2B",9999,1231,2.06640067459554e-08
"ARL2",9999,1232,2.06475604492686e-08
"UCHL3",9999,1233,2.06184961263371e-08
"HSD17B12",9999,1234,2.05939461314545e-08
"ENTPD5",9999,1235,2.05745004497032e-08
"FAM173A",9999,1236,2.05606208155948e-08
"AZIN1",9999,1237,2.05446040784712e-08
"RPF2",9999,1238,2.05056169392914e-08
"PDCD10",9999,1239,2.0460397641719e-08
"MEST",9999,1240,2.04095409315709e-08
"CEBPG",9999,1241,2.03135694587005e-08
"NPEPPS",9999,1242,2.02656614613307e-08
"CTSZ",9999,1243,2.0258219758094e-08
"PPA2",9999,1244,2.02433639368787e-08
"STIP1",9999,1245,2.02247010914247e-08
"CPSF6",9999,1246,2.02130548525354e-08
"NUDT21",9999,1247,2.02092632626768e-08
"SEC61B",9999,1248,2.01513660542839e-08
"VARS",9999,1249,2.01489834853116e-08
"EIF1B",9999,1250,2.01441125137629e-08
"PALLD",9999,1251,2.01318245826215e-08
"PSMC5",9999,1252,2.01252813132706e-08
"TES",9999,1253,2.00966079966371e-08
"HSPA1B",9999,1254,2.00946557681786e-08
"CCDC59",9999,1255,2.00837193681604e-08
"HAT1",9999,1256,2.00836197870941e-08
"SPTSSA",9999,1257,2.00231232888177e-08
"NCBP2-AS2",9999,1258,2.00022327755609e-08
"POLR2H",9999,1259,1.99911296748755e-08
"ARPC2",9999,1260,1.99836089808288e-08
"LGALS1",9999,1261,1.997999138818e-08
"TMC5",9999,1262,1.99202892551392e-08
"PES1",9999,1263,1.99127473649695e-08
"DPM1",9999,1264,1.99099517688407e-08
"CHMP4B",9999,1265,1.99060422192682e-08
"MRPL21",9999,1266,1.98795580323935e-08
"VDAC2",9999,1267,1.98631366302702e-08
"EIF2S2",9999,1268,1.97756535038691e-08
"RNH1",9999,1269,1.9758858976502e-08
"PPP1CC",9999,1270,1.9748980705832e-08
"TM7SF3",9999,1271,1.96729776705925e-08
"GNAS",9999,1272,1.96645824438665e-08
"C11orf58",9999,1273,1.96595082090584e-08
"CTDSP2",9999,1274,1.96482402279367e-08
"IFT57",9999,1275,1.96240143206958e-08
"CNPY3",9999,1276,1.96060753816225e-08
"APEH",9999,1277,1.95981976293283e-08
"C8orf59",9999,1278,1.95493920965545e-08
"EPRS",9999,1279,1.95493084376591e-08
"JUP",9999,1280,1.95408737134944e-08
"EIF5B",9999,1281,1.94949979135366e-08
"C19orf70",9999,1282,1.9433989149649e-08
"BIRC3",9999,1283,1.93226607244998e-08
"SH3GLB1",9999,1284,1.93147807660552e-08
"GSTO1",9999,1285,1.9299324442337e-08
"PSMA5",9999,1286,1.92895149762523e-08
"AUP1",9999,1287,1.92805325415128e-08
"NDUFB8",9999,1288,1.92694497168566e-08
"SLC35B1",9999,1289,1.91989754953124e-08
"MTX1",9999,1290,1.90515501789287e-08
"ELAVL1",9999,1291,1.89896524186657e-08
"SAT1",9999,1292,1.89287856640832e-08
"ACIN1",9999,1293,1.8889747475114e-08
"PPP2R2A",9999,1294,1.88561388926409e-08
"CDV3",9999,1295,1.88423967104419e-08
"CAPN2",9999,1296,1.88083460673171e-08
"SORL1",9999,1297,1.88062365680703e-08
"UBE2L6",9999,1298,1.87943288846396e-08
"NDRG1",9999,1299,1.87807398001689e-08
"TCP1",9999,1300,1.8718931766481e-08
"B2M",9999,1301,1.86128497769351e-08
"SH3D19",9999,1302,1.8581924686706e-08
"SLTM",9999,1303,1.85791770466211e-08
"IQGAP1",9999,1304,1.85015454227057e-08
"CLPP",9999,1305,1.8480087269832e-08
"USP16",9999,1306,1.8436847158509e-08
"KCNK1",9999,1307,1.84176174702138e-08
"SF3B1",9999,1308,1.84148510129186e-08
"SLC25A11",9999,1309,1.84124142876968e-08
"ITPA",9999,1310,1.84011102486657e-08
"JUNB",9999,1311,1.83824827391917e-08
"KPNA4",9999,1312,1.83575609945394e-08
"GPBP1L1",9999,1313,1.82583752666908e-08
"IGHG1",9999,1314,1.81707986771639e-08
"IER2",9999,1315,1.81521822867209e-08
"REG1A",9999,1316,1.81171106080959e-08
"SEC11C",9999,1317,1.81094793483581e-08
"BUB3",9999,1318,1.81026471545142e-08
"CMTM6",9999,1319,1.80971845795805e-08
"NTMT1",9999,1320,1.80635927780438e-08
"NUDCD2",9999,1321,1.80503043991097e-08
"SLC4A4",9999,1322,1.80070783272312e-08
"MAZ",9999,1323,1.79732759672063e-08
"MRPL22",9999,1324,1.79542410323447e-08
"FOSL2",9999,1325,1.79441001925709e-08
"JOSD2",9999,1326,1.78800414022627e-08
"DSG2",9999,1327,1.78774899681703e-08
"EML2",9999,1328,1.78090427154624e-08
"PTBP1",9999,1329,1.77829171626958e-08
"TIMM10",9999,1330,1.77587778103973e-08
"TMEM141",9999,1331,1.77519194914075e-08
"VAPA",9999,1332,1.76637707149203e-08
"PIM3",9999,1333,1.7655003146567e-08
"PTEN",9999,1334,1.76191737783895e-08
"CLCN3",9999,1335,1.76080294979172e-08
"DARS",9999,1336,1.76029232045273e-08
"ADIPOR1",9999,1337,1.75670178807432e-08
"ERGIC2",9999,1338,1.7494333466263e-08
"KRAS",9999,1339,1.74922764252455e-08
"NDUFC2",9999,1340,1.74710587295379e-08
"MMP7",9999,1341,1.74343729125599e-08
"NUCB2",9999,1342,1.74268586232048e-08
"DAG1",9999,1343,1.74031076608243e-08
"PDCD2",9999,1344,1.73914002923479e-08
"MRPL15",9999,1345,1.73912587137648e-08
"FAM129B",9999,1346,1.73695860675331e-08
"UQCRFS1",9999,1347,1.73440635746646e-08
"TMEM160",9999,1348,1.73380760944195e-08
"CLTA",9999,1349,1.7336916557797e-08
"SOCS3",9999,1350,1.7332593344608e-08
"ARHGEF35",9999,1351,1.73195438087077e-08
"JUND",9999,1352,1.73022853626588e-08
"ATP6V1D",9999,1353,1.73008253396042e-08
"LITAF",9999,1354,1.73000642472478e-08
"NDUFS7",9999,1355,1.72960628276714e-08
"TMEM171",9999,1356,1.72454912346838e-08
"MRPL1",9999,1357,1.72437140489962e-08
"SAA2",9999,1358,1.72417097136621e-08
"EMC4",9999,1359,1.72413479071986e-08
"DPM2",9999,1360,1.72257771122365e-08
"ERBB2",9999,1361,1.72167087559322e-08
"TXNIP",9999,1362,1.7166983324218e-08
"TCF25",9999,1363,1.71338494542594e-08
"CD164",9999,1364,1.7120832212576e-08
"NDUFV1",9999,1365,1.70966784791521e-08
"RAB18",9999,1366,1.70909783862088e-08
"TECR",9999,1367,1.70469674295039e-08
"LSM10",9999,1368,1.70020589270273e-08
"DCAF7",9999,1369,1.69956755412859e-08
"MRPL34",9999,1370,1.69796527676601e-08
"IGBP1",9999,1371,1.69749993724404e-08
"DHRS7",9999,1372,1.69604303405854e-08
"ANXA5",9999,1373,1.69476316756692e-08
"NAA38",9999,1374,1.68889778753744e-08
"PDXDC1",9999,1375,1.68497594186965e-08
"PHPT1",9999,1376,1.68369580141494e-08
"CFTR",9999,1377,1.68229425753539e-08
"ACSL5",9999,1378,1.68013537374037e-08
"CMAS",9999,1379,1.67883608107572e-08
"ERP29",9999,1380,1.67528043445594e-08
"PDIA6",9999,1381,1.67514011601622e-08
"PRDX6",9999,1382,1.67473000586793e-08
"PRR15",9999,1383,1.67455020338023e-08
"PSME2",9999,1384,1.67105408880937e-08
"RSF1",9999,1385,1.66973503448593e-08
"SPDEF",9999,1386,1.6681679036054e-08
"RALBP1",9999,1387,1.66738104158691e-08
"HDHD3",9999,1388,1.66668508189747e-08
"ANAPC15",9999,1389,1.66659108792682e-08
"JAG1",9999,1390,1.66426865142774e-08
"THOC3",9999,1391,1.66419573723531e-08
"RAB10",9999,1392,1.66383560566106e-08
"CMC1",9999,1393,1.6630172366744e-08
"RAC1",9999,1394,1.66209294437551e-08
"PTMS",9999,1395,1.65465209531595e-08
"DAZAP1",9999,1396,1.6512212499395e-08
"SCP2",9999,1397,1.64975809346577e-08
"KDELR1",9999,1398,1.64605012183678e-08
"TMBIM4",9999,1399,1.64063066005646e-08
"DHX36",9999,1400,1.63922432592331e-08
"CD47",9999,1401,1.63377939260764e-08
"CHCHD3",9999,1402,1.6280225585174e-08
"GLRX5",9999,1403,1.62586621704759e-08
"PFKP",9999,1404,1.62431746165982e-08
"CARHSP1",9999,1405,1.62369625270079e-08
"SSNA1",9999,1406,1.62225844799954e-08
"RSRC2",9999,1407,1.62107773505731e-08
"GNAQ",9999,1408,1.62058830247301e-08
"TSTA3",9999,1409,1.61837672731387e-08
"NDUFA9",9999,1410,1.61719837811156e-08
"APIP",9999,1411,1.61298599493761e-08
"BCL3",9999,1412,1.61208478997454e-08
"GPX2",9999,1413,1.61181185067169e-08
"SCO2",9999,1414,1.61053561445665e-08
"BACE2",9999,1415,1.60943946161128e-08
"SRP9",9999,1416,1.60886974709276e-08
"HLA-B",9999,1417,1.59745131824428e-08
"BAX",9999,1418,1.59676505097721e-08
"KPNA2",9999,1419,1.58628898941029e-08
"SEC11A",9999,1420,1.58608923807848e-08
"UQCRB",9999,1421,1.58606783422325e-08
"DYNC1LI2",9999,1422,1.58159643250892e-08
"STARD10",9999,1423,1.58137205577478e-08
"MLST8",9999,1424,1.58067454922812e-08
"STAU1",9999,1425,1.57806957475465e-08
"NCKAP1",9999,1426,1.57721529799209e-08
"SMIM14",9999,1427,1.5675194530435e-08
"UXT",9999,1428,1.55939650879296e-08
"FAM200B",9999,1429,1.55740266988356e-08
"NDUFB9",9999,1430,1.55291059693445e-08
"SERPINB1",9999,1431,1.54936166235507e-08
"MRPS35",9999,1432,1.54807141000994e-08
"PDCD6IP",9999,1433,1.54756220061981e-08
"CKMT1A",9999,1434,1.54739611354354e-08
"MPZL1",9999,1435,1.54720570156066e-08
"HNRNPA2B1",9999,1436,1.54575549751467e-08
"UBE2B",9999,1437,1.53876771019575e-08
"TXNDC12",9999,1438,1.53746871160969e-08
"FIS1",9999,1439,1.53517871163205e-08
"ELP5",9999,1440,1.53369192568218e-08
"EIF4G1",9999,1441,1.53292332007673e-08
"GPRC5A",9999,1442,1.53012127392375e-08
"DRAP1",9999,1443,1.52826478749477e-08
"BCAP31",9999,1444,1.52633526145044e-08
"CRB3",9999,1445,1.52463974139649e-08
"PSAP",9999,1446,1.52449831775556e-08
"NOXO1",9999,1447,1.523245977425e-08
"CCDC167",9999,1448,1.52302618463232e-08
"ELOVL1",9999,1449,1.52220328866474e-08
"COMTD1",9999,1450,1.52107229945603e-08
"ARL14",9999,1451,1.52012308453693e-08
"SHROOM3",9999,1452,1.51588699612538e-08
"SDHB",9999,1453,1.51582287143056e-08
"ACAA1",9999,1454,1.51554217228647e-08
"SPCS2",9999,1455,1.51289409688085e-08
"FDFT1",9999,1456,1.51198712138369e-08
"SMARCB1",9999,1457,1.5104571181127e-08
"PPHLN1",9999,1458,1.50840777881436e-08
"LEPROT",9999,1459,1.50695997806088e-08
"CHID1",9999,1460,1.50298627318353e-08
"HM13",9999,1461,1.50293638727768e-08
"TNPO1",9999,1462,1.50050060779783e-08
"SRSF9",9999,1463,1.4974058039085e-08
"GGH",9999,1464,1.49428014155746e-08
"BRI3BP",9999,1465,1.49332828190737e-08
"SMARCE1",9999,1466,1.49247772522126e-08
"PAK2",9999,1467,1.484422131348e-08
"PTRH1",9999,1468,1.48178838739499e-08
"RABAC1",9999,1469,1.47917049663025e-08
"C7orf55-LUC7L2",9999,1470,1.47783840753289e-08
"SDCBP",9999,1471,1.47549066824166e-08
"ANXA11",9999,1472,1.47506286323911e-08
"FAM96B",9999,1473,1.47404512868793e-08
"CRELD2",9999,1474,1.47400348906004e-08
"PCNP",9999,1475,1.47269438138027e-08
"OAZ1",9999,1476,1.47213435004924e-08
"FCGRT",9999,1477,1.47065428942698e-08
"SMCO4",9999,1478,1.46671153377011e-08
"ZC3H13",9999,1479,1.4665216181495e-08
"ICA1",9999,1480,1.46158241281207e-08
"TRA2A",9999,1481,1.46037710646448e-08
"FAM204A",9999,1482,1.4578135901986e-08
"TXNRD1",9999,1483,1.45530902779963e-08
"MDH2",9999,1484,1.44978565429341e-08
"UPF2",9999,1485,1.44906846619822e-08
"OPTN",9999,1486,1.44334921698023e-08
"NFATC2IP",9999,1487,1.44284622949231e-08
"VASP",9999,1488,1.44197335608292e-08
"SNHG18",9999,1489,1.43753873643999e-08
"PTTG1",9999,1490,1.43610275847252e-08
"CTTN",9999,1491,1.43518381861366e-08
"SEC62",9999,1492,1.43426101000152e-08
"ARPC5",9999,1493,1.43119241488954e-08
"MLX",9999,1494,1.42989194383269e-08
"CA7",9999,1495,1.42500408720526e-08
"ANP32A",9999,1496,1.42478654424628e-08
"CST3",9999,1497,1.42152752221639e-08
"SIRT7",9999,1498,1.42041624836066e-08
"SLC35A3",9999,1499,1.41990170992502e-08
"ARL6IP1",9999,1500,1.41749302450985e-08
"NDUFS3",9999,1501,1.41489398656837e-08
"ABCF1",9999,1502,1.41398353214711e-08
"TXNDC17",9999,1503,1.41116189902621e-08
"CCNB2",9999,1504,1.41094415084051e-08
"LGR4",9999,1505,1.41031721380122e-08
"PSMD14",9999,1506,1.40892013791595e-08
"DDX54",9999,1507,1.40759372839496e-08
"UBALD2",9999,1508,1.4067436981459e-08
"PPP4R2",9999,1509,1.4056395149555e-08
"ABRACL",9999,1510,1.4026904454195e-08
"SKIL",9999,1511,1.40072644681089e-08
"CDK16",9999,1512,1.39849783726532e-08
"PSMC3",9999,1513,1.39750697085767e-08
"ARPC3",9999,1514,1.39220331422581e-08
"IL13RA1",9999,1515,1.38869191902931e-08
"GGT6",9999,1516,1.38676765688016e-08
"PACSIN2",9999,1517,1.38608999670684e-08
"PRELID2",9999,1518,1.38461468054002e-08
"UGDH",9999,1519,1.3811384653887e-08
"BAK1",9999,1520,1.37873013213839e-08
"CASC4",9999,1521,1.3786180714488e-08
"PUF60",9999,1522,1.37474255907275e-08
"TIMM8B",9999,1523,1.37234106541008e-08
"SNX6",9999,1524,1.36973892626907e-08
"YME1L1",9999,1525,1.36584324595505e-08
"TMBIM6",9999,1526,1.36005464511134e-08
"HDDC2",9999,1527,1.35807367173504e-08
"MAP7",9999,1528,1.35737326465162e-08
"UBE2A",9999,1529,1.35411188682676e-08
"CMBL",9999,1530,1.35313350165233e-08
"ATP6V1E1",9999,1531,1.35224710715943e-08
"ANKRD22",9999,1532,1.35217787447837e-08
"EIF5",9999,1533,1.3508276731346e-08
"UBE2Z",9999,1534,1.35050696248822e-08
"SERINC3",9999,1535,1.34989487564033e-08
"VPS25",9999,1536,1.34906046299024e-08
"SMAP1",9999,1537,1.34891232625085e-08
"C1orf21",9999,1538,1.34800934902612e-08
"CMC2",9999,1539,1.34692568846142e-08
"COX5A",9999,1540,1.34443656083586e-08
"RNF126",9999,1541,1.34194454668019e-08
"PSENEN",9999,1542,1.33994027836067e-08
"PRKAR1A",9999,1543,1.33979011749796e-08
"H2AFJ",9999,1544,1.33921863919278e-08
"ARF6",9999,1545,1.33486078190622e-08
"WDR1",9999,1546,1.33438177110176e-08
"FUCA1",9999,1547,1.33246595880588e-08
"SLC25A24",9999,1548,1.33207938463462e-08
"PLGRKT",9999,1549,1.33187041203494e-08
"CD9",9999,1550,1.32574613091685e-08
"HTATIP2",9999,1551,1.32498149735973e-08
"NUDT4",9999,1552,1.32046978738164e-08
"OCIAD2",9999,1553,1.31850150670341e-08
"TM9SF2",9999,1554,1.31800341712874e-08
"QPRT",9999,1555,1.31776002683216e-08
"EIF5A",9999,1556,1.31570967695146e-08
"PKN2",9999,1557,1.31423666332322e-08
"HIST1H2BK",9999,1558,1.31389900036315e-08
"NDFIP1",9999,1559,1.31316878878789e-08
"EIF4H",9999,1560,1.31062784826709e-08
"PAFAH1B2",9999,1561,1.30768742267191e-08
"PLA2G12A",9999,1562,1.30463539205259e-08
"PSMB2",9999,1563,1.29768243384804e-08
"PFDN5",9999,1564,1.29710745077154e-08
"FAM3C",9999,1565,1.29548919696872e-08
"NUCB1",9999,1566,1.29468866660068e-08
"KLHDC2",9999,1567,1.28860725881261e-08
"DENR",9999,1568,1.28445999320713e-08
"NUDT14",9999,1569,1.28441808351441e-08
"APOL6",9999,1570,1.2829691566873e-08
"KARS",9999,1571,1.27694439043928e-08
"MRPL18",9999,1572,1.27597359593583e-08
"LPP",9999,1573,1.27546298567324e-08
"ROCK2",9999,1574,1.2739955001072e-08
"PSMD4",9999,1575,1.27311130408492e-08
"SNRPD3",9999,1576,1.27249378510539e-08
"MAGEF1",9999,1577,1.27198986458237e-08
"LENG8",9999,1578,1.26316500405045e-08
"SATB2",9999,1579,1.26075162133466e-08
"ZNF664",9999,1580,1.25852592263421e-08
"PAK1",9999,1581,1.25807402466406e-08
"MKKS",9999,1582,1.24891808276086e-08
"DDR1",9999,1583,1.2486702766568e-08
"SEC13",9999,1584,1.24853818941366e-08
"ENDOG",9999,1585,1.24759989741187e-08
"CYB5A",9999,1586,1.2410083444923e-08
"ECH1",9999,1587,1.24086244009973e-08
"MORF4L1",9999,1588,1.2393290349629e-08
"SNRNP200",9999,1589,1.23923298498613e-08
"WDR33",9999,1590,1.23464751090714e-08
"PKM",9999,1591,1.2304567396636e-08
"TSPYL1",9999,1592,1.22936095812544e-08
"CKAP4",9999,1593,1.22274773345826e-08
"EFNB2",9999,1594,1.22061895147444e-08
"COMMD4",9999,1595,1.21361311753663e-08
"DNAJC2",9999,1596,1.20996822077574e-08
"TNFSF10",9999,1597,1.20793493061621e-08
"BUD31",9999,1598,1.20789763397715e-08
"LRRFIP1",9999,1599,1.20785904084331e-08
"MRPL52",9999,1600,1.20770350392792e-08
"CDC20",9999,1601,1.20513268827021e-08
"SNRPG",9999,1602,1.20495322606152e-08
"TC2N",9999,1603,1.20493391417116e-08
"TOB1",9999,1604,1.20271600804004e-08
"CYBA",9999,1605,1.19988645666431e-08
"COX20",9999,1606,1.19444572235501e-08
"YTHDF2",9999,1607,1.19367189951988e-08
"FAR1",9999,1608,1.19340720197419e-08
"TMEM70",9999,1609,1.19307389635546e-08
"MRPL2",9999,1610,1.18951483787059e-08
"LASP1",9999,1611,1.18886774129065e-08
"PERP",9999,1612,1.18677741342218e-08
"NCOA4",9999,1613,1.18639416681025e-08
"AAMP",9999,1614,1.1862179884688e-08
"ALDH7A1",9999,1615,1.18377395268529e-08
"HIGD2A",9999,1616,1.18368106417958e-08
"LAMA3",9999,1617,1.18085218974173e-08
"PSMD7",9999,1618,1.18009960677647e-08
"HNRNPM",9999,1619,1.17711442492556e-08
"ACTN4",9999,1620,1.17574190370188e-08
"REXO2",9999,1621,1.1741016143554e-08
"NELFE",9999,1622,1.16940022844934e-08
"SBDS",9999,1623,1.16801313401517e-08
"KRCC1",9999,1624,1.16626028462744e-08
"MVD",9999,1625,1.16517298946527e-08
"LAMTOR1",9999,1626,1.16472602980129e-08
"DGCR6L",9999,1627,1.16327706094365e-08
"FAT1",9999,1628,1.16312102448159e-08
"ATP2B1",9999,1629,1.1615439897271e-08
"ID3",9999,1630,1.15961345057731e-08
"RASSF7",9999,1631,1.15950356884383e-08
"PLA2G2A",9999,1632,1.1591207746305e-08
"TMPRSS4",9999,1633,1.15836683386107e-08
"ATP6V0B",9999,1634,1.15137700063339e-08
"TIMP1",9999,1635,1.15113675925762e-08
"IL10RB",9999,1636,1.14488168901499e-08
"WDR46",9999,1637,1.14441598593304e-08
"C6orf132",9999,1638,1.14188360998944e-08
"COPA",9999,1639,1.1411416411384e-08
"MAF1",9999,1640,1.1404247374213e-08
"GRN",9999,1641,1.13941375860359e-08
"CDK2AP2",9999,1642,1.13767675250252e-08
"PDCD4",9999,1643,1.13443526780199e-08
"NANS",9999,1644,1.1328860543242e-08
"PMVK",9999,1645,1.13265456671027e-08
"LDHA",9999,1646,1.13143295877967e-08
"MTUS1",9999,1647,1.13037971096072e-08
"PMEPA1",9999,1648,1.12320168499978e-08
"ERI3",9999,1649,1.12226809752052e-08
"ITGAE",9999,1650,1.11959446466703e-08
"ABHD2",9999,1651,1.11288481373324e-08
"ATP8B1",9999,1652,1.11120419666616e-08
"SCARB2",9999,1653,1.10754562093863e-08
"CDC42",9999,1654,1.10738165962677e-08
"BZW1",9999,1655,1.10678369325956e-08
"KNOP1",9999,1656,1.10365406670345e-08
"ARPC5L",9999,1657,1.10165585438183e-08
"ANKRD11",9999,1658,1.10026547138217e-08
"BIN1",9999,1659,1.09959342614225e-08
"RBM7",9999,1660,1.09733668338517e-08
"DAD1",9999,1661,1.09682924354308e-08
"MLPH",9999,1662,1.09455899098326e-08
"ARL6IP4",9999,1663,1.09291472641893e-08
"SEC31A",9999,1664,1.09181376158115e-08
"TFG",9999,1665,1.08947793699554e-08
"SSBP3",9999,1666,1.0887778793458e-08
"ACTR2",9999,1667,1.08756640288288e-08
"RAB25",9999,1668,1.08732017404777e-08
"USP7",9999,1669,1.08619409203338e-08
"METTL5",9999,1670,1.08315378904507e-08
"MPC2",9999,1671,1.08189928221815e-08
"FNTA",9999,1672,1.0816604716155e-08
"SLC35B2",9999,1673,1.0732047532267e-08
"MRPL47",9999,1674,1.07180403219543e-08
"ADD1",9999,1675,1.07148712854814e-08
"STX10",9999,1676,1.07147996109738e-08
"HSPA1A",9999,1677,1.07128483339484e-08
"IFT172",9999,1678,1.06879436232715e-08
"PGK1",9999,1679,1.0655545162076e-08
"TMEM173",9999,1680,1.06537341995328e-08
"RBM25",9999,1681,1.06480553651325e-08
"VPS51",9999,1682,1.06394959435464e-08
"RBM14",9999,1683,1.06256729359034e-08
"PSMD6",9999,1684,1.0605837045435e-08
"ACP1",9999,1685,1.05915745313884e-08
"SPINT2",9999,1686,1.05886449929745e-08
"SS18L2",9999,1687,1.05794118642061e-08
"TATDN1",9999,1688,1.05379203699888e-08
"TACC1",9999,1689,1.05138425990668e-08
"MRPS6",9999,1690,1.05109163854496e-08
"TNIP1",9999,1691,1.05007408829451e-08
"FUT3",9999,1692,1.05003132456735e-08
"OAT",9999,1693,1.04963858056652e-08
"RNF130",9999,1694,1.04406341895065e-08
"MRPS22",9999,1695,1.04343037270462e-08
"M6PR",9999,1696,1.0426643211408e-08
"MRPL48",9999,1697,1.04005437777072e-08
"CAB39",9999,1698,1.03989023747928e-08
"G3BP2",9999,1699,1.03913216905146e-08
"SAR1B",9999,1700,1.03847841277925e-08
"VPS37B",9999,1701,1.03582421605579e-08
"RPIA",9999,1702,1.03266833082594e-08
"DYNLL1",9999,1703,1.02449415636602e-08
"MUC12",9999,1704,1.02365591490659e-08
"NUPR1",9999,1705,1.02278123312002e-08
"SAA1",9999,1706,1.02218210748414e-08
"ROMO1",9999,1707,1.02101535169383e-08
"GDI2",9999,1708,1.01957620456016e-08
"MALSU1",9999,1709,1.01912922674658e-08
"PDCD6",9999,1710,1.01819395292408e-08
"RAB1A",9999,1711,1.01761076144709e-08
"MRPS33",9999,1712,1.01555461685775e-08
"DGAT1",9999,1713,1.01413790500852e-08
"CAPZA1",9999,1714,1.01165396211681e-08
"CCDC12",9999,1715,1.01160542455159e-08
"IL2RG",9999,1716,1.01123018993142e-08
"GFPT1",9999,1717,1.0083873180748e-08
"INF2",9999,1718,1.00625281969639e-08
"KLF10",9999,1719,1.00456581487483e-08
"EFNB1",9999,1720,1.00217002105125e-08
"PON2",9999,1721,1.00112039593994e-08
"MRPS14",9999,1722,1.0003255673871e-08
"CAPN1",9999,1723,9.99743408182585e-09
"VAMP3",9999,1724,9.9964085302139e-09
"REEP3",9999,1725,9.98150658446637e-09
"TEX264",9999,1726,9.96031509730216e-09
"ELF3",9999,1727,9.95682961456237e-09
"DNAJC3",9999,1728,9.95673096744042e-09
"MMP15",9999,1729,9.95007787429323e-09
"CRIP1",9999,1730,9.94780125919685e-09
"PRPF31",9999,1731,9.94282881873638e-09
"MAP2K2",9999,1732,9.90137947468322e-09
"PRPF38A",9999,1733,9.89191810057446e-09
"CTBP1",9999,1734,9.87103450031625e-09
"UBE2D3",9999,1735,9.8125783192965e-09
"RALA",9999,1736,9.7774518894219e-09
"IARS2",9999,1737,9.7767046351536e-09
"PSMD13",9999,1738,9.72921172811480e-09
"BRMS1",9999,1739,9.67835718762623e-09
"TOB2",9999,1740,9.64863555542266e-09
"CFL1",9999,1741,9.63430101493222e-09
"COPG1",9999,1742,9.62832222596802e-09
"MAP1LC3B",9999,1743,9.60180041467521e-09
"DNAJC8",9999,1744,9.59161164912776e-09
"VPS29",9999,1745,9.54512815802182e-09
"TIMM17A",9999,1746,9.53949226826594e-09
"SQLE",9999,1747,9.53785469634898e-09
"TXN2",9999,1748,9.41695003711081e-09
"THOC7",9999,1749,9.37330700764493e-09
"UGT2B17",9999,1750,9.34664577062393e-09
"KRT10",9999,1751,9.34436002775479e-09
"MTDH",9999,1752,9.32975722639377e-09
"NDUFB6",9999,1753,9.32329223383021e-09
"UBQLN1",9999,1754,9.29228806034687e-09
"COQ4",9999,1755,9.23559608983896e-09
"ABHD17C",9999,1756,9.23430222055852e-09
"C8orf82",9999,1757,9.22420134203946e-09
"ZNF428",9999,1758,9.2193138921078e-09
"LMAN2",9999,1759,9.21375822100078e-09
"UBE3A",9999,1760,9.18186534226358e-09
"MYO5B",9999,1761,9.1523580048821e-09
"TSPAN6",9999,1762,9.09739157435417e-09
"UBE2E3",9999,1763,9.06396266989025e-09
"CANX",9999,1764,9.04907330553134e-09
"PRDX3",9999,1765,9.03788568320792e-09
"RER1",9999,1766,8.96869037626079e-09
"NDFIP2",9999,1767,8.96189869138054e-09
"COA3",9999,1768,8.9570806394282e-09
"ECSIT",9999,1769,8.91569655621299e-09
"TMEM208",9999,1770,8.76849910785899e-09
"DENND2A",9999,1771,8.75701844964757e-09
"NDUFB7",9999,1772,8.75624147509665e-09
"FOXP1",9999,1773,8.7483952230436e-09
"GTF3C6",9999,1774,8.73298868324942e-09
"EPS8L3",9999,1775,8.66378590278711e-09
"TMEM179B",9999,1776,8.59562314699299e-09
"HNRNPK",9999,1777,8.58101959139352e-09
"FTL",9999,1778,8.57149689405464e-09
"ST14",9999,1779,8.55809255363073e-09
"MTCH1",9999,1780,8.48803445275152e-09
"NCOR1",9999,1781,8.47941049729728e-09
"UQCRH",9999,1782,8.47189278761841e-09
"MAPRE1",9999,1783,8.45931238853260e-09
"TMC4",9999,1784,8.44435851222705e-09
"TMEM30A",9999,1785,8.43789919304006e-09
"TMOD3",9999,1786,8.42217110419574e-09
"MPC1",9999,1787,8.4096779276829e-09
"AK2",9999,1788,8.37982566795621e-09
"TMEM223",9999,1789,8.35656906606154e-09
"COX7C",9999,1790,8.3337378084177e-09
"TMEM50A",9999,1791,8.3268633975666e-09
"PITX1",9999,1792,8.31908220666391e-09
"ELF1",9999,1793,8.30647581396152e-09
"POMP",9999,1794,8.28911223063606e-09
"PYCARD",9999,1795,8.25735908661776e-09
"ABHD11",9999,1796,8.24858598270199e-09
"RAB13",9999,1797,8.24555440833482e-09
"PIGR",9999,1798,8.22380217866094e-09
"PMF1",9999,1799,8.20485412935314e-09
"SRP72",9999,1800,8.20069807394255e-09
"NDUFA6",9999,1801,8.1848936669096e-09
"FAM136A",9999,1802,8.16846851135422e-09
"BRI3",9999,1803,8.16789864674845e-09
"PITHD1",9999,1804,8.14807478497782e-09
"ABI1",9999,1805,8.12904109591439e-09
"NDUFB10",9999,1806,8.11741509454185e-09
"SLC44A3",9999,1807,8.11047914891529e-09
"AP1S1",9999,1808,8.07531517651393e-09
"MGST2",9999,1809,8.07411172537913e-09
"GHITM",9999,1810,8.07046992707749e-09
"LSM14A",9999,1811,8.06558706912099e-09
"CBLC",9999,1812,8.0560355423341e-09
"CISD2",9999,1813,8.0547289691582e-09
"HNF4A",9999,1814,8.02852584844795e-09
"PLXNB2",9999,1815,8.01588695926629e-09
"SERPINA1",9999,1816,8.01443303987947e-09
"BOLA3",9999,1817,8.01094649139717e-09
"PRDX1",9999,1818,8.00172662372178e-09
"MRPL28",9999,1819,7.99957886291472e-09
"TMEM106B",9999,1820,7.97162779735327e-09
"RNF181",9999,1821,7.96369479415753e-09
"LAMTOR3",9999,1822,7.95520257368542e-09
"TPM4",9999,1823,7.9113594238218e-09
"ARL6IP5",9999,1824,7.90943023527418e-09
"COX6A1",9999,1825,7.90826207766499e-09
"LAMTOR4",9999,1826,7.89470728555369e-09
"COX17",9999,1827,7.88458127392627e-09
"CAPNS1",9999,1828,7.87866391861624e-09
"LAPTM4A",9999,1829,7.87524866452473e-09
"ZC3HAV1",9999,1830,7.8368854008552e-09
"PTPMT1",9999,1831,7.79183398972909e-09
"SUCLG1",9999,1832,7.7911438941114e-09
"TMCO1",9999,1833,7.78756930567709e-09
"CLMN",9999,1834,7.75119867863551e-09
"CRK",9999,1835,7.7438771320131e-09
"TYMP",9999,1836,7.73723522664995e-09
"ATP1B1",9999,1837,7.71452401867239e-09
"TMC6",9999,1838,7.7050806155189e-09
"PTS",9999,1839,7.69025545229683e-09
"SYF2",9999,1840,7.68591675630487e-09
"ATG3",9999,1841,7.66328578792575e-09
"DYNLT1",9999,1842,7.65498330819611e-09
"PAIP2",9999,1843,7.62046497804423e-09
"GNG5",9999,1844,7.62044595972158e-09
"SMIM19",9999,1845,7.58974872469612e-09
"URM1",9999,1846,7.58227768558948e-09
"MIF",9999,1847,7.57975131736714e-09
"GIPC2",9999,1848,7.57567698371869e-09
"DBI",9999,1849,7.5744366378125e-09
"COX16",9999,1850,7.55004519412354e-09
"SURF4",9999,1851,7.54804208233638e-09
"COX7A2",9999,1852,7.54776130859511e-09
"THYN1",9999,1853,7.54441086876351e-09
"FBXO25",9999,1854,7.54096450145464e-09
"ALDH2",9999,1855,7.53421083390476e-09
"CPNE1",9999,1856,7.52510753465936e-09
"RBX1",9999,1857,7.50446444475028e-09
"GAR1",9999,1858,7.48713956088068e-09
"MRPS11",9999,1859,7.46513856447324e-09
"TGOLN2",9999,1860,7.46418599030232e-09
"CCAR1",9999,1861,7.46407486904984e-09
"RAB5B",9999,1862,7.44738899514297e-09
"DNAJC15",9999,1863,7.42392978658489e-09
"SLC25A1",9999,1864,7.42090095376639e-09
"PPP1CB",9999,1865,7.41442829770385e-09
"TNFRSF14",9999,1866,7.38187483613116e-09
"KDELR3",9999,1867,7.36921815379863e-09
"SLC39A1",9999,1868,7.36625223936088e-09
"ANG",9999,1869,7.33286835740133e-09
"HAX1",9999,1870,7.32204533167407e-09
"YWHAZ",9999,1871,7.31293155315707e-09
"ST6GALNAC1",9999,1872,7.31194066557686e-09
"BLOC1S1",9999,1873,7.31099528515381e-09
"CLUH",9999,1874,7.2999755135395e-09
"SLC52A2",9999,1875,7.25315618795847e-09
"CLINT1",9999,1876,7.24392252346099e-09
"KLK1",9999,1877,7.22282120223334e-09
"CHURC1",9999,1878,7.21650754436787e-09
"EMC10",9999,1879,7.21088364748785e-09
"HDAC1",9999,1880,7.20793521772932e-09
"MGST1",9999,1881,7.20724840003145e-09
"EMD",9999,1882,7.20610894263925e-09
"RNPEP",9999,1883,7.19424555194314e-09
"PREB",9999,1884,7.18679482992279e-09
"LSR",9999,1885,7.160330116689e-09
"POLE4",9999,1886,7.15675978662789e-09
"CD2AP",9999,1887,7.14441460702356e-09
"ACTR10",9999,1888,7.12903776612638e-09
"C4orf3",9999,1889,7.12855139954979e-09
"KCMF1",9999,1890,7.09147122198162e-09
"S100A13",9999,1891,7.07187787622197e-09
"PSMB10",9999,1892,7.07181031990581e-09
"ERP44",9999,1893,7.0692902590225e-09
"PPA1",9999,1894,7.06477950615553e-09
"PPP1R12B",9999,1895,7.06258020619814e-09
"RAB6A",9999,1896,7.06006035474865e-09
"GTPBP6",9999,1897,7.03628130211699e-09
"TSPO",9999,1898,7.03480634406673e-09
"SLC25A3",9999,1899,7.01677712115832e-09
"SPTAN1",9999,1900,7.0145157607161e-09
"PANK3",9999,1901,7.00195927477179e-09
"NMRAL1",9999,1902,6.98860672432626e-09
"RPN1",9999,1903,6.98845566642626e-09
"RHBDL2",9999,1904,6.98208142334113e-09
"HEBP2",9999,1905,6.96587043627162e-09
"ACSS2",9999,1906,6.9166786119961e-09
"C4orf48",9999,1907,6.91605688189418e-09
"FUBP1",9999,1908,6.90574760938772e-09
"NDUFV2",9999,1909,6.87244830922074e-09
"PHF14",9999,1910,6.85243103260966e-09
"PPP3CA",9999,1911,6.84591966156994e-09
"USH1C",9999,1912,6.8045595880157e-09
"FGD5-AS1",9999,1913,6.78822167620865e-09
"TRAPPC1",9999,1914,6.78785756107927e-09
"GMPPA",9999,1915,6.77279570459737e-09
"DUSP23",9999,1916,6.75609171116933e-09
"ARF4",9999,1917,6.74014648855304e-09
"SLC44A4",9999,1918,6.73494870799627e-09
"RNASET2",9999,1919,6.72754791280695e-09
"HMGCS2",9999,1920,6.69305751235792e-09
"IL32",9999,1921,6.64707445788716e-09
"THUMPD1",9999,1922,6.64398493890414e-09
"PPP1R35",9999,1923,6.58175299094731e-09
"MBNL1",9999,1924,6.57446220929869e-09
"CLSTN1",9999,1925,6.55879210859774e-09
"ACTN1",9999,1926,6.5564317186012e-09
"XIAP",9999,1927,6.54852128803433e-09
"TARDBP",9999,1928,6.54020954481922e-09
"RAB7A",9999,1929,6.53694778135451e-09
"EPS8L2",9999,1930,6.52709667005761e-09
"TMA16",9999,1931,6.51597738145444e-09
"INSIG1",9999,1932,6.50798127518511e-09
"MYO1C",9999,1933,6.46498966936936e-09
"PNKD",9999,1934,6.45500991770044e-09
"IFNGR2",9999,1935,6.43125752709294e-09
"TARS",9999,1936,6.42027018019722e-09
"ADIRF",9999,1937,6.41866070402931e-09
"RBM3",9999,1938,6.4168139093139e-09
"EPHA2",9999,1939,6.40443019337329e-09
"IBTK",9999,1940,6.38839683824933e-09
"NDUFB2",9999,1941,6.37773333816995e-09
"SPTBN1",9999,1942,6.34854891884619e-09
"ADAM9",9999,1943,6.25988822287132e-09
"RPP25L",9999,1944,6.24662224641113e-09
"GLTP",9999,1945,6.22437488375862e-09
"NFE2L1",9999,1946,6.20905006647713e-09
"SRRM2",9999,1947,6.17695978642648e-09
"ETNK1",9999,1948,6.16939619386782e-09
"COX7A2L",9999,1949,6.14635824394286e-09
"CAPZA2",9999,1950,6.09995378002619e-09
"KIAA2013",9999,1951,6.07810525588624e-09
"YWHAE",9999,1952,6.07760392502712e-09
"HDLBP",9999,1953,6.05963726363745e-09
"FKBP2",9999,1954,6.04442587165509e-09
"TXNDC9",9999,1955,6.01938529739135e-09
"PBDC1",9999,1956,5.98981425801809e-09
"RNF186",9999,1957,5.98477484355088e-09
"SMARCD2",9999,1958,5.96627304096567e-09
"FNIP2",9999,1959,5.96495508493367e-09
"HSP90B1",9999,1960,5.96282411434031e-09
"DDRGK1",9999,1961,5.9456450567674e-09
"MRPS18B",9999,1962,5.93378173764733e-09
"POP4",9999,1963,5.9122016910695e-09
"GFER",9999,1964,5.90142057567718e-09
"WASF2",9999,1965,5.86270608711764e-09
"MUC4",9999,1966,5.79772113034271e-09
"SH3BGRL2",9999,1967,5.78695632276574e-09
"TP53TG1",9999,1968,5.77848804990635e-09
"PIN4",9999,1969,5.77652699596878e-09
"ATG12",9999,1970,5.7731546829319e-09
"SRSF1",9999,1971,5.77035430011133e-09
"SEC61G",9999,1972,5.74873783383446e-09
"SEC61A1",9999,1973,5.74604301990541e-09
"HES4",9999,1974,5.73229534850621e-09
"SPG21",9999,1975,5.72342125330248e-09
"PXMP2",9999,1976,5.71755014118215e-09
"MAP4",9999,1977,5.70457655741302e-09
"SELENBP1",9999,1978,5.69633092081472e-09
"MYO1D",9999,1979,5.67961674149559e-09
"UBE2K",9999,1980,5.64464411681087e-09
"ETFA",9999,1981,5.64276381648407e-09
"FBXL15",9999,1982,5.63887642468418e-09
"TMEM59",9999,1983,5.63509803007162e-09
"EMC7",9999,1984,5.63319271479162e-09
"ISCU",9999,1985,5.62365055684197e-09
"DDAH1",9999,1986,5.59606780741226e-09
"GLRX3",9999,1987,5.58264145402429e-09
"DDIT4",9999,1988,5.57715088420423e-09
"GNPNAT1",9999,1989,5.57279133759431e-09
"UBE2D1",9999,1990,5.56591312391435e-09
"NDUFS5",9999,1991,5.52623213736176e-09
"MEA1",9999,1992,5.47760516633432e-09
"YWHAH",9999,1993,5.47246642186408e-09
"RBCK1",9999,1994,5.45472125539183e-09
"EIF3J",9999,1995,5.44883718345267e-09
"PPP2R1A",9999,1996,5.42100220095443e-09
"MRPS21",9999,1997,5.41598967193177e-09
"ECHDC2",9999,1998,5.412530865099e-09
"HOOK1",9999,1999,5.37146994313006e-09
"SLC44A1",9999,2000,5.36248908780082e-09
"PSMD2",9999,2001,5.327879417455e-09
"NAA20",9999,2002,5.30327773227435e-09
"HIF1A",9999,2003,5.30272504895409e-09
"NAA50",9999,2004,5.29934110422408e-09
"USO1",9999,2005,5.27427722561576e-09
"REG1B",9999,2006,5.2647369272914e-09
"GMDS",9999,2007,5.2642719821391e-09
"TMEM125",9999,2008,5.24866510732334e-09
"CYP3A5",9999,2009,5.24368902249782e-09
"RNF114",9999,2010,5.22783358272214e-09
"MYO1B",9999,2011,5.22705435749237e-09
"SPTLC2",9999,2012,5.22313076978052e-09
"H2AFY",9999,2013,5.21528516456334e-09
"ABLIM1",9999,2014,5.20647726204501e-09
"VPS4B",9999,2015,5.20164827481994e-09
"RTN3",9999,2016,5.18111720142743e-09
"SPIB",9999,2017,5.17606519543509e-09
"FAM96A",9999,2018,5.16802937279597e-09
"MPST",9999,2019,5.15462589928719e-09
"HSD17B11",9999,2020,5.14366392359611e-09
"PRPF8",9999,2021,5.13565880344695e-09
"MSRB2",9999,2022,5.12361040183173e-09
"UQCRC1",9999,2023,5.10636079882859e-09
"AFG3L2",9999,2024,5.08475943046793e-09
"ATP2A3",9999,2025,5.06359958319354e-09
"EDF1",9999,2026,5.05439565113752e-09
"SREK1IP1",9999,2027,5.02578709434314e-09
"FKBP3",9999,2028,5.01620545121215e-09
"EIF4EBP2",9999,2029,4.99841932025418e-09
"TDG",9999,2030,4.99838469266025e-09
"P4HB",9999,2031,4.97715725159129e-09
"ACTG1",9999,2032,4.9707634882995e-09
"KIAA1522",9999,2033,4.9462071179896e-09
"CAPZB",9999,2034,4.9450552256624e-09
"PPIE",9999,2035,4.94061169563094e-09
"DEGS2",9999,2036,4.93991708546973e-09
"MBD2",9999,2037,4.93169334151137e-09
"PPP4C",9999,2038,4.92622353247473e-09
"S100A9",9999,2039,4.90709575106527e-09
"TMEM14C",9999,2040,4.89896645317507e-09
"BECN1",9999,2041,4.88423063224329e-09
"SRSF4",9999,2042,4.87842641546419e-09
"LIMK2",9999,2043,4.87387375293252e-09
"BIRC6",9999,2044,4.84850560339874e-09
"SAMM50",9999,2045,4.84449764948541e-09
"SEC63",9999,2046,4.83832188072052e-09
"UHMK1",9999,2047,4.83797372163232e-09
"CMPK1",9999,2048,4.83770423860746e-09
"APH1A",9999,2049,4.83396498578088e-09
"GSTO2",9999,2050,4.8311896651469e-09
"TAF7",9999,2051,4.82592831497248e-09
"FCGBP",9999,2052,4.8228048017409e-09
"TMED7",9999,2053,4.81805220184712e-09
"NDUFA1",9999,2054,4.79411495763294e-09
"ACBD3",9999,2055,4.7892649319094e-09
"IRAK1",9999,2056,4.78883207790682e-09
"CTSA",9999,2057,4.7713885713339e-09
"RRBP1",9999,2058,4.76165750724007e-09
"CCL20",9999,2059,4.75942424219205e-09
"IVNS1ABP",9999,2060,4.75131689357376e-09
"SMDT1",9999,2061,4.72689734107817e-09
"ARMC10",9999,2062,4.72413516442343e-09
"SLC25A4",9999,2063,4.7101965147928e-09
"PDHB",9999,2064,4.69110662073546e-09
"XBP1",9999,2065,4.68722218872148e-09
"CALU",9999,2066,4.67920240596238e-09
"ARF3",9999,2067,4.66975030523332e-09
"SRP14",9999,2068,4.64624351751458e-09
"SMS",9999,2069,4.63756193371969e-09
"CTSC",9999,2070,4.63458634621547e-09
"NDUFA11",9999,2071,4.63355995347602e-09
"GNB1",9999,2072,4.63043122309102e-09
"PPP1R11",9999,2073,4.62806765434835e-09
"ZDHHC12",9999,2074,4.62621178670954e-09
"STK25",9999,2075,4.61885311484452e-09
"MPZL2",9999,2076,4.61062501360925e-09
"IDH3A",9999,2077,4.59877084976983e-09
"CHCHD5",9999,2078,4.56820567257008e-09
"ATP6V1G1",9999,2079,4.56729484979494e-09
"ETFB",9999,2080,4.5412249610851e-09
"CDC42EP5",9999,2081,4.53227066344098e-09
"MEAF6",9999,2082,4.52116792062463e-09
"PRPF6",9999,2083,4.50413599796983e-09
"PCMT1",9999,2084,4.49511773776769e-09
"HADHA",9999,2085,4.49202329003607e-09
"SLIRP",9999,2086,4.48299531631421e-09
"HOXB13",9999,2087,4.46590265629463e-09
"COPB1",9999,2088,4.45585051860995e-09
"NDUFA12",9999,2089,4.44074748153232e-09
"NDUFA10",9999,2090,4.43008172785237e-09
"PRKACB",9999,2091,4.42972787419028e-09
"TMUB1",9999,2092,4.42821656109162e-09
"DGUOK",9999,2093,4.42714022092594e-09
"TPD52",9999,2094,4.39769649988755e-09
"RAP1A",9999,2095,4.3845421941686e-09
"SLC50A1",9999,2096,4.37603676435111e-09
"RAB14",9999,2097,4.37531272516427e-09
"FBP1",9999,2098,4.36817807856501e-09
"MDH1",9999,2099,4.35674263339836e-09
"PSMA2",9999,2100,4.35320416695984e-09
"PDXK",9999,2101,4.35254925928375e-09
"MRPS9",9999,2102,4.32797298522712e-09
"TMEM165",9999,2103,4.32470401574077e-09
"VDAC3",9999,2104,4.32296344262556e-09
"PDLIM1",9999,2105,4.3219835547514e-09
"CCNDBP1",9999,2106,4.32079655564359e-09
"GABARAPL2",9999,2107,4.28256845006804e-09
"CINP",9999,2108,4.2670685997392e-09
"NSMCE1",9999,2109,4.24802889116865e-09
"NDUFA5",9999,2110,4.2480150462335e-09
"PDIA4",9999,2111,4.2379823833244e-09
"ZNF90",9999,2112,4.23780632792584e-09
"LAD1",9999,2113,4.23404890324179e-09
"ATF6B",9999,2114,4.22975213663035e-09
"ACOT7",9999,2115,4.22679605333133e-09
"CALM3",9999,2116,4.22583040301119e-09
"PRELID1",9999,2117,4.21996482002694e-09
"PMPCA",9999,2118,4.21915266794559e-09
"VPS26A",9999,2119,4.21733946218244e-09
"HMG20B",9999,2120,4.19135725275877e-09
"ID2",9999,2121,4.18409354648617e-09
"UBE2V2",9999,2122,4.17833159612687e-09
"CCDC6",9999,2123,4.16076459856669e-09
"ENSA",9999,2124,4.13251300593158e-09
"GSDMD",9999,2125,4.12817538044612e-09
"GLUD1",9999,2126,4.10980710769846e-09
"TMEM9B",9999,2127,4.09743148175767e-09
"NR2F6",9999,2128,4.09639718857667e-09
"MT1F",9999,2129,4.0859162446739e-09
"C14orf119",9999,2130,4.08580111783799e-09
"TMX2",9999,2131,4.07621273607533e-09
"CLN3",9999,2132,4.07149039950733e-09
"MT1M",9999,2133,4.06791861394352e-09
"LIPH",9999,2134,4.06641229395803e-09
"TSG101",9999,2135,4.06299198156121e-09
"EIF6",9999,2136,4.06113415136682e-09
"C12orf57",9999,2137,4.0573934580445e-09
"MSRB1",9999,2138,4.05496583679007e-09
"C12orf10",9999,2139,4.03165072231872e-09
"POLDIP2",9999,2140,4.01654555878197e-09
"NDUFA8",9999,2141,4.0036850252942e-09
"PCSK7",9999,2142,4.00334682181127e-09
"PDIA3",9999,2143,3.99891710487391e-09
"SND1",9999,2144,3.99497457342088e-09
"ABCD3",9999,2145,3.99184913906029e-09
"ABHD14B",9999,2146,3.99101478831497e-09
"DNAJA2",9999,2147,3.98528150031235e-09
"SEPT7",9999,2148,3.95826897341174e-09
"ZDHHC3",9999,2149,3.95742341192132e-09
"FZD5",9999,2150,3.951428982993e-09
"CKLF",9999,2151,3.9367015318648e-09
"IFI16",9999,2152,3.93388315225569e-09
"TPM1",9999,2153,3.93215905986079e-09
"ATRAID",9999,2154,3.90759041781508e-09
"KDELR2",9999,2155,3.89045801435996e-09
"TMEM167A",9999,2156,3.8887426732354e-09
"VPS28",9999,2157,3.87345338537872e-09
"FH",9999,2158,3.86968435467734e-09
"ISCA1",9999,2159,3.83583408823889e-09
"COPE",9999,2160,3.83486924101575e-09
"PET100",9999,2161,3.82917463877463e-09
"MIDN",9999,2162,3.82842854608506e-09
"TPM3",9999,2163,3.82428237104053e-09
"DNAJB11",9999,2164,3.82045115765416e-09
"MAOA",9999,2165,3.80983140496733e-09
"TFCP2L1",9999,2166,3.77858313285949e-09
"MRPS18A",9999,2167,3.778314745263e-09
"WARS",9999,2168,3.74322333218805e-09
"ZC3H11A",9999,2169,3.7238484765984e-09
"HNMT",9999,2170,3.72284136923438e-09
"UBA1",9999,2171,3.68581380568399e-09
"SRSF11",9999,2172,3.68339935950143e-09
"MIEN1",9999,2173,3.67999218153712e-09
"SSR4",9999,2174,3.6743335967001e-09
"METTL9",9999,2175,3.6510501153813e-09
"LGALS9",9999,2176,3.64633794625665e-09
"FAM84A",9999,2177,3.6457635327735e-09
"HAGH",9999,2178,3.63975092401671e-09
"MRPL43",9999,2179,3.63198039759961e-09
"KIF1C",9999,2180,3.62783663223076e-09
"MKRN1",9999,2181,3.62528122983442e-09
"PDLIM5",9999,2182,3.62177100144547e-09
"SRA1",9999,2183,3.59421168014681e-09
"ITM2B",9999,2184,3.5936451838731e-09
"ARHGAP27",9999,2185,3.58050988166719e-09
"DESI1",9999,2186,3.57444812163874e-09
"STAT6",9999,2187,3.5689534297256e-09
"REG3A",9999,2188,3.56681832948060e-09
"TIMM17B",9999,2189,3.55964452011997e-09
"ENOSF1",9999,2190,3.55830267792799e-09
"CYB561D2",9999,2191,3.55462321723446e-09
"EMC3",9999,2192,3.53820621366947e-09
"PSMD12",9999,2193,3.52645770514165e-09
"GALNT3",9999,2194,3.49621209393187e-09
"DNM2",9999,2195,3.49000974691587e-09
"NDUFB1",9999,2196,3.48719773048448e-09
"KLF4",9999,2197,3.45994421355297e-09
"RHEB",9999,2198,3.44807372484515e-09
"RAB4A",9999,2199,3.44442632949571e-09
"PQBP1",9999,2200,3.44290627262755e-09
"TIPIN",9999,2201,3.42800273143536e-09
"BROX",9999,2202,3.40959726739357e-09
"TIMM44",9999,2203,3.38772979630398e-09
"HPCAL1",9999,2204,3.38362818134562e-09
"SLC3A2",9999,2205,3.36236175306594e-09
"MINOS1",9999,2206,3.3596271442833e-09
"CSNK2B",9999,2207,3.35105216727151e-09
"HADHB",9999,2208,3.34558163565804e-09
"C9orf16",9999,2209,3.34422769813945e-09
"SURF6",9999,2210,3.342938403488e-09
"GSPT1",9999,2211,3.32908839830810e-09
"UBAC1",9999,2212,3.32185278289486e-09
"ZNHIT1",9999,2213,3.25682754062789e-09
"GPS1",9999,2214,3.25275332474574e-09
"DDA1",9999,2215,3.24860854075537e-09
"SAP18",9999,2216,3.24111374968322e-09
"DDT",9999,2217,3.24047102850818e-09
"PSMC4",9999,2218,3.21987791438235e-09
"NME3",9999,2219,3.21323823091986e-09
"MRPL41",9999,2220,3.189693220001e-09
"PDCL3",9999,2221,3.18571513686641e-09
"SEL1L3",9999,2222,3.181838756345e-09
"SNF8",9999,2223,3.17620190220428e-09
"CDK10",9999,2224,3.16872418494432e-09
"HEXIM1",9999,2225,3.14132860784026e-09
"PSMB9",9999,2226,3.13676635139075e-09
"MRPL33",9999,2227,3.12624664013517e-09
"GUK1",9999,2228,3.11046174261815e-09
"BID",9999,2229,3.10963363518281e-09
"MUC2",9999,2230,3.1053627073971e-09
"HMOX2",9999,2231,3.07602831428163e-09
"STT3B",9999,2232,3.07560626594473e-09
"RBM42",9999,2233,3.0575726897531e-09
"VBP1",9999,2234,3.05271258538835e-09
"CALM1",9999,2235,3.04858532721047e-09
"NUDT16L1",9999,2236,3.03953379375938e-09
"MTIF3",9999,2237,3.00732387726384e-09
"DRG1",9999,2238,3.00713496009553e-09
"LAMTOR5",9999,2239,3.00133454913327e-09
"SCAND1",9999,2240,2.99891830563006e-09
"SLC25A37",9999,2241,2.96908312425043e-09
"MGMT",9999,2242,2.95723264661242e-09
"LAP3",9999,2243,2.95521925220182e-09
"UBXN6",9999,2244,2.91259545078997e-09
"GPAA1",9999,2245,2.90622589846136e-09
"DDX24",9999,2246,2.90596466647736e-09
"KXD1",9999,2247,2.89547840003586e-09
"BCCIP",9999,2248,2.88960670563345e-09
"STAG2",9999,2249,2.88481124183633e-09
"PPIG",9999,2250,2.84760298134212e-09
"B3GNT7",9999,2251,2.83342027674318e-09
"UFM1",9999,2252,2.79522139999745e-09
"TFF3",9999,2253,2.78435586427192e-09
"C15orf61",9999,2254,2.74921553425975e-09
"TUBA1C",9999,2255,2.73270802077293e-09
"PYURF",9999,2256,2.72683641311761e-09
"NDUFS2",9999,2257,2.72501345897653e-09
"SNX2",9999,2258,2.69001329434854e-09
"MTCH2",9999,2259,2.68726666122794e-09
"CCNB1",9999,2260,2.68195436712182e-09
"ASPH",9999,2261,2.67773705223389e-09
"FIBP",9999,2262,2.67299652643268e-09
"TLE1",9999,2263,2.66614836783107e-09
"PSMC2",9999,2264,2.62972129572849e-09
"SERTAD1",9999,2265,2.6263975198436e-09
"C1orf122",9999,2266,2.6234976524854e-09
"NDUFB3",9999,2267,2.62207417763486e-09
"FAM177A1",9999,2268,2.60673445862479e-09
"LMAN1",9999,2269,2.60228285954876e-09
"CLDN3",9999,2270,2.59084023872907e-09
"PREP",9999,2271,2.59073883265098e-09
"PRKCSH",9999,2272,2.5890173076603e-09
"CCND1",9999,2273,2.5822115466794e-09
"SF3B2",9999,2274,2.57332509246065e-09
"NDUFA13",9999,2275,2.55901321177762e-09
"VPS36",9999,2276,2.55661442335107e-09
"NOP10",9999,2277,2.55627961245855e-09
"CDC42SE2",9999,2278,2.55486856675154e-09
"FUNDC2",9999,2279,2.554400217899e-09
"SMIM20",9999,2280,2.54100475205166e-09
"HNRNPH3",9999,2281,2.54088129495134e-09
"NSRP1",9999,2282,2.53467928689121e-09
"STXBP6",9999,2283,2.52545695774185e-09
"RAP1B",9999,2284,2.52015223125249e-09
"TAOK3",9999,2285,2.5096785603985e-09
"GALNT7",9999,2286,2.48926541739771e-09
"MANBAL",9999,2287,2.47415657484877e-09
"PIH1D1",9999,2288,2.47214141051902e-09
"PTRHD1",9999,2289,2.47058739111712e-09
"TRAPPC4",9999,2290,2.46748831447046e-09
"LONP2",9999,2291,2.45648494388171e-09
"SPINT1",9999,2292,2.45006089241657e-09
"LLGL2",9999,2293,2.44859274326777e-09
"SHISA5",9999,2294,2.43758928911829e-09
"CTNND1",9999,2295,2.42888143545844e-09
"CALCOCO2",9999,2296,2.42434447789052e-09
"GSTK1",9999,2297,2.41314259255246e-09
"ADAM15",9999,2298,2.40848777840063e-09
"DHRS3",9999,2299,2.40784233193384e-09
"FBXO7",9999,2300,2.39561074569358e-09
"HLA-F",9999,2301,2.37528484342731e-09
"COX6C",9999,2302,2.35852463907279e-09
"ACADS",9999,2303,2.35566831607491e-09
"TMEM30B",9999,2304,2.35383654157364e-09
"NDUFB4",9999,2305,2.34458534008593e-09
"ATXN10",9999,2306,2.34419925821899e-09
"LMNA",9999,2307,2.34118392344966e-09
"INO80C",9999,2308,2.33876250282687e-09
"GALNT1",9999,2309,2.30746486820414e-09
"EIF4A3",9999,2310,2.30527710672217e-09
"NOX1",9999,2311,2.30147686470781e-09
"TWF1",9999,2312,2.30120433976983e-09
"UBL5",9999,2313,2.30105745665968e-09
"IP6K2",9999,2314,2.28487413127567e-09
"ICAM3",9999,2315,2.28063436498817e-09
"UBE2L3",9999,2316,2.2662356658936e-09
"AVPI1",9999,2317,2.26562773675925e-09
"NDUFC1",9999,2318,2.23698024960065e-09
"MRFAP1",9999,2319,2.23594124416679e-09
"CD151",9999,2320,2.23520579636567e-09
"POLR2L",9999,2321,2.22623181726624e-09
"PLEKHB2",9999,2322,2.21395157702339e-09
"DPY30",9999,2323,2.20498726517866e-09
"NPDC1",9999,2324,2.19505084173626e-09
"SEPT9",9999,2325,2.18696090169487e-09
"AKR7A2",9999,2326,2.18308157291032e-09
"WDR83OS",9999,2327,2.17111094915067e-09
"CYB5R3",9999,2328,2.17078190541449e-09
"H1F0",9999,2329,2.17030866379197e-09
"JAGN1",9999,2330,2.16657835906465e-09
"MGAT4B",9999,2331,2.16251131311598e-09
"IGFBP2",9999,2332,2.15872168464227e-09
"MRPS18C",9999,2333,2.15585632976242e-09
"TBCB",9999,2334,2.15522075584958e-09
"SMIM12",9999,2335,2.14781367992248e-09
"DDOST",9999,2336,2.13997046513253e-09
"C1GALT1C1",9999,2337,2.13625436842126e-09
"ZRANB2",9999,2338,2.12976067528922e-09
"EFCAB14",9999,2339,2.12533692124356e-09
"RNF7",9999,2340,2.12507843345632e-09
"MARCKS",9999,2341,2.11483374406588e-09
"ESRP1",9999,2342,2.1134376438479e-09
"IFITM3",9999,2343,2.10951510612505e-09
"ZFYVE21",9999,2344,2.10857841876714e-09
"STT3A",9999,2345,2.10824146310806e-09
"CCL15",9999,2346,2.10768580235593e-09
"IDH3G",9999,2347,2.10280895156217e-09
"PKP2",9999,2348,2.1015476036029e-09
"ERGIC1",9999,2349,2.1003278861085e-09
"CD99",9999,2350,2.09017263951746e-09
"MRPL42",9999,2351,2.07276499350803e-09
"UAP1",9999,2352,2.06622724935892e-09
"CAT",9999,2353,2.06530417410024e-09
"TTC38",9999,2354,2.05208983879465e-09
"OTUB1",9999,2355,2.05064764597001e-09
"PRDX5",9999,2356,2.04928492678386e-09
"SCOC",9999,2357,2.04527931974852e-09
"DPP3",9999,2358,2.04109871877807e-09
"ARHGAP32",9999,2359,2.03926611993659e-09
"TFRC",9999,2360,2.03841165471098e-09
"SSR1",9999,2361,2.03634269787994e-09
"PPCS",9999,2362,2.03230338654244e-09
"NUDT22",9999,2363,2.02136270435252e-09
"DAP",9999,2364,2.00995743552198e-09
"AES",9999,2365,2.00346613297911e-09
"NDUFS1",9999,2366,2.0012398147424e-09
"SUMO3",9999,2367,2.00038376936271e-09
"ITPR3",9999,2368,1.99869733136766e-09
"COMMD3",9999,2369,1.98765884656108e-09
"NDUFA7",9999,2370,1.98135338546528e-09
"TJP2",9999,2371,1.97796467676667e-09
"PCGF5",9999,2372,1.97351895478622e-09
"DHCR24",9999,2373,1.97339804181498e-09
"TSPAN13",9999,2374,1.97222030140884e-09
"RAB5C",9999,2375,1.95284674455765e-09
"ATOX1",9999,2376,1.9285702328802e-09
"MOB1A",9999,2377,1.9266145252535e-09
"NIPA2",9999,2378,1.91561930766251e-09
"LRRFIP2",9999,2379,1.90444875144343e-09
"ALKBH7",9999,2380,1.90135383143118e-09
"TM9SF3",9999,2381,1.89665472642053e-09
"PARL",9999,2382,1.89321349830416e-09
"MED4",9999,2383,1.88195791238611e-09
"FBXW5",9999,2384,1.88063875570836e-09
"DMBT1",9999,2385,1.88016398703881e-09
"PRKAR2A",9999,2386,1.87690646779167e-09
"CAND1",9999,2387,1.87484546037403e-09
"ADI1",9999,2388,1.8746782319402e-09
"POF1B",9999,2389,1.86486213742048e-09
"RARRES1",9999,2390,1.8639471660998e-09
"NPC2",9999,2391,1.85128309723248e-09
"UBE2J1",9999,2392,1.84525584009189e-09
"EWSR1",9999,2393,1.83658652437146e-09
"SUPT5H",9999,2394,1.83385558773452e-09
"KRTCAP2",9999,2395,1.83358121126412e-09
"AP3D1",9999,2396,1.83085604691379e-09
"TMEM98",9999,2397,1.80992629944195e-09
"CMTM4",9999,2398,1.80949022061792e-09
"C22orf39",9999,2399,1.80902390021316e-09
"HEXB",9999,2400,1.78470102036877e-09
"TRAF7",9999,2401,1.77010092376007e-09
"SLC37A1",9999,2402,1.76491661219629e-09
"MAPK13",9999,2403,1.76317321144509e-09
"ARRDC1",9999,2404,1.75498732254738e-09
"EBAG9",9999,2405,1.75498227603765e-09
"SNW1",9999,2406,1.74887064715258e-09
"HEXA",9999,2407,1.74712328946275e-09
"YWHAB",9999,2408,1.74196319027943e-09
"ACOT13",9999,2409,1.73976132288057e-09
"COPB2",9999,2410,1.73283645535632e-09
"MPDU1",9999,2411,1.73224968707206e-09
"DDAH2",9999,2412,1.73084844195459e-09
"ATP6V1F",9999,2413,1.72628382529691e-09
"SUGT1",9999,2414,1.71727171552964e-09
"ACADVL",9999,2415,1.7161328436503e-09
"SNX17",9999,2416,1.70953187711094e-09
"VDAC1",9999,2417,1.7009047734647e-09
"COA1",9999,2418,1.69385115438373e-09
"ZNF706",9999,2419,1.6854334398344e-09
"HSPA5",9999,2420,1.68400824026882e-09
"NARF",9999,2421,1.66654606705123e-09
"FAM120AOS",9999,2422,1.66379277164017e-09
"UBE2M",9999,2423,1.66242620025739e-09
"EIF1",9999,2424,1.65430152182182e-09
"SRP19",9999,2425,1.64848356715703e-09
"BABAM1",9999,2426,1.64485373754554e-09
"SYAP1",9999,2427,1.64278104060792e-09
"HADH",9999,2428,1.64243589866207e-09
"PSMD11",9999,2429,1.64180229536417e-09
"HMGCL",9999,2430,1.63553076999576e-09
"BAZ1A",9999,2431,1.63223822445667e-09
"VAMP2",9999,2432,1.62520091098396e-09
"KIF5B",9999,2433,1.60548787321735e-09
"NSFL1C",9999,2434,1.5972967093264e-09
"POLR2K",9999,2435,1.5930469679497e-09
"ZMAT2",9999,2436,1.59232189857256e-09
"UROS",9999,2437,1.58756525820206e-09
"SI",9999,2438,1.56959049344077e-09
"SLC39A3",9999,2439,1.56379089579266e-09
"TMEM134",9999,2440,1.55953505610096e-09
"MAPK1",9999,2441,1.55498658821473e-09
"NACA2",9999,2442,1.554913600238e-09
"RRAGA",9999,2443,1.5504074255823e-09
"GDE1",9999,2444,1.55005061562835e-09
"DCAF11",9999,2445,1.54881303151785e-09
"PSMA4",9999,2446,1.5419554544642e-09
"FAM213B",9999,2447,1.54162960408564e-09
"THOP1",9999,2448,1.53884259938985e-09
"GMFB",9999,2449,1.53197375266356e-09
"RPN2",9999,2450,1.53155976087451e-09
"CITED2",9999,2451,1.53085344731925e-09
"ARCN1",9999,2452,1.52722514420224e-09
"CCNC",9999,2453,1.52622382564811e-09
"HRAS",9999,2454,1.51767227071846e-09
"TSR3",9999,2455,1.49750122473502e-09
"VCP",9999,2456,1.49646309034519e-09
"COX14",9999,2457,1.49362310721263e-09
"BAG1",9999,2458,1.4870827938647e-09
"LRPAP1",9999,2459,1.485202231551e-09
"TM2D1",9999,2460,1.48034079355639e-09
"ATP6V0E1",9999,2461,1.47538088017401e-09
"SDF4",9999,2462,1.47029024166346e-09
"CIR1",9999,2463,1.46788838570092e-09
"CLCA1",9999,2464,1.4609649544407e-09
"EID1",9999,2465,1.45609656093865e-09
"MRPS10",9999,2466,1.44761198769407e-09
"PSMC1",9999,2467,1.44731753865949e-09
"THOC2",9999,2468,1.44612347089549e-09
"ATP6AP1",9999,2469,1.44516399448786e-09
"STX4",9999,2470,1.43476520515059e-09
"ALDH3A2",9999,2471,1.43162312197375e-09
"DCTN2",9999,2472,1.42782300586177e-09
"UNC50",9999,2473,1.42452901574473e-09
"MAPK1IP1L",9999,2474,1.42234633475321e-09
"ASAH1",9999,2475,1.40774996151364e-09
"SPR",9999,2476,1.39804731411244e-09
"SGSM3",9999,2477,1.39578328715568e-09
"ARPC4",9999,2478,1.37678406077585e-09
"TRAM1",9999,2479,1.37202984219019e-09
"ANXA7",9999,2480,1.37134487888598e-09
"IK",9999,2481,1.36975112707746e-09
"C9orf78",9999,2482,1.36460829983604e-09
"PRMT2",9999,2483,1.3633404314997e-09
"MAP3K11",9999,2484,1.35490828102785e-09
"C12orf75",9999,2485,1.35360867486038e-09
"HNRNPH2",9999,2486,1.35343228421848e-09
"HSPB11",9999,2487,1.35077057454872e-09
"MTPN",9999,2488,1.35052376290624e-09
"SERP1",9999,2489,1.34891707954382e-09
"DECR1",9999,2490,1.34855998420072e-09
"PGRMC1",9999,2491,1.34644101545588e-09
"MAGT1",9999,2492,1.34040610705546e-09
"RAB2A",9999,2493,1.33805842810446e-09
"CD2BP2",9999,2494,1.33573150479158e-09
"RAB8A",9999,2495,1.33376973987531e-09
"PRADC1",9999,2496,1.32386251213203e-09
"TNFRSF12A",9999,2497,1.32086148994147e-09
"EZR",9999,2498,1.3145917110815e-09
"ZNF622",9999,2499,1.31217741571701e-09
"CDH1",9999,2500,1.30958774859479e-09
"SPAG16",9999,2501,1.30750490821592e-09
"TUSC2",9999,2502,1.30484236872718e-09
"ERLEC1",9999,2503,1.29527938715188e-09
"MPHOSPH8",9999,2504,1.29233452716515e-09
"DPCD",9999,2505,1.29196705212312e-09
"TSEN34",9999,2506,1.28482043278705e-09
"CPNE3",9999,2507,1.27950752606817e-09
"HMGCS1",9999,2508,1.27757080880078e-09
"CDS1",9999,2509,1.27540195103362e-09
"SLC38A1",9999,2510,1.27129765068457e-09
"MVB12A",9999,2511,1.26551170378487e-09
"SPINK4",9999,2512,1.25980198659128e-09
"EPS8",9999,2513,1.24766054743526e-09
"DNAJC1",9999,2514,1.24078746581817e-09
"MTRNR2L3",9999,2515,1.23752303357767e-09
"MRPL35",9999,2516,1.23589675811641e-09
"HSBP1",9999,2517,1.22912678031997e-09
"NXPE4",9999,2518,1.21314032222341e-09
"APOPT1",9999,2519,1.21313018786334e-09
"GALM",9999,2520,1.21154314042312e-09
"MGAT1",9999,2521,1.20613456089056e-09
"TRAPPC3",9999,2522,1.20405451632005e-09
"RNPEPL1",9999,2523,1.20375157682047e-09
"GOT2",9999,2524,1.19177106744517e-09
"NOSIP",9999,2525,1.18971368600346e-09
"RNF145",9999,2526,1.17729113042073e-09
"SDC1",9999,2527,1.17685833519086e-09
"MLF2",9999,2528,1.1650417263675e-09
"TBRG4",9999,2529,1.15101459749073e-09
"USP14",9999,2530,1.1504682556104e-09
"STRAP",9999,2531,1.14865949756584e-09
"BCAS2",9999,2532,1.13833668848735e-09
"MT2A",9999,2533,1.13485764431378e-09
"CTDNEP1",9999,2534,1.1333236300832e-09
"SEPT11",9999,2535,1.12840855438621e-09
"TOMM5",9999,2536,1.12391682586116e-09
"WDR13",9999,2537,1.12330164817477e-09
"CYHR1",9999,2538,1.11904437983982e-09
"NFE2L2",9999,2539,1.10645500962076e-09
"MPLKIP",9999,2540,1.10203463904076e-09
"NDUFA3",9999,2541,1.09942244325401e-09
"ENY2",9999,2542,1.09664946356379e-09
"TMEM11",9999,2543,1.0847323855761e-09
"NAE1",9999,2544,1.08441717193587e-09
"EXOSC1",9999,2545,1.08242193082087e-09
"TMEM219",9999,2546,1.08108003031234e-09
"HOXB7",9999,2547,1.06765618219479e-09
"SLC7A1",9999,2548,1.06037168720259e-09
"RTCB",9999,2549,1.05960804620194e-09
"TXN",9999,2550,1.0430570740259e-09
"XPNPEP1",9999,2551,1.03157737098721e-09
"SPCS3",9999,2552,1.02603761204119e-09
"CCS",9999,2553,1.02358257865013e-09
"SCD",9999,2554,1.01983230596802e-09
"CS",9999,2555,1.01299666613155e-09
"FAM50A",9999,2556,1.01240857944419e-09
"RWDD1",9999,2557,1.01002054759934e-09
"ITGA3",9999,2558,1.00369032350818e-09
"HSBP1L1",9999,2559,1.00326726220037e-09
"PSMG2",9999,2560,1.00075943245855e-09
"NDUFA4",9999,2561,9.96325122040786e-10
"PSMD3",9999,2562,9.8947144320687e-10
"TMA7",9999,2563,9.83903335703144e-10
"EXOSC7",9999,2564,9.75761822411513e-10
"ITGB1",9999,2565,9.69223230500782e-10
"PLSCR1",9999,2566,9.67824216261987e-10
"GAK",9999,2567,9.59155425058755e-10
"MORF4L2",9999,2568,9.48788563924763e-10
"NARS",9999,2569,9.43463835739278e-10
"SYPL1",9999,2570,9.3941667765655e-10
"SIAE",9999,2571,9.38556006661434e-10
"LETM1",9999,2572,9.19283209163576e-10
"UBE2N",9999,2573,9.12970797489e-10
"NMT1",9999,2574,9.11772064755735e-10
"SYNGR2",9999,2575,9.06055594544308e-10
"DEFA6",9999,2576,9.00393752597283e-10
"CDCP1",9999,2577,8.93040026850677e-10
"PDHA1",9999,2578,8.78337996226808e-10
"TCEA3",9999,2579,8.73825647878152e-10
"CDK5RAP3",9999,2580,8.58609652532415e-10
"FAM32A",9999,2581,8.57034741964505e-10
"PSAT1",9999,2582,8.52666896671535e-10
"EPHX2",9999,2583,8.52380226984273e-10
"HERPUD1",9999,2584,8.46117497994939e-10
"HLA-C",9999,2585,8.42058690858086e-10
"ANAPC16",9999,2586,8.42050975860579e-10
"RTN4",9999,2587,8.32250308051821e-10
"FAAH",9999,2588,8.30408905865495e-10
"ALDH1A1",9999,2589,8.3016023850309e-10
"TBCA",9999,2590,8.28712310686698e-10
"NT5C",9999,2591,8.28068859577332e-10
"COA6",9999,2592,8.27664860149952e-10
"ERGIC3",9999,2593,8.27064781287516e-10
"PLBD1",9999,2594,8.23627169818202e-10
"SOD1",9999,2595,8.23320458061343e-10
"GRSF1",9999,2596,8.21493380524017e-10
"AIMP1",9999,2597,8.14056773333552e-10
"VIL1",9999,2598,8.09095735367089e-10
"TALDO1",9999,2599,8.00714872209873e-10
"C6orf203",9999,2600,7.94353338195551e-10
"UBE2F",9999,2601,7.92502730017288e-10
"RPF1",9999,2602,7.89412464723719e-10
"SCAMP2",9999,2603,7.86594189048346e-10
"SMIM4",9999,2604,7.72660642899524e-10
"PSME1",9999,2605,7.6778435994914e-10
"YIPF3",9999,2606,7.6686032126458e-10
"ARHGDIB",9999,2607,7.62314287314156e-10
"MRPL50",9999,2608,7.57288364998295e-10
"TMEM126B",9999,2609,7.38877702330927e-10
"YIPF6",9999,2610,7.22846392263779e-10
"TMEM33",9999,2611,7.20432218344133e-10
"UQCRC2",9999,2612,7.16411529109705e-10
"H3F3B",9999,2613,7.07782576604242e-10
"CWC15",9999,2614,7.06483888701725e-10
"HINT1",9999,2615,6.98642181975018e-10
"TP53I11",9999,2616,6.96937454838297e-10
"DNTTIP1",9999,2617,6.96276058031421e-10
"LTBR",9999,2618,6.95257398296411e-10
"MAGED2",9999,2619,6.93892323333565e-10
"PTPRK",9999,2620,6.9238298753231e-10
"CYB5B",9999,2621,6.86577600301193e-10
"CETN2",9999,2622,6.78763550037564e-10
"RARS",9999,2623,6.69411412942293e-10
"LSM12",9999,2624,6.62606159697118e-10
"CNIH1",9999,2625,6.55988723650563e-10
"PTOV1",9999,2626,6.52317870640974e-10
"SUCLG2",9999,2627,6.49718933729128e-10
"TMEM258",9999,2628,6.46616124588429e-10
"PPP1CA",9999,2629,6.37492998172508e-10
"TMED10",9999,2630,6.3173114695093e-10
"COX5B",9999,2631,6.31524513642771e-10
"TIMMDC1",9999,2632,6.29075521090543e-10
"CNIH4",9999,2633,6.28970033459953e-10
"PSMC6",9999,2634,6.25803752270872e-10
"DYNC1I2",9999,2635,6.20557373491593e-10
"RAB5A",9999,2636,6.02705437074685e-10
"HPS1",9999,2637,6.02647720972132e-10
"PSME3",9999,2638,5.9622692102464e-10
"GUSB",9999,2639,5.91194520904535e-10
"TMEM126A",9999,2640,5.89796899176988e-10
"NTPCR",9999,2641,5.89306389339164e-10
"AP2M1",9999,2642,5.89145204103941e-10
"ECI2",9999,2643,5.81869017677433e-10
"MRPS36",9999,2644,5.80602491343094e-10
"BIK",9999,2645,5.79835723205996e-10
"SIGIRR",9999,2646,5.73832537564165e-10
"REEP5",9999,2647,5.71182754819995e-10
"PTPN18",9999,2648,5.66690611373672e-10
"TSTD1",9999,2649,5.57029893704945e-10
"PSMA1",9999,2650,5.54626107988871e-10
"MDK",9999,2651,5.52095079113727e-10
"C8orf33",9999,2652,5.42026028612149e-10
"DNAJC10",9999,2653,5.40894255855476e-10
"COX8A",9999,2654,5.34458852173696e-10
"GNB2",9999,2655,5.2996198933816e-10
"MAP2K3",9999,2656,5.21898150073869e-10
"TOP1",9999,2657,5.13276430915698e-10
"AUNIP",9999,2658,5.12192966903483e-10
"CEBPB",9999,2659,5.07296733699791e-10
"MT1G",9999,2660,4.89445115803733e-10
"SMIM15",9999,2661,4.89410185285561e-10
"ARFIP2",9999,2662,4.88431046724562e-10
"MFF",9999,2663,4.87392659013221e-10
"BDH1",9999,2664,4.78028695375138e-10
"LCMT1",9999,2665,4.71584260412468e-10
"ARPC1A",9999,2666,4.68973770315771e-10
"TXNL1",9999,2667,4.67208461041579e-10
"PPDPF",9999,2668,4.6450878213344e-10
"SMIM7",9999,2669,4.61038599507923e-10
"RABGGTB",9999,2670,4.53543331600818e-10
"ILVBL",9999,2671,4.50971219301449e-10
"CALR",9999,2672,4.5070702808942e-10
"LARP7",9999,2673,4.34845089501839e-10
"SFT2D1",9999,2674,4.34630944281338e-10
"LGMN",9999,2675,4.34614512611493e-10
"TRAF4",9999,2676,4.33970895405131e-10
"UQCRQ",9999,2677,4.31844903291343e-10
"PFKL",9999,2678,4.27643463555601e-10
"DDX1",9999,2679,4.26533000868733e-10
"ALDH9A1",9999,2680,4.26136890290287e-10
"COX6B1",9999,2681,4.24392134895329e-10
"NEMF",9999,2682,4.23444052910617e-10
"NDRG2",9999,2683,4.20684316203639e-10
"DAP3",9999,2684,4.20594080938302e-10
"UQCR10",9999,2685,4.1405714688081e-10
"COX7B",9999,2686,4.12946179178519e-10
"RABL6",9999,2687,4.07960785898302e-10
"TMEM256",9999,2688,4.07384430867397e-10
"PSMB8",9999,2689,4.02667834592856e-10
"TMED2",9999,2690,3.98817245270147e-10
"PCK2",9999,2691,3.94211565033536e-10
"E2F4",9999,2692,3.89843489049916e-10
"RSBN1L",9999,2693,3.88831016535717e-10
"BRK1",9999,2694,3.87733612423374e-10
"CSRP1",9999,2695,3.85536341391128e-10
"CNDP2",9999,2696,3.85175102131776e-10
"SUMO1",9999,2697,3.80908673023979e-10
"DHPS",9999,2698,3.77289502920684e-10
"ASNA1",9999,2699,3.73783942551968e-10
"DNPEP",9999,2700,3.7369751892839e-10
"DLD",9999,2701,3.73105633030797e-10
"TSN",9999,2702,3.60310380383088e-10
"APLP2",9999,2703,3.5664950401821e-10
"SAT2",9999,2704,3.56632579556468e-10
"DAZAP2",9999,2705,3.5503891130943e-10
"MRPS5",9999,2706,3.53367351379057e-10
"UBXN1",9999,2707,3.53169245993133e-10
"IFITM2",9999,2708,3.52777046265658e-10
"CHCHD7",9999,2709,3.50052523068608e-10
"CREB3L1",9999,2710,3.4639938939863e-10
"MSMO1",9999,2711,3.45811325342214e-10
"ZC3H15",9999,2712,3.42320393637131e-10
"AKT1",9999,2713,3.40398434883887e-10
"ARL1",9999,2714,3.39743802491693e-10
"UQCR11",9999,2715,3.28174920332514e-10
"CLTC",9999,2716,3.26333169374692e-10
"ANAPC13",9999,2717,3.22621168825916e-10
"PSMF1",9999,2718,3.18649984386963e-10
"ITLN1",9999,2719,3.1818633068695e-10
"PEF1",9999,2720,3.15145225790355e-10
"CLPTM1L",9999,2721,3.11731276458365e-10
"SAFB",9999,2722,3.11629983002417e-10
"ARHGDIA",9999,2723,3.10539437209341e-10
"RALY",9999,2724,3.07897126869369e-10
"CPT1A",9999,2725,3.07573332613562e-10
"U2AF2",9999,2726,3.06420102573956e-10
"RDH11",9999,2727,3.02694927502832e-10
"LPGAT1",9999,2728,2.99213098100003e-10
"RAD23B",9999,2729,2.97004691644233e-10
"CHCHD1",9999,2730,2.93874497418069e-10
"CSNK1D",9999,2731,2.91332607450898e-10
"BSG",9999,2732,2.88394410777949e-10
"COQ2",9999,2733,2.88085318274161e-10
"IMMT",9999,2734,2.8648831975774e-10
"SNX7",9999,2735,2.7890814104254e-10
"FUCA2",9999,2736,2.76681399820855e-10
"NUDT16",9999,2737,2.76172628680238e-10
"NDUFS4",9999,2738,2.75655738434449e-10
"SRD5A3",9999,2739,2.75486176059597e-10
"ORMDL1",9999,2740,2.69452050557926e-10
"NSMCE4A",9999,2741,2.66218660443784e-10
"HYOU1",9999,2742,2.65907691310818e-10
"PPP1R7",9999,2743,2.64699613056359e-10
"CDX2",9999,2744,2.63408899400553e-10
"MAEA",9999,2745,2.5781940054079e-10
"DDB1",9999,2746,2.56910271053239e-10
"MCTS1",9999,2747,2.56494402080138e-10
"ZBTB7A",9999,2748,2.54488500183301e-10
"CEBPD",9999,2749,2.51410213336825e-10
"TTC1",9999,2750,2.50888675027597e-10
"FDX1",9999,2751,2.48786693540073e-10
"PGD",9999,2752,2.47571110457023e-10
"EML4",9999,2753,2.46994262208774e-10
"BAG6",9999,2754,2.42526836790698e-10
"NCBP2",9999,2755,2.42173309445579e-10
"RFXANK",9999,2756,2.4016084536789e-10
"MFSD10",9999,2757,2.38009289015954e-10
"HLA-DRB5",9999,2758,2.34556221181591e-10
"ATP2A2",9999,2759,2.34289240418373e-10
"PGAM1",9999,2760,2.32434530687579e-10
"RAB32",9999,2761,2.3104358696071e-10
"CHMP3",9999,2762,2.29597459579669e-10
"PCBP1",9999,2763,2.29068900071009e-10
"SMAGP",9999,2764,2.18900760474591e-10
"MCFD2",9999,2765,2.18814118229952e-10
"DCTN3",9999,2766,2.09649635035354e-10
"PSMD1",9999,2767,2.07653119079051e-10
"GOLGA3",9999,2768,2.06085443734394e-10
"PDZD11",9999,2769,2.0173297284488e-10
"SDHC",9999,2770,2.00893915922015e-10
"ETF1",9999,2771,1.97437891835517e-10
"PNP",9999,2772,1.94481435464943e-10
"LYPLA1",9999,2773,1.91098782450858e-10
"SEC23B",9999,2774,1.90750913393445e-10
"IDH1",9999,2775,1.87546963767204e-10
"GTF2H5",9999,2776,1.86965481262687e-10
"COMMD1",9999,2777,1.84577708629652e-10
"CCDC25",9999,2778,1.83633258665523e-10
"VTI1B",9999,2779,1.81372285617824e-10
"DYNLRB1",9999,2780,1.80118998648074e-10
"ATP1A1",9999,2781,1.79254311181895e-10
"NDUFV3",9999,2782,1.75081236933972e-10
"SKP1",9999,2783,1.74823580967903e-10
"IFT27",9999,2784,1.73812894513161e-10
"UBB",9999,2785,1.73096940461656e-10
"GLOD4",9999,2786,1.70633236985206e-10
"EPN1",9999,2787,1.70630059868013e-10
"PIGF",9999,2788,1.6840219168485e-10
"LGALS2",9999,2789,1.65984777460415e-10
"C6orf136",9999,2790,1.64551677729788e-10
"SLC39A7",9999,2791,1.64358602914819e-10
"RNF10",9999,2792,1.64332552196742e-10
"MT1X",9999,2793,1.62297421411651e-10
"ERN2",9999,2794,1.62255685121381e-10
"CCL23",9999,2795,1.55681408344106e-10
"COPZ1",9999,2796,1.55574711893083e-10
"NMI",9999,2797,1.47137242090478e-10
"ZFAND6",9999,2798,1.46862104562641e-10
"GJB1",9999,2799,1.46795782220924e-10
"MUC5B",9999,2800,1.46260081383364e-10
"TAF10",9999,2801,1.45432479748132e-10
"TAP2",9999,2802,1.45117881011679e-10
"SNX3",9999,2803,1.41197553220164e-10
"ADSS",9999,2804,1.38911219012488e-10
"RHOA",9999,2805,1.37723049476351e-10
"DPM3",9999,2806,1.34698995646072e-10
"OST4",9999,2807,1.34580095695155e-10
"UBXN4",9999,2808,1.32201635396077e-10
"LAMTOR2",9999,2809,1.30453974554401e-10
"DNAJC7",9999,2810,1.2844063487239e-10
"CYCS",9999,2811,1.28247900039779e-10
"NDUFA2",9999,2812,1.25637560870748e-10
"BAD",9999,2813,1.25157488624249e-10
"CANT1",9999,2814,1.23630916930463e-10
"PIGT",9999,2815,1.23217760070024e-10
"CTNNBIP1",9999,2816,1.2313689617701e-10
"ZBTB8OS",9999,2817,1.22629101586915e-10
"GOT1",9999,2818,1.18860107478352e-10
"IFI27L2",9999,2819,1.18830666292831e-10
"PNPLA4",9999,2820,1.17403019264507e-10
"YIPF4",9999,2821,1.14980103374266e-10
"LEPROTL1",9999,2822,1.12327402882469e-10
"EPB41L2",9999,2823,1.10108412551669e-10
"TMEM14A",9999,2824,1.0796280681242e-10
"TAPBPL",9999,2825,1.07311770186655e-10
"PGLS",9999,2826,1.0710237494341e-10
"ISCA2",9999,2827,1.06112062407415e-10
"ATP2C1",9999,2828,1.05183214113951e-10
"TRPM4",9999,2829,1.03316854700329e-10
"PGM1",9999,2830,1.02743685961192e-10
"SAP30BP",9999,2831,1.02703452156943e-10
"EMP2",9999,2832,1.01868855799956e-10
"SDHD",9999,2833,9.87711225775747e-11
"ZFAND2B",9999,2834,9.87696291561673e-11
"FOXA3",9999,2835,9.63557364512233e-11
"CASP6",9999,2836,9.39137779521341e-11
"TSPAN15",9999,2837,9.32029813036023e-11
"AP3S1",9999,2838,8.6789892883771e-11
"ARF5",9999,2839,8.59013404974529e-11
"ZNRD1",9999,2840,8.43163058124809e-11
"DERL2",9999,2841,8.11261962985579e-11
"PPP1R16A",9999,2842,8.05433418403578e-11
"TMEM50B",9999,2843,7.99925255849542e-11
"DERL1",9999,2844,7.6058420305209e-11
"AKR1A1",9999,2845,7.58557936539593e-11
"SIL1",9999,2846,7.56251182710145e-11
"SURF1",9999,2847,7.52540016302218e-11
"RAB1B",9999,2848,7.36171303655822e-11
"AAMDC",9999,2849,7.01697611070142e-11
"EIF4E2",9999,2850,6.26564166599856e-11
"DCTN6",9999,2851,6.25317823490381e-11
"ILK",9999,2852,6.15523229118544e-11
"DRAM2",9999,2853,6.04908664733264e-11
"EAPP",9999,2854,5.98402756154228e-11
"ACAT1",9999,2855,5.96596590317076e-11
"SEPHS2",9999,2856,5.96014242497803e-11
"LSM1",9999,2857,5.84772360445421e-11
"GORASP2",9999,2858,5.8471038487346e-11
"ATP6AP2",9999,2859,5.77807913603756e-11
"GNAI3",9999,2860,5.74128679312967e-11
"MOB4",9999,2861,5.69742787837531e-11
"CNPPD1",9999,2862,5.65647825069384e-11
"MMADHC",9999,2863,5.58374407321662e-11
"LAMP1",9999,2864,5.54877276377473e-11
"SDHA",9999,2865,5.51814746440212e-11
"SLC35A1",9999,2866,5.51306596479389e-11
"ZCCHC10",9999,2867,5.44671562777989e-11
"CHMP1A",9999,2868,5.43548960685341e-11
"LACTB2",9999,2869,5.42567408797279e-11
"C9orf152",9999,2870,5.28134863256935e-11
"PGRMC2",9999,2871,5.00932361035647e-11
"NDUFB5",9999,2872,5.00172368462221e-11
"MCUR1",9999,2873,4.86086818191068e-11
"LGALS3BP",9999,2874,4.85011893087166e-11
"AP1M2",9999,2875,4.84350943916188e-11
"SRP54",9999,2876,4.75930918350112e-11
"CREB3",9999,2877,4.63708127059558e-11
"SLC39A5",9999,2878,4.59521665569011e-11
"TMEM170A",9999,2879,4.50400558186365e-11
"MARVELD3",9999,2880,4.33040519390448e-11
"ARF1",9999,2881,4.33021268650003e-11
"NEU4",9999,2882,4.27651812822165e-11
"CDC26",9999,2883,4.22076870451815e-11
"HMGCR",9999,2884,4.01627638901331e-11
"ZMPSTE24",9999,2885,3.99042227855395e-11
"PYGB",9999,2886,3.94199828377552e-11
"FKBP8",9999,2887,3.85960031236311e-11
"SCCPDH",9999,2888,3.82531456367088e-11
"AIFM1",9999,2889,3.76673223444421e-11
"DERA",9999,2890,3.60650773947432e-11
"FASTK",9999,2891,3.47962665311426e-11
"FLII",9999,2892,3.39451113279037e-11
"LYPLA2",9999,2893,3.36659894685705e-11
"ZNF326",9999,2894,3.31828024451049e-11
"EIF4E",9999,2895,3.1751188358331e-11
"SCFD1",9999,2896,3.14684724372155e-11
"FLOT1",9999,2897,3.05869260493086e-11
"UBE2J2",9999,2898,3.05665600777892e-11
"CCDC47",9999,2899,3.05310170770155e-11
"UFC1",9999,2900,2.80811669881008e-11
"GSS",9999,2901,2.79936924787706e-11
"RAB11B",9999,2902,2.7872670718301e-11
"TMEM259",9999,2903,2.7802525689482e-11
"SZRD1",9999,2904,2.77286725604149e-11
"ADH5",9999,2905,2.76839810201577e-11
"PCK1",9999,2906,2.7578713590485e-11
"NAPA",9999,2907,2.75359773468591e-11
"CEBPA",9999,2908,2.72298998805986e-11
"TMEM248",9999,2909,2.70446119935312e-11
"HARS",9999,2910,2.67428495233789e-11
"SAR1A",9999,2911,2.66175652353451e-11
"NFU1",9999,2912,2.49844409782178e-11
"MTRNR2L1",9999,2913,2.3816359387422e-11
"CYB561",9999,2914,2.35310902047527e-11
"MCRS1",9999,2915,2.30036550664816e-11
"POLR3GL",9999,2916,2.29125221518814e-11
"OCIAD1",9999,2917,2.28983637188633e-11
"PSMB4",9999,2918,2.28561753210224e-11
"COMMD7",9999,2919,2.25231654644979e-11
"TMED4",9999,2920,2.07918778929176e-11
"UBE2E1",9999,2921,2.06630461924939e-11
"CC2D1A",9999,2922,2.02465836648833e-11
"SPAG7",9999,2923,1.90972746288045e-11
"LLPH",9999,2924,1.89025703760351e-11
"ESRRA",9999,2925,1.88779435590169e-11
"MPG",9999,2926,1.86877857930841e-11
"TRABD",9999,2927,1.86527901992689e-11
"CHTOP",9999,2928,1.86026112844405e-11
"IDI1",9999,2929,1.84254476950991e-11
"DHX29",9999,2930,1.82399442520110e-11
"COASY",9999,2931,1.74769509065274e-11
"ABT1",9999,2932,1.74031714844728e-11
"SHARPIN",9999,2933,1.73202283708729e-11
"TNIP2",9999,2934,1.71850389112461e-11
"UBE2D2",9999,2935,1.69514979974366e-11
"SREK1",9999,2936,1.65822165184794e-11
"HNRNPUL2",9999,2937,1.61006022112455e-11
"COPS5",9999,2938,1.59851141207339e-11
"PFDN1",9999,2939,1.56829846589188e-11
"HIBCH",9999,2940,1.52729046107415e-11
"TMX1",9999,2941,1.51860937741341e-11
"HOOK2",9999,2942,1.46194630412123e-11
"AP2B1",9999,2943,1.45432526608739e-11
"RNF167",9999,2944,1.44160279317169e-11
"PIGP",9999,2945,1.42255318560787e-11
"POLR2C",9999,2946,1.41783915833879e-11
"OS9",9999,2947,1.35024033285083e-11
"SLC38A10",9999,2948,1.34740808356171e-11
"MED10",9999,2949,1.34575216278914e-11
"SDF2",9999,2950,1.34547173181869e-11
"PMPCB",9999,2951,1.28437535839094e-11
"SUB1",9999,2952,1.26471755164174e-11
"ECHDC1",9999,2953,1.25848004756404e-11
"ACSL3",9999,2954,1.22270238453682e-11
"ENTPD6",9999,2955,1.2133326302711e-11
"SUPT4H1",9999,2956,1.21287675288679e-11
"IFT20",9999,2957,1.1897379535071e-11
"EMC8",9999,2958,1.18855409105042e-11
"IAH1",9999,2959,1.18213434821278e-11
"SNRPB2",9999,2960,1.15477667120289e-11
"DBNL",9999,2961,1.15006670848785e-11
"C1orf43",9999,2962,1.10511452396885e-11
"ZNHIT3",9999,2963,1.00097984297887e-11
"ELOF1",9999,2964,9.90794583916821e-12
"TADA3",9999,2965,9.82368685312887e-12
"IER3IP1",9999,2966,9.77173603284949e-12
"HTATSF1",9999,2967,9.56557895133854e-12
"PPP2CA",9999,2968,9.23765235697531e-12
"ACO2",9999,2969,8.61425687077379e-12
"GGNBP2",9999,2970,8.28718090256827e-12
"NADK",9999,2971,8.14288801458195e-12
"SSU72",9999,2972,8.12918866966675e-12
"POLR2J",9999,2973,8.00335359450977e-12
"DYNLL2",9999,2974,7.09148120473604e-12
"APMAP",9999,2975,7.01963427197952e-12
"MED28",9999,2976,6.73016382236746e-12
"EGLN2",9999,2977,6.5427542979822e-12
"FKBP1A",9999,2978,6.21137017423798e-12
"KEAP1",9999,2979,5.66948872234239e-12
"HSPA4",9999,2980,5.57116983980068e-12
"COQ9",9999,2981,5.40446177917508e-12
"IRF3",9999,2982,5.2161363879038e-12
"MTX2",9999,2983,5.18805743168209e-12
"TCEAL8",9999,2984,4.90939050359082e-12
"RHOT2",9999,2985,4.90496045378484e-12
"MGAT2",9999,2986,4.8872198789249e-12
"ARSE",9999,2987,2.94481307002208e-12
"DEFA5",9999,2988,2.07828406412201e-12
"GID8",9999,2989,1.97918095334703e-12
"PPP6C",9999,2990,1.6786638108703e-12
"THAP4",9999,2991,1.04050522498366e-12
"NCLN",9999,2992,7.85130470497765e-13
"SLC30A9",9999,2993,4.35489903533393e-13
"DSTN",9999,2994,3.50670139018558e-13
"TSSC4",9999,2995,1.15534712915027e-13
"HSD17B4",9999,2996,2.62913208747205e-14
"CLPTM1",9999,2997,9.87788670355648e-17
"RNF5",9999,2998,9.87243934290214e-17
"CAMTA1",9999,2999,8.0571182317963e-17
"SF3B4",9999,3000,5.9098305879935e-17
"FAM192A",9999,3001,3.28702634431797e-17
"TMEM183A",9999,3002,1.27821028946199e-17
"GTF2A2",9999,3003,1.04632175713168e-17
